[2026-04-30T08:41:06.943+0000] {processor.py:161} INFO - Started process (PID=90) to work on /opt/airflow/dags/nyc_fhv_ingestion.py
[2026-04-30T08:41:06.946+0000] {processor.py:830} INFO - Processing file /opt/airflow/dags/nyc_fhv_ingestion.py for tasks to queue
[2026-04-30T08:41:06.955+0000] {logging_mixin.py:188} INFO - [2026-04-30T08:41:06.954+0000] {dagbag.py:545} INFO - Filling up the DagBag from /opt/airflow/dags/nyc_fhv_ingestion.py
[2026-04-30T08:41:07.250+0000] {processor.py:840} INFO - DAG(s) 'nyc_fhv_ingestion' retrieved from /opt/airflow/dags/nyc_fhv_ingestion.py
[2026-04-30T08:41:07.835+0000] {logging_mixin.py:188} INFO - [2026-04-30T08:41:07.833+0000] {override.py:1829} INFO - Created Permission View: can read on DAG:nyc_fhv_ingestion
[2026-04-30T08:41:07.868+0000] {logging_mixin.py:188} INFO - [2026-04-30T08:41:07.867+0000] {override.py:1829} INFO - Created Permission View: can edit on DAG:nyc_fhv_ingestion
[2026-04-30T08:41:07.893+0000] {logging_mixin.py:188} INFO - [2026-04-30T08:41:07.892+0000] {override.py:1829} INFO - Created Permission View: can delete on DAG:nyc_fhv_ingestion
[2026-04-30T08:41:07.900+0000] {logging_mixin.py:188} INFO - [2026-04-30T08:41:07.900+0000] {dag.py:3096} INFO - Sync 1 DAGs
[2026-04-30T08:41:08.007+0000] {logging_mixin.py:188} INFO - [2026-04-30T08:41:08.006+0000] {dag.py:3118} INFO - Creating ORM DAG for nyc_fhv_ingestion
[2026-04-30T08:41:08.023+0000] {logging_mixin.py:188} INFO - [2026-04-30T08:41:08.023+0000] {dag.py:3954} INFO - Setting next_dagrun for nyc_fhv_ingestion to None, run_after=None
[2026-04-30T08:41:08.130+0000] {processor.py:183} INFO - Processing /opt/airflow/dags/nyc_fhv_ingestion.py took 1.306 seconds
[2026-04-30T08:41:39.000+0000] {processor.py:161} INFO - Started process (PID=101) to work on /opt/airflow/dags/nyc_fhv_ingestion.py
[2026-04-30T08:41:39.001+0000] {processor.py:830} INFO - Processing file /opt/airflow/dags/nyc_fhv_ingestion.py for tasks to queue
[2026-04-30T08:41:39.005+0000] {logging_mixin.py:188} INFO - [2026-04-30T08:41:39.004+0000] {dagbag.py:545} INFO - Filling up the DagBag from /opt/airflow/dags/nyc_fhv_ingestion.py
[2026-04-30T08:41:39.034+0000] {processor.py:840} INFO - DAG(s) 'nyc_fhv_ingestion' retrieved from /opt/airflow/dags/nyc_fhv_ingestion.py
[2026-04-30T08:41:39.082+0000] {logging_mixin.py:188} INFO - [2026-04-30T08:41:39.082+0000] {dag.py:3096} INFO - Sync 1 DAGs
[2026-04-30T08:41:39.111+0000] {logging_mixin.py:188} INFO - [2026-04-30T08:41:39.110+0000] {dag.py:3954} INFO - Setting next_dagrun for nyc_fhv_ingestion to None, run_after=None
[2026-04-30T08:41:39.159+0000] {processor.py:183} INFO - Processing /opt/airflow/dags/nyc_fhv_ingestion.py took 0.168 seconds
[2026-04-30T08:42:10.044+0000] {processor.py:161} INFO - Started process (PID=112) to work on /opt/airflow/dags/nyc_fhv_ingestion.py
[2026-04-30T08:42:10.045+0000] {processor.py:830} INFO - Processing file /opt/airflow/dags/nyc_fhv_ingestion.py for tasks to queue
[2026-04-30T08:42:10.048+0000] {logging_mixin.py:188} INFO - [2026-04-30T08:42:10.048+0000] {dagbag.py:545} INFO - Filling up the DagBag from /opt/airflow/dags/nyc_fhv_ingestion.py
[2026-04-30T08:42:10.087+0000] {processor.py:840} INFO - DAG(s) 'nyc_fhv_ingestion' retrieved from /opt/airflow/dags/nyc_fhv_ingestion.py
[2026-04-30T08:42:10.130+0000] {logging_mixin.py:188} INFO - [2026-04-30T08:42:10.129+0000] {dag.py:3096} INFO - Sync 1 DAGs
[2026-04-30T08:42:10.152+0000] {logging_mixin.py:188} INFO - [2026-04-30T08:42:10.151+0000] {dag.py:3954} INFO - Setting next_dagrun for nyc_fhv_ingestion to None, run_after=None
[2026-04-30T08:42:10.182+0000] {processor.py:183} INFO - Processing /opt/airflow/dags/nyc_fhv_ingestion.py took 0.148 seconds
[2026-04-30T08:42:40.839+0000] {processor.py:161} INFO - Started process (PID=123) to work on /opt/airflow/dags/nyc_fhv_ingestion.py
[2026-04-30T08:42:40.840+0000] {processor.py:830} INFO - Processing file /opt/airflow/dags/nyc_fhv_ingestion.py for tasks to queue
[2026-04-30T08:42:40.844+0000] {logging_mixin.py:188} INFO - [2026-04-30T08:42:40.843+0000] {dagbag.py:545} INFO - Filling up the DagBag from /opt/airflow/dags/nyc_fhv_ingestion.py
[2026-04-30T08:42:40.884+0000] {processor.py:840} INFO - DAG(s) 'nyc_fhv_ingestion' retrieved from /opt/airflow/dags/nyc_fhv_ingestion.py
[2026-04-30T08:42:40.913+0000] {logging_mixin.py:188} INFO - [2026-04-30T08:42:40.913+0000] {dag.py:3096} INFO - Sync 1 DAGs
[2026-04-30T08:42:40.930+0000] {logging_mixin.py:188} INFO - [2026-04-30T08:42:40.930+0000] {dag.py:3954} INFO - Setting next_dagrun for nyc_fhv_ingestion to None, run_after=None
[2026-04-30T08:42:40.963+0000] {processor.py:183} INFO - Processing /opt/airflow/dags/nyc_fhv_ingestion.py took 0.133 seconds
[2026-04-30T08:43:11.802+0000] {processor.py:161} INFO - Started process (PID=134) to work on /opt/airflow/dags/nyc_fhv_ingestion.py
[2026-04-30T08:43:11.804+0000] {processor.py:830} INFO - Processing file /opt/airflow/dags/nyc_fhv_ingestion.py for tasks to queue
[2026-04-30T08:43:11.809+0000] {logging_mixin.py:188} INFO - [2026-04-30T08:43:11.808+0000] {dagbag.py:545} INFO - Filling up the DagBag from /opt/airflow/dags/nyc_fhv_ingestion.py
[2026-04-30T08:43:11.846+0000] {processor.py:840} INFO - DAG(s) 'nyc_fhv_ingestion' retrieved from /opt/airflow/dags/nyc_fhv_ingestion.py
[2026-04-30T08:43:11.882+0000] {logging_mixin.py:188} INFO - [2026-04-30T08:43:11.882+0000] {dag.py:3096} INFO - Sync 1 DAGs
[2026-04-30T08:43:11.903+0000] {logging_mixin.py:188} INFO - [2026-04-30T08:43:11.903+0000] {dag.py:3954} INFO - Setting next_dagrun for nyc_fhv_ingestion to None, run_after=None
[2026-04-30T08:43:11.942+0000] {processor.py:183} INFO - Processing /opt/airflow/dags/nyc_fhv_ingestion.py took 0.150 seconds
[2026-04-30T08:43:42.826+0000] {processor.py:161} INFO - Started process (PID=145) to work on /opt/airflow/dags/nyc_fhv_ingestion.py
[2026-04-30T08:43:42.827+0000] {processor.py:830} INFO - Processing file /opt/airflow/dags/nyc_fhv_ingestion.py for tasks to queue
[2026-04-30T08:43:42.830+0000] {logging_mixin.py:188} INFO - [2026-04-30T08:43:42.829+0000] {dagbag.py:545} INFO - Filling up the DagBag from /opt/airflow/dags/nyc_fhv_ingestion.py
[2026-04-30T08:43:42.858+0000] {processor.py:840} INFO - DAG(s) 'nyc_fhv_ingestion' retrieved from /opt/airflow/dags/nyc_fhv_ingestion.py
[2026-04-30T08:43:42.883+0000] {logging_mixin.py:188} INFO - [2026-04-30T08:43:42.882+0000] {dag.py:3096} INFO - Sync 1 DAGs
[2026-04-30T08:43:42.896+0000] {logging_mixin.py:188} INFO - [2026-04-30T08:43:42.896+0000] {dag.py:3954} INFO - Setting next_dagrun for nyc_fhv_ingestion to None, run_after=None
[2026-04-30T08:43:42.923+0000] {processor.py:183} INFO - Processing /opt/airflow/dags/nyc_fhv_ingestion.py took 0.108 seconds
[2026-04-30T08:44:13.708+0000] {processor.py:161} INFO - Started process (PID=156) to work on /opt/airflow/dags/nyc_fhv_ingestion.py
[2026-04-30T08:44:13.714+0000] {processor.py:830} INFO - Processing file /opt/airflow/dags/nyc_fhv_ingestion.py for tasks to queue
[2026-04-30T08:44:13.723+0000] {logging_mixin.py:188} INFO - [2026-04-30T08:44:13.722+0000] {dagbag.py:545} INFO - Filling up the DagBag from /opt/airflow/dags/nyc_fhv_ingestion.py
[2026-04-30T08:44:13.770+0000] {processor.py:840} INFO - DAG(s) 'nyc_fhv_ingestion' retrieved from /opt/airflow/dags/nyc_fhv_ingestion.py
[2026-04-30T08:44:13.837+0000] {logging_mixin.py:188} INFO - [2026-04-30T08:44:13.836+0000] {dag.py:3096} INFO - Sync 1 DAGs
[2026-04-30T08:44:13.876+0000] {logging_mixin.py:188} INFO - [2026-04-30T08:44:13.876+0000] {dag.py:3954} INFO - Setting next_dagrun for nyc_fhv_ingestion to None, run_after=None
[2026-04-30T08:44:13.942+0000] {processor.py:183} INFO - Processing /opt/airflow/dags/nyc_fhv_ingestion.py took 0.248 seconds
[2026-04-30T08:44:44.349+0000] {processor.py:161} INFO - Started process (PID=167) to work on /opt/airflow/dags/nyc_fhv_ingestion.py
[2026-04-30T08:44:44.351+0000] {processor.py:830} INFO - Processing file /opt/airflow/dags/nyc_fhv_ingestion.py for tasks to queue
[2026-04-30T08:44:44.354+0000] {logging_mixin.py:188} INFO - [2026-04-30T08:44:44.354+0000] {dagbag.py:545} INFO - Filling up the DagBag from /opt/airflow/dags/nyc_fhv_ingestion.py
[2026-04-30T08:44:44.389+0000] {processor.py:840} INFO - DAG(s) 'nyc_fhv_ingestion' retrieved from /opt/airflow/dags/nyc_fhv_ingestion.py
[2026-04-30T08:44:44.418+0000] {logging_mixin.py:188} INFO - [2026-04-30T08:44:44.418+0000] {dag.py:3096} INFO - Sync 1 DAGs
[2026-04-30T08:44:44.434+0000] {logging_mixin.py:188} INFO - [2026-04-30T08:44:44.434+0000] {dag.py:3954} INFO - Setting next_dagrun for nyc_fhv_ingestion to None, run_after=None
[2026-04-30T08:44:44.463+0000] {processor.py:183} INFO - Processing /opt/airflow/dags/nyc_fhv_ingestion.py took 0.123 seconds
[2026-04-30T08:45:15.340+0000] {processor.py:161} INFO - Started process (PID=178) to work on /opt/airflow/dags/nyc_fhv_ingestion.py
[2026-04-30T08:45:15.342+0000] {processor.py:830} INFO - Processing file /opt/airflow/dags/nyc_fhv_ingestion.py for tasks to queue
[2026-04-30T08:45:15.345+0000] {logging_mixin.py:188} INFO - [2026-04-30T08:45:15.345+0000] {dagbag.py:545} INFO - Filling up the DagBag from /opt/airflow/dags/nyc_fhv_ingestion.py
[2026-04-30T08:45:15.378+0000] {processor.py:840} INFO - DAG(s) 'nyc_fhv_ingestion' retrieved from /opt/airflow/dags/nyc_fhv_ingestion.py
[2026-04-30T08:45:15.403+0000] {logging_mixin.py:188} INFO - [2026-04-30T08:45:15.403+0000] {dag.py:3096} INFO - Sync 1 DAGs
[2026-04-30T08:45:15.421+0000] {logging_mixin.py:188} INFO - [2026-04-30T08:45:15.421+0000] {dag.py:3954} INFO - Setting next_dagrun for nyc_fhv_ingestion to None, run_after=None
[2026-04-30T08:45:15.454+0000] {processor.py:183} INFO - Processing /opt/airflow/dags/nyc_fhv_ingestion.py took 0.121 seconds
[2026-04-30T08:45:46.158+0000] {processor.py:161} INFO - Started process (PID=189) to work on /opt/airflow/dags/nyc_fhv_ingestion.py
[2026-04-30T08:45:46.167+0000] {processor.py:830} INFO - Processing file /opt/airflow/dags/nyc_fhv_ingestion.py for tasks to queue
[2026-04-30T08:45:46.172+0000] {logging_mixin.py:188} INFO - [2026-04-30T08:45:46.172+0000] {dagbag.py:545} INFO - Filling up the DagBag from /opt/airflow/dags/nyc_fhv_ingestion.py
[2026-04-30T08:45:46.204+0000] {processor.py:840} INFO - DAG(s) 'nyc_fhv_ingestion' retrieved from /opt/airflow/dags/nyc_fhv_ingestion.py
[2026-04-30T08:45:46.242+0000] {logging_mixin.py:188} INFO - [2026-04-30T08:45:46.241+0000] {dag.py:3096} INFO - Sync 1 DAGs
[2026-04-30T08:45:46.267+0000] {logging_mixin.py:188} INFO - [2026-04-30T08:45:46.267+0000] {dag.py:3954} INFO - Setting next_dagrun for nyc_fhv_ingestion to None, run_after=None
[2026-04-30T08:45:46.326+0000] {processor.py:183} INFO - Processing /opt/airflow/dags/nyc_fhv_ingestion.py took 0.175 seconds
[2026-04-30T08:46:17.289+0000] {processor.py:161} INFO - Started process (PID=200) to work on /opt/airflow/dags/nyc_fhv_ingestion.py
[2026-04-30T08:46:17.291+0000] {processor.py:830} INFO - Processing file /opt/airflow/dags/nyc_fhv_ingestion.py for tasks to queue
[2026-04-30T08:46:17.294+0000] {logging_mixin.py:188} INFO - [2026-04-30T08:46:17.294+0000] {dagbag.py:545} INFO - Filling up the DagBag from /opt/airflow/dags/nyc_fhv_ingestion.py
[2026-04-30T08:46:17.335+0000] {processor.py:840} INFO - DAG(s) 'nyc_fhv_ingestion' retrieved from /opt/airflow/dags/nyc_fhv_ingestion.py
[2026-04-30T08:46:17.369+0000] {logging_mixin.py:188} INFO - [2026-04-30T08:46:17.368+0000] {dag.py:3096} INFO - Sync 1 DAGs
[2026-04-30T08:46:17.395+0000] {logging_mixin.py:188} INFO - [2026-04-30T08:46:17.395+0000] {dag.py:3954} INFO - Setting next_dagrun for nyc_fhv_ingestion to None, run_after=None
[2026-04-30T08:46:17.428+0000] {processor.py:183} INFO - Processing /opt/airflow/dags/nyc_fhv_ingestion.py took 0.147 seconds
[2026-04-30T08:46:48.382+0000] {processor.py:161} INFO - Started process (PID=211) to work on /opt/airflow/dags/nyc_fhv_ingestion.py
[2026-04-30T08:46:48.388+0000] {processor.py:830} INFO - Processing file /opt/airflow/dags/nyc_fhv_ingestion.py for tasks to queue
[2026-04-30T08:46:48.394+0000] {logging_mixin.py:188} INFO - [2026-04-30T08:46:48.393+0000] {dagbag.py:545} INFO - Filling up the DagBag from /opt/airflow/dags/nyc_fhv_ingestion.py
[2026-04-30T08:46:48.445+0000] {processor.py:840} INFO - DAG(s) 'nyc_fhv_ingestion' retrieved from /opt/airflow/dags/nyc_fhv_ingestion.py
[2026-04-30T08:46:48.483+0000] {logging_mixin.py:188} INFO - [2026-04-30T08:46:48.483+0000] {dag.py:3096} INFO - Sync 1 DAGs
[2026-04-30T08:46:48.508+0000] {logging_mixin.py:188} INFO - [2026-04-30T08:46:48.507+0000] {dag.py:3954} INFO - Setting next_dagrun for nyc_fhv_ingestion to None, run_after=None
[2026-04-30T08:46:48.555+0000] {processor.py:183} INFO - Processing /opt/airflow/dags/nyc_fhv_ingestion.py took 0.186 seconds
[2026-04-30T08:47:18.708+0000] {processor.py:161} INFO - Started process (PID=223) to work on /opt/airflow/dags/nyc_fhv_ingestion.py
[2026-04-30T08:47:18.710+0000] {processor.py:830} INFO - Processing file /opt/airflow/dags/nyc_fhv_ingestion.py for tasks to queue
[2026-04-30T08:47:18.715+0000] {logging_mixin.py:188} INFO - [2026-04-30T08:47:18.714+0000] {dagbag.py:545} INFO - Filling up the DagBag from /opt/airflow/dags/nyc_fhv_ingestion.py
[2026-04-30T08:47:18.758+0000] {processor.py:840} INFO - DAG(s) 'nyc_fhv_ingestion' retrieved from /opt/airflow/dags/nyc_fhv_ingestion.py
[2026-04-30T08:47:18.813+0000] {logging_mixin.py:188} INFO - [2026-04-30T08:47:18.812+0000] {dag.py:3096} INFO - Sync 1 DAGs
[2026-04-30T08:47:18.846+0000] {logging_mixin.py:188} INFO - [2026-04-30T08:47:18.846+0000] {dag.py:3954} INFO - Setting next_dagrun for nyc_fhv_ingestion to None, run_after=None
[2026-04-30T08:47:18.888+0000] {processor.py:183} INFO - Processing /opt/airflow/dags/nyc_fhv_ingestion.py took 0.191 seconds
[2026-04-30T08:47:49.501+0000] {processor.py:161} INFO - Started process (PID=234) to work on /opt/airflow/dags/nyc_fhv_ingestion.py
[2026-04-30T08:47:49.504+0000] {processor.py:830} INFO - Processing file /opt/airflow/dags/nyc_fhv_ingestion.py for tasks to queue
[2026-04-30T08:47:49.514+0000] {logging_mixin.py:188} INFO - [2026-04-30T08:47:49.514+0000] {dagbag.py:545} INFO - Filling up the DagBag from /opt/airflow/dags/nyc_fhv_ingestion.py
[2026-04-30T08:47:49.741+0000] {processor.py:840} INFO - DAG(s) 'nyc_fhv_ingestion' retrieved from /opt/airflow/dags/nyc_fhv_ingestion.py
[2026-04-30T08:47:49.832+0000] {logging_mixin.py:188} INFO - [2026-04-30T08:47:49.830+0000] {dag.py:3096} INFO - Sync 1 DAGs
[2026-04-30T08:47:49.884+0000] {logging_mixin.py:188} INFO - [2026-04-30T08:47:49.884+0000] {dag.py:3954} INFO - Setting next_dagrun for nyc_fhv_ingestion to None, run_after=None
[2026-04-30T08:47:49.936+0000] {processor.py:183} INFO - Processing /opt/airflow/dags/nyc_fhv_ingestion.py took 0.447 seconds
[2026-04-30T08:48:20.645+0000] {processor.py:161} INFO - Started process (PID=246) to work on /opt/airflow/dags/nyc_fhv_ingestion.py
[2026-04-30T08:48:20.657+0000] {processor.py:830} INFO - Processing file /opt/airflow/dags/nyc_fhv_ingestion.py for tasks to queue
[2026-04-30T08:48:20.670+0000] {logging_mixin.py:188} INFO - [2026-04-30T08:48:20.670+0000] {dagbag.py:545} INFO - Filling up the DagBag from /opt/airflow/dags/nyc_fhv_ingestion.py
[2026-04-30T08:48:20.717+0000] {processor.py:840} INFO - DAG(s) 'nyc_fhv_ingestion' retrieved from /opt/airflow/dags/nyc_fhv_ingestion.py
[2026-04-30T08:48:20.753+0000] {logging_mixin.py:188} INFO - [2026-04-30T08:48:20.752+0000] {dag.py:3096} INFO - Sync 1 DAGs
[2026-04-30T08:48:20.776+0000] {logging_mixin.py:188} INFO - [2026-04-30T08:48:20.775+0000] {dag.py:3954} INFO - Setting next_dagrun for nyc_fhv_ingestion to None, run_after=None
[2026-04-30T08:48:20.818+0000] {processor.py:183} INFO - Processing /opt/airflow/dags/nyc_fhv_ingestion.py took 0.186 seconds
[2026-04-30T08:48:51.553+0000] {processor.py:161} INFO - Started process (PID=257) to work on /opt/airflow/dags/nyc_fhv_ingestion.py
[2026-04-30T08:48:51.558+0000] {processor.py:830} INFO - Processing file /opt/airflow/dags/nyc_fhv_ingestion.py for tasks to queue
[2026-04-30T08:48:51.561+0000] {logging_mixin.py:188} INFO - [2026-04-30T08:48:51.561+0000] {dagbag.py:545} INFO - Filling up the DagBag from /opt/airflow/dags/nyc_fhv_ingestion.py
[2026-04-30T08:48:51.614+0000] {processor.py:840} INFO - DAG(s) 'nyc_fhv_ingestion' retrieved from /opt/airflow/dags/nyc_fhv_ingestion.py
[2026-04-30T08:48:51.656+0000] {logging_mixin.py:188} INFO - [2026-04-30T08:48:51.654+0000] {dag.py:3096} INFO - Sync 1 DAGs
[2026-04-30T08:48:51.683+0000] {logging_mixin.py:188} INFO - [2026-04-30T08:48:51.683+0000] {dag.py:3954} INFO - Setting next_dagrun for nyc_fhv_ingestion to None, run_after=None
[2026-04-30T08:48:51.735+0000] {processor.py:183} INFO - Processing /opt/airflow/dags/nyc_fhv_ingestion.py took 0.199 seconds
[2026-04-30T08:49:22.396+0000] {processor.py:161} INFO - Started process (PID=268) to work on /opt/airflow/dags/nyc_fhv_ingestion.py
[2026-04-30T08:49:22.398+0000] {processor.py:830} INFO - Processing file /opt/airflow/dags/nyc_fhv_ingestion.py for tasks to queue
[2026-04-30T08:49:22.406+0000] {logging_mixin.py:188} INFO - [2026-04-30T08:49:22.405+0000] {dagbag.py:545} INFO - Filling up the DagBag from /opt/airflow/dags/nyc_fhv_ingestion.py
[2026-04-30T08:49:22.457+0000] {processor.py:840} INFO - DAG(s) 'nyc_fhv_ingestion' retrieved from /opt/airflow/dags/nyc_fhv_ingestion.py
[2026-04-30T08:49:22.508+0000] {logging_mixin.py:188} INFO - [2026-04-30T08:49:22.507+0000] {dag.py:3096} INFO - Sync 1 DAGs
[2026-04-30T08:49:22.548+0000] {logging_mixin.py:188} INFO - [2026-04-30T08:49:22.547+0000] {dag.py:3954} INFO - Setting next_dagrun for nyc_fhv_ingestion to None, run_after=None
[2026-04-30T08:49:22.599+0000] {processor.py:183} INFO - Processing /opt/airflow/dags/nyc_fhv_ingestion.py took 0.216 seconds
[2026-04-30T08:49:53.537+0000] {processor.py:161} INFO - Started process (PID=280) to work on /opt/airflow/dags/nyc_fhv_ingestion.py
[2026-04-30T08:49:53.544+0000] {processor.py:830} INFO - Processing file /opt/airflow/dags/nyc_fhv_ingestion.py for tasks to queue
[2026-04-30T08:49:53.550+0000] {logging_mixin.py:188} INFO - [2026-04-30T08:49:53.549+0000] {dagbag.py:545} INFO - Filling up the DagBag from /opt/airflow/dags/nyc_fhv_ingestion.py
[2026-04-30T08:49:53.633+0000] {processor.py:840} INFO - DAG(s) 'nyc_fhv_ingestion' retrieved from /opt/airflow/dags/nyc_fhv_ingestion.py
[2026-04-30T08:49:53.678+0000] {logging_mixin.py:188} INFO - [2026-04-30T08:49:53.677+0000] {dag.py:3096} INFO - Sync 1 DAGs
[2026-04-30T08:49:53.705+0000] {logging_mixin.py:188} INFO - [2026-04-30T08:49:53.705+0000] {dag.py:3954} INFO - Setting next_dagrun for nyc_fhv_ingestion to None, run_after=None
[2026-04-30T08:49:53.749+0000] {processor.py:183} INFO - Processing /opt/airflow/dags/nyc_fhv_ingestion.py took 0.228 seconds
[2026-04-30T08:50:27.370+0000] {processor.py:161} INFO - Started process (PID=84) to work on /opt/airflow/dags/nyc_fhv_ingestion.py
[2026-04-30T08:50:27.374+0000] {processor.py:830} INFO - Processing file /opt/airflow/dags/nyc_fhv_ingestion.py for tasks to queue
[2026-04-30T08:50:27.378+0000] {logging_mixin.py:188} INFO - [2026-04-30T08:50:27.377+0000] {dagbag.py:545} INFO - Filling up the DagBag from /opt/airflow/dags/nyc_fhv_ingestion.py
[2026-04-30T08:50:27.422+0000] {processor.py:840} INFO - DAG(s) 'nyc_fhv_ingestion' retrieved from /opt/airflow/dags/nyc_fhv_ingestion.py
[2026-04-30T08:50:27.479+0000] {logging_mixin.py:188} INFO - [2026-04-30T08:50:27.478+0000] {dag.py:3096} INFO - Sync 1 DAGs
[2026-04-30T08:50:27.503+0000] {logging_mixin.py:188} INFO - [2026-04-30T08:50:27.503+0000] {dag.py:3954} INFO - Setting next_dagrun for nyc_fhv_ingestion to None, run_after=None
[2026-04-30T08:50:27.546+0000] {processor.py:183} INFO - Processing /opt/airflow/dags/nyc_fhv_ingestion.py took 0.184 seconds
[2026-04-30T08:50:59.735+0000] {processor.py:161} INFO - Started process (PID=101) to work on /opt/airflow/dags/nyc_fhv_ingestion.py
[2026-04-30T08:50:59.742+0000] {processor.py:830} INFO - Processing file /opt/airflow/dags/nyc_fhv_ingestion.py for tasks to queue
[2026-04-30T08:50:59.757+0000] {logging_mixin.py:188} INFO - [2026-04-30T08:50:59.756+0000] {dagbag.py:545} INFO - Filling up the DagBag from /opt/airflow/dags/nyc_fhv_ingestion.py
[2026-04-30T08:50:59.836+0000] {processor.py:840} INFO - DAG(s) 'nyc_fhv_ingestion' retrieved from /opt/airflow/dags/nyc_fhv_ingestion.py
[2026-04-30T08:50:59.875+0000] {logging_mixin.py:188} INFO - [2026-04-30T08:50:59.875+0000] {dag.py:3096} INFO - Sync 1 DAGs
[2026-04-30T08:50:59.904+0000] {logging_mixin.py:188} INFO - [2026-04-30T08:50:59.904+0000] {dag.py:3954} INFO - Setting next_dagrun for nyc_fhv_ingestion to None, run_after=None
[2026-04-30T08:50:59.947+0000] {processor.py:183} INFO - Processing /opt/airflow/dags/nyc_fhv_ingestion.py took 0.222 seconds
[2026-04-30T08:51:30.321+0000] {processor.py:161} INFO - Started process (PID=112) to work on /opt/airflow/dags/nyc_fhv_ingestion.py
[2026-04-30T08:51:30.323+0000] {processor.py:830} INFO - Processing file /opt/airflow/dags/nyc_fhv_ingestion.py for tasks to queue
[2026-04-30T08:51:30.327+0000] {logging_mixin.py:188} INFO - [2026-04-30T08:51:30.326+0000] {dagbag.py:545} INFO - Filling up the DagBag from /opt/airflow/dags/nyc_fhv_ingestion.py
[2026-04-30T08:51:30.364+0000] {processor.py:840} INFO - DAG(s) 'nyc_fhv_ingestion' retrieved from /opt/airflow/dags/nyc_fhv_ingestion.py
[2026-04-30T08:51:30.407+0000] {logging_mixin.py:188} INFO - [2026-04-30T08:51:30.404+0000] {dag.py:3096} INFO - Sync 1 DAGs
[2026-04-30T08:51:30.435+0000] {logging_mixin.py:188} INFO - [2026-04-30T08:51:30.434+0000] {dag.py:3954} INFO - Setting next_dagrun for nyc_fhv_ingestion to None, run_after=None
[2026-04-30T08:51:30.477+0000] {processor.py:183} INFO - Processing /opt/airflow/dags/nyc_fhv_ingestion.py took 0.166 seconds
[2026-04-30T08:52:01.495+0000] {processor.py:161} INFO - Started process (PID=133) to work on /opt/airflow/dags/nyc_fhv_ingestion.py
[2026-04-30T08:52:01.499+0000] {processor.py:830} INFO - Processing file /opt/airflow/dags/nyc_fhv_ingestion.py for tasks to queue
[2026-04-30T08:52:01.504+0000] {logging_mixin.py:188} INFO - [2026-04-30T08:52:01.504+0000] {dagbag.py:545} INFO - Filling up the DagBag from /opt/airflow/dags/nyc_fhv_ingestion.py
[2026-04-30T08:52:01.597+0000] {processor.py:840} INFO - DAG(s) 'nyc_fhv_ingestion' retrieved from /opt/airflow/dags/nyc_fhv_ingestion.py
[2026-04-30T08:52:01.652+0000] {logging_mixin.py:188} INFO - [2026-04-30T08:52:01.651+0000] {dag.py:3096} INFO - Sync 1 DAGs
[2026-04-30T08:52:01.694+0000] {logging_mixin.py:188} INFO - [2026-04-30T08:52:01.694+0000] {dag.py:3954} INFO - Setting next_dagrun for nyc_fhv_ingestion to None, run_after=None
[2026-04-30T08:52:01.793+0000] {processor.py:183} INFO - Processing /opt/airflow/dags/nyc_fhv_ingestion.py took 0.309 seconds
[2026-04-30T08:53:06.546+0000] {processor.py:161} INFO - Started process (PID=90) to work on /opt/airflow/dags/nyc_fhv_ingestion.py
[2026-04-30T08:53:06.548+0000] {processor.py:830} INFO - Processing file /opt/airflow/dags/nyc_fhv_ingestion.py for tasks to queue
[2026-04-30T08:53:06.552+0000] {logging_mixin.py:188} INFO - [2026-04-30T08:53:06.551+0000] {dagbag.py:545} INFO - Filling up the DagBag from /opt/airflow/dags/nyc_fhv_ingestion.py
[2026-04-30T08:53:06.620+0000] {processor.py:840} INFO - DAG(s) 'nyc_fhv_ingestion' retrieved from /opt/airflow/dags/nyc_fhv_ingestion.py
[2026-04-30T08:53:06.665+0000] {logging_mixin.py:188} INFO - [2026-04-30T08:53:06.664+0000] {dag.py:3096} INFO - Sync 1 DAGs
[2026-04-30T08:53:06.686+0000] {logging_mixin.py:188} INFO - [2026-04-30T08:53:06.686+0000] {dag.py:3954} INFO - Setting next_dagrun for nyc_fhv_ingestion to None, run_after=None
[2026-04-30T08:53:06.726+0000] {processor.py:183} INFO - Processing /opt/airflow/dags/nyc_fhv_ingestion.py took 0.189 seconds
[2026-04-30T08:53:37.312+0000] {processor.py:161} INFO - Started process (PID=101) to work on /opt/airflow/dags/nyc_fhv_ingestion.py
[2026-04-30T08:53:37.318+0000] {processor.py:830} INFO - Processing file /opt/airflow/dags/nyc_fhv_ingestion.py for tasks to queue
[2026-04-30T08:53:37.326+0000] {logging_mixin.py:188} INFO - [2026-04-30T08:53:37.325+0000] {dagbag.py:545} INFO - Filling up the DagBag from /opt/airflow/dags/nyc_fhv_ingestion.py
[2026-04-30T08:53:37.429+0000] {processor.py:840} INFO - DAG(s) 'nyc_fhv_ingestion' retrieved from /opt/airflow/dags/nyc_fhv_ingestion.py
[2026-04-30T08:53:37.473+0000] {logging_mixin.py:188} INFO - [2026-04-30T08:53:37.472+0000] {dag.py:3096} INFO - Sync 1 DAGs
[2026-04-30T08:53:37.506+0000] {logging_mixin.py:188} INFO - [2026-04-30T08:53:37.505+0000] {dag.py:3954} INFO - Setting next_dagrun for nyc_fhv_ingestion to None, run_after=None
[2026-04-30T08:53:37.569+0000] {processor.py:183} INFO - Processing /opt/airflow/dags/nyc_fhv_ingestion.py took 0.272 seconds
[2026-04-30T08:54:08.297+0000] {processor.py:161} INFO - Started process (PID=112) to work on /opt/airflow/dags/nyc_fhv_ingestion.py
[2026-04-30T08:54:08.306+0000] {processor.py:830} INFO - Processing file /opt/airflow/dags/nyc_fhv_ingestion.py for tasks to queue
[2026-04-30T08:54:08.311+0000] {logging_mixin.py:188} INFO - [2026-04-30T08:54:08.310+0000] {dagbag.py:545} INFO - Filling up the DagBag from /opt/airflow/dags/nyc_fhv_ingestion.py
[2026-04-30T08:54:08.399+0000] {processor.py:840} INFO - DAG(s) 'nyc_fhv_ingestion' retrieved from /opt/airflow/dags/nyc_fhv_ingestion.py
[2026-04-30T08:54:08.456+0000] {logging_mixin.py:188} INFO - [2026-04-30T08:54:08.456+0000] {dag.py:3096} INFO - Sync 1 DAGs
[2026-04-30T08:54:08.487+0000] {logging_mixin.py:188} INFO - [2026-04-30T08:54:08.487+0000] {dag.py:3954} INFO - Setting next_dagrun for nyc_fhv_ingestion to None, run_after=None
[2026-04-30T08:54:08.542+0000] {processor.py:183} INFO - Processing /opt/airflow/dags/nyc_fhv_ingestion.py took 0.263 seconds
[2026-04-30T08:54:38.844+0000] {processor.py:161} INFO - Started process (PID=123) to work on /opt/airflow/dags/nyc_fhv_ingestion.py
[2026-04-30T08:54:38.846+0000] {processor.py:830} INFO - Processing file /opt/airflow/dags/nyc_fhv_ingestion.py for tasks to queue
[2026-04-30T08:54:38.851+0000] {logging_mixin.py:188} INFO - [2026-04-30T08:54:38.850+0000] {dagbag.py:545} INFO - Filling up the DagBag from /opt/airflow/dags/nyc_fhv_ingestion.py
[2026-04-30T08:54:38.902+0000] {processor.py:840} INFO - DAG(s) 'nyc_fhv_ingestion' retrieved from /opt/airflow/dags/nyc_fhv_ingestion.py
[2026-04-30T08:54:38.952+0000] {logging_mixin.py:188} INFO - [2026-04-30T08:54:38.951+0000] {dag.py:3096} INFO - Sync 1 DAGs
[2026-04-30T08:54:38.980+0000] {logging_mixin.py:188} INFO - [2026-04-30T08:54:38.980+0000] {dag.py:3954} INFO - Setting next_dagrun for nyc_fhv_ingestion to None, run_after=None
[2026-04-30T08:54:39.034+0000] {processor.py:183} INFO - Processing /opt/airflow/dags/nyc_fhv_ingestion.py took 0.201 seconds
[2026-04-30T08:55:09.660+0000] {processor.py:161} INFO - Started process (PID=135) to work on /opt/airflow/dags/nyc_fhv_ingestion.py
[2026-04-30T08:55:09.662+0000] {processor.py:830} INFO - Processing file /opt/airflow/dags/nyc_fhv_ingestion.py for tasks to queue
[2026-04-30T08:55:09.667+0000] {logging_mixin.py:188} INFO - [2026-04-30T08:55:09.666+0000] {dagbag.py:545} INFO - Filling up the DagBag from /opt/airflow/dags/nyc_fhv_ingestion.py
[2026-04-30T08:55:09.768+0000] {processor.py:840} INFO - DAG(s) 'nyc_fhv_ingestion' retrieved from /opt/airflow/dags/nyc_fhv_ingestion.py
[2026-04-30T08:55:09.823+0000] {logging_mixin.py:188} INFO - [2026-04-30T08:55:09.823+0000] {dag.py:3096} INFO - Sync 1 DAGs
[2026-04-30T08:55:09.880+0000] {logging_mixin.py:188} INFO - [2026-04-30T08:55:09.879+0000] {dag.py:3954} INFO - Setting next_dagrun for nyc_fhv_ingestion to None, run_after=None
[2026-04-30T08:55:09.934+0000] {processor.py:183} INFO - Processing /opt/airflow/dags/nyc_fhv_ingestion.py took 0.292 seconds
[2026-04-30T08:57:36.932+0000] {processor.py:161} INFO - Started process (PID=91) to work on /opt/airflow/dags/nyc_fhv_ingestion.py
[2026-04-30T08:57:36.934+0000] {processor.py:830} INFO - Processing file /opt/airflow/dags/nyc_fhv_ingestion.py for tasks to queue
[2026-04-30T08:57:36.939+0000] {logging_mixin.py:188} INFO - [2026-04-30T08:57:36.938+0000] {dagbag.py:545} INFO - Filling up the DagBag from /opt/airflow/dags/nyc_fhv_ingestion.py
[2026-04-30T08:57:36.986+0000] {processor.py:840} INFO - DAG(s) 'nyc_fhv_ingestion' retrieved from /opt/airflow/dags/nyc_fhv_ingestion.py
[2026-04-30T08:57:37.203+0000] {logging_mixin.py:188} INFO - [2026-04-30T08:57:37.202+0000] {dag.py:3096} INFO - Sync 1 DAGs
[2026-04-30T08:57:37.224+0000] {logging_mixin.py:188} INFO - [2026-04-30T08:57:37.224+0000] {dag.py:3954} INFO - Setting next_dagrun for nyc_fhv_ingestion to None, run_after=None
[2026-04-30T08:57:37.272+0000] {processor.py:183} INFO - Processing /opt/airflow/dags/nyc_fhv_ingestion.py took 0.352 seconds
[2026-04-30T08:58:08.019+0000] {processor.py:161} INFO - Started process (PID=102) to work on /opt/airflow/dags/nyc_fhv_ingestion.py
[2026-04-30T08:58:08.039+0000] {processor.py:830} INFO - Processing file /opt/airflow/dags/nyc_fhv_ingestion.py for tasks to queue
[2026-04-30T08:58:08.045+0000] {logging_mixin.py:188} INFO - [2026-04-30T08:58:08.044+0000] {dagbag.py:545} INFO - Filling up the DagBag from /opt/airflow/dags/nyc_fhv_ingestion.py
[2026-04-30T08:58:08.109+0000] {processor.py:840} INFO - DAG(s) 'nyc_fhv_ingestion' retrieved from /opt/airflow/dags/nyc_fhv_ingestion.py
[2026-04-30T08:58:08.142+0000] {logging_mixin.py:188} INFO - [2026-04-30T08:58:08.142+0000] {dag.py:3096} INFO - Sync 1 DAGs
[2026-04-30T08:58:08.169+0000] {logging_mixin.py:188} INFO - [2026-04-30T08:58:08.169+0000] {dag.py:3954} INFO - Setting next_dagrun for nyc_fhv_ingestion to None, run_after=None
[2026-04-30T08:58:08.212+0000] {processor.py:183} INFO - Processing /opt/airflow/dags/nyc_fhv_ingestion.py took 0.202 seconds
[2026-04-30T08:58:38.441+0000] {processor.py:161} INFO - Started process (PID=113) to work on /opt/airflow/dags/nyc_fhv_ingestion.py
[2026-04-30T08:58:38.444+0000] {processor.py:830} INFO - Processing file /opt/airflow/dags/nyc_fhv_ingestion.py for tasks to queue
[2026-04-30T08:58:38.454+0000] {logging_mixin.py:188} INFO - [2026-04-30T08:58:38.453+0000] {dagbag.py:545} INFO - Filling up the DagBag from /opt/airflow/dags/nyc_fhv_ingestion.py
[2026-04-30T08:58:38.532+0000] {processor.py:840} INFO - DAG(s) 'nyc_fhv_ingestion' retrieved from /opt/airflow/dags/nyc_fhv_ingestion.py
[2026-04-30T08:58:38.619+0000] {logging_mixin.py:188} INFO - [2026-04-30T08:58:38.619+0000] {dag.py:3096} INFO - Sync 1 DAGs
[2026-04-30T08:58:38.681+0000] {logging_mixin.py:188} INFO - [2026-04-30T08:58:38.681+0000] {dag.py:3954} INFO - Setting next_dagrun for nyc_fhv_ingestion to None, run_after=None
[2026-04-30T08:58:38.888+0000] {processor.py:183} INFO - Processing /opt/airflow/dags/nyc_fhv_ingestion.py took 0.460 seconds
[2026-04-30T08:59:09.632+0000] {processor.py:161} INFO - Started process (PID=124) to work on /opt/airflow/dags/nyc_fhv_ingestion.py
[2026-04-30T08:59:09.637+0000] {processor.py:830} INFO - Processing file /opt/airflow/dags/nyc_fhv_ingestion.py for tasks to queue
[2026-04-30T08:59:09.648+0000] {logging_mixin.py:188} INFO - [2026-04-30T08:59:09.646+0000] {dagbag.py:545} INFO - Filling up the DagBag from /opt/airflow/dags/nyc_fhv_ingestion.py
[2026-04-30T08:59:09.695+0000] {processor.py:840} INFO - DAG(s) 'nyc_fhv_ingestion' retrieved from /opt/airflow/dags/nyc_fhv_ingestion.py
[2026-04-30T08:59:09.770+0000] {logging_mixin.py:188} INFO - [2026-04-30T08:59:09.769+0000] {dag.py:3096} INFO - Sync 1 DAGs
[2026-04-30T08:59:09.839+0000] {logging_mixin.py:188} INFO - [2026-04-30T08:59:09.838+0000] {dag.py:3954} INFO - Setting next_dagrun for nyc_fhv_ingestion to None, run_after=None
[2026-04-30T08:59:09.891+0000] {processor.py:183} INFO - Processing /opt/airflow/dags/nyc_fhv_ingestion.py took 0.297 seconds
[2026-04-30T08:59:40.121+0000] {processor.py:161} INFO - Started process (PID=139) to work on /opt/airflow/dags/nyc_fhv_ingestion.py
[2026-04-30T08:59:40.123+0000] {processor.py:830} INFO - Processing file /opt/airflow/dags/nyc_fhv_ingestion.py for tasks to queue
[2026-04-30T08:59:40.127+0000] {logging_mixin.py:188} INFO - [2026-04-30T08:59:40.127+0000] {dagbag.py:545} INFO - Filling up the DagBag from /opt/airflow/dags/nyc_fhv_ingestion.py
[2026-04-30T08:59:40.162+0000] {processor.py:840} INFO - DAG(s) 'nyc_fhv_ingestion' retrieved from /opt/airflow/dags/nyc_fhv_ingestion.py
[2026-04-30T08:59:40.188+0000] {logging_mixin.py:188} INFO - [2026-04-30T08:59:40.188+0000] {dag.py:3096} INFO - Sync 1 DAGs
[2026-04-30T08:59:40.205+0000] {logging_mixin.py:188} INFO - [2026-04-30T08:59:40.204+0000] {dag.py:3954} INFO - Setting next_dagrun for nyc_fhv_ingestion to None, run_after=None
[2026-04-30T08:59:40.237+0000] {processor.py:183} INFO - Processing /opt/airflow/dags/nyc_fhv_ingestion.py took 0.126 seconds
[2026-04-30T09:00:11.018+0000] {processor.py:161} INFO - Started process (PID=149) to work on /opt/airflow/dags/nyc_fhv_ingestion.py
[2026-04-30T09:00:11.019+0000] {processor.py:830} INFO - Processing file /opt/airflow/dags/nyc_fhv_ingestion.py for tasks to queue
[2026-04-30T09:00:11.023+0000] {logging_mixin.py:188} INFO - [2026-04-30T09:00:11.022+0000] {dagbag.py:545} INFO - Filling up the DagBag from /opt/airflow/dags/nyc_fhv_ingestion.py
[2026-04-30T09:00:11.063+0000] {processor.py:840} INFO - DAG(s) 'nyc_fhv_ingestion' retrieved from /opt/airflow/dags/nyc_fhv_ingestion.py
[2026-04-30T09:00:11.091+0000] {logging_mixin.py:188} INFO - [2026-04-30T09:00:11.090+0000] {dag.py:3096} INFO - Sync 1 DAGs
[2026-04-30T09:00:11.109+0000] {logging_mixin.py:188} INFO - [2026-04-30T09:00:11.109+0000] {dag.py:3954} INFO - Setting next_dagrun for nyc_fhv_ingestion to None, run_after=None
[2026-04-30T09:00:11.138+0000] {processor.py:183} INFO - Processing /opt/airflow/dags/nyc_fhv_ingestion.py took 0.129 seconds
[2026-04-30T09:00:41.846+0000] {processor.py:161} INFO - Started process (PID=160) to work on /opt/airflow/dags/nyc_fhv_ingestion.py
[2026-04-30T09:00:41.847+0000] {processor.py:830} INFO - Processing file /opt/airflow/dags/nyc_fhv_ingestion.py for tasks to queue
[2026-04-30T09:00:41.851+0000] {logging_mixin.py:188} INFO - [2026-04-30T09:00:41.851+0000] {dagbag.py:545} INFO - Filling up the DagBag from /opt/airflow/dags/nyc_fhv_ingestion.py
[2026-04-30T09:00:41.886+0000] {processor.py:840} INFO - DAG(s) 'nyc_fhv_ingestion' retrieved from /opt/airflow/dags/nyc_fhv_ingestion.py
[2026-04-30T09:00:41.920+0000] {logging_mixin.py:188} INFO - [2026-04-30T09:00:41.919+0000] {dag.py:3096} INFO - Sync 1 DAGs
[2026-04-30T09:00:41.938+0000] {logging_mixin.py:188} INFO - [2026-04-30T09:00:41.938+0000] {dag.py:3954} INFO - Setting next_dagrun for nyc_fhv_ingestion to None, run_after=None
[2026-04-30T09:00:41.968+0000] {processor.py:183} INFO - Processing /opt/airflow/dags/nyc_fhv_ingestion.py took 0.131 seconds
[2026-04-30T09:01:12.702+0000] {processor.py:161} INFO - Started process (PID=171) to work on /opt/airflow/dags/nyc_fhv_ingestion.py
[2026-04-30T09:01:12.704+0000] {processor.py:830} INFO - Processing file /opt/airflow/dags/nyc_fhv_ingestion.py for tasks to queue
[2026-04-30T09:01:12.708+0000] {logging_mixin.py:188} INFO - [2026-04-30T09:01:12.708+0000] {dagbag.py:545} INFO - Filling up the DagBag from /opt/airflow/dags/nyc_fhv_ingestion.py
[2026-04-30T09:01:12.746+0000] {processor.py:840} INFO - DAG(s) 'nyc_fhv_ingestion' retrieved from /opt/airflow/dags/nyc_fhv_ingestion.py
[2026-04-30T09:01:12.781+0000] {logging_mixin.py:188} INFO - [2026-04-30T09:01:12.781+0000] {dag.py:3096} INFO - Sync 1 DAGs
[2026-04-30T09:01:12.801+0000] {logging_mixin.py:188} INFO - [2026-04-30T09:01:12.801+0000] {dag.py:3954} INFO - Setting next_dagrun for nyc_fhv_ingestion to None, run_after=None
[2026-04-30T09:01:12.843+0000] {processor.py:183} INFO - Processing /opt/airflow/dags/nyc_fhv_ingestion.py took 0.155 seconds
[2026-04-30T09:01:43.524+0000] {processor.py:161} INFO - Started process (PID=182) to work on /opt/airflow/dags/nyc_fhv_ingestion.py
[2026-04-30T09:01:43.526+0000] {processor.py:830} INFO - Processing file /opt/airflow/dags/nyc_fhv_ingestion.py for tasks to queue
[2026-04-30T09:01:43.529+0000] {logging_mixin.py:188} INFO - [2026-04-30T09:01:43.529+0000] {dagbag.py:545} INFO - Filling up the DagBag from /opt/airflow/dags/nyc_fhv_ingestion.py
[2026-04-30T09:01:43.576+0000] {processor.py:840} INFO - DAG(s) 'nyc_fhv_ingestion' retrieved from /opt/airflow/dags/nyc_fhv_ingestion.py
[2026-04-30T09:01:43.606+0000] {logging_mixin.py:188} INFO - [2026-04-30T09:01:43.606+0000] {dag.py:3096} INFO - Sync 1 DAGs
[2026-04-30T09:01:43.624+0000] {logging_mixin.py:188} INFO - [2026-04-30T09:01:43.624+0000] {dag.py:3954} INFO - Setting next_dagrun for nyc_fhv_ingestion to None, run_after=None
[2026-04-30T09:01:43.663+0000] {processor.py:183} INFO - Processing /opt/airflow/dags/nyc_fhv_ingestion.py took 0.148 seconds
[2026-04-30T09:02:14.507+0000] {processor.py:161} INFO - Started process (PID=193) to work on /opt/airflow/dags/nyc_fhv_ingestion.py
[2026-04-30T09:02:14.508+0000] {processor.py:830} INFO - Processing file /opt/airflow/dags/nyc_fhv_ingestion.py for tasks to queue
[2026-04-30T09:02:14.513+0000] {logging_mixin.py:188} INFO - [2026-04-30T09:02:14.511+0000] {dagbag.py:545} INFO - Filling up the DagBag from /opt/airflow/dags/nyc_fhv_ingestion.py
[2026-04-30T09:02:14.553+0000] {processor.py:840} INFO - DAG(s) 'nyc_fhv_ingestion' retrieved from /opt/airflow/dags/nyc_fhv_ingestion.py
[2026-04-30T09:02:14.588+0000] {logging_mixin.py:188} INFO - [2026-04-30T09:02:14.587+0000] {dag.py:3096} INFO - Sync 1 DAGs
[2026-04-30T09:02:14.617+0000] {logging_mixin.py:188} INFO - [2026-04-30T09:02:14.616+0000] {dag.py:3954} INFO - Setting next_dagrun for nyc_fhv_ingestion to None, run_after=None
[2026-04-30T09:02:14.657+0000] {processor.py:183} INFO - Processing /opt/airflow/dags/nyc_fhv_ingestion.py took 0.159 seconds
[2026-04-30T09:02:44.872+0000] {processor.py:161} INFO - Started process (PID=204) to work on /opt/airflow/dags/nyc_fhv_ingestion.py
[2026-04-30T09:02:44.874+0000] {processor.py:830} INFO - Processing file /opt/airflow/dags/nyc_fhv_ingestion.py for tasks to queue
[2026-04-30T09:02:44.879+0000] {logging_mixin.py:188} INFO - [2026-04-30T09:02:44.878+0000] {dagbag.py:545} INFO - Filling up the DagBag from /opt/airflow/dags/nyc_fhv_ingestion.py
[2026-04-30T09:02:44.926+0000] {processor.py:840} INFO - DAG(s) 'nyc_fhv_ingestion' retrieved from /opt/airflow/dags/nyc_fhv_ingestion.py
[2026-04-30T09:02:44.969+0000] {logging_mixin.py:188} INFO - [2026-04-30T09:02:44.968+0000] {dag.py:3096} INFO - Sync 1 DAGs
[2026-04-30T09:02:44.994+0000] {logging_mixin.py:188} INFO - [2026-04-30T09:02:44.993+0000] {dag.py:3954} INFO - Setting next_dagrun for nyc_fhv_ingestion to None, run_after=None
[2026-04-30T09:02:45.040+0000] {processor.py:183} INFO - Processing /opt/airflow/dags/nyc_fhv_ingestion.py took 0.178 seconds
[2026-04-30T09:03:15.366+0000] {processor.py:161} INFO - Started process (PID=215) to work on /opt/airflow/dags/nyc_fhv_ingestion.py
[2026-04-30T09:03:15.368+0000] {processor.py:830} INFO - Processing file /opt/airflow/dags/nyc_fhv_ingestion.py for tasks to queue
[2026-04-30T09:03:15.371+0000] {logging_mixin.py:188} INFO - [2026-04-30T09:03:15.370+0000] {dagbag.py:545} INFO - Filling up the DagBag from /opt/airflow/dags/nyc_fhv_ingestion.py
[2026-04-30T09:03:15.411+0000] {processor.py:840} INFO - DAG(s) 'nyc_fhv_ingestion' retrieved from /opt/airflow/dags/nyc_fhv_ingestion.py
[2026-04-30T09:03:15.451+0000] {logging_mixin.py:188} INFO - [2026-04-30T09:03:15.450+0000] {dag.py:3096} INFO - Sync 1 DAGs
[2026-04-30T09:03:15.482+0000] {logging_mixin.py:188} INFO - [2026-04-30T09:03:15.482+0000] {dag.py:3954} INFO - Setting next_dagrun for nyc_fhv_ingestion to None, run_after=None
[2026-04-30T09:03:15.535+0000] {processor.py:183} INFO - Processing /opt/airflow/dags/nyc_fhv_ingestion.py took 0.178 seconds
[2026-04-30T09:03:45.844+0000] {processor.py:161} INFO - Started process (PID=226) to work on /opt/airflow/dags/nyc_fhv_ingestion.py
[2026-04-30T09:03:45.846+0000] {processor.py:830} INFO - Processing file /opt/airflow/dags/nyc_fhv_ingestion.py for tasks to queue
[2026-04-30T09:03:45.851+0000] {logging_mixin.py:188} INFO - [2026-04-30T09:03:45.850+0000] {dagbag.py:545} INFO - Filling up the DagBag from /opt/airflow/dags/nyc_fhv_ingestion.py
[2026-04-30T09:03:45.937+0000] {processor.py:840} INFO - DAG(s) 'nyc_fhv_ingestion' retrieved from /opt/airflow/dags/nyc_fhv_ingestion.py
[2026-04-30T09:03:45.993+0000] {logging_mixin.py:188} INFO - [2026-04-30T09:03:45.992+0000] {dag.py:3096} INFO - Sync 1 DAGs
[2026-04-30T09:03:46.028+0000] {logging_mixin.py:188} INFO - [2026-04-30T09:03:46.028+0000] {dag.py:3954} INFO - Setting next_dagrun for nyc_fhv_ingestion to None, run_after=None
[2026-04-30T09:03:46.094+0000] {processor.py:183} INFO - Processing /opt/airflow/dags/nyc_fhv_ingestion.py took 0.262 seconds
[2026-04-30T09:04:16.327+0000] {processor.py:161} INFO - Started process (PID=237) to work on /opt/airflow/dags/nyc_fhv_ingestion.py
[2026-04-30T09:04:16.330+0000] {processor.py:830} INFO - Processing file /opt/airflow/dags/nyc_fhv_ingestion.py for tasks to queue
[2026-04-30T09:04:16.334+0000] {logging_mixin.py:188} INFO - [2026-04-30T09:04:16.334+0000] {dagbag.py:545} INFO - Filling up the DagBag from /opt/airflow/dags/nyc_fhv_ingestion.py
[2026-04-30T09:04:16.392+0000] {processor.py:840} INFO - DAG(s) 'nyc_fhv_ingestion' retrieved from /opt/airflow/dags/nyc_fhv_ingestion.py
[2026-04-30T09:04:16.429+0000] {logging_mixin.py:188} INFO - [2026-04-30T09:04:16.429+0000] {dag.py:3096} INFO - Sync 1 DAGs
[2026-04-30T09:04:16.448+0000] {logging_mixin.py:188} INFO - [2026-04-30T09:04:16.448+0000] {dag.py:3954} INFO - Setting next_dagrun for nyc_fhv_ingestion to None, run_after=None
[2026-04-30T09:04:16.479+0000] {processor.py:183} INFO - Processing /opt/airflow/dags/nyc_fhv_ingestion.py took 0.168 seconds
[2026-04-30T09:04:46.594+0000] {processor.py:161} INFO - Started process (PID=248) to work on /opt/airflow/dags/nyc_fhv_ingestion.py
[2026-04-30T09:04:46.596+0000] {processor.py:830} INFO - Processing file /opt/airflow/dags/nyc_fhv_ingestion.py for tasks to queue
[2026-04-30T09:04:46.599+0000] {logging_mixin.py:188} INFO - [2026-04-30T09:04:46.599+0000] {dagbag.py:545} INFO - Filling up the DagBag from /opt/airflow/dags/nyc_fhv_ingestion.py
[2026-04-30T09:04:46.636+0000] {processor.py:840} INFO - DAG(s) 'nyc_fhv_ingestion' retrieved from /opt/airflow/dags/nyc_fhv_ingestion.py
[2026-04-30T09:04:46.668+0000] {logging_mixin.py:188} INFO - [2026-04-30T09:04:46.667+0000] {dag.py:3096} INFO - Sync 1 DAGs
[2026-04-30T09:04:46.685+0000] {logging_mixin.py:188} INFO - [2026-04-30T09:04:46.685+0000] {dag.py:3954} INFO - Setting next_dagrun for nyc_fhv_ingestion to None, run_after=None
[2026-04-30T09:04:46.723+0000] {processor.py:183} INFO - Processing /opt/airflow/dags/nyc_fhv_ingestion.py took 0.138 seconds
[2026-04-30T09:05:16.853+0000] {processor.py:161} INFO - Started process (PID=259) to work on /opt/airflow/dags/nyc_fhv_ingestion.py
[2026-04-30T09:05:16.854+0000] {processor.py:830} INFO - Processing file /opt/airflow/dags/nyc_fhv_ingestion.py for tasks to queue
[2026-04-30T09:05:16.857+0000] {logging_mixin.py:188} INFO - [2026-04-30T09:05:16.856+0000] {dagbag.py:545} INFO - Filling up the DagBag from /opt/airflow/dags/nyc_fhv_ingestion.py
[2026-04-30T09:05:16.890+0000] {processor.py:840} INFO - DAG(s) 'nyc_fhv_ingestion' retrieved from /opt/airflow/dags/nyc_fhv_ingestion.py
[2026-04-30T09:05:16.925+0000] {logging_mixin.py:188} INFO - [2026-04-30T09:05:16.925+0000] {dag.py:3096} INFO - Sync 1 DAGs
[2026-04-30T09:05:16.947+0000] {logging_mixin.py:188} INFO - [2026-04-30T09:05:16.946+0000] {dag.py:3954} INFO - Setting next_dagrun for nyc_fhv_ingestion to None, run_after=None
[2026-04-30T09:05:16.983+0000] {processor.py:183} INFO - Processing /opt/airflow/dags/nyc_fhv_ingestion.py took 0.139 seconds
[2026-04-30T09:05:47.587+0000] {processor.py:161} INFO - Started process (PID=280) to work on /opt/airflow/dags/nyc_fhv_ingestion.py
[2026-04-30T09:05:47.589+0000] {processor.py:830} INFO - Processing file /opt/airflow/dags/nyc_fhv_ingestion.py for tasks to queue
[2026-04-30T09:05:47.592+0000] {logging_mixin.py:188} INFO - [2026-04-30T09:05:47.592+0000] {dagbag.py:545} INFO - Filling up the DagBag from /opt/airflow/dags/nyc_fhv_ingestion.py
[2026-04-30T09:05:47.636+0000] {processor.py:840} INFO - DAG(s) 'nyc_fhv_ingestion' retrieved from /opt/airflow/dags/nyc_fhv_ingestion.py
[2026-04-30T09:05:47.668+0000] {logging_mixin.py:188} INFO - [2026-04-30T09:05:47.668+0000] {dag.py:3096} INFO - Sync 1 DAGs
[2026-04-30T09:05:47.696+0000] {logging_mixin.py:188} INFO - [2026-04-30T09:05:47.695+0000] {dag.py:3954} INFO - Setting next_dagrun for nyc_fhv_ingestion to None, run_after=None
[2026-04-30T09:05:47.748+0000] {processor.py:183} INFO - Processing /opt/airflow/dags/nyc_fhv_ingestion.py took 0.171 seconds
[2026-04-30T09:06:18.043+0000] {processor.py:161} INFO - Started process (PID=302) to work on /opt/airflow/dags/nyc_fhv_ingestion.py
[2026-04-30T09:06:18.044+0000] {processor.py:830} INFO - Processing file /opt/airflow/dags/nyc_fhv_ingestion.py for tasks to queue
[2026-04-30T09:06:18.047+0000] {logging_mixin.py:188} INFO - [2026-04-30T09:06:18.047+0000] {dagbag.py:545} INFO - Filling up the DagBag from /opt/airflow/dags/nyc_fhv_ingestion.py
[2026-04-30T09:06:18.081+0000] {processor.py:840} INFO - DAG(s) 'nyc_fhv_ingestion' retrieved from /opt/airflow/dags/nyc_fhv_ingestion.py
[2026-04-30T09:06:18.113+0000] {logging_mixin.py:188} INFO - [2026-04-30T09:06:18.112+0000] {dag.py:3096} INFO - Sync 1 DAGs
[2026-04-30T09:06:18.129+0000] {logging_mixin.py:188} INFO - [2026-04-30T09:06:18.129+0000] {dag.py:3954} INFO - Setting next_dagrun for nyc_fhv_ingestion to None, run_after=None
[2026-04-30T09:06:18.170+0000] {processor.py:183} INFO - Processing /opt/airflow/dags/nyc_fhv_ingestion.py took 0.136 seconds
[2026-04-30T09:06:49.114+0000] {processor.py:161} INFO - Started process (PID=313) to work on /opt/airflow/dags/nyc_fhv_ingestion.py
[2026-04-30T09:06:49.117+0000] {processor.py:830} INFO - Processing file /opt/airflow/dags/nyc_fhv_ingestion.py for tasks to queue
[2026-04-30T09:06:49.120+0000] {logging_mixin.py:188} INFO - [2026-04-30T09:06:49.119+0000] {dagbag.py:545} INFO - Filling up the DagBag from /opt/airflow/dags/nyc_fhv_ingestion.py
[2026-04-30T09:06:49.160+0000] {processor.py:840} INFO - DAG(s) 'nyc_fhv_ingestion' retrieved from /opt/airflow/dags/nyc_fhv_ingestion.py
[2026-04-30T09:06:49.190+0000] {logging_mixin.py:188} INFO - [2026-04-30T09:06:49.190+0000] {dag.py:3096} INFO - Sync 1 DAGs
[2026-04-30T09:06:49.211+0000] {logging_mixin.py:188} INFO - [2026-04-30T09:06:49.210+0000] {dag.py:3954} INFO - Setting next_dagrun for nyc_fhv_ingestion to None, run_after=None
[2026-04-30T09:06:49.244+0000] {processor.py:183} INFO - Processing /opt/airflow/dags/nyc_fhv_ingestion.py took 0.137 seconds
[2026-04-30T09:07:19.468+0000] {processor.py:161} INFO - Started process (PID=325) to work on /opt/airflow/dags/nyc_fhv_ingestion.py
[2026-04-30T09:07:19.470+0000] {processor.py:830} INFO - Processing file /opt/airflow/dags/nyc_fhv_ingestion.py for tasks to queue
[2026-04-30T09:07:19.474+0000] {logging_mixin.py:188} INFO - [2026-04-30T09:07:19.473+0000] {dagbag.py:545} INFO - Filling up the DagBag from /opt/airflow/dags/nyc_fhv_ingestion.py
[2026-04-30T09:07:19.512+0000] {processor.py:840} INFO - DAG(s) 'nyc_fhv_ingestion' retrieved from /opt/airflow/dags/nyc_fhv_ingestion.py
[2026-04-30T09:07:19.544+0000] {logging_mixin.py:188} INFO - [2026-04-30T09:07:19.544+0000] {dag.py:3096} INFO - Sync 1 DAGs
[2026-04-30T09:07:19.570+0000] {logging_mixin.py:188} INFO - [2026-04-30T09:07:19.569+0000] {dag.py:3954} INFO - Setting next_dagrun for nyc_fhv_ingestion to None, run_after=None
[2026-04-30T09:07:19.609+0000] {processor.py:183} INFO - Processing /opt/airflow/dags/nyc_fhv_ingestion.py took 0.150 seconds
[2026-04-30T09:07:50.637+0000] {processor.py:161} INFO - Started process (PID=336) to work on /opt/airflow/dags/nyc_fhv_ingestion.py
[2026-04-30T09:07:50.641+0000] {processor.py:830} INFO - Processing file /opt/airflow/dags/nyc_fhv_ingestion.py for tasks to queue
[2026-04-30T09:07:50.645+0000] {logging_mixin.py:188} INFO - [2026-04-30T09:07:50.644+0000] {dagbag.py:545} INFO - Filling up the DagBag from /opt/airflow/dags/nyc_fhv_ingestion.py
[2026-04-30T09:07:50.682+0000] {processor.py:840} INFO - DAG(s) 'nyc_fhv_ingestion' retrieved from /opt/airflow/dags/nyc_fhv_ingestion.py
[2026-04-30T09:07:50.715+0000] {logging_mixin.py:188} INFO - [2026-04-30T09:07:50.715+0000] {dag.py:3096} INFO - Sync 1 DAGs
[2026-04-30T09:07:50.734+0000] {logging_mixin.py:188} INFO - [2026-04-30T09:07:50.734+0000] {dag.py:3954} INFO - Setting next_dagrun for nyc_fhv_ingestion to None, run_after=None
[2026-04-30T09:07:50.767+0000] {processor.py:183} INFO - Processing /opt/airflow/dags/nyc_fhv_ingestion.py took 0.138 seconds
[2026-04-30T09:08:21.635+0000] {processor.py:161} INFO - Started process (PID=347) to work on /opt/airflow/dags/nyc_fhv_ingestion.py
[2026-04-30T09:08:21.637+0000] {processor.py:830} INFO - Processing file /opt/airflow/dags/nyc_fhv_ingestion.py for tasks to queue
[2026-04-30T09:08:21.641+0000] {logging_mixin.py:188} INFO - [2026-04-30T09:08:21.640+0000] {dagbag.py:545} INFO - Filling up the DagBag from /opt/airflow/dags/nyc_fhv_ingestion.py
[2026-04-30T09:08:21.683+0000] {processor.py:840} INFO - DAG(s) 'nyc_fhv_ingestion' retrieved from /opt/airflow/dags/nyc_fhv_ingestion.py
[2026-04-30T09:08:21.722+0000] {logging_mixin.py:188} INFO - [2026-04-30T09:08:21.722+0000] {dag.py:3096} INFO - Sync 1 DAGs
[2026-04-30T09:08:21.753+0000] {logging_mixin.py:188} INFO - [2026-04-30T09:08:21.753+0000] {dag.py:3954} INFO - Setting next_dagrun for nyc_fhv_ingestion to None, run_after=None
[2026-04-30T09:08:21.835+0000] {processor.py:183} INFO - Processing /opt/airflow/dags/nyc_fhv_ingestion.py took 0.208 seconds
[2026-04-30T09:08:52.627+0000] {processor.py:161} INFO - Started process (PID=364) to work on /opt/airflow/dags/nyc_fhv_ingestion.py
[2026-04-30T09:08:52.629+0000] {processor.py:830} INFO - Processing file /opt/airflow/dags/nyc_fhv_ingestion.py for tasks to queue
[2026-04-30T09:08:52.632+0000] {logging_mixin.py:188} INFO - [2026-04-30T09:08:52.631+0000] {dagbag.py:545} INFO - Filling up the DagBag from /opt/airflow/dags/nyc_fhv_ingestion.py
[2026-04-30T09:08:52.660+0000] {processor.py:840} INFO - DAG(s) 'nyc_fhv_ingestion' retrieved from /opt/airflow/dags/nyc_fhv_ingestion.py
[2026-04-30T09:08:52.690+0000] {logging_mixin.py:188} INFO - [2026-04-30T09:08:52.689+0000] {dag.py:3096} INFO - Sync 1 DAGs
[2026-04-30T09:08:52.711+0000] {logging_mixin.py:188} INFO - [2026-04-30T09:08:52.711+0000] {dag.py:3954} INFO - Setting next_dagrun for nyc_fhv_ingestion to None, run_after=None
[2026-04-30T09:08:52.760+0000] {processor.py:183} INFO - Processing /opt/airflow/dags/nyc_fhv_ingestion.py took 0.141 seconds
[2026-04-30T09:09:23.684+0000] {processor.py:161} INFO - Started process (PID=375) to work on /opt/airflow/dags/nyc_fhv_ingestion.py
[2026-04-30T09:09:23.686+0000] {processor.py:830} INFO - Processing file /opt/airflow/dags/nyc_fhv_ingestion.py for tasks to queue
[2026-04-30T09:09:23.691+0000] {logging_mixin.py:188} INFO - [2026-04-30T09:09:23.690+0000] {dagbag.py:545} INFO - Filling up the DagBag from /opt/airflow/dags/nyc_fhv_ingestion.py
[2026-04-30T09:09:23.731+0000] {processor.py:840} INFO - DAG(s) 'nyc_fhv_ingestion' retrieved from /opt/airflow/dags/nyc_fhv_ingestion.py
[2026-04-30T09:09:23.765+0000] {logging_mixin.py:188} INFO - [2026-04-30T09:09:23.764+0000] {dag.py:3096} INFO - Sync 1 DAGs
[2026-04-30T09:09:23.791+0000] {logging_mixin.py:188} INFO - [2026-04-30T09:09:23.790+0000] {dag.py:3954} INFO - Setting next_dagrun for nyc_fhv_ingestion to None, run_after=None
[2026-04-30T09:09:23.823+0000] {processor.py:183} INFO - Processing /opt/airflow/dags/nyc_fhv_ingestion.py took 0.150 seconds
[2026-04-30T09:09:54.491+0000] {processor.py:161} INFO - Started process (PID=386) to work on /opt/airflow/dags/nyc_fhv_ingestion.py
[2026-04-30T09:09:54.493+0000] {processor.py:830} INFO - Processing file /opt/airflow/dags/nyc_fhv_ingestion.py for tasks to queue
[2026-04-30T09:09:54.496+0000] {logging_mixin.py:188} INFO - [2026-04-30T09:09:54.495+0000] {dagbag.py:545} INFO - Filling up the DagBag from /opt/airflow/dags/nyc_fhv_ingestion.py
[2026-04-30T09:09:54.532+0000] {processor.py:840} INFO - DAG(s) 'nyc_fhv_ingestion' retrieved from /opt/airflow/dags/nyc_fhv_ingestion.py
[2026-04-30T09:09:54.564+0000] {logging_mixin.py:188} INFO - [2026-04-30T09:09:54.564+0000] {dag.py:3096} INFO - Sync 1 DAGs
[2026-04-30T09:09:54.582+0000] {logging_mixin.py:188} INFO - [2026-04-30T09:09:54.582+0000] {dag.py:3954} INFO - Setting next_dagrun for nyc_fhv_ingestion to None, run_after=None
[2026-04-30T09:09:54.619+0000] {processor.py:183} INFO - Processing /opt/airflow/dags/nyc_fhv_ingestion.py took 0.135 seconds
[2026-04-30T09:10:24.780+0000] {processor.py:161} INFO - Started process (PID=397) to work on /opt/airflow/dags/nyc_fhv_ingestion.py
[2026-04-30T09:10:24.782+0000] {processor.py:830} INFO - Processing file /opt/airflow/dags/nyc_fhv_ingestion.py for tasks to queue
[2026-04-30T09:10:24.786+0000] {logging_mixin.py:188} INFO - [2026-04-30T09:10:24.785+0000] {dagbag.py:545} INFO - Filling up the DagBag from /opt/airflow/dags/nyc_fhv_ingestion.py
[2026-04-30T09:10:24.830+0000] {processor.py:840} INFO - DAG(s) 'nyc_fhv_ingestion' retrieved from /opt/airflow/dags/nyc_fhv_ingestion.py
[2026-04-30T09:10:24.866+0000] {logging_mixin.py:188} INFO - [2026-04-30T09:10:24.865+0000] {dag.py:3096} INFO - Sync 1 DAGs
[2026-04-30T09:10:24.887+0000] {logging_mixin.py:188} INFO - [2026-04-30T09:10:24.887+0000] {dag.py:3954} INFO - Setting next_dagrun for nyc_fhv_ingestion to None, run_after=None
[2026-04-30T09:10:24.924+0000] {processor.py:183} INFO - Processing /opt/airflow/dags/nyc_fhv_ingestion.py took 0.154 seconds
[2026-04-30T09:10:55.796+0000] {processor.py:161} INFO - Started process (PID=412) to work on /opt/airflow/dags/nyc_fhv_ingestion.py
[2026-04-30T09:10:55.799+0000] {processor.py:830} INFO - Processing file /opt/airflow/dags/nyc_fhv_ingestion.py for tasks to queue
[2026-04-30T09:10:55.804+0000] {logging_mixin.py:188} INFO - [2026-04-30T09:10:55.803+0000] {dagbag.py:545} INFO - Filling up the DagBag from /opt/airflow/dags/nyc_fhv_ingestion.py
[2026-04-30T09:10:55.852+0000] {processor.py:840} INFO - DAG(s) 'nyc_fhv_ingestion' retrieved from /opt/airflow/dags/nyc_fhv_ingestion.py
[2026-04-30T09:10:55.892+0000] {logging_mixin.py:188} INFO - [2026-04-30T09:10:55.892+0000] {dag.py:3096} INFO - Sync 1 DAGs
[2026-04-30T09:10:55.932+0000] {logging_mixin.py:188} INFO - [2026-04-30T09:10:55.931+0000] {dag.py:3954} INFO - Setting next_dagrun for nyc_fhv_ingestion to None, run_after=None
[2026-04-30T09:10:55.999+0000] {processor.py:183} INFO - Processing /opt/airflow/dags/nyc_fhv_ingestion.py took 0.218 seconds
[2026-04-30T09:11:26.990+0000] {processor.py:161} INFO - Started process (PID=423) to work on /opt/airflow/dags/nyc_fhv_ingestion.py
[2026-04-30T09:11:26.992+0000] {processor.py:830} INFO - Processing file /opt/airflow/dags/nyc_fhv_ingestion.py for tasks to queue
[2026-04-30T09:11:26.996+0000] {logging_mixin.py:188} INFO - [2026-04-30T09:11:26.995+0000] {dagbag.py:545} INFO - Filling up the DagBag from /opt/airflow/dags/nyc_fhv_ingestion.py
[2026-04-30T09:11:27.031+0000] {processor.py:840} INFO - DAG(s) 'nyc_fhv_ingestion' retrieved from /opt/airflow/dags/nyc_fhv_ingestion.py
[2026-04-30T09:11:27.062+0000] {logging_mixin.py:188} INFO - [2026-04-30T09:11:27.062+0000] {dag.py:3096} INFO - Sync 1 DAGs
[2026-04-30T09:11:27.084+0000] {logging_mixin.py:188} INFO - [2026-04-30T09:11:27.083+0000] {dag.py:3954} INFO - Setting next_dagrun for nyc_fhv_ingestion to None, run_after=None
[2026-04-30T09:11:27.121+0000] {processor.py:183} INFO - Processing /opt/airflow/dags/nyc_fhv_ingestion.py took 0.141 seconds
[2026-04-30T09:11:57.851+0000] {processor.py:161} INFO - Started process (PID=434) to work on /opt/airflow/dags/nyc_fhv_ingestion.py
[2026-04-30T09:11:57.852+0000] {processor.py:830} INFO - Processing file /opt/airflow/dags/nyc_fhv_ingestion.py for tasks to queue
[2026-04-30T09:11:57.855+0000] {logging_mixin.py:188} INFO - [2026-04-30T09:11:57.855+0000] {dagbag.py:545} INFO - Filling up the DagBag from /opt/airflow/dags/nyc_fhv_ingestion.py
[2026-04-30T09:11:57.890+0000] {processor.py:840} INFO - DAG(s) 'nyc_fhv_ingestion' retrieved from /opt/airflow/dags/nyc_fhv_ingestion.py
[2026-04-30T09:11:57.918+0000] {logging_mixin.py:188} INFO - [2026-04-30T09:11:57.918+0000] {dag.py:3096} INFO - Sync 1 DAGs
[2026-04-30T09:11:57.940+0000] {logging_mixin.py:188} INFO - [2026-04-30T09:11:57.940+0000] {dag.py:3954} INFO - Setting next_dagrun for nyc_fhv_ingestion to None, run_after=None
[2026-04-30T09:11:57.972+0000] {processor.py:183} INFO - Processing /opt/airflow/dags/nyc_fhv_ingestion.py took 0.129 seconds
[2026-04-30T09:12:28.583+0000] {processor.py:161} INFO - Started process (PID=445) to work on /opt/airflow/dags/nyc_fhv_ingestion.py
[2026-04-30T09:12:28.584+0000] {processor.py:830} INFO - Processing file /opt/airflow/dags/nyc_fhv_ingestion.py for tasks to queue
[2026-04-30T09:12:28.587+0000] {logging_mixin.py:188} INFO - [2026-04-30T09:12:28.587+0000] {dagbag.py:545} INFO - Filling up the DagBag from /opt/airflow/dags/nyc_fhv_ingestion.py
[2026-04-30T09:12:28.616+0000] {processor.py:840} INFO - DAG(s) 'nyc_fhv_ingestion' retrieved from /opt/airflow/dags/nyc_fhv_ingestion.py
[2026-04-30T09:12:28.649+0000] {logging_mixin.py:188} INFO - [2026-04-30T09:12:28.648+0000] {dag.py:3096} INFO - Sync 1 DAGs
[2026-04-30T09:12:28.669+0000] {logging_mixin.py:188} INFO - [2026-04-30T09:12:28.669+0000] {dag.py:3954} INFO - Setting next_dagrun for nyc_fhv_ingestion to None, run_after=None
[2026-04-30T09:12:28.699+0000] {processor.py:183} INFO - Processing /opt/airflow/dags/nyc_fhv_ingestion.py took 0.126 seconds
[2026-04-30T09:12:58.811+0000] {processor.py:161} INFO - Started process (PID=457) to work on /opt/airflow/dags/nyc_fhv_ingestion.py
[2026-04-30T09:12:58.812+0000] {processor.py:830} INFO - Processing file /opt/airflow/dags/nyc_fhv_ingestion.py for tasks to queue
[2026-04-30T09:12:58.815+0000] {logging_mixin.py:188} INFO - [2026-04-30T09:12:58.814+0000] {dagbag.py:545} INFO - Filling up the DagBag from /opt/airflow/dags/nyc_fhv_ingestion.py
[2026-04-30T09:12:58.846+0000] {processor.py:840} INFO - DAG(s) 'nyc_fhv_ingestion' retrieved from /opt/airflow/dags/nyc_fhv_ingestion.py
[2026-04-30T09:12:58.875+0000] {logging_mixin.py:188} INFO - [2026-04-30T09:12:58.875+0000] {dag.py:3096} INFO - Sync 1 DAGs
[2026-04-30T09:12:58.894+0000] {logging_mixin.py:188} INFO - [2026-04-30T09:12:58.894+0000] {dag.py:3954} INFO - Setting next_dagrun for nyc_fhv_ingestion to None, run_after=None
[2026-04-30T09:12:58.932+0000] {processor.py:183} INFO - Processing /opt/airflow/dags/nyc_fhv_ingestion.py took 0.129 seconds
[2026-04-30T09:13:29.233+0000] {processor.py:161} INFO - Started process (PID=468) to work on /opt/airflow/dags/nyc_fhv_ingestion.py
[2026-04-30T09:13:29.235+0000] {processor.py:830} INFO - Processing file /opt/airflow/dags/nyc_fhv_ingestion.py for tasks to queue
[2026-04-30T09:13:29.239+0000] {logging_mixin.py:188} INFO - [2026-04-30T09:13:29.238+0000] {dagbag.py:545} INFO - Filling up the DagBag from /opt/airflow/dags/nyc_fhv_ingestion.py
[2026-04-30T09:13:29.288+0000] {processor.py:840} INFO - DAG(s) 'nyc_fhv_ingestion' retrieved from /opt/airflow/dags/nyc_fhv_ingestion.py
[2026-04-30T09:13:29.322+0000] {logging_mixin.py:188} INFO - [2026-04-30T09:13:29.322+0000] {dag.py:3096} INFO - Sync 1 DAGs
[2026-04-30T09:13:29.345+0000] {logging_mixin.py:188} INFO - [2026-04-30T09:13:29.345+0000] {dag.py:3954} INFO - Setting next_dagrun for nyc_fhv_ingestion to None, run_after=None
[2026-04-30T09:13:29.382+0000] {processor.py:183} INFO - Processing /opt/airflow/dags/nyc_fhv_ingestion.py took 0.157 seconds
[2026-04-30T09:13:59.527+0000] {processor.py:161} INFO - Started process (PID=480) to work on /opt/airflow/dags/nyc_fhv_ingestion.py
[2026-04-30T09:13:59.529+0000] {processor.py:830} INFO - Processing file /opt/airflow/dags/nyc_fhv_ingestion.py for tasks to queue
[2026-04-30T09:13:59.532+0000] {logging_mixin.py:188} INFO - [2026-04-30T09:13:59.531+0000] {dagbag.py:545} INFO - Filling up the DagBag from /opt/airflow/dags/nyc_fhv_ingestion.py
[2026-04-30T09:13:59.564+0000] {processor.py:840} INFO - DAG(s) 'nyc_fhv_ingestion' retrieved from /opt/airflow/dags/nyc_fhv_ingestion.py
[2026-04-30T09:13:59.592+0000] {logging_mixin.py:188} INFO - [2026-04-30T09:13:59.592+0000] {dag.py:3096} INFO - Sync 1 DAGs
[2026-04-30T09:13:59.613+0000] {logging_mixin.py:188} INFO - [2026-04-30T09:13:59.613+0000] {dag.py:3954} INFO - Setting next_dagrun for nyc_fhv_ingestion to None, run_after=None
[2026-04-30T09:13:59.649+0000] {processor.py:183} INFO - Processing /opt/airflow/dags/nyc_fhv_ingestion.py took 0.131 seconds
[2026-04-30T09:14:30.449+0000] {processor.py:161} INFO - Started process (PID=491) to work on /opt/airflow/dags/nyc_fhv_ingestion.py
[2026-04-30T09:14:30.450+0000] {processor.py:830} INFO - Processing file /opt/airflow/dags/nyc_fhv_ingestion.py for tasks to queue
[2026-04-30T09:14:30.456+0000] {logging_mixin.py:188} INFO - [2026-04-30T09:14:30.455+0000] {dagbag.py:545} INFO - Filling up the DagBag from /opt/airflow/dags/nyc_fhv_ingestion.py
[2026-04-30T09:14:30.491+0000] {processor.py:840} INFO - DAG(s) 'nyc_fhv_ingestion' retrieved from /opt/airflow/dags/nyc_fhv_ingestion.py
[2026-04-30T09:14:30.520+0000] {logging_mixin.py:188} INFO - [2026-04-30T09:14:30.520+0000] {dag.py:3096} INFO - Sync 1 DAGs
[2026-04-30T09:14:30.543+0000] {logging_mixin.py:188} INFO - [2026-04-30T09:14:30.543+0000] {dag.py:3954} INFO - Setting next_dagrun for nyc_fhv_ingestion to None, run_after=None
[2026-04-30T09:14:30.574+0000] {processor.py:183} INFO - Processing /opt/airflow/dags/nyc_fhv_ingestion.py took 0.135 seconds
[2026-04-30T09:15:01.309+0000] {processor.py:161} INFO - Started process (PID=502) to work on /opt/airflow/dags/nyc_fhv_ingestion.py
[2026-04-30T09:15:01.311+0000] {processor.py:830} INFO - Processing file /opt/airflow/dags/nyc_fhv_ingestion.py for tasks to queue
[2026-04-30T09:15:01.314+0000] {logging_mixin.py:188} INFO - [2026-04-30T09:15:01.313+0000] {dagbag.py:545} INFO - Filling up the DagBag from /opt/airflow/dags/nyc_fhv_ingestion.py
[2026-04-30T09:15:01.351+0000] {processor.py:840} INFO - DAG(s) 'nyc_fhv_ingestion' retrieved from /opt/airflow/dags/nyc_fhv_ingestion.py
[2026-04-30T09:15:01.397+0000] {logging_mixin.py:188} INFO - [2026-04-30T09:15:01.397+0000] {dag.py:3096} INFO - Sync 1 DAGs
[2026-04-30T09:15:01.424+0000] {logging_mixin.py:188} INFO - [2026-04-30T09:15:01.424+0000] {dag.py:3954} INFO - Setting next_dagrun for nyc_fhv_ingestion to None, run_after=None
[2026-04-30T09:15:01.473+0000] {processor.py:183} INFO - Processing /opt/airflow/dags/nyc_fhv_ingestion.py took 0.173 seconds
[2026-04-30T09:15:32.229+0000] {processor.py:161} INFO - Started process (PID=513) to work on /opt/airflow/dags/nyc_fhv_ingestion.py
[2026-04-30T09:15:32.231+0000] {processor.py:830} INFO - Processing file /opt/airflow/dags/nyc_fhv_ingestion.py for tasks to queue
[2026-04-30T09:15:32.233+0000] {logging_mixin.py:188} INFO - [2026-04-30T09:15:32.233+0000] {dagbag.py:545} INFO - Filling up the DagBag from /opt/airflow/dags/nyc_fhv_ingestion.py
[2026-04-30T09:15:32.265+0000] {processor.py:840} INFO - DAG(s) 'nyc_fhv_ingestion' retrieved from /opt/airflow/dags/nyc_fhv_ingestion.py
[2026-04-30T09:15:32.296+0000] {logging_mixin.py:188} INFO - [2026-04-30T09:15:32.296+0000] {dag.py:3096} INFO - Sync 1 DAGs
[2026-04-30T09:15:32.318+0000] {logging_mixin.py:188} INFO - [2026-04-30T09:15:32.317+0000] {dag.py:3954} INFO - Setting next_dagrun for nyc_fhv_ingestion to None, run_after=None
[2026-04-30T09:15:32.349+0000] {processor.py:183} INFO - Processing /opt/airflow/dags/nyc_fhv_ingestion.py took 0.129 seconds
[2026-04-30T09:16:03.001+0000] {processor.py:161} INFO - Started process (PID=524) to work on /opt/airflow/dags/nyc_fhv_ingestion.py
[2026-04-30T09:16:03.003+0000] {processor.py:830} INFO - Processing file /opt/airflow/dags/nyc_fhv_ingestion.py for tasks to queue
[2026-04-30T09:16:03.007+0000] {logging_mixin.py:188} INFO - [2026-04-30T09:16:03.006+0000] {dagbag.py:545} INFO - Filling up the DagBag from /opt/airflow/dags/nyc_fhv_ingestion.py
[2026-04-30T09:16:03.063+0000] {processor.py:840} INFO - DAG(s) 'nyc_fhv_ingestion' retrieved from /opt/airflow/dags/nyc_fhv_ingestion.py
[2026-04-30T09:16:03.100+0000] {logging_mixin.py:188} INFO - [2026-04-30T09:16:03.099+0000] {dag.py:3096} INFO - Sync 1 DAGs
[2026-04-30T09:16:03.123+0000] {logging_mixin.py:188} INFO - [2026-04-30T09:16:03.122+0000] {dag.py:3954} INFO - Setting next_dagrun for nyc_fhv_ingestion to None, run_after=None
[2026-04-30T09:16:03.156+0000] {processor.py:183} INFO - Processing /opt/airflow/dags/nyc_fhv_ingestion.py took 0.163 seconds
[2026-04-30T09:16:34.051+0000] {processor.py:161} INFO - Started process (PID=536) to work on /opt/airflow/dags/nyc_fhv_ingestion.py
[2026-04-30T09:16:34.053+0000] {processor.py:830} INFO - Processing file /opt/airflow/dags/nyc_fhv_ingestion.py for tasks to queue
[2026-04-30T09:16:34.056+0000] {logging_mixin.py:188} INFO - [2026-04-30T09:16:34.056+0000] {dagbag.py:545} INFO - Filling up the DagBag from /opt/airflow/dags/nyc_fhv_ingestion.py
[2026-04-30T09:16:34.082+0000] {processor.py:840} INFO - DAG(s) 'nyc_fhv_ingestion' retrieved from /opt/airflow/dags/nyc_fhv_ingestion.py
[2026-04-30T09:16:34.108+0000] {logging_mixin.py:188} INFO - [2026-04-30T09:16:34.108+0000] {dag.py:3096} INFO - Sync 1 DAGs
[2026-04-30T09:16:34.129+0000] {logging_mixin.py:188} INFO - [2026-04-30T09:16:34.128+0000] {dag.py:3954} INFO - Setting next_dagrun for nyc_fhv_ingestion to None, run_after=None
[2026-04-30T09:16:34.158+0000] {processor.py:183} INFO - Processing /opt/airflow/dags/nyc_fhv_ingestion.py took 0.117 seconds
[2026-04-30T09:17:04.981+0000] {processor.py:161} INFO - Started process (PID=547) to work on /opt/airflow/dags/nyc_fhv_ingestion.py
[2026-04-30T09:17:04.983+0000] {processor.py:830} INFO - Processing file /opt/airflow/dags/nyc_fhv_ingestion.py for tasks to queue
[2026-04-30T09:17:04.986+0000] {logging_mixin.py:188} INFO - [2026-04-30T09:17:04.985+0000] {dagbag.py:545} INFO - Filling up the DagBag from /opt/airflow/dags/nyc_fhv_ingestion.py
[2026-04-30T09:17:05.025+0000] {processor.py:840} INFO - DAG(s) 'nyc_fhv_ingestion' retrieved from /opt/airflow/dags/nyc_fhv_ingestion.py
[2026-04-30T09:17:05.063+0000] {logging_mixin.py:188} INFO - [2026-04-30T09:17:05.062+0000] {dag.py:3096} INFO - Sync 1 DAGs
[2026-04-30T09:17:05.084+0000] {logging_mixin.py:188} INFO - [2026-04-30T09:17:05.084+0000] {dag.py:3954} INFO - Setting next_dagrun for nyc_fhv_ingestion to None, run_after=None
[2026-04-30T09:17:05.120+0000] {processor.py:183} INFO - Processing /opt/airflow/dags/nyc_fhv_ingestion.py took 0.147 seconds
[2026-04-30T09:17:35.839+0000] {processor.py:161} INFO - Started process (PID=558) to work on /opt/airflow/dags/nyc_fhv_ingestion.py
[2026-04-30T09:17:35.841+0000] {processor.py:830} INFO - Processing file /opt/airflow/dags/nyc_fhv_ingestion.py for tasks to queue
[2026-04-30T09:17:35.844+0000] {logging_mixin.py:188} INFO - [2026-04-30T09:17:35.843+0000] {dagbag.py:545} INFO - Filling up the DagBag from /opt/airflow/dags/nyc_fhv_ingestion.py
[2026-04-30T09:17:35.880+0000] {processor.py:840} INFO - DAG(s) 'nyc_fhv_ingestion' retrieved from /opt/airflow/dags/nyc_fhv_ingestion.py
[2026-04-30T09:17:35.916+0000] {logging_mixin.py:188} INFO - [2026-04-30T09:17:35.915+0000] {dag.py:3096} INFO - Sync 1 DAGs
[2026-04-30T09:17:35.939+0000] {logging_mixin.py:188} INFO - [2026-04-30T09:17:35.938+0000] {dag.py:3954} INFO - Setting next_dagrun for nyc_fhv_ingestion to None, run_after=None
[2026-04-30T09:17:35.968+0000] {processor.py:183} INFO - Processing /opt/airflow/dags/nyc_fhv_ingestion.py took 0.138 seconds
[2026-04-30T09:18:06.576+0000] {processor.py:161} INFO - Started process (PID=569) to work on /opt/airflow/dags/nyc_fhv_ingestion.py
[2026-04-30T09:18:06.577+0000] {processor.py:830} INFO - Processing file /opt/airflow/dags/nyc_fhv_ingestion.py for tasks to queue
[2026-04-30T09:18:06.581+0000] {logging_mixin.py:188} INFO - [2026-04-30T09:18:06.580+0000] {dagbag.py:545} INFO - Filling up the DagBag from /opt/airflow/dags/nyc_fhv_ingestion.py
[2026-04-30T09:18:06.618+0000] {processor.py:840} INFO - DAG(s) 'nyc_fhv_ingestion' retrieved from /opt/airflow/dags/nyc_fhv_ingestion.py
[2026-04-30T09:18:06.648+0000] {logging_mixin.py:188} INFO - [2026-04-30T09:18:06.648+0000] {dag.py:3096} INFO - Sync 1 DAGs
[2026-04-30T09:18:06.668+0000] {logging_mixin.py:188} INFO - [2026-04-30T09:18:06.668+0000] {dag.py:3954} INFO - Setting next_dagrun for nyc_fhv_ingestion to None, run_after=None
[2026-04-30T09:18:06.704+0000] {processor.py:183} INFO - Processing /opt/airflow/dags/nyc_fhv_ingestion.py took 0.138 seconds
[2026-04-30T09:18:37.534+0000] {processor.py:161} INFO - Started process (PID=580) to work on /opt/airflow/dags/nyc_fhv_ingestion.py
[2026-04-30T09:18:37.537+0000] {processor.py:830} INFO - Processing file /opt/airflow/dags/nyc_fhv_ingestion.py for tasks to queue
[2026-04-30T09:18:37.541+0000] {logging_mixin.py:188} INFO - [2026-04-30T09:18:37.541+0000] {dagbag.py:545} INFO - Filling up the DagBag from /opt/airflow/dags/nyc_fhv_ingestion.py
[2026-04-30T09:18:37.579+0000] {processor.py:840} INFO - DAG(s) 'nyc_fhv_ingestion' retrieved from /opt/airflow/dags/nyc_fhv_ingestion.py
[2026-04-30T09:18:37.611+0000] {logging_mixin.py:188} INFO - [2026-04-30T09:18:37.611+0000] {dag.py:3096} INFO - Sync 1 DAGs
[2026-04-30T09:18:37.630+0000] {logging_mixin.py:188} INFO - [2026-04-30T09:18:37.630+0000] {dag.py:3954} INFO - Setting next_dagrun for nyc_fhv_ingestion to None, run_after=None
[2026-04-30T09:18:37.670+0000] {processor.py:183} INFO - Processing /opt/airflow/dags/nyc_fhv_ingestion.py took 0.145 seconds
[2026-04-30T09:19:08.352+0000] {processor.py:161} INFO - Started process (PID=592) to work on /opt/airflow/dags/nyc_fhv_ingestion.py
[2026-04-30T09:19:08.354+0000] {processor.py:830} INFO - Processing file /opt/airflow/dags/nyc_fhv_ingestion.py for tasks to queue
[2026-04-30T09:19:08.357+0000] {logging_mixin.py:188} INFO - [2026-04-30T09:19:08.357+0000] {dagbag.py:545} INFO - Filling up the DagBag from /opt/airflow/dags/nyc_fhv_ingestion.py
[2026-04-30T09:19:08.399+0000] {processor.py:840} INFO - DAG(s) 'nyc_fhv_ingestion' retrieved from /opt/airflow/dags/nyc_fhv_ingestion.py
[2026-04-30T09:19:08.432+0000] {logging_mixin.py:188} INFO - [2026-04-30T09:19:08.431+0000] {dag.py:3096} INFO - Sync 1 DAGs
[2026-04-30T09:19:08.454+0000] {logging_mixin.py:188} INFO - [2026-04-30T09:19:08.453+0000] {dag.py:3954} INFO - Setting next_dagrun for nyc_fhv_ingestion to None, run_after=None
[2026-04-30T09:19:08.490+0000] {processor.py:183} INFO - Processing /opt/airflow/dags/nyc_fhv_ingestion.py took 0.145 seconds
[2026-04-30T09:19:38.674+0000] {processor.py:161} INFO - Started process (PID=603) to work on /opt/airflow/dags/nyc_fhv_ingestion.py
[2026-04-30T09:19:38.676+0000] {processor.py:830} INFO - Processing file /opt/airflow/dags/nyc_fhv_ingestion.py for tasks to queue
[2026-04-30T09:19:38.680+0000] {logging_mixin.py:188} INFO - [2026-04-30T09:19:38.679+0000] {dagbag.py:545} INFO - Filling up the DagBag from /opt/airflow/dags/nyc_fhv_ingestion.py
[2026-04-30T09:19:38.713+0000] {processor.py:840} INFO - DAG(s) 'nyc_fhv_ingestion' retrieved from /opt/airflow/dags/nyc_fhv_ingestion.py
[2026-04-30T09:19:38.748+0000] {logging_mixin.py:188} INFO - [2026-04-30T09:19:38.747+0000] {dag.py:3096} INFO - Sync 1 DAGs
[2026-04-30T09:19:38.767+0000] {logging_mixin.py:188} INFO - [2026-04-30T09:19:38.767+0000] {dag.py:3954} INFO - Setting next_dagrun for nyc_fhv_ingestion to None, run_after=None
[2026-04-30T09:19:38.803+0000] {processor.py:183} INFO - Processing /opt/airflow/dags/nyc_fhv_ingestion.py took 0.137 seconds
[2026-04-30T09:20:09.546+0000] {processor.py:161} INFO - Started process (PID=614) to work on /opt/airflow/dags/nyc_fhv_ingestion.py
[2026-04-30T09:20:09.548+0000] {processor.py:830} INFO - Processing file /opt/airflow/dags/nyc_fhv_ingestion.py for tasks to queue
[2026-04-30T09:20:09.551+0000] {logging_mixin.py:188} INFO - [2026-04-30T09:20:09.551+0000] {dagbag.py:545} INFO - Filling up the DagBag from /opt/airflow/dags/nyc_fhv_ingestion.py
[2026-04-30T09:20:09.596+0000] {processor.py:840} INFO - DAG(s) 'nyc_fhv_ingestion' retrieved from /opt/airflow/dags/nyc_fhv_ingestion.py
[2026-04-30T09:20:09.625+0000] {logging_mixin.py:188} INFO - [2026-04-30T09:20:09.625+0000] {dag.py:3096} INFO - Sync 1 DAGs
[2026-04-30T09:20:09.647+0000] {logging_mixin.py:188} INFO - [2026-04-30T09:20:09.647+0000] {dag.py:3954} INFO - Setting next_dagrun for nyc_fhv_ingestion to None, run_after=None
[2026-04-30T09:20:09.685+0000] {processor.py:183} INFO - Processing /opt/airflow/dags/nyc_fhv_ingestion.py took 0.150 seconds
[2026-04-30T09:20:40.643+0000] {processor.py:161} INFO - Started process (PID=625) to work on /opt/airflow/dags/nyc_fhv_ingestion.py
[2026-04-30T09:20:40.644+0000] {processor.py:830} INFO - Processing file /opt/airflow/dags/nyc_fhv_ingestion.py for tasks to queue
[2026-04-30T09:20:40.649+0000] {logging_mixin.py:188} INFO - [2026-04-30T09:20:40.648+0000] {dagbag.py:545} INFO - Filling up the DagBag from /opt/airflow/dags/nyc_fhv_ingestion.py
[2026-04-30T09:20:40.687+0000] {processor.py:840} INFO - DAG(s) 'nyc_fhv_ingestion' retrieved from /opt/airflow/dags/nyc_fhv_ingestion.py
[2026-04-30T09:20:40.722+0000] {logging_mixin.py:188} INFO - [2026-04-30T09:20:40.721+0000] {dag.py:3096} INFO - Sync 1 DAGs
[2026-04-30T09:20:40.744+0000] {logging_mixin.py:188} INFO - [2026-04-30T09:20:40.744+0000] {dag.py:3954} INFO - Setting next_dagrun for nyc_fhv_ingestion to None, run_after=None
[2026-04-30T09:20:40.784+0000] {processor.py:183} INFO - Processing /opt/airflow/dags/nyc_fhv_ingestion.py took 0.150 seconds
[2026-04-30T09:21:10.974+0000] {processor.py:161} INFO - Started process (PID=636) to work on /opt/airflow/dags/nyc_fhv_ingestion.py
[2026-04-30T09:21:10.976+0000] {processor.py:830} INFO - Processing file /opt/airflow/dags/nyc_fhv_ingestion.py for tasks to queue
[2026-04-30T09:21:10.980+0000] {logging_mixin.py:188} INFO - [2026-04-30T09:21:10.979+0000] {dagbag.py:545} INFO - Filling up the DagBag from /opt/airflow/dags/nyc_fhv_ingestion.py
[2026-04-30T09:21:11.031+0000] {processor.py:840} INFO - DAG(s) 'nyc_fhv_ingestion' retrieved from /opt/airflow/dags/nyc_fhv_ingestion.py
[2026-04-30T09:21:11.065+0000] {logging_mixin.py:188} INFO - [2026-04-30T09:21:11.064+0000] {dag.py:3096} INFO - Sync 1 DAGs
[2026-04-30T09:21:11.086+0000] {logging_mixin.py:188} INFO - [2026-04-30T09:21:11.086+0000] {dag.py:3954} INFO - Setting next_dagrun for nyc_fhv_ingestion to None, run_after=None
[2026-04-30T09:21:11.134+0000] {processor.py:183} INFO - Processing /opt/airflow/dags/nyc_fhv_ingestion.py took 0.169 seconds
[2026-04-30T09:21:42.194+0000] {processor.py:161} INFO - Started process (PID=647) to work on /opt/airflow/dags/nyc_fhv_ingestion.py
[2026-04-30T09:21:42.199+0000] {processor.py:830} INFO - Processing file /opt/airflow/dags/nyc_fhv_ingestion.py for tasks to queue
[2026-04-30T09:21:42.205+0000] {logging_mixin.py:188} INFO - [2026-04-30T09:21:42.204+0000] {dagbag.py:545} INFO - Filling up the DagBag from /opt/airflow/dags/nyc_fhv_ingestion.py
[2026-04-30T09:21:42.264+0000] {processor.py:840} INFO - DAG(s) 'nyc_fhv_ingestion' retrieved from /opt/airflow/dags/nyc_fhv_ingestion.py
[2026-04-30T09:21:42.308+0000] {logging_mixin.py:188} INFO - [2026-04-30T09:21:42.307+0000] {dag.py:3096} INFO - Sync 1 DAGs
[2026-04-30T09:21:42.338+0000] {logging_mixin.py:188} INFO - [2026-04-30T09:21:42.338+0000] {dag.py:3954} INFO - Setting next_dagrun for nyc_fhv_ingestion to None, run_after=None
[2026-04-30T09:21:42.384+0000] {processor.py:183} INFO - Processing /opt/airflow/dags/nyc_fhv_ingestion.py took 0.205 seconds
[2026-04-30T09:22:13.515+0000] {processor.py:161} INFO - Started process (PID=658) to work on /opt/airflow/dags/nyc_fhv_ingestion.py
[2026-04-30T09:22:13.517+0000] {processor.py:830} INFO - Processing file /opt/airflow/dags/nyc_fhv_ingestion.py for tasks to queue
[2026-04-30T09:22:13.523+0000] {logging_mixin.py:188} INFO - [2026-04-30T09:22:13.522+0000] {dagbag.py:545} INFO - Filling up the DagBag from /opt/airflow/dags/nyc_fhv_ingestion.py
[2026-04-30T09:22:13.572+0000] {processor.py:840} INFO - DAG(s) 'nyc_fhv_ingestion' retrieved from /opt/airflow/dags/nyc_fhv_ingestion.py
[2026-04-30T09:22:13.610+0000] {logging_mixin.py:188} INFO - [2026-04-30T09:22:13.609+0000] {dag.py:3096} INFO - Sync 1 DAGs
[2026-04-30T09:22:13.640+0000] {logging_mixin.py:188} INFO - [2026-04-30T09:22:13.640+0000] {dag.py:3954} INFO - Setting next_dagrun for nyc_fhv_ingestion to None, run_after=None
[2026-04-30T09:22:13.688+0000] {processor.py:183} INFO - Processing /opt/airflow/dags/nyc_fhv_ingestion.py took 0.182 seconds
[2026-04-30T09:22:44.238+0000] {processor.py:161} INFO - Started process (PID=670) to work on /opt/airflow/dags/nyc_fhv_ingestion.py
[2026-04-30T09:22:44.239+0000] {processor.py:830} INFO - Processing file /opt/airflow/dags/nyc_fhv_ingestion.py for tasks to queue
[2026-04-30T09:22:44.243+0000] {logging_mixin.py:188} INFO - [2026-04-30T09:22:44.242+0000] {dagbag.py:545} INFO - Filling up the DagBag from /opt/airflow/dags/nyc_fhv_ingestion.py
[2026-04-30T09:22:44.281+0000] {processor.py:840} INFO - DAG(s) 'nyc_fhv_ingestion' retrieved from /opt/airflow/dags/nyc_fhv_ingestion.py
[2026-04-30T09:22:44.310+0000] {logging_mixin.py:188} INFO - [2026-04-30T09:22:44.310+0000] {dag.py:3096} INFO - Sync 1 DAGs
[2026-04-30T09:22:44.331+0000] {logging_mixin.py:188} INFO - [2026-04-30T09:22:44.331+0000] {dag.py:3954} INFO - Setting next_dagrun for nyc_fhv_ingestion to None, run_after=None
[2026-04-30T09:22:44.364+0000] {processor.py:183} INFO - Processing /opt/airflow/dags/nyc_fhv_ingestion.py took 0.134 seconds
[2026-04-30T09:23:14.502+0000] {processor.py:161} INFO - Started process (PID=681) to work on /opt/airflow/dags/nyc_fhv_ingestion.py
[2026-04-30T09:23:14.504+0000] {processor.py:830} INFO - Processing file /opt/airflow/dags/nyc_fhv_ingestion.py for tasks to queue
[2026-04-30T09:23:14.508+0000] {logging_mixin.py:188} INFO - [2026-04-30T09:23:14.508+0000] {dagbag.py:545} INFO - Filling up the DagBag from /opt/airflow/dags/nyc_fhv_ingestion.py
[2026-04-30T09:23:14.546+0000] {processor.py:840} INFO - DAG(s) 'nyc_fhv_ingestion' retrieved from /opt/airflow/dags/nyc_fhv_ingestion.py
[2026-04-30T09:23:14.579+0000] {logging_mixin.py:188} INFO - [2026-04-30T09:23:14.578+0000] {dag.py:3096} INFO - Sync 1 DAGs
[2026-04-30T09:23:14.604+0000] {logging_mixin.py:188} INFO - [2026-04-30T09:23:14.604+0000] {dag.py:3954} INFO - Setting next_dagrun for nyc_fhv_ingestion to None, run_after=None
[2026-04-30T09:23:14.662+0000] {processor.py:183} INFO - Processing /opt/airflow/dags/nyc_fhv_ingestion.py took 0.170 seconds
[2026-04-30T09:23:45.496+0000] {processor.py:161} INFO - Started process (PID=692) to work on /opt/airflow/dags/nyc_fhv_ingestion.py
[2026-04-30T09:23:45.499+0000] {processor.py:830} INFO - Processing file /opt/airflow/dags/nyc_fhv_ingestion.py for tasks to queue
[2026-04-30T09:23:45.503+0000] {logging_mixin.py:188} INFO - [2026-04-30T09:23:45.502+0000] {dagbag.py:545} INFO - Filling up the DagBag from /opt/airflow/dags/nyc_fhv_ingestion.py
[2026-04-30T09:23:45.540+0000] {processor.py:840} INFO - DAG(s) 'nyc_fhv_ingestion' retrieved from /opt/airflow/dags/nyc_fhv_ingestion.py
[2026-04-30T09:23:45.571+0000] {logging_mixin.py:188} INFO - [2026-04-30T09:23:45.570+0000] {dag.py:3096} INFO - Sync 1 DAGs
[2026-04-30T09:23:45.590+0000] {logging_mixin.py:188} INFO - [2026-04-30T09:23:45.590+0000] {dag.py:3954} INFO - Setting next_dagrun for nyc_fhv_ingestion to None, run_after=None
[2026-04-30T09:23:45.629+0000] {processor.py:183} INFO - Processing /opt/airflow/dags/nyc_fhv_ingestion.py took 0.143 seconds
[2026-04-30T09:24:16.525+0000] {processor.py:161} INFO - Started process (PID=703) to work on /opt/airflow/dags/nyc_fhv_ingestion.py
[2026-04-30T09:24:16.527+0000] {processor.py:830} INFO - Processing file /opt/airflow/dags/nyc_fhv_ingestion.py for tasks to queue
[2026-04-30T09:24:16.531+0000] {logging_mixin.py:188} INFO - [2026-04-30T09:24:16.530+0000] {dagbag.py:545} INFO - Filling up the DagBag from /opt/airflow/dags/nyc_fhv_ingestion.py
[2026-04-30T09:24:16.576+0000] {processor.py:840} INFO - DAG(s) 'nyc_fhv_ingestion' retrieved from /opt/airflow/dags/nyc_fhv_ingestion.py
[2026-04-30T09:24:16.606+0000] {logging_mixin.py:188} INFO - [2026-04-30T09:24:16.606+0000] {dag.py:3096} INFO - Sync 1 DAGs
[2026-04-30T09:24:16.628+0000] {logging_mixin.py:188} INFO - [2026-04-30T09:24:16.628+0000] {dag.py:3954} INFO - Setting next_dagrun for nyc_fhv_ingestion to None, run_after=None
[2026-04-30T09:24:16.665+0000] {processor.py:183} INFO - Processing /opt/airflow/dags/nyc_fhv_ingestion.py took 0.152 seconds
[2026-04-30T09:24:47.598+0000] {processor.py:161} INFO - Started process (PID=714) to work on /opt/airflow/dags/nyc_fhv_ingestion.py
[2026-04-30T09:24:47.600+0000] {processor.py:830} INFO - Processing file /opt/airflow/dags/nyc_fhv_ingestion.py for tasks to queue
[2026-04-30T09:24:47.605+0000] {logging_mixin.py:188} INFO - [2026-04-30T09:24:47.604+0000] {dagbag.py:545} INFO - Filling up the DagBag from /opt/airflow/dags/nyc_fhv_ingestion.py
[2026-04-30T09:24:47.648+0000] {processor.py:840} INFO - DAG(s) 'nyc_fhv_ingestion' retrieved from /opt/airflow/dags/nyc_fhv_ingestion.py
[2026-04-30T09:24:47.682+0000] {logging_mixin.py:188} INFO - [2026-04-30T09:24:47.681+0000] {dag.py:3096} INFO - Sync 1 DAGs
[2026-04-30T09:24:47.700+0000] {logging_mixin.py:188} INFO - [2026-04-30T09:24:47.700+0000] {dag.py:3954} INFO - Setting next_dagrun for nyc_fhv_ingestion to None, run_after=None
[2026-04-30T09:24:47.734+0000] {processor.py:183} INFO - Processing /opt/airflow/dags/nyc_fhv_ingestion.py took 0.147 seconds
[2026-04-30T09:25:18.365+0000] {processor.py:161} INFO - Started process (PID=725) to work on /opt/airflow/dags/nyc_fhv_ingestion.py
[2026-04-30T09:25:18.366+0000] {processor.py:830} INFO - Processing file /opt/airflow/dags/nyc_fhv_ingestion.py for tasks to queue
[2026-04-30T09:25:18.372+0000] {logging_mixin.py:188} INFO - [2026-04-30T09:25:18.371+0000] {dagbag.py:545} INFO - Filling up the DagBag from /opt/airflow/dags/nyc_fhv_ingestion.py
[2026-04-30T09:25:18.410+0000] {processor.py:840} INFO - DAG(s) 'nyc_fhv_ingestion' retrieved from /opt/airflow/dags/nyc_fhv_ingestion.py
[2026-04-30T09:25:18.455+0000] {logging_mixin.py:188} INFO - [2026-04-30T09:25:18.455+0000] {dag.py:3096} INFO - Sync 1 DAGs
[2026-04-30T09:25:18.487+0000] {logging_mixin.py:188} INFO - [2026-04-30T09:25:18.487+0000] {dag.py:3954} INFO - Setting next_dagrun for nyc_fhv_ingestion to None, run_after=None
[2026-04-30T09:25:18.537+0000] {processor.py:183} INFO - Processing /opt/airflow/dags/nyc_fhv_ingestion.py took 0.183 seconds
[2026-04-30T09:25:49.387+0000] {processor.py:161} INFO - Started process (PID=736) to work on /opt/airflow/dags/nyc_fhv_ingestion.py
[2026-04-30T09:25:49.388+0000] {processor.py:830} INFO - Processing file /opt/airflow/dags/nyc_fhv_ingestion.py for tasks to queue
[2026-04-30T09:25:49.391+0000] {logging_mixin.py:188} INFO - [2026-04-30T09:25:49.390+0000] {dagbag.py:545} INFO - Filling up the DagBag from /opt/airflow/dags/nyc_fhv_ingestion.py
[2026-04-30T09:25:49.436+0000] {processor.py:840} INFO - DAG(s) 'nyc_fhv_ingestion' retrieved from /opt/airflow/dags/nyc_fhv_ingestion.py
[2026-04-30T09:25:49.472+0000] {logging_mixin.py:188} INFO - [2026-04-30T09:25:49.471+0000] {dag.py:3096} INFO - Sync 1 DAGs
[2026-04-30T09:25:49.496+0000] {logging_mixin.py:188} INFO - [2026-04-30T09:25:49.495+0000] {dag.py:3954} INFO - Setting next_dagrun for nyc_fhv_ingestion to None, run_after=None
[2026-04-30T09:25:49.536+0000] {processor.py:183} INFO - Processing /opt/airflow/dags/nyc_fhv_ingestion.py took 0.158 seconds
[2026-04-30T09:26:20.236+0000] {processor.py:161} INFO - Started process (PID=747) to work on /opt/airflow/dags/nyc_fhv_ingestion.py
[2026-04-30T09:26:20.238+0000] {processor.py:830} INFO - Processing file /opt/airflow/dags/nyc_fhv_ingestion.py for tasks to queue
[2026-04-30T09:26:20.241+0000] {logging_mixin.py:188} INFO - [2026-04-30T09:26:20.241+0000] {dagbag.py:545} INFO - Filling up the DagBag from /opt/airflow/dags/nyc_fhv_ingestion.py
[2026-04-30T09:26:20.305+0000] {processor.py:840} INFO - DAG(s) 'nyc_fhv_ingestion' retrieved from /opt/airflow/dags/nyc_fhv_ingestion.py
[2026-04-30T09:26:20.343+0000] {logging_mixin.py:188} INFO - [2026-04-30T09:26:20.342+0000] {dag.py:3096} INFO - Sync 1 DAGs
[2026-04-30T09:26:20.375+0000] {logging_mixin.py:188} INFO - [2026-04-30T09:26:20.375+0000] {dag.py:3954} INFO - Setting next_dagrun for nyc_fhv_ingestion to None, run_after=None
[2026-04-30T09:26:20.423+0000] {processor.py:183} INFO - Processing /opt/airflow/dags/nyc_fhv_ingestion.py took 0.197 seconds
[2026-04-30T09:26:50.701+0000] {processor.py:161} INFO - Started process (PID=758) to work on /opt/airflow/dags/nyc_fhv_ingestion.py
[2026-04-30T09:26:50.703+0000] {processor.py:830} INFO - Processing file /opt/airflow/dags/nyc_fhv_ingestion.py for tasks to queue
[2026-04-30T09:26:50.717+0000] {logging_mixin.py:188} INFO - [2026-04-30T09:26:50.717+0000] {dagbag.py:545} INFO - Filling up the DagBag from /opt/airflow/dags/nyc_fhv_ingestion.py
[2026-04-30T09:26:50.762+0000] {processor.py:840} INFO - DAG(s) 'nyc_fhv_ingestion' retrieved from /opt/airflow/dags/nyc_fhv_ingestion.py
[2026-04-30T09:26:50.798+0000] {logging_mixin.py:188} INFO - [2026-04-30T09:26:50.798+0000] {dag.py:3096} INFO - Sync 1 DAGs
[2026-04-30T09:26:50.820+0000] {logging_mixin.py:188} INFO - [2026-04-30T09:26:50.820+0000] {dag.py:3954} INFO - Setting next_dagrun for nyc_fhv_ingestion to None, run_after=None
[2026-04-30T09:26:50.856+0000] {processor.py:183} INFO - Processing /opt/airflow/dags/nyc_fhv_ingestion.py took 0.176 seconds
[2026-04-30T09:27:21.591+0000] {processor.py:161} INFO - Started process (PID=770) to work on /opt/airflow/dags/nyc_fhv_ingestion.py
[2026-04-30T09:27:21.593+0000] {processor.py:830} INFO - Processing file /opt/airflow/dags/nyc_fhv_ingestion.py for tasks to queue
[2026-04-30T09:27:21.597+0000] {logging_mixin.py:188} INFO - [2026-04-30T09:27:21.596+0000] {dagbag.py:545} INFO - Filling up the DagBag from /opt/airflow/dags/nyc_fhv_ingestion.py
[2026-04-30T09:27:21.633+0000] {processor.py:840} INFO - DAG(s) 'nyc_fhv_ingestion' retrieved from /opt/airflow/dags/nyc_fhv_ingestion.py
[2026-04-30T09:27:21.673+0000] {logging_mixin.py:188} INFO - [2026-04-30T09:27:21.673+0000] {dag.py:3096} INFO - Sync 1 DAGs
[2026-04-30T09:27:21.700+0000] {logging_mixin.py:188} INFO - [2026-04-30T09:27:21.700+0000] {dag.py:3954} INFO - Setting next_dagrun for nyc_fhv_ingestion to None, run_after=None
[2026-04-30T09:27:21.755+0000] {processor.py:183} INFO - Processing /opt/airflow/dags/nyc_fhv_ingestion.py took 0.172 seconds
[2026-04-30T09:27:52.372+0000] {processor.py:161} INFO - Started process (PID=781) to work on /opt/airflow/dags/nyc_fhv_ingestion.py
[2026-04-30T09:27:52.374+0000] {processor.py:830} INFO - Processing file /opt/airflow/dags/nyc_fhv_ingestion.py for tasks to queue
[2026-04-30T09:27:52.381+0000] {logging_mixin.py:188} INFO - [2026-04-30T09:27:52.380+0000] {dagbag.py:545} INFO - Filling up the DagBag from /opt/airflow/dags/nyc_fhv_ingestion.py
[2026-04-30T09:27:52.421+0000] {processor.py:840} INFO - DAG(s) 'nyc_fhv_ingestion' retrieved from /opt/airflow/dags/nyc_fhv_ingestion.py
[2026-04-30T09:27:52.451+0000] {logging_mixin.py:188} INFO - [2026-04-30T09:27:52.451+0000] {dag.py:3096} INFO - Sync 1 DAGs
[2026-04-30T09:27:52.468+0000] {logging_mixin.py:188} INFO - [2026-04-30T09:27:52.468+0000] {dag.py:3954} INFO - Setting next_dagrun for nyc_fhv_ingestion to None, run_after=None
[2026-04-30T09:27:52.503+0000] {processor.py:183} INFO - Processing /opt/airflow/dags/nyc_fhv_ingestion.py took 0.148 seconds
[2026-04-30T09:28:23.310+0000] {processor.py:161} INFO - Started process (PID=792) to work on /opt/airflow/dags/nyc_fhv_ingestion.py
[2026-04-30T09:28:23.311+0000] {processor.py:830} INFO - Processing file /opt/airflow/dags/nyc_fhv_ingestion.py for tasks to queue
[2026-04-30T09:28:23.314+0000] {logging_mixin.py:188} INFO - [2026-04-30T09:28:23.313+0000] {dagbag.py:545} INFO - Filling up the DagBag from /opt/airflow/dags/nyc_fhv_ingestion.py
[2026-04-30T09:28:23.359+0000] {processor.py:840} INFO - DAG(s) 'nyc_fhv_ingestion' retrieved from /opt/airflow/dags/nyc_fhv_ingestion.py
[2026-04-30T09:28:23.403+0000] {logging_mixin.py:188} INFO - [2026-04-30T09:28:23.403+0000] {dag.py:3096} INFO - Sync 1 DAGs
[2026-04-30T09:28:23.425+0000] {logging_mixin.py:188} INFO - [2026-04-30T09:28:23.424+0000] {dag.py:3954} INFO - Setting next_dagrun for nyc_fhv_ingestion to None, run_after=None
[2026-04-30T09:28:23.471+0000] {processor.py:183} INFO - Processing /opt/airflow/dags/nyc_fhv_ingestion.py took 0.172 seconds
[2026-04-30T09:28:53.761+0000] {processor.py:161} INFO - Started process (PID=803) to work on /opt/airflow/dags/nyc_fhv_ingestion.py
[2026-04-30T09:28:53.763+0000] {processor.py:830} INFO - Processing file /opt/airflow/dags/nyc_fhv_ingestion.py for tasks to queue
[2026-04-30T09:28:53.768+0000] {logging_mixin.py:188} INFO - [2026-04-30T09:28:53.767+0000] {dagbag.py:545} INFO - Filling up the DagBag from /opt/airflow/dags/nyc_fhv_ingestion.py
[2026-04-30T09:28:53.807+0000] {processor.py:840} INFO - DAG(s) 'nyc_fhv_ingestion' retrieved from /opt/airflow/dags/nyc_fhv_ingestion.py
[2026-04-30T09:28:53.858+0000] {logging_mixin.py:188} INFO - [2026-04-30T09:28:53.858+0000] {dag.py:3096} INFO - Sync 1 DAGs
[2026-04-30T09:28:53.885+0000] {logging_mixin.py:188} INFO - [2026-04-30T09:28:53.885+0000] {dag.py:3954} INFO - Setting next_dagrun for nyc_fhv_ingestion to None, run_after=None
[2026-04-30T09:28:53.929+0000] {processor.py:183} INFO - Processing /opt/airflow/dags/nyc_fhv_ingestion.py took 0.177 seconds
[2026-04-30T09:29:24.733+0000] {processor.py:161} INFO - Started process (PID=814) to work on /opt/airflow/dags/nyc_fhv_ingestion.py
[2026-04-30T09:29:24.735+0000] {processor.py:830} INFO - Processing file /opt/airflow/dags/nyc_fhv_ingestion.py for tasks to queue
[2026-04-30T09:29:24.740+0000] {logging_mixin.py:188} INFO - [2026-04-30T09:29:24.739+0000] {dagbag.py:545} INFO - Filling up the DagBag from /opt/airflow/dags/nyc_fhv_ingestion.py
[2026-04-30T09:29:24.783+0000] {processor.py:840} INFO - DAG(s) 'nyc_fhv_ingestion' retrieved from /opt/airflow/dags/nyc_fhv_ingestion.py
[2026-04-30T09:29:24.815+0000] {logging_mixin.py:188} INFO - [2026-04-30T09:29:24.815+0000] {dag.py:3096} INFO - Sync 1 DAGs
[2026-04-30T09:29:24.836+0000] {logging_mixin.py:188} INFO - [2026-04-30T09:29:24.835+0000] {dag.py:3954} INFO - Setting next_dagrun for nyc_fhv_ingestion to None, run_after=None
[2026-04-30T09:29:24.869+0000] {processor.py:183} INFO - Processing /opt/airflow/dags/nyc_fhv_ingestion.py took 0.144 seconds
[2026-04-30T09:29:55.897+0000] {processor.py:161} INFO - Started process (PID=825) to work on /opt/airflow/dags/nyc_fhv_ingestion.py
[2026-04-30T09:29:55.899+0000] {processor.py:830} INFO - Processing file /opt/airflow/dags/nyc_fhv_ingestion.py for tasks to queue
[2026-04-30T09:29:55.903+0000] {logging_mixin.py:188} INFO - [2026-04-30T09:29:55.902+0000] {dagbag.py:545} INFO - Filling up the DagBag from /opt/airflow/dags/nyc_fhv_ingestion.py
[2026-04-30T09:29:55.976+0000] {processor.py:840} INFO - DAG(s) 'nyc_fhv_ingestion' retrieved from /opt/airflow/dags/nyc_fhv_ingestion.py
[2026-04-30T09:29:56.015+0000] {logging_mixin.py:188} INFO - [2026-04-30T09:29:56.014+0000] {dag.py:3096} INFO - Sync 1 DAGs
[2026-04-30T09:29:56.040+0000] {logging_mixin.py:188} INFO - [2026-04-30T09:29:56.039+0000] {dag.py:3954} INFO - Setting next_dagrun for nyc_fhv_ingestion to None, run_after=None
[2026-04-30T09:29:56.082+0000] {processor.py:183} INFO - Processing /opt/airflow/dags/nyc_fhv_ingestion.py took 0.200 seconds
[2026-04-30T09:30:26.884+0000] {processor.py:161} INFO - Started process (PID=842) to work on /opt/airflow/dags/nyc_fhv_ingestion.py
[2026-04-30T09:30:26.886+0000] {processor.py:830} INFO - Processing file /opt/airflow/dags/nyc_fhv_ingestion.py for tasks to queue
[2026-04-30T09:30:26.889+0000] {logging_mixin.py:188} INFO - [2026-04-30T09:30:26.888+0000] {dagbag.py:545} INFO - Filling up the DagBag from /opt/airflow/dags/nyc_fhv_ingestion.py
[2026-04-30T09:30:26.927+0000] {processor.py:840} INFO - DAG(s) 'nyc_fhv_ingestion' retrieved from /opt/airflow/dags/nyc_fhv_ingestion.py
[2026-04-30T09:30:26.958+0000] {logging_mixin.py:188} INFO - [2026-04-30T09:30:26.958+0000] {dag.py:3096} INFO - Sync 1 DAGs
[2026-04-30T09:30:26.979+0000] {logging_mixin.py:188} INFO - [2026-04-30T09:30:26.979+0000] {dag.py:3954} INFO - Setting next_dagrun for nyc_fhv_ingestion to None, run_after=None
[2026-04-30T09:30:27.010+0000] {processor.py:183} INFO - Processing /opt/airflow/dags/nyc_fhv_ingestion.py took 0.136 seconds
[2026-04-30T09:30:57.928+0000] {processor.py:161} INFO - Started process (PID=853) to work on /opt/airflow/dags/nyc_fhv_ingestion.py
[2026-04-30T09:30:57.931+0000] {processor.py:830} INFO - Processing file /opt/airflow/dags/nyc_fhv_ingestion.py for tasks to queue
[2026-04-30T09:30:57.935+0000] {logging_mixin.py:188} INFO - [2026-04-30T09:30:57.934+0000] {dagbag.py:545} INFO - Filling up the DagBag from /opt/airflow/dags/nyc_fhv_ingestion.py
[2026-04-30T09:30:57.990+0000] {processor.py:840} INFO - DAG(s) 'nyc_fhv_ingestion' retrieved from /opt/airflow/dags/nyc_fhv_ingestion.py
[2026-04-30T09:30:58.025+0000] {logging_mixin.py:188} INFO - [2026-04-30T09:30:58.024+0000] {dag.py:3096} INFO - Sync 1 DAGs
[2026-04-30T09:30:58.050+0000] {logging_mixin.py:188} INFO - [2026-04-30T09:30:58.049+0000] {dag.py:3954} INFO - Setting next_dagrun for nyc_fhv_ingestion to None, run_after=None
[2026-04-30T09:30:58.093+0000] {processor.py:183} INFO - Processing /opt/airflow/dags/nyc_fhv_ingestion.py took 0.176 seconds
[2026-04-30T09:31:28.289+0000] {processor.py:161} INFO - Started process (PID=865) to work on /opt/airflow/dags/nyc_fhv_ingestion.py
[2026-04-30T09:31:28.290+0000] {processor.py:830} INFO - Processing file /opt/airflow/dags/nyc_fhv_ingestion.py for tasks to queue
[2026-04-30T09:31:28.293+0000] {logging_mixin.py:188} INFO - [2026-04-30T09:31:28.293+0000] {dagbag.py:545} INFO - Filling up the DagBag from /opt/airflow/dags/nyc_fhv_ingestion.py
[2026-04-30T09:31:28.325+0000] {processor.py:840} INFO - DAG(s) 'nyc_fhv_ingestion' retrieved from /opt/airflow/dags/nyc_fhv_ingestion.py
[2026-04-30T09:31:28.356+0000] {logging_mixin.py:188} INFO - [2026-04-30T09:31:28.356+0000] {dag.py:3096} INFO - Sync 1 DAGs
[2026-04-30T09:31:28.377+0000] {logging_mixin.py:188} INFO - [2026-04-30T09:31:28.376+0000] {dag.py:3954} INFO - Setting next_dagrun for nyc_fhv_ingestion to None, run_after=None
[2026-04-30T09:31:28.409+0000] {processor.py:183} INFO - Processing /opt/airflow/dags/nyc_fhv_ingestion.py took 0.129 seconds
[2026-04-30T09:31:59.217+0000] {processor.py:161} INFO - Started process (PID=876) to work on /opt/airflow/dags/nyc_fhv_ingestion.py
[2026-04-30T09:31:59.219+0000] {processor.py:830} INFO - Processing file /opt/airflow/dags/nyc_fhv_ingestion.py for tasks to queue
[2026-04-30T09:31:59.223+0000] {logging_mixin.py:188} INFO - [2026-04-30T09:31:59.222+0000] {dagbag.py:545} INFO - Filling up the DagBag from /opt/airflow/dags/nyc_fhv_ingestion.py
[2026-04-30T09:31:59.258+0000] {processor.py:840} INFO - DAG(s) 'nyc_fhv_ingestion' retrieved from /opt/airflow/dags/nyc_fhv_ingestion.py
[2026-04-30T09:31:59.292+0000] {logging_mixin.py:188} INFO - [2026-04-30T09:31:59.292+0000] {dag.py:3096} INFO - Sync 1 DAGs
[2026-04-30T09:31:59.316+0000] {logging_mixin.py:188} INFO - [2026-04-30T09:31:59.316+0000] {dag.py:3954} INFO - Setting next_dagrun for nyc_fhv_ingestion to None, run_after=None
[2026-04-30T09:31:59.352+0000] {processor.py:183} INFO - Processing /opt/airflow/dags/nyc_fhv_ingestion.py took 0.143 seconds
[2026-04-30T09:32:30.275+0000] {processor.py:161} INFO - Started process (PID=887) to work on /opt/airflow/dags/nyc_fhv_ingestion.py
[2026-04-30T09:32:30.276+0000] {processor.py:830} INFO - Processing file /opt/airflow/dags/nyc_fhv_ingestion.py for tasks to queue
[2026-04-30T09:32:30.279+0000] {logging_mixin.py:188} INFO - [2026-04-30T09:32:30.279+0000] {dagbag.py:545} INFO - Filling up the DagBag from /opt/airflow/dags/nyc_fhv_ingestion.py
[2026-04-30T09:32:30.315+0000] {processor.py:840} INFO - DAG(s) 'nyc_fhv_ingestion' retrieved from /opt/airflow/dags/nyc_fhv_ingestion.py
[2026-04-30T09:32:30.345+0000] {logging_mixin.py:188} INFO - [2026-04-30T09:32:30.345+0000] {dag.py:3096} INFO - Sync 1 DAGs
[2026-04-30T09:32:30.365+0000] {logging_mixin.py:188} INFO - [2026-04-30T09:32:30.364+0000] {dag.py:3954} INFO - Setting next_dagrun for nyc_fhv_ingestion to None, run_after=None
[2026-04-30T09:32:30.401+0000] {processor.py:183} INFO - Processing /opt/airflow/dags/nyc_fhv_ingestion.py took 0.134 seconds
[2026-04-30T09:33:01.309+0000] {processor.py:161} INFO - Started process (PID=898) to work on /opt/airflow/dags/nyc_fhv_ingestion.py
[2026-04-30T09:33:01.313+0000] {processor.py:830} INFO - Processing file /opt/airflow/dags/nyc_fhv_ingestion.py for tasks to queue
[2026-04-30T09:33:01.317+0000] {logging_mixin.py:188} INFO - [2026-04-30T09:33:01.316+0000] {dagbag.py:545} INFO - Filling up the DagBag from /opt/airflow/dags/nyc_fhv_ingestion.py
[2026-04-30T09:33:01.358+0000] {processor.py:840} INFO - DAG(s) 'nyc_fhv_ingestion' retrieved from /opt/airflow/dags/nyc_fhv_ingestion.py
[2026-04-30T09:33:01.397+0000] {logging_mixin.py:188} INFO - [2026-04-30T09:33:01.396+0000] {dag.py:3096} INFO - Sync 1 DAGs
[2026-04-30T09:33:01.425+0000] {logging_mixin.py:188} INFO - [2026-04-30T09:33:01.425+0000] {dag.py:3954} INFO - Setting next_dagrun for nyc_fhv_ingestion to None, run_after=None
[2026-04-30T09:33:01.471+0000] {processor.py:183} INFO - Processing /opt/airflow/dags/nyc_fhv_ingestion.py took 0.173 seconds
[2026-04-30T09:33:32.338+0000] {processor.py:161} INFO - Started process (PID=909) to work on /opt/airflow/dags/nyc_fhv_ingestion.py
[2026-04-30T09:33:32.340+0000] {processor.py:830} INFO - Processing file /opt/airflow/dags/nyc_fhv_ingestion.py for tasks to queue
[2026-04-30T09:33:32.345+0000] {logging_mixin.py:188} INFO - [2026-04-30T09:33:32.344+0000] {dagbag.py:545} INFO - Filling up the DagBag from /opt/airflow/dags/nyc_fhv_ingestion.py
[2026-04-30T09:33:32.465+0000] {processor.py:840} INFO - DAG(s) 'nyc_fhv_ingestion' retrieved from /opt/airflow/dags/nyc_fhv_ingestion.py
[2026-04-30T09:33:32.511+0000] {logging_mixin.py:188} INFO - [2026-04-30T09:33:32.511+0000] {dag.py:3096} INFO - Sync 1 DAGs
[2026-04-30T09:33:32.540+0000] {logging_mixin.py:188} INFO - [2026-04-30T09:33:32.539+0000] {dag.py:3954} INFO - Setting next_dagrun for nyc_fhv_ingestion to None, run_after=None
[2026-04-30T09:33:32.585+0000] {processor.py:183} INFO - Processing /opt/airflow/dags/nyc_fhv_ingestion.py took 0.264 seconds
[2026-04-30T09:34:03.500+0000] {processor.py:161} INFO - Started process (PID=920) to work on /opt/airflow/dags/nyc_fhv_ingestion.py
[2026-04-30T09:34:03.502+0000] {processor.py:830} INFO - Processing file /opt/airflow/dags/nyc_fhv_ingestion.py for tasks to queue
[2026-04-30T09:34:03.505+0000] {logging_mixin.py:188} INFO - [2026-04-30T09:34:03.505+0000] {dagbag.py:545} INFO - Filling up the DagBag from /opt/airflow/dags/nyc_fhv_ingestion.py
[2026-04-30T09:34:03.548+0000] {processor.py:840} INFO - DAG(s) 'nyc_fhv_ingestion' retrieved from /opt/airflow/dags/nyc_fhv_ingestion.py
[2026-04-30T09:34:03.582+0000] {logging_mixin.py:188} INFO - [2026-04-30T09:34:03.582+0000] {dag.py:3096} INFO - Sync 1 DAGs
[2026-04-30T09:34:03.601+0000] {logging_mixin.py:188} INFO - [2026-04-30T09:34:03.601+0000] {dag.py:3954} INFO - Setting next_dagrun for nyc_fhv_ingestion to None, run_after=None
[2026-04-30T09:34:03.640+0000] {processor.py:183} INFO - Processing /opt/airflow/dags/nyc_fhv_ingestion.py took 0.151 seconds
[2026-04-30T09:34:34.555+0000] {processor.py:161} INFO - Started process (PID=931) to work on /opt/airflow/dags/nyc_fhv_ingestion.py
[2026-04-30T09:34:34.559+0000] {processor.py:830} INFO - Processing file /opt/airflow/dags/nyc_fhv_ingestion.py for tasks to queue
[2026-04-30T09:34:34.563+0000] {logging_mixin.py:188} INFO - [2026-04-30T09:34:34.562+0000] {dagbag.py:545} INFO - Filling up the DagBag from /opt/airflow/dags/nyc_fhv_ingestion.py
[2026-04-30T09:34:34.603+0000] {processor.py:840} INFO - DAG(s) 'nyc_fhv_ingestion' retrieved from /opt/airflow/dags/nyc_fhv_ingestion.py
[2026-04-30T09:34:34.655+0000] {logging_mixin.py:188} INFO - [2026-04-30T09:34:34.655+0000] {dag.py:3096} INFO - Sync 1 DAGs
[2026-04-30T09:34:34.699+0000] {logging_mixin.py:188} INFO - [2026-04-30T09:34:34.698+0000] {dag.py:3954} INFO - Setting next_dagrun for nyc_fhv_ingestion to None, run_after=None
[2026-04-30T09:34:34.768+0000] {processor.py:183} INFO - Processing /opt/airflow/dags/nyc_fhv_ingestion.py took 0.222 seconds
[2026-04-30T09:35:04.885+0000] {processor.py:161} INFO - Started process (PID=941) to work on /opt/airflow/dags/nyc_fhv_ingestion.py
[2026-04-30T09:35:04.886+0000] {processor.py:830} INFO - Processing file /opt/airflow/dags/nyc_fhv_ingestion.py for tasks to queue
[2026-04-30T09:35:04.889+0000] {logging_mixin.py:188} INFO - [2026-04-30T09:35:04.889+0000] {dagbag.py:545} INFO - Filling up the DagBag from /opt/airflow/dags/nyc_fhv_ingestion.py
[2026-04-30T09:35:04.917+0000] {processor.py:840} INFO - DAG(s) 'nyc_fhv_ingestion' retrieved from /opt/airflow/dags/nyc_fhv_ingestion.py
[2026-04-30T09:35:04.943+0000] {logging_mixin.py:188} INFO - [2026-04-30T09:35:04.943+0000] {dag.py:3096} INFO - Sync 1 DAGs
[2026-04-30T09:35:04.963+0000] {logging_mixin.py:188} INFO - [2026-04-30T09:35:04.963+0000] {dag.py:3954} INFO - Setting next_dagrun for nyc_fhv_ingestion to None, run_after=None
[2026-04-30T09:35:04.991+0000] {processor.py:183} INFO - Processing /opt/airflow/dags/nyc_fhv_ingestion.py took 0.115 seconds
[2026-04-30T09:35:35.182+0000] {processor.py:161} INFO - Started process (PID=952) to work on /opt/airflow/dags/nyc_fhv_ingestion.py
[2026-04-30T09:35:35.184+0000] {processor.py:830} INFO - Processing file /opt/airflow/dags/nyc_fhv_ingestion.py for tasks to queue
[2026-04-30T09:35:35.188+0000] {logging_mixin.py:188} INFO - [2026-04-30T09:35:35.188+0000] {dagbag.py:545} INFO - Filling up the DagBag from /opt/airflow/dags/nyc_fhv_ingestion.py
[2026-04-30T09:35:35.233+0000] {processor.py:840} INFO - DAG(s) 'nyc_fhv_ingestion' retrieved from /opt/airflow/dags/nyc_fhv_ingestion.py
[2026-04-30T09:35:35.268+0000] {logging_mixin.py:188} INFO - [2026-04-30T09:35:35.267+0000] {dag.py:3096} INFO - Sync 1 DAGs
[2026-04-30T09:35:35.295+0000] {logging_mixin.py:188} INFO - [2026-04-30T09:35:35.295+0000] {dag.py:3954} INFO - Setting next_dagrun for nyc_fhv_ingestion to None, run_after=None
[2026-04-30T09:35:35.342+0000] {processor.py:183} INFO - Processing /opt/airflow/dags/nyc_fhv_ingestion.py took 0.168 seconds
[2026-04-30T09:36:05.503+0000] {processor.py:161} INFO - Started process (PID=964) to work on /opt/airflow/dags/nyc_fhv_ingestion.py
[2026-04-30T09:36:05.504+0000] {processor.py:830} INFO - Processing file /opt/airflow/dags/nyc_fhv_ingestion.py for tasks to queue
[2026-04-30T09:36:05.508+0000] {logging_mixin.py:188} INFO - [2026-04-30T09:36:05.507+0000] {dagbag.py:545} INFO - Filling up the DagBag from /opt/airflow/dags/nyc_fhv_ingestion.py
[2026-04-30T09:36:05.554+0000] {processor.py:840} INFO - DAG(s) 'nyc_fhv_ingestion' retrieved from /opt/airflow/dags/nyc_fhv_ingestion.py
[2026-04-30T09:36:05.586+0000] {logging_mixin.py:188} INFO - [2026-04-30T09:36:05.586+0000] {dag.py:3096} INFO - Sync 1 DAGs
[2026-04-30T09:36:05.605+0000] {logging_mixin.py:188} INFO - [2026-04-30T09:36:05.604+0000] {dag.py:3954} INFO - Setting next_dagrun for nyc_fhv_ingestion to None, run_after=None
[2026-04-30T09:36:05.638+0000] {processor.py:183} INFO - Processing /opt/airflow/dags/nyc_fhv_ingestion.py took 0.143 seconds
[2026-04-30T09:36:36.466+0000] {processor.py:161} INFO - Started process (PID=976) to work on /opt/airflow/dags/nyc_fhv_ingestion.py
[2026-04-30T09:36:36.468+0000] {processor.py:830} INFO - Processing file /opt/airflow/dags/nyc_fhv_ingestion.py for tasks to queue
[2026-04-30T09:36:36.471+0000] {logging_mixin.py:188} INFO - [2026-04-30T09:36:36.470+0000] {dagbag.py:545} INFO - Filling up the DagBag from /opt/airflow/dags/nyc_fhv_ingestion.py
[2026-04-30T09:36:36.504+0000] {processor.py:840} INFO - DAG(s) 'nyc_fhv_ingestion' retrieved from /opt/airflow/dags/nyc_fhv_ingestion.py
[2026-04-30T09:36:36.538+0000] {logging_mixin.py:188} INFO - [2026-04-30T09:36:36.538+0000] {dag.py:3096} INFO - Sync 1 DAGs
[2026-04-30T09:36:36.560+0000] {logging_mixin.py:188} INFO - [2026-04-30T09:36:36.559+0000] {dag.py:3954} INFO - Setting next_dagrun for nyc_fhv_ingestion to None, run_after=None
[2026-04-30T09:36:36.592+0000] {processor.py:183} INFO - Processing /opt/airflow/dags/nyc_fhv_ingestion.py took 0.135 seconds
[2026-04-30T09:37:06.887+0000] {processor.py:161} INFO - Started process (PID=987) to work on /opt/airflow/dags/nyc_fhv_ingestion.py
[2026-04-30T09:37:06.888+0000] {processor.py:830} INFO - Processing file /opt/airflow/dags/nyc_fhv_ingestion.py for tasks to queue
[2026-04-30T09:37:06.891+0000] {logging_mixin.py:188} INFO - [2026-04-30T09:37:06.891+0000] {dagbag.py:545} INFO - Filling up the DagBag from /opt/airflow/dags/nyc_fhv_ingestion.py
[2026-04-30T09:37:06.924+0000] {processor.py:840} INFO - DAG(s) 'nyc_fhv_ingestion' retrieved from /opt/airflow/dags/nyc_fhv_ingestion.py
[2026-04-30T09:37:06.955+0000] {logging_mixin.py:188} INFO - [2026-04-30T09:37:06.955+0000] {dag.py:3096} INFO - Sync 1 DAGs
[2026-04-30T09:37:06.974+0000] {logging_mixin.py:188} INFO - [2026-04-30T09:37:06.974+0000] {dag.py:3954} INFO - Setting next_dagrun for nyc_fhv_ingestion to None, run_after=None
[2026-04-30T09:37:07.007+0000] {processor.py:183} INFO - Processing /opt/airflow/dags/nyc_fhv_ingestion.py took 0.128 seconds
[2026-04-30T09:37:38.025+0000] {processor.py:161} INFO - Started process (PID=998) to work on /opt/airflow/dags/nyc_fhv_ingestion.py
[2026-04-30T09:37:38.027+0000] {processor.py:830} INFO - Processing file /opt/airflow/dags/nyc_fhv_ingestion.py for tasks to queue
[2026-04-30T09:37:38.030+0000] {logging_mixin.py:188} INFO - [2026-04-30T09:37:38.030+0000] {dagbag.py:545} INFO - Filling up the DagBag from /opt/airflow/dags/nyc_fhv_ingestion.py
[2026-04-30T09:37:38.066+0000] {processor.py:840} INFO - DAG(s) 'nyc_fhv_ingestion' retrieved from /opt/airflow/dags/nyc_fhv_ingestion.py
[2026-04-30T09:37:38.096+0000] {logging_mixin.py:188} INFO - [2026-04-30T09:37:38.096+0000] {dag.py:3096} INFO - Sync 1 DAGs
[2026-04-30T09:37:38.117+0000] {logging_mixin.py:188} INFO - [2026-04-30T09:37:38.117+0000] {dag.py:3954} INFO - Setting next_dagrun for nyc_fhv_ingestion to None, run_after=None
[2026-04-30T09:37:38.146+0000] {processor.py:183} INFO - Processing /opt/airflow/dags/nyc_fhv_ingestion.py took 0.131 seconds
[2026-04-30T09:38:08.861+0000] {processor.py:161} INFO - Started process (PID=1009) to work on /opt/airflow/dags/nyc_fhv_ingestion.py
[2026-04-30T09:38:08.863+0000] {processor.py:830} INFO - Processing file /opt/airflow/dags/nyc_fhv_ingestion.py for tasks to queue
[2026-04-30T09:38:08.867+0000] {logging_mixin.py:188} INFO - [2026-04-30T09:38:08.866+0000] {dagbag.py:545} INFO - Filling up the DagBag from /opt/airflow/dags/nyc_fhv_ingestion.py
[2026-04-30T09:38:08.911+0000] {processor.py:840} INFO - DAG(s) 'nyc_fhv_ingestion' retrieved from /opt/airflow/dags/nyc_fhv_ingestion.py
[2026-04-30T09:38:08.939+0000] {logging_mixin.py:188} INFO - [2026-04-30T09:38:08.938+0000] {dag.py:3096} INFO - Sync 1 DAGs
[2026-04-30T09:38:08.957+0000] {logging_mixin.py:188} INFO - [2026-04-30T09:38:08.957+0000] {dag.py:3954} INFO - Setting next_dagrun for nyc_fhv_ingestion to None, run_after=None
[2026-04-30T09:38:08.986+0000] {processor.py:183} INFO - Processing /opt/airflow/dags/nyc_fhv_ingestion.py took 0.135 seconds
[2026-04-30T09:38:39.244+0000] {processor.py:161} INFO - Started process (PID=1020) to work on /opt/airflow/dags/nyc_fhv_ingestion.py
[2026-04-30T09:38:39.248+0000] {processor.py:830} INFO - Processing file /opt/airflow/dags/nyc_fhv_ingestion.py for tasks to queue
[2026-04-30T09:38:39.252+0000] {logging_mixin.py:188} INFO - [2026-04-30T09:38:39.251+0000] {dagbag.py:545} INFO - Filling up the DagBag from /opt/airflow/dags/nyc_fhv_ingestion.py
[2026-04-30T09:38:39.286+0000] {processor.py:840} INFO - DAG(s) 'nyc_fhv_ingestion' retrieved from /opt/airflow/dags/nyc_fhv_ingestion.py
[2026-04-30T09:38:39.315+0000] {logging_mixin.py:188} INFO - [2026-04-30T09:38:39.314+0000] {dag.py:3096} INFO - Sync 1 DAGs
[2026-04-30T09:38:39.332+0000] {logging_mixin.py:188} INFO - [2026-04-30T09:38:39.332+0000] {dag.py:3954} INFO - Setting next_dagrun for nyc_fhv_ingestion to None, run_after=None
[2026-04-30T09:38:39.365+0000] {processor.py:183} INFO - Processing /opt/airflow/dags/nyc_fhv_ingestion.py took 0.130 seconds
[2026-04-30T09:39:10.248+0000] {processor.py:161} INFO - Started process (PID=1031) to work on /opt/airflow/dags/nyc_fhv_ingestion.py
[2026-04-30T09:39:10.249+0000] {processor.py:830} INFO - Processing file /opt/airflow/dags/nyc_fhv_ingestion.py for tasks to queue
[2026-04-30T09:39:10.252+0000] {logging_mixin.py:188} INFO - [2026-04-30T09:39:10.252+0000] {dagbag.py:545} INFO - Filling up the DagBag from /opt/airflow/dags/nyc_fhv_ingestion.py
[2026-04-30T09:39:10.281+0000] {processor.py:840} INFO - DAG(s) 'nyc_fhv_ingestion' retrieved from /opt/airflow/dags/nyc_fhv_ingestion.py
[2026-04-30T09:39:10.310+0000] {logging_mixin.py:188} INFO - [2026-04-30T09:39:10.309+0000] {dag.py:3096} INFO - Sync 1 DAGs
[2026-04-30T09:39:10.332+0000] {logging_mixin.py:188} INFO - [2026-04-30T09:39:10.332+0000] {dag.py:3954} INFO - Setting next_dagrun for nyc_fhv_ingestion to None, run_after=None
[2026-04-30T09:39:10.363+0000] {processor.py:183} INFO - Processing /opt/airflow/dags/nyc_fhv_ingestion.py took 0.124 seconds
[2026-04-30T09:39:41.198+0000] {processor.py:161} INFO - Started process (PID=1042) to work on /opt/airflow/dags/nyc_fhv_ingestion.py
[2026-04-30T09:39:41.200+0000] {processor.py:830} INFO - Processing file /opt/airflow/dags/nyc_fhv_ingestion.py for tasks to queue
[2026-04-30T09:39:41.203+0000] {logging_mixin.py:188} INFO - [2026-04-30T09:39:41.203+0000] {dagbag.py:545} INFO - Filling up the DagBag from /opt/airflow/dags/nyc_fhv_ingestion.py
[2026-04-30T09:39:41.233+0000] {processor.py:840} INFO - DAG(s) 'nyc_fhv_ingestion' retrieved from /opt/airflow/dags/nyc_fhv_ingestion.py
[2026-04-30T09:39:41.266+0000] {logging_mixin.py:188} INFO - [2026-04-30T09:39:41.266+0000] {dag.py:3096} INFO - Sync 1 DAGs
[2026-04-30T09:39:41.285+0000] {logging_mixin.py:188} INFO - [2026-04-30T09:39:41.284+0000] {dag.py:3954} INFO - Setting next_dagrun for nyc_fhv_ingestion to None, run_after=None
[2026-04-30T09:39:41.313+0000] {processor.py:183} INFO - Processing /opt/airflow/dags/nyc_fhv_ingestion.py took 0.121 seconds
[2026-04-30T09:40:12.158+0000] {processor.py:161} INFO - Started process (PID=1053) to work on /opt/airflow/dags/nyc_fhv_ingestion.py
[2026-04-30T09:40:12.160+0000] {processor.py:830} INFO - Processing file /opt/airflow/dags/nyc_fhv_ingestion.py for tasks to queue
[2026-04-30T09:40:12.163+0000] {logging_mixin.py:188} INFO - [2026-04-30T09:40:12.163+0000] {dagbag.py:545} INFO - Filling up the DagBag from /opt/airflow/dags/nyc_fhv_ingestion.py
[2026-04-30T09:40:12.202+0000] {processor.py:840} INFO - DAG(s) 'nyc_fhv_ingestion' retrieved from /opt/airflow/dags/nyc_fhv_ingestion.py
[2026-04-30T09:40:12.239+0000] {logging_mixin.py:188} INFO - [2026-04-30T09:40:12.238+0000] {dag.py:3096} INFO - Sync 1 DAGs
[2026-04-30T09:40:12.258+0000] {logging_mixin.py:188} INFO - [2026-04-30T09:40:12.257+0000] {dag.py:3954} INFO - Setting next_dagrun for nyc_fhv_ingestion to None, run_after=None
[2026-04-30T09:40:12.301+0000] {processor.py:183} INFO - Processing /opt/airflow/dags/nyc_fhv_ingestion.py took 0.151 seconds
[2026-04-30T09:40:43.137+0000] {processor.py:161} INFO - Started process (PID=1064) to work on /opt/airflow/dags/nyc_fhv_ingestion.py
[2026-04-30T09:40:43.139+0000] {processor.py:830} INFO - Processing file /opt/airflow/dags/nyc_fhv_ingestion.py for tasks to queue
[2026-04-30T09:40:43.143+0000] {logging_mixin.py:188} INFO - [2026-04-30T09:40:43.142+0000] {dagbag.py:545} INFO - Filling up the DagBag from /opt/airflow/dags/nyc_fhv_ingestion.py
[2026-04-30T09:40:43.178+0000] {processor.py:840} INFO - DAG(s) 'nyc_fhv_ingestion' retrieved from /opt/airflow/dags/nyc_fhv_ingestion.py
[2026-04-30T09:40:43.206+0000] {logging_mixin.py:188} INFO - [2026-04-30T09:40:43.206+0000] {dag.py:3096} INFO - Sync 1 DAGs
[2026-04-30T09:40:43.225+0000] {logging_mixin.py:188} INFO - [2026-04-30T09:40:43.224+0000] {dag.py:3954} INFO - Setting next_dagrun for nyc_fhv_ingestion to None, run_after=None
[2026-04-30T09:40:43.253+0000] {processor.py:183} INFO - Processing /opt/airflow/dags/nyc_fhv_ingestion.py took 0.124 seconds
[2026-04-30T09:41:13.936+0000] {processor.py:161} INFO - Started process (PID=1075) to work on /opt/airflow/dags/nyc_fhv_ingestion.py
[2026-04-30T09:41:13.937+0000] {processor.py:830} INFO - Processing file /opt/airflow/dags/nyc_fhv_ingestion.py for tasks to queue
[2026-04-30T09:41:13.940+0000] {logging_mixin.py:188} INFO - [2026-04-30T09:41:13.939+0000] {dagbag.py:545} INFO - Filling up the DagBag from /opt/airflow/dags/nyc_fhv_ingestion.py
[2026-04-30T09:41:13.972+0000] {processor.py:840} INFO - DAG(s) 'nyc_fhv_ingestion' retrieved from /opt/airflow/dags/nyc_fhv_ingestion.py
[2026-04-30T09:41:14.007+0000] {logging_mixin.py:188} INFO - [2026-04-30T09:41:14.007+0000] {dag.py:3096} INFO - Sync 1 DAGs
[2026-04-30T09:41:14.031+0000] {logging_mixin.py:188} INFO - [2026-04-30T09:41:14.030+0000] {dag.py:3954} INFO - Setting next_dagrun for nyc_fhv_ingestion to None, run_after=None
[2026-04-30T09:41:14.074+0000] {processor.py:183} INFO - Processing /opt/airflow/dags/nyc_fhv_ingestion.py took 0.148 seconds
[2026-04-30T09:41:44.773+0000] {processor.py:161} INFO - Started process (PID=1086) to work on /opt/airflow/dags/nyc_fhv_ingestion.py
[2026-04-30T09:41:44.775+0000] {processor.py:830} INFO - Processing file /opt/airflow/dags/nyc_fhv_ingestion.py for tasks to queue
[2026-04-30T09:41:44.777+0000] {logging_mixin.py:188} INFO - [2026-04-30T09:41:44.777+0000] {dagbag.py:545} INFO - Filling up the DagBag from /opt/airflow/dags/nyc_fhv_ingestion.py
[2026-04-30T09:41:44.807+0000] {processor.py:840} INFO - DAG(s) 'nyc_fhv_ingestion' retrieved from /opt/airflow/dags/nyc_fhv_ingestion.py
[2026-04-30T09:41:44.836+0000] {logging_mixin.py:188} INFO - [2026-04-30T09:41:44.836+0000] {dag.py:3096} INFO - Sync 1 DAGs
[2026-04-30T09:41:44.869+0000] {logging_mixin.py:188} INFO - [2026-04-30T09:41:44.868+0000] {dag.py:3954} INFO - Setting next_dagrun for nyc_fhv_ingestion to None, run_after=None
[2026-04-30T09:41:44.924+0000] {processor.py:183} INFO - Processing /opt/airflow/dags/nyc_fhv_ingestion.py took 0.158 seconds
[2026-04-30T09:42:15.600+0000] {processor.py:161} INFO - Started process (PID=1097) to work on /opt/airflow/dags/nyc_fhv_ingestion.py
[2026-04-30T09:42:15.601+0000] {processor.py:830} INFO - Processing file /opt/airflow/dags/nyc_fhv_ingestion.py for tasks to queue
[2026-04-30T09:42:15.605+0000] {logging_mixin.py:188} INFO - [2026-04-30T09:42:15.604+0000] {dagbag.py:545} INFO - Filling up the DagBag from /opt/airflow/dags/nyc_fhv_ingestion.py
[2026-04-30T09:42:15.640+0000] {processor.py:840} INFO - DAG(s) 'nyc_fhv_ingestion' retrieved from /opt/airflow/dags/nyc_fhv_ingestion.py
[2026-04-30T09:42:15.675+0000] {logging_mixin.py:188} INFO - [2026-04-30T09:42:15.674+0000] {dag.py:3096} INFO - Sync 1 DAGs
[2026-04-30T09:42:15.694+0000] {logging_mixin.py:188} INFO - [2026-04-30T09:42:15.694+0000] {dag.py:3954} INFO - Setting next_dagrun for nyc_fhv_ingestion to None, run_after=None
[2026-04-30T09:42:15.726+0000] {processor.py:183} INFO - Processing /opt/airflow/dags/nyc_fhv_ingestion.py took 0.137 seconds
[2026-04-30T09:42:46.142+0000] {processor.py:161} INFO - Started process (PID=1108) to work on /opt/airflow/dags/nyc_fhv_ingestion.py
[2026-04-30T09:42:46.146+0000] {processor.py:830} INFO - Processing file /opt/airflow/dags/nyc_fhv_ingestion.py for tasks to queue
[2026-04-30T09:42:46.149+0000] {logging_mixin.py:188} INFO - [2026-04-30T09:42:46.148+0000] {dagbag.py:545} INFO - Filling up the DagBag from /opt/airflow/dags/nyc_fhv_ingestion.py
[2026-04-30T09:42:46.190+0000] {processor.py:840} INFO - DAG(s) 'nyc_fhv_ingestion' retrieved from /opt/airflow/dags/nyc_fhv_ingestion.py
[2026-04-30T09:42:46.218+0000] {logging_mixin.py:188} INFO - [2026-04-30T09:42:46.218+0000] {dag.py:3096} INFO - Sync 1 DAGs
[2026-04-30T09:42:46.237+0000] {logging_mixin.py:188} INFO - [2026-04-30T09:42:46.237+0000] {dag.py:3954} INFO - Setting next_dagrun for nyc_fhv_ingestion to None, run_after=None
[2026-04-30T09:42:46.269+0000] {processor.py:183} INFO - Processing /opt/airflow/dags/nyc_fhv_ingestion.py took 0.137 seconds
[2026-04-30T09:43:17.023+0000] {processor.py:161} INFO - Started process (PID=1119) to work on /opt/airflow/dags/nyc_fhv_ingestion.py
[2026-04-30T09:43:17.024+0000] {processor.py:830} INFO - Processing file /opt/airflow/dags/nyc_fhv_ingestion.py for tasks to queue
[2026-04-30T09:43:17.027+0000] {logging_mixin.py:188} INFO - [2026-04-30T09:43:17.027+0000] {dagbag.py:545} INFO - Filling up the DagBag from /opt/airflow/dags/nyc_fhv_ingestion.py
[2026-04-30T09:43:17.058+0000] {processor.py:840} INFO - DAG(s) 'nyc_fhv_ingestion' retrieved from /opt/airflow/dags/nyc_fhv_ingestion.py
[2026-04-30T09:43:17.089+0000] {logging_mixin.py:188} INFO - [2026-04-30T09:43:17.089+0000] {dag.py:3096} INFO - Sync 1 DAGs
[2026-04-30T09:43:17.107+0000] {logging_mixin.py:188} INFO - [2026-04-30T09:43:17.107+0000] {dag.py:3954} INFO - Setting next_dagrun for nyc_fhv_ingestion to None, run_after=None
[2026-04-30T09:43:17.135+0000] {processor.py:183} INFO - Processing /opt/airflow/dags/nyc_fhv_ingestion.py took 0.120 seconds
[2026-04-30T09:43:47.427+0000] {processor.py:161} INFO - Started process (PID=1130) to work on /opt/airflow/dags/nyc_fhv_ingestion.py
[2026-04-30T09:43:47.434+0000] {processor.py:830} INFO - Processing file /opt/airflow/dags/nyc_fhv_ingestion.py for tasks to queue
[2026-04-30T09:43:47.440+0000] {logging_mixin.py:188} INFO - [2026-04-30T09:43:47.439+0000] {dagbag.py:545} INFO - Filling up the DagBag from /opt/airflow/dags/nyc_fhv_ingestion.py
[2026-04-30T09:43:47.481+0000] {processor.py:840} INFO - DAG(s) 'nyc_fhv_ingestion' retrieved from /opt/airflow/dags/nyc_fhv_ingestion.py
[2026-04-30T09:43:47.510+0000] {logging_mixin.py:188} INFO - [2026-04-30T09:43:47.509+0000] {dag.py:3096} INFO - Sync 1 DAGs
[2026-04-30T09:43:47.530+0000] {logging_mixin.py:188} INFO - [2026-04-30T09:43:47.529+0000] {dag.py:3954} INFO - Setting next_dagrun for nyc_fhv_ingestion to None, run_after=None
[2026-04-30T09:43:47.564+0000] {processor.py:183} INFO - Processing /opt/airflow/dags/nyc_fhv_ingestion.py took 0.146 seconds
[2026-04-30T09:44:18.390+0000] {processor.py:161} INFO - Started process (PID=1142) to work on /opt/airflow/dags/nyc_fhv_ingestion.py
[2026-04-30T09:44:18.393+0000] {processor.py:830} INFO - Processing file /opt/airflow/dags/nyc_fhv_ingestion.py for tasks to queue
[2026-04-30T09:44:18.397+0000] {logging_mixin.py:188} INFO - [2026-04-30T09:44:18.396+0000] {dagbag.py:545} INFO - Filling up the DagBag from /opt/airflow/dags/nyc_fhv_ingestion.py
[2026-04-30T09:44:18.429+0000] {processor.py:840} INFO - DAG(s) 'nyc_fhv_ingestion' retrieved from /opt/airflow/dags/nyc_fhv_ingestion.py
[2026-04-30T09:44:18.459+0000] {logging_mixin.py:188} INFO - [2026-04-30T09:44:18.459+0000] {dag.py:3096} INFO - Sync 1 DAGs
[2026-04-30T09:44:18.479+0000] {logging_mixin.py:188} INFO - [2026-04-30T09:44:18.479+0000] {dag.py:3954} INFO - Setting next_dagrun for nyc_fhv_ingestion to None, run_after=None
[2026-04-30T09:44:18.513+0000] {processor.py:183} INFO - Processing /opt/airflow/dags/nyc_fhv_ingestion.py took 0.132 seconds
[2026-04-30T09:44:49.231+0000] {processor.py:161} INFO - Started process (PID=1153) to work on /opt/airflow/dags/nyc_fhv_ingestion.py
[2026-04-30T09:44:49.235+0000] {processor.py:830} INFO - Processing file /opt/airflow/dags/nyc_fhv_ingestion.py for tasks to queue
[2026-04-30T09:44:49.238+0000] {logging_mixin.py:188} INFO - [2026-04-30T09:44:49.237+0000] {dagbag.py:545} INFO - Filling up the DagBag from /opt/airflow/dags/nyc_fhv_ingestion.py
[2026-04-30T09:44:49.281+0000] {processor.py:840} INFO - DAG(s) 'nyc_fhv_ingestion' retrieved from /opt/airflow/dags/nyc_fhv_ingestion.py
[2026-04-30T09:44:49.318+0000] {logging_mixin.py:188} INFO - [2026-04-30T09:44:49.317+0000] {dag.py:3096} INFO - Sync 1 DAGs
[2026-04-30T09:44:49.340+0000] {logging_mixin.py:188} INFO - [2026-04-30T09:44:49.339+0000] {dag.py:3954} INFO - Setting next_dagrun for nyc_fhv_ingestion to None, run_after=None
[2026-04-30T09:44:49.379+0000] {processor.py:183} INFO - Processing /opt/airflow/dags/nyc_fhv_ingestion.py took 0.158 seconds
[2026-04-30T09:45:20.269+0000] {processor.py:161} INFO - Started process (PID=1164) to work on /opt/airflow/dags/nyc_fhv_ingestion.py
[2026-04-30T09:45:20.270+0000] {processor.py:830} INFO - Processing file /opt/airflow/dags/nyc_fhv_ingestion.py for tasks to queue
[2026-04-30T09:45:20.274+0000] {logging_mixin.py:188} INFO - [2026-04-30T09:45:20.273+0000] {dagbag.py:545} INFO - Filling up the DagBag from /opt/airflow/dags/nyc_fhv_ingestion.py
[2026-04-30T09:45:20.316+0000] {processor.py:840} INFO - DAG(s) 'nyc_fhv_ingestion' retrieved from /opt/airflow/dags/nyc_fhv_ingestion.py
[2026-04-30T09:45:20.345+0000] {logging_mixin.py:188} INFO - [2026-04-30T09:45:20.345+0000] {dag.py:3096} INFO - Sync 1 DAGs
[2026-04-30T09:45:20.363+0000] {logging_mixin.py:188} INFO - [2026-04-30T09:45:20.362+0000] {dag.py:3954} INFO - Setting next_dagrun for nyc_fhv_ingestion to None, run_after=None
[2026-04-30T09:45:20.395+0000] {processor.py:183} INFO - Processing /opt/airflow/dags/nyc_fhv_ingestion.py took 0.136 seconds
[2026-04-30T09:45:51.060+0000] {processor.py:161} INFO - Started process (PID=1175) to work on /opt/airflow/dags/nyc_fhv_ingestion.py
[2026-04-30T09:45:51.064+0000] {processor.py:830} INFO - Processing file /opt/airflow/dags/nyc_fhv_ingestion.py for tasks to queue
[2026-04-30T09:45:51.069+0000] {logging_mixin.py:188} INFO - [2026-04-30T09:45:51.068+0000] {dagbag.py:545} INFO - Filling up the DagBag from /opt/airflow/dags/nyc_fhv_ingestion.py
[2026-04-30T09:45:51.126+0000] {processor.py:840} INFO - DAG(s) 'nyc_fhv_ingestion' retrieved from /opt/airflow/dags/nyc_fhv_ingestion.py
[2026-04-30T09:45:51.172+0000] {logging_mixin.py:188} INFO - [2026-04-30T09:45:51.172+0000] {dag.py:3096} INFO - Sync 1 DAGs
[2026-04-30T09:45:51.193+0000] {logging_mixin.py:188} INFO - [2026-04-30T09:45:51.192+0000] {dag.py:3954} INFO - Setting next_dagrun for nyc_fhv_ingestion to None, run_after=None
[2026-04-30T09:45:51.232+0000] {processor.py:183} INFO - Processing /opt/airflow/dags/nyc_fhv_ingestion.py took 0.182 seconds
[2026-04-30T09:46:22.052+0000] {processor.py:161} INFO - Started process (PID=1186) to work on /opt/airflow/dags/nyc_fhv_ingestion.py
[2026-04-30T09:46:22.054+0000] {processor.py:830} INFO - Processing file /opt/airflow/dags/nyc_fhv_ingestion.py for tasks to queue
[2026-04-30T09:46:22.057+0000] {logging_mixin.py:188} INFO - [2026-04-30T09:46:22.056+0000] {dagbag.py:545} INFO - Filling up the DagBag from /opt/airflow/dags/nyc_fhv_ingestion.py
[2026-04-30T09:46:22.092+0000] {processor.py:840} INFO - DAG(s) 'nyc_fhv_ingestion' retrieved from /opt/airflow/dags/nyc_fhv_ingestion.py
[2026-04-30T09:46:22.123+0000] {logging_mixin.py:188} INFO - [2026-04-30T09:46:22.123+0000] {dag.py:3096} INFO - Sync 1 DAGs
[2026-04-30T09:46:22.140+0000] {logging_mixin.py:188} INFO - [2026-04-30T09:46:22.139+0000] {dag.py:3954} INFO - Setting next_dagrun for nyc_fhv_ingestion to None, run_after=None
[2026-04-30T09:46:22.179+0000] {processor.py:183} INFO - Processing /opt/airflow/dags/nyc_fhv_ingestion.py took 0.137 seconds
[2026-04-30T09:46:52.333+0000] {processor.py:161} INFO - Started process (PID=1197) to work on /opt/airflow/dags/nyc_fhv_ingestion.py
[2026-04-30T09:46:52.336+0000] {processor.py:830} INFO - Processing file /opt/airflow/dags/nyc_fhv_ingestion.py for tasks to queue
[2026-04-30T09:46:52.340+0000] {logging_mixin.py:188} INFO - [2026-04-30T09:46:52.339+0000] {dagbag.py:545} INFO - Filling up the DagBag from /opt/airflow/dags/nyc_fhv_ingestion.py
[2026-04-30T09:46:52.378+0000] {processor.py:840} INFO - DAG(s) 'nyc_fhv_ingestion' retrieved from /opt/airflow/dags/nyc_fhv_ingestion.py
[2026-04-30T09:46:52.412+0000] {logging_mixin.py:188} INFO - [2026-04-30T09:46:52.411+0000] {dag.py:3096} INFO - Sync 1 DAGs
[2026-04-30T09:46:52.436+0000] {logging_mixin.py:188} INFO - [2026-04-30T09:46:52.436+0000] {dag.py:3954} INFO - Setting next_dagrun for nyc_fhv_ingestion to None, run_after=None
[2026-04-30T09:46:52.475+0000] {processor.py:183} INFO - Processing /opt/airflow/dags/nyc_fhv_ingestion.py took 0.152 seconds
[2026-04-30T09:47:23.207+0000] {processor.py:161} INFO - Started process (PID=1208) to work on /opt/airflow/dags/nyc_fhv_ingestion.py
[2026-04-30T09:47:23.212+0000] {processor.py:830} INFO - Processing file /opt/airflow/dags/nyc_fhv_ingestion.py for tasks to queue
[2026-04-30T09:47:23.216+0000] {logging_mixin.py:188} INFO - [2026-04-30T09:47:23.215+0000] {dagbag.py:545} INFO - Filling up the DagBag from /opt/airflow/dags/nyc_fhv_ingestion.py
[2026-04-30T09:47:23.274+0000] {processor.py:840} INFO - DAG(s) 'nyc_fhv_ingestion' retrieved from /opt/airflow/dags/nyc_fhv_ingestion.py
[2026-04-30T09:47:23.320+0000] {logging_mixin.py:188} INFO - [2026-04-30T09:47:23.319+0000] {dag.py:3096} INFO - Sync 1 DAGs
[2026-04-30T09:47:23.342+0000] {logging_mixin.py:188} INFO - [2026-04-30T09:47:23.342+0000] {dag.py:3954} INFO - Setting next_dagrun for nyc_fhv_ingestion to None, run_after=None
[2026-04-30T09:47:23.383+0000] {processor.py:183} INFO - Processing /opt/airflow/dags/nyc_fhv_ingestion.py took 0.194 seconds
[2026-04-30T09:47:54.359+0000] {processor.py:161} INFO - Started process (PID=1219) to work on /opt/airflow/dags/nyc_fhv_ingestion.py
[2026-04-30T09:47:54.361+0000] {processor.py:830} INFO - Processing file /opt/airflow/dags/nyc_fhv_ingestion.py for tasks to queue
[2026-04-30T09:47:54.365+0000] {logging_mixin.py:188} INFO - [2026-04-30T09:47:54.364+0000] {dagbag.py:545} INFO - Filling up the DagBag from /opt/airflow/dags/nyc_fhv_ingestion.py
[2026-04-30T09:47:54.406+0000] {processor.py:840} INFO - DAG(s) 'nyc_fhv_ingestion' retrieved from /opt/airflow/dags/nyc_fhv_ingestion.py
[2026-04-30T09:47:54.438+0000] {logging_mixin.py:188} INFO - [2026-04-30T09:47:54.438+0000] {dag.py:3096} INFO - Sync 1 DAGs
[2026-04-30T09:47:54.465+0000] {logging_mixin.py:188} INFO - [2026-04-30T09:47:54.465+0000] {dag.py:3954} INFO - Setting next_dagrun for nyc_fhv_ingestion to None, run_after=None
[2026-04-30T09:47:54.506+0000] {processor.py:183} INFO - Processing /opt/airflow/dags/nyc_fhv_ingestion.py took 0.156 seconds
[2026-04-30T09:48:24.658+0000] {processor.py:161} INFO - Started process (PID=1230) to work on /opt/airflow/dags/nyc_fhv_ingestion.py
[2026-04-30T09:48:24.659+0000] {processor.py:830} INFO - Processing file /opt/airflow/dags/nyc_fhv_ingestion.py for tasks to queue
[2026-04-30T09:48:24.663+0000] {logging_mixin.py:188} INFO - [2026-04-30T09:48:24.662+0000] {dagbag.py:545} INFO - Filling up the DagBag from /opt/airflow/dags/nyc_fhv_ingestion.py
[2026-04-30T09:48:24.703+0000] {processor.py:840} INFO - DAG(s) 'nyc_fhv_ingestion' retrieved from /opt/airflow/dags/nyc_fhv_ingestion.py
[2026-04-30T09:48:24.743+0000] {logging_mixin.py:188} INFO - [2026-04-30T09:48:24.741+0000] {dag.py:3096} INFO - Sync 1 DAGs
[2026-04-30T09:48:24.770+0000] {logging_mixin.py:188} INFO - [2026-04-30T09:48:24.770+0000] {dag.py:3954} INFO - Setting next_dagrun for nyc_fhv_ingestion to None, run_after=None
[2026-04-30T09:48:24.814+0000] {processor.py:183} INFO - Processing /opt/airflow/dags/nyc_fhv_ingestion.py took 0.165 seconds
[2026-04-30T09:48:55.606+0000] {processor.py:161} INFO - Started process (PID=1241) to work on /opt/airflow/dags/nyc_fhv_ingestion.py
[2026-04-30T09:48:55.608+0000] {processor.py:830} INFO - Processing file /opt/airflow/dags/nyc_fhv_ingestion.py for tasks to queue
[2026-04-30T09:48:55.612+0000] {logging_mixin.py:188} INFO - [2026-04-30T09:48:55.611+0000] {dagbag.py:545} INFO - Filling up the DagBag from /opt/airflow/dags/nyc_fhv_ingestion.py
[2026-04-30T09:48:55.652+0000] {processor.py:840} INFO - DAG(s) 'nyc_fhv_ingestion' retrieved from /opt/airflow/dags/nyc_fhv_ingestion.py
[2026-04-30T09:48:55.691+0000] {logging_mixin.py:188} INFO - [2026-04-30T09:48:55.690+0000] {dag.py:3096} INFO - Sync 1 DAGs
[2026-04-30T09:48:55.737+0000] {logging_mixin.py:188} INFO - [2026-04-30T09:48:55.736+0000] {dag.py:3954} INFO - Setting next_dagrun for nyc_fhv_ingestion to None, run_after=None
[2026-04-30T09:48:55.810+0000] {processor.py:183} INFO - Processing /opt/airflow/dags/nyc_fhv_ingestion.py took 0.213 seconds
[2026-04-30T09:49:26.768+0000] {processor.py:161} INFO - Started process (PID=1252) to work on /opt/airflow/dags/nyc_fhv_ingestion.py
[2026-04-30T09:49:26.771+0000] {processor.py:830} INFO - Processing file /opt/airflow/dags/nyc_fhv_ingestion.py for tasks to queue
[2026-04-30T09:49:26.775+0000] {logging_mixin.py:188} INFO - [2026-04-30T09:49:26.775+0000] {dagbag.py:545} INFO - Filling up the DagBag from /opt/airflow/dags/nyc_fhv_ingestion.py
[2026-04-30T09:49:26.809+0000] {processor.py:840} INFO - DAG(s) 'nyc_fhv_ingestion' retrieved from /opt/airflow/dags/nyc_fhv_ingestion.py
[2026-04-30T09:49:26.838+0000] {logging_mixin.py:188} INFO - [2026-04-30T09:49:26.837+0000] {dag.py:3096} INFO - Sync 1 DAGs
[2026-04-30T09:49:26.857+0000] {logging_mixin.py:188} INFO - [2026-04-30T09:49:26.857+0000] {dag.py:3954} INFO - Setting next_dagrun for nyc_fhv_ingestion to None, run_after=None
[2026-04-30T09:49:26.897+0000] {processor.py:183} INFO - Processing /opt/airflow/dags/nyc_fhv_ingestion.py took 0.138 seconds
[2026-04-30T09:49:57.137+0000] {processor.py:161} INFO - Started process (PID=1263) to work on /opt/airflow/dags/nyc_fhv_ingestion.py
[2026-04-30T09:49:57.139+0000] {processor.py:830} INFO - Processing file /opt/airflow/dags/nyc_fhv_ingestion.py for tasks to queue
[2026-04-30T09:49:57.142+0000] {logging_mixin.py:188} INFO - [2026-04-30T09:49:57.142+0000] {dagbag.py:545} INFO - Filling up the DagBag from /opt/airflow/dags/nyc_fhv_ingestion.py
[2026-04-30T09:49:57.190+0000] {processor.py:840} INFO - DAG(s) 'nyc_fhv_ingestion' retrieved from /opt/airflow/dags/nyc_fhv_ingestion.py
[2026-04-30T09:49:57.228+0000] {logging_mixin.py:188} INFO - [2026-04-30T09:49:57.228+0000] {dag.py:3096} INFO - Sync 1 DAGs
[2026-04-30T09:49:57.253+0000] {logging_mixin.py:188} INFO - [2026-04-30T09:49:57.253+0000] {dag.py:3954} INFO - Setting next_dagrun for nyc_fhv_ingestion to None, run_after=None
[2026-04-30T09:49:57.299+0000] {processor.py:183} INFO - Processing /opt/airflow/dags/nyc_fhv_ingestion.py took 0.172 seconds
[2026-04-30T09:50:27.864+0000] {processor.py:161} INFO - Started process (PID=1274) to work on /opt/airflow/dags/nyc_fhv_ingestion.py
[2026-04-30T09:50:27.865+0000] {processor.py:830} INFO - Processing file /opt/airflow/dags/nyc_fhv_ingestion.py for tasks to queue
[2026-04-30T09:50:27.868+0000] {logging_mixin.py:188} INFO - [2026-04-30T09:50:27.868+0000] {dagbag.py:545} INFO - Filling up the DagBag from /opt/airflow/dags/nyc_fhv_ingestion.py
[2026-04-30T09:50:27.916+0000] {processor.py:840} INFO - DAG(s) 'nyc_fhv_ingestion' retrieved from /opt/airflow/dags/nyc_fhv_ingestion.py
[2026-04-30T09:50:27.952+0000] {logging_mixin.py:188} INFO - [2026-04-30T09:50:27.952+0000] {dag.py:3096} INFO - Sync 1 DAGs
[2026-04-30T09:50:27.986+0000] {logging_mixin.py:188} INFO - [2026-04-30T09:50:27.986+0000] {dag.py:3954} INFO - Setting next_dagrun for nyc_fhv_ingestion to None, run_after=None
[2026-04-30T09:50:28.040+0000] {processor.py:183} INFO - Processing /opt/airflow/dags/nyc_fhv_ingestion.py took 0.186 seconds
[2026-04-30T09:50:58.657+0000] {processor.py:161} INFO - Started process (PID=1285) to work on /opt/airflow/dags/nyc_fhv_ingestion.py
[2026-04-30T09:50:58.659+0000] {processor.py:830} INFO - Processing file /opt/airflow/dags/nyc_fhv_ingestion.py for tasks to queue
[2026-04-30T09:50:58.663+0000] {logging_mixin.py:188} INFO - [2026-04-30T09:50:58.662+0000] {dagbag.py:545} INFO - Filling up the DagBag from /opt/airflow/dags/nyc_fhv_ingestion.py
[2026-04-30T09:50:58.700+0000] {processor.py:840} INFO - DAG(s) 'nyc_fhv_ingestion' retrieved from /opt/airflow/dags/nyc_fhv_ingestion.py
[2026-04-30T09:50:58.736+0000] {logging_mixin.py:188} INFO - [2026-04-30T09:50:58.736+0000] {dag.py:3096} INFO - Sync 1 DAGs
[2026-04-30T09:50:58.756+0000] {logging_mixin.py:188} INFO - [2026-04-30T09:50:58.756+0000] {dag.py:3954} INFO - Setting next_dagrun for nyc_fhv_ingestion to None, run_after=None
[2026-04-30T09:50:58.799+0000] {processor.py:183} INFO - Processing /opt/airflow/dags/nyc_fhv_ingestion.py took 0.151 seconds
[2026-04-30T09:51:29.133+0000] {processor.py:161} INFO - Started process (PID=1296) to work on /opt/airflow/dags/nyc_fhv_ingestion.py
[2026-04-30T09:51:29.135+0000] {processor.py:830} INFO - Processing file /opt/airflow/dags/nyc_fhv_ingestion.py for tasks to queue
[2026-04-30T09:51:29.138+0000] {logging_mixin.py:188} INFO - [2026-04-30T09:51:29.138+0000] {dagbag.py:545} INFO - Filling up the DagBag from /opt/airflow/dags/nyc_fhv_ingestion.py
[2026-04-30T09:51:29.173+0000] {processor.py:840} INFO - DAG(s) 'nyc_fhv_ingestion' retrieved from /opt/airflow/dags/nyc_fhv_ingestion.py
[2026-04-30T09:51:29.212+0000] {logging_mixin.py:188} INFO - [2026-04-30T09:51:29.212+0000] {dag.py:3096} INFO - Sync 1 DAGs
[2026-04-30T09:51:29.233+0000] {logging_mixin.py:188} INFO - [2026-04-30T09:51:29.233+0000] {dag.py:3954} INFO - Setting next_dagrun for nyc_fhv_ingestion to None, run_after=None
[2026-04-30T09:51:29.270+0000] {processor.py:183} INFO - Processing /opt/airflow/dags/nyc_fhv_ingestion.py took 0.145 seconds
[2026-04-30T09:51:59.469+0000] {processor.py:161} INFO - Started process (PID=1308) to work on /opt/airflow/dags/nyc_fhv_ingestion.py
[2026-04-30T09:51:59.471+0000] {processor.py:830} INFO - Processing file /opt/airflow/dags/nyc_fhv_ingestion.py for tasks to queue
[2026-04-30T09:51:59.474+0000] {logging_mixin.py:188} INFO - [2026-04-30T09:51:59.474+0000] {dagbag.py:545} INFO - Filling up the DagBag from /opt/airflow/dags/nyc_fhv_ingestion.py
[2026-04-30T09:51:59.505+0000] {processor.py:840} INFO - DAG(s) 'nyc_fhv_ingestion' retrieved from /opt/airflow/dags/nyc_fhv_ingestion.py
[2026-04-30T09:51:59.538+0000] {logging_mixin.py:188} INFO - [2026-04-30T09:51:59.537+0000] {dag.py:3096} INFO - Sync 1 DAGs
[2026-04-30T09:51:59.557+0000] {logging_mixin.py:188} INFO - [2026-04-30T09:51:59.556+0000] {dag.py:3954} INFO - Setting next_dagrun for nyc_fhv_ingestion to None, run_after=None
[2026-04-30T09:51:59.589+0000] {processor.py:183} INFO - Processing /opt/airflow/dags/nyc_fhv_ingestion.py took 0.129 seconds
[2026-04-30T09:52:29.800+0000] {processor.py:161} INFO - Started process (PID=1319) to work on /opt/airflow/dags/nyc_fhv_ingestion.py
[2026-04-30T09:52:29.804+0000] {processor.py:830} INFO - Processing file /opt/airflow/dags/nyc_fhv_ingestion.py for tasks to queue
[2026-04-30T09:52:29.812+0000] {logging_mixin.py:188} INFO - [2026-04-30T09:52:29.811+0000] {dagbag.py:545} INFO - Filling up the DagBag from /opt/airflow/dags/nyc_fhv_ingestion.py
[2026-04-30T09:52:29.853+0000] {processor.py:840} INFO - DAG(s) 'nyc_fhv_ingestion' retrieved from /opt/airflow/dags/nyc_fhv_ingestion.py
[2026-04-30T09:52:29.884+0000] {logging_mixin.py:188} INFO - [2026-04-30T09:52:29.883+0000] {dag.py:3096} INFO - Sync 1 DAGs
[2026-04-30T09:52:29.908+0000] {logging_mixin.py:188} INFO - [2026-04-30T09:52:29.908+0000] {dag.py:3954} INFO - Setting next_dagrun for nyc_fhv_ingestion to None, run_after=None
[2026-04-30T09:52:29.950+0000] {processor.py:183} INFO - Processing /opt/airflow/dags/nyc_fhv_ingestion.py took 0.161 seconds
[2026-04-30T09:53:00.207+0000] {processor.py:161} INFO - Started process (PID=1330) to work on /opt/airflow/dags/nyc_fhv_ingestion.py
[2026-04-30T09:53:00.209+0000] {processor.py:830} INFO - Processing file /opt/airflow/dags/nyc_fhv_ingestion.py for tasks to queue
[2026-04-30T09:53:00.212+0000] {logging_mixin.py:188} INFO - [2026-04-30T09:53:00.211+0000] {dagbag.py:545} INFO - Filling up the DagBag from /opt/airflow/dags/nyc_fhv_ingestion.py
[2026-04-30T09:53:00.245+0000] {processor.py:840} INFO - DAG(s) 'nyc_fhv_ingestion' retrieved from /opt/airflow/dags/nyc_fhv_ingestion.py
[2026-04-30T09:53:00.278+0000] {logging_mixin.py:188} INFO - [2026-04-30T09:53:00.278+0000] {dag.py:3096} INFO - Sync 1 DAGs
[2026-04-30T09:53:00.296+0000] {logging_mixin.py:188} INFO - [2026-04-30T09:53:00.295+0000] {dag.py:3954} INFO - Setting next_dagrun for nyc_fhv_ingestion to None, run_after=None
[2026-04-30T09:53:00.326+0000] {processor.py:183} INFO - Processing /opt/airflow/dags/nyc_fhv_ingestion.py took 0.127 seconds
[2026-04-30T09:53:31.205+0000] {processor.py:161} INFO - Started process (PID=1341) to work on /opt/airflow/dags/nyc_fhv_ingestion.py
[2026-04-30T09:53:31.207+0000] {processor.py:830} INFO - Processing file /opt/airflow/dags/nyc_fhv_ingestion.py for tasks to queue
[2026-04-30T09:53:31.211+0000] {logging_mixin.py:188} INFO - [2026-04-30T09:53:31.210+0000] {dagbag.py:545} INFO - Filling up the DagBag from /opt/airflow/dags/nyc_fhv_ingestion.py
[2026-04-30T09:53:31.251+0000] {processor.py:840} INFO - DAG(s) 'nyc_fhv_ingestion' retrieved from /opt/airflow/dags/nyc_fhv_ingestion.py
[2026-04-30T09:53:31.287+0000] {logging_mixin.py:188} INFO - [2026-04-30T09:53:31.286+0000] {dag.py:3096} INFO - Sync 1 DAGs
[2026-04-30T09:53:31.308+0000] {logging_mixin.py:188} INFO - [2026-04-30T09:53:31.307+0000] {dag.py:3954} INFO - Setting next_dagrun for nyc_fhv_ingestion to None, run_after=None
[2026-04-30T09:53:31.343+0000] {processor.py:183} INFO - Processing /opt/airflow/dags/nyc_fhv_ingestion.py took 0.147 seconds
[2026-04-30T09:54:01.858+0000] {processor.py:161} INFO - Started process (PID=1358) to work on /opt/airflow/dags/nyc_fhv_ingestion.py
[2026-04-30T09:54:01.860+0000] {processor.py:830} INFO - Processing file /opt/airflow/dags/nyc_fhv_ingestion.py for tasks to queue
[2026-04-30T09:54:01.862+0000] {logging_mixin.py:188} INFO - [2026-04-30T09:54:01.862+0000] {dagbag.py:545} INFO - Filling up the DagBag from /opt/airflow/dags/nyc_fhv_ingestion.py
[2026-04-30T09:54:01.897+0000] {processor.py:840} INFO - DAG(s) 'nyc_fhv_ingestion' retrieved from /opt/airflow/dags/nyc_fhv_ingestion.py
[2026-04-30T09:54:01.930+0000] {logging_mixin.py:188} INFO - [2026-04-30T09:54:01.930+0000] {dag.py:3096} INFO - Sync 1 DAGs
[2026-04-30T09:54:01.955+0000] {logging_mixin.py:188} INFO - [2026-04-30T09:54:01.955+0000] {dag.py:3954} INFO - Setting next_dagrun for nyc_fhv_ingestion to None, run_after=None
[2026-04-30T09:54:02.173+0000] {processor.py:183} INFO - Processing /opt/airflow/dags/nyc_fhv_ingestion.py took 0.324 seconds
[2026-04-30T09:54:32.426+0000] {processor.py:161} INFO - Started process (PID=1369) to work on /opt/airflow/dags/nyc_fhv_ingestion.py
[2026-04-30T09:54:32.427+0000] {processor.py:830} INFO - Processing file /opt/airflow/dags/nyc_fhv_ingestion.py for tasks to queue
[2026-04-30T09:54:32.431+0000] {logging_mixin.py:188} INFO - [2026-04-30T09:54:32.430+0000] {dagbag.py:545} INFO - Filling up the DagBag from /opt/airflow/dags/nyc_fhv_ingestion.py
[2026-04-30T09:54:32.465+0000] {processor.py:840} INFO - DAG(s) 'nyc_fhv_ingestion' retrieved from /opt/airflow/dags/nyc_fhv_ingestion.py
[2026-04-30T09:54:32.683+0000] {logging_mixin.py:188} INFO - [2026-04-30T09:54:32.683+0000] {dag.py:3096} INFO - Sync 1 DAGs
[2026-04-30T09:54:32.699+0000] {logging_mixin.py:188} INFO - [2026-04-30T09:54:32.699+0000] {dag.py:3954} INFO - Setting next_dagrun for nyc_fhv_ingestion to None, run_after=None
[2026-04-30T09:54:32.736+0000] {processor.py:183} INFO - Processing /opt/airflow/dags/nyc_fhv_ingestion.py took 0.320 seconds
[2026-04-30T09:55:03.297+0000] {processor.py:161} INFO - Started process (PID=1381) to work on /opt/airflow/dags/nyc_fhv_ingestion.py
[2026-04-30T09:55:03.299+0000] {processor.py:830} INFO - Processing file /opt/airflow/dags/nyc_fhv_ingestion.py for tasks to queue
[2026-04-30T09:55:03.305+0000] {logging_mixin.py:188} INFO - [2026-04-30T09:55:03.304+0000] {dagbag.py:545} INFO - Filling up the DagBag from /opt/airflow/dags/nyc_fhv_ingestion.py
[2026-04-30T09:55:03.400+0000] {processor.py:840} INFO - DAG(s) 'nyc_fhv_ingestion' retrieved from /opt/airflow/dags/nyc_fhv_ingestion.py
[2026-04-30T09:55:03.453+0000] {logging_mixin.py:188} INFO - [2026-04-30T09:55:03.449+0000] {dag.py:3096} INFO - Sync 1 DAGs
[2026-04-30T09:55:03.491+0000] {logging_mixin.py:188} INFO - [2026-04-30T09:55:03.490+0000] {dag.py:3954} INFO - Setting next_dagrun for nyc_fhv_ingestion to None, run_after=None
[2026-04-30T09:55:03.545+0000] {processor.py:183} INFO - Processing /opt/airflow/dags/nyc_fhv_ingestion.py took 0.262 seconds
[2026-04-30T09:55:34.289+0000] {processor.py:161} INFO - Started process (PID=1391) to work on /opt/airflow/dags/nyc_fhv_ingestion.py
[2026-04-30T09:55:34.291+0000] {processor.py:830} INFO - Processing file /opt/airflow/dags/nyc_fhv_ingestion.py for tasks to queue
[2026-04-30T09:55:34.294+0000] {logging_mixin.py:188} INFO - [2026-04-30T09:55:34.294+0000] {dagbag.py:545} INFO - Filling up the DagBag from /opt/airflow/dags/nyc_fhv_ingestion.py
[2026-04-30T09:55:34.328+0000] {processor.py:840} INFO - DAG(s) 'nyc_fhv_ingestion' retrieved from /opt/airflow/dags/nyc_fhv_ingestion.py
[2026-04-30T09:55:34.360+0000] {logging_mixin.py:188} INFO - [2026-04-30T09:55:34.360+0000] {dag.py:3096} INFO - Sync 1 DAGs
[2026-04-30T09:55:34.380+0000] {logging_mixin.py:188} INFO - [2026-04-30T09:55:34.380+0000] {dag.py:3954} INFO - Setting next_dagrun for nyc_fhv_ingestion to None, run_after=None
[2026-04-30T09:55:34.643+0000] {processor.py:183} INFO - Processing /opt/airflow/dags/nyc_fhv_ingestion.py took 0.364 seconds
[2026-04-30T09:56:05.329+0000] {processor.py:161} INFO - Started process (PID=1402) to work on /opt/airflow/dags/nyc_fhv_ingestion.py
[2026-04-30T09:56:05.331+0000] {processor.py:830} INFO - Processing file /opt/airflow/dags/nyc_fhv_ingestion.py for tasks to queue
[2026-04-30T09:56:05.335+0000] {logging_mixin.py:188} INFO - [2026-04-30T09:56:05.335+0000] {dagbag.py:545} INFO - Filling up the DagBag from /opt/airflow/dags/nyc_fhv_ingestion.py
[2026-04-30T09:56:05.387+0000] {processor.py:840} INFO - DAG(s) 'nyc_fhv_ingestion' retrieved from /opt/airflow/dags/nyc_fhv_ingestion.py
[2026-04-30T09:56:05.753+0000] {logging_mixin.py:188} INFO - [2026-04-30T09:56:05.753+0000] {dag.py:3096} INFO - Sync 1 DAGs
[2026-04-30T09:56:05.788+0000] {logging_mixin.py:188} INFO - [2026-04-30T09:56:05.788+0000] {dag.py:3954} INFO - Setting next_dagrun for nyc_fhv_ingestion to None, run_after=None
[2026-04-30T09:56:05.837+0000] {processor.py:183} INFO - Processing /opt/airflow/dags/nyc_fhv_ingestion.py took 0.518 seconds
[2026-04-30T09:56:36.417+0000] {processor.py:161} INFO - Started process (PID=1413) to work on /opt/airflow/dags/nyc_fhv_ingestion.py
[2026-04-30T09:56:36.419+0000] {processor.py:830} INFO - Processing file /opt/airflow/dags/nyc_fhv_ingestion.py for tasks to queue
[2026-04-30T09:56:36.423+0000] {logging_mixin.py:188} INFO - [2026-04-30T09:56:36.422+0000] {dagbag.py:545} INFO - Filling up the DagBag from /opt/airflow/dags/nyc_fhv_ingestion.py
[2026-04-30T09:56:36.462+0000] {processor.py:840} INFO - DAG(s) 'nyc_fhv_ingestion' retrieved from /opt/airflow/dags/nyc_fhv_ingestion.py
[2026-04-30T09:56:36.498+0000] {logging_mixin.py:188} INFO - [2026-04-30T09:56:36.497+0000] {dag.py:3096} INFO - Sync 1 DAGs
[2026-04-30T09:56:36.518+0000] {logging_mixin.py:188} INFO - [2026-04-30T09:56:36.518+0000] {dag.py:3954} INFO - Setting next_dagrun for nyc_fhv_ingestion to None, run_after=None
[2026-04-30T09:56:36.556+0000] {processor.py:183} INFO - Processing /opt/airflow/dags/nyc_fhv_ingestion.py took 0.148 seconds
[2026-04-30T09:57:07.357+0000] {processor.py:161} INFO - Started process (PID=1424) to work on /opt/airflow/dags/nyc_fhv_ingestion.py
[2026-04-30T09:57:07.358+0000] {processor.py:830} INFO - Processing file /opt/airflow/dags/nyc_fhv_ingestion.py for tasks to queue
[2026-04-30T09:57:07.362+0000] {logging_mixin.py:188} INFO - [2026-04-30T09:57:07.361+0000] {dagbag.py:545} INFO - Filling up the DagBag from /opt/airflow/dags/nyc_fhv_ingestion.py
[2026-04-30T09:57:07.397+0000] {processor.py:840} INFO - DAG(s) 'nyc_fhv_ingestion' retrieved from /opt/airflow/dags/nyc_fhv_ingestion.py
[2026-04-30T09:57:07.426+0000] {logging_mixin.py:188} INFO - [2026-04-30T09:57:07.426+0000] {dag.py:3096} INFO - Sync 1 DAGs
[2026-04-30T09:57:07.444+0000] {logging_mixin.py:188} INFO - [2026-04-30T09:57:07.444+0000] {dag.py:3954} INFO - Setting next_dagrun for nyc_fhv_ingestion to None, run_after=None
[2026-04-30T09:57:07.651+0000] {processor.py:183} INFO - Processing /opt/airflow/dags/nyc_fhv_ingestion.py took 0.302 seconds
[2026-04-30T09:57:38.180+0000] {processor.py:161} INFO - Started process (PID=1434) to work on /opt/airflow/dags/nyc_fhv_ingestion.py
[2026-04-30T09:57:38.182+0000] {processor.py:830} INFO - Processing file /opt/airflow/dags/nyc_fhv_ingestion.py for tasks to queue
[2026-04-30T09:57:38.185+0000] {logging_mixin.py:188} INFO - [2026-04-30T09:57:38.185+0000] {dagbag.py:545} INFO - Filling up the DagBag from /opt/airflow/dags/nyc_fhv_ingestion.py
[2026-04-30T09:57:38.230+0000] {processor.py:840} INFO - DAG(s) 'nyc_fhv_ingestion' retrieved from /opt/airflow/dags/nyc_fhv_ingestion.py
[2026-04-30T09:57:38.456+0000] {logging_mixin.py:188} INFO - [2026-04-30T09:57:38.456+0000] {dag.py:3096} INFO - Sync 1 DAGs
[2026-04-30T09:57:38.471+0000] {logging_mixin.py:188} INFO - [2026-04-30T09:57:38.470+0000] {dag.py:3954} INFO - Setting next_dagrun for nyc_fhv_ingestion to None, run_after=None
[2026-04-30T09:57:38.504+0000] {processor.py:183} INFO - Processing /opt/airflow/dags/nyc_fhv_ingestion.py took 0.333 seconds
[2026-04-30T09:58:09.618+0000] {processor.py:161} INFO - Started process (PID=1445) to work on /opt/airflow/dags/nyc_fhv_ingestion.py
[2026-04-30T09:58:09.622+0000] {processor.py:830} INFO - Processing file /opt/airflow/dags/nyc_fhv_ingestion.py for tasks to queue
[2026-04-30T09:58:09.626+0000] {logging_mixin.py:188} INFO - [2026-04-30T09:58:09.625+0000] {dagbag.py:545} INFO - Filling up the DagBag from /opt/airflow/dags/nyc_fhv_ingestion.py
[2026-04-30T09:58:09.670+0000] {processor.py:840} INFO - DAG(s) 'nyc_fhv_ingestion' retrieved from /opt/airflow/dags/nyc_fhv_ingestion.py
[2026-04-30T09:58:09.709+0000] {logging_mixin.py:188} INFO - [2026-04-30T09:58:09.708+0000] {dag.py:3096} INFO - Sync 1 DAGs
[2026-04-30T09:58:09.736+0000] {logging_mixin.py:188} INFO - [2026-04-30T09:58:09.735+0000] {dag.py:3954} INFO - Setting next_dagrun for nyc_fhv_ingestion to None, run_after=None
[2026-04-30T09:58:09.781+0000] {processor.py:183} INFO - Processing /opt/airflow/dags/nyc_fhv_ingestion.py took 0.173 seconds
[2026-04-30T09:58:40.317+0000] {processor.py:161} INFO - Started process (PID=1456) to work on /opt/airflow/dags/nyc_fhv_ingestion.py
[2026-04-30T09:58:40.318+0000] {processor.py:830} INFO - Processing file /opt/airflow/dags/nyc_fhv_ingestion.py for tasks to queue
[2026-04-30T09:58:40.323+0000] {logging_mixin.py:188} INFO - [2026-04-30T09:58:40.322+0000] {dagbag.py:545} INFO - Filling up the DagBag from /opt/airflow/dags/nyc_fhv_ingestion.py
[2026-04-30T09:58:40.362+0000] {processor.py:840} INFO - DAG(s) 'nyc_fhv_ingestion' retrieved from /opt/airflow/dags/nyc_fhv_ingestion.py
[2026-04-30T09:58:40.389+0000] {logging_mixin.py:188} INFO - [2026-04-30T09:58:40.389+0000] {dag.py:3096} INFO - Sync 1 DAGs
[2026-04-30T09:58:40.410+0000] {logging_mixin.py:188} INFO - [2026-04-30T09:58:40.410+0000] {dag.py:3954} INFO - Setting next_dagrun for nyc_fhv_ingestion to None, run_after=None
[2026-04-30T09:58:40.632+0000] {processor.py:183} INFO - Processing /opt/airflow/dags/nyc_fhv_ingestion.py took 0.324 seconds
[2026-04-30T09:59:11.000+0000] {processor.py:161} INFO - Started process (PID=1467) to work on /opt/airflow/dags/nyc_fhv_ingestion.py
[2026-04-30T09:59:11.002+0000] {processor.py:830} INFO - Processing file /opt/airflow/dags/nyc_fhv_ingestion.py for tasks to queue
[2026-04-30T09:59:11.005+0000] {logging_mixin.py:188} INFO - [2026-04-30T09:59:11.004+0000] {dagbag.py:545} INFO - Filling up the DagBag from /opt/airflow/dags/nyc_fhv_ingestion.py
[2026-04-30T09:59:11.038+0000] {processor.py:840} INFO - DAG(s) 'nyc_fhv_ingestion' retrieved from /opt/airflow/dags/nyc_fhv_ingestion.py
[2026-04-30T09:59:11.271+0000] {logging_mixin.py:188} INFO - [2026-04-30T09:59:11.271+0000] {dag.py:3096} INFO - Sync 1 DAGs
[2026-04-30T09:59:11.292+0000] {logging_mixin.py:188} INFO - [2026-04-30T09:59:11.292+0000] {dag.py:3954} INFO - Setting next_dagrun for nyc_fhv_ingestion to None, run_after=None
[2026-04-30T09:59:11.329+0000] {processor.py:183} INFO - Processing /opt/airflow/dags/nyc_fhv_ingestion.py took 0.338 seconds
[2026-04-30T09:59:41.586+0000] {processor.py:161} INFO - Started process (PID=1478) to work on /opt/airflow/dags/nyc_fhv_ingestion.py
[2026-04-30T09:59:41.588+0000] {processor.py:830} INFO - Processing file /opt/airflow/dags/nyc_fhv_ingestion.py for tasks to queue
[2026-04-30T09:59:41.592+0000] {logging_mixin.py:188} INFO - [2026-04-30T09:59:41.592+0000] {dagbag.py:545} INFO - Filling up the DagBag from /opt/airflow/dags/nyc_fhv_ingestion.py
[2026-04-30T09:59:41.633+0000] {processor.py:840} INFO - DAG(s) 'nyc_fhv_ingestion' retrieved from /opt/airflow/dags/nyc_fhv_ingestion.py
[2026-04-30T09:59:41.669+0000] {logging_mixin.py:188} INFO - [2026-04-30T09:59:41.668+0000] {dag.py:3096} INFO - Sync 1 DAGs
[2026-04-30T09:59:41.686+0000] {logging_mixin.py:188} INFO - [2026-04-30T09:59:41.685+0000] {dag.py:3954} INFO - Setting next_dagrun for nyc_fhv_ingestion to None, run_after=None
[2026-04-30T09:59:41.718+0000] {processor.py:183} INFO - Processing /opt/airflow/dags/nyc_fhv_ingestion.py took 0.142 seconds
[2026-04-30T10:00:11.867+0000] {processor.py:161} INFO - Started process (PID=1489) to work on /opt/airflow/dags/nyc_fhv_ingestion.py
[2026-04-30T10:00:11.869+0000] {processor.py:830} INFO - Processing file /opt/airflow/dags/nyc_fhv_ingestion.py for tasks to queue
[2026-04-30T10:00:11.881+0000] {logging_mixin.py:188} INFO - [2026-04-30T10:00:11.880+0000] {dagbag.py:545} INFO - Filling up the DagBag from /opt/airflow/dags/nyc_fhv_ingestion.py
[2026-04-30T10:00:11.925+0000] {processor.py:840} INFO - DAG(s) 'nyc_fhv_ingestion' retrieved from /opt/airflow/dags/nyc_fhv_ingestion.py
[2026-04-30T10:00:11.962+0000] {logging_mixin.py:188} INFO - [2026-04-30T10:00:11.961+0000] {dag.py:3096} INFO - Sync 1 DAGs
[2026-04-30T10:00:12.036+0000] {logging_mixin.py:188} INFO - [2026-04-30T10:00:12.035+0000] {dag.py:3954} INFO - Setting next_dagrun for nyc_fhv_ingestion to None, run_after=None
[2026-04-30T10:00:12.097+0000] {processor.py:183} INFO - Processing /opt/airflow/dags/nyc_fhv_ingestion.py took 0.239 seconds
[2026-04-30T10:00:42.343+0000] {processor.py:161} INFO - Started process (PID=1501) to work on /opt/airflow/dags/nyc_fhv_ingestion.py
[2026-04-30T10:00:42.345+0000] {processor.py:830} INFO - Processing file /opt/airflow/dags/nyc_fhv_ingestion.py for tasks to queue
[2026-04-30T10:00:42.349+0000] {logging_mixin.py:188} INFO - [2026-04-30T10:00:42.348+0000] {dagbag.py:545} INFO - Filling up the DagBag from /opt/airflow/dags/nyc_fhv_ingestion.py
[2026-04-30T10:00:42.393+0000] {processor.py:840} INFO - DAG(s) 'nyc_fhv_ingestion' retrieved from /opt/airflow/dags/nyc_fhv_ingestion.py
[2026-04-30T10:00:42.423+0000] {logging_mixin.py:188} INFO - [2026-04-30T10:00:42.422+0000] {dag.py:3096} INFO - Sync 1 DAGs
[2026-04-30T10:00:42.441+0000] {logging_mixin.py:188} INFO - [2026-04-30T10:00:42.441+0000] {dag.py:3954} INFO - Setting next_dagrun for nyc_fhv_ingestion to None, run_after=None
[2026-04-30T10:00:42.473+0000] {processor.py:183} INFO - Processing /opt/airflow/dags/nyc_fhv_ingestion.py took 0.140 seconds
