[2026-04-30T08:41:07.325+0000] {processor.py:161} INFO - Started process (PID=91) to work on /opt/airflow/dags/nyc_fhv_pipeline.py
[2026-04-30T08:41:07.330+0000] {processor.py:830} INFO - Processing file /opt/airflow/dags/nyc_fhv_pipeline.py for tasks to queue
[2026-04-30T08:41:07.341+0000] {logging_mixin.py:188} INFO - [2026-04-30T08:41:07.340+0000] {dagbag.py:545} INFO - Filling up the DagBag from /opt/airflow/dags/nyc_fhv_pipeline.py
[2026-04-30T08:41:07.680+0000] {processor.py:840} INFO - DAG(s) 'nyc_fhv_pipeline' retrieved from /opt/airflow/dags/nyc_fhv_pipeline.py
[2026-04-30T08:41:08.331+0000] {logging_mixin.py:188} INFO - [2026-04-30T08:41:08.325+0000] {override.py:1829} INFO - Created Permission View: can read on DAG:nyc_fhv_pipeline
[2026-04-30T08:41:08.384+0000] {logging_mixin.py:188} INFO - [2026-04-30T08:41:08.383+0000] {override.py:1829} INFO - Created Permission View: can edit on DAG:nyc_fhv_pipeline
[2026-04-30T08:41:08.408+0000] {logging_mixin.py:188} INFO - [2026-04-30T08:41:08.407+0000] {override.py:1829} INFO - Created Permission View: can delete on DAG:nyc_fhv_pipeline
[2026-04-30T08:41:08.410+0000] {logging_mixin.py:188} INFO - [2026-04-30T08:41:08.410+0000] {dag.py:3096} INFO - Sync 1 DAGs
[2026-04-30T08:41:08.500+0000] {logging_mixin.py:188} INFO - [2026-04-30T08:41:08.500+0000] {dag.py:3118} INFO - Creating ORM DAG for nyc_fhv_pipeline
[2026-04-30T08:41:08.583+0000] {logging_mixin.py:188} INFO - [2026-04-30T08:41:08.583+0000] {dag.py:3954} INFO - Setting next_dagrun for nyc_fhv_pipeline to 2026-03-01 00:00:00+00:00, run_after=2026-04-01 00:00:00+00:00
[2026-04-30T08:41:08.769+0000] {processor.py:183} INFO - Processing /opt/airflow/dags/nyc_fhv_pipeline.py took 1.452 seconds
[2026-04-30T08:41:39.012+0000] {processor.py:161} INFO - Started process (PID=102) to work on /opt/airflow/dags/nyc_fhv_pipeline.py
[2026-04-30T08:41:39.013+0000] {processor.py:830} INFO - Processing file /opt/airflow/dags/nyc_fhv_pipeline.py for tasks to queue
[2026-04-30T08:41:39.017+0000] {logging_mixin.py:188} INFO - [2026-04-30T08:41:39.016+0000] {dagbag.py:545} INFO - Filling up the DagBag from /opt/airflow/dags/nyc_fhv_pipeline.py
[2026-04-30T08:41:39.062+0000] {processor.py:840} INFO - DAG(s) 'nyc_fhv_pipeline' retrieved from /opt/airflow/dags/nyc_fhv_pipeline.py
[2026-04-30T08:41:39.097+0000] {logging_mixin.py:188} INFO - [2026-04-30T08:41:39.097+0000] {dag.py:3096} INFO - Sync 1 DAGs
[2026-04-30T08:41:39.141+0000] {logging_mixin.py:188} INFO - [2026-04-30T08:41:39.140+0000] {dag.py:3954} INFO - Setting next_dagrun for nyc_fhv_pipeline to 2026-03-01 00:00:00+00:00, run_after=2026-04-01 00:00:00+00:00
[2026-04-30T08:41:39.172+0000] {processor.py:183} INFO - Processing /opt/airflow/dags/nyc_fhv_pipeline.py took 0.167 seconds
[2026-04-30T08:42:10.053+0000] {processor.py:161} INFO - Started process (PID=113) to work on /opt/airflow/dags/nyc_fhv_pipeline.py
[2026-04-30T08:42:10.054+0000] {processor.py:830} INFO - Processing file /opt/airflow/dags/nyc_fhv_pipeline.py for tasks to queue
[2026-04-30T08:42:10.057+0000] {logging_mixin.py:188} INFO - [2026-04-30T08:42:10.057+0000] {dagbag.py:545} INFO - Filling up the DagBag from /opt/airflow/dags/nyc_fhv_pipeline.py
[2026-04-30T08:42:10.110+0000] {processor.py:840} INFO - DAG(s) 'nyc_fhv_pipeline' retrieved from /opt/airflow/dags/nyc_fhv_pipeline.py
[2026-04-30T08:42:10.149+0000] {logging_mixin.py:188} INFO - [2026-04-30T08:42:10.148+0000] {dag.py:3096} INFO - Sync 1 DAGs
[2026-04-30T08:42:10.177+0000] {logging_mixin.py:188} INFO - [2026-04-30T08:42:10.177+0000] {dag.py:3954} INFO - Setting next_dagrun for nyc_fhv_pipeline to 2026-03-01 00:00:00+00:00, run_after=2026-04-01 00:00:00+00:00
[2026-04-30T08:42:10.206+0000] {processor.py:183} INFO - Processing /opt/airflow/dags/nyc_fhv_pipeline.py took 0.161 seconds
[2026-04-30T08:42:40.853+0000] {processor.py:161} INFO - Started process (PID=124) to work on /opt/airflow/dags/nyc_fhv_pipeline.py
[2026-04-30T08:42:40.854+0000] {processor.py:830} INFO - Processing file /opt/airflow/dags/nyc_fhv_pipeline.py for tasks to queue
[2026-04-30T08:42:40.857+0000] {logging_mixin.py:188} INFO - [2026-04-30T08:42:40.857+0000] {dagbag.py:545} INFO - Filling up the DagBag from /opt/airflow/dags/nyc_fhv_pipeline.py
[2026-04-30T08:42:40.910+0000] {processor.py:840} INFO - DAG(s) 'nyc_fhv_pipeline' retrieved from /opt/airflow/dags/nyc_fhv_pipeline.py
[2026-04-30T08:42:40.942+0000] {logging_mixin.py:188} INFO - [2026-04-30T08:42:40.942+0000] {dag.py:3096} INFO - Sync 1 DAGs
[2026-04-30T08:42:40.975+0000] {logging_mixin.py:188} INFO - [2026-04-30T08:42:40.974+0000] {dag.py:3954} INFO - Setting next_dagrun for nyc_fhv_pipeline to 2026-03-01 00:00:00+00:00, run_after=2026-04-01 00:00:00+00:00
[2026-04-30T08:42:41.002+0000] {processor.py:183} INFO - Processing /opt/airflow/dags/nyc_fhv_pipeline.py took 0.158 seconds
[2026-04-30T08:43:11.817+0000] {processor.py:161} INFO - Started process (PID=135) to work on /opt/airflow/dags/nyc_fhv_pipeline.py
[2026-04-30T08:43:11.819+0000] {processor.py:830} INFO - Processing file /opt/airflow/dags/nyc_fhv_pipeline.py for tasks to queue
[2026-04-30T08:43:11.823+0000] {logging_mixin.py:188} INFO - [2026-04-30T08:43:11.823+0000] {dagbag.py:545} INFO - Filling up the DagBag from /opt/airflow/dags/nyc_fhv_pipeline.py
[2026-04-30T08:43:11.861+0000] {processor.py:840} INFO - DAG(s) 'nyc_fhv_pipeline' retrieved from /opt/airflow/dags/nyc_fhv_pipeline.py
[2026-04-30T08:43:11.896+0000] {logging_mixin.py:188} INFO - [2026-04-30T08:43:11.896+0000] {dag.py:3096} INFO - Sync 1 DAGs
[2026-04-30T08:43:11.933+0000] {logging_mixin.py:188} INFO - [2026-04-30T08:43:11.933+0000] {dag.py:3954} INFO - Setting next_dagrun for nyc_fhv_pipeline to 2026-03-01 00:00:00+00:00, run_after=2026-04-01 00:00:00+00:00
[2026-04-30T08:43:11.964+0000] {processor.py:183} INFO - Processing /opt/airflow/dags/nyc_fhv_pipeline.py took 0.154 seconds
[2026-04-30T08:43:42.834+0000] {processor.py:161} INFO - Started process (PID=146) to work on /opt/airflow/dags/nyc_fhv_pipeline.py
[2026-04-30T08:43:42.836+0000] {processor.py:830} INFO - Processing file /opt/airflow/dags/nyc_fhv_pipeline.py for tasks to queue
[2026-04-30T08:43:42.838+0000] {logging_mixin.py:188} INFO - [2026-04-30T08:43:42.838+0000] {dagbag.py:545} INFO - Filling up the DagBag from /opt/airflow/dags/nyc_fhv_pipeline.py
[2026-04-30T08:43:42.871+0000] {processor.py:840} INFO - DAG(s) 'nyc_fhv_pipeline' retrieved from /opt/airflow/dags/nyc_fhv_pipeline.py
[2026-04-30T08:43:42.896+0000] {logging_mixin.py:188} INFO - [2026-04-30T08:43:42.895+0000] {dag.py:3096} INFO - Sync 1 DAGs
[2026-04-30T08:43:42.920+0000] {logging_mixin.py:188} INFO - [2026-04-30T08:43:42.920+0000] {dag.py:3954} INFO - Setting next_dagrun for nyc_fhv_pipeline to 2026-03-01 00:00:00+00:00, run_after=2026-04-01 00:00:00+00:00
[2026-04-30T08:43:42.944+0000] {processor.py:183} INFO - Processing /opt/airflow/dags/nyc_fhv_pipeline.py took 0.117 seconds
[2026-04-30T08:44:13.741+0000] {processor.py:161} INFO - Started process (PID=157) to work on /opt/airflow/dags/nyc_fhv_pipeline.py
[2026-04-30T08:44:13.744+0000] {processor.py:830} INFO - Processing file /opt/airflow/dags/nyc_fhv_pipeline.py for tasks to queue
[2026-04-30T08:44:13.748+0000] {logging_mixin.py:188} INFO - [2026-04-30T08:44:13.747+0000] {dagbag.py:545} INFO - Filling up the DagBag from /opt/airflow/dags/nyc_fhv_pipeline.py
[2026-04-30T08:44:13.828+0000] {processor.py:840} INFO - DAG(s) 'nyc_fhv_pipeline' retrieved from /opt/airflow/dags/nyc_fhv_pipeline.py
[2026-04-30T08:44:13.887+0000] {logging_mixin.py:188} INFO - [2026-04-30T08:44:13.887+0000] {dag.py:3096} INFO - Sync 1 DAGs
[2026-04-30T08:44:13.966+0000] {logging_mixin.py:188} INFO - [2026-04-30T08:44:13.966+0000] {dag.py:3954} INFO - Setting next_dagrun for nyc_fhv_pipeline to 2026-03-01 00:00:00+00:00, run_after=2026-04-01 00:00:00+00:00
[2026-04-30T08:44:14.076+0000] {processor.py:183} INFO - Processing /opt/airflow/dags/nyc_fhv_pipeline.py took 0.351 seconds
[2026-04-30T08:44:44.364+0000] {processor.py:161} INFO - Started process (PID=168) to work on /opt/airflow/dags/nyc_fhv_pipeline.py
[2026-04-30T08:44:44.366+0000] {processor.py:830} INFO - Processing file /opt/airflow/dags/nyc_fhv_pipeline.py for tasks to queue
[2026-04-30T08:44:44.370+0000] {logging_mixin.py:188} INFO - [2026-04-30T08:44:44.369+0000] {dagbag.py:545} INFO - Filling up the DagBag from /opt/airflow/dags/nyc_fhv_pipeline.py
[2026-04-30T08:44:44.412+0000] {processor.py:840} INFO - DAG(s) 'nyc_fhv_pipeline' retrieved from /opt/airflow/dags/nyc_fhv_pipeline.py
[2026-04-30T08:44:44.441+0000] {logging_mixin.py:188} INFO - [2026-04-30T08:44:44.441+0000] {dag.py:3096} INFO - Sync 1 DAGs
[2026-04-30T08:44:44.473+0000] {logging_mixin.py:188} INFO - [2026-04-30T08:44:44.472+0000] {dag.py:3954} INFO - Setting next_dagrun for nyc_fhv_pipeline to 2026-03-01 00:00:00+00:00, run_after=2026-04-01 00:00:00+00:00
[2026-04-30T08:44:44.502+0000] {processor.py:183} INFO - Processing /opt/airflow/dags/nyc_fhv_pipeline.py took 0.146 seconds
[2026-04-30T08:45:15.353+0000] {processor.py:161} INFO - Started process (PID=179) to work on /opt/airflow/dags/nyc_fhv_pipeline.py
[2026-04-30T08:45:15.354+0000] {processor.py:830} INFO - Processing file /opt/airflow/dags/nyc_fhv_pipeline.py for tasks to queue
[2026-04-30T08:45:15.357+0000] {logging_mixin.py:188} INFO - [2026-04-30T08:45:15.356+0000] {dagbag.py:545} INFO - Filling up the DagBag from /opt/airflow/dags/nyc_fhv_pipeline.py
[2026-04-30T08:45:15.391+0000] {processor.py:840} INFO - DAG(s) 'nyc_fhv_pipeline' retrieved from /opt/airflow/dags/nyc_fhv_pipeline.py
[2026-04-30T08:45:15.421+0000] {logging_mixin.py:188} INFO - [2026-04-30T08:45:15.420+0000] {dag.py:3096} INFO - Sync 1 DAGs
[2026-04-30T08:45:15.454+0000] {logging_mixin.py:188} INFO - [2026-04-30T08:45:15.454+0000] {dag.py:3954} INFO - Setting next_dagrun for nyc_fhv_pipeline to 2026-03-01 00:00:00+00:00, run_after=2026-04-01 00:00:00+00:00
[2026-04-30T08:45:15.485+0000] {processor.py:183} INFO - Processing /opt/airflow/dags/nyc_fhv_pipeline.py took 0.141 seconds
[2026-04-30T08:45:46.181+0000] {processor.py:161} INFO - Started process (PID=190) to work on /opt/airflow/dags/nyc_fhv_pipeline.py
[2026-04-30T08:45:46.183+0000] {processor.py:830} INFO - Processing file /opt/airflow/dags/nyc_fhv_pipeline.py for tasks to queue
[2026-04-30T08:45:46.186+0000] {logging_mixin.py:188} INFO - [2026-04-30T08:45:46.186+0000] {dagbag.py:545} INFO - Filling up the DagBag from /opt/airflow/dags/nyc_fhv_pipeline.py
[2026-04-30T08:45:46.224+0000] {processor.py:840} INFO - DAG(s) 'nyc_fhv_pipeline' retrieved from /opt/airflow/dags/nyc_fhv_pipeline.py
[2026-04-30T08:45:46.266+0000] {logging_mixin.py:188} INFO - [2026-04-30T08:45:46.266+0000] {dag.py:3096} INFO - Sync 1 DAGs
[2026-04-30T08:45:46.336+0000] {logging_mixin.py:188} INFO - [2026-04-30T08:45:46.335+0000] {dag.py:3954} INFO - Setting next_dagrun for nyc_fhv_pipeline to 2026-03-01 00:00:00+00:00, run_after=2026-04-01 00:00:00+00:00
[2026-04-30T08:45:46.392+0000] {processor.py:183} INFO - Processing /opt/airflow/dags/nyc_fhv_pipeline.py took 0.224 seconds
[2026-04-30T08:46:17.302+0000] {processor.py:161} INFO - Started process (PID=201) to work on /opt/airflow/dags/nyc_fhv_pipeline.py
[2026-04-30T08:46:17.303+0000] {processor.py:830} INFO - Processing file /opt/airflow/dags/nyc_fhv_pipeline.py for tasks to queue
[2026-04-30T08:46:17.306+0000] {logging_mixin.py:188} INFO - [2026-04-30T08:46:17.306+0000] {dagbag.py:545} INFO - Filling up the DagBag from /opt/airflow/dags/nyc_fhv_pipeline.py
[2026-04-30T08:46:17.352+0000] {processor.py:840} INFO - DAG(s) 'nyc_fhv_pipeline' retrieved from /opt/airflow/dags/nyc_fhv_pipeline.py
[2026-04-30T08:46:17.389+0000] {logging_mixin.py:188} INFO - [2026-04-30T08:46:17.389+0000] {dag.py:3096} INFO - Sync 1 DAGs
[2026-04-30T08:46:17.425+0000] {logging_mixin.py:188} INFO - [2026-04-30T08:46:17.425+0000] {dag.py:3954} INFO - Setting next_dagrun for nyc_fhv_pipeline to 2026-03-01 00:00:00+00:00, run_after=2026-04-01 00:00:00+00:00
[2026-04-30T08:46:17.457+0000] {processor.py:183} INFO - Processing /opt/airflow/dags/nyc_fhv_pipeline.py took 0.165 seconds
[2026-04-30T08:46:48.393+0000] {processor.py:161} INFO - Started process (PID=212) to work on /opt/airflow/dags/nyc_fhv_pipeline.py
[2026-04-30T08:46:48.395+0000] {processor.py:830} INFO - Processing file /opt/airflow/dags/nyc_fhv_pipeline.py for tasks to queue
[2026-04-30T08:46:48.399+0000] {logging_mixin.py:188} INFO - [2026-04-30T08:46:48.398+0000] {dagbag.py:545} INFO - Filling up the DagBag from /opt/airflow/dags/nyc_fhv_pipeline.py
[2026-04-30T08:46:48.455+0000] {processor.py:840} INFO - DAG(s) 'nyc_fhv_pipeline' retrieved from /opt/airflow/dags/nyc_fhv_pipeline.py
[2026-04-30T08:46:48.495+0000] {logging_mixin.py:188} INFO - [2026-04-30T08:46:48.495+0000] {dag.py:3096} INFO - Sync 1 DAGs
[2026-04-30T08:46:48.546+0000] {logging_mixin.py:188} INFO - [2026-04-30T08:46:48.546+0000] {dag.py:3954} INFO - Setting next_dagrun for nyc_fhv_pipeline to 2026-03-01 00:00:00+00:00, run_after=2026-04-01 00:00:00+00:00
[2026-04-30T08:46:48.601+0000] {processor.py:183} INFO - Processing /opt/airflow/dags/nyc_fhv_pipeline.py took 0.220 seconds
[2026-04-30T08:47:18.726+0000] {processor.py:161} INFO - Started process (PID=224) to work on /opt/airflow/dags/nyc_fhv_pipeline.py
[2026-04-30T08:47:18.727+0000] {processor.py:830} INFO - Processing file /opt/airflow/dags/nyc_fhv_pipeline.py for tasks to queue
[2026-04-30T08:47:18.731+0000] {logging_mixin.py:188} INFO - [2026-04-30T08:47:18.730+0000] {dagbag.py:545} INFO - Filling up the DagBag from /opt/airflow/dags/nyc_fhv_pipeline.py
[2026-04-30T08:47:18.809+0000] {processor.py:840} INFO - DAG(s) 'nyc_fhv_pipeline' retrieved from /opt/airflow/dags/nyc_fhv_pipeline.py
[2026-04-30T08:47:18.863+0000] {logging_mixin.py:188} INFO - [2026-04-30T08:47:18.863+0000] {dag.py:3096} INFO - Sync 1 DAGs
[2026-04-30T08:47:18.912+0000] {logging_mixin.py:188} INFO - [2026-04-30T08:47:18.911+0000] {dag.py:3954} INFO - Setting next_dagrun for nyc_fhv_pipeline to 2026-03-01 00:00:00+00:00, run_after=2026-04-01 00:00:00+00:00
[2026-04-30T08:47:18.961+0000] {processor.py:183} INFO - Processing /opt/airflow/dags/nyc_fhv_pipeline.py took 0.246 seconds
[2026-04-30T08:47:49.521+0000] {processor.py:161} INFO - Started process (PID=235) to work on /opt/airflow/dags/nyc_fhv_pipeline.py
[2026-04-30T08:47:49.529+0000] {processor.py:830} INFO - Processing file /opt/airflow/dags/nyc_fhv_pipeline.py for tasks to queue
[2026-04-30T08:47:49.535+0000] {logging_mixin.py:188} INFO - [2026-04-30T08:47:49.534+0000] {dagbag.py:545} INFO - Filling up the DagBag from /opt/airflow/dags/nyc_fhv_pipeline.py
[2026-04-30T08:47:49.819+0000] {processor.py:840} INFO - DAG(s) 'nyc_fhv_pipeline' retrieved from /opt/airflow/dags/nyc_fhv_pipeline.py
[2026-04-30T08:47:49.898+0000] {logging_mixin.py:188} INFO - [2026-04-30T08:47:49.897+0000] {dag.py:3096} INFO - Sync 1 DAGs
[2026-04-30T08:47:49.958+0000] {logging_mixin.py:188} INFO - [2026-04-30T08:47:49.957+0000] {dag.py:3954} INFO - Setting next_dagrun for nyc_fhv_pipeline to 2026-03-01 00:00:00+00:00, run_after=2026-04-01 00:00:00+00:00
[2026-04-30T08:47:50.020+0000] {processor.py:183} INFO - Processing /opt/airflow/dags/nyc_fhv_pipeline.py took 0.516 seconds
[2026-04-30T08:48:20.696+0000] {processor.py:161} INFO - Started process (PID=247) to work on /opt/airflow/dags/nyc_fhv_pipeline.py
[2026-04-30T08:48:20.698+0000] {processor.py:830} INFO - Processing file /opt/airflow/dags/nyc_fhv_pipeline.py for tasks to queue
[2026-04-30T08:48:20.700+0000] {logging_mixin.py:188} INFO - [2026-04-30T08:48:20.700+0000] {dagbag.py:545} INFO - Filling up the DagBag from /opt/airflow/dags/nyc_fhv_pipeline.py
[2026-04-30T08:48:20.743+0000] {processor.py:840} INFO - DAG(s) 'nyc_fhv_pipeline' retrieved from /opt/airflow/dags/nyc_fhv_pipeline.py
[2026-04-30T08:48:20.784+0000] {logging_mixin.py:188} INFO - [2026-04-30T08:48:20.783+0000] {dag.py:3096} INFO - Sync 1 DAGs
[2026-04-30T08:48:20.830+0000] {logging_mixin.py:188} INFO - [2026-04-30T08:48:20.829+0000] {dag.py:3954} INFO - Setting next_dagrun for nyc_fhv_pipeline to 2026-03-01 00:00:00+00:00, run_after=2026-04-01 00:00:00+00:00
[2026-04-30T08:48:20.874+0000] {processor.py:183} INFO - Processing /opt/airflow/dags/nyc_fhv_pipeline.py took 0.189 seconds
[2026-04-30T08:48:51.580+0000] {processor.py:161} INFO - Started process (PID=258) to work on /opt/airflow/dags/nyc_fhv_pipeline.py
[2026-04-30T08:48:51.582+0000] {processor.py:830} INFO - Processing file /opt/airflow/dags/nyc_fhv_pipeline.py for tasks to queue
[2026-04-30T08:48:51.589+0000] {logging_mixin.py:188} INFO - [2026-04-30T08:48:51.586+0000] {dagbag.py:545} INFO - Filling up the DagBag from /opt/airflow/dags/nyc_fhv_pipeline.py
[2026-04-30T08:48:51.647+0000] {processor.py:840} INFO - DAG(s) 'nyc_fhv_pipeline' retrieved from /opt/airflow/dags/nyc_fhv_pipeline.py
[2026-04-30T08:48:51.694+0000] {logging_mixin.py:188} INFO - [2026-04-30T08:48:51.693+0000] {dag.py:3096} INFO - Sync 1 DAGs
[2026-04-30T08:48:51.743+0000] {logging_mixin.py:188} INFO - [2026-04-30T08:48:51.742+0000] {dag.py:3954} INFO - Setting next_dagrun for nyc_fhv_pipeline to 2026-03-01 00:00:00+00:00, run_after=2026-04-01 00:00:00+00:00
[2026-04-30T08:48:51.784+0000] {processor.py:183} INFO - Processing /opt/airflow/dags/nyc_fhv_pipeline.py took 0.219 seconds
[2026-04-30T08:49:22.419+0000] {processor.py:161} INFO - Started process (PID=269) to work on /opt/airflow/dags/nyc_fhv_pipeline.py
[2026-04-30T08:49:22.423+0000] {processor.py:830} INFO - Processing file /opt/airflow/dags/nyc_fhv_pipeline.py for tasks to queue
[2026-04-30T08:49:22.426+0000] {logging_mixin.py:188} INFO - [2026-04-30T08:49:22.425+0000] {dagbag.py:545} INFO - Filling up the DagBag from /opt/airflow/dags/nyc_fhv_pipeline.py
[2026-04-30T08:49:22.485+0000] {processor.py:840} INFO - DAG(s) 'nyc_fhv_pipeline' retrieved from /opt/airflow/dags/nyc_fhv_pipeline.py
[2026-04-30T08:49:22.534+0000] {logging_mixin.py:188} INFO - [2026-04-30T08:49:22.533+0000] {dag.py:3096} INFO - Sync 1 DAGs
[2026-04-30T08:49:22.584+0000] {logging_mixin.py:188} INFO - [2026-04-30T08:49:22.584+0000] {dag.py:3954} INFO - Setting next_dagrun for nyc_fhv_pipeline to 2026-03-01 00:00:00+00:00, run_after=2026-04-01 00:00:00+00:00
[2026-04-30T08:49:22.626+0000] {processor.py:183} INFO - Processing /opt/airflow/dags/nyc_fhv_pipeline.py took 0.218 seconds
[2026-04-30T08:49:53.554+0000] {processor.py:161} INFO - Started process (PID=281) to work on /opt/airflow/dags/nyc_fhv_pipeline.py
[2026-04-30T08:49:53.564+0000] {processor.py:830} INFO - Processing file /opt/airflow/dags/nyc_fhv_pipeline.py for tasks to queue
[2026-04-30T08:49:53.576+0000] {logging_mixin.py:188} INFO - [2026-04-30T08:49:53.576+0000] {dagbag.py:545} INFO - Filling up the DagBag from /opt/airflow/dags/nyc_fhv_pipeline.py
[2026-04-30T08:49:53.642+0000] {processor.py:840} INFO - DAG(s) 'nyc_fhv_pipeline' retrieved from /opt/airflow/dags/nyc_fhv_pipeline.py
[2026-04-30T08:49:53.692+0000] {logging_mixin.py:188} INFO - [2026-04-30T08:49:53.691+0000] {dag.py:3096} INFO - Sync 1 DAGs
[2026-04-30T08:49:53.738+0000] {logging_mixin.py:188} INFO - [2026-04-30T08:49:53.737+0000] {dag.py:3954} INFO - Setting next_dagrun for nyc_fhv_pipeline to 2026-03-01 00:00:00+00:00, run_after=2026-04-01 00:00:00+00:00
[2026-04-30T08:49:53.781+0000] {processor.py:183} INFO - Processing /opt/airflow/dags/nyc_fhv_pipeline.py took 0.247 seconds
[2026-04-30T08:50:27.401+0000] {processor.py:161} INFO - Started process (PID=85) to work on /opt/airflow/dags/nyc_fhv_pipeline.py
[2026-04-30T08:50:27.403+0000] {processor.py:830} INFO - Processing file /opt/airflow/dags/nyc_fhv_pipeline.py for tasks to queue
[2026-04-30T08:50:27.407+0000] {logging_mixin.py:188} INFO - [2026-04-30T08:50:27.406+0000] {dagbag.py:545} INFO - Filling up the DagBag from /opt/airflow/dags/nyc_fhv_pipeline.py
[2026-04-30T08:50:27.452+0000] {processor.py:840} INFO - DAG(s) 'nyc_fhv_pipeline' retrieved from /opt/airflow/dags/nyc_fhv_pipeline.py
[2026-04-30T08:50:27.495+0000] {logging_mixin.py:188} INFO - [2026-04-30T08:50:27.495+0000] {dag.py:3096} INFO - Sync 1 DAGs
[2026-04-30T08:50:27.535+0000] {logging_mixin.py:188} INFO - [2026-04-30T08:50:27.535+0000] {dag.py:3954} INFO - Setting next_dagrun for nyc_fhv_pipeline to 2026-03-01 00:00:00+00:00, run_after=2026-04-01 00:00:00+00:00
[2026-04-30T08:50:27.586+0000] {processor.py:183} INFO - Processing /opt/airflow/dags/nyc_fhv_pipeline.py took 0.195 seconds
[2026-04-30T08:50:59.764+0000] {processor.py:161} INFO - Started process (PID=102) to work on /opt/airflow/dags/nyc_fhv_pipeline.py
[2026-04-30T08:50:59.767+0000] {processor.py:830} INFO - Processing file /opt/airflow/dags/nyc_fhv_pipeline.py for tasks to queue
[2026-04-30T08:50:59.773+0000] {logging_mixin.py:188} INFO - [2026-04-30T08:50:59.773+0000] {dagbag.py:545} INFO - Filling up the DagBag from /opt/airflow/dags/nyc_fhv_pipeline.py
[2026-04-30T08:50:59.848+0000] {processor.py:840} INFO - DAG(s) 'nyc_fhv_pipeline' retrieved from /opt/airflow/dags/nyc_fhv_pipeline.py
[2026-04-30T08:50:59.895+0000] {logging_mixin.py:188} INFO - [2026-04-30T08:50:59.894+0000] {dag.py:3096} INFO - Sync 1 DAGs
[2026-04-30T08:50:59.946+0000] {logging_mixin.py:188} INFO - [2026-04-30T08:50:59.946+0000] {dag.py:3954} INFO - Setting next_dagrun for nyc_fhv_pipeline to 2026-03-01 00:00:00+00:00, run_after=2026-04-01 00:00:00+00:00
[2026-04-30T08:51:00.004+0000] {processor.py:183} INFO - Processing /opt/airflow/dags/nyc_fhv_pipeline.py took 0.253 seconds
[2026-04-30T08:51:30.330+0000] {processor.py:161} INFO - Started process (PID=113) to work on /opt/airflow/dags/nyc_fhv_pipeline.py
[2026-04-30T08:51:30.332+0000] {processor.py:830} INFO - Processing file /opt/airflow/dags/nyc_fhv_pipeline.py for tasks to queue
[2026-04-30T08:51:30.337+0000] {logging_mixin.py:188} INFO - [2026-04-30T08:51:30.335+0000] {dagbag.py:545} INFO - Filling up the DagBag from /opt/airflow/dags/nyc_fhv_pipeline.py
[2026-04-30T08:51:30.382+0000] {processor.py:840} INFO - DAG(s) 'nyc_fhv_pipeline' retrieved from /opt/airflow/dags/nyc_fhv_pipeline.py
[2026-04-30T08:51:30.425+0000] {logging_mixin.py:188} INFO - [2026-04-30T08:51:30.425+0000] {dag.py:3096} INFO - Sync 1 DAGs
[2026-04-30T08:51:30.476+0000] {logging_mixin.py:188} INFO - [2026-04-30T08:51:30.476+0000] {dag.py:3954} INFO - Setting next_dagrun for nyc_fhv_pipeline to 2026-03-01 00:00:00+00:00, run_after=2026-04-01 00:00:00+00:00
[2026-04-30T08:51:30.530+0000] {processor.py:183} INFO - Processing /opt/airflow/dags/nyc_fhv_pipeline.py took 0.211 seconds
[2026-04-30T08:52:01.521+0000] {processor.py:161} INFO - Started process (PID=134) to work on /opt/airflow/dags/nyc_fhv_pipeline.py
[2026-04-30T08:52:01.528+0000] {processor.py:830} INFO - Processing file /opt/airflow/dags/nyc_fhv_pipeline.py for tasks to queue
[2026-04-30T08:52:01.533+0000] {logging_mixin.py:188} INFO - [2026-04-30T08:52:01.532+0000] {dagbag.py:545} INFO - Filling up the DagBag from /opt/airflow/dags/nyc_fhv_pipeline.py
[2026-04-30T08:52:01.657+0000] {processor.py:840} INFO - DAG(s) 'nyc_fhv_pipeline' retrieved from /opt/airflow/dags/nyc_fhv_pipeline.py
[2026-04-30T08:52:01.718+0000] {logging_mixin.py:188} INFO - [2026-04-30T08:52:01.718+0000] {dag.py:3096} INFO - Sync 1 DAGs
[2026-04-30T08:52:01.804+0000] {logging_mixin.py:188} INFO - [2026-04-30T08:52:01.803+0000] {dag.py:3954} INFO - Setting next_dagrun for nyc_fhv_pipeline to 2026-03-01 00:00:00+00:00, run_after=2026-04-01 00:00:00+00:00
[2026-04-30T08:52:01.902+0000] {processor.py:183} INFO - Processing /opt/airflow/dags/nyc_fhv_pipeline.py took 0.394 seconds
[2026-04-30T08:53:06.581+0000] {processor.py:161} INFO - Started process (PID=91) to work on /opt/airflow/dags/nyc_fhv_pipeline.py
[2026-04-30T08:53:06.587+0000] {processor.py:830} INFO - Processing file /opt/airflow/dags/nyc_fhv_pipeline.py for tasks to queue
[2026-04-30T08:53:06.591+0000] {logging_mixin.py:188} INFO - [2026-04-30T08:53:06.590+0000] {dagbag.py:545} INFO - Filling up the DagBag from /opt/airflow/dags/nyc_fhv_pipeline.py
[2026-04-30T08:53:06.651+0000] {processor.py:840} INFO - DAG(s) 'nyc_fhv_pipeline' retrieved from /opt/airflow/dags/nyc_fhv_pipeline.py
[2026-04-30T08:53:06.688+0000] {logging_mixin.py:188} INFO - [2026-04-30T08:53:06.687+0000] {dag.py:3096} INFO - Sync 1 DAGs
[2026-04-30T08:53:06.728+0000] {logging_mixin.py:188} INFO - [2026-04-30T08:53:06.728+0000] {dag.py:3954} INFO - Setting next_dagrun for nyc_fhv_pipeline to 2026-03-01 00:00:00+00:00, run_after=2026-04-01 00:00:00+00:00
[2026-04-30T08:53:06.767+0000] {processor.py:183} INFO - Processing /opt/airflow/dags/nyc_fhv_pipeline.py took 0.194 seconds
[2026-04-30T08:53:37.332+0000] {processor.py:161} INFO - Started process (PID=102) to work on /opt/airflow/dags/nyc_fhv_pipeline.py
[2026-04-30T08:53:37.335+0000] {processor.py:830} INFO - Processing file /opt/airflow/dags/nyc_fhv_pipeline.py for tasks to queue
[2026-04-30T08:53:37.350+0000] {logging_mixin.py:188} INFO - [2026-04-30T08:53:37.349+0000] {dagbag.py:545} INFO - Filling up the DagBag from /opt/airflow/dags/nyc_fhv_pipeline.py
[2026-04-30T08:53:37.436+0000] {processor.py:840} INFO - DAG(s) 'nyc_fhv_pipeline' retrieved from /opt/airflow/dags/nyc_fhv_pipeline.py
[2026-04-30T08:53:37.482+0000] {logging_mixin.py:188} INFO - [2026-04-30T08:53:37.482+0000] {dag.py:3096} INFO - Sync 1 DAGs
[2026-04-30T08:53:37.549+0000] {logging_mixin.py:188} INFO - [2026-04-30T08:53:37.549+0000] {dag.py:3954} INFO - Setting next_dagrun for nyc_fhv_pipeline to 2026-03-01 00:00:00+00:00, run_after=2026-04-01 00:00:00+00:00
[2026-04-30T08:53:37.613+0000] {processor.py:183} INFO - Processing /opt/airflow/dags/nyc_fhv_pipeline.py took 0.298 seconds
[2026-04-30T08:54:08.329+0000] {processor.py:161} INFO - Started process (PID=113) to work on /opt/airflow/dags/nyc_fhv_pipeline.py
[2026-04-30T08:54:08.331+0000] {processor.py:830} INFO - Processing file /opt/airflow/dags/nyc_fhv_pipeline.py for tasks to queue
[2026-04-30T08:54:08.344+0000] {logging_mixin.py:188} INFO - [2026-04-30T08:54:08.343+0000] {dagbag.py:545} INFO - Filling up the DagBag from /opt/airflow/dags/nyc_fhv_pipeline.py
[2026-04-30T08:54:08.422+0000] {processor.py:840} INFO - DAG(s) 'nyc_fhv_pipeline' retrieved from /opt/airflow/dags/nyc_fhv_pipeline.py
[2026-04-30T08:54:08.495+0000] {logging_mixin.py:188} INFO - [2026-04-30T08:54:08.495+0000] {dag.py:3096} INFO - Sync 1 DAGs
[2026-04-30T08:54:08.554+0000] {logging_mixin.py:188} INFO - [2026-04-30T08:54:08.553+0000] {dag.py:3954} INFO - Setting next_dagrun for nyc_fhv_pipeline to 2026-03-01 00:00:00+00:00, run_after=2026-04-01 00:00:00+00:00
[2026-04-30T08:54:08.603+0000] {processor.py:183} INFO - Processing /opt/airflow/dags/nyc_fhv_pipeline.py took 0.294 seconds
[2026-04-30T08:54:38.859+0000] {processor.py:161} INFO - Started process (PID=124) to work on /opt/airflow/dags/nyc_fhv_pipeline.py
[2026-04-30T08:54:38.861+0000] {processor.py:830} INFO - Processing file /opt/airflow/dags/nyc_fhv_pipeline.py for tasks to queue
[2026-04-30T08:54:38.865+0000] {logging_mixin.py:188} INFO - [2026-04-30T08:54:38.865+0000] {dagbag.py:545} INFO - Filling up the DagBag from /opt/airflow/dags/nyc_fhv_pipeline.py
[2026-04-30T08:54:38.922+0000] {processor.py:840} INFO - DAG(s) 'nyc_fhv_pipeline' retrieved from /opt/airflow/dags/nyc_fhv_pipeline.py
[2026-04-30T08:54:38.970+0000] {logging_mixin.py:188} INFO - [2026-04-30T08:54:38.970+0000] {dag.py:3096} INFO - Sync 1 DAGs
[2026-04-30T08:54:39.031+0000] {logging_mixin.py:188} INFO - [2026-04-30T08:54:39.031+0000] {dag.py:3954} INFO - Setting next_dagrun for nyc_fhv_pipeline to 2026-03-01 00:00:00+00:00, run_after=2026-04-01 00:00:00+00:00
[2026-04-30T08:54:39.093+0000] {processor.py:183} INFO - Processing /opt/airflow/dags/nyc_fhv_pipeline.py took 0.244 seconds
[2026-04-30T08:55:09.666+0000] {processor.py:161} INFO - Started process (PID=136) to work on /opt/airflow/dags/nyc_fhv_pipeline.py
[2026-04-30T08:55:09.669+0000] {processor.py:830} INFO - Processing file /opt/airflow/dags/nyc_fhv_pipeline.py for tasks to queue
[2026-04-30T08:55:09.678+0000] {logging_mixin.py:188} INFO - [2026-04-30T08:55:09.677+0000] {dagbag.py:545} INFO - Filling up the DagBag from /opt/airflow/dags/nyc_fhv_pipeline.py
[2026-04-30T08:55:09.783+0000] {processor.py:840} INFO - DAG(s) 'nyc_fhv_pipeline' retrieved from /opt/airflow/dags/nyc_fhv_pipeline.py
[2026-04-30T08:55:09.869+0000] {logging_mixin.py:188} INFO - [2026-04-30T08:55:09.868+0000] {dag.py:3096} INFO - Sync 1 DAGs
[2026-04-30T08:55:09.928+0000] {logging_mixin.py:188} INFO - [2026-04-30T08:55:09.927+0000] {dag.py:3954} INFO - Setting next_dagrun for nyc_fhv_pipeline to 2026-03-01 00:00:00+00:00, run_after=2026-04-01 00:00:00+00:00
[2026-04-30T08:55:09.990+0000] {processor.py:183} INFO - Processing /opt/airflow/dags/nyc_fhv_pipeline.py took 0.338 seconds
[2026-04-30T08:57:37.379+0000] {processor.py:161} INFO - Started process (PID=92) to work on /opt/airflow/dags/nyc_fhv_pipeline.py
[2026-04-30T08:57:37.382+0000] {processor.py:830} INFO - Processing file /opt/airflow/dags/nyc_fhv_pipeline.py for tasks to queue
[2026-04-30T08:57:37.385+0000] {logging_mixin.py:188} INFO - [2026-04-30T08:57:37.385+0000] {dagbag.py:545} INFO - Filling up the DagBag from /opt/airflow/dags/nyc_fhv_pipeline.py
[2026-04-30T08:57:37.433+0000] {processor.py:840} INFO - DAG(s) 'nyc_fhv_pipeline' retrieved from /opt/airflow/dags/nyc_fhv_pipeline.py
[2026-04-30T08:57:37.630+0000] {logging_mixin.py:188} INFO - [2026-04-30T08:57:37.630+0000] {dag.py:3096} INFO - Sync 1 DAGs
[2026-04-30T08:57:37.672+0000] {logging_mixin.py:188} INFO - [2026-04-30T08:57:37.671+0000] {dag.py:3954} INFO - Setting next_dagrun for nyc_fhv_pipeline to 2026-03-01 00:00:00+00:00, run_after=2026-04-01 00:00:00+00:00
[2026-04-30T08:57:37.715+0000] {processor.py:183} INFO - Processing /opt/airflow/dags/nyc_fhv_pipeline.py took 0.348 seconds
[2026-04-30T08:58:08.272+0000] {processor.py:161} INFO - Started process (PID=103) to work on /opt/airflow/dags/nyc_fhv_pipeline.py
[2026-04-30T08:58:08.274+0000] {processor.py:830} INFO - Processing file /opt/airflow/dags/nyc_fhv_pipeline.py for tasks to queue
[2026-04-30T08:58:08.276+0000] {logging_mixin.py:188} INFO - [2026-04-30T08:58:08.276+0000] {dagbag.py:545} INFO - Filling up the DagBag from /opt/airflow/dags/nyc_fhv_pipeline.py
[2026-04-30T08:58:08.310+0000] {processor.py:840} INFO - DAG(s) 'nyc_fhv_pipeline' retrieved from /opt/airflow/dags/nyc_fhv_pipeline.py
[2026-04-30T08:58:08.344+0000] {logging_mixin.py:188} INFO - [2026-04-30T08:58:08.344+0000] {dag.py:3096} INFO - Sync 1 DAGs
[2026-04-30T08:58:08.379+0000] {logging_mixin.py:188} INFO - [2026-04-30T08:58:08.379+0000] {dag.py:3954} INFO - Setting next_dagrun for nyc_fhv_pipeline to 2026-03-01 00:00:00+00:00, run_after=2026-04-01 00:00:00+00:00
[2026-04-30T08:58:08.406+0000] {processor.py:183} INFO - Processing /opt/airflow/dags/nyc_fhv_pipeline.py took 0.142 seconds
[2026-04-30T08:58:38.816+0000] {processor.py:161} INFO - Started process (PID=114) to work on /opt/airflow/dags/nyc_fhv_pipeline.py
[2026-04-30T08:58:38.818+0000] {processor.py:830} INFO - Processing file /opt/airflow/dags/nyc_fhv_pipeline.py for tasks to queue
[2026-04-30T08:58:38.835+0000] {logging_mixin.py:188} INFO - [2026-04-30T08:58:38.829+0000] {dagbag.py:545} INFO - Filling up the DagBag from /opt/airflow/dags/nyc_fhv_pipeline.py
[2026-04-30T08:58:38.896+0000] {processor.py:840} INFO - DAG(s) 'nyc_fhv_pipeline' retrieved from /opt/airflow/dags/nyc_fhv_pipeline.py
[2026-04-30T08:58:38.933+0000] {logging_mixin.py:188} INFO - [2026-04-30T08:58:38.933+0000] {dag.py:3096} INFO - Sync 1 DAGs
[2026-04-30T08:58:38.961+0000] {logging_mixin.py:188} INFO - [2026-04-30T08:58:38.961+0000] {dag.py:3954} INFO - Setting next_dagrun for nyc_fhv_pipeline to 2026-03-01 00:00:00+00:00, run_after=2026-04-01 00:00:00+00:00
[2026-04-30T08:58:38.987+0000] {processor.py:183} INFO - Processing /opt/airflow/dags/nyc_fhv_pipeline.py took 0.187 seconds
[2026-04-30T08:59:10.035+0000] {processor.py:161} INFO - Started process (PID=129) to work on /opt/airflow/dags/nyc_fhv_pipeline.py
[2026-04-30T08:59:10.039+0000] {processor.py:830} INFO - Processing file /opt/airflow/dags/nyc_fhv_pipeline.py for tasks to queue
[2026-04-30T08:59:10.050+0000] {logging_mixin.py:188} INFO - [2026-04-30T08:59:10.049+0000] {dagbag.py:545} INFO - Filling up the DagBag from /opt/airflow/dags/nyc_fhv_pipeline.py
[2026-04-30T08:59:10.196+0000] {processor.py:840} INFO - DAG(s) 'nyc_fhv_pipeline' retrieved from /opt/airflow/dags/nyc_fhv_pipeline.py
[2026-04-30T08:59:10.271+0000] {logging_mixin.py:188} INFO - [2026-04-30T08:59:10.270+0000] {dag.py:3096} INFO - Sync 1 DAGs
[2026-04-30T08:59:10.372+0000] {logging_mixin.py:188} INFO - [2026-04-30T08:59:10.372+0000] {dag.py:3954} INFO - Setting next_dagrun for nyc_fhv_pipeline to 2026-04-01 00:00:00+00:00, run_after=2026-05-01 00:00:00+00:00
[2026-04-30T08:59:10.458+0000] {processor.py:183} INFO - Processing /opt/airflow/dags/nyc_fhv_pipeline.py took 0.440 seconds
[2026-04-30T08:59:41.167+0000] {processor.py:161} INFO - Started process (PID=140) to work on /opt/airflow/dags/nyc_fhv_pipeline.py
[2026-04-30T08:59:41.169+0000] {processor.py:830} INFO - Processing file /opt/airflow/dags/nyc_fhv_pipeline.py for tasks to queue
[2026-04-30T08:59:41.172+0000] {logging_mixin.py:188} INFO - [2026-04-30T08:59:41.172+0000] {dagbag.py:545} INFO - Filling up the DagBag from /opt/airflow/dags/nyc_fhv_pipeline.py
[2026-04-30T08:59:41.221+0000] {processor.py:840} INFO - DAG(s) 'nyc_fhv_pipeline' retrieved from /opt/airflow/dags/nyc_fhv_pipeline.py
[2026-04-30T08:59:41.258+0000] {logging_mixin.py:188} INFO - [2026-04-30T08:59:41.258+0000] {dag.py:3096} INFO - Sync 1 DAGs
[2026-04-30T08:59:41.309+0000] {logging_mixin.py:188} INFO - [2026-04-30T08:59:41.308+0000] {dag.py:3954} INFO - Setting next_dagrun for nyc_fhv_pipeline to 2026-04-01 00:00:00+00:00, run_after=2026-05-01 00:00:00+00:00
[2026-04-30T08:59:41.348+0000] {processor.py:183} INFO - Processing /opt/airflow/dags/nyc_fhv_pipeline.py took 0.189 seconds
[2026-04-30T09:00:12.080+0000] {processor.py:161} INFO - Started process (PID=150) to work on /opt/airflow/dags/nyc_fhv_pipeline.py
[2026-04-30T09:00:12.081+0000] {processor.py:830} INFO - Processing file /opt/airflow/dags/nyc_fhv_pipeline.py for tasks to queue
[2026-04-30T09:00:12.084+0000] {logging_mixin.py:188} INFO - [2026-04-30T09:00:12.083+0000] {dagbag.py:545} INFO - Filling up the DagBag from /opt/airflow/dags/nyc_fhv_pipeline.py
[2026-04-30T09:00:12.118+0000] {processor.py:840} INFO - DAG(s) 'nyc_fhv_pipeline' retrieved from /opt/airflow/dags/nyc_fhv_pipeline.py
[2026-04-30T09:00:12.148+0000] {logging_mixin.py:188} INFO - [2026-04-30T09:00:12.147+0000] {dag.py:3096} INFO - Sync 1 DAGs
[2026-04-30T09:00:12.178+0000] {logging_mixin.py:188} INFO - [2026-04-30T09:00:12.178+0000] {dag.py:3954} INFO - Setting next_dagrun for nyc_fhv_pipeline to 2026-04-01 00:00:00+00:00, run_after=2026-05-01 00:00:00+00:00
[2026-04-30T09:00:12.210+0000] {processor.py:183} INFO - Processing /opt/airflow/dags/nyc_fhv_pipeline.py took 0.138 seconds
[2026-04-30T09:00:42.998+0000] {processor.py:161} INFO - Started process (PID=161) to work on /opt/airflow/dags/nyc_fhv_pipeline.py
[2026-04-30T09:00:42.999+0000] {processor.py:830} INFO - Processing file /opt/airflow/dags/nyc_fhv_pipeline.py for tasks to queue
[2026-04-30T09:00:43.002+0000] {logging_mixin.py:188} INFO - [2026-04-30T09:00:43.002+0000] {dagbag.py:545} INFO - Filling up the DagBag from /opt/airflow/dags/nyc_fhv_pipeline.py
[2026-04-30T09:00:43.034+0000] {processor.py:840} INFO - DAG(s) 'nyc_fhv_pipeline' retrieved from /opt/airflow/dags/nyc_fhv_pipeline.py
[2026-04-30T09:00:43.067+0000] {logging_mixin.py:188} INFO - [2026-04-30T09:00:43.066+0000] {dag.py:3096} INFO - Sync 1 DAGs
[2026-04-30T09:00:43.107+0000] {logging_mixin.py:188} INFO - [2026-04-30T09:00:43.107+0000] {dag.py:3954} INFO - Setting next_dagrun for nyc_fhv_pipeline to 2026-04-01 00:00:00+00:00, run_after=2026-05-01 00:00:00+00:00
[2026-04-30T09:00:43.141+0000] {processor.py:183} INFO - Processing /opt/airflow/dags/nyc_fhv_pipeline.py took 0.149 seconds
[2026-04-30T09:01:13.788+0000] {processor.py:161} INFO - Started process (PID=172) to work on /opt/airflow/dags/nyc_fhv_pipeline.py
[2026-04-30T09:01:13.790+0000] {processor.py:830} INFO - Processing file /opt/airflow/dags/nyc_fhv_pipeline.py for tasks to queue
[2026-04-30T09:01:13.793+0000] {logging_mixin.py:188} INFO - [2026-04-30T09:01:13.793+0000] {dagbag.py:545} INFO - Filling up the DagBag from /opt/airflow/dags/nyc_fhv_pipeline.py
[2026-04-30T09:01:13.835+0000] {processor.py:840} INFO - DAG(s) 'nyc_fhv_pipeline' retrieved from /opt/airflow/dags/nyc_fhv_pipeline.py
[2026-04-30T09:01:13.882+0000] {logging_mixin.py:188} INFO - [2026-04-30T09:01:13.881+0000] {dag.py:3096} INFO - Sync 1 DAGs
[2026-04-30T09:01:13.927+0000] {logging_mixin.py:188} INFO - [2026-04-30T09:01:13.927+0000] {dag.py:3954} INFO - Setting next_dagrun for nyc_fhv_pipeline to 2026-04-01 00:00:00+00:00, run_after=2026-05-01 00:00:00+00:00
[2026-04-30T09:01:13.969+0000] {processor.py:183} INFO - Processing /opt/airflow/dags/nyc_fhv_pipeline.py took 0.190 seconds
[2026-04-30T09:01:44.740+0000] {processor.py:161} INFO - Started process (PID=183) to work on /opt/airflow/dags/nyc_fhv_pipeline.py
[2026-04-30T09:01:44.744+0000] {processor.py:830} INFO - Processing file /opt/airflow/dags/nyc_fhv_pipeline.py for tasks to queue
[2026-04-30T09:01:44.747+0000] {logging_mixin.py:188} INFO - [2026-04-30T09:01:44.746+0000] {dagbag.py:545} INFO - Filling up the DagBag from /opt/airflow/dags/nyc_fhv_pipeline.py
[2026-04-30T09:01:44.791+0000] {processor.py:840} INFO - DAG(s) 'nyc_fhv_pipeline' retrieved from /opt/airflow/dags/nyc_fhv_pipeline.py
[2026-04-30T09:01:44.821+0000] {logging_mixin.py:188} INFO - [2026-04-30T09:01:44.821+0000] {dag.py:3096} INFO - Sync 1 DAGs
[2026-04-30T09:01:44.860+0000] {logging_mixin.py:188} INFO - [2026-04-30T09:01:44.860+0000] {dag.py:3954} INFO - Setting next_dagrun for nyc_fhv_pipeline to 2026-04-01 00:00:00+00:00, run_after=2026-05-01 00:00:00+00:00
[2026-04-30T09:01:44.902+0000] {processor.py:183} INFO - Processing /opt/airflow/dags/nyc_fhv_pipeline.py took 0.170 seconds
[2026-04-30T09:02:15.645+0000] {processor.py:161} INFO - Started process (PID=194) to work on /opt/airflow/dags/nyc_fhv_pipeline.py
[2026-04-30T09:02:15.649+0000] {processor.py:830} INFO - Processing file /opt/airflow/dags/nyc_fhv_pipeline.py for tasks to queue
[2026-04-30T09:02:15.654+0000] {logging_mixin.py:188} INFO - [2026-04-30T09:02:15.653+0000] {dagbag.py:545} INFO - Filling up the DagBag from /opt/airflow/dags/nyc_fhv_pipeline.py
[2026-04-30T09:02:15.803+0000] {processor.py:840} INFO - DAG(s) 'nyc_fhv_pipeline' retrieved from /opt/airflow/dags/nyc_fhv_pipeline.py
[2026-04-30T09:02:15.863+0000] {logging_mixin.py:188} INFO - [2026-04-30T09:02:15.863+0000] {dag.py:3096} INFO - Sync 1 DAGs
[2026-04-30T09:02:15.937+0000] {logging_mixin.py:188} INFO - [2026-04-30T09:02:15.936+0000] {dag.py:3954} INFO - Setting next_dagrun for nyc_fhv_pipeline to 2026-04-01 00:00:00+00:00, run_after=2026-05-01 00:00:00+00:00
[2026-04-30T09:02:16.007+0000] {processor.py:183} INFO - Processing /opt/airflow/dags/nyc_fhv_pipeline.py took 0.372 seconds
[2026-04-30T09:02:46.196+0000] {processor.py:161} INFO - Started process (PID=205) to work on /opt/airflow/dags/nyc_fhv_pipeline.py
[2026-04-30T09:02:46.197+0000] {processor.py:830} INFO - Processing file /opt/airflow/dags/nyc_fhv_pipeline.py for tasks to queue
[2026-04-30T09:02:46.202+0000] {logging_mixin.py:188} INFO - [2026-04-30T09:02:46.201+0000] {dagbag.py:545} INFO - Filling up the DagBag from /opt/airflow/dags/nyc_fhv_pipeline.py
[2026-04-30T09:02:46.247+0000] {processor.py:840} INFO - DAG(s) 'nyc_fhv_pipeline' retrieved from /opt/airflow/dags/nyc_fhv_pipeline.py
[2026-04-30T09:02:46.286+0000] {logging_mixin.py:188} INFO - [2026-04-30T09:02:46.285+0000] {dag.py:3096} INFO - Sync 1 DAGs
[2026-04-30T09:02:46.320+0000] {logging_mixin.py:188} INFO - [2026-04-30T09:02:46.320+0000] {dag.py:3954} INFO - Setting next_dagrun for nyc_fhv_pipeline to 2026-04-01 00:00:00+00:00, run_after=2026-05-01 00:00:00+00:00
[2026-04-30T09:02:46.357+0000] {processor.py:183} INFO - Processing /opt/airflow/dags/nyc_fhv_pipeline.py took 0.174 seconds
[2026-04-30T09:03:16.678+0000] {processor.py:161} INFO - Started process (PID=216) to work on /opt/airflow/dags/nyc_fhv_pipeline.py
[2026-04-30T09:03:16.679+0000] {processor.py:830} INFO - Processing file /opt/airflow/dags/nyc_fhv_pipeline.py for tasks to queue
[2026-04-30T09:03:16.683+0000] {logging_mixin.py:188} INFO - [2026-04-30T09:03:16.682+0000] {dagbag.py:545} INFO - Filling up the DagBag from /opt/airflow/dags/nyc_fhv_pipeline.py
[2026-04-30T09:03:16.740+0000] {processor.py:840} INFO - DAG(s) 'nyc_fhv_pipeline' retrieved from /opt/airflow/dags/nyc_fhv_pipeline.py
[2026-04-30T09:03:16.787+0000] {logging_mixin.py:188} INFO - [2026-04-30T09:03:16.786+0000] {dag.py:3096} INFO - Sync 1 DAGs
[2026-04-30T09:03:16.829+0000] {logging_mixin.py:188} INFO - [2026-04-30T09:03:16.829+0000] {dag.py:3954} INFO - Setting next_dagrun for nyc_fhv_pipeline to 2026-04-01 00:00:00+00:00, run_after=2026-05-01 00:00:00+00:00
[2026-04-30T09:03:16.871+0000] {processor.py:183} INFO - Processing /opt/airflow/dags/nyc_fhv_pipeline.py took 0.205 seconds
[2026-04-30T09:03:47.208+0000] {processor.py:161} INFO - Started process (PID=227) to work on /opt/airflow/dags/nyc_fhv_pipeline.py
[2026-04-30T09:03:47.211+0000] {processor.py:830} INFO - Processing file /opt/airflow/dags/nyc_fhv_pipeline.py for tasks to queue
[2026-04-30T09:03:47.216+0000] {logging_mixin.py:188} INFO - [2026-04-30T09:03:47.215+0000] {dagbag.py:545} INFO - Filling up the DagBag from /opt/airflow/dags/nyc_fhv_pipeline.py
[2026-04-30T09:03:47.273+0000] {processor.py:840} INFO - DAG(s) 'nyc_fhv_pipeline' retrieved from /opt/airflow/dags/nyc_fhv_pipeline.py
[2026-04-30T09:03:47.317+0000] {logging_mixin.py:188} INFO - [2026-04-30T09:03:47.317+0000] {dag.py:3096} INFO - Sync 1 DAGs
[2026-04-30T09:03:47.359+0000] {logging_mixin.py:188} INFO - [2026-04-30T09:03:47.358+0000] {dag.py:3954} INFO - Setting next_dagrun for nyc_fhv_pipeline to 2026-04-01 00:00:00+00:00, run_after=2026-05-01 00:00:00+00:00
[2026-04-30T09:03:47.398+0000] {processor.py:183} INFO - Processing /opt/airflow/dags/nyc_fhv_pipeline.py took 0.203 seconds
[2026-04-30T09:04:17.571+0000] {processor.py:161} INFO - Started process (PID=238) to work on /opt/airflow/dags/nyc_fhv_pipeline.py
[2026-04-30T09:04:17.573+0000] {processor.py:830} INFO - Processing file /opt/airflow/dags/nyc_fhv_pipeline.py for tasks to queue
[2026-04-30T09:04:17.577+0000] {logging_mixin.py:188} INFO - [2026-04-30T09:04:17.576+0000] {dagbag.py:545} INFO - Filling up the DagBag from /opt/airflow/dags/nyc_fhv_pipeline.py
[2026-04-30T09:04:17.636+0000] {processor.py:840} INFO - DAG(s) 'nyc_fhv_pipeline' retrieved from /opt/airflow/dags/nyc_fhv_pipeline.py
[2026-04-30T09:04:17.680+0000] {logging_mixin.py:188} INFO - [2026-04-30T09:04:17.680+0000] {dag.py:3096} INFO - Sync 1 DAGs
[2026-04-30T09:04:17.720+0000] {logging_mixin.py:188} INFO - [2026-04-30T09:04:17.720+0000] {dag.py:3954} INFO - Setting next_dagrun for nyc_fhv_pipeline to 2026-04-01 00:00:00+00:00, run_after=2026-05-01 00:00:00+00:00
[2026-04-30T09:04:17.761+0000] {processor.py:183} INFO - Processing /opt/airflow/dags/nyc_fhv_pipeline.py took 0.200 seconds
[2026-04-30T09:04:48.644+0000] {processor.py:161} INFO - Started process (PID=249) to work on /opt/airflow/dags/nyc_fhv_pipeline.py
[2026-04-30T09:04:48.647+0000] {processor.py:830} INFO - Processing file /opt/airflow/dags/nyc_fhv_pipeline.py for tasks to queue
[2026-04-30T09:04:48.650+0000] {logging_mixin.py:188} INFO - [2026-04-30T09:04:48.649+0000] {dagbag.py:545} INFO - Filling up the DagBag from /opt/airflow/dags/nyc_fhv_pipeline.py
[2026-04-30T09:04:48.702+0000] {processor.py:840} INFO - DAG(s) 'nyc_fhv_pipeline' retrieved from /opt/airflow/dags/nyc_fhv_pipeline.py
[2026-04-30T09:04:48.747+0000] {logging_mixin.py:188} INFO - [2026-04-30T09:04:48.746+0000] {dag.py:3096} INFO - Sync 1 DAGs
[2026-04-30T09:04:48.787+0000] {logging_mixin.py:188} INFO - [2026-04-30T09:04:48.787+0000] {dag.py:3954} INFO - Setting next_dagrun for nyc_fhv_pipeline to 2026-04-01 00:00:00+00:00, run_after=2026-05-01 00:00:00+00:00
[2026-04-30T09:04:48.822+0000] {processor.py:183} INFO - Processing /opt/airflow/dags/nyc_fhv_pipeline.py took 0.187 seconds
[2026-04-30T09:05:19.061+0000] {processor.py:161} INFO - Started process (PID=260) to work on /opt/airflow/dags/nyc_fhv_pipeline.py
[2026-04-30T09:05:19.064+0000] {processor.py:830} INFO - Processing file /opt/airflow/dags/nyc_fhv_pipeline.py for tasks to queue
[2026-04-30T09:05:19.068+0000] {logging_mixin.py:188} INFO - [2026-04-30T09:05:19.067+0000] {dagbag.py:545} INFO - Filling up the DagBag from /opt/airflow/dags/nyc_fhv_pipeline.py
[2026-04-30T09:05:19.126+0000] {processor.py:840} INFO - DAG(s) 'nyc_fhv_pipeline' retrieved from /opt/airflow/dags/nyc_fhv_pipeline.py
[2026-04-30T09:05:19.164+0000] {logging_mixin.py:188} INFO - [2026-04-30T09:05:19.163+0000] {dag.py:3096} INFO - Sync 1 DAGs
[2026-04-30T09:05:19.211+0000] {logging_mixin.py:188} INFO - [2026-04-30T09:05:19.211+0000] {dag.py:3954} INFO - Setting next_dagrun for nyc_fhv_pipeline to 2026-04-01 00:00:00+00:00, run_after=2026-05-01 00:00:00+00:00
[2026-04-30T09:05:19.248+0000] {processor.py:183} INFO - Processing /opt/airflow/dags/nyc_fhv_pipeline.py took 0.197 seconds
[2026-04-30T09:05:49.687+0000] {processor.py:161} INFO - Started process (PID=281) to work on /opt/airflow/dags/nyc_fhv_pipeline.py
[2026-04-30T09:05:49.690+0000] {processor.py:830} INFO - Processing file /opt/airflow/dags/nyc_fhv_pipeline.py for tasks to queue
[2026-04-30T09:05:49.697+0000] {logging_mixin.py:188} INFO - [2026-04-30T09:05:49.696+0000] {dagbag.py:545} INFO - Filling up the DagBag from /opt/airflow/dags/nyc_fhv_pipeline.py
[2026-04-30T09:05:49.788+0000] {processor.py:840} INFO - DAG(s) 'nyc_fhv_pipeline' retrieved from /opt/airflow/dags/nyc_fhv_pipeline.py
[2026-04-30T09:05:49.843+0000] {logging_mixin.py:188} INFO - [2026-04-30T09:05:49.842+0000] {dag.py:3096} INFO - Sync 1 DAGs
[2026-04-30T09:05:49.921+0000] {logging_mixin.py:188} INFO - [2026-04-30T09:05:49.921+0000] {dag.py:3954} INFO - Setting next_dagrun for nyc_fhv_pipeline to 2026-04-01 00:00:00+00:00, run_after=2026-05-01 00:00:00+00:00
[2026-04-30T09:05:49.962+0000] {processor.py:183} INFO - Processing /opt/airflow/dags/nyc_fhv_pipeline.py took 0.289 seconds
[2026-04-30T09:06:20.111+0000] {processor.py:161} INFO - Started process (PID=303) to work on /opt/airflow/dags/nyc_fhv_pipeline.py
[2026-04-30T09:06:20.113+0000] {processor.py:830} INFO - Processing file /opt/airflow/dags/nyc_fhv_pipeline.py for tasks to queue
[2026-04-30T09:06:20.132+0000] {logging_mixin.py:188} INFO - [2026-04-30T09:06:20.131+0000] {dagbag.py:545} INFO - Filling up the DagBag from /opt/airflow/dags/nyc_fhv_pipeline.py
[2026-04-30T09:06:20.172+0000] {processor.py:840} INFO - DAG(s) 'nyc_fhv_pipeline' retrieved from /opt/airflow/dags/nyc_fhv_pipeline.py
[2026-04-30T09:06:20.208+0000] {logging_mixin.py:188} INFO - [2026-04-30T09:06:20.207+0000] {dag.py:3096} INFO - Sync 1 DAGs
[2026-04-30T09:06:20.290+0000] {logging_mixin.py:188} INFO - [2026-04-30T09:06:20.289+0000] {dag.py:3954} INFO - Setting next_dagrun for nyc_fhv_pipeline to 2026-04-01 00:00:00+00:00, run_after=2026-05-01 00:00:00+00:00
[2026-04-30T09:06:20.325+0000] {processor.py:183} INFO - Processing /opt/airflow/dags/nyc_fhv_pipeline.py took 0.221 seconds
[2026-04-30T09:06:51.195+0000] {processor.py:161} INFO - Started process (PID=314) to work on /opt/airflow/dags/nyc_fhv_pipeline.py
[2026-04-30T09:06:51.196+0000] {processor.py:830} INFO - Processing file /opt/airflow/dags/nyc_fhv_pipeline.py for tasks to queue
[2026-04-30T09:06:51.201+0000] {logging_mixin.py:188} INFO - [2026-04-30T09:06:51.200+0000] {dagbag.py:545} INFO - Filling up the DagBag from /opt/airflow/dags/nyc_fhv_pipeline.py
[2026-04-30T09:06:51.237+0000] {processor.py:840} INFO - DAG(s) 'nyc_fhv_pipeline' retrieved from /opt/airflow/dags/nyc_fhv_pipeline.py
[2026-04-30T09:06:51.273+0000] {logging_mixin.py:188} INFO - [2026-04-30T09:06:51.272+0000] {dag.py:3096} INFO - Sync 1 DAGs
[2026-04-30T09:06:51.320+0000] {logging_mixin.py:188} INFO - [2026-04-30T09:06:51.319+0000] {dag.py:3954} INFO - Setting next_dagrun for nyc_fhv_pipeline to 2026-04-01 00:00:00+00:00, run_after=2026-05-01 00:00:00+00:00
[2026-04-30T09:06:51.351+0000] {processor.py:183} INFO - Processing /opt/airflow/dags/nyc_fhv_pipeline.py took 0.167 seconds
[2026-04-30T09:07:21.513+0000] {processor.py:161} INFO - Started process (PID=326) to work on /opt/airflow/dags/nyc_fhv_pipeline.py
[2026-04-30T09:07:21.516+0000] {processor.py:830} INFO - Processing file /opt/airflow/dags/nyc_fhv_pipeline.py for tasks to queue
[2026-04-30T09:07:21.520+0000] {logging_mixin.py:188} INFO - [2026-04-30T09:07:21.519+0000] {dagbag.py:545} INFO - Filling up the DagBag from /opt/airflow/dags/nyc_fhv_pipeline.py
[2026-04-30T09:07:21.578+0000] {processor.py:840} INFO - DAG(s) 'nyc_fhv_pipeline' retrieved from /opt/airflow/dags/nyc_fhv_pipeline.py
[2026-04-30T09:07:21.638+0000] {logging_mixin.py:188} INFO - [2026-04-30T09:07:21.637+0000] {dag.py:3096} INFO - Sync 1 DAGs
[2026-04-30T09:07:21.691+0000] {logging_mixin.py:188} INFO - [2026-04-30T09:07:21.691+0000] {dag.py:3954} INFO - Setting next_dagrun for nyc_fhv_pipeline to 2026-04-01 00:00:00+00:00, run_after=2026-05-01 00:00:00+00:00
[2026-04-30T09:07:21.735+0000] {processor.py:183} INFO - Processing /opt/airflow/dags/nyc_fhv_pipeline.py took 0.230 seconds
[2026-04-30T09:07:51.857+0000] {processor.py:161} INFO - Started process (PID=343) to work on /opt/airflow/dags/nyc_fhv_pipeline.py
[2026-04-30T09:07:51.859+0000] {processor.py:830} INFO - Processing file /opt/airflow/dags/nyc_fhv_pipeline.py for tasks to queue
[2026-04-30T09:07:51.863+0000] {logging_mixin.py:188} INFO - [2026-04-30T09:07:51.862+0000] {dagbag.py:545} INFO - Filling up the DagBag from /opt/airflow/dags/nyc_fhv_pipeline.py
[2026-04-30T09:07:51.911+0000] {processor.py:840} INFO - DAG(s) 'nyc_fhv_pipeline' retrieved from /opt/airflow/dags/nyc_fhv_pipeline.py
[2026-04-30T09:07:51.949+0000] {logging_mixin.py:188} INFO - [2026-04-30T09:07:51.948+0000] {dag.py:3096} INFO - Sync 1 DAGs
[2026-04-30T09:07:51.987+0000] {logging_mixin.py:188} INFO - [2026-04-30T09:07:51.987+0000] {dag.py:3954} INFO - Setting next_dagrun for nyc_fhv_pipeline to 2026-04-01 00:00:00+00:00, run_after=2026-05-01 00:00:00+00:00
[2026-04-30T09:07:52.031+0000] {processor.py:183} INFO - Processing /opt/airflow/dags/nyc_fhv_pipeline.py took 0.188 seconds
[2026-04-30T09:08:22.906+0000] {processor.py:161} INFO - Started process (PID=354) to work on /opt/airflow/dags/nyc_fhv_pipeline.py
[2026-04-30T09:08:22.912+0000] {processor.py:830} INFO - Processing file /opt/airflow/dags/nyc_fhv_pipeline.py for tasks to queue
[2026-04-30T09:08:22.915+0000] {logging_mixin.py:188} INFO - [2026-04-30T09:08:22.915+0000] {dagbag.py:545} INFO - Filling up the DagBag from /opt/airflow/dags/nyc_fhv_pipeline.py
[2026-04-30T09:08:22.957+0000] {processor.py:840} INFO - DAG(s) 'nyc_fhv_pipeline' retrieved from /opt/airflow/dags/nyc_fhv_pipeline.py
[2026-04-30T09:08:22.992+0000] {logging_mixin.py:188} INFO - [2026-04-30T09:08:22.992+0000] {dag.py:3096} INFO - Sync 1 DAGs
[2026-04-30T09:08:23.032+0000] {logging_mixin.py:188} INFO - [2026-04-30T09:08:23.032+0000] {dag.py:3954} INFO - Setting next_dagrun for nyc_fhv_pipeline to 2026-04-01 00:00:00+00:00, run_after=2026-05-01 00:00:00+00:00
[2026-04-30T09:08:23.076+0000] {processor.py:183} INFO - Processing /opt/airflow/dags/nyc_fhv_pipeline.py took 0.177 seconds
[2026-04-30T09:08:53.691+0000] {processor.py:161} INFO - Started process (PID=365) to work on /opt/airflow/dags/nyc_fhv_pipeline.py
[2026-04-30T09:08:53.694+0000] {processor.py:830} INFO - Processing file /opt/airflow/dags/nyc_fhv_pipeline.py for tasks to queue
[2026-04-30T09:08:53.698+0000] {logging_mixin.py:188} INFO - [2026-04-30T09:08:53.698+0000] {dagbag.py:545} INFO - Filling up the DagBag from /opt/airflow/dags/nyc_fhv_pipeline.py
[2026-04-30T09:08:53.734+0000] {processor.py:840} INFO - DAG(s) 'nyc_fhv_pipeline' retrieved from /opt/airflow/dags/nyc_fhv_pipeline.py
[2026-04-30T09:08:53.768+0000] {logging_mixin.py:188} INFO - [2026-04-30T09:08:53.768+0000] {dag.py:3096} INFO - Sync 1 DAGs
[2026-04-30T09:08:53.807+0000] {logging_mixin.py:188} INFO - [2026-04-30T09:08:53.807+0000] {dag.py:3954} INFO - Setting next_dagrun for nyc_fhv_pipeline to 2026-04-01 00:00:00+00:00, run_after=2026-05-01 00:00:00+00:00
[2026-04-30T09:08:53.839+0000] {processor.py:183} INFO - Processing /opt/airflow/dags/nyc_fhv_pipeline.py took 0.156 seconds
[2026-04-30T09:09:24.750+0000] {processor.py:161} INFO - Started process (PID=376) to work on /opt/airflow/dags/nyc_fhv_pipeline.py
[2026-04-30T09:09:24.752+0000] {processor.py:830} INFO - Processing file /opt/airflow/dags/nyc_fhv_pipeline.py for tasks to queue
[2026-04-30T09:09:24.755+0000] {logging_mixin.py:188} INFO - [2026-04-30T09:09:24.755+0000] {dagbag.py:545} INFO - Filling up the DagBag from /opt/airflow/dags/nyc_fhv_pipeline.py
[2026-04-30T09:09:24.799+0000] {processor.py:840} INFO - DAG(s) 'nyc_fhv_pipeline' retrieved from /opt/airflow/dags/nyc_fhv_pipeline.py
[2026-04-30T09:09:24.840+0000] {logging_mixin.py:188} INFO - [2026-04-30T09:09:24.839+0000] {dag.py:3096} INFO - Sync 1 DAGs
[2026-04-30T09:09:24.882+0000] {logging_mixin.py:188} INFO - [2026-04-30T09:09:24.882+0000] {dag.py:3954} INFO - Setting next_dagrun for nyc_fhv_pipeline to 2026-04-01 00:00:00+00:00, run_after=2026-05-01 00:00:00+00:00
[2026-04-30T09:09:24.913+0000] {processor.py:183} INFO - Processing /opt/airflow/dags/nyc_fhv_pipeline.py took 0.172 seconds
[2026-04-30T09:09:55.871+0000] {processor.py:161} INFO - Started process (PID=387) to work on /opt/airflow/dags/nyc_fhv_pipeline.py
[2026-04-30T09:09:55.875+0000] {processor.py:830} INFO - Processing file /opt/airflow/dags/nyc_fhv_pipeline.py for tasks to queue
[2026-04-30T09:09:55.882+0000] {logging_mixin.py:188} INFO - [2026-04-30T09:09:55.881+0000] {dagbag.py:545} INFO - Filling up the DagBag from /opt/airflow/dags/nyc_fhv_pipeline.py
[2026-04-30T09:09:55.977+0000] {processor.py:840} INFO - DAG(s) 'nyc_fhv_pipeline' retrieved from /opt/airflow/dags/nyc_fhv_pipeline.py
[2026-04-30T09:09:56.028+0000] {logging_mixin.py:188} INFO - [2026-04-30T09:09:56.027+0000] {dag.py:3096} INFO - Sync 1 DAGs
[2026-04-30T09:09:56.092+0000] {logging_mixin.py:188} INFO - [2026-04-30T09:09:56.092+0000] {dag.py:3954} INFO - Setting next_dagrun for nyc_fhv_pipeline to 2026-04-01 00:00:00+00:00, run_after=2026-05-01 00:00:00+00:00
[2026-04-30T09:09:56.146+0000] {processor.py:183} INFO - Processing /opt/airflow/dags/nyc_fhv_pipeline.py took 0.286 seconds
[2026-04-30T09:10:26.865+0000] {processor.py:161} INFO - Started process (PID=398) to work on /opt/airflow/dags/nyc_fhv_pipeline.py
[2026-04-30T09:10:26.868+0000] {processor.py:830} INFO - Processing file /opt/airflow/dags/nyc_fhv_pipeline.py for tasks to queue
[2026-04-30T09:10:26.874+0000] {logging_mixin.py:188} INFO - [2026-04-30T09:10:26.873+0000] {dagbag.py:545} INFO - Filling up the DagBag from /opt/airflow/dags/nyc_fhv_pipeline.py
[2026-04-30T09:10:26.929+0000] {processor.py:840} INFO - DAG(s) 'nyc_fhv_pipeline' retrieved from /opt/airflow/dags/nyc_fhv_pipeline.py
[2026-04-30T09:10:26.971+0000] {logging_mixin.py:188} INFO - [2026-04-30T09:10:26.970+0000] {dag.py:3096} INFO - Sync 1 DAGs
[2026-04-30T09:10:27.016+0000] {logging_mixin.py:188} INFO - [2026-04-30T09:10:27.015+0000] {dag.py:3954} INFO - Setting next_dagrun for nyc_fhv_pipeline to 2026-04-01 00:00:00+00:00, run_after=2026-05-01 00:00:00+00:00
[2026-04-30T09:10:27.059+0000] {processor.py:183} INFO - Processing /opt/airflow/dags/nyc_fhv_pipeline.py took 0.203 seconds
[2026-04-30T09:10:57.184+0000] {processor.py:161} INFO - Started process (PID=413) to work on /opt/airflow/dags/nyc_fhv_pipeline.py
[2026-04-30T09:10:57.186+0000] {processor.py:830} INFO - Processing file /opt/airflow/dags/nyc_fhv_pipeline.py for tasks to queue
[2026-04-30T09:10:57.189+0000] {logging_mixin.py:188} INFO - [2026-04-30T09:10:57.189+0000] {dagbag.py:545} INFO - Filling up the DagBag from /opt/airflow/dags/nyc_fhv_pipeline.py
[2026-04-30T09:10:57.257+0000] {processor.py:840} INFO - DAG(s) 'nyc_fhv_pipeline' retrieved from /opt/airflow/dags/nyc_fhv_pipeline.py
[2026-04-30T09:10:57.287+0000] {logging_mixin.py:188} INFO - [2026-04-30T09:10:57.286+0000] {dag.py:3096} INFO - Sync 1 DAGs
[2026-04-30T09:10:57.317+0000] {logging_mixin.py:188} INFO - [2026-04-30T09:10:57.317+0000] {dag.py:3954} INFO - Setting next_dagrun for nyc_fhv_pipeline to 2026-04-01 00:00:00+00:00, run_after=2026-05-01 00:00:00+00:00
[2026-04-30T09:10:57.350+0000] {processor.py:183} INFO - Processing /opt/airflow/dags/nyc_fhv_pipeline.py took 0.179 seconds
[2026-04-30T09:11:28.006+0000] {processor.py:161} INFO - Started process (PID=424) to work on /opt/airflow/dags/nyc_fhv_pipeline.py
[2026-04-30T09:11:28.008+0000] {processor.py:830} INFO - Processing file /opt/airflow/dags/nyc_fhv_pipeline.py for tasks to queue
[2026-04-30T09:11:28.011+0000] {logging_mixin.py:188} INFO - [2026-04-30T09:11:28.010+0000] {dagbag.py:545} INFO - Filling up the DagBag from /opt/airflow/dags/nyc_fhv_pipeline.py
[2026-04-30T09:11:28.054+0000] {processor.py:840} INFO - DAG(s) 'nyc_fhv_pipeline' retrieved from /opt/airflow/dags/nyc_fhv_pipeline.py
[2026-04-30T09:11:28.094+0000] {logging_mixin.py:188} INFO - [2026-04-30T09:11:28.093+0000] {dag.py:3096} INFO - Sync 1 DAGs
[2026-04-30T09:11:28.128+0000] {logging_mixin.py:188} INFO - [2026-04-30T09:11:28.127+0000] {dag.py:3954} INFO - Setting next_dagrun for nyc_fhv_pipeline to 2026-04-01 00:00:00+00:00, run_after=2026-05-01 00:00:00+00:00
[2026-04-30T09:11:28.161+0000] {processor.py:183} INFO - Processing /opt/airflow/dags/nyc_fhv_pipeline.py took 0.164 seconds
[2026-04-30T09:11:59.010+0000] {processor.py:161} INFO - Started process (PID=435) to work on /opt/airflow/dags/nyc_fhv_pipeline.py
[2026-04-30T09:11:59.012+0000] {processor.py:830} INFO - Processing file /opt/airflow/dags/nyc_fhv_pipeline.py for tasks to queue
[2026-04-30T09:11:59.015+0000] {logging_mixin.py:188} INFO - [2026-04-30T09:11:59.014+0000] {dagbag.py:545} INFO - Filling up the DagBag from /opt/airflow/dags/nyc_fhv_pipeline.py
[2026-04-30T09:11:59.056+0000] {processor.py:840} INFO - DAG(s) 'nyc_fhv_pipeline' retrieved from /opt/airflow/dags/nyc_fhv_pipeline.py
[2026-04-30T09:11:59.090+0000] {logging_mixin.py:188} INFO - [2026-04-30T09:11:59.089+0000] {dag.py:3096} INFO - Sync 1 DAGs
[2026-04-30T09:11:59.131+0000] {logging_mixin.py:188} INFO - [2026-04-30T09:11:59.129+0000] {dag.py:3954} INFO - Setting next_dagrun for nyc_fhv_pipeline to 2026-04-01 00:00:00+00:00, run_after=2026-05-01 00:00:00+00:00
[2026-04-30T09:11:59.169+0000] {processor.py:183} INFO - Processing /opt/airflow/dags/nyc_fhv_pipeline.py took 0.167 seconds
[2026-04-30T09:12:29.759+0000] {processor.py:161} INFO - Started process (PID=446) to work on /opt/airflow/dags/nyc_fhv_pipeline.py
[2026-04-30T09:12:29.761+0000] {processor.py:830} INFO - Processing file /opt/airflow/dags/nyc_fhv_pipeline.py for tasks to queue
[2026-04-30T09:12:29.764+0000] {logging_mixin.py:188} INFO - [2026-04-30T09:12:29.764+0000] {dagbag.py:545} INFO - Filling up the DagBag from /opt/airflow/dags/nyc_fhv_pipeline.py
[2026-04-30T09:12:29.806+0000] {processor.py:840} INFO - DAG(s) 'nyc_fhv_pipeline' retrieved from /opt/airflow/dags/nyc_fhv_pipeline.py
[2026-04-30T09:12:29.840+0000] {logging_mixin.py:188} INFO - [2026-04-30T09:12:29.839+0000] {dag.py:3096} INFO - Sync 1 DAGs
[2026-04-30T09:12:29.873+0000] {logging_mixin.py:188} INFO - [2026-04-30T09:12:29.872+0000] {dag.py:3954} INFO - Setting next_dagrun for nyc_fhv_pipeline to 2026-04-01 00:00:00+00:00, run_after=2026-05-01 00:00:00+00:00
[2026-04-30T09:12:29.901+0000] {processor.py:183} INFO - Processing /opt/airflow/dags/nyc_fhv_pipeline.py took 0.151 seconds
[2026-04-30T09:13:00.057+0000] {processor.py:161} INFO - Started process (PID=458) to work on /opt/airflow/dags/nyc_fhv_pipeline.py
[2026-04-30T09:13:00.063+0000] {processor.py:830} INFO - Processing file /opt/airflow/dags/nyc_fhv_pipeline.py for tasks to queue
[2026-04-30T09:13:00.070+0000] {logging_mixin.py:188} INFO - [2026-04-30T09:13:00.069+0000] {dagbag.py:545} INFO - Filling up the DagBag from /opt/airflow/dags/nyc_fhv_pipeline.py
[2026-04-30T09:13:00.119+0000] {processor.py:840} INFO - DAG(s) 'nyc_fhv_pipeline' retrieved from /opt/airflow/dags/nyc_fhv_pipeline.py
[2026-04-30T09:13:00.154+0000] {logging_mixin.py:188} INFO - [2026-04-30T09:13:00.154+0000] {dag.py:3096} INFO - Sync 1 DAGs
[2026-04-30T09:13:00.198+0000] {logging_mixin.py:188} INFO - [2026-04-30T09:13:00.197+0000] {dag.py:3954} INFO - Setting next_dagrun for nyc_fhv_pipeline to 2026-04-01 00:00:00+00:00, run_after=2026-05-01 00:00:00+00:00
[2026-04-30T09:13:00.237+0000] {processor.py:183} INFO - Processing /opt/airflow/dags/nyc_fhv_pipeline.py took 0.192 seconds
[2026-04-30T09:13:30.478+0000] {processor.py:161} INFO - Started process (PID=469) to work on /opt/airflow/dags/nyc_fhv_pipeline.py
[2026-04-30T09:13:30.479+0000] {processor.py:830} INFO - Processing file /opt/airflow/dags/nyc_fhv_pipeline.py for tasks to queue
[2026-04-30T09:13:30.483+0000] {logging_mixin.py:188} INFO - [2026-04-30T09:13:30.482+0000] {dagbag.py:545} INFO - Filling up the DagBag from /opt/airflow/dags/nyc_fhv_pipeline.py
[2026-04-30T09:13:30.539+0000] {processor.py:840} INFO - DAG(s) 'nyc_fhv_pipeline' retrieved from /opt/airflow/dags/nyc_fhv_pipeline.py
[2026-04-30T09:13:30.574+0000] {logging_mixin.py:188} INFO - [2026-04-30T09:13:30.574+0000] {dag.py:3096} INFO - Sync 1 DAGs
[2026-04-30T09:13:30.611+0000] {logging_mixin.py:188} INFO - [2026-04-30T09:13:30.611+0000] {dag.py:3954} INFO - Setting next_dagrun for nyc_fhv_pipeline to 2026-04-01 00:00:00+00:00, run_after=2026-05-01 00:00:00+00:00
[2026-04-30T09:13:30.640+0000] {processor.py:183} INFO - Processing /opt/airflow/dags/nyc_fhv_pipeline.py took 0.172 seconds
[2026-04-30T09:14:00.722+0000] {processor.py:161} INFO - Started process (PID=481) to work on /opt/airflow/dags/nyc_fhv_pipeline.py
[2026-04-30T09:14:00.724+0000] {processor.py:830} INFO - Processing file /opt/airflow/dags/nyc_fhv_pipeline.py for tasks to queue
[2026-04-30T09:14:00.726+0000] {logging_mixin.py:188} INFO - [2026-04-30T09:14:00.726+0000] {dagbag.py:545} INFO - Filling up the DagBag from /opt/airflow/dags/nyc_fhv_pipeline.py
[2026-04-30T09:14:00.760+0000] {processor.py:840} INFO - DAG(s) 'nyc_fhv_pipeline' retrieved from /opt/airflow/dags/nyc_fhv_pipeline.py
[2026-04-30T09:14:00.794+0000] {logging_mixin.py:188} INFO - [2026-04-30T09:14:00.793+0000] {dag.py:3096} INFO - Sync 1 DAGs
[2026-04-30T09:14:00.824+0000] {logging_mixin.py:188} INFO - [2026-04-30T09:14:00.824+0000] {dag.py:3954} INFO - Setting next_dagrun for nyc_fhv_pipeline to 2026-04-01 00:00:00+00:00, run_after=2026-05-01 00:00:00+00:00
[2026-04-30T09:14:00.855+0000] {processor.py:183} INFO - Processing /opt/airflow/dags/nyc_fhv_pipeline.py took 0.141 seconds
[2026-04-30T09:14:31.508+0000] {processor.py:161} INFO - Started process (PID=492) to work on /opt/airflow/dags/nyc_fhv_pipeline.py
[2026-04-30T09:14:31.509+0000] {processor.py:830} INFO - Processing file /opt/airflow/dags/nyc_fhv_pipeline.py for tasks to queue
[2026-04-30T09:14:31.512+0000] {logging_mixin.py:188} INFO - [2026-04-30T09:14:31.512+0000] {dagbag.py:545} INFO - Filling up the DagBag from /opt/airflow/dags/nyc_fhv_pipeline.py
[2026-04-30T09:14:31.552+0000] {processor.py:840} INFO - DAG(s) 'nyc_fhv_pipeline' retrieved from /opt/airflow/dags/nyc_fhv_pipeline.py
[2026-04-30T09:14:31.593+0000] {logging_mixin.py:188} INFO - [2026-04-30T09:14:31.592+0000] {dag.py:3096} INFO - Sync 1 DAGs
[2026-04-30T09:14:31.635+0000] {logging_mixin.py:188} INFO - [2026-04-30T09:14:31.635+0000] {dag.py:3954} INFO - Setting next_dagrun for nyc_fhv_pipeline to 2026-04-01 00:00:00+00:00, run_after=2026-05-01 00:00:00+00:00
[2026-04-30T09:14:31.674+0000] {processor.py:183} INFO - Processing /opt/airflow/dags/nyc_fhv_pipeline.py took 0.175 seconds
[2026-04-30T09:15:02.539+0000] {processor.py:161} INFO - Started process (PID=503) to work on /opt/airflow/dags/nyc_fhv_pipeline.py
[2026-04-30T09:15:02.540+0000] {processor.py:830} INFO - Processing file /opt/airflow/dags/nyc_fhv_pipeline.py for tasks to queue
[2026-04-30T09:15:02.544+0000] {logging_mixin.py:188} INFO - [2026-04-30T09:15:02.543+0000] {dagbag.py:545} INFO - Filling up the DagBag from /opt/airflow/dags/nyc_fhv_pipeline.py
[2026-04-30T09:15:02.584+0000] {processor.py:840} INFO - DAG(s) 'nyc_fhv_pipeline' retrieved from /opt/airflow/dags/nyc_fhv_pipeline.py
[2026-04-30T09:15:02.626+0000] {logging_mixin.py:188} INFO - [2026-04-30T09:15:02.625+0000] {dag.py:3096} INFO - Sync 1 DAGs
[2026-04-30T09:15:02.663+0000] {logging_mixin.py:188} INFO - [2026-04-30T09:15:02.662+0000] {dag.py:3954} INFO - Setting next_dagrun for nyc_fhv_pipeline to 2026-04-01 00:00:00+00:00, run_after=2026-05-01 00:00:00+00:00
[2026-04-30T09:15:02.696+0000] {processor.py:183} INFO - Processing /opt/airflow/dags/nyc_fhv_pipeline.py took 0.166 seconds
[2026-04-30T09:15:33.358+0000] {processor.py:161} INFO - Started process (PID=514) to work on /opt/airflow/dags/nyc_fhv_pipeline.py
[2026-04-30T09:15:33.360+0000] {processor.py:830} INFO - Processing file /opt/airflow/dags/nyc_fhv_pipeline.py for tasks to queue
[2026-04-30T09:15:33.363+0000] {logging_mixin.py:188} INFO - [2026-04-30T09:15:33.362+0000] {dagbag.py:545} INFO - Filling up the DagBag from /opt/airflow/dags/nyc_fhv_pipeline.py
[2026-04-30T09:15:33.408+0000] {processor.py:840} INFO - DAG(s) 'nyc_fhv_pipeline' retrieved from /opt/airflow/dags/nyc_fhv_pipeline.py
[2026-04-30T09:15:33.436+0000] {logging_mixin.py:188} INFO - [2026-04-30T09:15:33.436+0000] {dag.py:3096} INFO - Sync 1 DAGs
[2026-04-30T09:15:33.468+0000] {logging_mixin.py:188} INFO - [2026-04-30T09:15:33.468+0000] {dag.py:3954} INFO - Setting next_dagrun for nyc_fhv_pipeline to 2026-04-01 00:00:00+00:00, run_after=2026-05-01 00:00:00+00:00
[2026-04-30T09:15:33.501+0000] {processor.py:183} INFO - Processing /opt/airflow/dags/nyc_fhv_pipeline.py took 0.153 seconds
[2026-04-30T09:16:04.167+0000] {processor.py:161} INFO - Started process (PID=525) to work on /opt/airflow/dags/nyc_fhv_pipeline.py
[2026-04-30T09:16:04.168+0000] {processor.py:830} INFO - Processing file /opt/airflow/dags/nyc_fhv_pipeline.py for tasks to queue
[2026-04-30T09:16:04.171+0000] {logging_mixin.py:188} INFO - [2026-04-30T09:16:04.171+0000] {dagbag.py:545} INFO - Filling up the DagBag from /opt/airflow/dags/nyc_fhv_pipeline.py
[2026-04-30T09:16:04.209+0000] {processor.py:840} INFO - DAG(s) 'nyc_fhv_pipeline' retrieved from /opt/airflow/dags/nyc_fhv_pipeline.py
[2026-04-30T09:16:04.243+0000] {logging_mixin.py:188} INFO - [2026-04-30T09:16:04.243+0000] {dag.py:3096} INFO - Sync 1 DAGs
[2026-04-30T09:16:04.278+0000] {logging_mixin.py:188} INFO - [2026-04-30T09:16:04.277+0000] {dag.py:3954} INFO - Setting next_dagrun for nyc_fhv_pipeline to 2026-04-01 00:00:00+00:00, run_after=2026-05-01 00:00:00+00:00
[2026-04-30T09:16:04.309+0000] {processor.py:183} INFO - Processing /opt/airflow/dags/nyc_fhv_pipeline.py took 0.151 seconds
[2026-04-30T09:16:35.122+0000] {processor.py:161} INFO - Started process (PID=537) to work on /opt/airflow/dags/nyc_fhv_pipeline.py
[2026-04-30T09:16:35.124+0000] {processor.py:830} INFO - Processing file /opt/airflow/dags/nyc_fhv_pipeline.py for tasks to queue
[2026-04-30T09:16:35.127+0000] {logging_mixin.py:188} INFO - [2026-04-30T09:16:35.127+0000] {dagbag.py:545} INFO - Filling up the DagBag from /opt/airflow/dags/nyc_fhv_pipeline.py
[2026-04-30T09:16:35.175+0000] {processor.py:840} INFO - DAG(s) 'nyc_fhv_pipeline' retrieved from /opt/airflow/dags/nyc_fhv_pipeline.py
[2026-04-30T09:16:35.210+0000] {logging_mixin.py:188} INFO - [2026-04-30T09:16:35.209+0000] {dag.py:3096} INFO - Sync 1 DAGs
[2026-04-30T09:16:35.249+0000] {logging_mixin.py:188} INFO - [2026-04-30T09:16:35.248+0000] {dag.py:3954} INFO - Setting next_dagrun for nyc_fhv_pipeline to 2026-04-01 00:00:00+00:00, run_after=2026-05-01 00:00:00+00:00
[2026-04-30T09:16:35.283+0000] {processor.py:183} INFO - Processing /opt/airflow/dags/nyc_fhv_pipeline.py took 0.169 seconds
[2026-04-30T09:17:06.062+0000] {processor.py:161} INFO - Started process (PID=548) to work on /opt/airflow/dags/nyc_fhv_pipeline.py
[2026-04-30T09:17:06.065+0000] {processor.py:830} INFO - Processing file /opt/airflow/dags/nyc_fhv_pipeline.py for tasks to queue
[2026-04-30T09:17:06.068+0000] {logging_mixin.py:188} INFO - [2026-04-30T09:17:06.067+0000] {dagbag.py:545} INFO - Filling up the DagBag from /opt/airflow/dags/nyc_fhv_pipeline.py
[2026-04-30T09:17:06.130+0000] {processor.py:840} INFO - DAG(s) 'nyc_fhv_pipeline' retrieved from /opt/airflow/dags/nyc_fhv_pipeline.py
[2026-04-30T09:17:06.168+0000] {logging_mixin.py:188} INFO - [2026-04-30T09:17:06.167+0000] {dag.py:3096} INFO - Sync 1 DAGs
[2026-04-30T09:17:06.202+0000] {logging_mixin.py:188} INFO - [2026-04-30T09:17:06.202+0000] {dag.py:3954} INFO - Setting next_dagrun for nyc_fhv_pipeline to 2026-04-01 00:00:00+00:00, run_after=2026-05-01 00:00:00+00:00
[2026-04-30T09:17:06.231+0000] {processor.py:183} INFO - Processing /opt/airflow/dags/nyc_fhv_pipeline.py took 0.182 seconds
[2026-04-30T09:17:36.983+0000] {processor.py:161} INFO - Started process (PID=559) to work on /opt/airflow/dags/nyc_fhv_pipeline.py
[2026-04-30T09:17:36.985+0000] {processor.py:830} INFO - Processing file /opt/airflow/dags/nyc_fhv_pipeline.py for tasks to queue
[2026-04-30T09:17:36.987+0000] {logging_mixin.py:188} INFO - [2026-04-30T09:17:36.987+0000] {dagbag.py:545} INFO - Filling up the DagBag from /opt/airflow/dags/nyc_fhv_pipeline.py
[2026-04-30T09:17:37.026+0000] {processor.py:840} INFO - DAG(s) 'nyc_fhv_pipeline' retrieved from /opt/airflow/dags/nyc_fhv_pipeline.py
[2026-04-30T09:17:37.060+0000] {logging_mixin.py:188} INFO - [2026-04-30T09:17:37.060+0000] {dag.py:3096} INFO - Sync 1 DAGs
[2026-04-30T09:17:37.100+0000] {logging_mixin.py:188} INFO - [2026-04-30T09:17:37.100+0000] {dag.py:3954} INFO - Setting next_dagrun for nyc_fhv_pipeline to 2026-04-01 00:00:00+00:00, run_after=2026-05-01 00:00:00+00:00
[2026-04-30T09:17:37.130+0000] {processor.py:183} INFO - Processing /opt/airflow/dags/nyc_fhv_pipeline.py took 0.155 seconds
[2026-04-30T09:18:07.615+0000] {processor.py:161} INFO - Started process (PID=570) to work on /opt/airflow/dags/nyc_fhv_pipeline.py
[2026-04-30T09:18:07.617+0000] {processor.py:830} INFO - Processing file /opt/airflow/dags/nyc_fhv_pipeline.py for tasks to queue
[2026-04-30T09:18:07.620+0000] {logging_mixin.py:188} INFO - [2026-04-30T09:18:07.619+0000] {dagbag.py:545} INFO - Filling up the DagBag from /opt/airflow/dags/nyc_fhv_pipeline.py
[2026-04-30T09:18:07.659+0000] {processor.py:840} INFO - DAG(s) 'nyc_fhv_pipeline' retrieved from /opt/airflow/dags/nyc_fhv_pipeline.py
[2026-04-30T09:18:07.693+0000] {logging_mixin.py:188} INFO - [2026-04-30T09:18:07.693+0000] {dag.py:3096} INFO - Sync 1 DAGs
[2026-04-30T09:18:07.725+0000] {logging_mixin.py:188} INFO - [2026-04-30T09:18:07.725+0000] {dag.py:3954} INFO - Setting next_dagrun for nyc_fhv_pipeline to 2026-04-01 00:00:00+00:00, run_after=2026-05-01 00:00:00+00:00
[2026-04-30T09:18:07.763+0000] {processor.py:183} INFO - Processing /opt/airflow/dags/nyc_fhv_pipeline.py took 0.157 seconds
[2026-04-30T09:18:38.600+0000] {processor.py:161} INFO - Started process (PID=581) to work on /opt/airflow/dags/nyc_fhv_pipeline.py
[2026-04-30T09:18:38.603+0000] {processor.py:830} INFO - Processing file /opt/airflow/dags/nyc_fhv_pipeline.py for tasks to queue
[2026-04-30T09:18:38.606+0000] {logging_mixin.py:188} INFO - [2026-04-30T09:18:38.606+0000] {dagbag.py:545} INFO - Filling up the DagBag from /opt/airflow/dags/nyc_fhv_pipeline.py
[2026-04-30T09:18:38.651+0000] {processor.py:840} INFO - DAG(s) 'nyc_fhv_pipeline' retrieved from /opt/airflow/dags/nyc_fhv_pipeline.py
[2026-04-30T09:18:38.687+0000] {logging_mixin.py:188} INFO - [2026-04-30T09:18:38.686+0000] {dag.py:3096} INFO - Sync 1 DAGs
[2026-04-30T09:18:38.726+0000] {logging_mixin.py:188} INFO - [2026-04-30T09:18:38.726+0000] {dag.py:3954} INFO - Setting next_dagrun for nyc_fhv_pipeline to 2026-04-01 00:00:00+00:00, run_after=2026-05-01 00:00:00+00:00
[2026-04-30T09:18:38.758+0000] {processor.py:183} INFO - Processing /opt/airflow/dags/nyc_fhv_pipeline.py took 0.171 seconds
[2026-04-30T09:19:09.578+0000] {processor.py:161} INFO - Started process (PID=593) to work on /opt/airflow/dags/nyc_fhv_pipeline.py
[2026-04-30T09:19:09.580+0000] {processor.py:830} INFO - Processing file /opt/airflow/dags/nyc_fhv_pipeline.py for tasks to queue
[2026-04-30T09:19:09.583+0000] {logging_mixin.py:188} INFO - [2026-04-30T09:19:09.582+0000] {dagbag.py:545} INFO - Filling up the DagBag from /opt/airflow/dags/nyc_fhv_pipeline.py
[2026-04-30T09:19:09.625+0000] {processor.py:840} INFO - DAG(s) 'nyc_fhv_pipeline' retrieved from /opt/airflow/dags/nyc_fhv_pipeline.py
[2026-04-30T09:19:09.664+0000] {logging_mixin.py:188} INFO - [2026-04-30T09:19:09.662+0000] {dag.py:3096} INFO - Sync 1 DAGs
[2026-04-30T09:19:09.699+0000] {logging_mixin.py:188} INFO - [2026-04-30T09:19:09.699+0000] {dag.py:3954} INFO - Setting next_dagrun for nyc_fhv_pipeline to 2026-04-01 00:00:00+00:00, run_after=2026-05-01 00:00:00+00:00
[2026-04-30T09:19:09.739+0000] {processor.py:183} INFO - Processing /opt/airflow/dags/nyc_fhv_pipeline.py took 0.168 seconds
[2026-04-30T09:19:39.874+0000] {processor.py:161} INFO - Started process (PID=604) to work on /opt/airflow/dags/nyc_fhv_pipeline.py
[2026-04-30T09:19:39.876+0000] {processor.py:830} INFO - Processing file /opt/airflow/dags/nyc_fhv_pipeline.py for tasks to queue
[2026-04-30T09:19:39.880+0000] {logging_mixin.py:188} INFO - [2026-04-30T09:19:39.880+0000] {dagbag.py:545} INFO - Filling up the DagBag from /opt/airflow/dags/nyc_fhv_pipeline.py
[2026-04-30T09:19:39.921+0000] {processor.py:840} INFO - DAG(s) 'nyc_fhv_pipeline' retrieved from /opt/airflow/dags/nyc_fhv_pipeline.py
[2026-04-30T09:19:39.956+0000] {logging_mixin.py:188} INFO - [2026-04-30T09:19:39.956+0000] {dag.py:3096} INFO - Sync 1 DAGs
[2026-04-30T09:19:39.994+0000] {logging_mixin.py:188} INFO - [2026-04-30T09:19:39.993+0000] {dag.py:3954} INFO - Setting next_dagrun for nyc_fhv_pipeline to 2026-04-01 00:00:00+00:00, run_after=2026-05-01 00:00:00+00:00
[2026-04-30T09:19:40.028+0000] {processor.py:183} INFO - Processing /opt/airflow/dags/nyc_fhv_pipeline.py took 0.163 seconds
[2026-04-30T09:20:10.798+0000] {processor.py:161} INFO - Started process (PID=615) to work on /opt/airflow/dags/nyc_fhv_pipeline.py
[2026-04-30T09:20:10.801+0000] {processor.py:830} INFO - Processing file /opt/airflow/dags/nyc_fhv_pipeline.py for tasks to queue
[2026-04-30T09:20:10.806+0000] {logging_mixin.py:188} INFO - [2026-04-30T09:20:10.806+0000] {dagbag.py:545} INFO - Filling up the DagBag from /opt/airflow/dags/nyc_fhv_pipeline.py
[2026-04-30T09:20:10.855+0000] {processor.py:840} INFO - DAG(s) 'nyc_fhv_pipeline' retrieved from /opt/airflow/dags/nyc_fhv_pipeline.py
[2026-04-30T09:20:10.898+0000] {logging_mixin.py:188} INFO - [2026-04-30T09:20:10.897+0000] {dag.py:3096} INFO - Sync 1 DAGs
[2026-04-30T09:20:10.945+0000] {logging_mixin.py:188} INFO - [2026-04-30T09:20:10.945+0000] {dag.py:3954} INFO - Setting next_dagrun for nyc_fhv_pipeline to 2026-04-01 00:00:00+00:00, run_after=2026-05-01 00:00:00+00:00
[2026-04-30T09:20:10.990+0000] {processor.py:183} INFO - Processing /opt/airflow/dags/nyc_fhv_pipeline.py took 0.202 seconds
[2026-04-30T09:20:41.773+0000] {processor.py:161} INFO - Started process (PID=626) to work on /opt/airflow/dags/nyc_fhv_pipeline.py
[2026-04-30T09:20:41.776+0000] {processor.py:830} INFO - Processing file /opt/airflow/dags/nyc_fhv_pipeline.py for tasks to queue
[2026-04-30T09:20:41.784+0000] {logging_mixin.py:188} INFO - [2026-04-30T09:20:41.783+0000] {dagbag.py:545} INFO - Filling up the DagBag from /opt/airflow/dags/nyc_fhv_pipeline.py
[2026-04-30T09:20:41.998+0000] {processor.py:840} INFO - DAG(s) 'nyc_fhv_pipeline' retrieved from /opt/airflow/dags/nyc_fhv_pipeline.py
[2026-04-30T09:20:42.049+0000] {logging_mixin.py:188} INFO - [2026-04-30T09:20:42.049+0000] {dag.py:3096} INFO - Sync 1 DAGs
[2026-04-30T09:20:42.113+0000] {logging_mixin.py:188} INFO - [2026-04-30T09:20:42.112+0000] {dag.py:3954} INFO - Setting next_dagrun for nyc_fhv_pipeline to 2026-04-01 00:00:00+00:00, run_after=2026-05-01 00:00:00+00:00
[2026-04-30T09:20:42.163+0000] {processor.py:183} INFO - Processing /opt/airflow/dags/nyc_fhv_pipeline.py took 0.403 seconds
[2026-04-30T09:21:13.233+0000] {processor.py:161} INFO - Started process (PID=637) to work on /opt/airflow/dags/nyc_fhv_pipeline.py
[2026-04-30T09:21:13.240+0000] {processor.py:830} INFO - Processing file /opt/airflow/dags/nyc_fhv_pipeline.py for tasks to queue
[2026-04-30T09:21:13.244+0000] {logging_mixin.py:188} INFO - [2026-04-30T09:21:13.243+0000] {dagbag.py:545} INFO - Filling up the DagBag from /opt/airflow/dags/nyc_fhv_pipeline.py
[2026-04-30T09:21:13.292+0000] {processor.py:840} INFO - DAG(s) 'nyc_fhv_pipeline' retrieved from /opt/airflow/dags/nyc_fhv_pipeline.py
[2026-04-30T09:21:13.332+0000] {logging_mixin.py:188} INFO - [2026-04-30T09:21:13.332+0000] {dag.py:3096} INFO - Sync 1 DAGs
[2026-04-30T09:21:13.370+0000] {logging_mixin.py:188} INFO - [2026-04-30T09:21:13.370+0000] {dag.py:3954} INFO - Setting next_dagrun for nyc_fhv_pipeline to 2026-04-01 00:00:00+00:00, run_after=2026-05-01 00:00:00+00:00
[2026-04-30T09:21:13.409+0000] {processor.py:183} INFO - Processing /opt/airflow/dags/nyc_fhv_pipeline.py took 0.187 seconds
[2026-04-30T09:21:43.524+0000] {processor.py:161} INFO - Started process (PID=648) to work on /opt/airflow/dags/nyc_fhv_pipeline.py
[2026-04-30T09:21:43.526+0000] {processor.py:830} INFO - Processing file /opt/airflow/dags/nyc_fhv_pipeline.py for tasks to queue
[2026-04-30T09:21:43.530+0000] {logging_mixin.py:188} INFO - [2026-04-30T09:21:43.529+0000] {dagbag.py:545} INFO - Filling up the DagBag from /opt/airflow/dags/nyc_fhv_pipeline.py
[2026-04-30T09:21:43.570+0000] {processor.py:840} INFO - DAG(s) 'nyc_fhv_pipeline' retrieved from /opt/airflow/dags/nyc_fhv_pipeline.py
[2026-04-30T09:21:43.608+0000] {logging_mixin.py:188} INFO - [2026-04-30T09:21:43.608+0000] {dag.py:3096} INFO - Sync 1 DAGs
[2026-04-30T09:21:43.639+0000] {logging_mixin.py:188} INFO - [2026-04-30T09:21:43.639+0000] {dag.py:3954} INFO - Setting next_dagrun for nyc_fhv_pipeline to 2026-04-01 00:00:00+00:00, run_after=2026-05-01 00:00:00+00:00
[2026-04-30T09:21:43.669+0000] {processor.py:183} INFO - Processing /opt/airflow/dags/nyc_fhv_pipeline.py took 0.154 seconds
[2026-04-30T09:22:13.792+0000] {processor.py:161} INFO - Started process (PID=659) to work on /opt/airflow/dags/nyc_fhv_pipeline.py
[2026-04-30T09:22:13.794+0000] {processor.py:830} INFO - Processing file /opt/airflow/dags/nyc_fhv_pipeline.py for tasks to queue
[2026-04-30T09:22:13.798+0000] {logging_mixin.py:188} INFO - [2026-04-30T09:22:13.798+0000] {dagbag.py:545} INFO - Filling up the DagBag from /opt/airflow/dags/nyc_fhv_pipeline.py
[2026-04-30T09:22:13.842+0000] {processor.py:840} INFO - DAG(s) 'nyc_fhv_pipeline' retrieved from /opt/airflow/dags/nyc_fhv_pipeline.py
[2026-04-30T09:22:13.880+0000] {logging_mixin.py:188} INFO - [2026-04-30T09:22:13.880+0000] {dag.py:3096} INFO - Sync 1 DAGs
[2026-04-30T09:22:13.920+0000] {logging_mixin.py:188} INFO - [2026-04-30T09:22:13.919+0000] {dag.py:3954} INFO - Setting next_dagrun for nyc_fhv_pipeline to 2026-04-01 00:00:00+00:00, run_after=2026-05-01 00:00:00+00:00
[2026-04-30T09:22:13.962+0000] {processor.py:183} INFO - Processing /opt/airflow/dags/nyc_fhv_pipeline.py took 0.179 seconds
[2026-04-30T09:22:44.446+0000] {processor.py:161} INFO - Started process (PID=671) to work on /opt/airflow/dags/nyc_fhv_pipeline.py
[2026-04-30T09:22:44.448+0000] {processor.py:830} INFO - Processing file /opt/airflow/dags/nyc_fhv_pipeline.py for tasks to queue
[2026-04-30T09:22:44.452+0000] {logging_mixin.py:188} INFO - [2026-04-30T09:22:44.451+0000] {dagbag.py:545} INFO - Filling up the DagBag from /opt/airflow/dags/nyc_fhv_pipeline.py
[2026-04-30T09:22:44.514+0000] {processor.py:840} INFO - DAG(s) 'nyc_fhv_pipeline' retrieved from /opt/airflow/dags/nyc_fhv_pipeline.py
[2026-04-30T09:22:44.554+0000] {logging_mixin.py:188} INFO - [2026-04-30T09:22:44.553+0000] {dag.py:3096} INFO - Sync 1 DAGs
[2026-04-30T09:22:44.602+0000] {logging_mixin.py:188} INFO - [2026-04-30T09:22:44.601+0000] {dag.py:3954} INFO - Setting next_dagrun for nyc_fhv_pipeline to 2026-04-01 00:00:00+00:00, run_after=2026-05-01 00:00:00+00:00
[2026-04-30T09:22:44.647+0000] {processor.py:183} INFO - Processing /opt/airflow/dags/nyc_fhv_pipeline.py took 0.212 seconds
[2026-04-30T09:23:14.763+0000] {processor.py:161} INFO - Started process (PID=682) to work on /opt/airflow/dags/nyc_fhv_pipeline.py
[2026-04-30T09:23:14.765+0000] {processor.py:830} INFO - Processing file /opt/airflow/dags/nyc_fhv_pipeline.py for tasks to queue
[2026-04-30T09:23:14.768+0000] {logging_mixin.py:188} INFO - [2026-04-30T09:23:14.768+0000] {dagbag.py:545} INFO - Filling up the DagBag from /opt/airflow/dags/nyc_fhv_pipeline.py
[2026-04-30T09:23:14.829+0000] {processor.py:840} INFO - DAG(s) 'nyc_fhv_pipeline' retrieved from /opt/airflow/dags/nyc_fhv_pipeline.py
[2026-04-30T09:23:14.870+0000] {logging_mixin.py:188} INFO - [2026-04-30T09:23:14.869+0000] {dag.py:3096} INFO - Sync 1 DAGs
[2026-04-30T09:23:14.916+0000] {logging_mixin.py:188} INFO - [2026-04-30T09:23:14.916+0000] {dag.py:3954} INFO - Setting next_dagrun for nyc_fhv_pipeline to 2026-04-01 00:00:00+00:00, run_after=2026-05-01 00:00:00+00:00
[2026-04-30T09:23:14.955+0000] {processor.py:183} INFO - Processing /opt/airflow/dags/nyc_fhv_pipeline.py took 0.203 seconds
[2026-04-30T09:23:45.692+0000] {processor.py:161} INFO - Started process (PID=693) to work on /opt/airflow/dags/nyc_fhv_pipeline.py
[2026-04-30T09:23:45.694+0000] {processor.py:830} INFO - Processing file /opt/airflow/dags/nyc_fhv_pipeline.py for tasks to queue
[2026-04-30T09:23:45.698+0000] {logging_mixin.py:188} INFO - [2026-04-30T09:23:45.697+0000] {dagbag.py:545} INFO - Filling up the DagBag from /opt/airflow/dags/nyc_fhv_pipeline.py
[2026-04-30T09:23:45.743+0000] {processor.py:840} INFO - DAG(s) 'nyc_fhv_pipeline' retrieved from /opt/airflow/dags/nyc_fhv_pipeline.py
[2026-04-30T09:23:45.778+0000] {logging_mixin.py:188} INFO - [2026-04-30T09:23:45.778+0000] {dag.py:3096} INFO - Sync 1 DAGs
[2026-04-30T09:23:45.813+0000] {logging_mixin.py:188} INFO - [2026-04-30T09:23:45.813+0000] {dag.py:3954} INFO - Setting next_dagrun for nyc_fhv_pipeline to 2026-04-01 00:00:00+00:00, run_after=2026-05-01 00:00:00+00:00
[2026-04-30T09:23:45.849+0000] {processor.py:183} INFO - Processing /opt/airflow/dags/nyc_fhv_pipeline.py took 0.167 seconds
[2026-04-30T09:24:16.738+0000] {processor.py:161} INFO - Started process (PID=704) to work on /opt/airflow/dags/nyc_fhv_pipeline.py
[2026-04-30T09:24:16.740+0000] {processor.py:830} INFO - Processing file /opt/airflow/dags/nyc_fhv_pipeline.py for tasks to queue
[2026-04-30T09:24:16.743+0000] {logging_mixin.py:188} INFO - [2026-04-30T09:24:16.742+0000] {dagbag.py:545} INFO - Filling up the DagBag from /opt/airflow/dags/nyc_fhv_pipeline.py
[2026-04-30T09:24:16.779+0000] {processor.py:840} INFO - DAG(s) 'nyc_fhv_pipeline' retrieved from /opt/airflow/dags/nyc_fhv_pipeline.py
[2026-04-30T09:24:16.811+0000] {logging_mixin.py:188} INFO - [2026-04-30T09:24:16.811+0000] {dag.py:3096} INFO - Sync 1 DAGs
[2026-04-30T09:24:16.850+0000] {logging_mixin.py:188} INFO - [2026-04-30T09:24:16.849+0000] {dag.py:3954} INFO - Setting next_dagrun for nyc_fhv_pipeline to 2026-04-01 00:00:00+00:00, run_after=2026-05-01 00:00:00+00:00
[2026-04-30T09:24:16.908+0000] {processor.py:183} INFO - Processing /opt/airflow/dags/nyc_fhv_pipeline.py took 0.179 seconds
[2026-04-30T09:24:47.792+0000] {processor.py:161} INFO - Started process (PID=715) to work on /opt/airflow/dags/nyc_fhv_pipeline.py
[2026-04-30T09:24:47.794+0000] {processor.py:830} INFO - Processing file /opt/airflow/dags/nyc_fhv_pipeline.py for tasks to queue
[2026-04-30T09:24:47.797+0000] {logging_mixin.py:188} INFO - [2026-04-30T09:24:47.797+0000] {dagbag.py:545} INFO - Filling up the DagBag from /opt/airflow/dags/nyc_fhv_pipeline.py
[2026-04-30T09:24:47.836+0000] {processor.py:840} INFO - DAG(s) 'nyc_fhv_pipeline' retrieved from /opt/airflow/dags/nyc_fhv_pipeline.py
[2026-04-30T09:24:47.869+0000] {logging_mixin.py:188} INFO - [2026-04-30T09:24:47.868+0000] {dag.py:3096} INFO - Sync 1 DAGs
[2026-04-30T09:24:47.910+0000] {logging_mixin.py:188} INFO - [2026-04-30T09:24:47.909+0000] {dag.py:3954} INFO - Setting next_dagrun for nyc_fhv_pipeline to 2026-04-01 00:00:00+00:00, run_after=2026-05-01 00:00:00+00:00
[2026-04-30T09:24:47.950+0000] {processor.py:183} INFO - Processing /opt/airflow/dags/nyc_fhv_pipeline.py took 0.165 seconds
[2026-04-30T09:25:18.634+0000] {processor.py:161} INFO - Started process (PID=726) to work on /opt/airflow/dags/nyc_fhv_pipeline.py
[2026-04-30T09:25:18.636+0000] {processor.py:830} INFO - Processing file /opt/airflow/dags/nyc_fhv_pipeline.py for tasks to queue
[2026-04-30T09:25:18.640+0000] {logging_mixin.py:188} INFO - [2026-04-30T09:25:18.639+0000] {dagbag.py:545} INFO - Filling up the DagBag from /opt/airflow/dags/nyc_fhv_pipeline.py
[2026-04-30T09:25:18.687+0000] {processor.py:840} INFO - DAG(s) 'nyc_fhv_pipeline' retrieved from /opt/airflow/dags/nyc_fhv_pipeline.py
[2026-04-30T09:25:18.730+0000] {logging_mixin.py:188} INFO - [2026-04-30T09:25:18.729+0000] {dag.py:3096} INFO - Sync 1 DAGs
[2026-04-30T09:25:18.774+0000] {logging_mixin.py:188} INFO - [2026-04-30T09:25:18.774+0000] {dag.py:3954} INFO - Setting next_dagrun for nyc_fhv_pipeline to 2026-04-01 00:00:00+00:00, run_after=2026-05-01 00:00:00+00:00
[2026-04-30T09:25:18.812+0000] {processor.py:183} INFO - Processing /opt/airflow/dags/nyc_fhv_pipeline.py took 0.190 seconds
[2026-04-30T09:25:49.622+0000] {processor.py:161} INFO - Started process (PID=737) to work on /opt/airflow/dags/nyc_fhv_pipeline.py
[2026-04-30T09:25:49.625+0000] {processor.py:830} INFO - Processing file /opt/airflow/dags/nyc_fhv_pipeline.py for tasks to queue
[2026-04-30T09:25:49.630+0000] {logging_mixin.py:188} INFO - [2026-04-30T09:25:49.628+0000] {dagbag.py:545} INFO - Filling up the DagBag from /opt/airflow/dags/nyc_fhv_pipeline.py
[2026-04-30T09:25:49.703+0000] {processor.py:840} INFO - DAG(s) 'nyc_fhv_pipeline' retrieved from /opt/airflow/dags/nyc_fhv_pipeline.py
[2026-04-30T09:25:49.750+0000] {logging_mixin.py:188} INFO - [2026-04-30T09:25:49.750+0000] {dag.py:3096} INFO - Sync 1 DAGs
[2026-04-30T09:25:49.796+0000] {logging_mixin.py:188} INFO - [2026-04-30T09:25:49.795+0000] {dag.py:3954} INFO - Setting next_dagrun for nyc_fhv_pipeline to 2026-04-01 00:00:00+00:00, run_after=2026-05-01 00:00:00+00:00
[2026-04-30T09:25:49.833+0000] {processor.py:183} INFO - Processing /opt/airflow/dags/nyc_fhv_pipeline.py took 0.222 seconds
[2026-04-30T09:26:20.576+0000] {processor.py:161} INFO - Started process (PID=748) to work on /opt/airflow/dags/nyc_fhv_pipeline.py
[2026-04-30T09:26:20.578+0000] {processor.py:830} INFO - Processing file /opt/airflow/dags/nyc_fhv_pipeline.py for tasks to queue
[2026-04-30T09:26:20.582+0000] {logging_mixin.py:188} INFO - [2026-04-30T09:26:20.581+0000] {dagbag.py:545} INFO - Filling up the DagBag from /opt/airflow/dags/nyc_fhv_pipeline.py
[2026-04-30T09:26:20.632+0000] {processor.py:840} INFO - DAG(s) 'nyc_fhv_pipeline' retrieved from /opt/airflow/dags/nyc_fhv_pipeline.py
[2026-04-30T09:26:20.675+0000] {logging_mixin.py:188} INFO - [2026-04-30T09:26:20.675+0000] {dag.py:3096} INFO - Sync 1 DAGs
[2026-04-30T09:26:20.752+0000] {logging_mixin.py:188} INFO - [2026-04-30T09:26:20.752+0000] {dag.py:3954} INFO - Setting next_dagrun for nyc_fhv_pipeline to 2026-04-01 00:00:00+00:00, run_after=2026-05-01 00:00:00+00:00
[2026-04-30T09:26:20.800+0000] {processor.py:183} INFO - Processing /opt/airflow/dags/nyc_fhv_pipeline.py took 0.233 seconds
[2026-04-30T09:26:50.923+0000] {processor.py:161} INFO - Started process (PID=759) to work on /opt/airflow/dags/nyc_fhv_pipeline.py
[2026-04-30T09:26:50.925+0000] {processor.py:830} INFO - Processing file /opt/airflow/dags/nyc_fhv_pipeline.py for tasks to queue
[2026-04-30T09:26:50.928+0000] {logging_mixin.py:188} INFO - [2026-04-30T09:26:50.928+0000] {dagbag.py:545} INFO - Filling up the DagBag from /opt/airflow/dags/nyc_fhv_pipeline.py
[2026-04-30T09:26:50.977+0000] {processor.py:840} INFO - DAG(s) 'nyc_fhv_pipeline' retrieved from /opt/airflow/dags/nyc_fhv_pipeline.py
[2026-04-30T09:26:51.021+0000] {logging_mixin.py:188} INFO - [2026-04-30T09:26:51.021+0000] {dag.py:3096} INFO - Sync 1 DAGs
[2026-04-30T09:26:51.055+0000] {logging_mixin.py:188} INFO - [2026-04-30T09:26:51.055+0000] {dag.py:3954} INFO - Setting next_dagrun for nyc_fhv_pipeline to 2026-04-01 00:00:00+00:00, run_after=2026-05-01 00:00:00+00:00
[2026-04-30T09:26:51.097+0000] {processor.py:183} INFO - Processing /opt/airflow/dags/nyc_fhv_pipeline.py took 0.183 seconds
[2026-04-30T09:27:21.934+0000] {processor.py:161} INFO - Started process (PID=771) to work on /opt/airflow/dags/nyc_fhv_pipeline.py
[2026-04-30T09:27:21.937+0000] {processor.py:830} INFO - Processing file /opt/airflow/dags/nyc_fhv_pipeline.py for tasks to queue
[2026-04-30T09:27:21.941+0000] {logging_mixin.py:188} INFO - [2026-04-30T09:27:21.940+0000] {dagbag.py:545} INFO - Filling up the DagBag from /opt/airflow/dags/nyc_fhv_pipeline.py
[2026-04-30T09:27:22.007+0000] {processor.py:840} INFO - DAG(s) 'nyc_fhv_pipeline' retrieved from /opt/airflow/dags/nyc_fhv_pipeline.py
[2026-04-30T09:27:22.067+0000] {logging_mixin.py:188} INFO - [2026-04-30T09:27:22.067+0000] {dag.py:3096} INFO - Sync 1 DAGs
[2026-04-30T09:27:22.133+0000] {logging_mixin.py:188} INFO - [2026-04-30T09:27:22.132+0000] {dag.py:3954} INFO - Setting next_dagrun for nyc_fhv_pipeline to 2026-04-01 00:00:00+00:00, run_after=2026-05-01 00:00:00+00:00
[2026-04-30T09:27:22.204+0000] {processor.py:183} INFO - Processing /opt/airflow/dags/nyc_fhv_pipeline.py took 0.283 seconds
[2026-04-30T09:27:52.564+0000] {processor.py:161} INFO - Started process (PID=782) to work on /opt/airflow/dags/nyc_fhv_pipeline.py
[2026-04-30T09:27:52.566+0000] {processor.py:830} INFO - Processing file /opt/airflow/dags/nyc_fhv_pipeline.py for tasks to queue
[2026-04-30T09:27:52.570+0000] {logging_mixin.py:188} INFO - [2026-04-30T09:27:52.569+0000] {dagbag.py:545} INFO - Filling up the DagBag from /opt/airflow/dags/nyc_fhv_pipeline.py
[2026-04-30T09:27:52.617+0000] {processor.py:840} INFO - DAG(s) 'nyc_fhv_pipeline' retrieved from /opt/airflow/dags/nyc_fhv_pipeline.py
[2026-04-30T09:27:52.653+0000] {logging_mixin.py:188} INFO - [2026-04-30T09:27:52.653+0000] {dag.py:3096} INFO - Sync 1 DAGs
[2026-04-30T09:27:52.691+0000] {logging_mixin.py:188} INFO - [2026-04-30T09:27:52.690+0000] {dag.py:3954} INFO - Setting next_dagrun for nyc_fhv_pipeline to 2026-04-01 00:00:00+00:00, run_after=2026-05-01 00:00:00+00:00
[2026-04-30T09:27:52.726+0000] {processor.py:183} INFO - Processing /opt/airflow/dags/nyc_fhv_pipeline.py took 0.170 seconds
[2026-04-30T09:28:23.536+0000] {processor.py:161} INFO - Started process (PID=793) to work on /opt/airflow/dags/nyc_fhv_pipeline.py
[2026-04-30T09:28:23.538+0000] {processor.py:830} INFO - Processing file /opt/airflow/dags/nyc_fhv_pipeline.py for tasks to queue
[2026-04-30T09:28:23.541+0000] {logging_mixin.py:188} INFO - [2026-04-30T09:28:23.540+0000] {dagbag.py:545} INFO - Filling up the DagBag from /opt/airflow/dags/nyc_fhv_pipeline.py
[2026-04-30T09:28:23.582+0000] {processor.py:840} INFO - DAG(s) 'nyc_fhv_pipeline' retrieved from /opt/airflow/dags/nyc_fhv_pipeline.py
[2026-04-30T09:28:23.614+0000] {logging_mixin.py:188} INFO - [2026-04-30T09:28:23.614+0000] {dag.py:3096} INFO - Sync 1 DAGs
[2026-04-30T09:28:23.647+0000] {logging_mixin.py:188} INFO - [2026-04-30T09:28:23.647+0000] {dag.py:3954} INFO - Setting next_dagrun for nyc_fhv_pipeline to 2026-04-01 00:00:00+00:00, run_after=2026-05-01 00:00:00+00:00
[2026-04-30T09:28:23.679+0000] {processor.py:183} INFO - Processing /opt/airflow/dags/nyc_fhv_pipeline.py took 0.153 seconds
[2026-04-30T09:28:53.773+0000] {processor.py:161} INFO - Started process (PID=804) to work on /opt/airflow/dags/nyc_fhv_pipeline.py
[2026-04-30T09:28:53.775+0000] {processor.py:830} INFO - Processing file /opt/airflow/dags/nyc_fhv_pipeline.py for tasks to queue
[2026-04-30T09:28:53.779+0000] {logging_mixin.py:188} INFO - [2026-04-30T09:28:53.778+0000] {dagbag.py:545} INFO - Filling up the DagBag from /opt/airflow/dags/nyc_fhv_pipeline.py
[2026-04-30T09:28:53.835+0000] {processor.py:840} INFO - DAG(s) 'nyc_fhv_pipeline' retrieved from /opt/airflow/dags/nyc_fhv_pipeline.py
[2026-04-30T09:28:53.883+0000] {logging_mixin.py:188} INFO - [2026-04-30T09:28:53.882+0000] {dag.py:3096} INFO - Sync 1 DAGs
[2026-04-30T09:28:53.928+0000] {logging_mixin.py:188} INFO - [2026-04-30T09:28:53.928+0000] {dag.py:3954} INFO - Setting next_dagrun for nyc_fhv_pipeline to 2026-04-01 00:00:00+00:00, run_after=2026-05-01 00:00:00+00:00
[2026-04-30T09:28:53.967+0000] {processor.py:183} INFO - Processing /opt/airflow/dags/nyc_fhv_pipeline.py took 0.205 seconds
[2026-04-30T09:29:24.940+0000] {processor.py:161} INFO - Started process (PID=815) to work on /opt/airflow/dags/nyc_fhv_pipeline.py
[2026-04-30T09:29:24.942+0000] {processor.py:830} INFO - Processing file /opt/airflow/dags/nyc_fhv_pipeline.py for tasks to queue
[2026-04-30T09:29:24.945+0000] {logging_mixin.py:188} INFO - [2026-04-30T09:29:24.944+0000] {dagbag.py:545} INFO - Filling up the DagBag from /opt/airflow/dags/nyc_fhv_pipeline.py
[2026-04-30T09:29:24.987+0000] {processor.py:840} INFO - DAG(s) 'nyc_fhv_pipeline' retrieved from /opt/airflow/dags/nyc_fhv_pipeline.py
[2026-04-30T09:29:25.021+0000] {logging_mixin.py:188} INFO - [2026-04-30T09:29:25.021+0000] {dag.py:3096} INFO - Sync 1 DAGs
[2026-04-30T09:29:25.052+0000] {logging_mixin.py:188} INFO - [2026-04-30T09:29:25.051+0000] {dag.py:3954} INFO - Setting next_dagrun for nyc_fhv_pipeline to 2026-04-01 00:00:00+00:00, run_after=2026-05-01 00:00:00+00:00
[2026-04-30T09:29:25.085+0000] {processor.py:183} INFO - Processing /opt/airflow/dags/nyc_fhv_pipeline.py took 0.153 seconds
[2026-04-30T09:29:56.137+0000] {processor.py:161} INFO - Started process (PID=826) to work on /opt/airflow/dags/nyc_fhv_pipeline.py
[2026-04-30T09:29:56.139+0000] {processor.py:830} INFO - Processing file /opt/airflow/dags/nyc_fhv_pipeline.py for tasks to queue
[2026-04-30T09:29:56.143+0000] {logging_mixin.py:188} INFO - [2026-04-30T09:29:56.142+0000] {dagbag.py:545} INFO - Filling up the DagBag from /opt/airflow/dags/nyc_fhv_pipeline.py
[2026-04-30T09:29:56.185+0000] {processor.py:840} INFO - DAG(s) 'nyc_fhv_pipeline' retrieved from /opt/airflow/dags/nyc_fhv_pipeline.py
[2026-04-30T09:29:56.215+0000] {logging_mixin.py:188} INFO - [2026-04-30T09:29:56.214+0000] {dag.py:3096} INFO - Sync 1 DAGs
[2026-04-30T09:29:56.245+0000] {logging_mixin.py:188} INFO - [2026-04-30T09:29:56.244+0000] {dag.py:3954} INFO - Setting next_dagrun for nyc_fhv_pipeline to 2026-04-01 00:00:00+00:00, run_after=2026-05-01 00:00:00+00:00
[2026-04-30T09:29:56.272+0000] {processor.py:183} INFO - Processing /opt/airflow/dags/nyc_fhv_pipeline.py took 0.147 seconds
[2026-04-30T09:30:27.072+0000] {processor.py:161} INFO - Started process (PID=843) to work on /opt/airflow/dags/nyc_fhv_pipeline.py
[2026-04-30T09:30:27.074+0000] {processor.py:830} INFO - Processing file /opt/airflow/dags/nyc_fhv_pipeline.py for tasks to queue
[2026-04-30T09:30:27.077+0000] {logging_mixin.py:188} INFO - [2026-04-30T09:30:27.077+0000] {dagbag.py:545} INFO - Filling up the DagBag from /opt/airflow/dags/nyc_fhv_pipeline.py
[2026-04-30T09:30:27.117+0000] {processor.py:840} INFO - DAG(s) 'nyc_fhv_pipeline' retrieved from /opt/airflow/dags/nyc_fhv_pipeline.py
[2026-04-30T09:30:27.151+0000] {logging_mixin.py:188} INFO - [2026-04-30T09:30:27.150+0000] {dag.py:3096} INFO - Sync 1 DAGs
[2026-04-30T09:30:27.182+0000] {logging_mixin.py:188} INFO - [2026-04-30T09:30:27.182+0000] {dag.py:3954} INFO - Setting next_dagrun for nyc_fhv_pipeline to 2026-04-01 00:00:00+00:00, run_after=2026-05-01 00:00:00+00:00
[2026-04-30T09:30:27.215+0000] {processor.py:183} INFO - Processing /opt/airflow/dags/nyc_fhv_pipeline.py took 0.152 seconds
[2026-04-30T09:30:58.177+0000] {processor.py:161} INFO - Started process (PID=854) to work on /opt/airflow/dags/nyc_fhv_pipeline.py
[2026-04-30T09:30:58.179+0000] {processor.py:830} INFO - Processing file /opt/airflow/dags/nyc_fhv_pipeline.py for tasks to queue
[2026-04-30T09:30:58.183+0000] {logging_mixin.py:188} INFO - [2026-04-30T09:30:58.182+0000] {dagbag.py:545} INFO - Filling up the DagBag from /opt/airflow/dags/nyc_fhv_pipeline.py
[2026-04-30T09:30:58.231+0000] {processor.py:840} INFO - DAG(s) 'nyc_fhv_pipeline' retrieved from /opt/airflow/dags/nyc_fhv_pipeline.py
[2026-04-30T09:30:58.280+0000] {logging_mixin.py:188} INFO - [2026-04-30T09:30:58.280+0000] {dag.py:3096} INFO - Sync 1 DAGs
[2026-04-30T09:30:58.322+0000] {logging_mixin.py:188} INFO - [2026-04-30T09:30:58.322+0000] {dag.py:3954} INFO - Setting next_dagrun for nyc_fhv_pipeline to 2026-04-01 00:00:00+00:00, run_after=2026-05-01 00:00:00+00:00
[2026-04-30T09:30:58.367+0000] {processor.py:183} INFO - Processing /opt/airflow/dags/nyc_fhv_pipeline.py took 0.199 seconds
[2026-04-30T09:31:28.474+0000] {processor.py:161} INFO - Started process (PID=866) to work on /opt/airflow/dags/nyc_fhv_pipeline.py
[2026-04-30T09:31:28.478+0000] {processor.py:830} INFO - Processing file /opt/airflow/dags/nyc_fhv_pipeline.py for tasks to queue
[2026-04-30T09:31:28.481+0000] {logging_mixin.py:188} INFO - [2026-04-30T09:31:28.480+0000] {dagbag.py:545} INFO - Filling up the DagBag from /opt/airflow/dags/nyc_fhv_pipeline.py
[2026-04-30T09:31:28.522+0000] {processor.py:840} INFO - DAG(s) 'nyc_fhv_pipeline' retrieved from /opt/airflow/dags/nyc_fhv_pipeline.py
[2026-04-30T09:31:28.566+0000] {logging_mixin.py:188} INFO - [2026-04-30T09:31:28.566+0000] {dag.py:3096} INFO - Sync 1 DAGs
[2026-04-30T09:31:28.598+0000] {logging_mixin.py:188} INFO - [2026-04-30T09:31:28.598+0000] {dag.py:3954} INFO - Setting next_dagrun for nyc_fhv_pipeline to 2026-04-01 00:00:00+00:00, run_after=2026-05-01 00:00:00+00:00
[2026-04-30T09:31:28.626+0000] {processor.py:183} INFO - Processing /opt/airflow/dags/nyc_fhv_pipeline.py took 0.159 seconds
[2026-04-30T09:31:59.410+0000] {processor.py:161} INFO - Started process (PID=877) to work on /opt/airflow/dags/nyc_fhv_pipeline.py
[2026-04-30T09:31:59.411+0000] {processor.py:830} INFO - Processing file /opt/airflow/dags/nyc_fhv_pipeline.py for tasks to queue
[2026-04-30T09:31:59.415+0000] {logging_mixin.py:188} INFO - [2026-04-30T09:31:59.415+0000] {dagbag.py:545} INFO - Filling up the DagBag from /opt/airflow/dags/nyc_fhv_pipeline.py
[2026-04-30T09:31:59.455+0000] {processor.py:840} INFO - DAG(s) 'nyc_fhv_pipeline' retrieved from /opt/airflow/dags/nyc_fhv_pipeline.py
[2026-04-30T09:31:59.487+0000] {logging_mixin.py:188} INFO - [2026-04-30T09:31:59.486+0000] {dag.py:3096} INFO - Sync 1 DAGs
[2026-04-30T09:31:59.517+0000] {logging_mixin.py:188} INFO - [2026-04-30T09:31:59.517+0000] {dag.py:3954} INFO - Setting next_dagrun for nyc_fhv_pipeline to 2026-04-01 00:00:00+00:00, run_after=2026-05-01 00:00:00+00:00
[2026-04-30T09:31:59.550+0000] {processor.py:183} INFO - Processing /opt/airflow/dags/nyc_fhv_pipeline.py took 0.149 seconds
[2026-04-30T09:32:30.459+0000] {processor.py:161} INFO - Started process (PID=888) to work on /opt/airflow/dags/nyc_fhv_pipeline.py
[2026-04-30T09:32:30.461+0000] {processor.py:830} INFO - Processing file /opt/airflow/dags/nyc_fhv_pipeline.py for tasks to queue
[2026-04-30T09:32:30.465+0000] {logging_mixin.py:188} INFO - [2026-04-30T09:32:30.464+0000] {dagbag.py:545} INFO - Filling up the DagBag from /opt/airflow/dags/nyc_fhv_pipeline.py
[2026-04-30T09:32:30.501+0000] {processor.py:840} INFO - DAG(s) 'nyc_fhv_pipeline' retrieved from /opt/airflow/dags/nyc_fhv_pipeline.py
[2026-04-30T09:32:30.531+0000] {logging_mixin.py:188} INFO - [2026-04-30T09:32:30.530+0000] {dag.py:3096} INFO - Sync 1 DAGs
[2026-04-30T09:32:30.563+0000] {logging_mixin.py:188} INFO - [2026-04-30T09:32:30.562+0000] {dag.py:3954} INFO - Setting next_dagrun for nyc_fhv_pipeline to 2026-04-01 00:00:00+00:00, run_after=2026-05-01 00:00:00+00:00
[2026-04-30T09:32:30.600+0000] {processor.py:183} INFO - Processing /opt/airflow/dags/nyc_fhv_pipeline.py took 0.149 seconds
[2026-04-30T09:33:01.555+0000] {processor.py:161} INFO - Started process (PID=899) to work on /opt/airflow/dags/nyc_fhv_pipeline.py
[2026-04-30T09:33:01.558+0000] {processor.py:830} INFO - Processing file /opt/airflow/dags/nyc_fhv_pipeline.py for tasks to queue
[2026-04-30T09:33:01.563+0000] {logging_mixin.py:188} INFO - [2026-04-30T09:33:01.562+0000] {dagbag.py:545} INFO - Filling up the DagBag from /opt/airflow/dags/nyc_fhv_pipeline.py
[2026-04-30T09:33:01.608+0000] {processor.py:840} INFO - DAG(s) 'nyc_fhv_pipeline' retrieved from /opt/airflow/dags/nyc_fhv_pipeline.py
[2026-04-30T09:33:01.644+0000] {logging_mixin.py:188} INFO - [2026-04-30T09:33:01.644+0000] {dag.py:3096} INFO - Sync 1 DAGs
[2026-04-30T09:33:01.679+0000] {logging_mixin.py:188} INFO - [2026-04-30T09:33:01.678+0000] {dag.py:3954} INFO - Setting next_dagrun for nyc_fhv_pipeline to 2026-04-01 00:00:00+00:00, run_after=2026-05-01 00:00:00+00:00
[2026-04-30T09:33:01.711+0000] {processor.py:183} INFO - Processing /opt/airflow/dags/nyc_fhv_pipeline.py took 0.169 seconds
[2026-04-30T09:33:32.661+0000] {processor.py:161} INFO - Started process (PID=910) to work on /opt/airflow/dags/nyc_fhv_pipeline.py
[2026-04-30T09:33:32.663+0000] {processor.py:830} INFO - Processing file /opt/airflow/dags/nyc_fhv_pipeline.py for tasks to queue
[2026-04-30T09:33:32.667+0000] {logging_mixin.py:188} INFO - [2026-04-30T09:33:32.667+0000] {dagbag.py:545} INFO - Filling up the DagBag from /opt/airflow/dags/nyc_fhv_pipeline.py
[2026-04-30T09:33:32.724+0000] {processor.py:840} INFO - DAG(s) 'nyc_fhv_pipeline' retrieved from /opt/airflow/dags/nyc_fhv_pipeline.py
[2026-04-30T09:33:32.760+0000] {logging_mixin.py:188} INFO - [2026-04-30T09:33:32.760+0000] {dag.py:3096} INFO - Sync 1 DAGs
[2026-04-30T09:33:32.798+0000] {logging_mixin.py:188} INFO - [2026-04-30T09:33:32.798+0000] {dag.py:3954} INFO - Setting next_dagrun for nyc_fhv_pipeline to 2026-04-01 00:00:00+00:00, run_after=2026-05-01 00:00:00+00:00
[2026-04-30T09:33:32.832+0000] {processor.py:183} INFO - Processing /opt/airflow/dags/nyc_fhv_pipeline.py took 0.188 seconds
[2026-04-30T09:34:03.716+0000] {processor.py:161} INFO - Started process (PID=921) to work on /opt/airflow/dags/nyc_fhv_pipeline.py
[2026-04-30T09:34:03.718+0000] {processor.py:830} INFO - Processing file /opt/airflow/dags/nyc_fhv_pipeline.py for tasks to queue
[2026-04-30T09:34:03.722+0000] {logging_mixin.py:188} INFO - [2026-04-30T09:34:03.721+0000] {dagbag.py:545} INFO - Filling up the DagBag from /opt/airflow/dags/nyc_fhv_pipeline.py
[2026-04-30T09:34:03.761+0000] {processor.py:840} INFO - DAG(s) 'nyc_fhv_pipeline' retrieved from /opt/airflow/dags/nyc_fhv_pipeline.py
[2026-04-30T09:34:03.795+0000] {logging_mixin.py:188} INFO - [2026-04-30T09:34:03.795+0000] {dag.py:3096} INFO - Sync 1 DAGs
[2026-04-30T09:34:03.827+0000] {logging_mixin.py:188} INFO - [2026-04-30T09:34:03.826+0000] {dag.py:3954} INFO - Setting next_dagrun for nyc_fhv_pipeline to 2026-04-01 00:00:00+00:00, run_after=2026-05-01 00:00:00+00:00
[2026-04-30T09:34:03.857+0000] {processor.py:183} INFO - Processing /opt/airflow/dags/nyc_fhv_pipeline.py took 0.149 seconds
[2026-04-30T09:34:34.869+0000] {processor.py:161} INFO - Started process (PID=932) to work on /opt/airflow/dags/nyc_fhv_pipeline.py
[2026-04-30T09:34:34.871+0000] {processor.py:830} INFO - Processing file /opt/airflow/dags/nyc_fhv_pipeline.py for tasks to queue
[2026-04-30T09:34:34.877+0000] {logging_mixin.py:188} INFO - [2026-04-30T09:34:34.876+0000] {dagbag.py:545} INFO - Filling up the DagBag from /opt/airflow/dags/nyc_fhv_pipeline.py
[2026-04-30T09:34:34.921+0000] {processor.py:840} INFO - DAG(s) 'nyc_fhv_pipeline' retrieved from /opt/airflow/dags/nyc_fhv_pipeline.py
[2026-04-30T09:34:34.962+0000] {logging_mixin.py:188} INFO - [2026-04-30T09:34:34.962+0000] {dag.py:3096} INFO - Sync 1 DAGs
[2026-04-30T09:34:35.003+0000] {logging_mixin.py:188} INFO - [2026-04-30T09:34:35.003+0000] {dag.py:3954} INFO - Setting next_dagrun for nyc_fhv_pipeline to 2026-04-01 00:00:00+00:00, run_after=2026-05-01 00:00:00+00:00
[2026-04-30T09:34:35.041+0000] {processor.py:183} INFO - Processing /opt/airflow/dags/nyc_fhv_pipeline.py took 0.182 seconds
[2026-04-30T09:35:05.266+0000] {processor.py:161} INFO - Started process (PID=943) to work on /opt/airflow/dags/nyc_fhv_pipeline.py
[2026-04-30T09:35:05.268+0000] {processor.py:830} INFO - Processing file /opt/airflow/dags/nyc_fhv_pipeline.py for tasks to queue
[2026-04-30T09:35:05.271+0000] {logging_mixin.py:188} INFO - [2026-04-30T09:35:05.270+0000] {dagbag.py:545} INFO - Filling up the DagBag from /opt/airflow/dags/nyc_fhv_pipeline.py
[2026-04-30T09:35:05.309+0000] {processor.py:840} INFO - DAG(s) 'nyc_fhv_pipeline' retrieved from /opt/airflow/dags/nyc_fhv_pipeline.py
[2026-04-30T09:35:05.343+0000] {logging_mixin.py:188} INFO - [2026-04-30T09:35:05.343+0000] {dag.py:3096} INFO - Sync 1 DAGs
[2026-04-30T09:35:05.377+0000] {logging_mixin.py:188} INFO - [2026-04-30T09:35:05.376+0000] {dag.py:3954} INFO - Setting next_dagrun for nyc_fhv_pipeline to 2026-04-01 00:00:00+00:00, run_after=2026-05-01 00:00:00+00:00
[2026-04-30T09:35:05.405+0000] {processor.py:183} INFO - Processing /opt/airflow/dags/nyc_fhv_pipeline.py took 0.148 seconds
[2026-04-30T09:35:35.701+0000] {processor.py:161} INFO - Started process (PID=954) to work on /opt/airflow/dags/nyc_fhv_pipeline.py
[2026-04-30T09:35:35.703+0000] {processor.py:830} INFO - Processing file /opt/airflow/dags/nyc_fhv_pipeline.py for tasks to queue
[2026-04-30T09:35:35.708+0000] {logging_mixin.py:188} INFO - [2026-04-30T09:35:35.708+0000] {dagbag.py:545} INFO - Filling up the DagBag from /opt/airflow/dags/nyc_fhv_pipeline.py
[2026-04-30T09:35:35.769+0000] {processor.py:840} INFO - DAG(s) 'nyc_fhv_pipeline' retrieved from /opt/airflow/dags/nyc_fhv_pipeline.py
[2026-04-30T09:35:35.817+0000] {logging_mixin.py:188} INFO - [2026-04-30T09:35:35.817+0000] {dag.py:3096} INFO - Sync 1 DAGs
[2026-04-30T09:35:35.872+0000] {logging_mixin.py:188} INFO - [2026-04-30T09:35:35.872+0000] {dag.py:3954} INFO - Setting next_dagrun for nyc_fhv_pipeline to 2026-04-01 00:00:00+00:00, run_after=2026-05-01 00:00:00+00:00
[2026-04-30T09:35:35.919+0000] {processor.py:183} INFO - Processing /opt/airflow/dags/nyc_fhv_pipeline.py took 0.228 seconds
[2026-04-30T09:36:06.758+0000] {processor.py:161} INFO - Started process (PID=966) to work on /opt/airflow/dags/nyc_fhv_pipeline.py
[2026-04-30T09:36:06.759+0000] {processor.py:830} INFO - Processing file /opt/airflow/dags/nyc_fhv_pipeline.py for tasks to queue
[2026-04-30T09:36:06.766+0000] {logging_mixin.py:188} INFO - [2026-04-30T09:36:06.765+0000] {dagbag.py:545} INFO - Filling up the DagBag from /opt/airflow/dags/nyc_fhv_pipeline.py
[2026-04-30T09:36:06.803+0000] {processor.py:840} INFO - DAG(s) 'nyc_fhv_pipeline' retrieved from /opt/airflow/dags/nyc_fhv_pipeline.py
[2026-04-30T09:36:06.836+0000] {logging_mixin.py:188} INFO - [2026-04-30T09:36:06.836+0000] {dag.py:3096} INFO - Sync 1 DAGs
[2026-04-30T09:36:06.870+0000] {logging_mixin.py:188} INFO - [2026-04-30T09:36:06.870+0000] {dag.py:3954} INFO - Setting next_dagrun for nyc_fhv_pipeline to 2026-04-01 00:00:00+00:00, run_after=2026-05-01 00:00:00+00:00
[2026-04-30T09:36:06.911+0000] {processor.py:183} INFO - Processing /opt/airflow/dags/nyc_fhv_pipeline.py took 0.164 seconds
[2026-04-30T09:36:37.750+0000] {processor.py:161} INFO - Started process (PID=977) to work on /opt/airflow/dags/nyc_fhv_pipeline.py
[2026-04-30T09:36:37.752+0000] {processor.py:830} INFO - Processing file /opt/airflow/dags/nyc_fhv_pipeline.py for tasks to queue
[2026-04-30T09:36:37.760+0000] {logging_mixin.py:188} INFO - [2026-04-30T09:36:37.755+0000] {dagbag.py:545} INFO - Filling up the DagBag from /opt/airflow/dags/nyc_fhv_pipeline.py
[2026-04-30T09:36:37.819+0000] {processor.py:840} INFO - DAG(s) 'nyc_fhv_pipeline' retrieved from /opt/airflow/dags/nyc_fhv_pipeline.py
[2026-04-30T09:36:37.860+0000] {logging_mixin.py:188} INFO - [2026-04-30T09:36:37.860+0000] {dag.py:3096} INFO - Sync 1 DAGs
[2026-04-30T09:36:37.902+0000] {logging_mixin.py:188} INFO - [2026-04-30T09:36:37.902+0000] {dag.py:3954} INFO - Setting next_dagrun for nyc_fhv_pipeline to 2026-04-01 00:00:00+00:00, run_after=2026-05-01 00:00:00+00:00
[2026-04-30T09:36:37.943+0000] {processor.py:183} INFO - Processing /opt/airflow/dags/nyc_fhv_pipeline.py took 0.213 seconds
[2026-04-30T09:37:08.105+0000] {processor.py:161} INFO - Started process (PID=988) to work on /opt/airflow/dags/nyc_fhv_pipeline.py
[2026-04-30T09:37:08.107+0000] {processor.py:830} INFO - Processing file /opt/airflow/dags/nyc_fhv_pipeline.py for tasks to queue
[2026-04-30T09:37:08.111+0000] {logging_mixin.py:188} INFO - [2026-04-30T09:37:08.111+0000] {dagbag.py:545} INFO - Filling up the DagBag from /opt/airflow/dags/nyc_fhv_pipeline.py
[2026-04-30T09:37:08.148+0000] {processor.py:840} INFO - DAG(s) 'nyc_fhv_pipeline' retrieved from /opt/airflow/dags/nyc_fhv_pipeline.py
[2026-04-30T09:37:08.179+0000] {logging_mixin.py:188} INFO - [2026-04-30T09:37:08.178+0000] {dag.py:3096} INFO - Sync 1 DAGs
[2026-04-30T09:37:08.214+0000] {logging_mixin.py:188} INFO - [2026-04-30T09:37:08.214+0000] {dag.py:3954} INFO - Setting next_dagrun for nyc_fhv_pipeline to 2026-04-01 00:00:00+00:00, run_after=2026-05-01 00:00:00+00:00
[2026-04-30T09:37:08.243+0000] {processor.py:183} INFO - Processing /opt/airflow/dags/nyc_fhv_pipeline.py took 0.150 seconds
[2026-04-30T09:37:39.083+0000] {processor.py:161} INFO - Started process (PID=999) to work on /opt/airflow/dags/nyc_fhv_pipeline.py
[2026-04-30T09:37:39.085+0000] {processor.py:830} INFO - Processing file /opt/airflow/dags/nyc_fhv_pipeline.py for tasks to queue
[2026-04-30T09:37:39.089+0000] {logging_mixin.py:188} INFO - [2026-04-30T09:37:39.088+0000] {dagbag.py:545} INFO - Filling up the DagBag from /opt/airflow/dags/nyc_fhv_pipeline.py
[2026-04-30T09:37:39.130+0000] {processor.py:840} INFO - DAG(s) 'nyc_fhv_pipeline' retrieved from /opt/airflow/dags/nyc_fhv_pipeline.py
[2026-04-30T09:37:39.173+0000] {logging_mixin.py:188} INFO - [2026-04-30T09:37:39.172+0000] {dag.py:3096} INFO - Sync 1 DAGs
[2026-04-30T09:37:39.214+0000] {logging_mixin.py:188} INFO - [2026-04-30T09:37:39.214+0000] {dag.py:3954} INFO - Setting next_dagrun for nyc_fhv_pipeline to 2026-04-01 00:00:00+00:00, run_after=2026-05-01 00:00:00+00:00
[2026-04-30T09:37:39.244+0000] {processor.py:183} INFO - Processing /opt/airflow/dags/nyc_fhv_pipeline.py took 0.170 seconds
[2026-04-30T09:38:10.048+0000] {processor.py:161} INFO - Started process (PID=1010) to work on /opt/airflow/dags/nyc_fhv_pipeline.py
[2026-04-30T09:38:10.050+0000] {processor.py:830} INFO - Processing file /opt/airflow/dags/nyc_fhv_pipeline.py for tasks to queue
[2026-04-30T09:38:10.054+0000] {logging_mixin.py:188} INFO - [2026-04-30T09:38:10.053+0000] {dagbag.py:545} INFO - Filling up the DagBag from /opt/airflow/dags/nyc_fhv_pipeline.py
[2026-04-30T09:38:10.091+0000] {processor.py:840} INFO - DAG(s) 'nyc_fhv_pipeline' retrieved from /opt/airflow/dags/nyc_fhv_pipeline.py
[2026-04-30T09:38:10.120+0000] {logging_mixin.py:188} INFO - [2026-04-30T09:38:10.120+0000] {dag.py:3096} INFO - Sync 1 DAGs
[2026-04-30T09:38:10.152+0000] {logging_mixin.py:188} INFO - [2026-04-30T09:38:10.152+0000] {dag.py:3954} INFO - Setting next_dagrun for nyc_fhv_pipeline to 2026-04-01 00:00:00+00:00, run_after=2026-05-01 00:00:00+00:00
[2026-04-30T09:38:10.185+0000] {processor.py:183} INFO - Processing /opt/airflow/dags/nyc_fhv_pipeline.py took 0.146 seconds
[2026-04-30T09:38:40.308+0000] {processor.py:161} INFO - Started process (PID=1021) to work on /opt/airflow/dags/nyc_fhv_pipeline.py
[2026-04-30T09:38:40.310+0000] {processor.py:830} INFO - Processing file /opt/airflow/dags/nyc_fhv_pipeline.py for tasks to queue
[2026-04-30T09:38:40.314+0000] {logging_mixin.py:188} INFO - [2026-04-30T09:38:40.313+0000] {dagbag.py:545} INFO - Filling up the DagBag from /opt/airflow/dags/nyc_fhv_pipeline.py
[2026-04-30T09:38:40.362+0000] {processor.py:840} INFO - DAG(s) 'nyc_fhv_pipeline' retrieved from /opt/airflow/dags/nyc_fhv_pipeline.py
[2026-04-30T09:38:40.399+0000] {logging_mixin.py:188} INFO - [2026-04-30T09:38:40.398+0000] {dag.py:3096} INFO - Sync 1 DAGs
[2026-04-30T09:38:40.441+0000] {logging_mixin.py:188} INFO - [2026-04-30T09:38:40.441+0000] {dag.py:3954} INFO - Setting next_dagrun for nyc_fhv_pipeline to 2026-04-01 00:00:00+00:00, run_after=2026-05-01 00:00:00+00:00
[2026-04-30T09:38:40.475+0000] {processor.py:183} INFO - Processing /opt/airflow/dags/nyc_fhv_pipeline.py took 0.179 seconds
[2026-04-30T09:39:11.330+0000] {processor.py:161} INFO - Started process (PID=1032) to work on /opt/airflow/dags/nyc_fhv_pipeline.py
[2026-04-30T09:39:11.331+0000] {processor.py:830} INFO - Processing file /opt/airflow/dags/nyc_fhv_pipeline.py for tasks to queue
[2026-04-30T09:39:11.335+0000] {logging_mixin.py:188} INFO - [2026-04-30T09:39:11.334+0000] {dagbag.py:545} INFO - Filling up the DagBag from /opt/airflow/dags/nyc_fhv_pipeline.py
[2026-04-30T09:39:11.372+0000] {processor.py:840} INFO - DAG(s) 'nyc_fhv_pipeline' retrieved from /opt/airflow/dags/nyc_fhv_pipeline.py
[2026-04-30T09:39:11.405+0000] {logging_mixin.py:188} INFO - [2026-04-30T09:39:11.405+0000] {dag.py:3096} INFO - Sync 1 DAGs
[2026-04-30T09:39:11.435+0000] {logging_mixin.py:188} INFO - [2026-04-30T09:39:11.435+0000] {dag.py:3954} INFO - Setting next_dagrun for nyc_fhv_pipeline to 2026-04-01 00:00:00+00:00, run_after=2026-05-01 00:00:00+00:00
[2026-04-30T09:39:11.463+0000] {processor.py:183} INFO - Processing /opt/airflow/dags/nyc_fhv_pipeline.py took 0.144 seconds
[2026-04-30T09:39:42.253+0000] {processor.py:161} INFO - Started process (PID=1043) to work on /opt/airflow/dags/nyc_fhv_pipeline.py
[2026-04-30T09:39:42.256+0000] {processor.py:830} INFO - Processing file /opt/airflow/dags/nyc_fhv_pipeline.py for tasks to queue
[2026-04-30T09:39:42.260+0000] {logging_mixin.py:188} INFO - [2026-04-30T09:39:42.259+0000] {dagbag.py:545} INFO - Filling up the DagBag from /opt/airflow/dags/nyc_fhv_pipeline.py
[2026-04-30T09:39:42.314+0000] {processor.py:840} INFO - DAG(s) 'nyc_fhv_pipeline' retrieved from /opt/airflow/dags/nyc_fhv_pipeline.py
[2026-04-30T09:39:42.364+0000] {logging_mixin.py:188} INFO - [2026-04-30T09:39:42.363+0000] {dag.py:3096} INFO - Sync 1 DAGs
[2026-04-30T09:39:42.425+0000] {logging_mixin.py:188} INFO - [2026-04-30T09:39:42.425+0000] {dag.py:3954} INFO - Setting next_dagrun for nyc_fhv_pipeline to 2026-04-01 00:00:00+00:00, run_after=2026-05-01 00:00:00+00:00
[2026-04-30T09:39:42.481+0000] {processor.py:183} INFO - Processing /opt/airflow/dags/nyc_fhv_pipeline.py took 0.237 seconds
[2026-04-30T09:40:13.220+0000] {processor.py:161} INFO - Started process (PID=1054) to work on /opt/airflow/dags/nyc_fhv_pipeline.py
[2026-04-30T09:40:13.224+0000] {processor.py:830} INFO - Processing file /opt/airflow/dags/nyc_fhv_pipeline.py for tasks to queue
[2026-04-30T09:40:13.228+0000] {logging_mixin.py:188} INFO - [2026-04-30T09:40:13.227+0000] {dagbag.py:545} INFO - Filling up the DagBag from /opt/airflow/dags/nyc_fhv_pipeline.py
[2026-04-30T09:40:13.270+0000] {processor.py:840} INFO - DAG(s) 'nyc_fhv_pipeline' retrieved from /opt/airflow/dags/nyc_fhv_pipeline.py
[2026-04-30T09:40:13.301+0000] {logging_mixin.py:188} INFO - [2026-04-30T09:40:13.301+0000] {dag.py:3096} INFO - Sync 1 DAGs
[2026-04-30T09:40:13.337+0000] {logging_mixin.py:188} INFO - [2026-04-30T09:40:13.336+0000] {dag.py:3954} INFO - Setting next_dagrun for nyc_fhv_pipeline to 2026-04-01 00:00:00+00:00, run_after=2026-05-01 00:00:00+00:00
[2026-04-30T09:40:13.372+0000] {processor.py:183} INFO - Processing /opt/airflow/dags/nyc_fhv_pipeline.py took 0.160 seconds
[2026-04-30T09:40:44.185+0000] {processor.py:161} INFO - Started process (PID=1065) to work on /opt/airflow/dags/nyc_fhv_pipeline.py
[2026-04-30T09:40:44.187+0000] {processor.py:830} INFO - Processing file /opt/airflow/dags/nyc_fhv_pipeline.py for tasks to queue
[2026-04-30T09:40:44.189+0000] {logging_mixin.py:188} INFO - [2026-04-30T09:40:44.189+0000] {dagbag.py:545} INFO - Filling up the DagBag from /opt/airflow/dags/nyc_fhv_pipeline.py
[2026-04-30T09:40:44.225+0000] {processor.py:840} INFO - DAG(s) 'nyc_fhv_pipeline' retrieved from /opt/airflow/dags/nyc_fhv_pipeline.py
[2026-04-30T09:40:44.256+0000] {logging_mixin.py:188} INFO - [2026-04-30T09:40:44.256+0000] {dag.py:3096} INFO - Sync 1 DAGs
[2026-04-30T09:40:44.287+0000] {logging_mixin.py:188} INFO - [2026-04-30T09:40:44.286+0000] {dag.py:3954} INFO - Setting next_dagrun for nyc_fhv_pipeline to 2026-04-01 00:00:00+00:00, run_after=2026-05-01 00:00:00+00:00
[2026-04-30T09:40:44.317+0000] {processor.py:183} INFO - Processing /opt/airflow/dags/nyc_fhv_pipeline.py took 0.139 seconds
[2026-04-30T09:41:15.115+0000] {processor.py:161} INFO - Started process (PID=1076) to work on /opt/airflow/dags/nyc_fhv_pipeline.py
[2026-04-30T09:41:15.117+0000] {processor.py:830} INFO - Processing file /opt/airflow/dags/nyc_fhv_pipeline.py for tasks to queue
[2026-04-30T09:41:15.121+0000] {logging_mixin.py:188} INFO - [2026-04-30T09:41:15.120+0000] {dagbag.py:545} INFO - Filling up the DagBag from /opt/airflow/dags/nyc_fhv_pipeline.py
[2026-04-30T09:41:15.158+0000] {processor.py:840} INFO - DAG(s) 'nyc_fhv_pipeline' retrieved from /opt/airflow/dags/nyc_fhv_pipeline.py
[2026-04-30T09:41:15.190+0000] {logging_mixin.py:188} INFO - [2026-04-30T09:41:15.190+0000] {dag.py:3096} INFO - Sync 1 DAGs
[2026-04-30T09:41:15.220+0000] {logging_mixin.py:188} INFO - [2026-04-30T09:41:15.219+0000] {dag.py:3954} INFO - Setting next_dagrun for nyc_fhv_pipeline to 2026-04-01 00:00:00+00:00, run_after=2026-05-01 00:00:00+00:00
[2026-04-30T09:41:15.246+0000] {processor.py:183} INFO - Processing /opt/airflow/dags/nyc_fhv_pipeline.py took 0.140 seconds
[2026-04-30T09:41:45.841+0000] {processor.py:161} INFO - Started process (PID=1087) to work on /opt/airflow/dags/nyc_fhv_pipeline.py
[2026-04-30T09:41:45.842+0000] {processor.py:830} INFO - Processing file /opt/airflow/dags/nyc_fhv_pipeline.py for tasks to queue
[2026-04-30T09:41:45.845+0000] {logging_mixin.py:188} INFO - [2026-04-30T09:41:45.845+0000] {dagbag.py:545} INFO - Filling up the DagBag from /opt/airflow/dags/nyc_fhv_pipeline.py
[2026-04-30T09:41:45.892+0000] {processor.py:840} INFO - DAG(s) 'nyc_fhv_pipeline' retrieved from /opt/airflow/dags/nyc_fhv_pipeline.py
[2026-04-30T09:41:45.924+0000] {logging_mixin.py:188} INFO - [2026-04-30T09:41:45.923+0000] {dag.py:3096} INFO - Sync 1 DAGs
[2026-04-30T09:41:45.961+0000] {logging_mixin.py:188} INFO - [2026-04-30T09:41:45.961+0000] {dag.py:3954} INFO - Setting next_dagrun for nyc_fhv_pipeline to 2026-04-01 00:00:00+00:00, run_after=2026-05-01 00:00:00+00:00
[2026-04-30T09:41:45.997+0000] {processor.py:183} INFO - Processing /opt/airflow/dags/nyc_fhv_pipeline.py took 0.166 seconds
[2026-04-30T09:42:16.785+0000] {processor.py:161} INFO - Started process (PID=1098) to work on /opt/airflow/dags/nyc_fhv_pipeline.py
[2026-04-30T09:42:16.787+0000] {processor.py:830} INFO - Processing file /opt/airflow/dags/nyc_fhv_pipeline.py for tasks to queue
[2026-04-30T09:42:16.791+0000] {logging_mixin.py:188} INFO - [2026-04-30T09:42:16.790+0000] {dagbag.py:545} INFO - Filling up the DagBag from /opt/airflow/dags/nyc_fhv_pipeline.py
[2026-04-30T09:42:16.830+0000] {processor.py:840} INFO - DAG(s) 'nyc_fhv_pipeline' retrieved from /opt/airflow/dags/nyc_fhv_pipeline.py
[2026-04-30T09:42:16.859+0000] {logging_mixin.py:188} INFO - [2026-04-30T09:42:16.859+0000] {dag.py:3096} INFO - Sync 1 DAGs
[2026-04-30T09:42:16.890+0000] {logging_mixin.py:188} INFO - [2026-04-30T09:42:16.889+0000] {dag.py:3954} INFO - Setting next_dagrun for nyc_fhv_pipeline to 2026-04-01 00:00:00+00:00, run_after=2026-05-01 00:00:00+00:00
[2026-04-30T09:42:16.918+0000] {processor.py:183} INFO - Processing /opt/airflow/dags/nyc_fhv_pipeline.py took 0.141 seconds
[2026-04-30T09:42:47.184+0000] {processor.py:161} INFO - Started process (PID=1109) to work on /opt/airflow/dags/nyc_fhv_pipeline.py
[2026-04-30T09:42:47.186+0000] {processor.py:830} INFO - Processing file /opt/airflow/dags/nyc_fhv_pipeline.py for tasks to queue
[2026-04-30T09:42:47.191+0000] {logging_mixin.py:188} INFO - [2026-04-30T09:42:47.190+0000] {dagbag.py:545} INFO - Filling up the DagBag from /opt/airflow/dags/nyc_fhv_pipeline.py
[2026-04-30T09:42:47.231+0000] {processor.py:840} INFO - DAG(s) 'nyc_fhv_pipeline' retrieved from /opt/airflow/dags/nyc_fhv_pipeline.py
[2026-04-30T09:42:47.265+0000] {logging_mixin.py:188} INFO - [2026-04-30T09:42:47.264+0000] {dag.py:3096} INFO - Sync 1 DAGs
[2026-04-30T09:42:47.300+0000] {logging_mixin.py:188} INFO - [2026-04-30T09:42:47.300+0000] {dag.py:3954} INFO - Setting next_dagrun for nyc_fhv_pipeline to 2026-04-01 00:00:00+00:00, run_after=2026-05-01 00:00:00+00:00
[2026-04-30T09:42:47.333+0000] {processor.py:183} INFO - Processing /opt/airflow/dags/nyc_fhv_pipeline.py took 0.158 seconds
[2026-04-30T09:43:18.141+0000] {processor.py:161} INFO - Started process (PID=1120) to work on /opt/airflow/dags/nyc_fhv_pipeline.py
[2026-04-30T09:43:18.142+0000] {processor.py:830} INFO - Processing file /opt/airflow/dags/nyc_fhv_pipeline.py for tasks to queue
[2026-04-30T09:43:18.145+0000] {logging_mixin.py:188} INFO - [2026-04-30T09:43:18.145+0000] {dagbag.py:545} INFO - Filling up the DagBag from /opt/airflow/dags/nyc_fhv_pipeline.py
[2026-04-30T09:43:18.194+0000] {processor.py:840} INFO - DAG(s) 'nyc_fhv_pipeline' retrieved from /opt/airflow/dags/nyc_fhv_pipeline.py
[2026-04-30T09:43:18.235+0000] {logging_mixin.py:188} INFO - [2026-04-30T09:43:18.234+0000] {dag.py:3096} INFO - Sync 1 DAGs
[2026-04-30T09:43:18.290+0000] {logging_mixin.py:188} INFO - [2026-04-30T09:43:18.290+0000] {dag.py:3954} INFO - Setting next_dagrun for nyc_fhv_pipeline to 2026-04-01 00:00:00+00:00, run_after=2026-05-01 00:00:00+00:00
[2026-04-30T09:43:18.319+0000] {processor.py:183} INFO - Processing /opt/airflow/dags/nyc_fhv_pipeline.py took 0.186 seconds
[2026-04-30T09:43:48.487+0000] {processor.py:161} INFO - Started process (PID=1131) to work on /opt/airflow/dags/nyc_fhv_pipeline.py
[2026-04-30T09:43:48.489+0000] {processor.py:830} INFO - Processing file /opt/airflow/dags/nyc_fhv_pipeline.py for tasks to queue
[2026-04-30T09:43:48.494+0000] {logging_mixin.py:188} INFO - [2026-04-30T09:43:48.493+0000] {dagbag.py:545} INFO - Filling up the DagBag from /opt/airflow/dags/nyc_fhv_pipeline.py
[2026-04-30T09:43:48.538+0000] {processor.py:840} INFO - DAG(s) 'nyc_fhv_pipeline' retrieved from /opt/airflow/dags/nyc_fhv_pipeline.py
[2026-04-30T09:43:48.570+0000] {logging_mixin.py:188} INFO - [2026-04-30T09:43:48.569+0000] {dag.py:3096} INFO - Sync 1 DAGs
[2026-04-30T09:43:48.612+0000] {logging_mixin.py:188} INFO - [2026-04-30T09:43:48.612+0000] {dag.py:3954} INFO - Setting next_dagrun for nyc_fhv_pipeline to 2026-04-01 00:00:00+00:00, run_after=2026-05-01 00:00:00+00:00
[2026-04-30T09:43:48.643+0000] {processor.py:183} INFO - Processing /opt/airflow/dags/nyc_fhv_pipeline.py took 0.165 seconds
[2026-04-30T09:44:19.465+0000] {processor.py:161} INFO - Started process (PID=1143) to work on /opt/airflow/dags/nyc_fhv_pipeline.py
[2026-04-30T09:44:19.467+0000] {processor.py:830} INFO - Processing file /opt/airflow/dags/nyc_fhv_pipeline.py for tasks to queue
[2026-04-30T09:44:19.471+0000] {logging_mixin.py:188} INFO - [2026-04-30T09:44:19.471+0000] {dagbag.py:545} INFO - Filling up the DagBag from /opt/airflow/dags/nyc_fhv_pipeline.py
[2026-04-30T09:44:19.511+0000] {processor.py:840} INFO - DAG(s) 'nyc_fhv_pipeline' retrieved from /opt/airflow/dags/nyc_fhv_pipeline.py
[2026-04-30T09:44:19.543+0000] {logging_mixin.py:188} INFO - [2026-04-30T09:44:19.543+0000] {dag.py:3096} INFO - Sync 1 DAGs
[2026-04-30T09:44:19.580+0000] {logging_mixin.py:188} INFO - [2026-04-30T09:44:19.580+0000] {dag.py:3954} INFO - Setting next_dagrun for nyc_fhv_pipeline to 2026-04-01 00:00:00+00:00, run_after=2026-05-01 00:00:00+00:00
[2026-04-30T09:44:19.607+0000] {processor.py:183} INFO - Processing /opt/airflow/dags/nyc_fhv_pipeline.py took 0.153 seconds
[2026-04-30T09:44:50.452+0000] {processor.py:161} INFO - Started process (PID=1154) to work on /opt/airflow/dags/nyc_fhv_pipeline.py
[2026-04-30T09:44:50.454+0000] {processor.py:830} INFO - Processing file /opt/airflow/dags/nyc_fhv_pipeline.py for tasks to queue
[2026-04-30T09:44:50.457+0000] {logging_mixin.py:188} INFO - [2026-04-30T09:44:50.457+0000] {dagbag.py:545} INFO - Filling up the DagBag from /opt/airflow/dags/nyc_fhv_pipeline.py
[2026-04-30T09:44:50.505+0000] {processor.py:840} INFO - DAG(s) 'nyc_fhv_pipeline' retrieved from /opt/airflow/dags/nyc_fhv_pipeline.py
[2026-04-30T09:44:50.542+0000] {logging_mixin.py:188} INFO - [2026-04-30T09:44:50.541+0000] {dag.py:3096} INFO - Sync 1 DAGs
[2026-04-30T09:44:50.583+0000] {logging_mixin.py:188} INFO - [2026-04-30T09:44:50.582+0000] {dag.py:3954} INFO - Setting next_dagrun for nyc_fhv_pipeline to 2026-04-01 00:00:00+00:00, run_after=2026-05-01 00:00:00+00:00
[2026-04-30T09:44:50.614+0000] {processor.py:183} INFO - Processing /opt/airflow/dags/nyc_fhv_pipeline.py took 0.170 seconds
[2026-04-30T09:45:21.317+0000] {processor.py:161} INFO - Started process (PID=1165) to work on /opt/airflow/dags/nyc_fhv_pipeline.py
[2026-04-30T09:45:21.320+0000] {processor.py:830} INFO - Processing file /opt/airflow/dags/nyc_fhv_pipeline.py for tasks to queue
[2026-04-30T09:45:21.323+0000] {logging_mixin.py:188} INFO - [2026-04-30T09:45:21.322+0000] {dagbag.py:545} INFO - Filling up the DagBag from /opt/airflow/dags/nyc_fhv_pipeline.py
[2026-04-30T09:45:21.371+0000] {processor.py:840} INFO - DAG(s) 'nyc_fhv_pipeline' retrieved from /opt/airflow/dags/nyc_fhv_pipeline.py
[2026-04-30T09:45:21.404+0000] {logging_mixin.py:188} INFO - [2026-04-30T09:45:21.404+0000] {dag.py:3096} INFO - Sync 1 DAGs
[2026-04-30T09:45:21.441+0000] {logging_mixin.py:188} INFO - [2026-04-30T09:45:21.440+0000] {dag.py:3954} INFO - Setting next_dagrun for nyc_fhv_pipeline to 2026-04-01 00:00:00+00:00, run_after=2026-05-01 00:00:00+00:00
[2026-04-30T09:45:21.472+0000] {processor.py:183} INFO - Processing /opt/airflow/dags/nyc_fhv_pipeline.py took 0.164 seconds
[2026-04-30T09:45:52.241+0000] {processor.py:161} INFO - Started process (PID=1176) to work on /opt/airflow/dags/nyc_fhv_pipeline.py
[2026-04-30T09:45:52.244+0000] {processor.py:830} INFO - Processing file /opt/airflow/dags/nyc_fhv_pipeline.py for tasks to queue
[2026-04-30T09:45:52.249+0000] {logging_mixin.py:188} INFO - [2026-04-30T09:45:52.248+0000] {dagbag.py:545} INFO - Filling up the DagBag from /opt/airflow/dags/nyc_fhv_pipeline.py
[2026-04-30T09:45:52.307+0000] {processor.py:840} INFO - DAG(s) 'nyc_fhv_pipeline' retrieved from /opt/airflow/dags/nyc_fhv_pipeline.py
[2026-04-30T09:45:52.350+0000] {logging_mixin.py:188} INFO - [2026-04-30T09:45:52.349+0000] {dag.py:3096} INFO - Sync 1 DAGs
[2026-04-30T09:45:52.393+0000] {logging_mixin.py:188} INFO - [2026-04-30T09:45:52.392+0000] {dag.py:3954} INFO - Setting next_dagrun for nyc_fhv_pipeline to 2026-04-01 00:00:00+00:00, run_after=2026-05-01 00:00:00+00:00
[2026-04-30T09:45:52.450+0000] {processor.py:183} INFO - Processing /opt/airflow/dags/nyc_fhv_pipeline.py took 0.221 seconds
[2026-04-30T09:46:23.124+0000] {processor.py:161} INFO - Started process (PID=1187) to work on /opt/airflow/dags/nyc_fhv_pipeline.py
[2026-04-30T09:46:23.138+0000] {processor.py:830} INFO - Processing file /opt/airflow/dags/nyc_fhv_pipeline.py for tasks to queue
[2026-04-30T09:46:23.144+0000] {logging_mixin.py:188} INFO - [2026-04-30T09:46:23.143+0000] {dagbag.py:545} INFO - Filling up the DagBag from /opt/airflow/dags/nyc_fhv_pipeline.py
[2026-04-30T09:46:23.217+0000] {processor.py:840} INFO - DAG(s) 'nyc_fhv_pipeline' retrieved from /opt/airflow/dags/nyc_fhv_pipeline.py
[2026-04-30T09:46:23.264+0000] {logging_mixin.py:188} INFO - [2026-04-30T09:46:23.264+0000] {dag.py:3096} INFO - Sync 1 DAGs
[2026-04-30T09:46:23.315+0000] {logging_mixin.py:188} INFO - [2026-04-30T09:46:23.315+0000] {dag.py:3954} INFO - Setting next_dagrun for nyc_fhv_pipeline to 2026-04-01 00:00:00+00:00, run_after=2026-05-01 00:00:00+00:00
[2026-04-30T09:46:24.616+0000] {processor.py:183} INFO - Processing /opt/airflow/dags/nyc_fhv_pipeline.py took 1.501 seconds
[2026-04-30T09:46:55.424+0000] {processor.py:161} INFO - Started process (PID=1198) to work on /opt/airflow/dags/nyc_fhv_pipeline.py
[2026-04-30T09:46:55.426+0000] {processor.py:830} INFO - Processing file /opt/airflow/dags/nyc_fhv_pipeline.py for tasks to queue
[2026-04-30T09:46:55.430+0000] {logging_mixin.py:188} INFO - [2026-04-30T09:46:55.429+0000] {dagbag.py:545} INFO - Filling up the DagBag from /opt/airflow/dags/nyc_fhv_pipeline.py
[2026-04-30T09:46:55.476+0000] {processor.py:840} INFO - DAG(s) 'nyc_fhv_pipeline' retrieved from /opt/airflow/dags/nyc_fhv_pipeline.py
[2026-04-30T09:46:55.510+0000] {logging_mixin.py:188} INFO - [2026-04-30T09:46:55.509+0000] {dag.py:3096} INFO - Sync 1 DAGs
[2026-04-30T09:46:55.545+0000] {logging_mixin.py:188} INFO - [2026-04-30T09:46:55.544+0000] {dag.py:3954} INFO - Setting next_dagrun for nyc_fhv_pipeline to 2026-04-01 00:00:00+00:00, run_after=2026-05-01 00:00:00+00:00
[2026-04-30T09:46:55.578+0000] {processor.py:183} INFO - Processing /opt/airflow/dags/nyc_fhv_pipeline.py took 0.163 seconds
[2026-04-30T09:47:26.328+0000] {processor.py:161} INFO - Started process (PID=1209) to work on /opt/airflow/dags/nyc_fhv_pipeline.py
[2026-04-30T09:47:26.331+0000] {processor.py:830} INFO - Processing file /opt/airflow/dags/nyc_fhv_pipeline.py for tasks to queue
[2026-04-30T09:47:26.335+0000] {logging_mixin.py:188} INFO - [2026-04-30T09:47:26.335+0000] {dagbag.py:545} INFO - Filling up the DagBag from /opt/airflow/dags/nyc_fhv_pipeline.py
[2026-04-30T09:47:26.379+0000] {processor.py:840} INFO - DAG(s) 'nyc_fhv_pipeline' retrieved from /opt/airflow/dags/nyc_fhv_pipeline.py
[2026-04-30T09:47:26.412+0000] {logging_mixin.py:188} INFO - [2026-04-30T09:47:26.411+0000] {dag.py:3096} INFO - Sync 1 DAGs
[2026-04-30T09:47:26.445+0000] {logging_mixin.py:188} INFO - [2026-04-30T09:47:26.444+0000] {dag.py:3954} INFO - Setting next_dagrun for nyc_fhv_pipeline to 2026-04-01 00:00:00+00:00, run_after=2026-05-01 00:00:00+00:00
[2026-04-30T09:47:26.476+0000] {processor.py:183} INFO - Processing /opt/airflow/dags/nyc_fhv_pipeline.py took 0.158 seconds
[2026-04-30T09:47:56.610+0000] {processor.py:161} INFO - Started process (PID=1220) to work on /opt/airflow/dags/nyc_fhv_pipeline.py
[2026-04-30T09:47:56.612+0000] {processor.py:830} INFO - Processing file /opt/airflow/dags/nyc_fhv_pipeline.py for tasks to queue
[2026-04-30T09:47:56.617+0000] {logging_mixin.py:188} INFO - [2026-04-30T09:47:56.616+0000] {dagbag.py:545} INFO - Filling up the DagBag from /opt/airflow/dags/nyc_fhv_pipeline.py
[2026-04-30T09:47:56.675+0000] {processor.py:840} INFO - DAG(s) 'nyc_fhv_pipeline' retrieved from /opt/airflow/dags/nyc_fhv_pipeline.py
[2026-04-30T09:47:56.714+0000] {logging_mixin.py:188} INFO - [2026-04-30T09:47:56.714+0000] {dag.py:3096} INFO - Sync 1 DAGs
[2026-04-30T09:47:56.753+0000] {logging_mixin.py:188} INFO - [2026-04-30T09:47:56.753+0000] {dag.py:3954} INFO - Setting next_dagrun for nyc_fhv_pipeline to 2026-04-01 00:00:00+00:00, run_after=2026-05-01 00:00:00+00:00
[2026-04-30T09:47:56.976+0000] {processor.py:183} INFO - Processing /opt/airflow/dags/nyc_fhv_pipeline.py took 0.375 seconds
[2026-04-30T09:48:27.870+0000] {processor.py:161} INFO - Started process (PID=1231) to work on /opt/airflow/dags/nyc_fhv_pipeline.py
[2026-04-30T09:48:27.871+0000] {processor.py:830} INFO - Processing file /opt/airflow/dags/nyc_fhv_pipeline.py for tasks to queue
[2026-04-30T09:48:27.876+0000] {logging_mixin.py:188} INFO - [2026-04-30T09:48:27.875+0000] {dagbag.py:545} INFO - Filling up the DagBag from /opt/airflow/dags/nyc_fhv_pipeline.py
[2026-04-30T09:48:27.913+0000] {processor.py:840} INFO - DAG(s) 'nyc_fhv_pipeline' retrieved from /opt/airflow/dags/nyc_fhv_pipeline.py
[2026-04-30T09:48:27.948+0000] {logging_mixin.py:188} INFO - [2026-04-30T09:48:27.947+0000] {dag.py:3096} INFO - Sync 1 DAGs
[2026-04-30T09:48:27.985+0000] {logging_mixin.py:188} INFO - [2026-04-30T09:48:27.985+0000] {dag.py:3954} INFO - Setting next_dagrun for nyc_fhv_pipeline to 2026-04-01 00:00:00+00:00, run_after=2026-05-01 00:00:00+00:00
[2026-04-30T09:48:28.018+0000] {processor.py:183} INFO - Processing /opt/airflow/dags/nyc_fhv_pipeline.py took 0.159 seconds
[2026-04-30T09:48:58.709+0000] {processor.py:161} INFO - Started process (PID=1242) to work on /opt/airflow/dags/nyc_fhv_pipeline.py
[2026-04-30T09:48:58.711+0000] {processor.py:830} INFO - Processing file /opt/airflow/dags/nyc_fhv_pipeline.py for tasks to queue
[2026-04-30T09:48:58.714+0000] {logging_mixin.py:188} INFO - [2026-04-30T09:48:58.714+0000] {dagbag.py:545} INFO - Filling up the DagBag from /opt/airflow/dags/nyc_fhv_pipeline.py
[2026-04-30T09:48:58.754+0000] {processor.py:840} INFO - DAG(s) 'nyc_fhv_pipeline' retrieved from /opt/airflow/dags/nyc_fhv_pipeline.py
[2026-04-30T09:48:58.788+0000] {logging_mixin.py:188} INFO - [2026-04-30T09:48:58.786+0000] {dag.py:3096} INFO - Sync 1 DAGs
[2026-04-30T09:48:58.829+0000] {logging_mixin.py:188} INFO - [2026-04-30T09:48:58.829+0000] {dag.py:3954} INFO - Setting next_dagrun for nyc_fhv_pipeline to 2026-04-01 00:00:00+00:00, run_after=2026-05-01 00:00:00+00:00
[2026-04-30T09:48:58.866+0000] {processor.py:183} INFO - Processing /opt/airflow/dags/nyc_fhv_pipeline.py took 0.167 seconds
[2026-04-30T09:49:29.000+0000] {processor.py:161} INFO - Started process (PID=1253) to work on /opt/airflow/dags/nyc_fhv_pipeline.py
[2026-04-30T09:49:29.002+0000] {processor.py:830} INFO - Processing file /opt/airflow/dags/nyc_fhv_pipeline.py for tasks to queue
[2026-04-30T09:49:29.006+0000] {logging_mixin.py:188} INFO - [2026-04-30T09:49:29.006+0000] {dagbag.py:545} INFO - Filling up the DagBag from /opt/airflow/dags/nyc_fhv_pipeline.py
[2026-04-30T09:49:29.051+0000] {processor.py:840} INFO - DAG(s) 'nyc_fhv_pipeline' retrieved from /opt/airflow/dags/nyc_fhv_pipeline.py
[2026-04-30T09:49:29.088+0000] {logging_mixin.py:188} INFO - [2026-04-30T09:49:29.087+0000] {dag.py:3096} INFO - Sync 1 DAGs
[2026-04-30T09:49:29.126+0000] {logging_mixin.py:188} INFO - [2026-04-30T09:49:29.126+0000] {dag.py:3954} INFO - Setting next_dagrun for nyc_fhv_pipeline to 2026-04-01 00:00:00+00:00, run_after=2026-05-01 00:00:00+00:00
[2026-04-30T09:49:29.349+0000] {processor.py:183} INFO - Processing /opt/airflow/dags/nyc_fhv_pipeline.py took 0.359 seconds
[2026-04-30T09:50:00.342+0000] {processor.py:161} INFO - Started process (PID=1264) to work on /opt/airflow/dags/nyc_fhv_pipeline.py
[2026-04-30T09:50:00.344+0000] {processor.py:830} INFO - Processing file /opt/airflow/dags/nyc_fhv_pipeline.py for tasks to queue
[2026-04-30T09:50:00.349+0000] {logging_mixin.py:188} INFO - [2026-04-30T09:50:00.349+0000] {dagbag.py:545} INFO - Filling up the DagBag from /opt/airflow/dags/nyc_fhv_pipeline.py
[2026-04-30T09:50:00.406+0000] {processor.py:840} INFO - DAG(s) 'nyc_fhv_pipeline' retrieved from /opt/airflow/dags/nyc_fhv_pipeline.py
[2026-04-30T09:50:00.442+0000] {logging_mixin.py:188} INFO - [2026-04-30T09:50:00.442+0000] {dag.py:3096} INFO - Sync 1 DAGs
[2026-04-30T09:50:00.482+0000] {logging_mixin.py:188} INFO - [2026-04-30T09:50:00.482+0000] {dag.py:3954} INFO - Setting next_dagrun for nyc_fhv_pipeline to 2026-04-01 00:00:00+00:00, run_after=2026-05-01 00:00:00+00:00
[2026-04-30T09:50:00.520+0000] {processor.py:183} INFO - Processing /opt/airflow/dags/nyc_fhv_pipeline.py took 0.186 seconds
[2026-04-30T09:50:30.941+0000] {processor.py:161} INFO - Started process (PID=1281) to work on /opt/airflow/dags/nyc_fhv_pipeline.py
[2026-04-30T09:50:30.943+0000] {processor.py:830} INFO - Processing file /opt/airflow/dags/nyc_fhv_pipeline.py for tasks to queue
[2026-04-30T09:50:30.946+0000] {logging_mixin.py:188} INFO - [2026-04-30T09:50:30.946+0000] {dagbag.py:545} INFO - Filling up the DagBag from /opt/airflow/dags/nyc_fhv_pipeline.py
[2026-04-30T09:50:30.989+0000] {processor.py:840} INFO - DAG(s) 'nyc_fhv_pipeline' retrieved from /opt/airflow/dags/nyc_fhv_pipeline.py
[2026-04-30T09:50:31.023+0000] {logging_mixin.py:188} INFO - [2026-04-30T09:50:31.023+0000] {dag.py:3096} INFO - Sync 1 DAGs
[2026-04-30T09:50:31.061+0000] {logging_mixin.py:188} INFO - [2026-04-30T09:50:31.060+0000] {dag.py:3954} INFO - Setting next_dagrun for nyc_fhv_pipeline to 2026-04-01 00:00:00+00:00, run_after=2026-05-01 00:00:00+00:00
[2026-04-30T09:50:31.100+0000] {processor.py:183} INFO - Processing /opt/airflow/dags/nyc_fhv_pipeline.py took 0.169 seconds
[2026-04-30T09:51:01.868+0000] {processor.py:161} INFO - Started process (PID=1292) to work on /opt/airflow/dags/nyc_fhv_pipeline.py
[2026-04-30T09:51:01.870+0000] {processor.py:830} INFO - Processing file /opt/airflow/dags/nyc_fhv_pipeline.py for tasks to queue
[2026-04-30T09:51:01.873+0000] {logging_mixin.py:188} INFO - [2026-04-30T09:51:01.872+0000] {dagbag.py:545} INFO - Filling up the DagBag from /opt/airflow/dags/nyc_fhv_pipeline.py
[2026-04-30T09:51:01.915+0000] {processor.py:840} INFO - DAG(s) 'nyc_fhv_pipeline' retrieved from /opt/airflow/dags/nyc_fhv_pipeline.py
[2026-04-30T09:51:01.948+0000] {logging_mixin.py:188} INFO - [2026-04-30T09:51:01.947+0000] {dag.py:3096} INFO - Sync 1 DAGs
[2026-04-30T09:51:01.992+0000] {logging_mixin.py:188} INFO - [2026-04-30T09:51:01.991+0000] {dag.py:3954} INFO - Setting next_dagrun for nyc_fhv_pipeline to 2026-04-01 00:00:00+00:00, run_after=2026-05-01 00:00:00+00:00
[2026-04-30T09:51:02.231+0000] {processor.py:183} INFO - Processing /opt/airflow/dags/nyc_fhv_pipeline.py took 0.373 seconds
[2026-04-30T09:51:32.382+0000] {processor.py:161} INFO - Started process (PID=1304) to work on /opt/airflow/dags/nyc_fhv_pipeline.py
[2026-04-30T09:51:32.385+0000] {processor.py:830} INFO - Processing file /opt/airflow/dags/nyc_fhv_pipeline.py for tasks to queue
[2026-04-30T09:51:32.389+0000] {logging_mixin.py:188} INFO - [2026-04-30T09:51:32.388+0000] {dagbag.py:545} INFO - Filling up the DagBag from /opt/airflow/dags/nyc_fhv_pipeline.py
[2026-04-30T09:51:32.435+0000] {processor.py:840} INFO - DAG(s) 'nyc_fhv_pipeline' retrieved from /opt/airflow/dags/nyc_fhv_pipeline.py
[2026-04-30T09:51:32.473+0000] {logging_mixin.py:188} INFO - [2026-04-30T09:51:32.473+0000] {dag.py:3096} INFO - Sync 1 DAGs
[2026-04-30T09:51:32.516+0000] {logging_mixin.py:188} INFO - [2026-04-30T09:51:32.515+0000] {dag.py:3954} INFO - Setting next_dagrun for nyc_fhv_pipeline to 2026-04-01 00:00:00+00:00, run_after=2026-05-01 00:00:00+00:00
[2026-04-30T09:51:32.553+0000] {processor.py:183} INFO - Processing /opt/airflow/dags/nyc_fhv_pipeline.py took 0.181 seconds
[2026-04-30T09:52:02.702+0000] {processor.py:161} INFO - Started process (PID=1315) to work on /opt/airflow/dags/nyc_fhv_pipeline.py
[2026-04-30T09:52:02.703+0000] {processor.py:830} INFO - Processing file /opt/airflow/dags/nyc_fhv_pipeline.py for tasks to queue
[2026-04-30T09:52:02.707+0000] {logging_mixin.py:188} INFO - [2026-04-30T09:52:02.706+0000] {dagbag.py:545} INFO - Filling up the DagBag from /opt/airflow/dags/nyc_fhv_pipeline.py
[2026-04-30T09:52:02.752+0000] {processor.py:840} INFO - DAG(s) 'nyc_fhv_pipeline' retrieved from /opt/airflow/dags/nyc_fhv_pipeline.py
[2026-04-30T09:52:02.821+0000] {logging_mixin.py:188} INFO - [2026-04-30T09:52:02.821+0000] {dag.py:3096} INFO - Sync 1 DAGs
[2026-04-30T09:52:02.900+0000] {logging_mixin.py:188} INFO - [2026-04-30T09:52:02.900+0000] {dag.py:3954} INFO - Setting next_dagrun for nyc_fhv_pipeline to 2026-04-01 00:00:00+00:00, run_after=2026-05-01 00:00:00+00:00
[2026-04-30T09:52:02.981+0000] {processor.py:183} INFO - Processing /opt/airflow/dags/nyc_fhv_pipeline.py took 0.289 seconds
[2026-04-30T09:52:33.205+0000] {processor.py:161} INFO - Started process (PID=1326) to work on /opt/airflow/dags/nyc_fhv_pipeline.py
[2026-04-30T09:52:33.208+0000] {processor.py:830} INFO - Processing file /opt/airflow/dags/nyc_fhv_pipeline.py for tasks to queue
[2026-04-30T09:52:33.214+0000] {logging_mixin.py:188} INFO - [2026-04-30T09:52:33.213+0000] {dagbag.py:545} INFO - Filling up the DagBag from /opt/airflow/dags/nyc_fhv_pipeline.py
[2026-04-30T09:52:33.312+0000] {processor.py:840} INFO - DAG(s) 'nyc_fhv_pipeline' retrieved from /opt/airflow/dags/nyc_fhv_pipeline.py
[2026-04-30T09:52:33.392+0000] {logging_mixin.py:188} INFO - [2026-04-30T09:52:33.392+0000] {dag.py:3096} INFO - Sync 1 DAGs
[2026-04-30T09:52:33.458+0000] {logging_mixin.py:188} INFO - [2026-04-30T09:52:33.456+0000] {dag.py:3954} INFO - Setting next_dagrun for nyc_fhv_pipeline to 2026-04-01 00:00:00+00:00, run_after=2026-05-01 00:00:00+00:00
[2026-04-30T09:52:34.000+0000] {processor.py:183} INFO - Processing /opt/airflow/dags/nyc_fhv_pipeline.py took 0.814 seconds
[2026-04-30T09:53:04.294+0000] {processor.py:161} INFO - Started process (PID=1337) to work on /opt/airflow/dags/nyc_fhv_pipeline.py
[2026-04-30T09:53:04.296+0000] {processor.py:830} INFO - Processing file /opt/airflow/dags/nyc_fhv_pipeline.py for tasks to queue
[2026-04-30T09:53:04.300+0000] {logging_mixin.py:188} INFO - [2026-04-30T09:53:04.299+0000] {dagbag.py:545} INFO - Filling up the DagBag from /opt/airflow/dags/nyc_fhv_pipeline.py
[2026-04-30T09:53:04.354+0000] {processor.py:840} INFO - DAG(s) 'nyc_fhv_pipeline' retrieved from /opt/airflow/dags/nyc_fhv_pipeline.py
[2026-04-30T09:53:04.396+0000] {logging_mixin.py:188} INFO - [2026-04-30T09:53:04.395+0000] {dag.py:3096} INFO - Sync 1 DAGs
[2026-04-30T09:53:04.441+0000] {logging_mixin.py:188} INFO - [2026-04-30T09:53:04.441+0000] {dag.py:3954} INFO - Setting next_dagrun for nyc_fhv_pipeline to 2026-04-01 00:00:00+00:00, run_after=2026-05-01 00:00:00+00:00
[2026-04-30T09:53:04.480+0000] {processor.py:183} INFO - Processing /opt/airflow/dags/nyc_fhv_pipeline.py took 0.195 seconds
[2026-04-30T09:53:35.289+0000] {processor.py:161} INFO - Started process (PID=1348) to work on /opt/airflow/dags/nyc_fhv_pipeline.py
[2026-04-30T09:53:35.291+0000] {processor.py:830} INFO - Processing file /opt/airflow/dags/nyc_fhv_pipeline.py for tasks to queue
[2026-04-30T09:53:35.294+0000] {logging_mixin.py:188} INFO - [2026-04-30T09:53:35.293+0000] {dagbag.py:545} INFO - Filling up the DagBag from /opt/airflow/dags/nyc_fhv_pipeline.py
[2026-04-30T09:53:35.343+0000] {processor.py:840} INFO - DAG(s) 'nyc_fhv_pipeline' retrieved from /opt/airflow/dags/nyc_fhv_pipeline.py
[2026-04-30T09:53:35.385+0000] {logging_mixin.py:188} INFO - [2026-04-30T09:53:35.384+0000] {dag.py:3096} INFO - Sync 1 DAGs
[2026-04-30T09:53:35.422+0000] {logging_mixin.py:188} INFO - [2026-04-30T09:53:35.422+0000] {dag.py:3954} INFO - Setting next_dagrun for nyc_fhv_pipeline to 2026-04-01 00:00:00+00:00, run_after=2026-05-01 00:00:00+00:00
[2026-04-30T09:53:35.462+0000] {processor.py:183} INFO - Processing /opt/airflow/dags/nyc_fhv_pipeline.py took 0.180 seconds
[2026-04-30T09:54:05.915+0000] {processor.py:161} INFO - Started process (PID=1359) to work on /opt/airflow/dags/nyc_fhv_pipeline.py
[2026-04-30T09:54:05.917+0000] {processor.py:830} INFO - Processing file /opt/airflow/dags/nyc_fhv_pipeline.py for tasks to queue
[2026-04-30T09:54:05.920+0000] {logging_mixin.py:188} INFO - [2026-04-30T09:54:05.919+0000] {dagbag.py:545} INFO - Filling up the DagBag from /opt/airflow/dags/nyc_fhv_pipeline.py
[2026-04-30T09:54:05.963+0000] {processor.py:840} INFO - DAG(s) 'nyc_fhv_pipeline' retrieved from /opt/airflow/dags/nyc_fhv_pipeline.py
[2026-04-30T09:54:06.000+0000] {logging_mixin.py:188} INFO - [2026-04-30T09:54:06.000+0000] {dag.py:3096} INFO - Sync 1 DAGs
[2026-04-30T09:54:06.263+0000] {logging_mixin.py:188} INFO - [2026-04-30T09:54:06.262+0000] {dag.py:3954} INFO - Setting next_dagrun for nyc_fhv_pipeline to 2026-04-01 00:00:00+00:00, run_after=2026-05-01 00:00:00+00:00
[2026-04-30T09:54:06.297+0000] {processor.py:183} INFO - Processing /opt/airflow/dags/nyc_fhv_pipeline.py took 0.391 seconds
[2026-04-30T09:54:36.532+0000] {processor.py:161} INFO - Started process (PID=1370) to work on /opt/airflow/dags/nyc_fhv_pipeline.py
[2026-04-30T09:54:36.534+0000] {processor.py:830} INFO - Processing file /opt/airflow/dags/nyc_fhv_pipeline.py for tasks to queue
[2026-04-30T09:54:36.538+0000] {logging_mixin.py:188} INFO - [2026-04-30T09:54:36.537+0000] {dagbag.py:545} INFO - Filling up the DagBag from /opt/airflow/dags/nyc_fhv_pipeline.py
[2026-04-30T09:54:36.584+0000] {processor.py:840} INFO - DAG(s) 'nyc_fhv_pipeline' retrieved from /opt/airflow/dags/nyc_fhv_pipeline.py
[2026-04-30T09:54:36.620+0000] {logging_mixin.py:188} INFO - [2026-04-30T09:54:36.620+0000] {dag.py:3096} INFO - Sync 1 DAGs
[2026-04-30T09:54:36.664+0000] {logging_mixin.py:188} INFO - [2026-04-30T09:54:36.663+0000] {dag.py:3954} INFO - Setting next_dagrun for nyc_fhv_pipeline to 2026-04-01 00:00:00+00:00, run_after=2026-05-01 00:00:00+00:00
[2026-04-30T09:54:36.700+0000] {processor.py:183} INFO - Processing /opt/airflow/dags/nyc_fhv_pipeline.py took 0.176 seconds
[2026-04-30T09:55:07.419+0000] {processor.py:161} INFO - Started process (PID=1382) to work on /opt/airflow/dags/nyc_fhv_pipeline.py
[2026-04-30T09:55:07.421+0000] {processor.py:830} INFO - Processing file /opt/airflow/dags/nyc_fhv_pipeline.py for tasks to queue
[2026-04-30T09:55:07.425+0000] {logging_mixin.py:188} INFO - [2026-04-30T09:55:07.424+0000] {dagbag.py:545} INFO - Filling up the DagBag from /opt/airflow/dags/nyc_fhv_pipeline.py
[2026-04-30T09:55:07.466+0000] {processor.py:840} INFO - DAG(s) 'nyc_fhv_pipeline' retrieved from /opt/airflow/dags/nyc_fhv_pipeline.py
[2026-04-30T09:55:07.504+0000] {logging_mixin.py:188} INFO - [2026-04-30T09:55:07.504+0000] {dag.py:3096} INFO - Sync 1 DAGs
[2026-04-30T09:55:07.546+0000] {logging_mixin.py:188} INFO - [2026-04-30T09:55:07.545+0000] {dag.py:3954} INFO - Setting next_dagrun for nyc_fhv_pipeline to 2026-04-01 00:00:00+00:00, run_after=2026-05-01 00:00:00+00:00
[2026-04-30T09:55:07.586+0000] {processor.py:183} INFO - Processing /opt/airflow/dags/nyc_fhv_pipeline.py took 0.177 seconds
[2026-04-30T09:55:37.791+0000] {processor.py:161} INFO - Started process (PID=1392) to work on /opt/airflow/dags/nyc_fhv_pipeline.py
[2026-04-30T09:55:37.793+0000] {processor.py:830} INFO - Processing file /opt/airflow/dags/nyc_fhv_pipeline.py for tasks to queue
[2026-04-30T09:55:37.795+0000] {logging_mixin.py:188} INFO - [2026-04-30T09:55:37.795+0000] {dagbag.py:545} INFO - Filling up the DagBag from /opt/airflow/dags/nyc_fhv_pipeline.py
[2026-04-30T09:55:37.840+0000] {processor.py:840} INFO - DAG(s) 'nyc_fhv_pipeline' retrieved from /opt/airflow/dags/nyc_fhv_pipeline.py
[2026-04-30T09:55:37.874+0000] {logging_mixin.py:188} INFO - [2026-04-30T09:55:37.874+0000] {dag.py:3096} INFO - Sync 1 DAGs
[2026-04-30T09:55:38.103+0000] {logging_mixin.py:188} INFO - [2026-04-30T09:55:38.103+0000] {dag.py:3954} INFO - Setting next_dagrun for nyc_fhv_pipeline to 2026-04-01 00:00:00+00:00, run_after=2026-05-01 00:00:00+00:00
[2026-04-30T09:55:38.132+0000] {processor.py:183} INFO - Processing /opt/airflow/dags/nyc_fhv_pipeline.py took 0.350 seconds
[2026-04-30T09:56:08.444+0000] {processor.py:161} INFO - Started process (PID=1403) to work on /opt/airflow/dags/nyc_fhv_pipeline.py
[2026-04-30T09:56:08.448+0000] {processor.py:830} INFO - Processing file /opt/airflow/dags/nyc_fhv_pipeline.py for tasks to queue
[2026-04-30T09:56:08.451+0000] {logging_mixin.py:188} INFO - [2026-04-30T09:56:08.451+0000] {dagbag.py:545} INFO - Filling up the DagBag from /opt/airflow/dags/nyc_fhv_pipeline.py
[2026-04-30T09:56:08.494+0000] {processor.py:840} INFO - DAG(s) 'nyc_fhv_pipeline' retrieved from /opt/airflow/dags/nyc_fhv_pipeline.py
[2026-04-30T09:56:08.725+0000] {logging_mixin.py:188} INFO - [2026-04-30T09:56:08.725+0000] {dag.py:3096} INFO - Sync 1 DAGs
[2026-04-30T09:56:08.760+0000] {logging_mixin.py:188} INFO - [2026-04-30T09:56:08.760+0000] {dag.py:3954} INFO - Setting next_dagrun for nyc_fhv_pipeline to 2026-04-01 00:00:00+00:00, run_after=2026-05-01 00:00:00+00:00
[2026-04-30T09:56:08.792+0000] {processor.py:183} INFO - Processing /opt/airflow/dags/nyc_fhv_pipeline.py took 0.356 seconds
[2026-04-30T09:56:39.490+0000] {processor.py:161} INFO - Started process (PID=1414) to work on /opt/airflow/dags/nyc_fhv_pipeline.py
[2026-04-30T09:56:39.497+0000] {processor.py:830} INFO - Processing file /opt/airflow/dags/nyc_fhv_pipeline.py for tasks to queue
[2026-04-30T09:56:39.501+0000] {logging_mixin.py:188} INFO - [2026-04-30T09:56:39.500+0000] {dagbag.py:545} INFO - Filling up the DagBag from /opt/airflow/dags/nyc_fhv_pipeline.py
[2026-04-30T09:56:39.560+0000] {processor.py:840} INFO - DAG(s) 'nyc_fhv_pipeline' retrieved from /opt/airflow/dags/nyc_fhv_pipeline.py
[2026-04-30T09:56:39.609+0000] {logging_mixin.py:188} INFO - [2026-04-30T09:56:39.608+0000] {dag.py:3096} INFO - Sync 1 DAGs
[2026-04-30T09:56:39.665+0000] {logging_mixin.py:188} INFO - [2026-04-30T09:56:39.664+0000] {dag.py:3954} INFO - Setting next_dagrun for nyc_fhv_pipeline to 2026-04-01 00:00:00+00:00, run_after=2026-05-01 00:00:00+00:00
[2026-04-30T09:56:39.736+0000] {processor.py:183} INFO - Processing /opt/airflow/dags/nyc_fhv_pipeline.py took 0.255 seconds
[2026-04-30T09:57:10.601+0000] {processor.py:161} INFO - Started process (PID=1425) to work on /opt/airflow/dags/nyc_fhv_pipeline.py
[2026-04-30T09:57:10.606+0000] {processor.py:830} INFO - Processing file /opt/airflow/dags/nyc_fhv_pipeline.py for tasks to queue
[2026-04-30T09:57:10.609+0000] {logging_mixin.py:188} INFO - [2026-04-30T09:57:10.609+0000] {dagbag.py:545} INFO - Filling up the DagBag from /opt/airflow/dags/nyc_fhv_pipeline.py
[2026-04-30T09:57:10.656+0000] {processor.py:840} INFO - DAG(s) 'nyc_fhv_pipeline' retrieved from /opt/airflow/dags/nyc_fhv_pipeline.py
[2026-04-30T09:57:10.698+0000] {logging_mixin.py:188} INFO - [2026-04-30T09:57:10.698+0000] {dag.py:3096} INFO - Sync 1 DAGs
[2026-04-30T09:57:10.940+0000] {logging_mixin.py:188} INFO - [2026-04-30T09:57:10.940+0000] {dag.py:3954} INFO - Setting next_dagrun for nyc_fhv_pipeline to 2026-04-01 00:00:00+00:00, run_after=2026-05-01 00:00:00+00:00
[2026-04-30T09:57:10.984+0000] {processor.py:183} INFO - Processing /opt/airflow/dags/nyc_fhv_pipeline.py took 0.391 seconds
[2026-04-30T09:57:41.408+0000] {processor.py:161} INFO - Started process (PID=1435) to work on /opt/airflow/dags/nyc_fhv_pipeline.py
[2026-04-30T09:57:41.410+0000] {processor.py:830} INFO - Processing file /opt/airflow/dags/nyc_fhv_pipeline.py for tasks to queue
[2026-04-30T09:57:41.413+0000] {logging_mixin.py:188} INFO - [2026-04-30T09:57:41.413+0000] {dagbag.py:545} INFO - Filling up the DagBag from /opt/airflow/dags/nyc_fhv_pipeline.py
[2026-04-30T09:57:41.452+0000] {processor.py:840} INFO - DAG(s) 'nyc_fhv_pipeline' retrieved from /opt/airflow/dags/nyc_fhv_pipeline.py
[2026-04-30T09:57:41.665+0000] {logging_mixin.py:188} INFO - [2026-04-30T09:57:41.664+0000] {dag.py:3096} INFO - Sync 1 DAGs
[2026-04-30T09:57:41.695+0000] {logging_mixin.py:188} INFO - [2026-04-30T09:57:41.694+0000] {dag.py:3954} INFO - Setting next_dagrun for nyc_fhv_pipeline to 2026-04-01 00:00:00+00:00, run_after=2026-05-01 00:00:00+00:00
[2026-04-30T09:57:41.728+0000] {processor.py:183} INFO - Processing /opt/airflow/dags/nyc_fhv_pipeline.py took 0.328 seconds
[2026-04-30T09:58:11.890+0000] {processor.py:161} INFO - Started process (PID=1446) to work on /opt/airflow/dags/nyc_fhv_pipeline.py
[2026-04-30T09:58:11.895+0000] {processor.py:830} INFO - Processing file /opt/airflow/dags/nyc_fhv_pipeline.py for tasks to queue
[2026-04-30T09:58:11.901+0000] {logging_mixin.py:188} INFO - [2026-04-30T09:58:11.900+0000] {dagbag.py:545} INFO - Filling up the DagBag from /opt/airflow/dags/nyc_fhv_pipeline.py
[2026-04-30T09:58:11.946+0000] {processor.py:840} INFO - DAG(s) 'nyc_fhv_pipeline' retrieved from /opt/airflow/dags/nyc_fhv_pipeline.py
[2026-04-30T09:58:11.988+0000] {logging_mixin.py:188} INFO - [2026-04-30T09:58:11.988+0000] {dag.py:3096} INFO - Sync 1 DAGs
[2026-04-30T09:58:12.032+0000] {logging_mixin.py:188} INFO - [2026-04-30T09:58:12.032+0000] {dag.py:3954} INFO - Setting next_dagrun for nyc_fhv_pipeline to 2026-04-01 00:00:00+00:00, run_after=2026-05-01 00:00:00+00:00
[2026-04-30T09:58:12.072+0000] {processor.py:183} INFO - Processing /opt/airflow/dags/nyc_fhv_pipeline.py took 0.192 seconds
[2026-04-30T09:58:42.368+0000] {processor.py:161} INFO - Started process (PID=1457) to work on /opt/airflow/dags/nyc_fhv_pipeline.py
[2026-04-30T09:58:42.370+0000] {processor.py:830} INFO - Processing file /opt/airflow/dags/nyc_fhv_pipeline.py for tasks to queue
[2026-04-30T09:58:42.374+0000] {logging_mixin.py:188} INFO - [2026-04-30T09:58:42.373+0000] {dagbag.py:545} INFO - Filling up the DagBag from /opt/airflow/dags/nyc_fhv_pipeline.py
[2026-04-30T09:58:42.410+0000] {processor.py:840} INFO - DAG(s) 'nyc_fhv_pipeline' retrieved from /opt/airflow/dags/nyc_fhv_pipeline.py
[2026-04-30T09:58:42.442+0000] {logging_mixin.py:188} INFO - [2026-04-30T09:58:42.441+0000] {dag.py:3096} INFO - Sync 1 DAGs
[2026-04-30T09:58:42.667+0000] {logging_mixin.py:188} INFO - [2026-04-30T09:58:42.667+0000] {dag.py:3954} INFO - Setting next_dagrun for nyc_fhv_pipeline to 2026-04-01 00:00:00+00:00, run_after=2026-05-01 00:00:00+00:00
[2026-04-30T09:58:42.695+0000] {processor.py:183} INFO - Processing /opt/airflow/dags/nyc_fhv_pipeline.py took 0.336 seconds
[2026-04-30T09:59:13.045+0000] {processor.py:161} INFO - Started process (PID=1468) to work on /opt/airflow/dags/nyc_fhv_pipeline.py
[2026-04-30T09:59:13.047+0000] {processor.py:830} INFO - Processing file /opt/airflow/dags/nyc_fhv_pipeline.py for tasks to queue
[2026-04-30T09:59:13.050+0000] {logging_mixin.py:188} INFO - [2026-04-30T09:59:13.049+0000] {dagbag.py:545} INFO - Filling up the DagBag from /opt/airflow/dags/nyc_fhv_pipeline.py
[2026-04-30T09:59:13.104+0000] {processor.py:840} INFO - DAG(s) 'nyc_fhv_pipeline' retrieved from /opt/airflow/dags/nyc_fhv_pipeline.py
[2026-04-30T09:59:13.422+0000] {logging_mixin.py:188} INFO - [2026-04-30T09:59:13.421+0000] {dag.py:3096} INFO - Sync 1 DAGs
[2026-04-30T09:59:13.487+0000] {logging_mixin.py:188} INFO - [2026-04-30T09:59:13.486+0000] {dag.py:3954} INFO - Setting next_dagrun for nyc_fhv_pipeline to 2026-04-01 00:00:00+00:00, run_after=2026-05-01 00:00:00+00:00
[2026-04-30T09:59:13.555+0000] {processor.py:183} INFO - Processing /opt/airflow/dags/nyc_fhv_pipeline.py took 0.518 seconds
[2026-04-30T09:59:43.859+0000] {processor.py:161} INFO - Started process (PID=1479) to work on /opt/airflow/dags/nyc_fhv_pipeline.py
[2026-04-30T09:59:43.861+0000] {processor.py:830} INFO - Processing file /opt/airflow/dags/nyc_fhv_pipeline.py for tasks to queue
[2026-04-30T09:59:43.864+0000] {logging_mixin.py:188} INFO - [2026-04-30T09:59:43.864+0000] {dagbag.py:545} INFO - Filling up the DagBag from /opt/airflow/dags/nyc_fhv_pipeline.py
[2026-04-30T09:59:43.911+0000] {processor.py:840} INFO - DAG(s) 'nyc_fhv_pipeline' retrieved from /opt/airflow/dags/nyc_fhv_pipeline.py
[2026-04-30T09:59:43.943+0000] {logging_mixin.py:188} INFO - [2026-04-30T09:59:43.942+0000] {dag.py:3096} INFO - Sync 1 DAGs
[2026-04-30T09:59:43.979+0000] {logging_mixin.py:188} INFO - [2026-04-30T09:59:43.979+0000] {dag.py:3954} INFO - Setting next_dagrun for nyc_fhv_pipeline to 2026-04-01 00:00:00+00:00, run_after=2026-05-01 00:00:00+00:00
[2026-04-30T09:59:44.015+0000] {processor.py:183} INFO - Processing /opt/airflow/dags/nyc_fhv_pipeline.py took 0.165 seconds
[2026-04-30T10:00:14.539+0000] {processor.py:161} INFO - Started process (PID=1490) to work on /opt/airflow/dags/nyc_fhv_pipeline.py
[2026-04-30T10:00:14.541+0000] {processor.py:830} INFO - Processing file /opt/airflow/dags/nyc_fhv_pipeline.py for tasks to queue
[2026-04-30T10:00:14.545+0000] {logging_mixin.py:188} INFO - [2026-04-30T10:00:14.544+0000] {dagbag.py:545} INFO - Filling up the DagBag from /opt/airflow/dags/nyc_fhv_pipeline.py
[2026-04-30T10:00:14.588+0000] {processor.py:840} INFO - DAG(s) 'nyc_fhv_pipeline' retrieved from /opt/airflow/dags/nyc_fhv_pipeline.py
[2026-04-30T10:00:14.628+0000] {logging_mixin.py:188} INFO - [2026-04-30T10:00:14.627+0000] {dag.py:3096} INFO - Sync 1 DAGs
[2026-04-30T10:00:14.667+0000] {logging_mixin.py:188} INFO - [2026-04-30T10:00:14.667+0000] {dag.py:3954} INFO - Setting next_dagrun for nyc_fhv_pipeline to 2026-04-01 00:00:00+00:00, run_after=2026-05-01 00:00:00+00:00
[2026-04-30T10:00:14.706+0000] {processor.py:183} INFO - Processing /opt/airflow/dags/nyc_fhv_pipeline.py took 0.175 seconds
[2026-04-30T10:00:45.445+0000] {processor.py:161} INFO - Started process (PID=1502) to work on /opt/airflow/dags/nyc_fhv_pipeline.py
[2026-04-30T10:00:45.447+0000] {processor.py:830} INFO - Processing file /opt/airflow/dags/nyc_fhv_pipeline.py for tasks to queue
[2026-04-30T10:00:45.451+0000] {logging_mixin.py:188} INFO - [2026-04-30T10:00:45.450+0000] {dagbag.py:545} INFO - Filling up the DagBag from /opt/airflow/dags/nyc_fhv_pipeline.py
[2026-04-30T10:00:45.498+0000] {processor.py:840} INFO - DAG(s) 'nyc_fhv_pipeline' retrieved from /opt/airflow/dags/nyc_fhv_pipeline.py
[2026-04-30T10:00:45.541+0000] {logging_mixin.py:188} INFO - [2026-04-30T10:00:45.541+0000] {dag.py:3096} INFO - Sync 1 DAGs
[2026-04-30T10:00:45.600+0000] {logging_mixin.py:188} INFO - [2026-04-30T10:00:45.599+0000] {dag.py:3954} INFO - Setting next_dagrun for nyc_fhv_pipeline to 2026-04-01 00:00:00+00:00, run_after=2026-05-01 00:00:00+00:00
[2026-04-30T10:00:45.648+0000] {processor.py:183} INFO - Processing /opt/airflow/dags/nyc_fhv_pipeline.py took 0.213 seconds
