[2026-05-08T18:53:57.511+0000] {processor.py:161} INFO - Started process (PID=76) to work on /opt/airflow/dags/newyork_fhv_silver.py
[2026-05-08T18:53:57.513+0000] {processor.py:830} INFO - Processing file /opt/airflow/dags/newyork_fhv_silver.py for tasks to queue
[2026-05-08T18:53:57.517+0000] {logging_mixin.py:188} INFO - [2026-05-08T18:53:57.516+0000] {dagbag.py:545} INFO - Filling up the DagBag from /opt/airflow/dags/newyork_fhv_silver.py
[2026-05-08T18:53:57.579+0000] {processor.py:840} INFO - DAG(s) 'newyork_fhv_silver' retrieved from /opt/airflow/dags/newyork_fhv_silver.py
[2026-05-08T18:53:57.813+0000] {logging_mixin.py:188} INFO - [2026-05-08T18:53:57.812+0000] {override.py:1829} INFO - Created Permission View: can delete on DAG:newyork_fhv_silver
[2026-05-08T18:53:57.828+0000] {logging_mixin.py:188} INFO - [2026-05-08T18:53:57.827+0000] {override.py:1829} INFO - Created Permission View: can read on DAG:newyork_fhv_silver
[2026-05-08T18:53:57.838+0000] {logging_mixin.py:188} INFO - [2026-05-08T18:53:57.838+0000] {override.py:1829} INFO - Created Permission View: can edit on DAG:newyork_fhv_silver
[2026-05-08T18:53:57.842+0000] {logging_mixin.py:188} INFO - [2026-05-08T18:53:57.841+0000] {dag.py:3096} INFO - Sync 1 DAGs
[2026-05-08T18:53:57.854+0000] {logging_mixin.py:188} INFO - [2026-05-08T18:53:57.853+0000] {dag.py:3118} INFO - Creating ORM DAG for newyork_fhv_silver
[2026-05-08T18:53:57.855+0000] {logging_mixin.py:188} INFO - [2026-05-08T18:53:57.855+0000] {dag.py:3954} INFO - Setting next_dagrun for newyork_fhv_silver to None, run_after=None
[2026-05-08T18:53:57.889+0000] {processor.py:183} INFO - Processing /opt/airflow/dags/newyork_fhv_silver.py took 0.386 seconds
[2026-05-08T18:54:40.085+0000] {processor.py:161} INFO - Started process (PID=93) to work on /opt/airflow/dags/newyork_fhv_silver.py
[2026-05-08T18:54:40.087+0000] {processor.py:830} INFO - Processing file /opt/airflow/dags/newyork_fhv_silver.py for tasks to queue
[2026-05-08T18:54:40.090+0000] {logging_mixin.py:188} INFO - [2026-05-08T18:54:40.090+0000] {dagbag.py:545} INFO - Filling up the DagBag from /opt/airflow/dags/newyork_fhv_silver.py
[2026-05-08T18:54:40.125+0000] {processor.py:840} INFO - DAG(s) 'newyork_fhv_silver' retrieved from /opt/airflow/dags/newyork_fhv_silver.py
[2026-05-08T18:54:40.157+0000] {logging_mixin.py:188} INFO - [2026-05-08T18:54:40.157+0000] {dag.py:3096} INFO - Sync 1 DAGs
[2026-05-08T18:54:40.171+0000] {logging_mixin.py:188} INFO - [2026-05-08T18:54:40.171+0000] {dag.py:3954} INFO - Setting next_dagrun for newyork_fhv_silver to None, run_after=None
[2026-05-08T18:54:40.772+0000] {processor.py:183} INFO - Processing /opt/airflow/dags/newyork_fhv_silver.py took 0.696 seconds
[2026-05-08T18:55:12.589+0000] {processor.py:161} INFO - Started process (PID=104) to work on /opt/airflow/dags/newyork_fhv_silver.py
[2026-05-08T18:55:12.596+0000] {processor.py:830} INFO - Processing file /opt/airflow/dags/newyork_fhv_silver.py for tasks to queue
[2026-05-08T18:55:12.600+0000] {logging_mixin.py:188} INFO - [2026-05-08T18:55:12.600+0000] {dagbag.py:545} INFO - Filling up the DagBag from /opt/airflow/dags/newyork_fhv_silver.py
[2026-05-08T18:55:12.642+0000] {processor.py:840} INFO - DAG(s) 'newyork_fhv_silver' retrieved from /opt/airflow/dags/newyork_fhv_silver.py
[2026-05-08T18:55:12.677+0000] {logging_mixin.py:188} INFO - [2026-05-08T18:55:12.677+0000] {dag.py:3096} INFO - Sync 1 DAGs
[2026-05-08T18:55:12.698+0000] {logging_mixin.py:188} INFO - [2026-05-08T18:55:12.697+0000] {dag.py:3954} INFO - Setting next_dagrun for newyork_fhv_silver to None, run_after=None
[2026-05-08T18:55:12.935+0000] {processor.py:183} INFO - Processing /opt/airflow/dags/newyork_fhv_silver.py took 0.359 seconds
[2026-05-08T18:55:43.278+0000] {processor.py:161} INFO - Started process (PID=114) to work on /opt/airflow/dags/newyork_fhv_silver.py
[2026-05-08T18:55:43.279+0000] {processor.py:830} INFO - Processing file /opt/airflow/dags/newyork_fhv_silver.py for tasks to queue
[2026-05-08T18:55:43.282+0000] {logging_mixin.py:188} INFO - [2026-05-08T18:55:43.281+0000] {dagbag.py:545} INFO - Filling up the DagBag from /opt/airflow/dags/newyork_fhv_silver.py
[2026-05-08T18:55:43.308+0000] {processor.py:840} INFO - DAG(s) 'newyork_fhv_silver' retrieved from /opt/airflow/dags/newyork_fhv_silver.py
[2026-05-08T18:55:43.332+0000] {logging_mixin.py:188} INFO - [2026-05-08T18:55:43.332+0000] {dag.py:3096} INFO - Sync 1 DAGs
[2026-05-08T18:55:43.343+0000] {logging_mixin.py:188} INFO - [2026-05-08T18:55:43.343+0000] {dag.py:3954} INFO - Setting next_dagrun for newyork_fhv_silver to None, run_after=None
[2026-05-08T18:55:43.610+0000] {processor.py:183} INFO - Processing /opt/airflow/dags/newyork_fhv_silver.py took 0.341 seconds
[2026-05-08T18:56:14.202+0000] {processor.py:161} INFO - Started process (PID=126) to work on /opt/airflow/dags/newyork_fhv_silver.py
[2026-05-08T18:56:14.207+0000] {processor.py:830} INFO - Processing file /opt/airflow/dags/newyork_fhv_silver.py for tasks to queue
[2026-05-08T18:56:14.214+0000] {logging_mixin.py:188} INFO - [2026-05-08T18:56:14.213+0000] {dagbag.py:545} INFO - Filling up the DagBag from /opt/airflow/dags/newyork_fhv_silver.py
[2026-05-08T18:56:14.256+0000] {processor.py:840} INFO - DAG(s) 'newyork_fhv_silver' retrieved from /opt/airflow/dags/newyork_fhv_silver.py
[2026-05-08T18:56:14.293+0000] {logging_mixin.py:188} INFO - [2026-05-08T18:56:14.293+0000] {dag.py:3096} INFO - Sync 1 DAGs
[2026-05-08T18:56:14.308+0000] {logging_mixin.py:188} INFO - [2026-05-08T18:56:14.308+0000] {dag.py:3954} INFO - Setting next_dagrun for newyork_fhv_silver to None, run_after=None
[2026-05-08T18:56:14.520+0000] {processor.py:183} INFO - Processing /opt/airflow/dags/newyork_fhv_silver.py took 0.334 seconds
[2026-05-08T18:58:24.067+0000] {processor.py:161} INFO - Started process (PID=87) to work on /opt/airflow/dags/newyork_fhv_silver.py
[2026-05-08T18:58:24.068+0000] {processor.py:830} INFO - Processing file /opt/airflow/dags/newyork_fhv_silver.py for tasks to queue
[2026-05-08T18:58:24.072+0000] {logging_mixin.py:188} INFO - [2026-05-08T18:58:24.071+0000] {dagbag.py:545} INFO - Filling up the DagBag from /opt/airflow/dags/newyork_fhv_silver.py
[2026-05-08T18:58:24.341+0000] {processor.py:840} INFO - DAG(s) 'newyork_fhv_silver' retrieved from /opt/airflow/dags/newyork_fhv_silver.py
[2026-05-08T18:58:24.634+0000] {logging_mixin.py:188} INFO - [2026-05-08T18:58:24.633+0000] {dag.py:3096} INFO - Sync 1 DAGs
[2026-05-08T18:58:24.649+0000] {logging_mixin.py:188} INFO - [2026-05-08T18:58:24.649+0000] {dag.py:3954} INFO - Setting next_dagrun for newyork_fhv_silver to None, run_after=None
[2026-05-08T18:58:24.943+0000] {processor.py:183} INFO - Processing /opt/airflow/dags/newyork_fhv_silver.py took 0.881 seconds
[2026-05-08T18:58:55.265+0000] {processor.py:161} INFO - Started process (PID=98) to work on /opt/airflow/dags/newyork_fhv_silver.py
[2026-05-08T18:58:55.267+0000] {processor.py:830} INFO - Processing file /opt/airflow/dags/newyork_fhv_silver.py for tasks to queue
[2026-05-08T18:58:55.269+0000] {logging_mixin.py:188} INFO - [2026-05-08T18:58:55.269+0000] {dagbag.py:545} INFO - Filling up the DagBag from /opt/airflow/dags/newyork_fhv_silver.py
[2026-05-08T18:58:55.297+0000] {processor.py:840} INFO - DAG(s) 'newyork_fhv_silver' retrieved from /opt/airflow/dags/newyork_fhv_silver.py
[2026-05-08T18:58:55.315+0000] {logging_mixin.py:188} INFO - [2026-05-08T18:58:55.314+0000] {dag.py:3096} INFO - Sync 1 DAGs
[2026-05-08T18:58:55.327+0000] {logging_mixin.py:188} INFO - [2026-05-08T18:58:55.327+0000] {dag.py:3954} INFO - Setting next_dagrun for newyork_fhv_silver to None, run_after=None
[2026-05-08T18:58:55.352+0000] {processor.py:183} INFO - Processing /opt/airflow/dags/newyork_fhv_silver.py took 0.095 seconds
[2026-05-08T18:59:26.103+0000] {processor.py:161} INFO - Started process (PID=109) to work on /opt/airflow/dags/newyork_fhv_silver.py
[2026-05-08T18:59:26.104+0000] {processor.py:830} INFO - Processing file /opt/airflow/dags/newyork_fhv_silver.py for tasks to queue
[2026-05-08T18:59:26.106+0000] {logging_mixin.py:188} INFO - [2026-05-08T18:59:26.106+0000] {dagbag.py:545} INFO - Filling up the DagBag from /opt/airflow/dags/newyork_fhv_silver.py
[2026-05-08T18:59:26.138+0000] {processor.py:840} INFO - DAG(s) 'newyork_fhv_silver' retrieved from /opt/airflow/dags/newyork_fhv_silver.py
[2026-05-08T18:59:26.163+0000] {logging_mixin.py:188} INFO - [2026-05-08T18:59:26.162+0000] {dag.py:3096} INFO - Sync 1 DAGs
[2026-05-08T18:59:26.178+0000] {logging_mixin.py:188} INFO - [2026-05-08T18:59:26.178+0000] {dag.py:3954} INFO - Setting next_dagrun for newyork_fhv_silver to None, run_after=None
[2026-05-08T18:59:26.212+0000] {processor.py:183} INFO - Processing /opt/airflow/dags/newyork_fhv_silver.py took 0.115 seconds
[2026-05-08T18:59:56.952+0000] {processor.py:161} INFO - Started process (PID=120) to work on /opt/airflow/dags/newyork_fhv_silver.py
[2026-05-08T18:59:56.954+0000] {processor.py:830} INFO - Processing file /opt/airflow/dags/newyork_fhv_silver.py for tasks to queue
[2026-05-08T18:59:56.956+0000] {logging_mixin.py:188} INFO - [2026-05-08T18:59:56.955+0000] {dagbag.py:545} INFO - Filling up the DagBag from /opt/airflow/dags/newyork_fhv_silver.py
[2026-05-08T18:59:56.996+0000] {processor.py:840} INFO - DAG(s) 'newyork_fhv_silver' retrieved from /opt/airflow/dags/newyork_fhv_silver.py
[2026-05-08T18:59:57.025+0000] {logging_mixin.py:188} INFO - [2026-05-08T18:59:57.025+0000] {dag.py:3096} INFO - Sync 1 DAGs
[2026-05-08T18:59:57.040+0000] {logging_mixin.py:188} INFO - [2026-05-08T18:59:57.040+0000] {dag.py:3954} INFO - Setting next_dagrun for newyork_fhv_silver to None, run_after=None
[2026-05-08T18:59:57.668+0000] {processor.py:183} INFO - Processing /opt/airflow/dags/newyork_fhv_silver.py took 0.722 seconds
[2026-05-08T19:00:28.220+0000] {processor.py:161} INFO - Started process (PID=130) to work on /opt/airflow/dags/newyork_fhv_silver.py
[2026-05-08T19:00:28.223+0000] {processor.py:830} INFO - Processing file /opt/airflow/dags/newyork_fhv_silver.py for tasks to queue
[2026-05-08T19:00:28.227+0000] {logging_mixin.py:188} INFO - [2026-05-08T19:00:28.226+0000] {dagbag.py:545} INFO - Filling up the DagBag from /opt/airflow/dags/newyork_fhv_silver.py
[2026-05-08T19:00:28.254+0000] {processor.py:840} INFO - DAG(s) 'newyork_fhv_silver' retrieved from /opt/airflow/dags/newyork_fhv_silver.py
[2026-05-08T19:00:28.270+0000] {logging_mixin.py:188} INFO - [2026-05-08T19:00:28.270+0000] {dag.py:3096} INFO - Sync 1 DAGs
[2026-05-08T19:00:28.285+0000] {logging_mixin.py:188} INFO - [2026-05-08T19:00:28.285+0000] {dag.py:3954} INFO - Setting next_dagrun for newyork_fhv_silver to None, run_after=None
[2026-05-08T19:00:28.457+0000] {processor.py:183} INFO - Processing /opt/airflow/dags/newyork_fhv_silver.py took 0.248 seconds
[2026-05-08T19:00:58.536+0000] {processor.py:161} INFO - Started process (PID=141) to work on /opt/airflow/dags/newyork_fhv_silver.py
[2026-05-08T19:00:58.537+0000] {processor.py:830} INFO - Processing file /opt/airflow/dags/newyork_fhv_silver.py for tasks to queue
[2026-05-08T19:00:58.539+0000] {logging_mixin.py:188} INFO - [2026-05-08T19:00:58.539+0000] {dagbag.py:545} INFO - Filling up the DagBag from /opt/airflow/dags/newyork_fhv_silver.py
[2026-05-08T19:00:58.564+0000] {processor.py:840} INFO - DAG(s) 'newyork_fhv_silver' retrieved from /opt/airflow/dags/newyork_fhv_silver.py
[2026-05-08T19:00:58.588+0000] {logging_mixin.py:188} INFO - [2026-05-08T19:00:58.587+0000] {dag.py:3096} INFO - Sync 1 DAGs
[2026-05-08T19:00:58.603+0000] {logging_mixin.py:188} INFO - [2026-05-08T19:00:58.602+0000] {dag.py:3954} INFO - Setting next_dagrun for newyork_fhv_silver to None, run_after=None
[2026-05-08T19:00:58.737+0000] {processor.py:183} INFO - Processing /opt/airflow/dags/newyork_fhv_silver.py took 0.207 seconds
[2026-05-08T19:01:29.076+0000] {processor.py:161} INFO - Started process (PID=152) to work on /opt/airflow/dags/newyork_fhv_silver.py
[2026-05-08T19:01:29.089+0000] {processor.py:830} INFO - Processing file /opt/airflow/dags/newyork_fhv_silver.py for tasks to queue
[2026-05-08T19:01:29.093+0000] {logging_mixin.py:188} INFO - [2026-05-08T19:01:29.092+0000] {dagbag.py:545} INFO - Filling up the DagBag from /opt/airflow/dags/newyork_fhv_silver.py
[2026-05-08T19:01:29.138+0000] {processor.py:840} INFO - DAG(s) 'newyork_fhv_silver' retrieved from /opt/airflow/dags/newyork_fhv_silver.py
[2026-05-08T19:01:29.159+0000] {logging_mixin.py:188} INFO - [2026-05-08T19:01:29.159+0000] {dag.py:3096} INFO - Sync 1 DAGs
[2026-05-08T19:01:29.169+0000] {logging_mixin.py:188} INFO - [2026-05-08T19:01:29.169+0000] {dag.py:3954} INFO - Setting next_dagrun for newyork_fhv_silver to None, run_after=None
[2026-05-08T19:01:29.797+0000] {processor.py:183} INFO - Processing /opt/airflow/dags/newyork_fhv_silver.py took 0.728 seconds
[2026-05-08T19:02:00.057+0000] {processor.py:161} INFO - Started process (PID=164) to work on /opt/airflow/dags/newyork_fhv_silver.py
[2026-05-08T19:02:00.059+0000] {processor.py:830} INFO - Processing file /opt/airflow/dags/newyork_fhv_silver.py for tasks to queue
[2026-05-08T19:02:00.061+0000] {logging_mixin.py:188} INFO - [2026-05-08T19:02:00.061+0000] {dagbag.py:545} INFO - Filling up the DagBag from /opt/airflow/dags/newyork_fhv_silver.py
[2026-05-08T19:02:00.082+0000] {processor.py:840} INFO - DAG(s) 'newyork_fhv_silver' retrieved from /opt/airflow/dags/newyork_fhv_silver.py
[2026-05-08T19:02:00.102+0000] {logging_mixin.py:188} INFO - [2026-05-08T19:02:00.102+0000] {dag.py:3096} INFO - Sync 1 DAGs
[2026-05-08T19:02:00.113+0000] {logging_mixin.py:188} INFO - [2026-05-08T19:02:00.113+0000] {dag.py:3954} INFO - Setting next_dagrun for newyork_fhv_silver to None, run_after=None
[2026-05-08T19:02:00.723+0000] {processor.py:183} INFO - Processing /opt/airflow/dags/newyork_fhv_silver.py took 0.679 seconds
[2026-05-08T19:02:31.267+0000] {processor.py:161} INFO - Started process (PID=175) to work on /opt/airflow/dags/newyork_fhv_silver.py
[2026-05-08T19:02:31.269+0000] {processor.py:830} INFO - Processing file /opt/airflow/dags/newyork_fhv_silver.py for tasks to queue
[2026-05-08T19:02:31.272+0000] {logging_mixin.py:188} INFO - [2026-05-08T19:02:31.272+0000] {dagbag.py:545} INFO - Filling up the DagBag from /opt/airflow/dags/newyork_fhv_silver.py
[2026-05-08T19:02:31.302+0000] {processor.py:840} INFO - DAG(s) 'newyork_fhv_silver' retrieved from /opt/airflow/dags/newyork_fhv_silver.py
[2026-05-08T19:02:31.336+0000] {logging_mixin.py:188} INFO - [2026-05-08T19:02:31.335+0000] {dag.py:3096} INFO - Sync 1 DAGs
[2026-05-08T19:02:31.354+0000] {logging_mixin.py:188} INFO - [2026-05-08T19:02:31.353+0000] {dag.py:3954} INFO - Setting next_dagrun for newyork_fhv_silver to None, run_after=None
[2026-05-08T19:02:31.391+0000] {processor.py:183} INFO - Processing /opt/airflow/dags/newyork_fhv_silver.py took 0.134 seconds
[2026-05-08T19:03:02.063+0000] {processor.py:161} INFO - Started process (PID=186) to work on /opt/airflow/dags/newyork_fhv_silver.py
[2026-05-08T19:03:02.064+0000] {processor.py:830} INFO - Processing file /opt/airflow/dags/newyork_fhv_silver.py for tasks to queue
[2026-05-08T19:03:02.066+0000] {logging_mixin.py:188} INFO - [2026-05-08T19:03:02.066+0000] {dagbag.py:545} INFO - Filling up the DagBag from /opt/airflow/dags/newyork_fhv_silver.py
[2026-05-08T19:03:02.094+0000] {processor.py:840} INFO - DAG(s) 'newyork_fhv_silver' retrieved from /opt/airflow/dags/newyork_fhv_silver.py
[2026-05-08T19:03:02.123+0000] {logging_mixin.py:188} INFO - [2026-05-08T19:03:02.122+0000] {dag.py:3096} INFO - Sync 1 DAGs
[2026-05-08T19:03:02.140+0000] {logging_mixin.py:188} INFO - [2026-05-08T19:03:02.139+0000] {dag.py:3954} INFO - Setting next_dagrun for newyork_fhv_silver to None, run_after=None
[2026-05-08T19:03:02.173+0000] {processor.py:183} INFO - Processing /opt/airflow/dags/newyork_fhv_silver.py took 0.120 seconds
[2026-05-08T19:03:32.962+0000] {processor.py:161} INFO - Started process (PID=197) to work on /opt/airflow/dags/newyork_fhv_silver.py
[2026-05-08T19:03:32.963+0000] {processor.py:830} INFO - Processing file /opt/airflow/dags/newyork_fhv_silver.py for tasks to queue
[2026-05-08T19:03:32.968+0000] {logging_mixin.py:188} INFO - [2026-05-08T19:03:32.968+0000] {dagbag.py:545} INFO - Filling up the DagBag from /opt/airflow/dags/newyork_fhv_silver.py
[2026-05-08T19:03:33.009+0000] {processor.py:840} INFO - DAG(s) 'newyork_fhv_silver' retrieved from /opt/airflow/dags/newyork_fhv_silver.py
[2026-05-08T19:03:33.034+0000] {logging_mixin.py:188} INFO - [2026-05-08T19:03:33.034+0000] {dag.py:3096} INFO - Sync 1 DAGs
[2026-05-08T19:03:33.057+0000] {logging_mixin.py:188} INFO - [2026-05-08T19:03:33.057+0000] {dag.py:3954} INFO - Setting next_dagrun for newyork_fhv_silver to None, run_after=None
[2026-05-08T19:03:33.095+0000] {processor.py:183} INFO - Processing /opt/airflow/dags/newyork_fhv_silver.py took 0.143 seconds
[2026-05-08T19:04:03.746+0000] {processor.py:161} INFO - Started process (PID=208) to work on /opt/airflow/dags/newyork_fhv_silver.py
[2026-05-08T19:04:03.748+0000] {processor.py:830} INFO - Processing file /opt/airflow/dags/newyork_fhv_silver.py for tasks to queue
[2026-05-08T19:04:03.753+0000] {logging_mixin.py:188} INFO - [2026-05-08T19:04:03.752+0000] {dagbag.py:545} INFO - Filling up the DagBag from /opt/airflow/dags/newyork_fhv_silver.py
[2026-05-08T19:04:03.806+0000] {processor.py:840} INFO - DAG(s) 'newyork_fhv_silver' retrieved from /opt/airflow/dags/newyork_fhv_silver.py
[2026-05-08T19:04:03.842+0000] {logging_mixin.py:188} INFO - [2026-05-08T19:04:03.842+0000] {dag.py:3096} INFO - Sync 1 DAGs
[2026-05-08T19:04:03.865+0000] {logging_mixin.py:188} INFO - [2026-05-08T19:04:03.865+0000] {dag.py:3954} INFO - Setting next_dagrun for newyork_fhv_silver to None, run_after=None
[2026-05-08T19:04:03.911+0000] {processor.py:183} INFO - Processing /opt/airflow/dags/newyork_fhv_silver.py took 0.173 seconds
[2026-05-08T19:04:34.484+0000] {processor.py:161} INFO - Started process (PID=219) to work on /opt/airflow/dags/newyork_fhv_silver.py
[2026-05-08T19:04:34.485+0000] {processor.py:830} INFO - Processing file /opt/airflow/dags/newyork_fhv_silver.py for tasks to queue
[2026-05-08T19:04:34.490+0000] {logging_mixin.py:188} INFO - [2026-05-08T19:04:34.490+0000] {dagbag.py:545} INFO - Filling up the DagBag from /opt/airflow/dags/newyork_fhv_silver.py
[2026-05-08T19:04:34.549+0000] {processor.py:840} INFO - DAG(s) 'newyork_fhv_silver' retrieved from /opt/airflow/dags/newyork_fhv_silver.py
[2026-05-08T19:04:34.576+0000] {logging_mixin.py:188} INFO - [2026-05-08T19:04:34.575+0000] {dag.py:3096} INFO - Sync 1 DAGs
[2026-05-08T19:04:34.597+0000] {logging_mixin.py:188} INFO - [2026-05-08T19:04:34.597+0000] {dag.py:3954} INFO - Setting next_dagrun for newyork_fhv_silver to None, run_after=None
[2026-05-08T19:04:34.620+0000] {processor.py:183} INFO - Processing /opt/airflow/dags/newyork_fhv_silver.py took 0.143 seconds
[2026-05-08T19:05:55.408+0000] {processor.py:161} INFO - Started process (PID=77) to work on /opt/airflow/dags/newyork_fhv_silver.py
[2026-05-08T19:05:55.410+0000] {processor.py:830} INFO - Processing file /opt/airflow/dags/newyork_fhv_silver.py for tasks to queue
[2026-05-08T19:05:55.412+0000] {logging_mixin.py:188} INFO - [2026-05-08T19:05:55.412+0000] {dagbag.py:545} INFO - Filling up the DagBag from /opt/airflow/dags/newyork_fhv_silver.py
[2026-05-08T19:05:55.455+0000] {processor.py:840} INFO - DAG(s) 'newyork_fhv_silver' retrieved from /opt/airflow/dags/newyork_fhv_silver.py
[2026-05-08T19:05:55.694+0000] {logging_mixin.py:188} INFO - [2026-05-08T19:05:55.693+0000] {dag.py:3096} INFO - Sync 1 DAGs
[2026-05-08T19:05:55.706+0000] {logging_mixin.py:188} INFO - [2026-05-08T19:05:55.705+0000] {dag.py:3954} INFO - Setting next_dagrun for newyork_fhv_silver to None, run_after=None
[2026-05-08T19:05:55.736+0000] {processor.py:183} INFO - Processing /opt/airflow/dags/newyork_fhv_silver.py took 0.337 seconds
[2026-05-08T19:06:26.595+0000] {processor.py:161} INFO - Started process (PID=88) to work on /opt/airflow/dags/newyork_fhv_silver.py
[2026-05-08T19:06:26.596+0000] {processor.py:830} INFO - Processing file /opt/airflow/dags/newyork_fhv_silver.py for tasks to queue
[2026-05-08T19:06:26.599+0000] {logging_mixin.py:188} INFO - [2026-05-08T19:06:26.599+0000] {dagbag.py:545} INFO - Filling up the DagBag from /opt/airflow/dags/newyork_fhv_silver.py
[2026-05-08T19:06:26.632+0000] {processor.py:840} INFO - DAG(s) 'newyork_fhv_silver' retrieved from /opt/airflow/dags/newyork_fhv_silver.py
[2026-05-08T19:06:26.658+0000] {logging_mixin.py:188} INFO - [2026-05-08T19:06:26.657+0000] {dag.py:3096} INFO - Sync 1 DAGs
[2026-05-08T19:06:26.673+0000] {logging_mixin.py:188} INFO - [2026-05-08T19:06:26.673+0000] {dag.py:3954} INFO - Setting next_dagrun for newyork_fhv_silver to None, run_after=None
[2026-05-08T19:06:26.714+0000] {processor.py:183} INFO - Processing /opt/airflow/dags/newyork_fhv_silver.py took 0.127 seconds
[2026-05-08T19:06:57.430+0000] {processor.py:161} INFO - Started process (PID=99) to work on /opt/airflow/dags/newyork_fhv_silver.py
[2026-05-08T19:06:57.432+0000] {processor.py:830} INFO - Processing file /opt/airflow/dags/newyork_fhv_silver.py for tasks to queue
[2026-05-08T19:06:57.435+0000] {logging_mixin.py:188} INFO - [2026-05-08T19:06:57.435+0000] {dagbag.py:545} INFO - Filling up the DagBag from /opt/airflow/dags/newyork_fhv_silver.py
[2026-05-08T19:06:57.465+0000] {processor.py:840} INFO - DAG(s) 'newyork_fhv_silver' retrieved from /opt/airflow/dags/newyork_fhv_silver.py
[2026-05-08T19:06:57.484+0000] {logging_mixin.py:188} INFO - [2026-05-08T19:06:57.483+0000] {dag.py:3096} INFO - Sync 1 DAGs
[2026-05-08T19:06:57.500+0000] {logging_mixin.py:188} INFO - [2026-05-08T19:06:57.499+0000] {dag.py:3954} INFO - Setting next_dagrun for newyork_fhv_silver to None, run_after=None
[2026-05-08T19:06:57.534+0000] {processor.py:183} INFO - Processing /opt/airflow/dags/newyork_fhv_silver.py took 0.111 seconds
[2026-05-08T19:07:28.512+0000] {processor.py:161} INFO - Started process (PID=117) to work on /opt/airflow/dags/newyork_fhv_silver.py
[2026-05-08T19:07:28.514+0000] {processor.py:830} INFO - Processing file /opt/airflow/dags/newyork_fhv_silver.py for tasks to queue
[2026-05-08T19:07:28.517+0000] {logging_mixin.py:188} INFO - [2026-05-08T19:07:28.517+0000] {dagbag.py:545} INFO - Filling up the DagBag from /opt/airflow/dags/newyork_fhv_silver.py
[2026-05-08T19:07:28.550+0000] {processor.py:840} INFO - DAG(s) 'newyork_fhv_silver' retrieved from /opt/airflow/dags/newyork_fhv_silver.py
[2026-05-08T19:07:28.573+0000] {logging_mixin.py:188} INFO - [2026-05-08T19:07:28.572+0000] {dag.py:3096} INFO - Sync 1 DAGs
[2026-05-08T19:07:28.586+0000] {logging_mixin.py:188} INFO - [2026-05-08T19:07:28.586+0000] {dag.py:3954} INFO - Setting next_dagrun for newyork_fhv_silver to None, run_after=None
[2026-05-08T19:07:28.612+0000] {processor.py:183} INFO - Processing /opt/airflow/dags/newyork_fhv_silver.py took 0.106 seconds
[2026-05-08T19:07:59.417+0000] {processor.py:161} INFO - Started process (PID=128) to work on /opt/airflow/dags/newyork_fhv_silver.py
[2026-05-08T19:07:59.418+0000] {processor.py:830} INFO - Processing file /opt/airflow/dags/newyork_fhv_silver.py for tasks to queue
[2026-05-08T19:07:59.421+0000] {logging_mixin.py:188} INFO - [2026-05-08T19:07:59.420+0000] {dagbag.py:545} INFO - Filling up the DagBag from /opt/airflow/dags/newyork_fhv_silver.py
[2026-05-08T19:07:59.461+0000] {processor.py:840} INFO - DAG(s) 'newyork_fhv_silver' retrieved from /opt/airflow/dags/newyork_fhv_silver.py
[2026-05-08T19:07:59.481+0000] {logging_mixin.py:188} INFO - [2026-05-08T19:07:59.480+0000] {dag.py:3096} INFO - Sync 1 DAGs
[2026-05-08T19:07:59.496+0000] {logging_mixin.py:188} INFO - [2026-05-08T19:07:59.496+0000] {dag.py:3954} INFO - Setting next_dagrun for newyork_fhv_silver to None, run_after=None
[2026-05-08T19:07:59.526+0000] {processor.py:183} INFO - Processing /opt/airflow/dags/newyork_fhv_silver.py took 0.117 seconds
[2026-05-08T19:08:30.288+0000] {processor.py:161} INFO - Started process (PID=139) to work on /opt/airflow/dags/newyork_fhv_silver.py
[2026-05-08T19:08:30.291+0000] {processor.py:830} INFO - Processing file /opt/airflow/dags/newyork_fhv_silver.py for tasks to queue
[2026-05-08T19:08:30.295+0000] {logging_mixin.py:188} INFO - [2026-05-08T19:08:30.294+0000] {dagbag.py:545} INFO - Filling up the DagBag from /opt/airflow/dags/newyork_fhv_silver.py
[2026-05-08T19:08:30.324+0000] {processor.py:840} INFO - DAG(s) 'newyork_fhv_silver' retrieved from /opt/airflow/dags/newyork_fhv_silver.py
[2026-05-08T19:08:30.346+0000] {logging_mixin.py:188} INFO - [2026-05-08T19:08:30.345+0000] {dag.py:3096} INFO - Sync 1 DAGs
[2026-05-08T19:08:30.365+0000] {logging_mixin.py:188} INFO - [2026-05-08T19:08:30.365+0000] {dag.py:3954} INFO - Setting next_dagrun for newyork_fhv_silver to None, run_after=None
[2026-05-08T19:08:30.394+0000] {processor.py:183} INFO - Processing /opt/airflow/dags/newyork_fhv_silver.py took 0.118 seconds
[2026-05-08T19:09:01.054+0000] {processor.py:161} INFO - Started process (PID=150) to work on /opt/airflow/dags/newyork_fhv_silver.py
[2026-05-08T19:09:01.056+0000] {processor.py:830} INFO - Processing file /opt/airflow/dags/newyork_fhv_silver.py for tasks to queue
[2026-05-08T19:09:01.060+0000] {logging_mixin.py:188} INFO - [2026-05-08T19:09:01.059+0000] {dagbag.py:545} INFO - Filling up the DagBag from /opt/airflow/dags/newyork_fhv_silver.py
[2026-05-08T19:09:01.096+0000] {processor.py:840} INFO - DAG(s) 'newyork_fhv_silver' retrieved from /opt/airflow/dags/newyork_fhv_silver.py
[2026-05-08T19:09:01.120+0000] {logging_mixin.py:188} INFO - [2026-05-08T19:09:01.120+0000] {dag.py:3096} INFO - Sync 1 DAGs
[2026-05-08T19:09:01.136+0000] {logging_mixin.py:188} INFO - [2026-05-08T19:09:01.136+0000] {dag.py:3954} INFO - Setting next_dagrun for newyork_fhv_silver to None, run_after=None
[2026-05-08T19:09:01.160+0000] {processor.py:183} INFO - Processing /opt/airflow/dags/newyork_fhv_silver.py took 0.115 seconds
[2026-05-08T19:09:31.972+0000] {processor.py:161} INFO - Started process (PID=161) to work on /opt/airflow/dags/newyork_fhv_silver.py
[2026-05-08T19:09:31.974+0000] {processor.py:830} INFO - Processing file /opt/airflow/dags/newyork_fhv_silver.py for tasks to queue
[2026-05-08T19:09:31.976+0000] {logging_mixin.py:188} INFO - [2026-05-08T19:09:31.976+0000] {dagbag.py:545} INFO - Filling up the DagBag from /opt/airflow/dags/newyork_fhv_silver.py
[2026-05-08T19:09:31.998+0000] {processor.py:840} INFO - DAG(s) 'newyork_fhv_silver' retrieved from /opt/airflow/dags/newyork_fhv_silver.py
[2026-05-08T19:09:32.018+0000] {logging_mixin.py:188} INFO - [2026-05-08T19:09:32.018+0000] {dag.py:3096} INFO - Sync 1 DAGs
[2026-05-08T19:09:32.030+0000] {logging_mixin.py:188} INFO - [2026-05-08T19:09:32.030+0000] {dag.py:3954} INFO - Setting next_dagrun for newyork_fhv_silver to None, run_after=None
[2026-05-08T19:09:32.054+0000] {processor.py:183} INFO - Processing /opt/airflow/dags/newyork_fhv_silver.py took 0.089 seconds
[2026-05-08T19:10:02.889+0000] {processor.py:161} INFO - Started process (PID=172) to work on /opt/airflow/dags/newyork_fhv_silver.py
[2026-05-08T19:10:02.891+0000] {processor.py:830} INFO - Processing file /opt/airflow/dags/newyork_fhv_silver.py for tasks to queue
[2026-05-08T19:10:02.895+0000] {logging_mixin.py:188} INFO - [2026-05-08T19:10:02.894+0000] {dagbag.py:545} INFO - Filling up the DagBag from /opt/airflow/dags/newyork_fhv_silver.py
[2026-05-08T19:10:02.940+0000] {processor.py:840} INFO - DAG(s) 'newyork_fhv_silver' retrieved from /opt/airflow/dags/newyork_fhv_silver.py
[2026-05-08T19:10:02.975+0000] {logging_mixin.py:188} INFO - [2026-05-08T19:10:02.975+0000] {dag.py:3096} INFO - Sync 1 DAGs
[2026-05-08T19:10:02.990+0000] {logging_mixin.py:188} INFO - [2026-05-08T19:10:02.989+0000] {dag.py:3954} INFO - Setting next_dagrun for newyork_fhv_silver to None, run_after=None
[2026-05-08T19:10:03.016+0000] {processor.py:183} INFO - Processing /opt/airflow/dags/newyork_fhv_silver.py took 0.139 seconds
[2026-05-08T19:10:33.984+0000] {processor.py:161} INFO - Started process (PID=183) to work on /opt/airflow/dags/newyork_fhv_silver.py
[2026-05-08T19:10:33.987+0000] {processor.py:830} INFO - Processing file /opt/airflow/dags/newyork_fhv_silver.py for tasks to queue
[2026-05-08T19:10:33.991+0000] {logging_mixin.py:188} INFO - [2026-05-08T19:10:33.990+0000] {dagbag.py:545} INFO - Filling up the DagBag from /opt/airflow/dags/newyork_fhv_silver.py
[2026-05-08T19:10:34.026+0000] {processor.py:840} INFO - DAG(s) 'newyork_fhv_silver' retrieved from /opt/airflow/dags/newyork_fhv_silver.py
[2026-05-08T19:10:34.048+0000] {logging_mixin.py:188} INFO - [2026-05-08T19:10:34.048+0000] {dag.py:3096} INFO - Sync 1 DAGs
[2026-05-08T19:10:34.060+0000] {logging_mixin.py:188} INFO - [2026-05-08T19:10:34.060+0000] {dag.py:3954} INFO - Setting next_dagrun for newyork_fhv_silver to None, run_after=None
[2026-05-08T19:10:34.103+0000] {processor.py:183} INFO - Processing /opt/airflow/dags/newyork_fhv_silver.py took 0.129 seconds
[2026-05-08T19:11:05.125+0000] {processor.py:161} INFO - Started process (PID=194) to work on /opt/airflow/dags/newyork_fhv_silver.py
[2026-05-08T19:11:05.128+0000] {processor.py:830} INFO - Processing file /opt/airflow/dags/newyork_fhv_silver.py for tasks to queue
[2026-05-08T19:11:05.132+0000] {logging_mixin.py:188} INFO - [2026-05-08T19:11:05.132+0000] {dagbag.py:545} INFO - Filling up the DagBag from /opt/airflow/dags/newyork_fhv_silver.py
[2026-05-08T19:11:05.170+0000] {processor.py:840} INFO - DAG(s) 'newyork_fhv_silver' retrieved from /opt/airflow/dags/newyork_fhv_silver.py
[2026-05-08T19:11:05.204+0000] {logging_mixin.py:188} INFO - [2026-05-08T19:11:05.203+0000] {dag.py:3096} INFO - Sync 1 DAGs
[2026-05-08T19:11:05.219+0000] {logging_mixin.py:188} INFO - [2026-05-08T19:11:05.219+0000] {dag.py:3954} INFO - Setting next_dagrun for newyork_fhv_silver to None, run_after=None
[2026-05-08T19:11:05.247+0000] {processor.py:183} INFO - Processing /opt/airflow/dags/newyork_fhv_silver.py took 0.130 seconds
[2026-05-08T19:11:36.295+0000] {processor.py:161} INFO - Started process (PID=205) to work on /opt/airflow/dags/newyork_fhv_silver.py
[2026-05-08T19:11:36.297+0000] {processor.py:830} INFO - Processing file /opt/airflow/dags/newyork_fhv_silver.py for tasks to queue
[2026-05-08T19:11:36.301+0000] {logging_mixin.py:188} INFO - [2026-05-08T19:11:36.301+0000] {dagbag.py:545} INFO - Filling up the DagBag from /opt/airflow/dags/newyork_fhv_silver.py
[2026-05-08T19:11:36.340+0000] {processor.py:840} INFO - DAG(s) 'newyork_fhv_silver' retrieved from /opt/airflow/dags/newyork_fhv_silver.py
[2026-05-08T19:11:36.361+0000] {logging_mixin.py:188} INFO - [2026-05-08T19:11:36.361+0000] {dag.py:3096} INFO - Sync 1 DAGs
[2026-05-08T19:11:36.377+0000] {logging_mixin.py:188} INFO - [2026-05-08T19:11:36.377+0000] {dag.py:3954} INFO - Setting next_dagrun for newyork_fhv_silver to None, run_after=None
[2026-05-08T19:11:36.401+0000] {processor.py:183} INFO - Processing /opt/airflow/dags/newyork_fhv_silver.py took 0.114 seconds
[2026-05-08T19:12:06.691+0000] {processor.py:161} INFO - Started process (PID=216) to work on /opt/airflow/dags/newyork_fhv_silver.py
[2026-05-08T19:12:06.694+0000] {processor.py:830} INFO - Processing file /opt/airflow/dags/newyork_fhv_silver.py for tasks to queue
[2026-05-08T19:12:06.697+0000] {logging_mixin.py:188} INFO - [2026-05-08T19:12:06.697+0000] {dagbag.py:545} INFO - Filling up the DagBag from /opt/airflow/dags/newyork_fhv_silver.py
[2026-05-08T19:12:06.732+0000] {processor.py:840} INFO - DAG(s) 'newyork_fhv_silver' retrieved from /opt/airflow/dags/newyork_fhv_silver.py
[2026-05-08T19:12:06.756+0000] {logging_mixin.py:188} INFO - [2026-05-08T19:12:06.755+0000] {dag.py:3096} INFO - Sync 1 DAGs
[2026-05-08T19:12:06.772+0000] {logging_mixin.py:188} INFO - [2026-05-08T19:12:06.772+0000] {dag.py:3954} INFO - Setting next_dagrun for newyork_fhv_silver to None, run_after=None
[2026-05-08T19:12:06.797+0000] {processor.py:183} INFO - Processing /opt/airflow/dags/newyork_fhv_silver.py took 0.116 seconds
[2026-05-08T19:12:37.729+0000] {processor.py:161} INFO - Started process (PID=227) to work on /opt/airflow/dags/newyork_fhv_silver.py
[2026-05-08T19:12:37.731+0000] {processor.py:830} INFO - Processing file /opt/airflow/dags/newyork_fhv_silver.py for tasks to queue
[2026-05-08T19:12:37.733+0000] {logging_mixin.py:188} INFO - [2026-05-08T19:12:37.733+0000] {dagbag.py:545} INFO - Filling up the DagBag from /opt/airflow/dags/newyork_fhv_silver.py
[2026-05-08T19:12:37.753+0000] {processor.py:840} INFO - DAG(s) 'newyork_fhv_silver' retrieved from /opt/airflow/dags/newyork_fhv_silver.py
[2026-05-08T19:12:37.779+0000] {logging_mixin.py:188} INFO - [2026-05-08T19:12:37.779+0000] {dag.py:3096} INFO - Sync 1 DAGs
[2026-05-08T19:12:37.794+0000] {logging_mixin.py:188} INFO - [2026-05-08T19:12:37.794+0000] {dag.py:3954} INFO - Setting next_dagrun for newyork_fhv_silver to None, run_after=None
[2026-05-08T19:12:37.823+0000] {processor.py:183} INFO - Processing /opt/airflow/dags/newyork_fhv_silver.py took 0.100 seconds
[2026-05-08T19:13:08.690+0000] {processor.py:161} INFO - Started process (PID=237) to work on /opt/airflow/dags/newyork_fhv_silver.py
[2026-05-08T19:13:08.692+0000] {processor.py:830} INFO - Processing file /opt/airflow/dags/newyork_fhv_silver.py for tasks to queue
[2026-05-08T19:13:08.694+0000] {logging_mixin.py:188} INFO - [2026-05-08T19:13:08.694+0000] {dagbag.py:545} INFO - Filling up the DagBag from /opt/airflow/dags/newyork_fhv_silver.py
[2026-05-08T19:13:08.727+0000] {processor.py:840} INFO - DAG(s) 'newyork_fhv_silver' retrieved from /opt/airflow/dags/newyork_fhv_silver.py
[2026-05-08T19:13:08.767+0000] {logging_mixin.py:188} INFO - [2026-05-08T19:13:08.767+0000] {dag.py:3096} INFO - Sync 1 DAGs
[2026-05-08T19:13:08.785+0000] {logging_mixin.py:188} INFO - [2026-05-08T19:13:08.785+0000] {dag.py:3954} INFO - Setting next_dagrun for newyork_fhv_silver to None, run_after=None
[2026-05-08T19:13:08.812+0000] {processor.py:183} INFO - Processing /opt/airflow/dags/newyork_fhv_silver.py took 0.128 seconds
[2026-05-08T19:13:39.521+0000] {processor.py:161} INFO - Started process (PID=248) to work on /opt/airflow/dags/newyork_fhv_silver.py
[2026-05-08T19:13:39.523+0000] {processor.py:830} INFO - Processing file /opt/airflow/dags/newyork_fhv_silver.py for tasks to queue
[2026-05-08T19:13:39.526+0000] {logging_mixin.py:188} INFO - [2026-05-08T19:13:39.525+0000] {dagbag.py:545} INFO - Filling up the DagBag from /opt/airflow/dags/newyork_fhv_silver.py
[2026-05-08T19:13:39.555+0000] {processor.py:840} INFO - DAG(s) 'newyork_fhv_silver' retrieved from /opt/airflow/dags/newyork_fhv_silver.py
[2026-05-08T19:13:39.575+0000] {logging_mixin.py:188} INFO - [2026-05-08T19:13:39.575+0000] {dag.py:3096} INFO - Sync 1 DAGs
[2026-05-08T19:13:39.590+0000] {logging_mixin.py:188} INFO - [2026-05-08T19:13:39.590+0000] {dag.py:3954} INFO - Setting next_dagrun for newyork_fhv_silver to None, run_after=None
[2026-05-08T19:13:39.629+0000] {processor.py:183} INFO - Processing /opt/airflow/dags/newyork_fhv_silver.py took 0.116 seconds
[2026-05-08T19:14:10.380+0000] {processor.py:161} INFO - Started process (PID=259) to work on /opt/airflow/dags/newyork_fhv_silver.py
[2026-05-08T19:14:10.381+0000] {processor.py:830} INFO - Processing file /opt/airflow/dags/newyork_fhv_silver.py for tasks to queue
[2026-05-08T19:14:10.385+0000] {logging_mixin.py:188} INFO - [2026-05-08T19:14:10.384+0000] {dagbag.py:545} INFO - Filling up the DagBag from /opt/airflow/dags/newyork_fhv_silver.py
[2026-05-08T19:14:10.412+0000] {processor.py:840} INFO - DAG(s) 'newyork_fhv_silver' retrieved from /opt/airflow/dags/newyork_fhv_silver.py
[2026-05-08T19:14:10.439+0000] {logging_mixin.py:188} INFO - [2026-05-08T19:14:10.439+0000] {dag.py:3096} INFO - Sync 1 DAGs
[2026-05-08T19:14:10.455+0000] {logging_mixin.py:188} INFO - [2026-05-08T19:14:10.455+0000] {dag.py:3954} INFO - Setting next_dagrun for newyork_fhv_silver to None, run_after=None
[2026-05-08T19:14:10.478+0000] {processor.py:183} INFO - Processing /opt/airflow/dags/newyork_fhv_silver.py took 0.105 seconds
[2026-05-08T19:14:41.324+0000] {processor.py:161} INFO - Started process (PID=270) to work on /opt/airflow/dags/newyork_fhv_silver.py
[2026-05-08T19:14:41.325+0000] {processor.py:830} INFO - Processing file /opt/airflow/dags/newyork_fhv_silver.py for tasks to queue
[2026-05-08T19:14:41.327+0000] {logging_mixin.py:188} INFO - [2026-05-08T19:14:41.327+0000] {dagbag.py:545} INFO - Filling up the DagBag from /opt/airflow/dags/newyork_fhv_silver.py
[2026-05-08T19:14:41.354+0000] {processor.py:840} INFO - DAG(s) 'newyork_fhv_silver' retrieved from /opt/airflow/dags/newyork_fhv_silver.py
[2026-05-08T19:14:41.374+0000] {logging_mixin.py:188} INFO - [2026-05-08T19:14:41.374+0000] {dag.py:3096} INFO - Sync 1 DAGs
[2026-05-08T19:14:41.390+0000] {logging_mixin.py:188} INFO - [2026-05-08T19:14:41.390+0000] {dag.py:3954} INFO - Setting next_dagrun for newyork_fhv_silver to None, run_after=None
[2026-05-08T19:14:41.412+0000] {processor.py:183} INFO - Processing /opt/airflow/dags/newyork_fhv_silver.py took 0.096 seconds
[2026-05-08T19:15:12.163+0000] {processor.py:161} INFO - Started process (PID=282) to work on /opt/airflow/dags/newyork_fhv_silver.py
[2026-05-08T19:15:12.165+0000] {processor.py:830} INFO - Processing file /opt/airflow/dags/newyork_fhv_silver.py for tasks to queue
[2026-05-08T19:15:12.168+0000] {logging_mixin.py:188} INFO - [2026-05-08T19:15:12.168+0000] {dagbag.py:545} INFO - Filling up the DagBag from /opt/airflow/dags/newyork_fhv_silver.py
[2026-05-08T19:15:12.199+0000] {processor.py:840} INFO - DAG(s) 'newyork_fhv_silver' retrieved from /opt/airflow/dags/newyork_fhv_silver.py
[2026-05-08T19:15:12.218+0000] {logging_mixin.py:188} INFO - [2026-05-08T19:15:12.218+0000] {dag.py:3096} INFO - Sync 1 DAGs
[2026-05-08T19:15:12.231+0000] {logging_mixin.py:188} INFO - [2026-05-08T19:15:12.231+0000] {dag.py:3954} INFO - Setting next_dagrun for newyork_fhv_silver to None, run_after=None
[2026-05-08T19:15:12.259+0000] {processor.py:183} INFO - Processing /opt/airflow/dags/newyork_fhv_silver.py took 0.108 seconds
[2026-05-08T19:15:43.234+0000] {processor.py:161} INFO - Started process (PID=293) to work on /opt/airflow/dags/newyork_fhv_silver.py
[2026-05-08T19:15:43.235+0000] {processor.py:830} INFO - Processing file /opt/airflow/dags/newyork_fhv_silver.py for tasks to queue
[2026-05-08T19:15:43.237+0000] {logging_mixin.py:188} INFO - [2026-05-08T19:15:43.237+0000] {dagbag.py:545} INFO - Filling up the DagBag from /opt/airflow/dags/newyork_fhv_silver.py
[2026-05-08T19:15:43.263+0000] {processor.py:840} INFO - DAG(s) 'newyork_fhv_silver' retrieved from /opt/airflow/dags/newyork_fhv_silver.py
[2026-05-08T19:15:43.284+0000] {logging_mixin.py:188} INFO - [2026-05-08T19:15:43.284+0000] {dag.py:3096} INFO - Sync 1 DAGs
[2026-05-08T19:15:43.298+0000] {logging_mixin.py:188} INFO - [2026-05-08T19:15:43.298+0000] {dag.py:3954} INFO - Setting next_dagrun for newyork_fhv_silver to None, run_after=None
[2026-05-08T19:15:43.327+0000] {processor.py:183} INFO - Processing /opt/airflow/dags/newyork_fhv_silver.py took 0.099 seconds
[2026-05-08T19:16:14.265+0000] {processor.py:161} INFO - Started process (PID=304) to work on /opt/airflow/dags/newyork_fhv_silver.py
[2026-05-08T19:16:14.267+0000] {processor.py:830} INFO - Processing file /opt/airflow/dags/newyork_fhv_silver.py for tasks to queue
[2026-05-08T19:16:14.270+0000] {logging_mixin.py:188} INFO - [2026-05-08T19:16:14.269+0000] {dagbag.py:545} INFO - Filling up the DagBag from /opt/airflow/dags/newyork_fhv_silver.py
[2026-05-08T19:16:14.307+0000] {processor.py:840} INFO - DAG(s) 'newyork_fhv_silver' retrieved from /opt/airflow/dags/newyork_fhv_silver.py
[2026-05-08T19:16:14.336+0000] {logging_mixin.py:188} INFO - [2026-05-08T19:16:14.336+0000] {dag.py:3096} INFO - Sync 1 DAGs
[2026-05-08T19:16:14.352+0000] {logging_mixin.py:188} INFO - [2026-05-08T19:16:14.352+0000] {dag.py:3954} INFO - Setting next_dagrun for newyork_fhv_silver to None, run_after=None
[2026-05-08T19:16:14.378+0000] {processor.py:183} INFO - Processing /opt/airflow/dags/newyork_fhv_silver.py took 0.119 seconds
[2026-05-08T19:16:45.243+0000] {processor.py:161} INFO - Started process (PID=315) to work on /opt/airflow/dags/newyork_fhv_silver.py
[2026-05-08T19:16:45.244+0000] {processor.py:830} INFO - Processing file /opt/airflow/dags/newyork_fhv_silver.py for tasks to queue
[2026-05-08T19:16:45.248+0000] {logging_mixin.py:188} INFO - [2026-05-08T19:16:45.248+0000] {dagbag.py:545} INFO - Filling up the DagBag from /opt/airflow/dags/newyork_fhv_silver.py
[2026-05-08T19:16:45.281+0000] {processor.py:840} INFO - DAG(s) 'newyork_fhv_silver' retrieved from /opt/airflow/dags/newyork_fhv_silver.py
[2026-05-08T19:16:45.303+0000] {logging_mixin.py:188} INFO - [2026-05-08T19:16:45.303+0000] {dag.py:3096} INFO - Sync 1 DAGs
[2026-05-08T19:16:45.316+0000] {logging_mixin.py:188} INFO - [2026-05-08T19:16:45.315+0000] {dag.py:3954} INFO - Setting next_dagrun for newyork_fhv_silver to None, run_after=None
[2026-05-08T19:16:45.337+0000] {processor.py:183} INFO - Processing /opt/airflow/dags/newyork_fhv_silver.py took 0.102 seconds
[2026-05-08T19:17:16.178+0000] {processor.py:161} INFO - Started process (PID=327) to work on /opt/airflow/dags/newyork_fhv_silver.py
[2026-05-08T19:17:16.179+0000] {processor.py:830} INFO - Processing file /opt/airflow/dags/newyork_fhv_silver.py for tasks to queue
[2026-05-08T19:17:16.182+0000] {logging_mixin.py:188} INFO - [2026-05-08T19:17:16.181+0000] {dagbag.py:545} INFO - Filling up the DagBag from /opt/airflow/dags/newyork_fhv_silver.py
[2026-05-08T19:17:16.209+0000] {processor.py:840} INFO - DAG(s) 'newyork_fhv_silver' retrieved from /opt/airflow/dags/newyork_fhv_silver.py
[2026-05-08T19:17:16.234+0000] {logging_mixin.py:188} INFO - [2026-05-08T19:17:16.233+0000] {dag.py:3096} INFO - Sync 1 DAGs
[2026-05-08T19:17:16.251+0000] {logging_mixin.py:188} INFO - [2026-05-08T19:17:16.251+0000] {dag.py:3954} INFO - Setting next_dagrun for newyork_fhv_silver to None, run_after=None
[2026-05-08T19:17:16.277+0000] {processor.py:183} INFO - Processing /opt/airflow/dags/newyork_fhv_silver.py took 0.107 seconds
[2026-05-08T19:17:47.053+0000] {processor.py:161} INFO - Started process (PID=338) to work on /opt/airflow/dags/newyork_fhv_silver.py
[2026-05-08T19:17:47.054+0000] {processor.py:830} INFO - Processing file /opt/airflow/dags/newyork_fhv_silver.py for tasks to queue
[2026-05-08T19:17:47.058+0000] {logging_mixin.py:188} INFO - [2026-05-08T19:17:47.057+0000] {dagbag.py:545} INFO - Filling up the DagBag from /opt/airflow/dags/newyork_fhv_silver.py
[2026-05-08T19:17:47.089+0000] {processor.py:840} INFO - DAG(s) 'newyork_fhv_silver' retrieved from /opt/airflow/dags/newyork_fhv_silver.py
[2026-05-08T19:17:47.110+0000] {logging_mixin.py:188} INFO - [2026-05-08T19:17:47.109+0000] {dag.py:3096} INFO - Sync 1 DAGs
[2026-05-08T19:17:47.123+0000] {logging_mixin.py:188} INFO - [2026-05-08T19:17:47.123+0000] {dag.py:3954} INFO - Setting next_dagrun for newyork_fhv_silver to None, run_after=None
[2026-05-08T19:17:47.147+0000] {processor.py:183} INFO - Processing /opt/airflow/dags/newyork_fhv_silver.py took 0.102 seconds
[2026-05-08T19:18:17.836+0000] {processor.py:161} INFO - Started process (PID=349) to work on /opt/airflow/dags/newyork_fhv_silver.py
[2026-05-08T19:18:17.837+0000] {processor.py:830} INFO - Processing file /opt/airflow/dags/newyork_fhv_silver.py for tasks to queue
[2026-05-08T19:18:17.839+0000] {logging_mixin.py:188} INFO - [2026-05-08T19:18:17.839+0000] {dagbag.py:545} INFO - Filling up the DagBag from /opt/airflow/dags/newyork_fhv_silver.py
[2026-05-08T19:18:17.859+0000] {processor.py:840} INFO - DAG(s) 'newyork_fhv_silver' retrieved from /opt/airflow/dags/newyork_fhv_silver.py
[2026-05-08T19:18:17.886+0000] {logging_mixin.py:188} INFO - [2026-05-08T19:18:17.885+0000] {dag.py:3096} INFO - Sync 1 DAGs
[2026-05-08T19:18:17.900+0000] {logging_mixin.py:188} INFO - [2026-05-08T19:18:17.899+0000] {dag.py:3954} INFO - Setting next_dagrun for newyork_fhv_silver to None, run_after=None
[2026-05-08T19:18:17.924+0000] {processor.py:183} INFO - Processing /opt/airflow/dags/newyork_fhv_silver.py took 0.096 seconds
[2026-05-08T19:18:48.664+0000] {processor.py:161} INFO - Started process (PID=360) to work on /opt/airflow/dags/newyork_fhv_silver.py
[2026-05-08T19:18:48.666+0000] {processor.py:830} INFO - Processing file /opt/airflow/dags/newyork_fhv_silver.py for tasks to queue
[2026-05-08T19:18:48.668+0000] {logging_mixin.py:188} INFO - [2026-05-08T19:18:48.668+0000] {dagbag.py:545} INFO - Filling up the DagBag from /opt/airflow/dags/newyork_fhv_silver.py
[2026-05-08T19:18:48.692+0000] {processor.py:840} INFO - DAG(s) 'newyork_fhv_silver' retrieved from /opt/airflow/dags/newyork_fhv_silver.py
[2026-05-08T19:18:48.717+0000] {logging_mixin.py:188} INFO - [2026-05-08T19:18:48.716+0000] {dag.py:3096} INFO - Sync 1 DAGs
[2026-05-08T19:18:48.731+0000] {logging_mixin.py:188} INFO - [2026-05-08T19:18:48.731+0000] {dag.py:3954} INFO - Setting next_dagrun for newyork_fhv_silver to None, run_after=None
[2026-05-08T19:18:48.754+0000] {processor.py:183} INFO - Processing /opt/airflow/dags/newyork_fhv_silver.py took 0.095 seconds
[2026-05-08T19:19:19.465+0000] {processor.py:161} INFO - Started process (PID=371) to work on /opt/airflow/dags/newyork_fhv_silver.py
[2026-05-08T19:19:19.466+0000] {processor.py:830} INFO - Processing file /opt/airflow/dags/newyork_fhv_silver.py for tasks to queue
[2026-05-08T19:19:19.469+0000] {logging_mixin.py:188} INFO - [2026-05-08T19:19:19.469+0000] {dagbag.py:545} INFO - Filling up the DagBag from /opt/airflow/dags/newyork_fhv_silver.py
[2026-05-08T19:19:19.498+0000] {processor.py:840} INFO - DAG(s) 'newyork_fhv_silver' retrieved from /opt/airflow/dags/newyork_fhv_silver.py
[2026-05-08T19:19:19.525+0000] {logging_mixin.py:188} INFO - [2026-05-08T19:19:19.524+0000] {dag.py:3096} INFO - Sync 1 DAGs
[2026-05-08T19:19:19.538+0000] {logging_mixin.py:188} INFO - [2026-05-08T19:19:19.538+0000] {dag.py:3954} INFO - Setting next_dagrun for newyork_fhv_silver to None, run_after=None
[2026-05-08T19:19:19.561+0000] {processor.py:183} INFO - Processing /opt/airflow/dags/newyork_fhv_silver.py took 0.103 seconds
[2026-05-08T19:19:50.408+0000] {processor.py:161} INFO - Started process (PID=382) to work on /opt/airflow/dags/newyork_fhv_silver.py
[2026-05-08T19:19:50.410+0000] {processor.py:830} INFO - Processing file /opt/airflow/dags/newyork_fhv_silver.py for tasks to queue
[2026-05-08T19:19:50.414+0000] {logging_mixin.py:188} INFO - [2026-05-08T19:19:50.413+0000] {dagbag.py:545} INFO - Filling up the DagBag from /opt/airflow/dags/newyork_fhv_silver.py
[2026-05-08T19:19:50.466+0000] {processor.py:840} INFO - DAG(s) 'newyork_fhv_silver' retrieved from /opt/airflow/dags/newyork_fhv_silver.py
[2026-05-08T19:19:50.497+0000] {logging_mixin.py:188} INFO - [2026-05-08T19:19:50.496+0000] {dag.py:3096} INFO - Sync 1 DAGs
[2026-05-08T19:19:50.512+0000] {logging_mixin.py:188} INFO - [2026-05-08T19:19:50.511+0000] {dag.py:3954} INFO - Setting next_dagrun for newyork_fhv_silver to None, run_after=None
[2026-05-08T19:19:50.537+0000] {processor.py:183} INFO - Processing /opt/airflow/dags/newyork_fhv_silver.py took 0.140 seconds
[2026-05-08T19:20:21.225+0000] {processor.py:161} INFO - Started process (PID=393) to work on /opt/airflow/dags/newyork_fhv_silver.py
[2026-05-08T19:20:21.227+0000] {processor.py:830} INFO - Processing file /opt/airflow/dags/newyork_fhv_silver.py for tasks to queue
[2026-05-08T19:20:21.231+0000] {logging_mixin.py:188} INFO - [2026-05-08T19:20:21.231+0000] {dagbag.py:545} INFO - Filling up the DagBag from /opt/airflow/dags/newyork_fhv_silver.py
[2026-05-08T19:20:21.273+0000] {processor.py:840} INFO - DAG(s) 'newyork_fhv_silver' retrieved from /opt/airflow/dags/newyork_fhv_silver.py
[2026-05-08T19:20:21.322+0000] {logging_mixin.py:188} INFO - [2026-05-08T19:20:21.322+0000] {dag.py:3096} INFO - Sync 1 DAGs
[2026-05-08T19:20:21.343+0000] {logging_mixin.py:188} INFO - [2026-05-08T19:20:21.343+0000] {dag.py:3954} INFO - Setting next_dagrun for newyork_fhv_silver to None, run_after=None
[2026-05-08T19:20:21.366+0000] {processor.py:183} INFO - Processing /opt/airflow/dags/newyork_fhv_silver.py took 0.150 seconds
[2026-05-08T19:20:52.114+0000] {processor.py:161} INFO - Started process (PID=404) to work on /opt/airflow/dags/newyork_fhv_silver.py
[2026-05-08T19:20:52.116+0000] {processor.py:830} INFO - Processing file /opt/airflow/dags/newyork_fhv_silver.py for tasks to queue
[2026-05-08T19:20:52.119+0000] {logging_mixin.py:188} INFO - [2026-05-08T19:20:52.118+0000] {dagbag.py:545} INFO - Filling up the DagBag from /opt/airflow/dags/newyork_fhv_silver.py
[2026-05-08T19:20:52.158+0000] {processor.py:840} INFO - DAG(s) 'newyork_fhv_silver' retrieved from /opt/airflow/dags/newyork_fhv_silver.py
[2026-05-08T19:20:52.187+0000] {logging_mixin.py:188} INFO - [2026-05-08T19:20:52.186+0000] {dag.py:3096} INFO - Sync 1 DAGs
[2026-05-08T19:20:52.204+0000] {logging_mixin.py:188} INFO - [2026-05-08T19:20:52.204+0000] {dag.py:3954} INFO - Setting next_dagrun for newyork_fhv_silver to None, run_after=None
[2026-05-08T19:20:52.227+0000] {processor.py:183} INFO - Processing /opt/airflow/dags/newyork_fhv_silver.py took 0.121 seconds
[2026-05-08T19:21:22.334+0000] {processor.py:161} INFO - Started process (PID=415) to work on /opt/airflow/dags/newyork_fhv_silver.py
[2026-05-08T19:21:22.335+0000] {processor.py:830} INFO - Processing file /opt/airflow/dags/newyork_fhv_silver.py for tasks to queue
[2026-05-08T19:21:22.338+0000] {logging_mixin.py:188} INFO - [2026-05-08T19:21:22.337+0000] {dagbag.py:545} INFO - Filling up the DagBag from /opt/airflow/dags/newyork_fhv_silver.py
[2026-05-08T19:21:22.361+0000] {processor.py:840} INFO - DAG(s) 'newyork_fhv_silver' retrieved from /opt/airflow/dags/newyork_fhv_silver.py
[2026-05-08T19:21:22.381+0000] {logging_mixin.py:188} INFO - [2026-05-08T19:21:22.380+0000] {dag.py:3096} INFO - Sync 1 DAGs
[2026-05-08T19:21:22.396+0000] {logging_mixin.py:188} INFO - [2026-05-08T19:21:22.396+0000] {dag.py:3954} INFO - Setting next_dagrun for newyork_fhv_silver to None, run_after=None
[2026-05-08T19:21:22.423+0000] {processor.py:183} INFO - Processing /opt/airflow/dags/newyork_fhv_silver.py took 0.094 seconds
[2026-05-08T19:21:53.255+0000] {processor.py:161} INFO - Started process (PID=428) to work on /opt/airflow/dags/newyork_fhv_silver.py
[2026-05-08T19:21:53.256+0000] {processor.py:830} INFO - Processing file /opt/airflow/dags/newyork_fhv_silver.py for tasks to queue
[2026-05-08T19:21:53.260+0000] {logging_mixin.py:188} INFO - [2026-05-08T19:21:53.259+0000] {dagbag.py:545} INFO - Filling up the DagBag from /opt/airflow/dags/newyork_fhv_silver.py
[2026-05-08T19:21:53.300+0000] {processor.py:840} INFO - DAG(s) 'newyork_fhv_silver' retrieved from /opt/airflow/dags/newyork_fhv_silver.py
[2026-05-08T19:21:53.327+0000] {logging_mixin.py:188} INFO - [2026-05-08T19:21:53.327+0000] {dag.py:3096} INFO - Sync 1 DAGs
[2026-05-08T19:21:53.347+0000] {logging_mixin.py:188} INFO - [2026-05-08T19:21:53.347+0000] {dag.py:3954} INFO - Setting next_dagrun for newyork_fhv_silver to None, run_after=None
[2026-05-08T19:21:53.378+0000] {processor.py:183} INFO - Processing /opt/airflow/dags/newyork_fhv_silver.py took 0.131 seconds
[2026-05-08T19:22:28.810+0000] {processor.py:161} INFO - Started process (PID=439) to work on /opt/airflow/dags/newyork_fhv_silver.py
[2026-05-08T19:22:28.812+0000] {processor.py:830} INFO - Processing file /opt/airflow/dags/newyork_fhv_silver.py for tasks to queue
[2026-05-08T19:22:28.819+0000] {logging_mixin.py:188} INFO - [2026-05-08T19:22:28.818+0000] {dagbag.py:545} INFO - Filling up the DagBag from /opt/airflow/dags/newyork_fhv_silver.py
[2026-05-08T19:22:28.867+0000] {processor.py:840} INFO - DAG(s) 'newyork_fhv_silver' retrieved from /opt/airflow/dags/newyork_fhv_silver.py
[2026-05-08T19:22:28.933+0000] {logging_mixin.py:188} INFO - [2026-05-08T19:22:28.933+0000] {dag.py:3096} INFO - Sync 1 DAGs
[2026-05-08T19:22:28.961+0000] {logging_mixin.py:188} INFO - [2026-05-08T19:22:28.960+0000] {dag.py:3954} INFO - Setting next_dagrun for newyork_fhv_silver to None, run_after=None
[2026-05-08T19:22:29.012+0000] {processor.py:183} INFO - Processing /opt/airflow/dags/newyork_fhv_silver.py took 0.210 seconds
[2026-05-08T19:22:59.844+0000] {processor.py:161} INFO - Started process (PID=450) to work on /opt/airflow/dags/newyork_fhv_silver.py
[2026-05-08T19:22:59.846+0000] {processor.py:830} INFO - Processing file /opt/airflow/dags/newyork_fhv_silver.py for tasks to queue
[2026-05-08T19:22:59.849+0000] {logging_mixin.py:188} INFO - [2026-05-08T19:22:59.848+0000] {dagbag.py:545} INFO - Filling up the DagBag from /opt/airflow/dags/newyork_fhv_silver.py
[2026-05-08T19:22:59.873+0000] {processor.py:840} INFO - DAG(s) 'newyork_fhv_silver' retrieved from /opt/airflow/dags/newyork_fhv_silver.py
[2026-05-08T19:22:59.897+0000] {logging_mixin.py:188} INFO - [2026-05-08T19:22:59.896+0000] {dag.py:3096} INFO - Sync 1 DAGs
[2026-05-08T19:22:59.914+0000] {logging_mixin.py:188} INFO - [2026-05-08T19:22:59.913+0000] {dag.py:3954} INFO - Setting next_dagrun for newyork_fhv_silver to None, run_after=None
[2026-05-08T19:22:59.940+0000] {processor.py:183} INFO - Processing /opt/airflow/dags/newyork_fhv_silver.py took 0.105 seconds
[2026-05-08T19:23:30.818+0000] {processor.py:161} INFO - Started process (PID=461) to work on /opt/airflow/dags/newyork_fhv_silver.py
[2026-05-08T19:23:30.819+0000] {processor.py:830} INFO - Processing file /opt/airflow/dags/newyork_fhv_silver.py for tasks to queue
[2026-05-08T19:23:30.822+0000] {logging_mixin.py:188} INFO - [2026-05-08T19:23:30.822+0000] {dagbag.py:545} INFO - Filling up the DagBag from /opt/airflow/dags/newyork_fhv_silver.py
[2026-05-08T19:23:30.859+0000] {processor.py:840} INFO - DAG(s) 'newyork_fhv_silver' retrieved from /opt/airflow/dags/newyork_fhv_silver.py
[2026-05-08T19:23:30.890+0000] {logging_mixin.py:188} INFO - [2026-05-08T19:23:30.890+0000] {dag.py:3096} INFO - Sync 1 DAGs
[2026-05-08T19:23:30.904+0000] {logging_mixin.py:188} INFO - [2026-05-08T19:23:30.904+0000] {dag.py:3954} INFO - Setting next_dagrun for newyork_fhv_silver to None, run_after=None
[2026-05-08T19:23:30.927+0000] {processor.py:183} INFO - Processing /opt/airflow/dags/newyork_fhv_silver.py took 0.118 seconds
[2026-05-08T19:24:01.732+0000] {processor.py:161} INFO - Started process (PID=478) to work on /opt/airflow/dags/newyork_fhv_silver.py
[2026-05-08T19:24:01.734+0000] {processor.py:830} INFO - Processing file /opt/airflow/dags/newyork_fhv_silver.py for tasks to queue
[2026-05-08T19:24:01.737+0000] {logging_mixin.py:188} INFO - [2026-05-08T19:24:01.736+0000] {dagbag.py:545} INFO - Filling up the DagBag from /opt/airflow/dags/newyork_fhv_silver.py
[2026-05-08T19:24:01.766+0000] {processor.py:840} INFO - DAG(s) 'newyork_fhv_silver' retrieved from /opt/airflow/dags/newyork_fhv_silver.py
[2026-05-08T19:24:01.790+0000] {logging_mixin.py:188} INFO - [2026-05-08T19:24:01.790+0000] {dag.py:3096} INFO - Sync 1 DAGs
[2026-05-08T19:24:01.804+0000] {logging_mixin.py:188} INFO - [2026-05-08T19:24:01.804+0000] {dag.py:3954} INFO - Setting next_dagrun for newyork_fhv_silver to None, run_after=None
[2026-05-08T19:24:01.826+0000] {processor.py:183} INFO - Processing /opt/airflow/dags/newyork_fhv_silver.py took 0.100 seconds
[2026-05-08T19:24:32.666+0000] {processor.py:161} INFO - Started process (PID=489) to work on /opt/airflow/dags/newyork_fhv_silver.py
[2026-05-08T19:24:32.668+0000] {processor.py:830} INFO - Processing file /opt/airflow/dags/newyork_fhv_silver.py for tasks to queue
[2026-05-08T19:24:32.671+0000] {logging_mixin.py:188} INFO - [2026-05-08T19:24:32.670+0000] {dagbag.py:545} INFO - Filling up the DagBag from /opt/airflow/dags/newyork_fhv_silver.py
[2026-05-08T19:24:32.705+0000] {processor.py:840} INFO - DAG(s) 'newyork_fhv_silver' retrieved from /opt/airflow/dags/newyork_fhv_silver.py
[2026-05-08T19:24:32.729+0000] {logging_mixin.py:188} INFO - [2026-05-08T19:24:32.728+0000] {dag.py:3096} INFO - Sync 1 DAGs
[2026-05-08T19:24:32.744+0000] {logging_mixin.py:188} INFO - [2026-05-08T19:24:32.744+0000] {dag.py:3954} INFO - Setting next_dagrun for newyork_fhv_silver to None, run_after=None
[2026-05-08T19:24:32.770+0000] {processor.py:183} INFO - Processing /opt/airflow/dags/newyork_fhv_silver.py took 0.111 seconds
[2026-05-08T19:25:03.597+0000] {processor.py:161} INFO - Started process (PID=500) to work on /opt/airflow/dags/newyork_fhv_silver.py
[2026-05-08T19:25:03.598+0000] {processor.py:830} INFO - Processing file /opt/airflow/dags/newyork_fhv_silver.py for tasks to queue
[2026-05-08T19:25:03.600+0000] {logging_mixin.py:188} INFO - [2026-05-08T19:25:03.600+0000] {dagbag.py:545} INFO - Filling up the DagBag from /opt/airflow/dags/newyork_fhv_silver.py
[2026-05-08T19:25:03.624+0000] {processor.py:840} INFO - DAG(s) 'newyork_fhv_silver' retrieved from /opt/airflow/dags/newyork_fhv_silver.py
[2026-05-08T19:25:03.646+0000] {logging_mixin.py:188} INFO - [2026-05-08T19:25:03.646+0000] {dag.py:3096} INFO - Sync 1 DAGs
[2026-05-08T19:25:03.660+0000] {logging_mixin.py:188} INFO - [2026-05-08T19:25:03.659+0000] {dag.py:3954} INFO - Setting next_dagrun for newyork_fhv_silver to None, run_after=None
[2026-05-08T19:25:03.686+0000] {processor.py:183} INFO - Processing /opt/airflow/dags/newyork_fhv_silver.py took 0.095 seconds
[2026-05-08T19:25:34.399+0000] {processor.py:161} INFO - Started process (PID=511) to work on /opt/airflow/dags/newyork_fhv_silver.py
[2026-05-08T19:25:34.401+0000] {processor.py:830} INFO - Processing file /opt/airflow/dags/newyork_fhv_silver.py for tasks to queue
[2026-05-08T19:25:34.403+0000] {logging_mixin.py:188} INFO - [2026-05-08T19:25:34.403+0000] {dagbag.py:545} INFO - Filling up the DagBag from /opt/airflow/dags/newyork_fhv_silver.py
[2026-05-08T19:25:34.433+0000] {processor.py:840} INFO - DAG(s) 'newyork_fhv_silver' retrieved from /opt/airflow/dags/newyork_fhv_silver.py
[2026-05-08T19:25:34.453+0000] {logging_mixin.py:188} INFO - [2026-05-08T19:25:34.453+0000] {dag.py:3096} INFO - Sync 1 DAGs
[2026-05-08T19:25:34.466+0000] {logging_mixin.py:188} INFO - [2026-05-08T19:25:34.466+0000] {dag.py:3954} INFO - Setting next_dagrun for newyork_fhv_silver to None, run_after=None
[2026-05-08T19:25:34.488+0000] {processor.py:183} INFO - Processing /opt/airflow/dags/newyork_fhv_silver.py took 0.096 seconds
[2026-05-08T19:26:04.673+0000] {processor.py:161} INFO - Started process (PID=522) to work on /opt/airflow/dags/newyork_fhv_silver.py
[2026-05-08T19:26:04.675+0000] {processor.py:830} INFO - Processing file /opt/airflow/dags/newyork_fhv_silver.py for tasks to queue
[2026-05-08T19:26:04.679+0000] {logging_mixin.py:188} INFO - [2026-05-08T19:26:04.678+0000] {dagbag.py:545} INFO - Filling up the DagBag from /opt/airflow/dags/newyork_fhv_silver.py
[2026-05-08T19:26:04.718+0000] {processor.py:840} INFO - DAG(s) 'newyork_fhv_silver' retrieved from /opt/airflow/dags/newyork_fhv_silver.py
[2026-05-08T19:26:04.744+0000] {logging_mixin.py:188} INFO - [2026-05-08T19:26:04.743+0000] {dag.py:3096} INFO - Sync 1 DAGs
[2026-05-08T19:26:04.765+0000] {logging_mixin.py:188} INFO - [2026-05-08T19:26:04.764+0000] {dag.py:3954} INFO - Setting next_dagrun for newyork_fhv_silver to None, run_after=None
[2026-05-08T19:26:04.792+0000] {processor.py:183} INFO - Processing /opt/airflow/dags/newyork_fhv_silver.py took 0.126 seconds
[2026-05-08T19:26:35.755+0000] {processor.py:161} INFO - Started process (PID=533) to work on /opt/airflow/dags/newyork_fhv_silver.py
[2026-05-08T19:26:35.757+0000] {processor.py:830} INFO - Processing file /opt/airflow/dags/newyork_fhv_silver.py for tasks to queue
[2026-05-08T19:26:35.760+0000] {logging_mixin.py:188} INFO - [2026-05-08T19:26:35.759+0000] {dagbag.py:545} INFO - Filling up the DagBag from /opt/airflow/dags/newyork_fhv_silver.py
[2026-05-08T19:26:35.783+0000] {processor.py:840} INFO - DAG(s) 'newyork_fhv_silver' retrieved from /opt/airflow/dags/newyork_fhv_silver.py
[2026-05-08T19:26:35.804+0000] {logging_mixin.py:188} INFO - [2026-05-08T19:26:35.804+0000] {dag.py:3096} INFO - Sync 1 DAGs
[2026-05-08T19:26:35.819+0000] {logging_mixin.py:188} INFO - [2026-05-08T19:26:35.819+0000] {dag.py:3954} INFO - Setting next_dagrun for newyork_fhv_silver to None, run_after=None
[2026-05-08T19:26:35.846+0000] {processor.py:183} INFO - Processing /opt/airflow/dags/newyork_fhv_silver.py took 0.097 seconds
[2026-05-08T19:27:10.485+0000] {processor.py:161} INFO - Started process (PID=544) to work on /opt/airflow/dags/newyork_fhv_silver.py
[2026-05-08T19:27:10.488+0000] {processor.py:830} INFO - Processing file /opt/airflow/dags/newyork_fhv_silver.py for tasks to queue
[2026-05-08T19:27:10.492+0000] {logging_mixin.py:188} INFO - [2026-05-08T19:27:10.491+0000] {dagbag.py:545} INFO - Filling up the DagBag from /opt/airflow/dags/newyork_fhv_silver.py
[2026-05-08T19:27:10.538+0000] {processor.py:840} INFO - DAG(s) 'newyork_fhv_silver' retrieved from /opt/airflow/dags/newyork_fhv_silver.py
[2026-05-08T19:27:10.567+0000] {logging_mixin.py:188} INFO - [2026-05-08T19:27:10.566+0000] {dag.py:3096} INFO - Sync 1 DAGs
[2026-05-08T19:27:10.588+0000] {logging_mixin.py:188} INFO - [2026-05-08T19:27:10.588+0000] {dag.py:3954} INFO - Setting next_dagrun for newyork_fhv_silver to None, run_after=None
[2026-05-08T19:27:10.622+0000] {processor.py:183} INFO - Processing /opt/airflow/dags/newyork_fhv_silver.py took 0.145 seconds
[2026-05-08T19:27:41.515+0000] {processor.py:161} INFO - Started process (PID=555) to work on /opt/airflow/dags/newyork_fhv_silver.py
[2026-05-08T19:27:41.518+0000] {processor.py:830} INFO - Processing file /opt/airflow/dags/newyork_fhv_silver.py for tasks to queue
[2026-05-08T19:27:41.524+0000] {logging_mixin.py:188} INFO - [2026-05-08T19:27:41.523+0000] {dagbag.py:545} INFO - Filling up the DagBag from /opt/airflow/dags/newyork_fhv_silver.py
[2026-05-08T19:27:41.557+0000] {processor.py:840} INFO - DAG(s) 'newyork_fhv_silver' retrieved from /opt/airflow/dags/newyork_fhv_silver.py
[2026-05-08T19:27:41.581+0000] {logging_mixin.py:188} INFO - [2026-05-08T19:27:41.580+0000] {dag.py:3096} INFO - Sync 1 DAGs
[2026-05-08T19:27:41.593+0000] {logging_mixin.py:188} INFO - [2026-05-08T19:27:41.593+0000] {dag.py:3954} INFO - Setting next_dagrun for newyork_fhv_silver to None, run_after=None
[2026-05-08T19:27:41.617+0000] {processor.py:183} INFO - Processing /opt/airflow/dags/newyork_fhv_silver.py took 0.119 seconds
[2026-05-08T19:28:12.533+0000] {processor.py:161} INFO - Started process (PID=566) to work on /opt/airflow/dags/newyork_fhv_silver.py
[2026-05-08T19:28:12.535+0000] {processor.py:830} INFO - Processing file /opt/airflow/dags/newyork_fhv_silver.py for tasks to queue
[2026-05-08T19:28:12.537+0000] {logging_mixin.py:188} INFO - [2026-05-08T19:28:12.537+0000] {dagbag.py:545} INFO - Filling up the DagBag from /opt/airflow/dags/newyork_fhv_silver.py
[2026-05-08T19:28:12.561+0000] {processor.py:840} INFO - DAG(s) 'newyork_fhv_silver' retrieved from /opt/airflow/dags/newyork_fhv_silver.py
[2026-05-08T19:28:12.586+0000] {logging_mixin.py:188} INFO - [2026-05-08T19:28:12.586+0000] {dag.py:3096} INFO - Sync 1 DAGs
[2026-05-08T19:28:12.602+0000] {logging_mixin.py:188} INFO - [2026-05-08T19:28:12.601+0000] {dag.py:3954} INFO - Setting next_dagrun for newyork_fhv_silver to None, run_after=None
[2026-05-08T19:28:12.640+0000] {processor.py:183} INFO - Processing /opt/airflow/dags/newyork_fhv_silver.py took 0.117 seconds
[2026-05-08T19:28:43.383+0000] {processor.py:161} INFO - Started process (PID=577) to work on /opt/airflow/dags/newyork_fhv_silver.py
[2026-05-08T19:28:43.385+0000] {processor.py:830} INFO - Processing file /opt/airflow/dags/newyork_fhv_silver.py for tasks to queue
[2026-05-08T19:28:43.387+0000] {logging_mixin.py:188} INFO - [2026-05-08T19:28:43.387+0000] {dagbag.py:545} INFO - Filling up the DagBag from /opt/airflow/dags/newyork_fhv_silver.py
[2026-05-08T19:28:43.419+0000] {processor.py:840} INFO - DAG(s) 'newyork_fhv_silver' retrieved from /opt/airflow/dags/newyork_fhv_silver.py
[2026-05-08T19:28:43.441+0000] {logging_mixin.py:188} INFO - [2026-05-08T19:28:43.441+0000] {dag.py:3096} INFO - Sync 1 DAGs
[2026-05-08T19:28:43.455+0000] {logging_mixin.py:188} INFO - [2026-05-08T19:28:43.454+0000] {dag.py:3954} INFO - Setting next_dagrun for newyork_fhv_silver to None, run_after=None
[2026-05-08T19:28:43.480+0000] {processor.py:183} INFO - Processing /opt/airflow/dags/newyork_fhv_silver.py took 0.103 seconds
[2026-05-08T19:29:14.452+0000] {processor.py:161} INFO - Started process (PID=589) to work on /opt/airflow/dags/newyork_fhv_silver.py
[2026-05-08T19:29:14.454+0000] {processor.py:830} INFO - Processing file /opt/airflow/dags/newyork_fhv_silver.py for tasks to queue
[2026-05-08T19:29:14.458+0000] {logging_mixin.py:188} INFO - [2026-05-08T19:29:14.458+0000] {dagbag.py:545} INFO - Filling up the DagBag from /opt/airflow/dags/newyork_fhv_silver.py
[2026-05-08T19:29:14.500+0000] {processor.py:840} INFO - DAG(s) 'newyork_fhv_silver' retrieved from /opt/airflow/dags/newyork_fhv_silver.py
[2026-05-08T19:29:14.521+0000] {logging_mixin.py:188} INFO - [2026-05-08T19:29:14.521+0000] {dag.py:3096} INFO - Sync 1 DAGs
[2026-05-08T19:29:14.540+0000] {logging_mixin.py:188} INFO - [2026-05-08T19:29:14.540+0000] {dag.py:3954} INFO - Setting next_dagrun for newyork_fhv_silver to None, run_after=None
[2026-05-08T19:29:14.595+0000] {processor.py:183} INFO - Processing /opt/airflow/dags/newyork_fhv_silver.py took 0.151 seconds
[2026-05-08T19:29:45.468+0000] {processor.py:161} INFO - Started process (PID=600) to work on /opt/airflow/dags/newyork_fhv_silver.py
[2026-05-08T19:29:45.469+0000] {processor.py:830} INFO - Processing file /opt/airflow/dags/newyork_fhv_silver.py for tasks to queue
[2026-05-08T19:29:45.471+0000] {logging_mixin.py:188} INFO - [2026-05-08T19:29:45.471+0000] {dagbag.py:545} INFO - Filling up the DagBag from /opt/airflow/dags/newyork_fhv_silver.py
[2026-05-08T19:29:45.502+0000] {processor.py:840} INFO - DAG(s) 'newyork_fhv_silver' retrieved from /opt/airflow/dags/newyork_fhv_silver.py
[2026-05-08T19:29:45.530+0000] {logging_mixin.py:188} INFO - [2026-05-08T19:29:45.530+0000] {dag.py:3096} INFO - Sync 1 DAGs
[2026-05-08T19:29:45.544+0000] {logging_mixin.py:188} INFO - [2026-05-08T19:29:45.544+0000] {dag.py:3954} INFO - Setting next_dagrun for newyork_fhv_silver to None, run_after=None
[2026-05-08T19:29:45.572+0000] {processor.py:183} INFO - Processing /opt/airflow/dags/newyork_fhv_silver.py took 0.109 seconds
[2026-05-08T19:30:16.417+0000] {processor.py:161} INFO - Started process (PID=611) to work on /opt/airflow/dags/newyork_fhv_silver.py
[2026-05-08T19:30:16.418+0000] {processor.py:830} INFO - Processing file /opt/airflow/dags/newyork_fhv_silver.py for tasks to queue
[2026-05-08T19:30:16.421+0000] {logging_mixin.py:188} INFO - [2026-05-08T19:30:16.421+0000] {dagbag.py:545} INFO - Filling up the DagBag from /opt/airflow/dags/newyork_fhv_silver.py
[2026-05-08T19:30:16.455+0000] {processor.py:840} INFO - DAG(s) 'newyork_fhv_silver' retrieved from /opt/airflow/dags/newyork_fhv_silver.py
[2026-05-08T19:30:16.478+0000] {logging_mixin.py:188} INFO - [2026-05-08T19:30:16.477+0000] {dag.py:3096} INFO - Sync 1 DAGs
[2026-05-08T19:30:16.497+0000] {logging_mixin.py:188} INFO - [2026-05-08T19:30:16.496+0000] {dag.py:3954} INFO - Setting next_dagrun for newyork_fhv_silver to None, run_after=None
[2026-05-08T19:30:16.531+0000] {processor.py:183} INFO - Processing /opt/airflow/dags/newyork_fhv_silver.py took 0.122 seconds
[2026-05-08T19:30:47.377+0000] {processor.py:161} INFO - Started process (PID=623) to work on /opt/airflow/dags/newyork_fhv_silver.py
[2026-05-08T19:30:47.379+0000] {processor.py:830} INFO - Processing file /opt/airflow/dags/newyork_fhv_silver.py for tasks to queue
[2026-05-08T19:30:47.384+0000] {logging_mixin.py:188} INFO - [2026-05-08T19:30:47.383+0000] {dagbag.py:545} INFO - Filling up the DagBag from /opt/airflow/dags/newyork_fhv_silver.py
[2026-05-08T19:30:47.434+0000] {processor.py:840} INFO - DAG(s) 'newyork_fhv_silver' retrieved from /opt/airflow/dags/newyork_fhv_silver.py
[2026-05-08T19:30:47.456+0000] {logging_mixin.py:188} INFO - [2026-05-08T19:30:47.456+0000] {dag.py:3096} INFO - Sync 1 DAGs
[2026-05-08T19:30:47.472+0000] {logging_mixin.py:188} INFO - [2026-05-08T19:30:47.471+0000] {dag.py:3954} INFO - Setting next_dagrun for newyork_fhv_silver to None, run_after=None
[2026-05-08T19:30:47.497+0000] {processor.py:183} INFO - Processing /opt/airflow/dags/newyork_fhv_silver.py took 0.135 seconds
[2026-05-08T19:31:18.398+0000] {processor.py:161} INFO - Started process (PID=634) to work on /opt/airflow/dags/newyork_fhv_silver.py
[2026-05-08T19:31:18.400+0000] {processor.py:830} INFO - Processing file /opt/airflow/dags/newyork_fhv_silver.py for tasks to queue
[2026-05-08T19:31:18.403+0000] {logging_mixin.py:188} INFO - [2026-05-08T19:31:18.403+0000] {dagbag.py:545} INFO - Filling up the DagBag from /opt/airflow/dags/newyork_fhv_silver.py
[2026-05-08T19:31:18.434+0000] {processor.py:840} INFO - DAG(s) 'newyork_fhv_silver' retrieved from /opt/airflow/dags/newyork_fhv_silver.py
[2026-05-08T19:31:18.460+0000] {logging_mixin.py:188} INFO - [2026-05-08T19:31:18.460+0000] {dag.py:3096} INFO - Sync 1 DAGs
[2026-05-08T19:31:18.473+0000] {logging_mixin.py:188} INFO - [2026-05-08T19:31:18.473+0000] {dag.py:3954} INFO - Setting next_dagrun for newyork_fhv_silver to None, run_after=None
[2026-05-08T19:31:18.497+0000] {processor.py:183} INFO - Processing /opt/airflow/dags/newyork_fhv_silver.py took 0.107 seconds
[2026-05-08T19:31:49.281+0000] {processor.py:161} INFO - Started process (PID=645) to work on /opt/airflow/dags/newyork_fhv_silver.py
[2026-05-08T19:31:49.282+0000] {processor.py:830} INFO - Processing file /opt/airflow/dags/newyork_fhv_silver.py for tasks to queue
[2026-05-08T19:31:49.284+0000] {logging_mixin.py:188} INFO - [2026-05-08T19:31:49.284+0000] {dagbag.py:545} INFO - Filling up the DagBag from /opt/airflow/dags/newyork_fhv_silver.py
[2026-05-08T19:31:49.307+0000] {processor.py:840} INFO - DAG(s) 'newyork_fhv_silver' retrieved from /opt/airflow/dags/newyork_fhv_silver.py
[2026-05-08T19:31:49.326+0000] {logging_mixin.py:188} INFO - [2026-05-08T19:31:49.326+0000] {dag.py:3096} INFO - Sync 1 DAGs
[2026-05-08T19:31:49.338+0000] {logging_mixin.py:188} INFO - [2026-05-08T19:31:49.338+0000] {dag.py:3954} INFO - Setting next_dagrun for newyork_fhv_silver to None, run_after=None
[2026-05-08T19:31:49.366+0000] {processor.py:183} INFO - Processing /opt/airflow/dags/newyork_fhv_silver.py took 0.094 seconds
[2026-05-08T19:32:19.965+0000] {processor.py:161} INFO - Started process (PID=656) to work on /opt/airflow/dags/newyork_fhv_silver.py
[2026-05-08T19:32:19.968+0000] {processor.py:830} INFO - Processing file /opt/airflow/dags/newyork_fhv_silver.py for tasks to queue
[2026-05-08T19:32:19.971+0000] {logging_mixin.py:188} INFO - [2026-05-08T19:32:19.971+0000] {dagbag.py:545} INFO - Filling up the DagBag from /opt/airflow/dags/newyork_fhv_silver.py
[2026-05-08T19:32:19.994+0000] {processor.py:840} INFO - DAG(s) 'newyork_fhv_silver' retrieved from /opt/airflow/dags/newyork_fhv_silver.py
[2026-05-08T19:32:20.014+0000] {logging_mixin.py:188} INFO - [2026-05-08T19:32:20.013+0000] {dag.py:3096} INFO - Sync 1 DAGs
[2026-05-08T19:32:20.027+0000] {logging_mixin.py:188} INFO - [2026-05-08T19:32:20.027+0000] {dag.py:3954} INFO - Setting next_dagrun for newyork_fhv_silver to None, run_after=None
[2026-05-08T19:32:20.049+0000] {processor.py:183} INFO - Processing /opt/airflow/dags/newyork_fhv_silver.py took 0.096 seconds
[2026-05-08T19:32:50.896+0000] {processor.py:161} INFO - Started process (PID=667) to work on /opt/airflow/dags/newyork_fhv_silver.py
[2026-05-08T19:32:50.898+0000] {processor.py:830} INFO - Processing file /opt/airflow/dags/newyork_fhv_silver.py for tasks to queue
[2026-05-08T19:32:50.900+0000] {logging_mixin.py:188} INFO - [2026-05-08T19:32:50.900+0000] {dagbag.py:545} INFO - Filling up the DagBag from /opt/airflow/dags/newyork_fhv_silver.py
[2026-05-08T19:32:50.924+0000] {processor.py:840} INFO - DAG(s) 'newyork_fhv_silver' retrieved from /opt/airflow/dags/newyork_fhv_silver.py
[2026-05-08T19:32:50.942+0000] {logging_mixin.py:188} INFO - [2026-05-08T19:32:50.942+0000] {dag.py:3096} INFO - Sync 1 DAGs
[2026-05-08T19:32:50.953+0000] {logging_mixin.py:188} INFO - [2026-05-08T19:32:50.953+0000] {dag.py:3954} INFO - Setting next_dagrun for newyork_fhv_silver to None, run_after=None
[2026-05-08T19:32:50.973+0000] {processor.py:183} INFO - Processing /opt/airflow/dags/newyork_fhv_silver.py took 0.085 seconds
[2026-05-08T19:33:21.849+0000] {processor.py:161} INFO - Started process (PID=678) to work on /opt/airflow/dags/newyork_fhv_silver.py
[2026-05-08T19:33:21.851+0000] {processor.py:830} INFO - Processing file /opt/airflow/dags/newyork_fhv_silver.py for tasks to queue
[2026-05-08T19:33:21.854+0000] {logging_mixin.py:188} INFO - [2026-05-08T19:33:21.853+0000] {dagbag.py:545} INFO - Filling up the DagBag from /opt/airflow/dags/newyork_fhv_silver.py
[2026-05-08T19:33:21.878+0000] {processor.py:840} INFO - DAG(s) 'newyork_fhv_silver' retrieved from /opt/airflow/dags/newyork_fhv_silver.py
[2026-05-08T19:33:21.899+0000] {logging_mixin.py:188} INFO - [2026-05-08T19:33:21.899+0000] {dag.py:3096} INFO - Sync 1 DAGs
[2026-05-08T19:33:21.913+0000] {logging_mixin.py:188} INFO - [2026-05-08T19:33:21.912+0000] {dag.py:3954} INFO - Setting next_dagrun for newyork_fhv_silver to None, run_after=None
[2026-05-08T19:33:21.937+0000] {processor.py:183} INFO - Processing /opt/airflow/dags/newyork_fhv_silver.py took 0.096 seconds
[2026-05-08T19:33:52.743+0000] {processor.py:161} INFO - Started process (PID=689) to work on /opt/airflow/dags/newyork_fhv_silver.py
[2026-05-08T19:33:52.744+0000] {processor.py:830} INFO - Processing file /opt/airflow/dags/newyork_fhv_silver.py for tasks to queue
[2026-05-08T19:33:52.747+0000] {logging_mixin.py:188} INFO - [2026-05-08T19:33:52.747+0000] {dagbag.py:545} INFO - Filling up the DagBag from /opt/airflow/dags/newyork_fhv_silver.py
[2026-05-08T19:33:52.769+0000] {processor.py:840} INFO - DAG(s) 'newyork_fhv_silver' retrieved from /opt/airflow/dags/newyork_fhv_silver.py
[2026-05-08T19:33:52.787+0000] {logging_mixin.py:188} INFO - [2026-05-08T19:33:52.787+0000] {dag.py:3096} INFO - Sync 1 DAGs
[2026-05-08T19:33:52.800+0000] {logging_mixin.py:188} INFO - [2026-05-08T19:33:52.799+0000] {dag.py:3954} INFO - Setting next_dagrun for newyork_fhv_silver to None, run_after=None
[2026-05-08T19:33:52.822+0000] {processor.py:183} INFO - Processing /opt/airflow/dags/newyork_fhv_silver.py took 0.089 seconds
[2026-05-08T19:34:23.579+0000] {processor.py:161} INFO - Started process (PID=700) to work on /opt/airflow/dags/newyork_fhv_silver.py
[2026-05-08T19:34:23.581+0000] {processor.py:830} INFO - Processing file /opt/airflow/dags/newyork_fhv_silver.py for tasks to queue
[2026-05-08T19:34:23.583+0000] {logging_mixin.py:188} INFO - [2026-05-08T19:34:23.582+0000] {dagbag.py:545} INFO - Filling up the DagBag from /opt/airflow/dags/newyork_fhv_silver.py
[2026-05-08T19:34:23.608+0000] {processor.py:840} INFO - DAG(s) 'newyork_fhv_silver' retrieved from /opt/airflow/dags/newyork_fhv_silver.py
[2026-05-08T19:34:23.628+0000] {logging_mixin.py:188} INFO - [2026-05-08T19:34:23.628+0000] {dag.py:3096} INFO - Sync 1 DAGs
[2026-05-08T19:34:23.641+0000] {logging_mixin.py:188} INFO - [2026-05-08T19:34:23.640+0000] {dag.py:3954} INFO - Setting next_dagrun for newyork_fhv_silver to None, run_after=None
[2026-05-08T19:34:23.665+0000] {processor.py:183} INFO - Processing /opt/airflow/dags/newyork_fhv_silver.py took 0.092 seconds
[2026-05-08T19:34:54.450+0000] {processor.py:161} INFO - Started process (PID=726) to work on /opt/airflow/dags/newyork_fhv_silver.py
[2026-05-08T19:34:54.452+0000] {processor.py:830} INFO - Processing file /opt/airflow/dags/newyork_fhv_silver.py for tasks to queue
[2026-05-08T19:34:54.454+0000] {logging_mixin.py:188} INFO - [2026-05-08T19:34:54.454+0000] {dagbag.py:545} INFO - Filling up the DagBag from /opt/airflow/dags/newyork_fhv_silver.py
[2026-05-08T19:34:54.485+0000] {processor.py:840} INFO - DAG(s) 'newyork_fhv_silver' retrieved from /opt/airflow/dags/newyork_fhv_silver.py
[2026-05-08T19:34:54.507+0000] {logging_mixin.py:188} INFO - [2026-05-08T19:34:54.507+0000] {dag.py:3096} INFO - Sync 1 DAGs
[2026-05-08T19:34:54.520+0000] {logging_mixin.py:188} INFO - [2026-05-08T19:34:54.520+0000] {dag.py:3954} INFO - Setting next_dagrun for newyork_fhv_silver to None, run_after=None
[2026-05-08T19:34:54.546+0000] {processor.py:183} INFO - Processing /opt/airflow/dags/newyork_fhv_silver.py took 0.100 seconds
[2026-05-08T19:35:25.194+0000] {processor.py:161} INFO - Started process (PID=745) to work on /opt/airflow/dags/newyork_fhv_silver.py
[2026-05-08T19:35:25.195+0000] {processor.py:830} INFO - Processing file /opt/airflow/dags/newyork_fhv_silver.py for tasks to queue
[2026-05-08T19:35:25.197+0000] {logging_mixin.py:188} INFO - [2026-05-08T19:35:25.197+0000] {dagbag.py:545} INFO - Filling up the DagBag from /opt/airflow/dags/newyork_fhv_silver.py
[2026-05-08T19:35:25.234+0000] {processor.py:840} INFO - DAG(s) 'newyork_fhv_silver' retrieved from /opt/airflow/dags/newyork_fhv_silver.py
[2026-05-08T19:35:25.257+0000] {logging_mixin.py:188} INFO - [2026-05-08T19:35:25.257+0000] {dag.py:3096} INFO - Sync 1 DAGs
[2026-05-08T19:35:25.270+0000] {logging_mixin.py:188} INFO - [2026-05-08T19:35:25.270+0000] {dag.py:3954} INFO - Setting next_dagrun for newyork_fhv_silver to None, run_after=None
[2026-05-08T19:35:25.293+0000] {processor.py:183} INFO - Processing /opt/airflow/dags/newyork_fhv_silver.py took 0.106 seconds
[2026-05-08T19:35:56.246+0000] {processor.py:161} INFO - Started process (PID=756) to work on /opt/airflow/dags/newyork_fhv_silver.py
[2026-05-08T19:35:56.247+0000] {processor.py:830} INFO - Processing file /opt/airflow/dags/newyork_fhv_silver.py for tasks to queue
[2026-05-08T19:35:56.252+0000] {logging_mixin.py:188} INFO - [2026-05-08T19:35:56.251+0000] {dagbag.py:545} INFO - Filling up the DagBag from /opt/airflow/dags/newyork_fhv_silver.py
[2026-05-08T19:35:56.289+0000] {processor.py:840} INFO - DAG(s) 'newyork_fhv_silver' retrieved from /opt/airflow/dags/newyork_fhv_silver.py
[2026-05-08T19:35:56.313+0000] {logging_mixin.py:188} INFO - [2026-05-08T19:35:56.312+0000] {dag.py:3096} INFO - Sync 1 DAGs
[2026-05-08T19:35:56.329+0000] {logging_mixin.py:188} INFO - [2026-05-08T19:35:56.329+0000] {dag.py:3954} INFO - Setting next_dagrun for newyork_fhv_silver to None, run_after=None
[2026-05-08T19:35:56.366+0000] {processor.py:183} INFO - Processing /opt/airflow/dags/newyork_fhv_silver.py took 0.128 seconds
[2026-05-08T19:36:26.531+0000] {processor.py:161} INFO - Started process (PID=767) to work on /opt/airflow/dags/newyork_fhv_silver.py
[2026-05-08T19:36:26.532+0000] {processor.py:830} INFO - Processing file /opt/airflow/dags/newyork_fhv_silver.py for tasks to queue
[2026-05-08T19:36:26.534+0000] {logging_mixin.py:188} INFO - [2026-05-08T19:36:26.534+0000] {dagbag.py:545} INFO - Filling up the DagBag from /opt/airflow/dags/newyork_fhv_silver.py
[2026-05-08T19:36:26.570+0000] {processor.py:840} INFO - DAG(s) 'newyork_fhv_silver' retrieved from /opt/airflow/dags/newyork_fhv_silver.py
[2026-05-08T19:36:26.593+0000] {logging_mixin.py:188} INFO - [2026-05-08T19:36:26.593+0000] {dag.py:3096} INFO - Sync 1 DAGs
[2026-05-08T19:36:26.610+0000] {logging_mixin.py:188} INFO - [2026-05-08T19:36:26.610+0000] {dag.py:3954} INFO - Setting next_dagrun for newyork_fhv_silver to None, run_after=None
[2026-05-08T19:36:26.635+0000] {processor.py:183} INFO - Processing /opt/airflow/dags/newyork_fhv_silver.py took 0.111 seconds
[2026-05-08T19:36:57.489+0000] {processor.py:161} INFO - Started process (PID=777) to work on /opt/airflow/dags/newyork_fhv_silver.py
[2026-05-08T19:36:57.492+0000] {processor.py:830} INFO - Processing file /opt/airflow/dags/newyork_fhv_silver.py for tasks to queue
[2026-05-08T19:36:57.496+0000] {logging_mixin.py:188} INFO - [2026-05-08T19:36:57.496+0000] {dagbag.py:545} INFO - Filling up the DagBag from /opt/airflow/dags/newyork_fhv_silver.py
[2026-05-08T19:36:57.538+0000] {processor.py:840} INFO - DAG(s) 'newyork_fhv_silver' retrieved from /opt/airflow/dags/newyork_fhv_silver.py
[2026-05-08T19:36:57.557+0000] {logging_mixin.py:188} INFO - [2026-05-08T19:36:57.557+0000] {dag.py:3096} INFO - Sync 1 DAGs
[2026-05-08T19:36:57.568+0000] {logging_mixin.py:188} INFO - [2026-05-08T19:36:57.568+0000] {dag.py:3954} INFO - Setting next_dagrun for newyork_fhv_silver to None, run_after=None
[2026-05-08T19:36:57.592+0000] {processor.py:183} INFO - Processing /opt/airflow/dags/newyork_fhv_silver.py took 0.114 seconds
[2026-05-08T19:37:28.482+0000] {processor.py:161} INFO - Started process (PID=788) to work on /opt/airflow/dags/newyork_fhv_silver.py
[2026-05-08T19:37:28.483+0000] {processor.py:830} INFO - Processing file /opt/airflow/dags/newyork_fhv_silver.py for tasks to queue
[2026-05-08T19:37:28.487+0000] {logging_mixin.py:188} INFO - [2026-05-08T19:37:28.486+0000] {dagbag.py:545} INFO - Filling up the DagBag from /opt/airflow/dags/newyork_fhv_silver.py
[2026-05-08T19:37:28.516+0000] {processor.py:840} INFO - DAG(s) 'newyork_fhv_silver' retrieved from /opt/airflow/dags/newyork_fhv_silver.py
[2026-05-08T19:37:28.543+0000] {logging_mixin.py:188} INFO - [2026-05-08T19:37:28.542+0000] {dag.py:3096} INFO - Sync 1 DAGs
[2026-05-08T19:37:28.557+0000] {logging_mixin.py:188} INFO - [2026-05-08T19:37:28.557+0000] {dag.py:3954} INFO - Setting next_dagrun for newyork_fhv_silver to None, run_after=None
[2026-05-08T19:37:28.582+0000] {processor.py:183} INFO - Processing /opt/airflow/dags/newyork_fhv_silver.py took 0.106 seconds
[2026-05-08T19:37:59.495+0000] {processor.py:161} INFO - Started process (PID=799) to work on /opt/airflow/dags/newyork_fhv_silver.py
[2026-05-08T19:37:59.496+0000] {processor.py:830} INFO - Processing file /opt/airflow/dags/newyork_fhv_silver.py for tasks to queue
[2026-05-08T19:37:59.499+0000] {logging_mixin.py:188} INFO - [2026-05-08T19:37:59.499+0000] {dagbag.py:545} INFO - Filling up the DagBag from /opt/airflow/dags/newyork_fhv_silver.py
[2026-05-08T19:37:59.524+0000] {processor.py:840} INFO - DAG(s) 'newyork_fhv_silver' retrieved from /opt/airflow/dags/newyork_fhv_silver.py
[2026-05-08T19:37:59.547+0000] {logging_mixin.py:188} INFO - [2026-05-08T19:37:59.546+0000] {dag.py:3096} INFO - Sync 1 DAGs
[2026-05-08T19:37:59.561+0000] {logging_mixin.py:188} INFO - [2026-05-08T19:37:59.561+0000] {dag.py:3954} INFO - Setting next_dagrun for newyork_fhv_silver to None, run_after=None
[2026-05-08T19:37:59.589+0000] {processor.py:183} INFO - Processing /opt/airflow/dags/newyork_fhv_silver.py took 0.101 seconds
[2026-05-08T19:38:30.347+0000] {processor.py:161} INFO - Started process (PID=815) to work on /opt/airflow/dags/newyork_fhv_silver.py
[2026-05-08T19:38:30.348+0000] {processor.py:830} INFO - Processing file /opt/airflow/dags/newyork_fhv_silver.py for tasks to queue
[2026-05-08T19:38:30.350+0000] {logging_mixin.py:188} INFO - [2026-05-08T19:38:30.349+0000] {dagbag.py:545} INFO - Filling up the DagBag from /opt/airflow/dags/newyork_fhv_silver.py
[2026-05-08T19:38:30.374+0000] {processor.py:840} INFO - DAG(s) 'newyork_fhv_silver' retrieved from /opt/airflow/dags/newyork_fhv_silver.py
[2026-05-08T19:38:30.395+0000] {logging_mixin.py:188} INFO - [2026-05-08T19:38:30.395+0000] {dag.py:3096} INFO - Sync 1 DAGs
[2026-05-08T19:38:30.409+0000] {logging_mixin.py:188} INFO - [2026-05-08T19:38:30.409+0000] {dag.py:3954} INFO - Setting next_dagrun for newyork_fhv_silver to None, run_after=None
[2026-05-08T19:38:30.431+0000] {processor.py:183} INFO - Processing /opt/airflow/dags/newyork_fhv_silver.py took 0.090 seconds
[2026-05-08T19:39:01.109+0000] {processor.py:161} INFO - Started process (PID=826) to work on /opt/airflow/dags/newyork_fhv_silver.py
[2026-05-08T19:39:01.114+0000] {processor.py:830} INFO - Processing file /opt/airflow/dags/newyork_fhv_silver.py for tasks to queue
[2026-05-08T19:39:01.119+0000] {logging_mixin.py:188} INFO - [2026-05-08T19:39:01.118+0000] {dagbag.py:545} INFO - Filling up the DagBag from /opt/airflow/dags/newyork_fhv_silver.py
[2026-05-08T19:39:01.178+0000] {processor.py:840} INFO - DAG(s) 'newyork_fhv_silver' retrieved from /opt/airflow/dags/newyork_fhv_silver.py
[2026-05-08T19:39:01.215+0000] {logging_mixin.py:188} INFO - [2026-05-08T19:39:01.215+0000] {dag.py:3096} INFO - Sync 1 DAGs
[2026-05-08T19:39:01.236+0000] {logging_mixin.py:188} INFO - [2026-05-08T19:39:01.235+0000] {dag.py:3954} INFO - Setting next_dagrun for newyork_fhv_silver to None, run_after=None
[2026-05-08T19:39:01.257+0000] {processor.py:183} INFO - Processing /opt/airflow/dags/newyork_fhv_silver.py took 0.157 seconds
[2026-05-08T19:39:31.994+0000] {processor.py:161} INFO - Started process (PID=842) to work on /opt/airflow/dags/newyork_fhv_silver.py
[2026-05-08T19:39:31.996+0000] {processor.py:830} INFO - Processing file /opt/airflow/dags/newyork_fhv_silver.py for tasks to queue
[2026-05-08T19:39:31.999+0000] {logging_mixin.py:188} INFO - [2026-05-08T19:39:31.999+0000] {dagbag.py:545} INFO - Filling up the DagBag from /opt/airflow/dags/newyork_fhv_silver.py
[2026-05-08T19:39:32.032+0000] {processor.py:840} INFO - DAG(s) 'newyork_fhv_silver' retrieved from /opt/airflow/dags/newyork_fhv_silver.py
[2026-05-08T19:39:32.057+0000] {logging_mixin.py:188} INFO - [2026-05-08T19:39:32.056+0000] {dag.py:3096} INFO - Sync 1 DAGs
[2026-05-08T19:39:32.073+0000] {logging_mixin.py:188} INFO - [2026-05-08T19:39:32.072+0000] {dag.py:3954} INFO - Setting next_dagrun for newyork_fhv_silver to None, run_after=None
[2026-05-08T19:39:32.102+0000] {processor.py:183} INFO - Processing /opt/airflow/dags/newyork_fhv_silver.py took 0.123 seconds
[2026-05-08T19:40:03.087+0000] {processor.py:161} INFO - Started process (PID=853) to work on /opt/airflow/dags/newyork_fhv_silver.py
[2026-05-08T19:40:03.089+0000] {processor.py:830} INFO - Processing file /opt/airflow/dags/newyork_fhv_silver.py for tasks to queue
[2026-05-08T19:40:03.091+0000] {logging_mixin.py:188} INFO - [2026-05-08T19:40:03.091+0000] {dagbag.py:545} INFO - Filling up the DagBag from /opt/airflow/dags/newyork_fhv_silver.py
[2026-05-08T19:40:03.126+0000] {processor.py:840} INFO - DAG(s) 'newyork_fhv_silver' retrieved from /opt/airflow/dags/newyork_fhv_silver.py
[2026-05-08T19:40:03.146+0000] {logging_mixin.py:188} INFO - [2026-05-08T19:40:03.146+0000] {dag.py:3096} INFO - Sync 1 DAGs
[2026-05-08T19:40:03.166+0000] {logging_mixin.py:188} INFO - [2026-05-08T19:40:03.166+0000] {dag.py:3954} INFO - Setting next_dagrun for newyork_fhv_silver to None, run_after=None
[2026-05-08T19:40:03.190+0000] {processor.py:183} INFO - Processing /opt/airflow/dags/newyork_fhv_silver.py took 0.113 seconds
[2026-05-08T19:40:34.021+0000] {processor.py:161} INFO - Started process (PID=864) to work on /opt/airflow/dags/newyork_fhv_silver.py
[2026-05-08T19:40:34.024+0000] {processor.py:830} INFO - Processing file /opt/airflow/dags/newyork_fhv_silver.py for tasks to queue
[2026-05-08T19:40:34.028+0000] {logging_mixin.py:188} INFO - [2026-05-08T19:40:34.027+0000] {dagbag.py:545} INFO - Filling up the DagBag from /opt/airflow/dags/newyork_fhv_silver.py
[2026-05-08T19:40:34.070+0000] {processor.py:840} INFO - DAG(s) 'newyork_fhv_silver' retrieved from /opt/airflow/dags/newyork_fhv_silver.py
[2026-05-08T19:40:34.094+0000] {logging_mixin.py:188} INFO - [2026-05-08T19:40:34.094+0000] {dag.py:3096} INFO - Sync 1 DAGs
[2026-05-08T19:40:34.106+0000] {logging_mixin.py:188} INFO - [2026-05-08T19:40:34.106+0000] {dag.py:3954} INFO - Setting next_dagrun for newyork_fhv_silver to None, run_after=None
[2026-05-08T19:40:34.135+0000] {processor.py:183} INFO - Processing /opt/airflow/dags/newyork_fhv_silver.py took 0.125 seconds
[2026-05-08T19:41:04.264+0000] {processor.py:161} INFO - Started process (PID=876) to work on /opt/airflow/dags/newyork_fhv_silver.py
[2026-05-08T19:41:04.265+0000] {processor.py:830} INFO - Processing file /opt/airflow/dags/newyork_fhv_silver.py for tasks to queue
[2026-05-08T19:41:04.268+0000] {logging_mixin.py:188} INFO - [2026-05-08T19:41:04.267+0000] {dagbag.py:545} INFO - Filling up the DagBag from /opt/airflow/dags/newyork_fhv_silver.py
[2026-05-08T19:41:04.297+0000] {processor.py:840} INFO - DAG(s) 'newyork_fhv_silver' retrieved from /opt/airflow/dags/newyork_fhv_silver.py
[2026-05-08T19:41:04.324+0000] {logging_mixin.py:188} INFO - [2026-05-08T19:41:04.323+0000] {dag.py:3096} INFO - Sync 1 DAGs
[2026-05-08T19:41:04.338+0000] {logging_mixin.py:188} INFO - [2026-05-08T19:41:04.338+0000] {dag.py:3954} INFO - Setting next_dagrun for newyork_fhv_silver to None, run_after=None
[2026-05-08T19:41:04.363+0000] {processor.py:183} INFO - Processing /opt/airflow/dags/newyork_fhv_silver.py took 0.106 seconds
[2026-05-08T19:41:35.213+0000] {processor.py:161} INFO - Started process (PID=893) to work on /opt/airflow/dags/newyork_fhv_silver.py
[2026-05-08T19:41:35.216+0000] {processor.py:830} INFO - Processing file /opt/airflow/dags/newyork_fhv_silver.py for tasks to queue
[2026-05-08T19:41:35.220+0000] {logging_mixin.py:188} INFO - [2026-05-08T19:41:35.220+0000] {dagbag.py:545} INFO - Filling up the DagBag from /opt/airflow/dags/newyork_fhv_silver.py
[2026-05-08T19:41:35.265+0000] {processor.py:840} INFO - DAG(s) 'newyork_fhv_silver' retrieved from /opt/airflow/dags/newyork_fhv_silver.py
[2026-05-08T19:41:35.302+0000] {logging_mixin.py:188} INFO - [2026-05-08T19:41:35.301+0000] {dag.py:3096} INFO - Sync 1 DAGs
[2026-05-08T19:41:35.319+0000] {logging_mixin.py:188} INFO - [2026-05-08T19:41:35.318+0000] {dag.py:3954} INFO - Setting next_dagrun for newyork_fhv_silver to None, run_after=None
[2026-05-08T19:41:35.346+0000] {processor.py:183} INFO - Processing /opt/airflow/dags/newyork_fhv_silver.py took 0.146 seconds
[2026-05-08T19:42:06.238+0000] {processor.py:161} INFO - Started process (PID=904) to work on /opt/airflow/dags/newyork_fhv_silver.py
[2026-05-08T19:42:06.240+0000] {processor.py:830} INFO - Processing file /opt/airflow/dags/newyork_fhv_silver.py for tasks to queue
[2026-05-08T19:42:06.242+0000] {logging_mixin.py:188} INFO - [2026-05-08T19:42:06.241+0000] {dagbag.py:545} INFO - Filling up the DagBag from /opt/airflow/dags/newyork_fhv_silver.py
[2026-05-08T19:42:06.268+0000] {processor.py:840} INFO - DAG(s) 'newyork_fhv_silver' retrieved from /opt/airflow/dags/newyork_fhv_silver.py
[2026-05-08T19:42:06.288+0000] {logging_mixin.py:188} INFO - [2026-05-08T19:42:06.287+0000] {dag.py:3096} INFO - Sync 1 DAGs
[2026-05-08T19:42:06.300+0000] {logging_mixin.py:188} INFO - [2026-05-08T19:42:06.300+0000] {dag.py:3954} INFO - Setting next_dagrun for newyork_fhv_silver to None, run_after=None
[2026-05-08T19:42:06.319+0000] {processor.py:183} INFO - Processing /opt/airflow/dags/newyork_fhv_silver.py took 0.087 seconds
[2026-05-08T19:42:37.128+0000] {processor.py:161} INFO - Started process (PID=915) to work on /opt/airflow/dags/newyork_fhv_silver.py
[2026-05-08T19:42:37.130+0000] {processor.py:830} INFO - Processing file /opt/airflow/dags/newyork_fhv_silver.py for tasks to queue
[2026-05-08T19:42:37.133+0000] {logging_mixin.py:188} INFO - [2026-05-08T19:42:37.133+0000] {dagbag.py:545} INFO - Filling up the DagBag from /opt/airflow/dags/newyork_fhv_silver.py
[2026-05-08T19:42:37.171+0000] {processor.py:840} INFO - DAG(s) 'newyork_fhv_silver' retrieved from /opt/airflow/dags/newyork_fhv_silver.py
[2026-05-08T19:42:37.204+0000] {logging_mixin.py:188} INFO - [2026-05-08T19:42:37.204+0000] {dag.py:3096} INFO - Sync 1 DAGs
[2026-05-08T19:42:37.220+0000] {logging_mixin.py:188} INFO - [2026-05-08T19:42:37.219+0000] {dag.py:3954} INFO - Setting next_dagrun for newyork_fhv_silver to None, run_after=None
[2026-05-08T19:42:37.240+0000] {processor.py:183} INFO - Processing /opt/airflow/dags/newyork_fhv_silver.py took 0.122 seconds
[2026-05-08T19:43:07.918+0000] {processor.py:161} INFO - Started process (PID=926) to work on /opt/airflow/dags/newyork_fhv_silver.py
[2026-05-08T19:43:07.920+0000] {processor.py:830} INFO - Processing file /opt/airflow/dags/newyork_fhv_silver.py for tasks to queue
[2026-05-08T19:43:07.925+0000] {logging_mixin.py:188} INFO - [2026-05-08T19:43:07.925+0000] {dagbag.py:545} INFO - Filling up the DagBag from /opt/airflow/dags/newyork_fhv_silver.py
[2026-05-08T19:43:07.960+0000] {processor.py:840} INFO - DAG(s) 'newyork_fhv_silver' retrieved from /opt/airflow/dags/newyork_fhv_silver.py
[2026-05-08T19:43:07.981+0000] {logging_mixin.py:188} INFO - [2026-05-08T19:43:07.981+0000] {dag.py:3096} INFO - Sync 1 DAGs
[2026-05-08T19:43:07.997+0000] {logging_mixin.py:188} INFO - [2026-05-08T19:43:07.996+0000] {dag.py:3954} INFO - Setting next_dagrun for newyork_fhv_silver to None, run_after=None
[2026-05-08T19:43:08.021+0000] {processor.py:183} INFO - Processing /opt/airflow/dags/newyork_fhv_silver.py took 0.109 seconds
[2026-05-08T19:43:38.914+0000] {processor.py:161} INFO - Started process (PID=937) to work on /opt/airflow/dags/newyork_fhv_silver.py
[2026-05-08T19:43:38.915+0000] {processor.py:830} INFO - Processing file /opt/airflow/dags/newyork_fhv_silver.py for tasks to queue
[2026-05-08T19:43:38.917+0000] {logging_mixin.py:188} INFO - [2026-05-08T19:43:38.917+0000] {dagbag.py:545} INFO - Filling up the DagBag from /opt/airflow/dags/newyork_fhv_silver.py
[2026-05-08T19:43:38.950+0000] {processor.py:840} INFO - DAG(s) 'newyork_fhv_silver' retrieved from /opt/airflow/dags/newyork_fhv_silver.py
[2026-05-08T19:43:38.973+0000] {logging_mixin.py:188} INFO - [2026-05-08T19:43:38.972+0000] {dag.py:3096} INFO - Sync 1 DAGs
[2026-05-08T19:43:38.990+0000] {logging_mixin.py:188} INFO - [2026-05-08T19:43:38.990+0000] {dag.py:3954} INFO - Setting next_dagrun for newyork_fhv_silver to None, run_after=None
[2026-05-08T19:43:39.025+0000] {processor.py:183} INFO - Processing /opt/airflow/dags/newyork_fhv_silver.py took 0.119 seconds
[2026-05-08T19:44:09.917+0000] {processor.py:161} INFO - Started process (PID=948) to work on /opt/airflow/dags/newyork_fhv_silver.py
[2026-05-08T19:44:09.918+0000] {processor.py:830} INFO - Processing file /opt/airflow/dags/newyork_fhv_silver.py for tasks to queue
[2026-05-08T19:44:09.923+0000] {logging_mixin.py:188} INFO - [2026-05-08T19:44:09.923+0000] {dagbag.py:545} INFO - Filling up the DagBag from /opt/airflow/dags/newyork_fhv_silver.py
[2026-05-08T19:44:09.958+0000] {processor.py:840} INFO - DAG(s) 'newyork_fhv_silver' retrieved from /opt/airflow/dags/newyork_fhv_silver.py
[2026-05-08T19:44:09.979+0000] {logging_mixin.py:188} INFO - [2026-05-08T19:44:09.978+0000] {dag.py:3096} INFO - Sync 1 DAGs
[2026-05-08T19:44:09.991+0000] {logging_mixin.py:188} INFO - [2026-05-08T19:44:09.991+0000] {dag.py:3954} INFO - Setting next_dagrun for newyork_fhv_silver to None, run_after=None
[2026-05-08T19:44:10.019+0000] {processor.py:183} INFO - Processing /opt/airflow/dags/newyork_fhv_silver.py took 0.112 seconds
[2026-05-08T19:44:40.968+0000] {processor.py:161} INFO - Started process (PID=959) to work on /opt/airflow/dags/newyork_fhv_silver.py
[2026-05-08T19:44:40.970+0000] {processor.py:830} INFO - Processing file /opt/airflow/dags/newyork_fhv_silver.py for tasks to queue
[2026-05-08T19:44:40.972+0000] {logging_mixin.py:188} INFO - [2026-05-08T19:44:40.971+0000] {dagbag.py:545} INFO - Filling up the DagBag from /opt/airflow/dags/newyork_fhv_silver.py
[2026-05-08T19:44:41.011+0000] {processor.py:840} INFO - DAG(s) 'newyork_fhv_silver' retrieved from /opt/airflow/dags/newyork_fhv_silver.py
[2026-05-08T19:44:41.037+0000] {logging_mixin.py:188} INFO - [2026-05-08T19:44:41.036+0000] {dag.py:3096} INFO - Sync 1 DAGs
[2026-05-08T19:44:41.052+0000] {logging_mixin.py:188} INFO - [2026-05-08T19:44:41.051+0000] {dag.py:3954} INFO - Setting next_dagrun for newyork_fhv_silver to None, run_after=None
[2026-05-08T19:44:41.072+0000] {processor.py:183} INFO - Processing /opt/airflow/dags/newyork_fhv_silver.py took 0.111 seconds
[2026-05-08T19:45:11.906+0000] {processor.py:161} INFO - Started process (PID=971) to work on /opt/airflow/dags/newyork_fhv_silver.py
[2026-05-08T19:45:11.908+0000] {processor.py:830} INFO - Processing file /opt/airflow/dags/newyork_fhv_silver.py for tasks to queue
[2026-05-08T19:45:11.910+0000] {logging_mixin.py:188} INFO - [2026-05-08T19:45:11.910+0000] {dagbag.py:545} INFO - Filling up the DagBag from /opt/airflow/dags/newyork_fhv_silver.py
[2026-05-08T19:45:11.946+0000] {processor.py:840} INFO - DAG(s) 'newyork_fhv_silver' retrieved from /opt/airflow/dags/newyork_fhv_silver.py
[2026-05-08T19:45:11.983+0000] {logging_mixin.py:188} INFO - [2026-05-08T19:45:11.982+0000] {dag.py:3096} INFO - Sync 1 DAGs
[2026-05-08T19:45:12.010+0000] {logging_mixin.py:188} INFO - [2026-05-08T19:45:12.009+0000] {dag.py:3954} INFO - Setting next_dagrun for newyork_fhv_silver to None, run_after=None
[2026-05-08T19:45:12.035+0000] {processor.py:183} INFO - Processing /opt/airflow/dags/newyork_fhv_silver.py took 0.137 seconds
[2026-05-08T19:45:42.925+0000] {processor.py:161} INFO - Started process (PID=982) to work on /opt/airflow/dags/newyork_fhv_silver.py
[2026-05-08T19:45:42.926+0000] {processor.py:830} INFO - Processing file /opt/airflow/dags/newyork_fhv_silver.py for tasks to queue
[2026-05-08T19:45:42.930+0000] {logging_mixin.py:188} INFO - [2026-05-08T19:45:42.929+0000] {dagbag.py:545} INFO - Filling up the DagBag from /opt/airflow/dags/newyork_fhv_silver.py
[2026-05-08T19:45:42.971+0000] {processor.py:840} INFO - DAG(s) 'newyork_fhv_silver' retrieved from /opt/airflow/dags/newyork_fhv_silver.py
[2026-05-08T19:45:42.998+0000] {logging_mixin.py:188} INFO - [2026-05-08T19:45:42.997+0000] {dag.py:3096} INFO - Sync 1 DAGs
[2026-05-08T19:45:43.010+0000] {logging_mixin.py:188} INFO - [2026-05-08T19:45:43.010+0000] {dag.py:3954} INFO - Setting next_dagrun for newyork_fhv_silver to None, run_after=None
[2026-05-08T19:45:43.031+0000] {processor.py:183} INFO - Processing /opt/airflow/dags/newyork_fhv_silver.py took 0.119 seconds
[2026-05-08T19:46:13.324+0000] {processor.py:161} INFO - Started process (PID=993) to work on /opt/airflow/dags/newyork_fhv_silver.py
[2026-05-08T19:46:13.325+0000] {processor.py:830} INFO - Processing file /opt/airflow/dags/newyork_fhv_silver.py for tasks to queue
[2026-05-08T19:46:13.329+0000] {logging_mixin.py:188} INFO - [2026-05-08T19:46:13.328+0000] {dagbag.py:545} INFO - Filling up the DagBag from /opt/airflow/dags/newyork_fhv_silver.py
[2026-05-08T19:46:13.366+0000] {processor.py:840} INFO - DAG(s) 'newyork_fhv_silver' retrieved from /opt/airflow/dags/newyork_fhv_silver.py
[2026-05-08T19:46:13.399+0000] {logging_mixin.py:188} INFO - [2026-05-08T19:46:13.399+0000] {dag.py:3096} INFO - Sync 1 DAGs
[2026-05-08T19:46:13.417+0000] {logging_mixin.py:188} INFO - [2026-05-08T19:46:13.417+0000] {dag.py:3954} INFO - Setting next_dagrun for newyork_fhv_silver to None, run_after=None
[2026-05-08T19:46:13.453+0000] {processor.py:183} INFO - Processing /opt/airflow/dags/newyork_fhv_silver.py took 0.137 seconds
[2026-05-08T19:46:44.129+0000] {processor.py:161} INFO - Started process (PID=1004) to work on /opt/airflow/dags/newyork_fhv_silver.py
[2026-05-08T19:46:44.131+0000] {processor.py:830} INFO - Processing file /opt/airflow/dags/newyork_fhv_silver.py for tasks to queue
[2026-05-08T19:46:44.133+0000] {logging_mixin.py:188} INFO - [2026-05-08T19:46:44.133+0000] {dagbag.py:545} INFO - Filling up the DagBag from /opt/airflow/dags/newyork_fhv_silver.py
[2026-05-08T19:46:44.161+0000] {processor.py:840} INFO - DAG(s) 'newyork_fhv_silver' retrieved from /opt/airflow/dags/newyork_fhv_silver.py
[2026-05-08T19:46:44.187+0000] {logging_mixin.py:188} INFO - [2026-05-08T19:46:44.187+0000] {dag.py:3096} INFO - Sync 1 DAGs
[2026-05-08T19:46:44.205+0000] {logging_mixin.py:188} INFO - [2026-05-08T19:46:44.205+0000] {dag.py:3954} INFO - Setting next_dagrun for newyork_fhv_silver to None, run_after=None
[2026-05-08T19:46:44.235+0000] {processor.py:183} INFO - Processing /opt/airflow/dags/newyork_fhv_silver.py took 0.112 seconds
[2026-05-08T19:47:14.962+0000] {processor.py:161} INFO - Started process (PID=1015) to work on /opt/airflow/dags/newyork_fhv_silver.py
[2026-05-08T19:47:14.965+0000] {processor.py:830} INFO - Processing file /opt/airflow/dags/newyork_fhv_silver.py for tasks to queue
[2026-05-08T19:47:14.969+0000] {logging_mixin.py:188} INFO - [2026-05-08T19:47:14.969+0000] {dagbag.py:545} INFO - Filling up the DagBag from /opt/airflow/dags/newyork_fhv_silver.py
[2026-05-08T19:47:15.017+0000] {processor.py:840} INFO - DAG(s) 'newyork_fhv_silver' retrieved from /opt/airflow/dags/newyork_fhv_silver.py
[2026-05-08T19:47:15.055+0000] {logging_mixin.py:188} INFO - [2026-05-08T19:47:15.055+0000] {dag.py:3096} INFO - Sync 1 DAGs
[2026-05-08T19:47:15.068+0000] {logging_mixin.py:188} INFO - [2026-05-08T19:47:15.068+0000] {dag.py:3954} INFO - Setting next_dagrun for newyork_fhv_silver to None, run_after=None
[2026-05-08T19:47:15.090+0000] {processor.py:183} INFO - Processing /opt/airflow/dags/newyork_fhv_silver.py took 0.139 seconds
[2026-05-08T19:47:45.910+0000] {processor.py:161} INFO - Started process (PID=1026) to work on /opt/airflow/dags/newyork_fhv_silver.py
[2026-05-08T19:47:45.911+0000] {processor.py:830} INFO - Processing file /opt/airflow/dags/newyork_fhv_silver.py for tasks to queue
[2026-05-08T19:47:45.913+0000] {logging_mixin.py:188} INFO - [2026-05-08T19:47:45.913+0000] {dagbag.py:545} INFO - Filling up the DagBag from /opt/airflow/dags/newyork_fhv_silver.py
[2026-05-08T19:47:45.953+0000] {processor.py:840} INFO - DAG(s) 'newyork_fhv_silver' retrieved from /opt/airflow/dags/newyork_fhv_silver.py
[2026-05-08T19:47:45.981+0000] {logging_mixin.py:188} INFO - [2026-05-08T19:47:45.981+0000] {dag.py:3096} INFO - Sync 1 DAGs
[2026-05-08T19:47:46.000+0000] {logging_mixin.py:188} INFO - [2026-05-08T19:47:46.000+0000] {dag.py:3954} INFO - Setting next_dagrun for newyork_fhv_silver to None, run_after=None
[2026-05-08T19:47:46.031+0000] {processor.py:183} INFO - Processing /opt/airflow/dags/newyork_fhv_silver.py took 0.126 seconds
[2026-05-08T19:48:16.979+0000] {processor.py:161} INFO - Started process (PID=1037) to work on /opt/airflow/dags/newyork_fhv_silver.py
[2026-05-08T19:48:16.982+0000] {processor.py:830} INFO - Processing file /opt/airflow/dags/newyork_fhv_silver.py for tasks to queue
[2026-05-08T19:48:16.988+0000] {logging_mixin.py:188} INFO - [2026-05-08T19:48:16.987+0000] {dagbag.py:545} INFO - Filling up the DagBag from /opt/airflow/dags/newyork_fhv_silver.py
[2026-05-08T19:48:17.035+0000] {processor.py:840} INFO - DAG(s) 'newyork_fhv_silver' retrieved from /opt/airflow/dags/newyork_fhv_silver.py
[2026-05-08T19:48:17.071+0000] {logging_mixin.py:188} INFO - [2026-05-08T19:48:17.070+0000] {dag.py:3096} INFO - Sync 1 DAGs
[2026-05-08T19:48:17.089+0000] {logging_mixin.py:188} INFO - [2026-05-08T19:48:17.088+0000] {dag.py:3954} INFO - Setting next_dagrun for newyork_fhv_silver to None, run_after=None
[2026-05-08T19:48:17.332+0000] {processor.py:183} INFO - Processing /opt/airflow/dags/newyork_fhv_silver.py took 0.362 seconds
[2026-05-08T19:48:48.373+0000] {processor.py:161} INFO - Started process (PID=1048) to work on /opt/airflow/dags/newyork_fhv_silver.py
[2026-05-08T19:48:48.376+0000] {processor.py:830} INFO - Processing file /opt/airflow/dags/newyork_fhv_silver.py for tasks to queue
[2026-05-08T19:48:48.383+0000] {logging_mixin.py:188} INFO - [2026-05-08T19:48:48.381+0000] {dagbag.py:545} INFO - Filling up the DagBag from /opt/airflow/dags/newyork_fhv_silver.py
[2026-05-08T19:48:48.432+0000] {processor.py:840} INFO - DAG(s) 'newyork_fhv_silver' retrieved from /opt/airflow/dags/newyork_fhv_silver.py
[2026-05-08T19:48:48.451+0000] {logging_mixin.py:188} INFO - [2026-05-08T19:48:48.451+0000] {dag.py:3096} INFO - Sync 1 DAGs
[2026-05-08T19:48:48.464+0000] {logging_mixin.py:188} INFO - [2026-05-08T19:48:48.464+0000] {dag.py:3954} INFO - Setting next_dagrun for newyork_fhv_silver to None, run_after=None
[2026-05-08T19:48:48.494+0000] {processor.py:183} INFO - Processing /opt/airflow/dags/newyork_fhv_silver.py took 0.135 seconds
[2026-05-08T19:49:18.645+0000] {processor.py:161} INFO - Started process (PID=1060) to work on /opt/airflow/dags/newyork_fhv_silver.py
[2026-05-08T19:49:18.648+0000] {processor.py:830} INFO - Processing file /opt/airflow/dags/newyork_fhv_silver.py for tasks to queue
[2026-05-08T19:49:18.652+0000] {logging_mixin.py:188} INFO - [2026-05-08T19:49:18.651+0000] {dagbag.py:545} INFO - Filling up the DagBag from /opt/airflow/dags/newyork_fhv_silver.py
[2026-05-08T19:49:18.687+0000] {processor.py:840} INFO - DAG(s) 'newyork_fhv_silver' retrieved from /opt/airflow/dags/newyork_fhv_silver.py
[2026-05-08T19:49:18.709+0000] {logging_mixin.py:188} INFO - [2026-05-08T19:49:18.708+0000] {dag.py:3096} INFO - Sync 1 DAGs
[2026-05-08T19:49:18.724+0000] {logging_mixin.py:188} INFO - [2026-05-08T19:49:18.723+0000] {dag.py:3954} INFO - Setting next_dagrun for newyork_fhv_silver to None, run_after=None
[2026-05-08T19:49:18.747+0000] {processor.py:183} INFO - Processing /opt/airflow/dags/newyork_fhv_silver.py took 0.113 seconds
[2026-05-08T19:49:49.676+0000] {processor.py:161} INFO - Started process (PID=1071) to work on /opt/airflow/dags/newyork_fhv_silver.py
[2026-05-08T19:49:49.677+0000] {processor.py:830} INFO - Processing file /opt/airflow/dags/newyork_fhv_silver.py for tasks to queue
[2026-05-08T19:49:49.680+0000] {logging_mixin.py:188} INFO - [2026-05-08T19:49:49.679+0000] {dagbag.py:545} INFO - Filling up the DagBag from /opt/airflow/dags/newyork_fhv_silver.py
[2026-05-08T19:49:49.726+0000] {processor.py:840} INFO - DAG(s) 'newyork_fhv_silver' retrieved from /opt/airflow/dags/newyork_fhv_silver.py
[2026-05-08T19:49:49.747+0000] {logging_mixin.py:188} INFO - [2026-05-08T19:49:49.747+0000] {dag.py:3096} INFO - Sync 1 DAGs
[2026-05-08T19:49:49.762+0000] {logging_mixin.py:188} INFO - [2026-05-08T19:49:49.762+0000] {dag.py:3954} INFO - Setting next_dagrun for newyork_fhv_silver to None, run_after=None
[2026-05-08T19:49:49.793+0000] {processor.py:183} INFO - Processing /opt/airflow/dags/newyork_fhv_silver.py took 0.132 seconds
[2026-05-08T19:50:20.113+0000] {processor.py:161} INFO - Started process (PID=1083) to work on /opt/airflow/dags/newyork_fhv_silver.py
[2026-05-08T19:50:20.114+0000] {processor.py:830} INFO - Processing file /opt/airflow/dags/newyork_fhv_silver.py for tasks to queue
[2026-05-08T19:50:20.117+0000] {logging_mixin.py:188} INFO - [2026-05-08T19:50:20.116+0000] {dagbag.py:545} INFO - Filling up the DagBag from /opt/airflow/dags/newyork_fhv_silver.py
[2026-05-08T19:50:20.139+0000] {processor.py:840} INFO - DAG(s) 'newyork_fhv_silver' retrieved from /opt/airflow/dags/newyork_fhv_silver.py
[2026-05-08T19:50:20.165+0000] {logging_mixin.py:188} INFO - [2026-05-08T19:50:20.165+0000] {dag.py:3096} INFO - Sync 1 DAGs
[2026-05-08T19:50:20.177+0000] {logging_mixin.py:188} INFO - [2026-05-08T19:50:20.177+0000] {dag.py:3954} INFO - Setting next_dagrun for newyork_fhv_silver to None, run_after=None
[2026-05-08T19:50:20.199+0000] {processor.py:183} INFO - Processing /opt/airflow/dags/newyork_fhv_silver.py took 0.093 seconds
[2026-05-08T19:50:50.919+0000] {processor.py:161} INFO - Started process (PID=1094) to work on /opt/airflow/dags/newyork_fhv_silver.py
[2026-05-08T19:50:50.921+0000] {processor.py:830} INFO - Processing file /opt/airflow/dags/newyork_fhv_silver.py for tasks to queue
[2026-05-08T19:50:50.924+0000] {logging_mixin.py:188} INFO - [2026-05-08T19:50:50.924+0000] {dagbag.py:545} INFO - Filling up the DagBag from /opt/airflow/dags/newyork_fhv_silver.py
[2026-05-08T19:50:50.949+0000] {processor.py:840} INFO - DAG(s) 'newyork_fhv_silver' retrieved from /opt/airflow/dags/newyork_fhv_silver.py
[2026-05-08T19:50:50.970+0000] {logging_mixin.py:188} INFO - [2026-05-08T19:50:50.970+0000] {dag.py:3096} INFO - Sync 1 DAGs
[2026-05-08T19:50:50.985+0000] {logging_mixin.py:188} INFO - [2026-05-08T19:50:50.985+0000] {dag.py:3954} INFO - Setting next_dagrun for newyork_fhv_silver to None, run_after=None
[2026-05-08T19:50:51.018+0000] {processor.py:183} INFO - Processing /opt/airflow/dags/newyork_fhv_silver.py took 0.107 seconds
[2026-05-08T19:51:21.844+0000] {processor.py:161} INFO - Started process (PID=1105) to work on /opt/airflow/dags/newyork_fhv_silver.py
[2026-05-08T19:51:21.845+0000] {processor.py:830} INFO - Processing file /opt/airflow/dags/newyork_fhv_silver.py for tasks to queue
[2026-05-08T19:51:21.847+0000] {logging_mixin.py:188} INFO - [2026-05-08T19:51:21.847+0000] {dagbag.py:545} INFO - Filling up the DagBag from /opt/airflow/dags/newyork_fhv_silver.py
[2026-05-08T19:51:21.877+0000] {processor.py:840} INFO - DAG(s) 'newyork_fhv_silver' retrieved from /opt/airflow/dags/newyork_fhv_silver.py
[2026-05-08T19:51:21.901+0000] {logging_mixin.py:188} INFO - [2026-05-08T19:51:21.901+0000] {dag.py:3096} INFO - Sync 1 DAGs
[2026-05-08T19:51:21.915+0000] {logging_mixin.py:188} INFO - [2026-05-08T19:51:21.915+0000] {dag.py:3954} INFO - Setting next_dagrun for newyork_fhv_silver to None, run_after=None
[2026-05-08T19:51:21.942+0000] {processor.py:183} INFO - Processing /opt/airflow/dags/newyork_fhv_silver.py took 0.110 seconds
[2026-05-08T19:51:52.741+0000] {processor.py:161} INFO - Started process (PID=1116) to work on /opt/airflow/dags/newyork_fhv_silver.py
[2026-05-08T19:51:52.743+0000] {processor.py:830} INFO - Processing file /opt/airflow/dags/newyork_fhv_silver.py for tasks to queue
[2026-05-08T19:51:52.746+0000] {logging_mixin.py:188} INFO - [2026-05-08T19:51:52.745+0000] {dagbag.py:545} INFO - Filling up the DagBag from /opt/airflow/dags/newyork_fhv_silver.py
[2026-05-08T19:51:52.777+0000] {processor.py:840} INFO - DAG(s) 'newyork_fhv_silver' retrieved from /opt/airflow/dags/newyork_fhv_silver.py
[2026-05-08T19:51:52.799+0000] {logging_mixin.py:188} INFO - [2026-05-08T19:51:52.799+0000] {dag.py:3096} INFO - Sync 1 DAGs
[2026-05-08T19:51:52.811+0000] {logging_mixin.py:188} INFO - [2026-05-08T19:51:52.811+0000] {dag.py:3954} INFO - Setting next_dagrun for newyork_fhv_silver to None, run_after=None
[2026-05-08T19:51:52.838+0000] {processor.py:183} INFO - Processing /opt/airflow/dags/newyork_fhv_silver.py took 0.104 seconds
[2026-05-08T19:52:23.534+0000] {processor.py:161} INFO - Started process (PID=1127) to work on /opt/airflow/dags/newyork_fhv_silver.py
[2026-05-08T19:52:23.536+0000] {processor.py:830} INFO - Processing file /opt/airflow/dags/newyork_fhv_silver.py for tasks to queue
[2026-05-08T19:52:23.539+0000] {logging_mixin.py:188} INFO - [2026-05-08T19:52:23.539+0000] {dagbag.py:545} INFO - Filling up the DagBag from /opt/airflow/dags/newyork_fhv_silver.py
[2026-05-08T19:52:23.574+0000] {processor.py:840} INFO - DAG(s) 'newyork_fhv_silver' retrieved from /opt/airflow/dags/newyork_fhv_silver.py
[2026-05-08T19:52:23.597+0000] {logging_mixin.py:188} INFO - [2026-05-08T19:52:23.597+0000] {dag.py:3096} INFO - Sync 1 DAGs
[2026-05-08T19:52:23.611+0000] {logging_mixin.py:188} INFO - [2026-05-08T19:52:23.611+0000] {dag.py:3954} INFO - Setting next_dagrun for newyork_fhv_silver to None, run_after=None
[2026-05-08T19:52:23.639+0000] {processor.py:183} INFO - Processing /opt/airflow/dags/newyork_fhv_silver.py took 0.115 seconds
[2026-05-08T19:52:54.333+0000] {processor.py:161} INFO - Started process (PID=1138) to work on /opt/airflow/dags/newyork_fhv_silver.py
[2026-05-08T19:52:54.334+0000] {processor.py:830} INFO - Processing file /opt/airflow/dags/newyork_fhv_silver.py for tasks to queue
[2026-05-08T19:52:54.337+0000] {logging_mixin.py:188} INFO - [2026-05-08T19:52:54.336+0000] {dagbag.py:545} INFO - Filling up the DagBag from /opt/airflow/dags/newyork_fhv_silver.py
[2026-05-08T19:52:54.360+0000] {processor.py:840} INFO - DAG(s) 'newyork_fhv_silver' retrieved from /opt/airflow/dags/newyork_fhv_silver.py
[2026-05-08T19:52:54.376+0000] {logging_mixin.py:188} INFO - [2026-05-08T19:52:54.376+0000] {dag.py:3096} INFO - Sync 1 DAGs
[2026-05-08T19:52:54.388+0000] {logging_mixin.py:188} INFO - [2026-05-08T19:52:54.388+0000] {dag.py:3954} INFO - Setting next_dagrun for newyork_fhv_silver to None, run_after=None
[2026-05-08T19:52:54.413+0000] {processor.py:183} INFO - Processing /opt/airflow/dags/newyork_fhv_silver.py took 0.086 seconds
[2026-05-08T19:53:25.114+0000] {processor.py:161} INFO - Started process (PID=1149) to work on /opt/airflow/dags/newyork_fhv_silver.py
[2026-05-08T19:53:25.116+0000] {processor.py:830} INFO - Processing file /opt/airflow/dags/newyork_fhv_silver.py for tasks to queue
[2026-05-08T19:53:25.118+0000] {logging_mixin.py:188} INFO - [2026-05-08T19:53:25.118+0000] {dagbag.py:545} INFO - Filling up the DagBag from /opt/airflow/dags/newyork_fhv_silver.py
[2026-05-08T19:53:25.144+0000] {processor.py:840} INFO - DAG(s) 'newyork_fhv_silver' retrieved from /opt/airflow/dags/newyork_fhv_silver.py
[2026-05-08T19:53:25.162+0000] {logging_mixin.py:188} INFO - [2026-05-08T19:53:25.162+0000] {dag.py:3096} INFO - Sync 1 DAGs
[2026-05-08T19:53:25.183+0000] {logging_mixin.py:188} INFO - [2026-05-08T19:53:25.183+0000] {dag.py:3954} INFO - Setting next_dagrun for newyork_fhv_silver to None, run_after=None
[2026-05-08T19:53:25.222+0000] {processor.py:183} INFO - Processing /opt/airflow/dags/newyork_fhv_silver.py took 0.114 seconds
[2026-05-08T19:53:55.927+0000] {processor.py:161} INFO - Started process (PID=1160) to work on /opt/airflow/dags/newyork_fhv_silver.py
[2026-05-08T19:53:55.928+0000] {processor.py:830} INFO - Processing file /opt/airflow/dags/newyork_fhv_silver.py for tasks to queue
[2026-05-08T19:53:55.930+0000] {logging_mixin.py:188} INFO - [2026-05-08T19:53:55.930+0000] {dagbag.py:545} INFO - Filling up the DagBag from /opt/airflow/dags/newyork_fhv_silver.py
[2026-05-08T19:53:55.962+0000] {processor.py:840} INFO - DAG(s) 'newyork_fhv_silver' retrieved from /opt/airflow/dags/newyork_fhv_silver.py
[2026-05-08T19:53:55.987+0000] {logging_mixin.py:188} INFO - [2026-05-08T19:53:55.986+0000] {dag.py:3096} INFO - Sync 1 DAGs
[2026-05-08T19:53:56.002+0000] {logging_mixin.py:188} INFO - [2026-05-08T19:53:56.002+0000] {dag.py:3954} INFO - Setting next_dagrun for newyork_fhv_silver to None, run_after=None
[2026-05-08T19:53:56.028+0000] {processor.py:183} INFO - Processing /opt/airflow/dags/newyork_fhv_silver.py took 0.112 seconds
[2026-05-08T19:54:26.823+0000] {processor.py:161} INFO - Started process (PID=1171) to work on /opt/airflow/dags/newyork_fhv_silver.py
[2026-05-08T19:54:26.825+0000] {processor.py:830} INFO - Processing file /opt/airflow/dags/newyork_fhv_silver.py for tasks to queue
[2026-05-08T19:54:26.827+0000] {logging_mixin.py:188} INFO - [2026-05-08T19:54:26.827+0000] {dagbag.py:545} INFO - Filling up the DagBag from /opt/airflow/dags/newyork_fhv_silver.py
[2026-05-08T19:54:26.853+0000] {processor.py:840} INFO - DAG(s) 'newyork_fhv_silver' retrieved from /opt/airflow/dags/newyork_fhv_silver.py
[2026-05-08T19:54:26.875+0000] {logging_mixin.py:188} INFO - [2026-05-08T19:54:26.874+0000] {dag.py:3096} INFO - Sync 1 DAGs
[2026-05-08T19:54:26.889+0000] {logging_mixin.py:188} INFO - [2026-05-08T19:54:26.889+0000] {dag.py:3954} INFO - Setting next_dagrun for newyork_fhv_silver to None, run_after=None
[2026-05-08T19:54:26.912+0000] {processor.py:183} INFO - Processing /opt/airflow/dags/newyork_fhv_silver.py took 0.098 seconds
[2026-05-08T19:54:57.718+0000] {processor.py:161} INFO - Started process (PID=1182) to work on /opt/airflow/dags/newyork_fhv_silver.py
[2026-05-08T19:54:57.719+0000] {processor.py:830} INFO - Processing file /opt/airflow/dags/newyork_fhv_silver.py for tasks to queue
[2026-05-08T19:54:57.723+0000] {logging_mixin.py:188} INFO - [2026-05-08T19:54:57.722+0000] {dagbag.py:545} INFO - Filling up the DagBag from /opt/airflow/dags/newyork_fhv_silver.py
[2026-05-08T19:54:57.760+0000] {processor.py:840} INFO - DAG(s) 'newyork_fhv_silver' retrieved from /opt/airflow/dags/newyork_fhv_silver.py
[2026-05-08T19:54:57.800+0000] {logging_mixin.py:188} INFO - [2026-05-08T19:54:57.800+0000] {dag.py:3096} INFO - Sync 1 DAGs
[2026-05-08T19:54:57.813+0000] {logging_mixin.py:188} INFO - [2026-05-08T19:54:57.812+0000] {dag.py:3954} INFO - Setting next_dagrun for newyork_fhv_silver to None, run_after=None
[2026-05-08T19:54:57.839+0000] {processor.py:183} INFO - Processing /opt/airflow/dags/newyork_fhv_silver.py took 0.129 seconds
[2026-05-08T19:55:28.309+0000] {processor.py:161} INFO - Started process (PID=1193) to work on /opt/airflow/dags/newyork_fhv_silver.py
[2026-05-08T19:55:28.310+0000] {processor.py:830} INFO - Processing file /opt/airflow/dags/newyork_fhv_silver.py for tasks to queue
[2026-05-08T19:55:28.315+0000] {logging_mixin.py:188} INFO - [2026-05-08T19:55:28.315+0000] {dagbag.py:545} INFO - Filling up the DagBag from /opt/airflow/dags/newyork_fhv_silver.py
[2026-05-08T19:55:28.357+0000] {processor.py:840} INFO - DAG(s) 'newyork_fhv_silver' retrieved from /opt/airflow/dags/newyork_fhv_silver.py
[2026-05-08T19:55:28.388+0000] {logging_mixin.py:188} INFO - [2026-05-08T19:55:28.388+0000] {dag.py:3096} INFO - Sync 1 DAGs
[2026-05-08T19:55:28.405+0000] {logging_mixin.py:188} INFO - [2026-05-08T19:55:28.405+0000] {dag.py:3954} INFO - Setting next_dagrun for newyork_fhv_silver to None, run_after=None
[2026-05-08T19:55:28.432+0000] {processor.py:183} INFO - Processing /opt/airflow/dags/newyork_fhv_silver.py took 0.133 seconds
[2026-05-08T19:55:59.263+0000] {processor.py:161} INFO - Started process (PID=1204) to work on /opt/airflow/dags/newyork_fhv_silver.py
[2026-05-08T19:55:59.265+0000] {processor.py:830} INFO - Processing file /opt/airflow/dags/newyork_fhv_silver.py for tasks to queue
[2026-05-08T19:55:59.268+0000] {logging_mixin.py:188} INFO - [2026-05-08T19:55:59.268+0000] {dagbag.py:545} INFO - Filling up the DagBag from /opt/airflow/dags/newyork_fhv_silver.py
[2026-05-08T19:55:59.313+0000] {processor.py:840} INFO - DAG(s) 'newyork_fhv_silver' retrieved from /opt/airflow/dags/newyork_fhv_silver.py
[2026-05-08T19:55:59.346+0000] {logging_mixin.py:188} INFO - [2026-05-08T19:55:59.346+0000] {dag.py:3096} INFO - Sync 1 DAGs
[2026-05-08T19:55:59.362+0000] {logging_mixin.py:188} INFO - [2026-05-08T19:55:59.362+0000] {dag.py:3954} INFO - Setting next_dagrun for newyork_fhv_silver to None, run_after=None
[2026-05-08T19:55:59.392+0000] {processor.py:183} INFO - Processing /opt/airflow/dags/newyork_fhv_silver.py took 0.135 seconds
[2026-05-08T19:56:30.399+0000] {processor.py:161} INFO - Started process (PID=1215) to work on /opt/airflow/dags/newyork_fhv_silver.py
[2026-05-08T19:56:30.400+0000] {processor.py:830} INFO - Processing file /opt/airflow/dags/newyork_fhv_silver.py for tasks to queue
[2026-05-08T19:56:30.403+0000] {logging_mixin.py:188} INFO - [2026-05-08T19:56:30.402+0000] {dagbag.py:545} INFO - Filling up the DagBag from /opt/airflow/dags/newyork_fhv_silver.py
[2026-05-08T19:56:30.439+0000] {processor.py:840} INFO - DAG(s) 'newyork_fhv_silver' retrieved from /opt/airflow/dags/newyork_fhv_silver.py
[2026-05-08T19:56:30.466+0000] {logging_mixin.py:188} INFO - [2026-05-08T19:56:30.466+0000] {dag.py:3096} INFO - Sync 1 DAGs
[2026-05-08T19:56:30.488+0000] {logging_mixin.py:188} INFO - [2026-05-08T19:56:30.487+0000] {dag.py:3954} INFO - Setting next_dagrun for newyork_fhv_silver to None, run_after=None
[2026-05-08T19:56:30.513+0000] {processor.py:183} INFO - Processing /opt/airflow/dags/newyork_fhv_silver.py took 0.122 seconds
[2026-05-08T19:57:01.303+0000] {processor.py:161} INFO - Started process (PID=1226) to work on /opt/airflow/dags/newyork_fhv_silver.py
[2026-05-08T19:57:01.305+0000] {processor.py:830} INFO - Processing file /opt/airflow/dags/newyork_fhv_silver.py for tasks to queue
[2026-05-08T19:57:01.308+0000] {logging_mixin.py:188} INFO - [2026-05-08T19:57:01.307+0000] {dagbag.py:545} INFO - Filling up the DagBag from /opt/airflow/dags/newyork_fhv_silver.py
[2026-05-08T19:57:01.340+0000] {processor.py:840} INFO - DAG(s) 'newyork_fhv_silver' retrieved from /opt/airflow/dags/newyork_fhv_silver.py
[2026-05-08T19:57:01.371+0000] {logging_mixin.py:188} INFO - [2026-05-08T19:57:01.370+0000] {dag.py:3096} INFO - Sync 1 DAGs
[2026-05-08T19:57:01.388+0000] {logging_mixin.py:188} INFO - [2026-05-08T19:57:01.388+0000] {dag.py:3954} INFO - Setting next_dagrun for newyork_fhv_silver to None, run_after=None
[2026-05-08T19:57:01.428+0000] {processor.py:183} INFO - Processing /opt/airflow/dags/newyork_fhv_silver.py took 0.133 seconds
[2026-05-08T19:57:32.210+0000] {processor.py:161} INFO - Started process (PID=1237) to work on /opt/airflow/dags/newyork_fhv_silver.py
[2026-05-08T19:57:32.212+0000] {processor.py:830} INFO - Processing file /opt/airflow/dags/newyork_fhv_silver.py for tasks to queue
[2026-05-08T19:57:32.216+0000] {logging_mixin.py:188} INFO - [2026-05-08T19:57:32.215+0000] {dagbag.py:545} INFO - Filling up the DagBag from /opt/airflow/dags/newyork_fhv_silver.py
[2026-05-08T19:57:32.253+0000] {processor.py:840} INFO - DAG(s) 'newyork_fhv_silver' retrieved from /opt/airflow/dags/newyork_fhv_silver.py
[2026-05-08T19:57:32.286+0000] {logging_mixin.py:188} INFO - [2026-05-08T19:57:32.285+0000] {dag.py:3096} INFO - Sync 1 DAGs
[2026-05-08T19:57:32.302+0000] {logging_mixin.py:188} INFO - [2026-05-08T19:57:32.301+0000] {dag.py:3954} INFO - Setting next_dagrun for newyork_fhv_silver to None, run_after=None
[2026-05-08T19:57:32.332+0000] {processor.py:183} INFO - Processing /opt/airflow/dags/newyork_fhv_silver.py took 0.131 seconds
[2026-05-08T19:58:03.132+0000] {processor.py:161} INFO - Started process (PID=1248) to work on /opt/airflow/dags/newyork_fhv_silver.py
[2026-05-08T19:58:03.134+0000] {processor.py:830} INFO - Processing file /opt/airflow/dags/newyork_fhv_silver.py for tasks to queue
[2026-05-08T19:58:03.136+0000] {logging_mixin.py:188} INFO - [2026-05-08T19:58:03.136+0000] {dagbag.py:545} INFO - Filling up the DagBag from /opt/airflow/dags/newyork_fhv_silver.py
[2026-05-08T19:58:03.184+0000] {processor.py:840} INFO - DAG(s) 'newyork_fhv_silver' retrieved from /opt/airflow/dags/newyork_fhv_silver.py
[2026-05-08T19:58:03.224+0000] {logging_mixin.py:188} INFO - [2026-05-08T19:58:03.223+0000] {dag.py:3096} INFO - Sync 1 DAGs
[2026-05-08T19:58:03.241+0000] {logging_mixin.py:188} INFO - [2026-05-08T19:58:03.241+0000] {dag.py:3954} INFO - Setting next_dagrun for newyork_fhv_silver to None, run_after=None
[2026-05-08T19:58:03.267+0000] {processor.py:183} INFO - Processing /opt/airflow/dags/newyork_fhv_silver.py took 0.149 seconds
[2026-05-08T19:58:34.134+0000] {processor.py:161} INFO - Started process (PID=1259) to work on /opt/airflow/dags/newyork_fhv_silver.py
[2026-05-08T19:58:34.136+0000] {processor.py:830} INFO - Processing file /opt/airflow/dags/newyork_fhv_silver.py for tasks to queue
[2026-05-08T19:58:34.139+0000] {logging_mixin.py:188} INFO - [2026-05-08T19:58:34.139+0000] {dagbag.py:545} INFO - Filling up the DagBag from /opt/airflow/dags/newyork_fhv_silver.py
[2026-05-08T19:58:34.174+0000] {processor.py:840} INFO - DAG(s) 'newyork_fhv_silver' retrieved from /opt/airflow/dags/newyork_fhv_silver.py
[2026-05-08T19:58:34.203+0000] {logging_mixin.py:188} INFO - [2026-05-08T19:58:34.203+0000] {dag.py:3096} INFO - Sync 1 DAGs
[2026-05-08T19:58:34.217+0000] {logging_mixin.py:188} INFO - [2026-05-08T19:58:34.217+0000] {dag.py:3954} INFO - Setting next_dagrun for newyork_fhv_silver to None, run_after=None
[2026-05-08T19:58:34.249+0000] {processor.py:183} INFO - Processing /opt/airflow/dags/newyork_fhv_silver.py took 0.123 seconds
[2026-05-08T19:59:05.062+0000] {processor.py:161} INFO - Started process (PID=1270) to work on /opt/airflow/dags/newyork_fhv_silver.py
[2026-05-08T19:59:05.063+0000] {processor.py:830} INFO - Processing file /opt/airflow/dags/newyork_fhv_silver.py for tasks to queue
[2026-05-08T19:59:05.068+0000] {logging_mixin.py:188} INFO - [2026-05-08T19:59:05.067+0000] {dagbag.py:545} INFO - Filling up the DagBag from /opt/airflow/dags/newyork_fhv_silver.py
[2026-05-08T19:59:05.113+0000] {processor.py:840} INFO - DAG(s) 'newyork_fhv_silver' retrieved from /opt/airflow/dags/newyork_fhv_silver.py
[2026-05-08T19:59:05.144+0000] {logging_mixin.py:188} INFO - [2026-05-08T19:59:05.144+0000] {dag.py:3096} INFO - Sync 1 DAGs
[2026-05-08T19:59:05.158+0000] {logging_mixin.py:188} INFO - [2026-05-08T19:59:05.158+0000] {dag.py:3954} INFO - Setting next_dagrun for newyork_fhv_silver to None, run_after=None
[2026-05-08T19:59:05.187+0000] {processor.py:183} INFO - Processing /opt/airflow/dags/newyork_fhv_silver.py took 0.134 seconds
[2026-05-08T19:59:35.985+0000] {processor.py:161} INFO - Started process (PID=1281) to work on /opt/airflow/dags/newyork_fhv_silver.py
[2026-05-08T19:59:35.987+0000] {processor.py:830} INFO - Processing file /opt/airflow/dags/newyork_fhv_silver.py for tasks to queue
[2026-05-08T19:59:35.991+0000] {logging_mixin.py:188} INFO - [2026-05-08T19:59:35.991+0000] {dagbag.py:545} INFO - Filling up the DagBag from /opt/airflow/dags/newyork_fhv_silver.py
[2026-05-08T19:59:36.032+0000] {processor.py:840} INFO - DAG(s) 'newyork_fhv_silver' retrieved from /opt/airflow/dags/newyork_fhv_silver.py
[2026-05-08T19:59:36.061+0000] {logging_mixin.py:188} INFO - [2026-05-08T19:59:36.061+0000] {dag.py:3096} INFO - Sync 1 DAGs
[2026-05-08T19:59:36.072+0000] {logging_mixin.py:188} INFO - [2026-05-08T19:59:36.072+0000] {dag.py:3954} INFO - Setting next_dagrun for newyork_fhv_silver to None, run_after=None
[2026-05-08T19:59:36.102+0000] {processor.py:183} INFO - Processing /opt/airflow/dags/newyork_fhv_silver.py took 0.129 seconds
[2026-05-08T20:00:06.847+0000] {processor.py:161} INFO - Started process (PID=1292) to work on /opt/airflow/dags/newyork_fhv_silver.py
[2026-05-08T20:00:06.848+0000] {processor.py:830} INFO - Processing file /opt/airflow/dags/newyork_fhv_silver.py for tasks to queue
[2026-05-08T20:00:06.851+0000] {logging_mixin.py:188} INFO - [2026-05-08T20:00:06.850+0000] {dagbag.py:545} INFO - Filling up the DagBag from /opt/airflow/dags/newyork_fhv_silver.py
[2026-05-08T20:00:06.887+0000] {processor.py:840} INFO - DAG(s) 'newyork_fhv_silver' retrieved from /opt/airflow/dags/newyork_fhv_silver.py
[2026-05-08T20:00:06.908+0000] {logging_mixin.py:188} INFO - [2026-05-08T20:00:06.908+0000] {dag.py:3096} INFO - Sync 1 DAGs
[2026-05-08T20:00:06.929+0000] {logging_mixin.py:188} INFO - [2026-05-08T20:00:06.929+0000] {dag.py:3954} INFO - Setting next_dagrun for newyork_fhv_silver to None, run_after=None
[2026-05-08T20:00:06.961+0000] {processor.py:183} INFO - Processing /opt/airflow/dags/newyork_fhv_silver.py took 0.120 seconds
[2026-05-08T20:00:37.809+0000] {processor.py:161} INFO - Started process (PID=1302) to work on /opt/airflow/dags/newyork_fhv_silver.py
[2026-05-08T20:00:37.811+0000] {processor.py:830} INFO - Processing file /opt/airflow/dags/newyork_fhv_silver.py for tasks to queue
[2026-05-08T20:00:37.816+0000] {logging_mixin.py:188} INFO - [2026-05-08T20:00:37.816+0000] {dagbag.py:545} INFO - Filling up the DagBag from /opt/airflow/dags/newyork_fhv_silver.py
[2026-05-08T20:00:37.858+0000] {processor.py:840} INFO - DAG(s) 'newyork_fhv_silver' retrieved from /opt/airflow/dags/newyork_fhv_silver.py
[2026-05-08T20:00:37.882+0000] {logging_mixin.py:188} INFO - [2026-05-08T20:00:37.882+0000] {dag.py:3096} INFO - Sync 1 DAGs
[2026-05-08T20:00:37.894+0000] {logging_mixin.py:188} INFO - [2026-05-08T20:00:37.894+0000] {dag.py:3954} INFO - Setting next_dagrun for newyork_fhv_silver to None, run_after=None
[2026-05-08T20:00:37.916+0000] {processor.py:183} INFO - Processing /opt/airflow/dags/newyork_fhv_silver.py took 0.116 seconds
[2026-05-08T20:01:09.012+0000] {processor.py:161} INFO - Started process (PID=1319) to work on /opt/airflow/dags/newyork_fhv_silver.py
[2026-05-08T20:01:09.014+0000] {processor.py:830} INFO - Processing file /opt/airflow/dags/newyork_fhv_silver.py for tasks to queue
[2026-05-08T20:01:09.018+0000] {logging_mixin.py:188} INFO - [2026-05-08T20:01:09.018+0000] {dagbag.py:545} INFO - Filling up the DagBag from /opt/airflow/dags/newyork_fhv_silver.py
[2026-05-08T20:01:09.063+0000] {processor.py:840} INFO - DAG(s) 'newyork_fhv_silver' retrieved from /opt/airflow/dags/newyork_fhv_silver.py
[2026-05-08T20:01:09.084+0000] {logging_mixin.py:188} INFO - [2026-05-08T20:01:09.084+0000] {dag.py:3096} INFO - Sync 1 DAGs
[2026-05-08T20:01:09.096+0000] {logging_mixin.py:188} INFO - [2026-05-08T20:01:09.096+0000] {dag.py:3954} INFO - Setting next_dagrun for newyork_fhv_silver to None, run_after=None
[2026-05-08T20:01:09.129+0000] {processor.py:183} INFO - Processing /opt/airflow/dags/newyork_fhv_silver.py took 0.127 seconds
[2026-05-08T20:01:40.141+0000] {processor.py:161} INFO - Started process (PID=1330) to work on /opt/airflow/dags/newyork_fhv_silver.py
[2026-05-08T20:01:40.142+0000] {processor.py:830} INFO - Processing file /opt/airflow/dags/newyork_fhv_silver.py for tasks to queue
[2026-05-08T20:01:40.145+0000] {logging_mixin.py:188} INFO - [2026-05-08T20:01:40.144+0000] {dagbag.py:545} INFO - Filling up the DagBag from /opt/airflow/dags/newyork_fhv_silver.py
[2026-05-08T20:01:40.175+0000] {processor.py:840} INFO - DAG(s) 'newyork_fhv_silver' retrieved from /opt/airflow/dags/newyork_fhv_silver.py
[2026-05-08T20:01:40.197+0000] {logging_mixin.py:188} INFO - [2026-05-08T20:01:40.197+0000] {dag.py:3096} INFO - Sync 1 DAGs
[2026-05-08T20:01:40.212+0000] {logging_mixin.py:188} INFO - [2026-05-08T20:01:40.212+0000] {dag.py:3954} INFO - Setting next_dagrun for newyork_fhv_silver to None, run_after=None
[2026-05-08T20:01:40.235+0000] {processor.py:183} INFO - Processing /opt/airflow/dags/newyork_fhv_silver.py took 0.101 seconds
[2026-05-08T20:02:11.119+0000] {processor.py:161} INFO - Started process (PID=1341) to work on /opt/airflow/dags/newyork_fhv_silver.py
[2026-05-08T20:02:11.121+0000] {processor.py:830} INFO - Processing file /opt/airflow/dags/newyork_fhv_silver.py for tasks to queue
[2026-05-08T20:02:11.125+0000] {logging_mixin.py:188} INFO - [2026-05-08T20:02:11.124+0000] {dagbag.py:545} INFO - Filling up the DagBag from /opt/airflow/dags/newyork_fhv_silver.py
[2026-05-08T20:02:11.157+0000] {processor.py:840} INFO - DAG(s) 'newyork_fhv_silver' retrieved from /opt/airflow/dags/newyork_fhv_silver.py
[2026-05-08T20:02:11.178+0000] {logging_mixin.py:188} INFO - [2026-05-08T20:02:11.178+0000] {dag.py:3096} INFO - Sync 1 DAGs
[2026-05-08T20:02:11.190+0000] {logging_mixin.py:188} INFO - [2026-05-08T20:02:11.190+0000] {dag.py:3954} INFO - Setting next_dagrun for newyork_fhv_silver to None, run_after=None
[2026-05-08T20:02:11.215+0000] {processor.py:183} INFO - Processing /opt/airflow/dags/newyork_fhv_silver.py took 0.105 seconds
[2026-05-08T20:02:41.438+0000] {processor.py:161} INFO - Started process (PID=1352) to work on /opt/airflow/dags/newyork_fhv_silver.py
[2026-05-08T20:02:41.440+0000] {processor.py:830} INFO - Processing file /opt/airflow/dags/newyork_fhv_silver.py for tasks to queue
[2026-05-08T20:02:41.444+0000] {logging_mixin.py:188} INFO - [2026-05-08T20:02:41.443+0000] {dagbag.py:545} INFO - Filling up the DagBag from /opt/airflow/dags/newyork_fhv_silver.py
[2026-05-08T20:02:41.481+0000] {processor.py:840} INFO - DAG(s) 'newyork_fhv_silver' retrieved from /opt/airflow/dags/newyork_fhv_silver.py
[2026-05-08T20:02:41.501+0000] {logging_mixin.py:188} INFO - [2026-05-08T20:02:41.501+0000] {dag.py:3096} INFO - Sync 1 DAGs
[2026-05-08T20:02:41.512+0000] {logging_mixin.py:188} INFO - [2026-05-08T20:02:41.512+0000] {dag.py:3954} INFO - Setting next_dagrun for newyork_fhv_silver to None, run_after=None
[2026-05-08T20:02:41.533+0000] {processor.py:183} INFO - Processing /opt/airflow/dags/newyork_fhv_silver.py took 0.105 seconds
[2026-05-08T20:03:11.690+0000] {processor.py:161} INFO - Started process (PID=1363) to work on /opt/airflow/dags/newyork_fhv_silver.py
[2026-05-08T20:03:11.692+0000] {processor.py:830} INFO - Processing file /opt/airflow/dags/newyork_fhv_silver.py for tasks to queue
[2026-05-08T20:03:11.695+0000] {logging_mixin.py:188} INFO - [2026-05-08T20:03:11.695+0000] {dagbag.py:545} INFO - Filling up the DagBag from /opt/airflow/dags/newyork_fhv_silver.py
[2026-05-08T20:03:11.733+0000] {processor.py:840} INFO - DAG(s) 'newyork_fhv_silver' retrieved from /opt/airflow/dags/newyork_fhv_silver.py
[2026-05-08T20:03:11.764+0000] {logging_mixin.py:188} INFO - [2026-05-08T20:03:11.764+0000] {dag.py:3096} INFO - Sync 1 DAGs
[2026-05-08T20:03:11.777+0000] {logging_mixin.py:188} INFO - [2026-05-08T20:03:11.777+0000] {dag.py:3954} INFO - Setting next_dagrun for newyork_fhv_silver to None, run_after=None
[2026-05-08T20:03:11.807+0000] {processor.py:183} INFO - Processing /opt/airflow/dags/newyork_fhv_silver.py took 0.127 seconds
[2026-05-08T20:03:42.101+0000] {processor.py:161} INFO - Started process (PID=1374) to work on /opt/airflow/dags/newyork_fhv_silver.py
[2026-05-08T20:03:42.104+0000] {processor.py:830} INFO - Processing file /opt/airflow/dags/newyork_fhv_silver.py for tasks to queue
[2026-05-08T20:03:42.106+0000] {logging_mixin.py:188} INFO - [2026-05-08T20:03:42.106+0000] {dagbag.py:545} INFO - Filling up the DagBag from /opt/airflow/dags/newyork_fhv_silver.py
[2026-05-08T20:03:42.160+0000] {processor.py:840} INFO - DAG(s) 'newyork_fhv_silver' retrieved from /opt/airflow/dags/newyork_fhv_silver.py
[2026-05-08T20:03:42.187+0000] {logging_mixin.py:188} INFO - [2026-05-08T20:03:42.187+0000] {dag.py:3096} INFO - Sync 1 DAGs
[2026-05-08T20:03:42.205+0000] {logging_mixin.py:188} INFO - [2026-05-08T20:03:42.205+0000] {dag.py:3954} INFO - Setting next_dagrun for newyork_fhv_silver to None, run_after=None
[2026-05-08T20:03:42.232+0000] {processor.py:183} INFO - Processing /opt/airflow/dags/newyork_fhv_silver.py took 0.138 seconds
[2026-05-08T23:03:56.262+0000] {processor.py:161} INFO - Started process (PID=1379) to work on /opt/airflow/dags/newyork_fhv_silver.py
[2026-05-08T23:03:56.287+0000] {processor.py:830} INFO - Processing file /opt/airflow/dags/newyork_fhv_silver.py for tasks to queue
[2026-05-08T23:03:56.311+0000] {logging_mixin.py:188} INFO - [2026-05-08T23:03:56.310+0000] {dagbag.py:545} INFO - Filling up the DagBag from /opt/airflow/dags/newyork_fhv_silver.py
[2026-05-08T23:03:56.710+0000] {processor.py:840} INFO - DAG(s) 'newyork_fhv_silver' retrieved from /opt/airflow/dags/newyork_fhv_silver.py
[2026-05-08T23:03:56.733+0000] {logging_mixin.py:188} INFO - [2026-05-08T23:03:56.733+0000] {dag.py:3096} INFO - Sync 1 DAGs
[2026-05-08T23:03:56.748+0000] {logging_mixin.py:188} INFO - [2026-05-08T23:03:56.747+0000] {dag.py:3954} INFO - Setting next_dagrun for newyork_fhv_silver to None, run_after=None
[2026-05-08T23:03:56.792+0000] {processor.py:183} INFO - Processing /opt/airflow/dags/newyork_fhv_silver.py took 0.535 seconds
