[2026-05-08T18:53:57.987+0000] {processor.py:161} INFO - Started process (PID=77) to work on /opt/airflow/dags/newyork_fhv_quality_check.py
[2026-05-08T18:53:57.989+0000] {processor.py:830} INFO - Processing file /opt/airflow/dags/newyork_fhv_quality_check.py for tasks to queue
[2026-05-08T18:53:57.991+0000] {logging_mixin.py:188} INFO - [2026-05-08T18:53:57.991+0000] {dagbag.py:545} INFO - Filling up the DagBag from /opt/airflow/dags/newyork_fhv_quality_check.py
[2026-05-08T18:53:58.039+0000] {processor.py:840} INFO - DAG(s) 'newyork_fhv_quality_check' retrieved from /opt/airflow/dags/newyork_fhv_quality_check.py
[2026-05-08T18:53:58.180+0000] {logging_mixin.py:188} INFO - [2026-05-08T18:53:58.179+0000] {override.py:1829} INFO - Created Permission View: can delete on DAG:newyork_fhv_quality_check
[2026-05-08T18:53:58.193+0000] {logging_mixin.py:188} INFO - [2026-05-08T18:53:58.193+0000] {override.py:1829} INFO - Created Permission View: can read on DAG:newyork_fhv_quality_check
[2026-05-08T18:53:58.204+0000] {logging_mixin.py:188} INFO - [2026-05-08T18:53:58.204+0000] {override.py:1829} INFO - Created Permission View: can edit on DAG:newyork_fhv_quality_check
[2026-05-08T18:53:58.205+0000] {logging_mixin.py:188} INFO - [2026-05-08T18:53:58.205+0000] {dag.py:3096} INFO - Sync 1 DAGs
[2026-05-08T18:53:58.219+0000] {logging_mixin.py:188} INFO - [2026-05-08T18:53:58.219+0000] {dag.py:3118} INFO - Creating ORM DAG for newyork_fhv_quality_check
[2026-05-08T18:53:58.221+0000] {logging_mixin.py:188} INFO - [2026-05-08T18:53:58.220+0000] {dag.py:3954} INFO - Setting next_dagrun for newyork_fhv_quality_check to None, run_after=None
[2026-05-08T18:53:58.247+0000] {processor.py:183} INFO - Processing /opt/airflow/dags/newyork_fhv_quality_check.py took 0.266 seconds
[2026-05-08T18:54:41.046+0000] {processor.py:161} INFO - Started process (PID=94) to work on /opt/airflow/dags/newyork_fhv_quality_check.py
[2026-05-08T18:54:41.048+0000] {processor.py:830} INFO - Processing file /opt/airflow/dags/newyork_fhv_quality_check.py for tasks to queue
[2026-05-08T18:54:41.051+0000] {logging_mixin.py:188} INFO - [2026-05-08T18:54:41.050+0000] {dagbag.py:545} INFO - Filling up the DagBag from /opt/airflow/dags/newyork_fhv_quality_check.py
[2026-05-08T18:54:41.083+0000] {processor.py:840} INFO - DAG(s) 'newyork_fhv_quality_check' retrieved from /opt/airflow/dags/newyork_fhv_quality_check.py
[2026-05-08T18:54:41.109+0000] {logging_mixin.py:188} INFO - [2026-05-08T18:54:41.109+0000] {dag.py:3096} INFO - Sync 1 DAGs
[2026-05-08T18:54:41.122+0000] {logging_mixin.py:188} INFO - [2026-05-08T18:54:41.122+0000] {dag.py:3954} INFO - Setting next_dagrun for newyork_fhv_quality_check to None, run_after=None
[2026-05-08T18:54:41.396+0000] {processor.py:183} INFO - Processing /opt/airflow/dags/newyork_fhv_quality_check.py took 0.360 seconds
[2026-05-08T18:55:12.978+0000] {processor.py:161} INFO - Started process (PID=105) to work on /opt/airflow/dags/newyork_fhv_quality_check.py
[2026-05-08T18:55:12.979+0000] {processor.py:830} INFO - Processing file /opt/airflow/dags/newyork_fhv_quality_check.py for tasks to queue
[2026-05-08T18:55:12.981+0000] {logging_mixin.py:188} INFO - [2026-05-08T18:55:12.981+0000] {dagbag.py:545} INFO - Filling up the DagBag from /opt/airflow/dags/newyork_fhv_quality_check.py
[2026-05-08T18:55:12.998+0000] {processor.py:840} INFO - DAG(s) 'newyork_fhv_quality_check' retrieved from /opt/airflow/dags/newyork_fhv_quality_check.py
[2026-05-08T18:55:13.020+0000] {logging_mixin.py:188} INFO - [2026-05-08T18:55:13.019+0000] {dag.py:3096} INFO - Sync 1 DAGs
[2026-05-08T18:55:13.033+0000] {logging_mixin.py:188} INFO - [2026-05-08T18:55:13.033+0000] {dag.py:3954} INFO - Setting next_dagrun for newyork_fhv_quality_check to None, run_after=None
[2026-05-08T18:55:13.591+0000] {processor.py:183} INFO - Processing /opt/airflow/dags/newyork_fhv_quality_check.py took 0.618 seconds
[2026-05-08T18:55:44.091+0000] {processor.py:161} INFO - Started process (PID=116) to work on /opt/airflow/dags/newyork_fhv_quality_check.py
[2026-05-08T18:55:44.092+0000] {processor.py:830} INFO - Processing file /opt/airflow/dags/newyork_fhv_quality_check.py for tasks to queue
[2026-05-08T18:55:44.095+0000] {logging_mixin.py:188} INFO - [2026-05-08T18:55:44.094+0000] {dagbag.py:545} INFO - Filling up the DagBag from /opt/airflow/dags/newyork_fhv_quality_check.py
[2026-05-08T18:55:44.120+0000] {processor.py:840} INFO - DAG(s) 'newyork_fhv_quality_check' retrieved from /opt/airflow/dags/newyork_fhv_quality_check.py
[2026-05-08T18:55:44.143+0000] {logging_mixin.py:188} INFO - [2026-05-08T18:55:44.143+0000] {dag.py:3096} INFO - Sync 1 DAGs
[2026-05-08T18:55:44.157+0000] {logging_mixin.py:188} INFO - [2026-05-08T18:55:44.157+0000] {dag.py:3954} INFO - Setting next_dagrun for newyork_fhv_quality_check to None, run_after=None
[2026-05-08T18:55:44.518+0000] {processor.py:183} INFO - Processing /opt/airflow/dags/newyork_fhv_quality_check.py took 0.433 seconds
[2026-05-08T18:56:14.567+0000] {processor.py:161} INFO - Started process (PID=127) to work on /opt/airflow/dags/newyork_fhv_quality_check.py
[2026-05-08T18:56:14.569+0000] {processor.py:830} INFO - Processing file /opt/airflow/dags/newyork_fhv_quality_check.py for tasks to queue
[2026-05-08T18:56:14.571+0000] {logging_mixin.py:188} INFO - [2026-05-08T18:56:14.571+0000] {dagbag.py:545} INFO - Filling up the DagBag from /opt/airflow/dags/newyork_fhv_quality_check.py
[2026-05-08T18:56:14.602+0000] {processor.py:840} INFO - DAG(s) 'newyork_fhv_quality_check' retrieved from /opt/airflow/dags/newyork_fhv_quality_check.py
[2026-05-08T18:56:14.637+0000] {logging_mixin.py:188} INFO - [2026-05-08T18:56:14.637+0000] {dag.py:3096} INFO - Sync 1 DAGs
[2026-05-08T18:56:14.650+0000] {logging_mixin.py:188} INFO - [2026-05-08T18:56:14.649+0000] {dag.py:3954} INFO - Setting next_dagrun for newyork_fhv_quality_check to None, run_after=None
[2026-05-08T18:56:14.769+0000] {processor.py:183} INFO - Processing /opt/airflow/dags/newyork_fhv_quality_check.py took 0.209 seconds
[2026-05-08T18:58:24.997+0000] {processor.py:161} INFO - Started process (PID=88) to work on /opt/airflow/dags/newyork_fhv_quality_check.py
[2026-05-08T18:58:24.999+0000] {processor.py:830} INFO - Processing file /opt/airflow/dags/newyork_fhv_quality_check.py for tasks to queue
[2026-05-08T18:58:25.001+0000] {logging_mixin.py:188} INFO - [2026-05-08T18:58:25.001+0000] {dagbag.py:545} INFO - Filling up the DagBag from /opt/airflow/dags/newyork_fhv_quality_check.py
[2026-05-08T18:58:25.026+0000] {processor.py:840} INFO - DAG(s) 'newyork_fhv_quality_check' retrieved from /opt/airflow/dags/newyork_fhv_quality_check.py
[2026-05-08T18:58:25.051+0000] {logging_mixin.py:188} INFO - [2026-05-08T18:58:25.051+0000] {dag.py:3096} INFO - Sync 1 DAGs
[2026-05-08T18:58:25.071+0000] {logging_mixin.py:188} INFO - [2026-05-08T18:58:25.071+0000] {dag.py:3954} INFO - Setting next_dagrun for newyork_fhv_quality_check to None, run_after=None
[2026-05-08T18:58:25.423+0000] {processor.py:183} INFO - Processing /opt/airflow/dags/newyork_fhv_quality_check.py took 0.432 seconds
[2026-05-08T18:58:56.295+0000] {processor.py:161} INFO - Started process (PID=99) to work on /opt/airflow/dags/newyork_fhv_quality_check.py
[2026-05-08T18:58:56.297+0000] {processor.py:830} INFO - Processing file /opt/airflow/dags/newyork_fhv_quality_check.py for tasks to queue
[2026-05-08T18:58:56.300+0000] {logging_mixin.py:188} INFO - [2026-05-08T18:58:56.300+0000] {dagbag.py:545} INFO - Filling up the DagBag from /opt/airflow/dags/newyork_fhv_quality_check.py
[2026-05-08T18:58:56.341+0000] {processor.py:840} INFO - DAG(s) 'newyork_fhv_quality_check' retrieved from /opt/airflow/dags/newyork_fhv_quality_check.py
[2026-05-08T18:58:56.369+0000] {logging_mixin.py:188} INFO - [2026-05-08T18:58:56.369+0000] {dag.py:3096} INFO - Sync 1 DAGs
[2026-05-08T18:58:56.383+0000] {logging_mixin.py:188} INFO - [2026-05-08T18:58:56.383+0000] {dag.py:3954} INFO - Setting next_dagrun for newyork_fhv_quality_check to None, run_after=None
[2026-05-08T18:58:56.414+0000] {processor.py:183} INFO - Processing /opt/airflow/dags/newyork_fhv_quality_check.py took 0.125 seconds
[2026-05-08T18:59:27.207+0000] {processor.py:161} INFO - Started process (PID=110) to work on /opt/airflow/dags/newyork_fhv_quality_check.py
[2026-05-08T18:59:27.209+0000] {processor.py:830} INFO - Processing file /opt/airflow/dags/newyork_fhv_quality_check.py for tasks to queue
[2026-05-08T18:59:27.214+0000] {logging_mixin.py:188} INFO - [2026-05-08T18:59:27.213+0000] {dagbag.py:545} INFO - Filling up the DagBag from /opt/airflow/dags/newyork_fhv_quality_check.py
[2026-05-08T18:59:27.253+0000] {processor.py:840} INFO - DAG(s) 'newyork_fhv_quality_check' retrieved from /opt/airflow/dags/newyork_fhv_quality_check.py
[2026-05-08T18:59:27.277+0000] {logging_mixin.py:188} INFO - [2026-05-08T18:59:27.276+0000] {dag.py:3096} INFO - Sync 1 DAGs
[2026-05-08T18:59:27.293+0000] {logging_mixin.py:188} INFO - [2026-05-08T18:59:27.293+0000] {dag.py:3954} INFO - Setting next_dagrun for newyork_fhv_quality_check to None, run_after=None
[2026-05-08T18:59:27.318+0000] {processor.py:183} INFO - Processing /opt/airflow/dags/newyork_fhv_quality_check.py took 0.119 seconds
[2026-05-08T18:59:57.793+0000] {processor.py:161} INFO - Started process (PID=121) to work on /opt/airflow/dags/newyork_fhv_quality_check.py
[2026-05-08T18:59:57.794+0000] {processor.py:830} INFO - Processing file /opt/airflow/dags/newyork_fhv_quality_check.py for tasks to queue
[2026-05-08T18:59:57.796+0000] {logging_mixin.py:188} INFO - [2026-05-08T18:59:57.796+0000] {dagbag.py:545} INFO - Filling up the DagBag from /opt/airflow/dags/newyork_fhv_quality_check.py
[2026-05-08T18:59:57.825+0000] {processor.py:840} INFO - DAG(s) 'newyork_fhv_quality_check' retrieved from /opt/airflow/dags/newyork_fhv_quality_check.py
[2026-05-08T18:59:57.850+0000] {logging_mixin.py:188} INFO - [2026-05-08T18:59:57.850+0000] {dag.py:3096} INFO - Sync 1 DAGs
[2026-05-08T18:59:57.862+0000] {logging_mixin.py:188} INFO - [2026-05-08T18:59:57.862+0000] {dag.py:3954} INFO - Setting next_dagrun for newyork_fhv_quality_check to None, run_after=None
[2026-05-08T18:59:58.719+0000] {processor.py:183} INFO - Processing /opt/airflow/dags/newyork_fhv_quality_check.py took 0.932 seconds
[2026-05-08T19:00:28.808+0000] {processor.py:161} INFO - Started process (PID=132) to work on /opt/airflow/dags/newyork_fhv_quality_check.py
[2026-05-08T19:00:28.809+0000] {processor.py:830} INFO - Processing file /opt/airflow/dags/newyork_fhv_quality_check.py for tasks to queue
[2026-05-08T19:00:28.811+0000] {logging_mixin.py:188} INFO - [2026-05-08T19:00:28.811+0000] {dagbag.py:545} INFO - Filling up the DagBag from /opt/airflow/dags/newyork_fhv_quality_check.py
[2026-05-08T19:00:28.837+0000] {processor.py:840} INFO - DAG(s) 'newyork_fhv_quality_check' retrieved from /opt/airflow/dags/newyork_fhv_quality_check.py
[2026-05-08T19:00:28.856+0000] {logging_mixin.py:188} INFO - [2026-05-08T19:00:28.856+0000] {dag.py:3096} INFO - Sync 1 DAGs
[2026-05-08T19:00:28.867+0000] {logging_mixin.py:188} INFO - [2026-05-08T19:00:28.867+0000] {dag.py:3954} INFO - Setting next_dagrun for newyork_fhv_quality_check to None, run_after=None
[2026-05-08T19:00:29.059+0000] {processor.py:183} INFO - Processing /opt/airflow/dags/newyork_fhv_quality_check.py took 0.256 seconds
[2026-05-08T19:00:59.587+0000] {processor.py:161} INFO - Started process (PID=143) to work on /opt/airflow/dags/newyork_fhv_quality_check.py
[2026-05-08T19:00:59.588+0000] {processor.py:830} INFO - Processing file /opt/airflow/dags/newyork_fhv_quality_check.py for tasks to queue
[2026-05-08T19:00:59.591+0000] {logging_mixin.py:188} INFO - [2026-05-08T19:00:59.590+0000] {dagbag.py:545} INFO - Filling up the DagBag from /opt/airflow/dags/newyork_fhv_quality_check.py
[2026-05-08T19:00:59.625+0000] {processor.py:840} INFO - DAG(s) 'newyork_fhv_quality_check' retrieved from /opt/airflow/dags/newyork_fhv_quality_check.py
[2026-05-08T19:00:59.648+0000] {logging_mixin.py:188} INFO - [2026-05-08T19:00:59.647+0000] {dag.py:3096} INFO - Sync 1 DAGs
[2026-05-08T19:00:59.662+0000] {logging_mixin.py:188} INFO - [2026-05-08T19:00:59.661+0000] {dag.py:3954} INFO - Setting next_dagrun for newyork_fhv_quality_check to None, run_after=None
[2026-05-08T19:00:59.685+0000] {processor.py:183} INFO - Processing /opt/airflow/dags/newyork_fhv_quality_check.py took 0.104 seconds
[2026-05-08T19:01:30.065+0000] {processor.py:161} INFO - Started process (PID=154) to work on /opt/airflow/dags/newyork_fhv_quality_check.py
[2026-05-08T19:01:30.068+0000] {processor.py:830} INFO - Processing file /opt/airflow/dags/newyork_fhv_quality_check.py for tasks to queue
[2026-05-08T19:01:30.072+0000] {logging_mixin.py:188} INFO - [2026-05-08T19:01:30.071+0000] {dagbag.py:545} INFO - Filling up the DagBag from /opt/airflow/dags/newyork_fhv_quality_check.py
[2026-05-08T19:01:30.100+0000] {processor.py:840} INFO - DAG(s) 'newyork_fhv_quality_check' retrieved from /opt/airflow/dags/newyork_fhv_quality_check.py
[2026-05-08T19:01:30.128+0000] {logging_mixin.py:188} INFO - [2026-05-08T19:01:30.128+0000] {dag.py:3096} INFO - Sync 1 DAGs
[2026-05-08T19:01:30.142+0000] {logging_mixin.py:188} INFO - [2026-05-08T19:01:30.142+0000] {dag.py:3954} INFO - Setting next_dagrun for newyork_fhv_quality_check to None, run_after=None
[2026-05-08T19:01:31.373+0000] {processor.py:183} INFO - Processing /opt/airflow/dags/newyork_fhv_quality_check.py took 1.317 seconds
[2026-05-08T19:02:01.766+0000] {processor.py:161} INFO - Started process (PID=166) to work on /opt/airflow/dags/newyork_fhv_quality_check.py
[2026-05-08T19:02:01.767+0000] {processor.py:830} INFO - Processing file /opt/airflow/dags/newyork_fhv_quality_check.py for tasks to queue
[2026-05-08T19:02:01.770+0000] {logging_mixin.py:188} INFO - [2026-05-08T19:02:01.769+0000] {dagbag.py:545} INFO - Filling up the DagBag from /opt/airflow/dags/newyork_fhv_quality_check.py
[2026-05-08T19:02:01.797+0000] {processor.py:840} INFO - DAG(s) 'newyork_fhv_quality_check' retrieved from /opt/airflow/dags/newyork_fhv_quality_check.py
[2026-05-08T19:02:01.825+0000] {logging_mixin.py:188} INFO - [2026-05-08T19:02:01.825+0000] {dag.py:3096} INFO - Sync 1 DAGs
[2026-05-08T19:02:01.839+0000] {logging_mixin.py:188} INFO - [2026-05-08T19:02:01.839+0000] {dag.py:3954} INFO - Setting next_dagrun for newyork_fhv_quality_check to None, run_after=None
[2026-05-08T19:02:03.144+0000] {processor.py:183} INFO - Processing /opt/airflow/dags/newyork_fhv_quality_check.py took 1.385 seconds
[2026-05-08T19:02:33.353+0000] {processor.py:161} INFO - Started process (PID=177) to work on /opt/airflow/dags/newyork_fhv_quality_check.py
[2026-05-08T19:02:33.355+0000] {processor.py:830} INFO - Processing file /opt/airflow/dags/newyork_fhv_quality_check.py for tasks to queue
[2026-05-08T19:02:33.362+0000] {logging_mixin.py:188} INFO - [2026-05-08T19:02:33.361+0000] {dagbag.py:545} INFO - Filling up the DagBag from /opt/airflow/dags/newyork_fhv_quality_check.py
[2026-05-08T19:02:33.404+0000] {processor.py:840} INFO - DAG(s) 'newyork_fhv_quality_check' retrieved from /opt/airflow/dags/newyork_fhv_quality_check.py
[2026-05-08T19:02:33.446+0000] {logging_mixin.py:188} INFO - [2026-05-08T19:02:33.446+0000] {dag.py:3096} INFO - Sync 1 DAGs
[2026-05-08T19:02:33.469+0000] {logging_mixin.py:188} INFO - [2026-05-08T19:02:33.469+0000] {dag.py:3954} INFO - Setting next_dagrun for newyork_fhv_quality_check to None, run_after=None
[2026-05-08T19:02:33.507+0000] {processor.py:183} INFO - Processing /opt/airflow/dags/newyork_fhv_quality_check.py took 0.166 seconds
[2026-05-08T19:03:04.218+0000] {processor.py:161} INFO - Started process (PID=188) to work on /opt/airflow/dags/newyork_fhv_quality_check.py
[2026-05-08T19:03:04.219+0000] {processor.py:830} INFO - Processing file /opt/airflow/dags/newyork_fhv_quality_check.py for tasks to queue
[2026-05-08T19:03:04.221+0000] {logging_mixin.py:188} INFO - [2026-05-08T19:03:04.221+0000] {dagbag.py:545} INFO - Filling up the DagBag from /opt/airflow/dags/newyork_fhv_quality_check.py
[2026-05-08T19:03:04.251+0000] {processor.py:840} INFO - DAG(s) 'newyork_fhv_quality_check' retrieved from /opt/airflow/dags/newyork_fhv_quality_check.py
[2026-05-08T19:03:04.279+0000] {logging_mixin.py:188} INFO - [2026-05-08T19:03:04.278+0000] {dag.py:3096} INFO - Sync 1 DAGs
[2026-05-08T19:03:04.293+0000] {logging_mixin.py:188} INFO - [2026-05-08T19:03:04.293+0000] {dag.py:3954} INFO - Setting next_dagrun for newyork_fhv_quality_check to None, run_after=None
[2026-05-08T19:03:04.319+0000] {processor.py:183} INFO - Processing /opt/airflow/dags/newyork_fhv_quality_check.py took 0.107 seconds
[2026-05-08T19:03:35.037+0000] {processor.py:161} INFO - Started process (PID=199) to work on /opt/airflow/dags/newyork_fhv_quality_check.py
[2026-05-08T19:03:35.038+0000] {processor.py:830} INFO - Processing file /opt/airflow/dags/newyork_fhv_quality_check.py for tasks to queue
[2026-05-08T19:03:35.041+0000] {logging_mixin.py:188} INFO - [2026-05-08T19:03:35.041+0000] {dagbag.py:545} INFO - Filling up the DagBag from /opt/airflow/dags/newyork_fhv_quality_check.py
[2026-05-08T19:03:35.071+0000] {processor.py:840} INFO - DAG(s) 'newyork_fhv_quality_check' retrieved from /opt/airflow/dags/newyork_fhv_quality_check.py
[2026-05-08T19:03:35.107+0000] {logging_mixin.py:188} INFO - [2026-05-08T19:03:35.107+0000] {dag.py:3096} INFO - Sync 1 DAGs
[2026-05-08T19:03:35.125+0000] {logging_mixin.py:188} INFO - [2026-05-08T19:03:35.125+0000] {dag.py:3954} INFO - Setting next_dagrun for newyork_fhv_quality_check to None, run_after=None
[2026-05-08T19:03:35.175+0000] {processor.py:183} INFO - Processing /opt/airflow/dags/newyork_fhv_quality_check.py took 0.145 seconds
[2026-05-08T19:04:05.818+0000] {processor.py:161} INFO - Started process (PID=210) to work on /opt/airflow/dags/newyork_fhv_quality_check.py
[2026-05-08T19:04:05.820+0000] {processor.py:830} INFO - Processing file /opt/airflow/dags/newyork_fhv_quality_check.py for tasks to queue
[2026-05-08T19:04:05.822+0000] {logging_mixin.py:188} INFO - [2026-05-08T19:04:05.822+0000] {dagbag.py:545} INFO - Filling up the DagBag from /opt/airflow/dags/newyork_fhv_quality_check.py
[2026-05-08T19:04:05.853+0000] {processor.py:840} INFO - DAG(s) 'newyork_fhv_quality_check' retrieved from /opt/airflow/dags/newyork_fhv_quality_check.py
[2026-05-08T19:04:05.877+0000] {logging_mixin.py:188} INFO - [2026-05-08T19:04:05.876+0000] {dag.py:3096} INFO - Sync 1 DAGs
[2026-05-08T19:04:05.899+0000] {logging_mixin.py:188} INFO - [2026-05-08T19:04:05.899+0000] {dag.py:3954} INFO - Setting next_dagrun for newyork_fhv_quality_check to None, run_after=None
[2026-05-08T19:04:05.934+0000] {processor.py:183} INFO - Processing /opt/airflow/dags/newyork_fhv_quality_check.py took 0.121 seconds
[2026-05-08T19:04:36.549+0000] {processor.py:161} INFO - Started process (PID=221) to work on /opt/airflow/dags/newyork_fhv_quality_check.py
[2026-05-08T19:04:36.550+0000] {processor.py:830} INFO - Processing file /opt/airflow/dags/newyork_fhv_quality_check.py for tasks to queue
[2026-05-08T19:04:36.553+0000] {logging_mixin.py:188} INFO - [2026-05-08T19:04:36.552+0000] {dagbag.py:545} INFO - Filling up the DagBag from /opt/airflow/dags/newyork_fhv_quality_check.py
[2026-05-08T19:04:36.579+0000] {processor.py:840} INFO - DAG(s) 'newyork_fhv_quality_check' retrieved from /opt/airflow/dags/newyork_fhv_quality_check.py
[2026-05-08T19:04:36.605+0000] {logging_mixin.py:188} INFO - [2026-05-08T19:04:36.605+0000] {dag.py:3096} INFO - Sync 1 DAGs
[2026-05-08T19:04:36.618+0000] {logging_mixin.py:188} INFO - [2026-05-08T19:04:36.618+0000] {dag.py:3954} INFO - Setting next_dagrun for newyork_fhv_quality_check to None, run_after=None
[2026-05-08T19:04:36.643+0000] {processor.py:183} INFO - Processing /opt/airflow/dags/newyork_fhv_quality_check.py took 0.100 seconds
[2026-05-08T19:05:55.793+0000] {processor.py:161} INFO - Started process (PID=78) to work on /opt/airflow/dags/newyork_fhv_quality_check.py
[2026-05-08T19:05:55.797+0000] {processor.py:830} INFO - Processing file /opt/airflow/dags/newyork_fhv_quality_check.py for tasks to queue
[2026-05-08T19:05:55.800+0000] {logging_mixin.py:188} INFO - [2026-05-08T19:05:55.800+0000] {dagbag.py:545} INFO - Filling up the DagBag from /opt/airflow/dags/newyork_fhv_quality_check.py
[2026-05-08T19:05:55.827+0000] {processor.py:840} INFO - DAG(s) 'newyork_fhv_quality_check' retrieved from /opt/airflow/dags/newyork_fhv_quality_check.py
[2026-05-08T19:05:55.957+0000] {logging_mixin.py:188} INFO - [2026-05-08T19:05:55.957+0000] {dag.py:3096} INFO - Sync 1 DAGs
[2026-05-08T19:05:55.972+0000] {logging_mixin.py:188} INFO - [2026-05-08T19:05:55.972+0000] {dag.py:3954} INFO - Setting next_dagrun for newyork_fhv_quality_check to None, run_after=None
[2026-05-08T19:05:55.999+0000] {processor.py:183} INFO - Processing /opt/airflow/dags/newyork_fhv_quality_check.py took 0.215 seconds
[2026-05-08T19:06:26.771+0000] {processor.py:161} INFO - Started process (PID=89) to work on /opt/airflow/dags/newyork_fhv_quality_check.py
[2026-05-08T19:06:26.773+0000] {processor.py:830} INFO - Processing file /opt/airflow/dags/newyork_fhv_quality_check.py for tasks to queue
[2026-05-08T19:06:26.775+0000] {logging_mixin.py:188} INFO - [2026-05-08T19:06:26.775+0000] {dagbag.py:545} INFO - Filling up the DagBag from /opt/airflow/dags/newyork_fhv_quality_check.py
[2026-05-08T19:06:26.802+0000] {processor.py:840} INFO - DAG(s) 'newyork_fhv_quality_check' retrieved from /opt/airflow/dags/newyork_fhv_quality_check.py
[2026-05-08T19:06:26.822+0000] {logging_mixin.py:188} INFO - [2026-05-08T19:06:26.822+0000] {dag.py:3096} INFO - Sync 1 DAGs
[2026-05-08T19:06:26.833+0000] {logging_mixin.py:188} INFO - [2026-05-08T19:06:26.833+0000] {dag.py:3954} INFO - Setting next_dagrun for newyork_fhv_quality_check to None, run_after=None
[2026-05-08T19:06:26.874+0000] {processor.py:183} INFO - Processing /opt/airflow/dags/newyork_fhv_quality_check.py took 0.108 seconds
[2026-05-08T19:06:57.609+0000] {processor.py:161} INFO - Started process (PID=100) to work on /opt/airflow/dags/newyork_fhv_quality_check.py
[2026-05-08T19:06:57.611+0000] {processor.py:830} INFO - Processing file /opt/airflow/dags/newyork_fhv_quality_check.py for tasks to queue
[2026-05-08T19:06:57.614+0000] {logging_mixin.py:188} INFO - [2026-05-08T19:06:57.613+0000] {dagbag.py:545} INFO - Filling up the DagBag from /opt/airflow/dags/newyork_fhv_quality_check.py
[2026-05-08T19:06:57.651+0000] {processor.py:840} INFO - DAG(s) 'newyork_fhv_quality_check' retrieved from /opt/airflow/dags/newyork_fhv_quality_check.py
[2026-05-08T19:06:57.695+0000] {logging_mixin.py:188} INFO - [2026-05-08T19:06:57.695+0000] {dag.py:3096} INFO - Sync 1 DAGs
[2026-05-08T19:06:57.715+0000] {logging_mixin.py:188} INFO - [2026-05-08T19:06:57.715+0000] {dag.py:3954} INFO - Setting next_dagrun for newyork_fhv_quality_check to None, run_after=None
[2026-05-08T19:06:57.744+0000] {processor.py:183} INFO - Processing /opt/airflow/dags/newyork_fhv_quality_check.py took 0.144 seconds
[2026-05-08T19:07:28.689+0000] {processor.py:161} INFO - Started process (PID=118) to work on /opt/airflow/dags/newyork_fhv_quality_check.py
[2026-05-08T19:07:28.690+0000] {processor.py:830} INFO - Processing file /opt/airflow/dags/newyork_fhv_quality_check.py for tasks to queue
[2026-05-08T19:07:28.693+0000] {logging_mixin.py:188} INFO - [2026-05-08T19:07:28.693+0000] {dagbag.py:545} INFO - Filling up the DagBag from /opt/airflow/dags/newyork_fhv_quality_check.py
[2026-05-08T19:07:28.732+0000] {processor.py:840} INFO - DAG(s) 'newyork_fhv_quality_check' retrieved from /opt/airflow/dags/newyork_fhv_quality_check.py
[2026-05-08T19:07:28.760+0000] {logging_mixin.py:188} INFO - [2026-05-08T19:07:28.760+0000] {dag.py:3096} INFO - Sync 1 DAGs
[2026-05-08T19:07:28.778+0000] {logging_mixin.py:188} INFO - [2026-05-08T19:07:28.777+0000] {dag.py:3954} INFO - Setting next_dagrun for newyork_fhv_quality_check to None, run_after=None
[2026-05-08T19:07:28.801+0000] {processor.py:183} INFO - Processing /opt/airflow/dags/newyork_fhv_quality_check.py took 0.120 seconds
[2026-05-08T19:07:59.591+0000] {processor.py:161} INFO - Started process (PID=129) to work on /opt/airflow/dags/newyork_fhv_quality_check.py
[2026-05-08T19:07:59.593+0000] {processor.py:830} INFO - Processing file /opt/airflow/dags/newyork_fhv_quality_check.py for tasks to queue
[2026-05-08T19:07:59.597+0000] {logging_mixin.py:188} INFO - [2026-05-08T19:07:59.597+0000] {dagbag.py:545} INFO - Filling up the DagBag from /opt/airflow/dags/newyork_fhv_quality_check.py
[2026-05-08T19:07:59.630+0000] {processor.py:840} INFO - DAG(s) 'newyork_fhv_quality_check' retrieved from /opt/airflow/dags/newyork_fhv_quality_check.py
[2026-05-08T19:07:59.657+0000] {logging_mixin.py:188} INFO - [2026-05-08T19:07:59.656+0000] {dag.py:3096} INFO - Sync 1 DAGs
[2026-05-08T19:07:59.673+0000] {logging_mixin.py:188} INFO - [2026-05-08T19:07:59.672+0000] {dag.py:3954} INFO - Setting next_dagrun for newyork_fhv_quality_check to None, run_after=None
[2026-05-08T19:07:59.695+0000] {processor.py:183} INFO - Processing /opt/airflow/dags/newyork_fhv_quality_check.py took 0.112 seconds
[2026-05-08T19:08:30.460+0000] {processor.py:161} INFO - Started process (PID=140) to work on /opt/airflow/dags/newyork_fhv_quality_check.py
[2026-05-08T19:08:30.463+0000] {processor.py:830} INFO - Processing file /opt/airflow/dags/newyork_fhv_quality_check.py for tasks to queue
[2026-05-08T19:08:30.468+0000] {logging_mixin.py:188} INFO - [2026-05-08T19:08:30.468+0000] {dagbag.py:545} INFO - Filling up the DagBag from /opt/airflow/dags/newyork_fhv_quality_check.py
[2026-05-08T19:08:30.503+0000] {processor.py:840} INFO - DAG(s) 'newyork_fhv_quality_check' retrieved from /opt/airflow/dags/newyork_fhv_quality_check.py
[2026-05-08T19:08:30.525+0000] {logging_mixin.py:188} INFO - [2026-05-08T19:08:30.525+0000] {dag.py:3096} INFO - Sync 1 DAGs
[2026-05-08T19:08:30.542+0000] {logging_mixin.py:188} INFO - [2026-05-08T19:08:30.542+0000] {dag.py:3954} INFO - Setting next_dagrun for newyork_fhv_quality_check to None, run_after=None
[2026-05-08T19:08:30.561+0000] {processor.py:183} INFO - Processing /opt/airflow/dags/newyork_fhv_quality_check.py took 0.113 seconds
[2026-05-08T19:09:01.229+0000] {processor.py:161} INFO - Started process (PID=151) to work on /opt/airflow/dags/newyork_fhv_quality_check.py
[2026-05-08T19:09:01.231+0000] {processor.py:830} INFO - Processing file /opt/airflow/dags/newyork_fhv_quality_check.py for tasks to queue
[2026-05-08T19:09:01.233+0000] {logging_mixin.py:188} INFO - [2026-05-08T19:09:01.233+0000] {dagbag.py:545} INFO - Filling up the DagBag from /opt/airflow/dags/newyork_fhv_quality_check.py
[2026-05-08T19:09:01.291+0000] {processor.py:840} INFO - DAG(s) 'newyork_fhv_quality_check' retrieved from /opt/airflow/dags/newyork_fhv_quality_check.py
[2026-05-08T19:09:01.316+0000] {logging_mixin.py:188} INFO - [2026-05-08T19:09:01.316+0000] {dag.py:3096} INFO - Sync 1 DAGs
[2026-05-08T19:09:01.332+0000] {logging_mixin.py:188} INFO - [2026-05-08T19:09:01.331+0000] {dag.py:3954} INFO - Setting next_dagrun for newyork_fhv_quality_check to None, run_after=None
[2026-05-08T19:09:01.357+0000] {processor.py:183} INFO - Processing /opt/airflow/dags/newyork_fhv_quality_check.py took 0.138 seconds
[2026-05-08T19:09:32.135+0000] {processor.py:161} INFO - Started process (PID=162) to work on /opt/airflow/dags/newyork_fhv_quality_check.py
[2026-05-08T19:09:32.137+0000] {processor.py:830} INFO - Processing file /opt/airflow/dags/newyork_fhv_quality_check.py for tasks to queue
[2026-05-08T19:09:32.141+0000] {logging_mixin.py:188} INFO - [2026-05-08T19:09:32.140+0000] {dagbag.py:545} INFO - Filling up the DagBag from /opt/airflow/dags/newyork_fhv_quality_check.py
[2026-05-08T19:09:32.179+0000] {processor.py:840} INFO - DAG(s) 'newyork_fhv_quality_check' retrieved from /opt/airflow/dags/newyork_fhv_quality_check.py
[2026-05-08T19:09:32.213+0000] {logging_mixin.py:188} INFO - [2026-05-08T19:09:32.213+0000] {dag.py:3096} INFO - Sync 1 DAGs
[2026-05-08T19:09:32.235+0000] {logging_mixin.py:188} INFO - [2026-05-08T19:09:32.235+0000] {dag.py:3954} INFO - Setting next_dagrun for newyork_fhv_quality_check to None, run_after=None
[2026-05-08T19:09:32.269+0000] {processor.py:183} INFO - Processing /opt/airflow/dags/newyork_fhv_quality_check.py took 0.142 seconds
[2026-05-08T19:10:03.083+0000] {processor.py:161} INFO - Started process (PID=173) to work on /opt/airflow/dags/newyork_fhv_quality_check.py
[2026-05-08T19:10:03.085+0000] {processor.py:830} INFO - Processing file /opt/airflow/dags/newyork_fhv_quality_check.py for tasks to queue
[2026-05-08T19:10:03.087+0000] {logging_mixin.py:188} INFO - [2026-05-08T19:10:03.087+0000] {dagbag.py:545} INFO - Filling up the DagBag from /opt/airflow/dags/newyork_fhv_quality_check.py
[2026-05-08T19:10:03.127+0000] {processor.py:840} INFO - DAG(s) 'newyork_fhv_quality_check' retrieved from /opt/airflow/dags/newyork_fhv_quality_check.py
[2026-05-08T19:10:03.154+0000] {logging_mixin.py:188} INFO - [2026-05-08T19:10:03.154+0000] {dag.py:3096} INFO - Sync 1 DAGs
[2026-05-08T19:10:03.178+0000] {logging_mixin.py:188} INFO - [2026-05-08T19:10:03.178+0000] {dag.py:3954} INFO - Setting next_dagrun for newyork_fhv_quality_check to None, run_after=None
[2026-05-08T19:10:03.212+0000] {processor.py:183} INFO - Processing /opt/airflow/dags/newyork_fhv_quality_check.py took 0.138 seconds
[2026-05-08T19:10:34.156+0000] {processor.py:161} INFO - Started process (PID=184) to work on /opt/airflow/dags/newyork_fhv_quality_check.py
[2026-05-08T19:10:34.157+0000] {processor.py:830} INFO - Processing file /opt/airflow/dags/newyork_fhv_quality_check.py for tasks to queue
[2026-05-08T19:10:34.159+0000] {logging_mixin.py:188} INFO - [2026-05-08T19:10:34.159+0000] {dagbag.py:545} INFO - Filling up the DagBag from /opt/airflow/dags/newyork_fhv_quality_check.py
[2026-05-08T19:10:34.180+0000] {processor.py:840} INFO - DAG(s) 'newyork_fhv_quality_check' retrieved from /opt/airflow/dags/newyork_fhv_quality_check.py
[2026-05-08T19:10:34.203+0000] {logging_mixin.py:188} INFO - [2026-05-08T19:10:34.202+0000] {dag.py:3096} INFO - Sync 1 DAGs
[2026-05-08T19:10:34.215+0000] {logging_mixin.py:188} INFO - [2026-05-08T19:10:34.215+0000] {dag.py:3954} INFO - Setting next_dagrun for newyork_fhv_quality_check to None, run_after=None
[2026-05-08T19:10:34.250+0000] {processor.py:183} INFO - Processing /opt/airflow/dags/newyork_fhv_quality_check.py took 0.100 seconds
[2026-05-08T19:11:05.324+0000] {processor.py:161} INFO - Started process (PID=195) to work on /opt/airflow/dags/newyork_fhv_quality_check.py
[2026-05-08T19:11:05.326+0000] {processor.py:830} INFO - Processing file /opt/airflow/dags/newyork_fhv_quality_check.py for tasks to queue
[2026-05-08T19:11:05.328+0000] {logging_mixin.py:188} INFO - [2026-05-08T19:11:05.328+0000] {dagbag.py:545} INFO - Filling up the DagBag from /opt/airflow/dags/newyork_fhv_quality_check.py
[2026-05-08T19:11:05.377+0000] {processor.py:840} INFO - DAG(s) 'newyork_fhv_quality_check' retrieved from /opt/airflow/dags/newyork_fhv_quality_check.py
[2026-05-08T19:11:05.427+0000] {logging_mixin.py:188} INFO - [2026-05-08T19:11:05.426+0000] {dag.py:3096} INFO - Sync 1 DAGs
[2026-05-08T19:11:05.447+0000] {logging_mixin.py:188} INFO - [2026-05-08T19:11:05.447+0000] {dag.py:3954} INFO - Setting next_dagrun for newyork_fhv_quality_check to None, run_after=None
[2026-05-08T19:11:05.490+0000] {processor.py:183} INFO - Processing /opt/airflow/dags/newyork_fhv_quality_check.py took 0.175 seconds
[2026-05-08T19:11:36.477+0000] {processor.py:161} INFO - Started process (PID=206) to work on /opt/airflow/dags/newyork_fhv_quality_check.py
[2026-05-08T19:11:36.479+0000] {processor.py:830} INFO - Processing file /opt/airflow/dags/newyork_fhv_quality_check.py for tasks to queue
[2026-05-08T19:11:36.482+0000] {logging_mixin.py:188} INFO - [2026-05-08T19:11:36.482+0000] {dagbag.py:545} INFO - Filling up the DagBag from /opt/airflow/dags/newyork_fhv_quality_check.py
[2026-05-08T19:11:36.530+0000] {processor.py:840} INFO - DAG(s) 'newyork_fhv_quality_check' retrieved from /opt/airflow/dags/newyork_fhv_quality_check.py
[2026-05-08T19:11:36.559+0000] {logging_mixin.py:188} INFO - [2026-05-08T19:11:36.559+0000] {dag.py:3096} INFO - Sync 1 DAGs
[2026-05-08T19:11:36.578+0000] {logging_mixin.py:188} INFO - [2026-05-08T19:11:36.577+0000] {dag.py:3954} INFO - Setting next_dagrun for newyork_fhv_quality_check to None, run_after=None
[2026-05-08T19:11:36.614+0000] {processor.py:183} INFO - Processing /opt/airflow/dags/newyork_fhv_quality_check.py took 0.147 seconds
[2026-05-08T19:12:06.854+0000] {processor.py:161} INFO - Started process (PID=217) to work on /opt/airflow/dags/newyork_fhv_quality_check.py
[2026-05-08T19:12:06.856+0000] {processor.py:830} INFO - Processing file /opt/airflow/dags/newyork_fhv_quality_check.py for tasks to queue
[2026-05-08T19:12:06.858+0000] {logging_mixin.py:188} INFO - [2026-05-08T19:12:06.857+0000] {dagbag.py:545} INFO - Filling up the DagBag from /opt/airflow/dags/newyork_fhv_quality_check.py
[2026-05-08T19:12:06.887+0000] {processor.py:840} INFO - DAG(s) 'newyork_fhv_quality_check' retrieved from /opt/airflow/dags/newyork_fhv_quality_check.py
[2026-05-08T19:12:06.913+0000] {logging_mixin.py:188} INFO - [2026-05-08T19:12:06.912+0000] {dag.py:3096} INFO - Sync 1 DAGs
[2026-05-08T19:12:06.929+0000] {logging_mixin.py:188} INFO - [2026-05-08T19:12:06.929+0000] {dag.py:3954} INFO - Setting next_dagrun for newyork_fhv_quality_check to None, run_after=None
[2026-05-08T19:12:06.953+0000] {processor.py:183} INFO - Processing /opt/airflow/dags/newyork_fhv_quality_check.py took 0.104 seconds
[2026-05-08T19:12:37.872+0000] {processor.py:161} INFO - Started process (PID=228) to work on /opt/airflow/dags/newyork_fhv_quality_check.py
[2026-05-08T19:12:37.873+0000] {processor.py:830} INFO - Processing file /opt/airflow/dags/newyork_fhv_quality_check.py for tasks to queue
[2026-05-08T19:12:37.875+0000] {logging_mixin.py:188} INFO - [2026-05-08T19:12:37.875+0000] {dagbag.py:545} INFO - Filling up the DagBag from /opt/airflow/dags/newyork_fhv_quality_check.py
[2026-05-08T19:12:37.901+0000] {processor.py:840} INFO - DAG(s) 'newyork_fhv_quality_check' retrieved from /opt/airflow/dags/newyork_fhv_quality_check.py
[2026-05-08T19:12:37.926+0000] {logging_mixin.py:188} INFO - [2026-05-08T19:12:37.926+0000] {dag.py:3096} INFO - Sync 1 DAGs
[2026-05-08T19:12:37.939+0000] {logging_mixin.py:188} INFO - [2026-05-08T19:12:37.939+0000] {dag.py:3954} INFO - Setting next_dagrun for newyork_fhv_quality_check to None, run_after=None
[2026-05-08T19:12:37.962+0000] {processor.py:183} INFO - Processing /opt/airflow/dags/newyork_fhv_quality_check.py took 0.096 seconds
[2026-05-08T19:13:08.867+0000] {processor.py:161} INFO - Started process (PID=238) to work on /opt/airflow/dags/newyork_fhv_quality_check.py
[2026-05-08T19:13:08.869+0000] {processor.py:830} INFO - Processing file /opt/airflow/dags/newyork_fhv_quality_check.py for tasks to queue
[2026-05-08T19:13:08.871+0000] {logging_mixin.py:188} INFO - [2026-05-08T19:13:08.871+0000] {dagbag.py:545} INFO - Filling up the DagBag from /opt/airflow/dags/newyork_fhv_quality_check.py
[2026-05-08T19:13:08.900+0000] {processor.py:840} INFO - DAG(s) 'newyork_fhv_quality_check' retrieved from /opt/airflow/dags/newyork_fhv_quality_check.py
[2026-05-08T19:13:08.920+0000] {logging_mixin.py:188} INFO - [2026-05-08T19:13:08.920+0000] {dag.py:3096} INFO - Sync 1 DAGs
[2026-05-08T19:13:08.930+0000] {logging_mixin.py:188} INFO - [2026-05-08T19:13:08.930+0000] {dag.py:3954} INFO - Setting next_dagrun for newyork_fhv_quality_check to None, run_after=None
[2026-05-08T19:13:08.952+0000] {processor.py:183} INFO - Processing /opt/airflow/dags/newyork_fhv_quality_check.py took 0.093 seconds
[2026-05-08T19:13:39.698+0000] {processor.py:161} INFO - Started process (PID=249) to work on /opt/airflow/dags/newyork_fhv_quality_check.py
[2026-05-08T19:13:39.699+0000] {processor.py:830} INFO - Processing file /opt/airflow/dags/newyork_fhv_quality_check.py for tasks to queue
[2026-05-08T19:13:39.702+0000] {logging_mixin.py:188} INFO - [2026-05-08T19:13:39.702+0000] {dagbag.py:545} INFO - Filling up the DagBag from /opt/airflow/dags/newyork_fhv_quality_check.py
[2026-05-08T19:13:39.728+0000] {processor.py:840} INFO - DAG(s) 'newyork_fhv_quality_check' retrieved from /opt/airflow/dags/newyork_fhv_quality_check.py
[2026-05-08T19:13:39.752+0000] {logging_mixin.py:188} INFO - [2026-05-08T19:13:39.752+0000] {dag.py:3096} INFO - Sync 1 DAGs
[2026-05-08T19:13:39.767+0000] {logging_mixin.py:188} INFO - [2026-05-08T19:13:39.767+0000] {dag.py:3954} INFO - Setting next_dagrun for newyork_fhv_quality_check to None, run_after=None
[2026-05-08T19:13:39.797+0000] {processor.py:183} INFO - Processing /opt/airflow/dags/newyork_fhv_quality_check.py took 0.108 seconds
[2026-05-08T19:14:10.537+0000] {processor.py:161} INFO - Started process (PID=260) to work on /opt/airflow/dags/newyork_fhv_quality_check.py
[2026-05-08T19:14:10.538+0000] {processor.py:830} INFO - Processing file /opt/airflow/dags/newyork_fhv_quality_check.py for tasks to queue
[2026-05-08T19:14:10.540+0000] {logging_mixin.py:188} INFO - [2026-05-08T19:14:10.540+0000] {dagbag.py:545} INFO - Filling up the DagBag from /opt/airflow/dags/newyork_fhv_quality_check.py
[2026-05-08T19:14:10.575+0000] {processor.py:840} INFO - DAG(s) 'newyork_fhv_quality_check' retrieved from /opt/airflow/dags/newyork_fhv_quality_check.py
[2026-05-08T19:14:10.596+0000] {logging_mixin.py:188} INFO - [2026-05-08T19:14:10.596+0000] {dag.py:3096} INFO - Sync 1 DAGs
[2026-05-08T19:14:10.608+0000] {logging_mixin.py:188} INFO - [2026-05-08T19:14:10.608+0000] {dag.py:3954} INFO - Setting next_dagrun for newyork_fhv_quality_check to None, run_after=None
[2026-05-08T19:14:10.629+0000] {processor.py:183} INFO - Processing /opt/airflow/dags/newyork_fhv_quality_check.py took 0.097 seconds
[2026-05-08T19:14:41.462+0000] {processor.py:161} INFO - Started process (PID=271) to work on /opt/airflow/dags/newyork_fhv_quality_check.py
[2026-05-08T19:14:41.464+0000] {processor.py:830} INFO - Processing file /opt/airflow/dags/newyork_fhv_quality_check.py for tasks to queue
[2026-05-08T19:14:41.466+0000] {logging_mixin.py:188} INFO - [2026-05-08T19:14:41.465+0000] {dagbag.py:545} INFO - Filling up the DagBag from /opt/airflow/dags/newyork_fhv_quality_check.py
[2026-05-08T19:14:41.494+0000] {processor.py:840} INFO - DAG(s) 'newyork_fhv_quality_check' retrieved from /opt/airflow/dags/newyork_fhv_quality_check.py
[2026-05-08T19:14:41.515+0000] {logging_mixin.py:188} INFO - [2026-05-08T19:14:41.515+0000] {dag.py:3096} INFO - Sync 1 DAGs
[2026-05-08T19:14:41.527+0000] {logging_mixin.py:188} INFO - [2026-05-08T19:14:41.527+0000] {dag.py:3954} INFO - Setting next_dagrun for newyork_fhv_quality_check to None, run_after=None
[2026-05-08T19:14:41.546+0000] {processor.py:183} INFO - Processing /opt/airflow/dags/newyork_fhv_quality_check.py took 0.089 seconds
[2026-05-08T19:15:12.336+0000] {processor.py:161} INFO - Started process (PID=283) to work on /opt/airflow/dags/newyork_fhv_quality_check.py
[2026-05-08T19:15:12.338+0000] {processor.py:830} INFO - Processing file /opt/airflow/dags/newyork_fhv_quality_check.py for tasks to queue
[2026-05-08T19:15:12.341+0000] {logging_mixin.py:188} INFO - [2026-05-08T19:15:12.340+0000] {dagbag.py:545} INFO - Filling up the DagBag from /opt/airflow/dags/newyork_fhv_quality_check.py
[2026-05-08T19:15:12.379+0000] {processor.py:840} INFO - DAG(s) 'newyork_fhv_quality_check' retrieved from /opt/airflow/dags/newyork_fhv_quality_check.py
[2026-05-08T19:15:12.405+0000] {logging_mixin.py:188} INFO - [2026-05-08T19:15:12.404+0000] {dag.py:3096} INFO - Sync 1 DAGs
[2026-05-08T19:15:12.420+0000] {logging_mixin.py:188} INFO - [2026-05-08T19:15:12.420+0000] {dag.py:3954} INFO - Setting next_dagrun for newyork_fhv_quality_check to None, run_after=None
[2026-05-08T19:15:12.452+0000] {processor.py:183} INFO - Processing /opt/airflow/dags/newyork_fhv_quality_check.py took 0.125 seconds
[2026-05-08T19:15:43.381+0000] {processor.py:161} INFO - Started process (PID=294) to work on /opt/airflow/dags/newyork_fhv_quality_check.py
[2026-05-08T19:15:43.382+0000] {processor.py:830} INFO - Processing file /opt/airflow/dags/newyork_fhv_quality_check.py for tasks to queue
[2026-05-08T19:15:43.384+0000] {logging_mixin.py:188} INFO - [2026-05-08T19:15:43.384+0000] {dagbag.py:545} INFO - Filling up the DagBag from /opt/airflow/dags/newyork_fhv_quality_check.py
[2026-05-08T19:15:43.413+0000] {processor.py:840} INFO - DAG(s) 'newyork_fhv_quality_check' retrieved from /opt/airflow/dags/newyork_fhv_quality_check.py
[2026-05-08T19:15:43.440+0000] {logging_mixin.py:188} INFO - [2026-05-08T19:15:43.440+0000] {dag.py:3096} INFO - Sync 1 DAGs
[2026-05-08T19:15:43.457+0000] {logging_mixin.py:188} INFO - [2026-05-08T19:15:43.457+0000] {dag.py:3954} INFO - Setting next_dagrun for newyork_fhv_quality_check to None, run_after=None
[2026-05-08T19:15:43.485+0000] {processor.py:183} INFO - Processing /opt/airflow/dags/newyork_fhv_quality_check.py took 0.110 seconds
[2026-05-08T19:16:14.454+0000] {processor.py:161} INFO - Started process (PID=305) to work on /opt/airflow/dags/newyork_fhv_quality_check.py
[2026-05-08T19:16:14.455+0000] {processor.py:830} INFO - Processing file /opt/airflow/dags/newyork_fhv_quality_check.py for tasks to queue
[2026-05-08T19:16:14.457+0000] {logging_mixin.py:188} INFO - [2026-05-08T19:16:14.457+0000] {dagbag.py:545} INFO - Filling up the DagBag from /opt/airflow/dags/newyork_fhv_quality_check.py
[2026-05-08T19:16:14.483+0000] {processor.py:840} INFO - DAG(s) 'newyork_fhv_quality_check' retrieved from /opt/airflow/dags/newyork_fhv_quality_check.py
[2026-05-08T19:16:14.508+0000] {logging_mixin.py:188} INFO - [2026-05-08T19:16:14.508+0000] {dag.py:3096} INFO - Sync 1 DAGs
[2026-05-08T19:16:14.524+0000] {logging_mixin.py:188} INFO - [2026-05-08T19:16:14.523+0000] {dag.py:3954} INFO - Setting next_dagrun for newyork_fhv_quality_check to None, run_after=None
[2026-05-08T19:16:14.551+0000] {processor.py:183} INFO - Processing /opt/airflow/dags/newyork_fhv_quality_check.py took 0.103 seconds
[2026-05-08T19:16:45.384+0000] {processor.py:161} INFO - Started process (PID=316) to work on /opt/airflow/dags/newyork_fhv_quality_check.py
[2026-05-08T19:16:45.385+0000] {processor.py:830} INFO - Processing file /opt/airflow/dags/newyork_fhv_quality_check.py for tasks to queue
[2026-05-08T19:16:45.387+0000] {logging_mixin.py:188} INFO - [2026-05-08T19:16:45.387+0000] {dagbag.py:545} INFO - Filling up the DagBag from /opt/airflow/dags/newyork_fhv_quality_check.py
[2026-05-08T19:16:45.414+0000] {processor.py:840} INFO - DAG(s) 'newyork_fhv_quality_check' retrieved from /opt/airflow/dags/newyork_fhv_quality_check.py
[2026-05-08T19:16:45.440+0000] {logging_mixin.py:188} INFO - [2026-05-08T19:16:45.439+0000] {dag.py:3096} INFO - Sync 1 DAGs
[2026-05-08T19:16:45.465+0000] {logging_mixin.py:188} INFO - [2026-05-08T19:16:45.465+0000] {dag.py:3954} INFO - Setting next_dagrun for newyork_fhv_quality_check to None, run_after=None
[2026-05-08T19:16:45.497+0000] {processor.py:183} INFO - Processing /opt/airflow/dags/newyork_fhv_quality_check.py took 0.120 seconds
[2026-05-08T19:17:16.327+0000] {processor.py:161} INFO - Started process (PID=328) to work on /opt/airflow/dags/newyork_fhv_quality_check.py
[2026-05-08T19:17:16.329+0000] {processor.py:830} INFO - Processing file /opt/airflow/dags/newyork_fhv_quality_check.py for tasks to queue
[2026-05-08T19:17:16.331+0000] {logging_mixin.py:188} INFO - [2026-05-08T19:17:16.330+0000] {dagbag.py:545} INFO - Filling up the DagBag from /opt/airflow/dags/newyork_fhv_quality_check.py
[2026-05-08T19:17:16.369+0000] {processor.py:840} INFO - DAG(s) 'newyork_fhv_quality_check' retrieved from /opt/airflow/dags/newyork_fhv_quality_check.py
[2026-05-08T19:17:16.405+0000] {logging_mixin.py:188} INFO - [2026-05-08T19:17:16.405+0000] {dag.py:3096} INFO - Sync 1 DAGs
[2026-05-08T19:17:16.418+0000] {logging_mixin.py:188} INFO - [2026-05-08T19:17:16.418+0000] {dag.py:3954} INFO - Setting next_dagrun for newyork_fhv_quality_check to None, run_after=None
[2026-05-08T19:17:16.445+0000] {processor.py:183} INFO - Processing /opt/airflow/dags/newyork_fhv_quality_check.py took 0.126 seconds
[2026-05-08T19:17:47.191+0000] {processor.py:161} INFO - Started process (PID=339) to work on /opt/airflow/dags/newyork_fhv_quality_check.py
[2026-05-08T19:17:47.192+0000] {processor.py:830} INFO - Processing file /opt/airflow/dags/newyork_fhv_quality_check.py for tasks to queue
[2026-05-08T19:17:47.194+0000] {logging_mixin.py:188} INFO - [2026-05-08T19:17:47.194+0000] {dagbag.py:545} INFO - Filling up the DagBag from /opt/airflow/dags/newyork_fhv_quality_check.py
[2026-05-08T19:17:47.212+0000] {processor.py:840} INFO - DAG(s) 'newyork_fhv_quality_check' retrieved from /opt/airflow/dags/newyork_fhv_quality_check.py
[2026-05-08T19:17:47.235+0000] {logging_mixin.py:188} INFO - [2026-05-08T19:17:47.235+0000] {dag.py:3096} INFO - Sync 1 DAGs
[2026-05-08T19:17:47.254+0000] {logging_mixin.py:188} INFO - [2026-05-08T19:17:47.254+0000] {dag.py:3954} INFO - Setting next_dagrun for newyork_fhv_quality_check to None, run_after=None
[2026-05-08T19:17:47.285+0000] {processor.py:183} INFO - Processing /opt/airflow/dags/newyork_fhv_quality_check.py took 0.100 seconds
[2026-05-08T19:18:17.976+0000] {processor.py:161} INFO - Started process (PID=350) to work on /opt/airflow/dags/newyork_fhv_quality_check.py
[2026-05-08T19:18:17.977+0000] {processor.py:830} INFO - Processing file /opt/airflow/dags/newyork_fhv_quality_check.py for tasks to queue
[2026-05-08T19:18:17.980+0000] {logging_mixin.py:188} INFO - [2026-05-08T19:18:17.979+0000] {dagbag.py:545} INFO - Filling up the DagBag from /opt/airflow/dags/newyork_fhv_quality_check.py
[2026-05-08T19:18:18.013+0000] {processor.py:840} INFO - DAG(s) 'newyork_fhv_quality_check' retrieved from /opt/airflow/dags/newyork_fhv_quality_check.py
[2026-05-08T19:18:18.035+0000] {logging_mixin.py:188} INFO - [2026-05-08T19:18:18.034+0000] {dag.py:3096} INFO - Sync 1 DAGs
[2026-05-08T19:18:18.047+0000] {logging_mixin.py:188} INFO - [2026-05-08T19:18:18.047+0000] {dag.py:3954} INFO - Setting next_dagrun for newyork_fhv_quality_check to None, run_after=None
[2026-05-08T19:18:18.068+0000] {processor.py:183} INFO - Processing /opt/airflow/dags/newyork_fhv_quality_check.py took 0.099 seconds
[2026-05-08T19:18:48.796+0000] {processor.py:161} INFO - Started process (PID=361) to work on /opt/airflow/dags/newyork_fhv_quality_check.py
[2026-05-08T19:18:48.798+0000] {processor.py:830} INFO - Processing file /opt/airflow/dags/newyork_fhv_quality_check.py for tasks to queue
[2026-05-08T19:18:48.799+0000] {logging_mixin.py:188} INFO - [2026-05-08T19:18:48.799+0000] {dagbag.py:545} INFO - Filling up the DagBag from /opt/airflow/dags/newyork_fhv_quality_check.py
[2026-05-08T19:18:48.824+0000] {processor.py:840} INFO - DAG(s) 'newyork_fhv_quality_check' retrieved from /opt/airflow/dags/newyork_fhv_quality_check.py
[2026-05-08T19:18:48.846+0000] {logging_mixin.py:188} INFO - [2026-05-08T19:18:48.846+0000] {dag.py:3096} INFO - Sync 1 DAGs
[2026-05-08T19:18:48.859+0000] {logging_mixin.py:188} INFO - [2026-05-08T19:18:48.859+0000] {dag.py:3954} INFO - Setting next_dagrun for newyork_fhv_quality_check to None, run_after=None
[2026-05-08T19:18:48.883+0000] {processor.py:183} INFO - Processing /opt/airflow/dags/newyork_fhv_quality_check.py took 0.092 seconds
[2026-05-08T19:19:19.601+0000] {processor.py:161} INFO - Started process (PID=372) to work on /opt/airflow/dags/newyork_fhv_quality_check.py
[2026-05-08T19:19:19.602+0000] {processor.py:830} INFO - Processing file /opt/airflow/dags/newyork_fhv_quality_check.py for tasks to queue
[2026-05-08T19:19:19.604+0000] {logging_mixin.py:188} INFO - [2026-05-08T19:19:19.604+0000] {dagbag.py:545} INFO - Filling up the DagBag from /opt/airflow/dags/newyork_fhv_quality_check.py
[2026-05-08T19:19:19.629+0000] {processor.py:840} INFO - DAG(s) 'newyork_fhv_quality_check' retrieved from /opt/airflow/dags/newyork_fhv_quality_check.py
[2026-05-08T19:19:19.652+0000] {logging_mixin.py:188} INFO - [2026-05-08T19:19:19.652+0000] {dag.py:3096} INFO - Sync 1 DAGs
[2026-05-08T19:19:19.663+0000] {logging_mixin.py:188} INFO - [2026-05-08T19:19:19.663+0000] {dag.py:3954} INFO - Setting next_dagrun for newyork_fhv_quality_check to None, run_after=None
[2026-05-08T19:19:19.685+0000] {processor.py:183} INFO - Processing /opt/airflow/dags/newyork_fhv_quality_check.py took 0.090 seconds
[2026-05-08T19:19:50.581+0000] {processor.py:161} INFO - Started process (PID=383) to work on /opt/airflow/dags/newyork_fhv_quality_check.py
[2026-05-08T19:19:50.582+0000] {processor.py:830} INFO - Processing file /opt/airflow/dags/newyork_fhv_quality_check.py for tasks to queue
[2026-05-08T19:19:50.584+0000] {logging_mixin.py:188} INFO - [2026-05-08T19:19:50.584+0000] {dagbag.py:545} INFO - Filling up the DagBag from /opt/airflow/dags/newyork_fhv_quality_check.py
[2026-05-08T19:19:50.615+0000] {processor.py:840} INFO - DAG(s) 'newyork_fhv_quality_check' retrieved from /opt/airflow/dags/newyork_fhv_quality_check.py
[2026-05-08T19:19:50.640+0000] {logging_mixin.py:188} INFO - [2026-05-08T19:19:50.640+0000] {dag.py:3096} INFO - Sync 1 DAGs
[2026-05-08T19:19:50.654+0000] {logging_mixin.py:188} INFO - [2026-05-08T19:19:50.654+0000] {dag.py:3954} INFO - Setting next_dagrun for newyork_fhv_quality_check to None, run_after=None
[2026-05-08T19:19:50.676+0000] {processor.py:183} INFO - Processing /opt/airflow/dags/newyork_fhv_quality_check.py took 0.101 seconds
[2026-05-08T19:20:21.416+0000] {processor.py:161} INFO - Started process (PID=394) to work on /opt/airflow/dags/newyork_fhv_quality_check.py
[2026-05-08T19:20:21.417+0000] {processor.py:830} INFO - Processing file /opt/airflow/dags/newyork_fhv_quality_check.py for tasks to queue
[2026-05-08T19:20:21.419+0000] {logging_mixin.py:188} INFO - [2026-05-08T19:20:21.418+0000] {dagbag.py:545} INFO - Filling up the DagBag from /opt/airflow/dags/newyork_fhv_quality_check.py
[2026-05-08T19:20:21.446+0000] {processor.py:840} INFO - DAG(s) 'newyork_fhv_quality_check' retrieved from /opt/airflow/dags/newyork_fhv_quality_check.py
[2026-05-08T19:20:21.468+0000] {logging_mixin.py:188} INFO - [2026-05-08T19:20:21.468+0000] {dag.py:3096} INFO - Sync 1 DAGs
[2026-05-08T19:20:21.481+0000] {logging_mixin.py:188} INFO - [2026-05-08T19:20:21.481+0000] {dag.py:3954} INFO - Setting next_dagrun for newyork_fhv_quality_check to None, run_after=None
[2026-05-08T19:20:21.504+0000] {processor.py:183} INFO - Processing /opt/airflow/dags/newyork_fhv_quality_check.py took 0.095 seconds
[2026-05-08T19:20:52.281+0000] {processor.py:161} INFO - Started process (PID=405) to work on /opt/airflow/dags/newyork_fhv_quality_check.py
[2026-05-08T19:20:52.282+0000] {processor.py:830} INFO - Processing file /opt/airflow/dags/newyork_fhv_quality_check.py for tasks to queue
[2026-05-08T19:20:52.285+0000] {logging_mixin.py:188} INFO - [2026-05-08T19:20:52.284+0000] {dagbag.py:545} INFO - Filling up the DagBag from /opt/airflow/dags/newyork_fhv_quality_check.py
[2026-05-08T19:20:52.323+0000] {processor.py:840} INFO - DAG(s) 'newyork_fhv_quality_check' retrieved from /opt/airflow/dags/newyork_fhv_quality_check.py
[2026-05-08T19:20:52.354+0000] {logging_mixin.py:188} INFO - [2026-05-08T19:20:52.353+0000] {dag.py:3096} INFO - Sync 1 DAGs
[2026-05-08T19:20:52.371+0000] {logging_mixin.py:188} INFO - [2026-05-08T19:20:52.371+0000] {dag.py:3954} INFO - Setting next_dagrun for newyork_fhv_quality_check to None, run_after=None
[2026-05-08T19:20:52.390+0000] {processor.py:183} INFO - Processing /opt/airflow/dags/newyork_fhv_quality_check.py took 0.115 seconds
[2026-05-08T19:21:22.472+0000] {processor.py:161} INFO - Started process (PID=416) to work on /opt/airflow/dags/newyork_fhv_quality_check.py
[2026-05-08T19:21:22.474+0000] {processor.py:830} INFO - Processing file /opt/airflow/dags/newyork_fhv_quality_check.py for tasks to queue
[2026-05-08T19:21:22.476+0000] {logging_mixin.py:188} INFO - [2026-05-08T19:21:22.476+0000] {dagbag.py:545} INFO - Filling up the DagBag from /opt/airflow/dags/newyork_fhv_quality_check.py
[2026-05-08T19:21:22.504+0000] {processor.py:840} INFO - DAG(s) 'newyork_fhv_quality_check' retrieved from /opt/airflow/dags/newyork_fhv_quality_check.py
[2026-05-08T19:21:22.524+0000] {logging_mixin.py:188} INFO - [2026-05-08T19:21:22.524+0000] {dag.py:3096} INFO - Sync 1 DAGs
[2026-05-08T19:21:22.536+0000] {logging_mixin.py:188} INFO - [2026-05-08T19:21:22.536+0000] {dag.py:3954} INFO - Setting next_dagrun for newyork_fhv_quality_check to None, run_after=None
[2026-05-08T19:21:22.559+0000] {processor.py:183} INFO - Processing /opt/airflow/dags/newyork_fhv_quality_check.py took 0.092 seconds
[2026-05-08T19:21:53.424+0000] {processor.py:161} INFO - Started process (PID=429) to work on /opt/airflow/dags/newyork_fhv_quality_check.py
[2026-05-08T19:21:53.426+0000] {processor.py:830} INFO - Processing file /opt/airflow/dags/newyork_fhv_quality_check.py for tasks to queue
[2026-05-08T19:21:53.428+0000] {logging_mixin.py:188} INFO - [2026-05-08T19:21:53.428+0000] {dagbag.py:545} INFO - Filling up the DagBag from /opt/airflow/dags/newyork_fhv_quality_check.py
[2026-05-08T19:21:53.456+0000] {processor.py:840} INFO - DAG(s) 'newyork_fhv_quality_check' retrieved from /opt/airflow/dags/newyork_fhv_quality_check.py
[2026-05-08T19:21:53.478+0000] {logging_mixin.py:188} INFO - [2026-05-08T19:21:53.478+0000] {dag.py:3096} INFO - Sync 1 DAGs
[2026-05-08T19:21:53.491+0000] {logging_mixin.py:188} INFO - [2026-05-08T19:21:53.491+0000] {dag.py:3954} INFO - Setting next_dagrun for newyork_fhv_quality_check to None, run_after=None
[2026-05-08T19:21:53.516+0000] {processor.py:183} INFO - Processing /opt/airflow/dags/newyork_fhv_quality_check.py took 0.098 seconds
[2026-05-08T19:22:29.084+0000] {processor.py:161} INFO - Started process (PID=440) to work on /opt/airflow/dags/newyork_fhv_quality_check.py
[2026-05-08T19:22:29.087+0000] {processor.py:830} INFO - Processing file /opt/airflow/dags/newyork_fhv_quality_check.py for tasks to queue
[2026-05-08T19:22:29.091+0000] {logging_mixin.py:188} INFO - [2026-05-08T19:22:29.090+0000] {dagbag.py:545} INFO - Filling up the DagBag from /opt/airflow/dags/newyork_fhv_quality_check.py
[2026-05-08T19:22:29.121+0000] {processor.py:840} INFO - DAG(s) 'newyork_fhv_quality_check' retrieved from /opt/airflow/dags/newyork_fhv_quality_check.py
[2026-05-08T19:22:29.150+0000] {logging_mixin.py:188} INFO - [2026-05-08T19:22:29.150+0000] {dag.py:3096} INFO - Sync 1 DAGs
[2026-05-08T19:22:29.168+0000] {logging_mixin.py:188} INFO - [2026-05-08T19:22:29.167+0000] {dag.py:3954} INFO - Setting next_dagrun for newyork_fhv_quality_check to None, run_after=None
[2026-05-08T19:22:29.201+0000] {processor.py:183} INFO - Processing /opt/airflow/dags/newyork_fhv_quality_check.py took 0.126 seconds
[2026-05-08T19:22:59.989+0000] {processor.py:161} INFO - Started process (PID=451) to work on /opt/airflow/dags/newyork_fhv_quality_check.py
[2026-05-08T19:22:59.990+0000] {processor.py:830} INFO - Processing file /opt/airflow/dags/newyork_fhv_quality_check.py for tasks to queue
[2026-05-08T19:22:59.994+0000] {logging_mixin.py:188} INFO - [2026-05-08T19:22:59.993+0000] {dagbag.py:545} INFO - Filling up the DagBag from /opt/airflow/dags/newyork_fhv_quality_check.py
[2026-05-08T19:23:00.024+0000] {processor.py:840} INFO - DAG(s) 'newyork_fhv_quality_check' retrieved from /opt/airflow/dags/newyork_fhv_quality_check.py
[2026-05-08T19:23:00.051+0000] {logging_mixin.py:188} INFO - [2026-05-08T19:23:00.051+0000] {dag.py:3096} INFO - Sync 1 DAGs
[2026-05-08T19:23:00.065+0000] {logging_mixin.py:188} INFO - [2026-05-08T19:23:00.065+0000] {dag.py:3954} INFO - Setting next_dagrun for newyork_fhv_quality_check to None, run_after=None
[2026-05-08T19:23:00.088+0000] {processor.py:183} INFO - Processing /opt/airflow/dags/newyork_fhv_quality_check.py took 0.106 seconds
[2026-05-08T19:23:30.977+0000] {processor.py:161} INFO - Started process (PID=468) to work on /opt/airflow/dags/newyork_fhv_quality_check.py
[2026-05-08T19:23:30.978+0000] {processor.py:830} INFO - Processing file /opt/airflow/dags/newyork_fhv_quality_check.py for tasks to queue
[2026-05-08T19:23:30.981+0000] {logging_mixin.py:188} INFO - [2026-05-08T19:23:30.980+0000] {dagbag.py:545} INFO - Filling up the DagBag from /opt/airflow/dags/newyork_fhv_quality_check.py
[2026-05-08T19:23:31.000+0000] {processor.py:840} INFO - DAG(s) 'newyork_fhv_quality_check' retrieved from /opt/airflow/dags/newyork_fhv_quality_check.py
[2026-05-08T19:23:31.022+0000] {logging_mixin.py:188} INFO - [2026-05-08T19:23:31.022+0000] {dag.py:3096} INFO - Sync 1 DAGs
[2026-05-08T19:23:31.034+0000] {logging_mixin.py:188} INFO - [2026-05-08T19:23:31.034+0000] {dag.py:3954} INFO - Setting next_dagrun for newyork_fhv_quality_check to None, run_after=None
[2026-05-08T19:23:31.054+0000] {processor.py:183} INFO - Processing /opt/airflow/dags/newyork_fhv_quality_check.py took 0.084 seconds
[2026-05-08T19:24:01.887+0000] {processor.py:161} INFO - Started process (PID=479) to work on /opt/airflow/dags/newyork_fhv_quality_check.py
[2026-05-08T19:24:01.888+0000] {processor.py:830} INFO - Processing file /opt/airflow/dags/newyork_fhv_quality_check.py for tasks to queue
[2026-05-08T19:24:01.891+0000] {logging_mixin.py:188} INFO - [2026-05-08T19:24:01.891+0000] {dagbag.py:545} INFO - Filling up the DagBag from /opt/airflow/dags/newyork_fhv_quality_check.py
[2026-05-08T19:24:01.932+0000] {processor.py:840} INFO - DAG(s) 'newyork_fhv_quality_check' retrieved from /opt/airflow/dags/newyork_fhv_quality_check.py
[2026-05-08T19:24:01.958+0000] {logging_mixin.py:188} INFO - [2026-05-08T19:24:01.958+0000] {dag.py:3096} INFO - Sync 1 DAGs
[2026-05-08T19:24:01.972+0000] {logging_mixin.py:188} INFO - [2026-05-08T19:24:01.972+0000] {dag.py:3954} INFO - Setting next_dagrun for newyork_fhv_quality_check to None, run_after=None
[2026-05-08T19:24:01.997+0000] {processor.py:183} INFO - Processing /opt/airflow/dags/newyork_fhv_quality_check.py took 0.119 seconds
[2026-05-08T19:24:32.818+0000] {processor.py:161} INFO - Started process (PID=490) to work on /opt/airflow/dags/newyork_fhv_quality_check.py
[2026-05-08T19:24:32.819+0000] {processor.py:830} INFO - Processing file /opt/airflow/dags/newyork_fhv_quality_check.py for tasks to queue
[2026-05-08T19:24:32.821+0000] {logging_mixin.py:188} INFO - [2026-05-08T19:24:32.821+0000] {dagbag.py:545} INFO - Filling up the DagBag from /opt/airflow/dags/newyork_fhv_quality_check.py
[2026-05-08T19:24:32.845+0000] {processor.py:840} INFO - DAG(s) 'newyork_fhv_quality_check' retrieved from /opt/airflow/dags/newyork_fhv_quality_check.py
[2026-05-08T19:24:32.869+0000] {logging_mixin.py:188} INFO - [2026-05-08T19:24:32.869+0000] {dag.py:3096} INFO - Sync 1 DAGs
[2026-05-08T19:24:32.882+0000] {logging_mixin.py:188} INFO - [2026-05-08T19:24:32.882+0000] {dag.py:3954} INFO - Setting next_dagrun for newyork_fhv_quality_check to None, run_after=None
[2026-05-08T19:24:32.905+0000] {processor.py:183} INFO - Processing /opt/airflow/dags/newyork_fhv_quality_check.py took 0.094 seconds
[2026-05-08T19:25:03.736+0000] {processor.py:161} INFO - Started process (PID=501) to work on /opt/airflow/dags/newyork_fhv_quality_check.py
[2026-05-08T19:25:03.737+0000] {processor.py:830} INFO - Processing file /opt/airflow/dags/newyork_fhv_quality_check.py for tasks to queue
[2026-05-08T19:25:03.739+0000] {logging_mixin.py:188} INFO - [2026-05-08T19:25:03.738+0000] {dagbag.py:545} INFO - Filling up the DagBag from /opt/airflow/dags/newyork_fhv_quality_check.py
[2026-05-08T19:25:03.763+0000] {processor.py:840} INFO - DAG(s) 'newyork_fhv_quality_check' retrieved from /opt/airflow/dags/newyork_fhv_quality_check.py
[2026-05-08T19:25:03.788+0000] {logging_mixin.py:188} INFO - [2026-05-08T19:25:03.788+0000] {dag.py:3096} INFO - Sync 1 DAGs
[2026-05-08T19:25:03.799+0000] {logging_mixin.py:188} INFO - [2026-05-08T19:25:03.799+0000] {dag.py:3954} INFO - Setting next_dagrun for newyork_fhv_quality_check to None, run_after=None
[2026-05-08T19:25:03.821+0000] {processor.py:183} INFO - Processing /opt/airflow/dags/newyork_fhv_quality_check.py took 0.091 seconds
[2026-05-08T19:25:34.535+0000] {processor.py:161} INFO - Started process (PID=512) to work on /opt/airflow/dags/newyork_fhv_quality_check.py
[2026-05-08T19:25:34.536+0000] {processor.py:830} INFO - Processing file /opt/airflow/dags/newyork_fhv_quality_check.py for tasks to queue
[2026-05-08T19:25:34.538+0000] {logging_mixin.py:188} INFO - [2026-05-08T19:25:34.537+0000] {dagbag.py:545} INFO - Filling up the DagBag from /opt/airflow/dags/newyork_fhv_quality_check.py
[2026-05-08T19:25:34.559+0000] {processor.py:840} INFO - DAG(s) 'newyork_fhv_quality_check' retrieved from /opt/airflow/dags/newyork_fhv_quality_check.py
[2026-05-08T19:25:34.588+0000] {logging_mixin.py:188} INFO - [2026-05-08T19:25:34.587+0000] {dag.py:3096} INFO - Sync 1 DAGs
[2026-05-08T19:25:34.600+0000] {logging_mixin.py:188} INFO - [2026-05-08T19:25:34.600+0000] {dag.py:3954} INFO - Setting next_dagrun for newyork_fhv_quality_check to None, run_after=None
[2026-05-08T19:25:34.629+0000] {processor.py:183} INFO - Processing /opt/airflow/dags/newyork_fhv_quality_check.py took 0.100 seconds
[2026-05-08T19:26:04.861+0000] {processor.py:161} INFO - Started process (PID=523) to work on /opt/airflow/dags/newyork_fhv_quality_check.py
[2026-05-08T19:26:04.879+0000] {processor.py:830} INFO - Processing file /opt/airflow/dags/newyork_fhv_quality_check.py for tasks to queue
[2026-05-08T19:26:04.882+0000] {logging_mixin.py:188} INFO - [2026-05-08T19:26:04.882+0000] {dagbag.py:545} INFO - Filling up the DagBag from /opt/airflow/dags/newyork_fhv_quality_check.py
[2026-05-08T19:26:04.918+0000] {processor.py:840} INFO - DAG(s) 'newyork_fhv_quality_check' retrieved from /opt/airflow/dags/newyork_fhv_quality_check.py
[2026-05-08T19:26:04.957+0000] {logging_mixin.py:188} INFO - [2026-05-08T19:26:04.957+0000] {dag.py:3096} INFO - Sync 1 DAGs
[2026-05-08T19:26:04.980+0000] {logging_mixin.py:188} INFO - [2026-05-08T19:26:04.980+0000] {dag.py:3954} INFO - Setting next_dagrun for newyork_fhv_quality_check to None, run_after=None
[2026-05-08T19:26:05.008+0000] {processor.py:183} INFO - Processing /opt/airflow/dags/newyork_fhv_quality_check.py took 0.154 seconds
[2026-05-08T19:26:35.911+0000] {processor.py:161} INFO - Started process (PID=534) to work on /opt/airflow/dags/newyork_fhv_quality_check.py
[2026-05-08T19:26:35.912+0000] {processor.py:830} INFO - Processing file /opt/airflow/dags/newyork_fhv_quality_check.py for tasks to queue
[2026-05-08T19:26:35.915+0000] {logging_mixin.py:188} INFO - [2026-05-08T19:26:35.914+0000] {dagbag.py:545} INFO - Filling up the DagBag from /opt/airflow/dags/newyork_fhv_quality_check.py
[2026-05-08T19:26:35.939+0000] {processor.py:840} INFO - DAG(s) 'newyork_fhv_quality_check' retrieved from /opt/airflow/dags/newyork_fhv_quality_check.py
[2026-05-08T19:26:35.961+0000] {logging_mixin.py:188} INFO - [2026-05-08T19:26:35.961+0000] {dag.py:3096} INFO - Sync 1 DAGs
[2026-05-08T19:26:35.973+0000] {logging_mixin.py:188} INFO - [2026-05-08T19:26:35.972+0000] {dag.py:3954} INFO - Setting next_dagrun for newyork_fhv_quality_check to None, run_after=None
[2026-05-08T19:26:35.994+0000] {processor.py:183} INFO - Processing /opt/airflow/dags/newyork_fhv_quality_check.py took 0.090 seconds
[2026-05-08T19:27:10.692+0000] {processor.py:161} INFO - Started process (PID=545) to work on /opt/airflow/dags/newyork_fhv_quality_check.py
[2026-05-08T19:27:10.694+0000] {processor.py:830} INFO - Processing file /opt/airflow/dags/newyork_fhv_quality_check.py for tasks to queue
[2026-05-08T19:27:10.697+0000] {logging_mixin.py:188} INFO - [2026-05-08T19:27:10.697+0000] {dagbag.py:545} INFO - Filling up the DagBag from /opt/airflow/dags/newyork_fhv_quality_check.py
[2026-05-08T19:27:10.727+0000] {processor.py:840} INFO - DAG(s) 'newyork_fhv_quality_check' retrieved from /opt/airflow/dags/newyork_fhv_quality_check.py
[2026-05-08T19:27:10.750+0000] {logging_mixin.py:188} INFO - [2026-05-08T19:27:10.749+0000] {dag.py:3096} INFO - Sync 1 DAGs
[2026-05-08T19:27:10.763+0000] {logging_mixin.py:188} INFO - [2026-05-08T19:27:10.762+0000] {dag.py:3954} INFO - Setting next_dagrun for newyork_fhv_quality_check to None, run_after=None
[2026-05-08T19:27:10.789+0000] {processor.py:183} INFO - Processing /opt/airflow/dags/newyork_fhv_quality_check.py took 0.104 seconds
[2026-05-08T19:27:41.659+0000] {processor.py:161} INFO - Started process (PID=556) to work on /opt/airflow/dags/newyork_fhv_quality_check.py
[2026-05-08T19:27:41.660+0000] {processor.py:830} INFO - Processing file /opt/airflow/dags/newyork_fhv_quality_check.py for tasks to queue
[2026-05-08T19:27:41.663+0000] {logging_mixin.py:188} INFO - [2026-05-08T19:27:41.662+0000] {dagbag.py:545} INFO - Filling up the DagBag from /opt/airflow/dags/newyork_fhv_quality_check.py
[2026-05-08T19:27:41.683+0000] {processor.py:840} INFO - DAG(s) 'newyork_fhv_quality_check' retrieved from /opt/airflow/dags/newyork_fhv_quality_check.py
[2026-05-08T19:27:41.707+0000] {logging_mixin.py:188} INFO - [2026-05-08T19:27:41.706+0000] {dag.py:3096} INFO - Sync 1 DAGs
[2026-05-08T19:27:41.721+0000] {logging_mixin.py:188} INFO - [2026-05-08T19:27:41.720+0000] {dag.py:3954} INFO - Setting next_dagrun for newyork_fhv_quality_check to None, run_after=None
[2026-05-08T19:27:41.753+0000] {processor.py:183} INFO - Processing /opt/airflow/dags/newyork_fhv_quality_check.py took 0.101 seconds
[2026-05-08T19:28:12.705+0000] {processor.py:161} INFO - Started process (PID=567) to work on /opt/airflow/dags/newyork_fhv_quality_check.py
[2026-05-08T19:28:12.708+0000] {processor.py:830} INFO - Processing file /opt/airflow/dags/newyork_fhv_quality_check.py for tasks to queue
[2026-05-08T19:28:12.711+0000] {logging_mixin.py:188} INFO - [2026-05-08T19:28:12.710+0000] {dagbag.py:545} INFO - Filling up the DagBag from /opt/airflow/dags/newyork_fhv_quality_check.py
[2026-05-08T19:28:12.738+0000] {processor.py:840} INFO - DAG(s) 'newyork_fhv_quality_check' retrieved from /opt/airflow/dags/newyork_fhv_quality_check.py
[2026-05-08T19:28:12.763+0000] {logging_mixin.py:188} INFO - [2026-05-08T19:28:12.763+0000] {dag.py:3096} INFO - Sync 1 DAGs
[2026-05-08T19:28:12.777+0000] {logging_mixin.py:188} INFO - [2026-05-08T19:28:12.777+0000] {dag.py:3954} INFO - Setting next_dagrun for newyork_fhv_quality_check to None, run_after=None
[2026-05-08T19:28:12.798+0000] {processor.py:183} INFO - Processing /opt/airflow/dags/newyork_fhv_quality_check.py took 0.100 seconds
[2026-05-08T19:28:43.542+0000] {processor.py:161} INFO - Started process (PID=578) to work on /opt/airflow/dags/newyork_fhv_quality_check.py
[2026-05-08T19:28:43.544+0000] {processor.py:830} INFO - Processing file /opt/airflow/dags/newyork_fhv_quality_check.py for tasks to queue
[2026-05-08T19:28:43.547+0000] {logging_mixin.py:188} INFO - [2026-05-08T19:28:43.546+0000] {dagbag.py:545} INFO - Filling up the DagBag from /opt/airflow/dags/newyork_fhv_quality_check.py
[2026-05-08T19:28:43.581+0000] {processor.py:840} INFO - DAG(s) 'newyork_fhv_quality_check' retrieved from /opt/airflow/dags/newyork_fhv_quality_check.py
[2026-05-08T19:28:43.608+0000] {logging_mixin.py:188} INFO - [2026-05-08T19:28:43.608+0000] {dag.py:3096} INFO - Sync 1 DAGs
[2026-05-08T19:28:43.622+0000] {logging_mixin.py:188} INFO - [2026-05-08T19:28:43.622+0000] {dag.py:3954} INFO - Setting next_dagrun for newyork_fhv_quality_check to None, run_after=None
[2026-05-08T19:28:43.646+0000] {processor.py:183} INFO - Processing /opt/airflow/dags/newyork_fhv_quality_check.py took 0.113 seconds
[2026-05-08T19:29:14.661+0000] {processor.py:161} INFO - Started process (PID=590) to work on /opt/airflow/dags/newyork_fhv_quality_check.py
[2026-05-08T19:29:14.662+0000] {processor.py:830} INFO - Processing file /opt/airflow/dags/newyork_fhv_quality_check.py for tasks to queue
[2026-05-08T19:29:14.664+0000] {logging_mixin.py:188} INFO - [2026-05-08T19:29:14.664+0000] {dagbag.py:545} INFO - Filling up the DagBag from /opt/airflow/dags/newyork_fhv_quality_check.py
[2026-05-08T19:29:14.688+0000] {processor.py:840} INFO - DAG(s) 'newyork_fhv_quality_check' retrieved from /opt/airflow/dags/newyork_fhv_quality_check.py
[2026-05-08T19:29:14.712+0000] {logging_mixin.py:188} INFO - [2026-05-08T19:29:14.711+0000] {dag.py:3096} INFO - Sync 1 DAGs
[2026-05-08T19:29:14.724+0000] {logging_mixin.py:188} INFO - [2026-05-08T19:29:14.724+0000] {dag.py:3954} INFO - Setting next_dagrun for newyork_fhv_quality_check to None, run_after=None
[2026-05-08T19:29:14.746+0000] {processor.py:183} INFO - Processing /opt/airflow/dags/newyork_fhv_quality_check.py took 0.091 seconds
[2026-05-08T19:29:45.634+0000] {processor.py:161} INFO - Started process (PID=601) to work on /opt/airflow/dags/newyork_fhv_quality_check.py
[2026-05-08T19:29:45.635+0000] {processor.py:830} INFO - Processing file /opt/airflow/dags/newyork_fhv_quality_check.py for tasks to queue
[2026-05-08T19:29:45.638+0000] {logging_mixin.py:188} INFO - [2026-05-08T19:29:45.638+0000] {dagbag.py:545} INFO - Filling up the DagBag from /opt/airflow/dags/newyork_fhv_quality_check.py
[2026-05-08T19:29:45.668+0000] {processor.py:840} INFO - DAG(s) 'newyork_fhv_quality_check' retrieved from /opt/airflow/dags/newyork_fhv_quality_check.py
[2026-05-08T19:29:45.694+0000] {logging_mixin.py:188} INFO - [2026-05-08T19:29:45.694+0000] {dag.py:3096} INFO - Sync 1 DAGs
[2026-05-08T19:29:45.706+0000] {logging_mixin.py:188} INFO - [2026-05-08T19:29:45.705+0000] {dag.py:3954} INFO - Setting next_dagrun for newyork_fhv_quality_check to None, run_after=None
[2026-05-08T19:29:45.726+0000] {processor.py:183} INFO - Processing /opt/airflow/dags/newyork_fhv_quality_check.py took 0.102 seconds
[2026-05-08T19:30:16.609+0000] {processor.py:161} INFO - Started process (PID=612) to work on /opt/airflow/dags/newyork_fhv_quality_check.py
[2026-05-08T19:30:16.610+0000] {processor.py:830} INFO - Processing file /opt/airflow/dags/newyork_fhv_quality_check.py for tasks to queue
[2026-05-08T19:30:16.612+0000] {logging_mixin.py:188} INFO - [2026-05-08T19:30:16.612+0000] {dagbag.py:545} INFO - Filling up the DagBag from /opt/airflow/dags/newyork_fhv_quality_check.py
[2026-05-08T19:30:16.648+0000] {processor.py:840} INFO - DAG(s) 'newyork_fhv_quality_check' retrieved from /opt/airflow/dags/newyork_fhv_quality_check.py
[2026-05-08T19:30:16.680+0000] {logging_mixin.py:188} INFO - [2026-05-08T19:30:16.679+0000] {dag.py:3096} INFO - Sync 1 DAGs
[2026-05-08T19:30:16.696+0000] {logging_mixin.py:188} INFO - [2026-05-08T19:30:16.696+0000] {dag.py:3954} INFO - Setting next_dagrun for newyork_fhv_quality_check to None, run_after=None
[2026-05-08T19:30:16.728+0000] {processor.py:183} INFO - Processing /opt/airflow/dags/newyork_fhv_quality_check.py took 0.128 seconds
[2026-05-08T19:30:47.552+0000] {processor.py:161} INFO - Started process (PID=624) to work on /opt/airflow/dags/newyork_fhv_quality_check.py
[2026-05-08T19:30:47.553+0000] {processor.py:830} INFO - Processing file /opt/airflow/dags/newyork_fhv_quality_check.py for tasks to queue
[2026-05-08T19:30:47.556+0000] {logging_mixin.py:188} INFO - [2026-05-08T19:30:47.555+0000] {dagbag.py:545} INFO - Filling up the DagBag from /opt/airflow/dags/newyork_fhv_quality_check.py
[2026-05-08T19:30:47.587+0000] {processor.py:840} INFO - DAG(s) 'newyork_fhv_quality_check' retrieved from /opt/airflow/dags/newyork_fhv_quality_check.py
[2026-05-08T19:30:47.610+0000] {logging_mixin.py:188} INFO - [2026-05-08T19:30:47.610+0000] {dag.py:3096} INFO - Sync 1 DAGs
[2026-05-08T19:30:47.624+0000] {logging_mixin.py:188} INFO - [2026-05-08T19:30:47.624+0000] {dag.py:3954} INFO - Setting next_dagrun for newyork_fhv_quality_check to None, run_after=None
[2026-05-08T19:30:47.647+0000] {processor.py:183} INFO - Processing /opt/airflow/dags/newyork_fhv_quality_check.py took 0.104 seconds
[2026-05-08T19:31:18.564+0000] {processor.py:161} INFO - Started process (PID=635) to work on /opt/airflow/dags/newyork_fhv_quality_check.py
[2026-05-08T19:31:18.566+0000] {processor.py:830} INFO - Processing file /opt/airflow/dags/newyork_fhv_quality_check.py for tasks to queue
[2026-05-08T19:31:18.569+0000] {logging_mixin.py:188} INFO - [2026-05-08T19:31:18.568+0000] {dagbag.py:545} INFO - Filling up the DagBag from /opt/airflow/dags/newyork_fhv_quality_check.py
[2026-05-08T19:31:18.598+0000] {processor.py:840} INFO - DAG(s) 'newyork_fhv_quality_check' retrieved from /opt/airflow/dags/newyork_fhv_quality_check.py
[2026-05-08T19:31:18.620+0000] {logging_mixin.py:188} INFO - [2026-05-08T19:31:18.620+0000] {dag.py:3096} INFO - Sync 1 DAGs
[2026-05-08T19:31:18.631+0000] {logging_mixin.py:188} INFO - [2026-05-08T19:31:18.631+0000] {dag.py:3954} INFO - Setting next_dagrun for newyork_fhv_quality_check to None, run_after=None
[2026-05-08T19:31:18.653+0000] {processor.py:183} INFO - Processing /opt/airflow/dags/newyork_fhv_quality_check.py took 0.096 seconds
[2026-05-08T19:31:49.435+0000] {processor.py:161} INFO - Started process (PID=646) to work on /opt/airflow/dags/newyork_fhv_quality_check.py
[2026-05-08T19:31:49.437+0000] {processor.py:830} INFO - Processing file /opt/airflow/dags/newyork_fhv_quality_check.py for tasks to queue
[2026-05-08T19:31:49.441+0000] {logging_mixin.py:188} INFO - [2026-05-08T19:31:49.440+0000] {dagbag.py:545} INFO - Filling up the DagBag from /opt/airflow/dags/newyork_fhv_quality_check.py
[2026-05-08T19:31:49.478+0000] {processor.py:840} INFO - DAG(s) 'newyork_fhv_quality_check' retrieved from /opt/airflow/dags/newyork_fhv_quality_check.py
[2026-05-08T19:31:49.506+0000] {logging_mixin.py:188} INFO - [2026-05-08T19:31:49.506+0000] {dag.py:3096} INFO - Sync 1 DAGs
[2026-05-08T19:31:49.521+0000] {logging_mixin.py:188} INFO - [2026-05-08T19:31:49.520+0000] {dag.py:3954} INFO - Setting next_dagrun for newyork_fhv_quality_check to None, run_after=None
[2026-05-08T19:31:49.542+0000] {processor.py:183} INFO - Processing /opt/airflow/dags/newyork_fhv_quality_check.py took 0.117 seconds
[2026-05-08T19:32:20.112+0000] {processor.py:161} INFO - Started process (PID=657) to work on /opt/airflow/dags/newyork_fhv_quality_check.py
[2026-05-08T19:32:20.114+0000] {processor.py:830} INFO - Processing file /opt/airflow/dags/newyork_fhv_quality_check.py for tasks to queue
[2026-05-08T19:32:20.117+0000] {logging_mixin.py:188} INFO - [2026-05-08T19:32:20.117+0000] {dagbag.py:545} INFO - Filling up the DagBag from /opt/airflow/dags/newyork_fhv_quality_check.py
[2026-05-08T19:32:20.151+0000] {processor.py:840} INFO - DAG(s) 'newyork_fhv_quality_check' retrieved from /opt/airflow/dags/newyork_fhv_quality_check.py
[2026-05-08T19:32:20.183+0000] {logging_mixin.py:188} INFO - [2026-05-08T19:32:20.183+0000] {dag.py:3096} INFO - Sync 1 DAGs
[2026-05-08T19:32:20.205+0000] {logging_mixin.py:188} INFO - [2026-05-08T19:32:20.205+0000] {dag.py:3954} INFO - Setting next_dagrun for newyork_fhv_quality_check to None, run_after=None
[2026-05-08T19:32:20.231+0000] {processor.py:183} INFO - Processing /opt/airflow/dags/newyork_fhv_quality_check.py took 0.128 seconds
[2026-05-08T19:32:51.048+0000] {processor.py:161} INFO - Started process (PID=668) to work on /opt/airflow/dags/newyork_fhv_quality_check.py
[2026-05-08T19:32:51.050+0000] {processor.py:830} INFO - Processing file /opt/airflow/dags/newyork_fhv_quality_check.py for tasks to queue
[2026-05-08T19:32:51.057+0000] {logging_mixin.py:188} INFO - [2026-05-08T19:32:51.053+0000] {dagbag.py:545} INFO - Filling up the DagBag from /opt/airflow/dags/newyork_fhv_quality_check.py
[2026-05-08T19:32:51.089+0000] {processor.py:840} INFO - DAG(s) 'newyork_fhv_quality_check' retrieved from /opt/airflow/dags/newyork_fhv_quality_check.py
[2026-05-08T19:32:51.114+0000] {logging_mixin.py:188} INFO - [2026-05-08T19:32:51.114+0000] {dag.py:3096} INFO - Sync 1 DAGs
[2026-05-08T19:32:51.125+0000] {logging_mixin.py:188} INFO - [2026-05-08T19:32:51.125+0000] {dag.py:3954} INFO - Setting next_dagrun for newyork_fhv_quality_check to None, run_after=None
[2026-05-08T19:32:51.143+0000] {processor.py:183} INFO - Processing /opt/airflow/dags/newyork_fhv_quality_check.py took 0.110 seconds
[2026-05-08T19:33:21.986+0000] {processor.py:161} INFO - Started process (PID=679) to work on /opt/airflow/dags/newyork_fhv_quality_check.py
[2026-05-08T19:33:21.987+0000] {processor.py:830} INFO - Processing file /opt/airflow/dags/newyork_fhv_quality_check.py for tasks to queue
[2026-05-08T19:33:21.990+0000] {logging_mixin.py:188} INFO - [2026-05-08T19:33:21.989+0000] {dagbag.py:545} INFO - Filling up the DagBag from /opt/airflow/dags/newyork_fhv_quality_check.py
[2026-05-08T19:33:22.010+0000] {processor.py:840} INFO - DAG(s) 'newyork_fhv_quality_check' retrieved from /opt/airflow/dags/newyork_fhv_quality_check.py
[2026-05-08T19:33:22.031+0000] {logging_mixin.py:188} INFO - [2026-05-08T19:33:22.031+0000] {dag.py:3096} INFO - Sync 1 DAGs
[2026-05-08T19:33:22.045+0000] {logging_mixin.py:188} INFO - [2026-05-08T19:33:22.044+0000] {dag.py:3954} INFO - Setting next_dagrun for newyork_fhv_quality_check to None, run_after=None
[2026-05-08T19:33:22.068+0000] {processor.py:183} INFO - Processing /opt/airflow/dags/newyork_fhv_quality_check.py took 0.089 seconds
[2026-05-08T19:33:52.882+0000] {processor.py:161} INFO - Started process (PID=690) to work on /opt/airflow/dags/newyork_fhv_quality_check.py
[2026-05-08T19:33:52.883+0000] {processor.py:830} INFO - Processing file /opt/airflow/dags/newyork_fhv_quality_check.py for tasks to queue
[2026-05-08T19:33:52.886+0000] {logging_mixin.py:188} INFO - [2026-05-08T19:33:52.885+0000] {dagbag.py:545} INFO - Filling up the DagBag from /opt/airflow/dags/newyork_fhv_quality_check.py
[2026-05-08T19:33:52.910+0000] {processor.py:840} INFO - DAG(s) 'newyork_fhv_quality_check' retrieved from /opt/airflow/dags/newyork_fhv_quality_check.py
[2026-05-08T19:33:52.936+0000] {logging_mixin.py:188} INFO - [2026-05-08T19:33:52.935+0000] {dag.py:3096} INFO - Sync 1 DAGs
[2026-05-08T19:33:52.952+0000] {logging_mixin.py:188} INFO - [2026-05-08T19:33:52.952+0000] {dag.py:3954} INFO - Setting next_dagrun for newyork_fhv_quality_check to None, run_after=None
[2026-05-08T19:33:52.974+0000] {processor.py:183} INFO - Processing /opt/airflow/dags/newyork_fhv_quality_check.py took 0.099 seconds
[2026-05-08T19:34:23.713+0000] {processor.py:161} INFO - Started process (PID=701) to work on /opt/airflow/dags/newyork_fhv_quality_check.py
[2026-05-08T19:34:23.714+0000] {processor.py:830} INFO - Processing file /opt/airflow/dags/newyork_fhv_quality_check.py for tasks to queue
[2026-05-08T19:34:23.716+0000] {logging_mixin.py:188} INFO - [2026-05-08T19:34:23.716+0000] {dagbag.py:545} INFO - Filling up the DagBag from /opt/airflow/dags/newyork_fhv_quality_check.py
[2026-05-08T19:34:23.746+0000] {processor.py:840} INFO - DAG(s) 'newyork_fhv_quality_check' retrieved from /opt/airflow/dags/newyork_fhv_quality_check.py
[2026-05-08T19:34:23.768+0000] {logging_mixin.py:188} INFO - [2026-05-08T19:34:23.767+0000] {dag.py:3096} INFO - Sync 1 DAGs
[2026-05-08T19:34:23.780+0000] {logging_mixin.py:188} INFO - [2026-05-08T19:34:23.780+0000] {dag.py:3954} INFO - Setting next_dagrun for newyork_fhv_quality_check to None, run_after=None
[2026-05-08T19:34:23.806+0000] {processor.py:183} INFO - Processing /opt/airflow/dags/newyork_fhv_quality_check.py took 0.101 seconds
[2026-05-08T19:34:54.592+0000] {processor.py:161} INFO - Started process (PID=731) to work on /opt/airflow/dags/newyork_fhv_quality_check.py
[2026-05-08T19:34:54.594+0000] {processor.py:830} INFO - Processing file /opt/airflow/dags/newyork_fhv_quality_check.py for tasks to queue
[2026-05-08T19:34:54.597+0000] {logging_mixin.py:188} INFO - [2026-05-08T19:34:54.596+0000] {dagbag.py:545} INFO - Filling up the DagBag from /opt/airflow/dags/newyork_fhv_quality_check.py
[2026-05-08T19:34:54.622+0000] {processor.py:840} INFO - DAG(s) 'newyork_fhv_quality_check' retrieved from /opt/airflow/dags/newyork_fhv_quality_check.py
[2026-05-08T19:34:54.646+0000] {logging_mixin.py:188} INFO - [2026-05-08T19:34:54.646+0000] {dag.py:3096} INFO - Sync 1 DAGs
[2026-05-08T19:34:54.663+0000] {logging_mixin.py:188} INFO - [2026-05-08T19:34:54.663+0000] {dag.py:3954} INFO - Setting next_dagrun for newyork_fhv_quality_check to None, run_after=None
[2026-05-08T19:34:54.689+0000] {processor.py:183} INFO - Processing /opt/airflow/dags/newyork_fhv_quality_check.py took 0.102 seconds
[2026-05-08T19:35:25.350+0000] {processor.py:161} INFO - Started process (PID=746) to work on /opt/airflow/dags/newyork_fhv_quality_check.py
[2026-05-08T19:35:25.351+0000] {processor.py:830} INFO - Processing file /opt/airflow/dags/newyork_fhv_quality_check.py for tasks to queue
[2026-05-08T19:35:25.353+0000] {logging_mixin.py:188} INFO - [2026-05-08T19:35:25.353+0000] {dagbag.py:545} INFO - Filling up the DagBag from /opt/airflow/dags/newyork_fhv_quality_check.py
[2026-05-08T19:35:25.382+0000] {processor.py:840} INFO - DAG(s) 'newyork_fhv_quality_check' retrieved from /opt/airflow/dags/newyork_fhv_quality_check.py
[2026-05-08T19:35:25.405+0000] {logging_mixin.py:188} INFO - [2026-05-08T19:35:25.404+0000] {dag.py:3096} INFO - Sync 1 DAGs
[2026-05-08T19:35:25.419+0000] {logging_mixin.py:188} INFO - [2026-05-08T19:35:25.418+0000] {dag.py:3954} INFO - Setting next_dagrun for newyork_fhv_quality_check to None, run_after=None
[2026-05-08T19:35:25.443+0000] {processor.py:183} INFO - Processing /opt/airflow/dags/newyork_fhv_quality_check.py took 0.099 seconds
[2026-05-08T19:35:56.421+0000] {processor.py:161} INFO - Started process (PID=757) to work on /opt/airflow/dags/newyork_fhv_quality_check.py
[2026-05-08T19:35:56.422+0000] {processor.py:830} INFO - Processing file /opt/airflow/dags/newyork_fhv_quality_check.py for tasks to queue
[2026-05-08T19:35:56.425+0000] {logging_mixin.py:188} INFO - [2026-05-08T19:35:56.424+0000] {dagbag.py:545} INFO - Filling up the DagBag from /opt/airflow/dags/newyork_fhv_quality_check.py
[2026-05-08T19:35:56.457+0000] {processor.py:840} INFO - DAG(s) 'newyork_fhv_quality_check' retrieved from /opt/airflow/dags/newyork_fhv_quality_check.py
[2026-05-08T19:35:56.478+0000] {logging_mixin.py:188} INFO - [2026-05-08T19:35:56.478+0000] {dag.py:3096} INFO - Sync 1 DAGs
[2026-05-08T19:35:56.489+0000] {logging_mixin.py:188} INFO - [2026-05-08T19:35:56.489+0000] {dag.py:3954} INFO - Setting next_dagrun for newyork_fhv_quality_check to None, run_after=None
[2026-05-08T19:35:56.507+0000] {processor.py:183} INFO - Processing /opt/airflow/dags/newyork_fhv_quality_check.py took 0.092 seconds
[2026-05-08T19:36:26.691+0000] {processor.py:161} INFO - Started process (PID=768) to work on /opt/airflow/dags/newyork_fhv_quality_check.py
[2026-05-08T19:36:26.693+0000] {processor.py:830} INFO - Processing file /opt/airflow/dags/newyork_fhv_quality_check.py for tasks to queue
[2026-05-08T19:36:26.696+0000] {logging_mixin.py:188} INFO - [2026-05-08T19:36:26.695+0000] {dagbag.py:545} INFO - Filling up the DagBag from /opt/airflow/dags/newyork_fhv_quality_check.py
[2026-05-08T19:36:26.734+0000] {processor.py:840} INFO - DAG(s) 'newyork_fhv_quality_check' retrieved from /opt/airflow/dags/newyork_fhv_quality_check.py
[2026-05-08T19:36:26.759+0000] {logging_mixin.py:188} INFO - [2026-05-08T19:36:26.758+0000] {dag.py:3096} INFO - Sync 1 DAGs
[2026-05-08T19:36:26.773+0000] {logging_mixin.py:188} INFO - [2026-05-08T19:36:26.772+0000] {dag.py:3954} INFO - Setting next_dagrun for newyork_fhv_quality_check to None, run_after=None
[2026-05-08T19:36:26.792+0000] {processor.py:183} INFO - Processing /opt/airflow/dags/newyork_fhv_quality_check.py took 0.106 seconds
[2026-05-08T19:36:57.654+0000] {processor.py:161} INFO - Started process (PID=778) to work on /opt/airflow/dags/newyork_fhv_quality_check.py
[2026-05-08T19:36:57.656+0000] {processor.py:830} INFO - Processing file /opt/airflow/dags/newyork_fhv_quality_check.py for tasks to queue
[2026-05-08T19:36:57.658+0000] {logging_mixin.py:188} INFO - [2026-05-08T19:36:57.657+0000] {dagbag.py:545} INFO - Filling up the DagBag from /opt/airflow/dags/newyork_fhv_quality_check.py
[2026-05-08T19:36:57.695+0000] {processor.py:840} INFO - DAG(s) 'newyork_fhv_quality_check' retrieved from /opt/airflow/dags/newyork_fhv_quality_check.py
[2026-05-08T19:36:57.721+0000] {logging_mixin.py:188} INFO - [2026-05-08T19:36:57.721+0000] {dag.py:3096} INFO - Sync 1 DAGs
[2026-05-08T19:36:57.732+0000] {logging_mixin.py:188} INFO - [2026-05-08T19:36:57.732+0000] {dag.py:3954} INFO - Setting next_dagrun for newyork_fhv_quality_check to None, run_after=None
[2026-05-08T19:36:57.753+0000] {processor.py:183} INFO - Processing /opt/airflow/dags/newyork_fhv_quality_check.py took 0.105 seconds
[2026-05-08T19:37:28.639+0000] {processor.py:161} INFO - Started process (PID=789) to work on /opt/airflow/dags/newyork_fhv_quality_check.py
[2026-05-08T19:37:28.641+0000] {processor.py:830} INFO - Processing file /opt/airflow/dags/newyork_fhv_quality_check.py for tasks to queue
[2026-05-08T19:37:28.644+0000] {logging_mixin.py:188} INFO - [2026-05-08T19:37:28.643+0000] {dagbag.py:545} INFO - Filling up the DagBag from /opt/airflow/dags/newyork_fhv_quality_check.py
[2026-05-08T19:37:28.683+0000] {processor.py:840} INFO - DAG(s) 'newyork_fhv_quality_check' retrieved from /opt/airflow/dags/newyork_fhv_quality_check.py
[2026-05-08T19:37:28.717+0000] {logging_mixin.py:188} INFO - [2026-05-08T19:37:28.717+0000] {dag.py:3096} INFO - Sync 1 DAGs
[2026-05-08T19:37:28.730+0000] {logging_mixin.py:188} INFO - [2026-05-08T19:37:28.730+0000] {dag.py:3954} INFO - Setting next_dagrun for newyork_fhv_quality_check to None, run_after=None
[2026-05-08T19:37:28.759+0000] {processor.py:183} INFO - Processing /opt/airflow/dags/newyork_fhv_quality_check.py took 0.126 seconds
[2026-05-08T19:37:59.646+0000] {processor.py:161} INFO - Started process (PID=800) to work on /opt/airflow/dags/newyork_fhv_quality_check.py
[2026-05-08T19:37:59.647+0000] {processor.py:830} INFO - Processing file /opt/airflow/dags/newyork_fhv_quality_check.py for tasks to queue
[2026-05-08T19:37:59.649+0000] {logging_mixin.py:188} INFO - [2026-05-08T19:37:59.648+0000] {dagbag.py:545} INFO - Filling up the DagBag from /opt/airflow/dags/newyork_fhv_quality_check.py
[2026-05-08T19:37:59.668+0000] {processor.py:840} INFO - DAG(s) 'newyork_fhv_quality_check' retrieved from /opt/airflow/dags/newyork_fhv_quality_check.py
[2026-05-08T19:37:59.690+0000] {logging_mixin.py:188} INFO - [2026-05-08T19:37:59.690+0000] {dag.py:3096} INFO - Sync 1 DAGs
[2026-05-08T19:37:59.703+0000] {logging_mixin.py:188} INFO - [2026-05-08T19:37:59.703+0000] {dag.py:3954} INFO - Setting next_dagrun for newyork_fhv_quality_check to None, run_after=None
[2026-05-08T19:37:59.725+0000] {processor.py:183} INFO - Processing /opt/airflow/dags/newyork_fhv_quality_check.py took 0.085 seconds
[2026-05-08T19:38:30.469+0000] {processor.py:161} INFO - Started process (PID=816) to work on /opt/airflow/dags/newyork_fhv_quality_check.py
[2026-05-08T19:38:30.471+0000] {processor.py:830} INFO - Processing file /opt/airflow/dags/newyork_fhv_quality_check.py for tasks to queue
[2026-05-08T19:38:30.473+0000] {logging_mixin.py:188} INFO - [2026-05-08T19:38:30.472+0000] {dagbag.py:545} INFO - Filling up the DagBag from /opt/airflow/dags/newyork_fhv_quality_check.py
[2026-05-08T19:38:30.493+0000] {processor.py:840} INFO - DAG(s) 'newyork_fhv_quality_check' retrieved from /opt/airflow/dags/newyork_fhv_quality_check.py
[2026-05-08T19:38:30.511+0000] {logging_mixin.py:188} INFO - [2026-05-08T19:38:30.511+0000] {dag.py:3096} INFO - Sync 1 DAGs
[2026-05-08T19:38:30.521+0000] {logging_mixin.py:188} INFO - [2026-05-08T19:38:30.521+0000] {dag.py:3954} INFO - Setting next_dagrun for newyork_fhv_quality_check to None, run_after=None
[2026-05-08T19:38:30.537+0000] {processor.py:183} INFO - Processing /opt/airflow/dags/newyork_fhv_quality_check.py took 0.074 seconds
[2026-05-08T19:39:01.294+0000] {processor.py:161} INFO - Started process (PID=827) to work on /opt/airflow/dags/newyork_fhv_quality_check.py
[2026-05-08T19:39:01.295+0000] {processor.py:830} INFO - Processing file /opt/airflow/dags/newyork_fhv_quality_check.py for tasks to queue
[2026-05-08T19:39:01.297+0000] {logging_mixin.py:188} INFO - [2026-05-08T19:39:01.297+0000] {dagbag.py:545} INFO - Filling up the DagBag from /opt/airflow/dags/newyork_fhv_quality_check.py
[2026-05-08T19:39:01.319+0000] {processor.py:840} INFO - DAG(s) 'newyork_fhv_quality_check' retrieved from /opt/airflow/dags/newyork_fhv_quality_check.py
[2026-05-08T19:39:01.348+0000] {logging_mixin.py:188} INFO - [2026-05-08T19:39:01.348+0000] {dag.py:3096} INFO - Sync 1 DAGs
[2026-05-08T19:39:01.364+0000] {logging_mixin.py:188} INFO - [2026-05-08T19:39:01.364+0000] {dag.py:3954} INFO - Setting next_dagrun for newyork_fhv_quality_check to None, run_after=None
[2026-05-08T19:39:01.387+0000] {processor.py:183} INFO - Processing /opt/airflow/dags/newyork_fhv_quality_check.py took 0.098 seconds
[2026-05-08T19:39:32.178+0000] {processor.py:161} INFO - Started process (PID=843) to work on /opt/airflow/dags/newyork_fhv_quality_check.py
[2026-05-08T19:39:32.180+0000] {processor.py:830} INFO - Processing file /opt/airflow/dags/newyork_fhv_quality_check.py for tasks to queue
[2026-05-08T19:39:32.183+0000] {logging_mixin.py:188} INFO - [2026-05-08T19:39:32.182+0000] {dagbag.py:545} INFO - Filling up the DagBag from /opt/airflow/dags/newyork_fhv_quality_check.py
[2026-05-08T19:39:32.216+0000] {processor.py:840} INFO - DAG(s) 'newyork_fhv_quality_check' retrieved from /opt/airflow/dags/newyork_fhv_quality_check.py
[2026-05-08T19:39:32.246+0000] {logging_mixin.py:188} INFO - [2026-05-08T19:39:32.246+0000] {dag.py:3096} INFO - Sync 1 DAGs
[2026-05-08T19:39:32.265+0000] {logging_mixin.py:188} INFO - [2026-05-08T19:39:32.265+0000] {dag.py:3954} INFO - Setting next_dagrun for newyork_fhv_quality_check to None, run_after=None
[2026-05-08T19:39:32.295+0000] {processor.py:183} INFO - Processing /opt/airflow/dags/newyork_fhv_quality_check.py took 0.126 seconds
[2026-05-08T19:40:03.261+0000] {processor.py:161} INFO - Started process (PID=854) to work on /opt/airflow/dags/newyork_fhv_quality_check.py
[2026-05-08T19:40:03.263+0000] {processor.py:830} INFO - Processing file /opt/airflow/dags/newyork_fhv_quality_check.py for tasks to queue
[2026-05-08T19:40:03.267+0000] {logging_mixin.py:188} INFO - [2026-05-08T19:40:03.266+0000] {dagbag.py:545} INFO - Filling up the DagBag from /opt/airflow/dags/newyork_fhv_quality_check.py
[2026-05-08T19:40:03.315+0000] {processor.py:840} INFO - DAG(s) 'newyork_fhv_quality_check' retrieved from /opt/airflow/dags/newyork_fhv_quality_check.py
[2026-05-08T19:40:03.339+0000] {logging_mixin.py:188} INFO - [2026-05-08T19:40:03.339+0000] {dag.py:3096} INFO - Sync 1 DAGs
[2026-05-08T19:40:03.351+0000] {logging_mixin.py:188} INFO - [2026-05-08T19:40:03.351+0000] {dag.py:3954} INFO - Setting next_dagrun for newyork_fhv_quality_check to None, run_after=None
[2026-05-08T19:40:03.378+0000] {processor.py:183} INFO - Processing /opt/airflow/dags/newyork_fhv_quality_check.py took 0.128 seconds
[2026-05-08T19:40:34.202+0000] {processor.py:161} INFO - Started process (PID=872) to work on /opt/airflow/dags/newyork_fhv_quality_check.py
[2026-05-08T19:40:34.205+0000] {processor.py:830} INFO - Processing file /opt/airflow/dags/newyork_fhv_quality_check.py for tasks to queue
[2026-05-08T19:40:34.209+0000] {logging_mixin.py:188} INFO - [2026-05-08T19:40:34.208+0000] {dagbag.py:545} INFO - Filling up the DagBag from /opt/airflow/dags/newyork_fhv_quality_check.py
[2026-05-08T19:40:34.247+0000] {processor.py:840} INFO - DAG(s) 'newyork_fhv_quality_check' retrieved from /opt/airflow/dags/newyork_fhv_quality_check.py
[2026-05-08T19:40:34.274+0000] {logging_mixin.py:188} INFO - [2026-05-08T19:40:34.273+0000] {dag.py:3096} INFO - Sync 1 DAGs
[2026-05-08T19:40:34.300+0000] {logging_mixin.py:188} INFO - [2026-05-08T19:40:34.300+0000] {dag.py:3954} INFO - Setting next_dagrun for newyork_fhv_quality_check to None, run_after=None
[2026-05-08T19:40:34.346+0000] {processor.py:183} INFO - Processing /opt/airflow/dags/newyork_fhv_quality_check.py took 0.151 seconds
[2026-05-08T19:41:04.436+0000] {processor.py:161} INFO - Started process (PID=883) to work on /opt/airflow/dags/newyork_fhv_quality_check.py
[2026-05-08T19:41:04.438+0000] {processor.py:830} INFO - Processing file /opt/airflow/dags/newyork_fhv_quality_check.py for tasks to queue
[2026-05-08T19:41:04.441+0000] {logging_mixin.py:188} INFO - [2026-05-08T19:41:04.441+0000] {dagbag.py:545} INFO - Filling up the DagBag from /opt/airflow/dags/newyork_fhv_quality_check.py
[2026-05-08T19:41:04.471+0000] {processor.py:840} INFO - DAG(s) 'newyork_fhv_quality_check' retrieved from /opt/airflow/dags/newyork_fhv_quality_check.py
[2026-05-08T19:41:04.496+0000] {logging_mixin.py:188} INFO - [2026-05-08T19:41:04.495+0000] {dag.py:3096} INFO - Sync 1 DAGs
[2026-05-08T19:41:04.511+0000] {logging_mixin.py:188} INFO - [2026-05-08T19:41:04.511+0000] {dag.py:3954} INFO - Setting next_dagrun for newyork_fhv_quality_check to None, run_after=None
[2026-05-08T19:41:04.541+0000] {processor.py:183} INFO - Processing /opt/airflow/dags/newyork_fhv_quality_check.py took 0.115 seconds
[2026-05-08T19:41:35.398+0000] {processor.py:161} INFO - Started process (PID=894) to work on /opt/airflow/dags/newyork_fhv_quality_check.py
[2026-05-08T19:41:35.400+0000] {processor.py:830} INFO - Processing file /opt/airflow/dags/newyork_fhv_quality_check.py for tasks to queue
[2026-05-08T19:41:35.402+0000] {logging_mixin.py:188} INFO - [2026-05-08T19:41:35.402+0000] {dagbag.py:545} INFO - Filling up the DagBag from /opt/airflow/dags/newyork_fhv_quality_check.py
[2026-05-08T19:41:35.432+0000] {processor.py:840} INFO - DAG(s) 'newyork_fhv_quality_check' retrieved from /opt/airflow/dags/newyork_fhv_quality_check.py
[2026-05-08T19:41:35.459+0000] {logging_mixin.py:188} INFO - [2026-05-08T19:41:35.459+0000] {dag.py:3096} INFO - Sync 1 DAGs
[2026-05-08T19:41:35.472+0000] {logging_mixin.py:188} INFO - [2026-05-08T19:41:35.471+0000] {dag.py:3954} INFO - Setting next_dagrun for newyork_fhv_quality_check to None, run_after=None
[2026-05-08T19:41:35.504+0000] {processor.py:183} INFO - Processing /opt/airflow/dags/newyork_fhv_quality_check.py took 0.111 seconds
[2026-05-08T19:42:06.388+0000] {processor.py:161} INFO - Started process (PID=905) to work on /opt/airflow/dags/newyork_fhv_quality_check.py
[2026-05-08T19:42:06.391+0000] {processor.py:830} INFO - Processing file /opt/airflow/dags/newyork_fhv_quality_check.py for tasks to queue
[2026-05-08T19:42:06.395+0000] {logging_mixin.py:188} INFO - [2026-05-08T19:42:06.394+0000] {dagbag.py:545} INFO - Filling up the DagBag from /opt/airflow/dags/newyork_fhv_quality_check.py
[2026-05-08T19:42:06.447+0000] {processor.py:840} INFO - DAG(s) 'newyork_fhv_quality_check' retrieved from /opt/airflow/dags/newyork_fhv_quality_check.py
[2026-05-08T19:42:06.498+0000] {logging_mixin.py:188} INFO - [2026-05-08T19:42:06.498+0000] {dag.py:3096} INFO - Sync 1 DAGs
[2026-05-08T19:42:06.519+0000] {logging_mixin.py:188} INFO - [2026-05-08T19:42:06.518+0000] {dag.py:3954} INFO - Setting next_dagrun for newyork_fhv_quality_check to None, run_after=None
[2026-05-08T19:42:06.556+0000] {processor.py:183} INFO - Processing /opt/airflow/dags/newyork_fhv_quality_check.py took 0.180 seconds
[2026-05-08T19:42:37.296+0000] {processor.py:161} INFO - Started process (PID=916) to work on /opt/airflow/dags/newyork_fhv_quality_check.py
[2026-05-08T19:42:37.297+0000] {processor.py:830} INFO - Processing file /opt/airflow/dags/newyork_fhv_quality_check.py for tasks to queue
[2026-05-08T19:42:37.299+0000] {logging_mixin.py:188} INFO - [2026-05-08T19:42:37.299+0000] {dagbag.py:545} INFO - Filling up the DagBag from /opt/airflow/dags/newyork_fhv_quality_check.py
[2026-05-08T19:42:37.329+0000] {processor.py:840} INFO - DAG(s) 'newyork_fhv_quality_check' retrieved from /opt/airflow/dags/newyork_fhv_quality_check.py
[2026-05-08T19:42:37.359+0000] {logging_mixin.py:188} INFO - [2026-05-08T19:42:37.359+0000] {dag.py:3096} INFO - Sync 1 DAGs
[2026-05-08T19:42:37.372+0000] {logging_mixin.py:188} INFO - [2026-05-08T19:42:37.371+0000] {dag.py:3954} INFO - Setting next_dagrun for newyork_fhv_quality_check to None, run_after=None
[2026-05-08T19:42:37.391+0000] {processor.py:183} INFO - Processing /opt/airflow/dags/newyork_fhv_quality_check.py took 0.103 seconds
[2026-05-08T19:43:08.080+0000] {processor.py:161} INFO - Started process (PID=927) to work on /opt/airflow/dags/newyork_fhv_quality_check.py
[2026-05-08T19:43:08.081+0000] {processor.py:830} INFO - Processing file /opt/airflow/dags/newyork_fhv_quality_check.py for tasks to queue
[2026-05-08T19:43:08.084+0000] {logging_mixin.py:188} INFO - [2026-05-08T19:43:08.083+0000] {dagbag.py:545} INFO - Filling up the DagBag from /opt/airflow/dags/newyork_fhv_quality_check.py
[2026-05-08T19:43:08.119+0000] {processor.py:840} INFO - DAG(s) 'newyork_fhv_quality_check' retrieved from /opt/airflow/dags/newyork_fhv_quality_check.py
[2026-05-08T19:43:08.157+0000] {logging_mixin.py:188} INFO - [2026-05-08T19:43:08.157+0000] {dag.py:3096} INFO - Sync 1 DAGs
[2026-05-08T19:43:08.176+0000] {logging_mixin.py:188} INFO - [2026-05-08T19:43:08.175+0000] {dag.py:3954} INFO - Setting next_dagrun for newyork_fhv_quality_check to None, run_after=None
[2026-05-08T19:43:08.199+0000] {processor.py:183} INFO - Processing /opt/airflow/dags/newyork_fhv_quality_check.py took 0.126 seconds
[2026-05-08T19:43:39.089+0000] {processor.py:161} INFO - Started process (PID=938) to work on /opt/airflow/dags/newyork_fhv_quality_check.py
[2026-05-08T19:43:39.090+0000] {processor.py:830} INFO - Processing file /opt/airflow/dags/newyork_fhv_quality_check.py for tasks to queue
[2026-05-08T19:43:39.093+0000] {logging_mixin.py:188} INFO - [2026-05-08T19:43:39.093+0000] {dagbag.py:545} INFO - Filling up the DagBag from /opt/airflow/dags/newyork_fhv_quality_check.py
[2026-05-08T19:43:39.117+0000] {processor.py:840} INFO - DAG(s) 'newyork_fhv_quality_check' retrieved from /opt/airflow/dags/newyork_fhv_quality_check.py
[2026-05-08T19:43:39.139+0000] {logging_mixin.py:188} INFO - [2026-05-08T19:43:39.139+0000] {dag.py:3096} INFO - Sync 1 DAGs
[2026-05-08T19:43:39.153+0000] {logging_mixin.py:188} INFO - [2026-05-08T19:43:39.153+0000] {dag.py:3954} INFO - Setting next_dagrun for newyork_fhv_quality_check to None, run_after=None
[2026-05-08T19:43:39.173+0000] {processor.py:183} INFO - Processing /opt/airflow/dags/newyork_fhv_quality_check.py took 0.091 seconds
[2026-05-08T19:44:10.108+0000] {processor.py:161} INFO - Started process (PID=949) to work on /opt/airflow/dags/newyork_fhv_quality_check.py
[2026-05-08T19:44:10.110+0000] {processor.py:830} INFO - Processing file /opt/airflow/dags/newyork_fhv_quality_check.py for tasks to queue
[2026-05-08T19:44:10.114+0000] {logging_mixin.py:188} INFO - [2026-05-08T19:44:10.114+0000] {dagbag.py:545} INFO - Filling up the DagBag from /opt/airflow/dags/newyork_fhv_quality_check.py
[2026-05-08T19:44:10.151+0000] {processor.py:840} INFO - DAG(s) 'newyork_fhv_quality_check' retrieved from /opt/airflow/dags/newyork_fhv_quality_check.py
[2026-05-08T19:44:10.194+0000] {logging_mixin.py:188} INFO - [2026-05-08T19:44:10.194+0000] {dag.py:3096} INFO - Sync 1 DAGs
[2026-05-08T19:44:10.212+0000] {logging_mixin.py:188} INFO - [2026-05-08T19:44:10.212+0000] {dag.py:3954} INFO - Setting next_dagrun for newyork_fhv_quality_check to None, run_after=None
[2026-05-08T19:44:10.246+0000] {processor.py:183} INFO - Processing /opt/airflow/dags/newyork_fhv_quality_check.py took 0.149 seconds
[2026-05-08T19:44:41.144+0000] {processor.py:161} INFO - Started process (PID=960) to work on /opt/airflow/dags/newyork_fhv_quality_check.py
[2026-05-08T19:44:41.146+0000] {processor.py:830} INFO - Processing file /opt/airflow/dags/newyork_fhv_quality_check.py for tasks to queue
[2026-05-08T19:44:41.149+0000] {logging_mixin.py:188} INFO - [2026-05-08T19:44:41.148+0000] {dagbag.py:545} INFO - Filling up the DagBag from /opt/airflow/dags/newyork_fhv_quality_check.py
[2026-05-08T19:44:41.183+0000] {processor.py:840} INFO - DAG(s) 'newyork_fhv_quality_check' retrieved from /opt/airflow/dags/newyork_fhv_quality_check.py
[2026-05-08T19:44:41.215+0000] {logging_mixin.py:188} INFO - [2026-05-08T19:44:41.215+0000] {dag.py:3096} INFO - Sync 1 DAGs
[2026-05-08T19:44:41.233+0000] {logging_mixin.py:188} INFO - [2026-05-08T19:44:41.232+0000] {dag.py:3954} INFO - Setting next_dagrun for newyork_fhv_quality_check to None, run_after=None
[2026-05-08T19:44:41.261+0000] {processor.py:183} INFO - Processing /opt/airflow/dags/newyork_fhv_quality_check.py took 0.123 seconds
[2026-05-08T19:45:12.110+0000] {processor.py:161} INFO - Started process (PID=972) to work on /opt/airflow/dags/newyork_fhv_quality_check.py
[2026-05-08T19:45:12.111+0000] {processor.py:830} INFO - Processing file /opt/airflow/dags/newyork_fhv_quality_check.py for tasks to queue
[2026-05-08T19:45:12.114+0000] {logging_mixin.py:188} INFO - [2026-05-08T19:45:12.113+0000] {dagbag.py:545} INFO - Filling up the DagBag from /opt/airflow/dags/newyork_fhv_quality_check.py
[2026-05-08T19:45:12.130+0000] {processor.py:840} INFO - DAG(s) 'newyork_fhv_quality_check' retrieved from /opt/airflow/dags/newyork_fhv_quality_check.py
[2026-05-08T19:45:12.158+0000] {logging_mixin.py:188} INFO - [2026-05-08T19:45:12.158+0000] {dag.py:3096} INFO - Sync 1 DAGs
[2026-05-08T19:45:12.172+0000] {logging_mixin.py:188} INFO - [2026-05-08T19:45:12.172+0000] {dag.py:3954} INFO - Setting next_dagrun for newyork_fhv_quality_check to None, run_after=None
[2026-05-08T19:45:12.192+0000] {processor.py:183} INFO - Processing /opt/airflow/dags/newyork_fhv_quality_check.py took 0.089 seconds
[2026-05-08T19:45:43.088+0000] {processor.py:161} INFO - Started process (PID=983) to work on /opt/airflow/dags/newyork_fhv_quality_check.py
[2026-05-08T19:45:43.089+0000] {processor.py:830} INFO - Processing file /opt/airflow/dags/newyork_fhv_quality_check.py for tasks to queue
[2026-05-08T19:45:43.092+0000] {logging_mixin.py:188} INFO - [2026-05-08T19:45:43.092+0000] {dagbag.py:545} INFO - Filling up the DagBag from /opt/airflow/dags/newyork_fhv_quality_check.py
[2026-05-08T19:45:43.124+0000] {processor.py:840} INFO - DAG(s) 'newyork_fhv_quality_check' retrieved from /opt/airflow/dags/newyork_fhv_quality_check.py
[2026-05-08T19:45:43.152+0000] {logging_mixin.py:188} INFO - [2026-05-08T19:45:43.151+0000] {dag.py:3096} INFO - Sync 1 DAGs
[2026-05-08T19:45:43.164+0000] {logging_mixin.py:188} INFO - [2026-05-08T19:45:43.164+0000] {dag.py:3954} INFO - Setting next_dagrun for newyork_fhv_quality_check to None, run_after=None
[2026-05-08T19:45:43.196+0000] {processor.py:183} INFO - Processing /opt/airflow/dags/newyork_fhv_quality_check.py took 0.115 seconds
[2026-05-08T19:46:13.344+0000] {processor.py:161} INFO - Started process (PID=994) to work on /opt/airflow/dags/newyork_fhv_quality_check.py
[2026-05-08T19:46:13.345+0000] {processor.py:830} INFO - Processing file /opt/airflow/dags/newyork_fhv_quality_check.py for tasks to queue
[2026-05-08T19:46:13.349+0000] {logging_mixin.py:188} INFO - [2026-05-08T19:46:13.348+0000] {dagbag.py:545} INFO - Filling up the DagBag from /opt/airflow/dags/newyork_fhv_quality_check.py
[2026-05-08T19:46:13.389+0000] {processor.py:840} INFO - DAG(s) 'newyork_fhv_quality_check' retrieved from /opt/airflow/dags/newyork_fhv_quality_check.py
[2026-05-08T19:46:13.426+0000] {logging_mixin.py:188} INFO - [2026-05-08T19:46:13.425+0000] {dag.py:3096} INFO - Sync 1 DAGs
[2026-05-08T19:46:13.443+0000] {logging_mixin.py:188} INFO - [2026-05-08T19:46:13.442+0000] {dag.py:3954} INFO - Setting next_dagrun for newyork_fhv_quality_check to None, run_after=None
[2026-05-08T19:46:13.469+0000] {processor.py:183} INFO - Processing /opt/airflow/dags/newyork_fhv_quality_check.py took 0.136 seconds
[2026-05-08T19:46:44.315+0000] {processor.py:161} INFO - Started process (PID=1005) to work on /opt/airflow/dags/newyork_fhv_quality_check.py
[2026-05-08T19:46:44.317+0000] {processor.py:830} INFO - Processing file /opt/airflow/dags/newyork_fhv_quality_check.py for tasks to queue
[2026-05-08T19:46:44.322+0000] {logging_mixin.py:188} INFO - [2026-05-08T19:46:44.321+0000] {dagbag.py:545} INFO - Filling up the DagBag from /opt/airflow/dags/newyork_fhv_quality_check.py
[2026-05-08T19:46:44.358+0000] {processor.py:840} INFO - DAG(s) 'newyork_fhv_quality_check' retrieved from /opt/airflow/dags/newyork_fhv_quality_check.py
[2026-05-08T19:46:44.381+0000] {logging_mixin.py:188} INFO - [2026-05-08T19:46:44.380+0000] {dag.py:3096} INFO - Sync 1 DAGs
[2026-05-08T19:46:44.393+0000] {logging_mixin.py:188} INFO - [2026-05-08T19:46:44.393+0000] {dag.py:3954} INFO - Setting next_dagrun for newyork_fhv_quality_check to None, run_after=None
[2026-05-08T19:46:44.416+0000] {processor.py:183} INFO - Processing /opt/airflow/dags/newyork_fhv_quality_check.py took 0.114 seconds
[2026-05-08T19:47:15.154+0000] {processor.py:161} INFO - Started process (PID=1016) to work on /opt/airflow/dags/newyork_fhv_quality_check.py
[2026-05-08T19:47:15.155+0000] {processor.py:830} INFO - Processing file /opt/airflow/dags/newyork_fhv_quality_check.py for tasks to queue
[2026-05-08T19:47:15.157+0000] {logging_mixin.py:188} INFO - [2026-05-08T19:47:15.157+0000] {dagbag.py:545} INFO - Filling up the DagBag from /opt/airflow/dags/newyork_fhv_quality_check.py
[2026-05-08T19:47:15.196+0000] {processor.py:840} INFO - DAG(s) 'newyork_fhv_quality_check' retrieved from /opt/airflow/dags/newyork_fhv_quality_check.py
[2026-05-08T19:47:15.223+0000] {logging_mixin.py:188} INFO - [2026-05-08T19:47:15.223+0000] {dag.py:3096} INFO - Sync 1 DAGs
[2026-05-08T19:47:15.237+0000] {logging_mixin.py:188} INFO - [2026-05-08T19:47:15.236+0000] {dag.py:3954} INFO - Setting next_dagrun for newyork_fhv_quality_check to None, run_after=None
[2026-05-08T19:47:15.259+0000] {processor.py:183} INFO - Processing /opt/airflow/dags/newyork_fhv_quality_check.py took 0.113 seconds
[2026-05-08T19:47:46.107+0000] {processor.py:161} INFO - Started process (PID=1027) to work on /opt/airflow/dags/newyork_fhv_quality_check.py
[2026-05-08T19:47:46.109+0000] {processor.py:830} INFO - Processing file /opt/airflow/dags/newyork_fhv_quality_check.py for tasks to queue
[2026-05-08T19:47:46.113+0000] {logging_mixin.py:188} INFO - [2026-05-08T19:47:46.112+0000] {dagbag.py:545} INFO - Filling up the DagBag from /opt/airflow/dags/newyork_fhv_quality_check.py
[2026-05-08T19:47:46.148+0000] {processor.py:840} INFO - DAG(s) 'newyork_fhv_quality_check' retrieved from /opt/airflow/dags/newyork_fhv_quality_check.py
[2026-05-08T19:47:46.179+0000] {logging_mixin.py:188} INFO - [2026-05-08T19:47:46.179+0000] {dag.py:3096} INFO - Sync 1 DAGs
[2026-05-08T19:47:46.194+0000] {logging_mixin.py:188} INFO - [2026-05-08T19:47:46.194+0000] {dag.py:3954} INFO - Setting next_dagrun for newyork_fhv_quality_check to None, run_after=None
[2026-05-08T19:47:46.224+0000] {processor.py:183} INFO - Processing /opt/airflow/dags/newyork_fhv_quality_check.py took 0.125 seconds
[2026-05-08T19:48:17.413+0000] {processor.py:161} INFO - Started process (PID=1038) to work on /opt/airflow/dags/newyork_fhv_quality_check.py
[2026-05-08T19:48:17.415+0000] {processor.py:830} INFO - Processing file /opt/airflow/dags/newyork_fhv_quality_check.py for tasks to queue
[2026-05-08T19:48:17.418+0000] {logging_mixin.py:188} INFO - [2026-05-08T19:48:17.418+0000] {dagbag.py:545} INFO - Filling up the DagBag from /opt/airflow/dags/newyork_fhv_quality_check.py
[2026-05-08T19:48:17.462+0000] {processor.py:840} INFO - DAG(s) 'newyork_fhv_quality_check' retrieved from /opt/airflow/dags/newyork_fhv_quality_check.py
[2026-05-08T19:48:17.493+0000] {logging_mixin.py:188} INFO - [2026-05-08T19:48:17.492+0000] {dag.py:3096} INFO - Sync 1 DAGs
[2026-05-08T19:48:17.512+0000] {logging_mixin.py:188} INFO - [2026-05-08T19:48:17.511+0000] {dag.py:3954} INFO - Setting next_dagrun for newyork_fhv_quality_check to None, run_after=None
[2026-05-08T19:48:17.537+0000] {processor.py:183} INFO - Processing /opt/airflow/dags/newyork_fhv_quality_check.py took 0.134 seconds
[2026-05-08T19:48:48.577+0000] {processor.py:161} INFO - Started process (PID=1049) to work on /opt/airflow/dags/newyork_fhv_quality_check.py
[2026-05-08T19:48:48.579+0000] {processor.py:830} INFO - Processing file /opt/airflow/dags/newyork_fhv_quality_check.py for tasks to queue
[2026-05-08T19:48:48.584+0000] {logging_mixin.py:188} INFO - [2026-05-08T19:48:48.584+0000] {dagbag.py:545} INFO - Filling up the DagBag from /opt/airflow/dags/newyork_fhv_quality_check.py
[2026-05-08T19:48:48.642+0000] {processor.py:840} INFO - DAG(s) 'newyork_fhv_quality_check' retrieved from /opt/airflow/dags/newyork_fhv_quality_check.py
[2026-05-08T19:48:48.670+0000] {logging_mixin.py:188} INFO - [2026-05-08T19:48:48.669+0000] {dag.py:3096} INFO - Sync 1 DAGs
[2026-05-08T19:48:48.686+0000] {logging_mixin.py:188} INFO - [2026-05-08T19:48:48.686+0000] {dag.py:3954} INFO - Setting next_dagrun for newyork_fhv_quality_check to None, run_after=None
[2026-05-08T19:48:48.717+0000] {processor.py:183} INFO - Processing /opt/airflow/dags/newyork_fhv_quality_check.py took 0.153 seconds
[2026-05-08T19:49:18.812+0000] {processor.py:161} INFO - Started process (PID=1061) to work on /opt/airflow/dags/newyork_fhv_quality_check.py
[2026-05-08T19:49:18.813+0000] {processor.py:830} INFO - Processing file /opt/airflow/dags/newyork_fhv_quality_check.py for tasks to queue
[2026-05-08T19:49:18.815+0000] {logging_mixin.py:188} INFO - [2026-05-08T19:49:18.815+0000] {dagbag.py:545} INFO - Filling up the DagBag from /opt/airflow/dags/newyork_fhv_quality_check.py
[2026-05-08T19:49:18.850+0000] {processor.py:840} INFO - DAG(s) 'newyork_fhv_quality_check' retrieved from /opt/airflow/dags/newyork_fhv_quality_check.py
[2026-05-08T19:49:18.876+0000] {logging_mixin.py:188} INFO - [2026-05-08T19:49:18.876+0000] {dag.py:3096} INFO - Sync 1 DAGs
[2026-05-08T19:49:18.897+0000] {logging_mixin.py:188} INFO - [2026-05-08T19:49:18.896+0000] {dag.py:3954} INFO - Setting next_dagrun for newyork_fhv_quality_check to None, run_after=None
[2026-05-08T19:49:18.933+0000] {processor.py:183} INFO - Processing /opt/airflow/dags/newyork_fhv_quality_check.py took 0.130 seconds
[2026-05-08T19:49:49.856+0000] {processor.py:161} INFO - Started process (PID=1072) to work on /opt/airflow/dags/newyork_fhv_quality_check.py
[2026-05-08T19:49:49.857+0000] {processor.py:830} INFO - Processing file /opt/airflow/dags/newyork_fhv_quality_check.py for tasks to queue
[2026-05-08T19:49:49.861+0000] {logging_mixin.py:188} INFO - [2026-05-08T19:49:49.860+0000] {dagbag.py:545} INFO - Filling up the DagBag from /opt/airflow/dags/newyork_fhv_quality_check.py
[2026-05-08T19:49:49.897+0000] {processor.py:840} INFO - DAG(s) 'newyork_fhv_quality_check' retrieved from /opt/airflow/dags/newyork_fhv_quality_check.py
[2026-05-08T19:49:49.921+0000] {logging_mixin.py:188} INFO - [2026-05-08T19:49:49.921+0000] {dag.py:3096} INFO - Sync 1 DAGs
[2026-05-08T19:49:49.936+0000] {logging_mixin.py:188} INFO - [2026-05-08T19:49:49.935+0000] {dag.py:3954} INFO - Setting next_dagrun for newyork_fhv_quality_check to None, run_after=None
[2026-05-08T19:49:49.964+0000] {processor.py:183} INFO - Processing /opt/airflow/dags/newyork_fhv_quality_check.py took 0.115 seconds
[2026-05-08T19:50:20.244+0000] {processor.py:161} INFO - Started process (PID=1084) to work on /opt/airflow/dags/newyork_fhv_quality_check.py
[2026-05-08T19:50:20.246+0000] {processor.py:830} INFO - Processing file /opt/airflow/dags/newyork_fhv_quality_check.py for tasks to queue
[2026-05-08T19:50:20.248+0000] {logging_mixin.py:188} INFO - [2026-05-08T19:50:20.247+0000] {dagbag.py:545} INFO - Filling up the DagBag from /opt/airflow/dags/newyork_fhv_quality_check.py
[2026-05-08T19:50:20.272+0000] {processor.py:840} INFO - DAG(s) 'newyork_fhv_quality_check' retrieved from /opt/airflow/dags/newyork_fhv_quality_check.py
[2026-05-08T19:50:20.293+0000] {logging_mixin.py:188} INFO - [2026-05-08T19:50:20.293+0000] {dag.py:3096} INFO - Sync 1 DAGs
[2026-05-08T19:50:20.307+0000] {logging_mixin.py:188} INFO - [2026-05-08T19:50:20.307+0000] {dag.py:3954} INFO - Setting next_dagrun for newyork_fhv_quality_check to None, run_after=None
[2026-05-08T19:50:20.333+0000] {processor.py:183} INFO - Processing /opt/airflow/dags/newyork_fhv_quality_check.py took 0.095 seconds
[2026-05-08T19:50:51.071+0000] {processor.py:161} INFO - Started process (PID=1095) to work on /opt/airflow/dags/newyork_fhv_quality_check.py
[2026-05-08T19:50:51.073+0000] {processor.py:830} INFO - Processing file /opt/airflow/dags/newyork_fhv_quality_check.py for tasks to queue
[2026-05-08T19:50:51.075+0000] {logging_mixin.py:188} INFO - [2026-05-08T19:50:51.074+0000] {dagbag.py:545} INFO - Filling up the DagBag from /opt/airflow/dags/newyork_fhv_quality_check.py
[2026-05-08T19:50:51.105+0000] {processor.py:840} INFO - DAG(s) 'newyork_fhv_quality_check' retrieved from /opt/airflow/dags/newyork_fhv_quality_check.py
[2026-05-08T19:50:51.136+0000] {logging_mixin.py:188} INFO - [2026-05-08T19:50:51.136+0000] {dag.py:3096} INFO - Sync 1 DAGs
[2026-05-08T19:50:51.157+0000] {logging_mixin.py:188} INFO - [2026-05-08T19:50:51.157+0000] {dag.py:3954} INFO - Setting next_dagrun for newyork_fhv_quality_check to None, run_after=None
[2026-05-08T19:50:51.204+0000] {processor.py:183} INFO - Processing /opt/airflow/dags/newyork_fhv_quality_check.py took 0.139 seconds
[2026-05-08T19:51:22.023+0000] {processor.py:161} INFO - Started process (PID=1106) to work on /opt/airflow/dags/newyork_fhv_quality_check.py
[2026-05-08T19:51:22.026+0000] {processor.py:830} INFO - Processing file /opt/airflow/dags/newyork_fhv_quality_check.py for tasks to queue
[2026-05-08T19:51:22.031+0000] {logging_mixin.py:188} INFO - [2026-05-08T19:51:22.030+0000] {dagbag.py:545} INFO - Filling up the DagBag from /opt/airflow/dags/newyork_fhv_quality_check.py
[2026-05-08T19:51:22.070+0000] {processor.py:840} INFO - DAG(s) 'newyork_fhv_quality_check' retrieved from /opt/airflow/dags/newyork_fhv_quality_check.py
[2026-05-08T19:51:22.100+0000] {logging_mixin.py:188} INFO - [2026-05-08T19:51:22.100+0000] {dag.py:3096} INFO - Sync 1 DAGs
[2026-05-08T19:51:22.119+0000] {logging_mixin.py:188} INFO - [2026-05-08T19:51:22.119+0000] {dag.py:3954} INFO - Setting next_dagrun for newyork_fhv_quality_check to None, run_after=None
[2026-05-08T19:51:22.150+0000] {processor.py:183} INFO - Processing /opt/airflow/dags/newyork_fhv_quality_check.py took 0.141 seconds
[2026-05-08T19:51:52.888+0000] {processor.py:161} INFO - Started process (PID=1117) to work on /opt/airflow/dags/newyork_fhv_quality_check.py
[2026-05-08T19:51:52.890+0000] {processor.py:830} INFO - Processing file /opt/airflow/dags/newyork_fhv_quality_check.py for tasks to queue
[2026-05-08T19:51:52.892+0000] {logging_mixin.py:188} INFO - [2026-05-08T19:51:52.892+0000] {dagbag.py:545} INFO - Filling up the DagBag from /opt/airflow/dags/newyork_fhv_quality_check.py
[2026-05-08T19:51:52.919+0000] {processor.py:840} INFO - DAG(s) 'newyork_fhv_quality_check' retrieved from /opt/airflow/dags/newyork_fhv_quality_check.py
[2026-05-08T19:51:52.943+0000] {logging_mixin.py:188} INFO - [2026-05-08T19:51:52.943+0000] {dag.py:3096} INFO - Sync 1 DAGs
[2026-05-08T19:51:52.956+0000] {logging_mixin.py:188} INFO - [2026-05-08T19:51:52.956+0000] {dag.py:3954} INFO - Setting next_dagrun for newyork_fhv_quality_check to None, run_after=None
[2026-05-08T19:51:52.982+0000] {processor.py:183} INFO - Processing /opt/airflow/dags/newyork_fhv_quality_check.py took 0.100 seconds
[2026-05-08T19:52:23.695+0000] {processor.py:161} INFO - Started process (PID=1128) to work on /opt/airflow/dags/newyork_fhv_quality_check.py
[2026-05-08T19:52:23.696+0000] {processor.py:830} INFO - Processing file /opt/airflow/dags/newyork_fhv_quality_check.py for tasks to queue
[2026-05-08T19:52:23.699+0000] {logging_mixin.py:188} INFO - [2026-05-08T19:52:23.699+0000] {dagbag.py:545} INFO - Filling up the DagBag from /opt/airflow/dags/newyork_fhv_quality_check.py
[2026-05-08T19:52:23.732+0000] {processor.py:840} INFO - DAG(s) 'newyork_fhv_quality_check' retrieved from /opt/airflow/dags/newyork_fhv_quality_check.py
[2026-05-08T19:52:23.758+0000] {logging_mixin.py:188} INFO - [2026-05-08T19:52:23.758+0000] {dag.py:3096} INFO - Sync 1 DAGs
[2026-05-08T19:52:23.771+0000] {logging_mixin.py:188} INFO - [2026-05-08T19:52:23.771+0000] {dag.py:3954} INFO - Setting next_dagrun for newyork_fhv_quality_check to None, run_after=None
[2026-05-08T19:52:23.797+0000] {processor.py:183} INFO - Processing /opt/airflow/dags/newyork_fhv_quality_check.py took 0.111 seconds
[2026-05-08T19:52:54.469+0000] {processor.py:161} INFO - Started process (PID=1139) to work on /opt/airflow/dags/newyork_fhv_quality_check.py
[2026-05-08T19:52:54.471+0000] {processor.py:830} INFO - Processing file /opt/airflow/dags/newyork_fhv_quality_check.py for tasks to queue
[2026-05-08T19:52:54.473+0000] {logging_mixin.py:188} INFO - [2026-05-08T19:52:54.472+0000] {dagbag.py:545} INFO - Filling up the DagBag from /opt/airflow/dags/newyork_fhv_quality_check.py
[2026-05-08T19:52:54.493+0000] {processor.py:840} INFO - DAG(s) 'newyork_fhv_quality_check' retrieved from /opt/airflow/dags/newyork_fhv_quality_check.py
[2026-05-08T19:52:54.517+0000] {logging_mixin.py:188} INFO - [2026-05-08T19:52:54.517+0000] {dag.py:3096} INFO - Sync 1 DAGs
[2026-05-08T19:52:54.530+0000] {logging_mixin.py:188} INFO - [2026-05-08T19:52:54.529+0000] {dag.py:3954} INFO - Setting next_dagrun for newyork_fhv_quality_check to None, run_after=None
[2026-05-08T19:52:54.553+0000] {processor.py:183} INFO - Processing /opt/airflow/dags/newyork_fhv_quality_check.py took 0.092 seconds
[2026-05-08T19:53:25.274+0000] {processor.py:161} INFO - Started process (PID=1150) to work on /opt/airflow/dags/newyork_fhv_quality_check.py
[2026-05-08T19:53:25.275+0000] {processor.py:830} INFO - Processing file /opt/airflow/dags/newyork_fhv_quality_check.py for tasks to queue
[2026-05-08T19:53:25.277+0000] {logging_mixin.py:188} INFO - [2026-05-08T19:53:25.277+0000] {dagbag.py:545} INFO - Filling up the DagBag from /opt/airflow/dags/newyork_fhv_quality_check.py
[2026-05-08T19:53:25.300+0000] {processor.py:840} INFO - DAG(s) 'newyork_fhv_quality_check' retrieved from /opt/airflow/dags/newyork_fhv_quality_check.py
[2026-05-08T19:53:25.323+0000] {logging_mixin.py:188} INFO - [2026-05-08T19:53:25.323+0000] {dag.py:3096} INFO - Sync 1 DAGs
[2026-05-08T19:53:25.336+0000] {logging_mixin.py:188} INFO - [2026-05-08T19:53:25.336+0000] {dag.py:3954} INFO - Setting next_dagrun for newyork_fhv_quality_check to None, run_after=None
[2026-05-08T19:53:25.358+0000] {processor.py:183} INFO - Processing /opt/airflow/dags/newyork_fhv_quality_check.py took 0.090 seconds
[2026-05-08T19:53:56.094+0000] {processor.py:161} INFO - Started process (PID=1161) to work on /opt/airflow/dags/newyork_fhv_quality_check.py
[2026-05-08T19:53:56.096+0000] {processor.py:830} INFO - Processing file /opt/airflow/dags/newyork_fhv_quality_check.py for tasks to queue
[2026-05-08T19:53:56.098+0000] {logging_mixin.py:188} INFO - [2026-05-08T19:53:56.098+0000] {dagbag.py:545} INFO - Filling up the DagBag from /opt/airflow/dags/newyork_fhv_quality_check.py
[2026-05-08T19:53:56.141+0000] {processor.py:840} INFO - DAG(s) 'newyork_fhv_quality_check' retrieved from /opt/airflow/dags/newyork_fhv_quality_check.py
[2026-05-08T19:53:56.166+0000] {logging_mixin.py:188} INFO - [2026-05-08T19:53:56.165+0000] {dag.py:3096} INFO - Sync 1 DAGs
[2026-05-08T19:53:56.183+0000] {logging_mixin.py:188} INFO - [2026-05-08T19:53:56.182+0000] {dag.py:3954} INFO - Setting next_dagrun for newyork_fhv_quality_check to None, run_after=None
[2026-05-08T19:53:56.209+0000] {processor.py:183} INFO - Processing /opt/airflow/dags/newyork_fhv_quality_check.py took 0.125 seconds
[2026-05-08T19:54:26.963+0000] {processor.py:161} INFO - Started process (PID=1172) to work on /opt/airflow/dags/newyork_fhv_quality_check.py
[2026-05-08T19:54:26.964+0000] {processor.py:830} INFO - Processing file /opt/airflow/dags/newyork_fhv_quality_check.py for tasks to queue
[2026-05-08T19:54:26.966+0000] {logging_mixin.py:188} INFO - [2026-05-08T19:54:26.966+0000] {dagbag.py:545} INFO - Filling up the DagBag from /opt/airflow/dags/newyork_fhv_quality_check.py
[2026-05-08T19:54:26.992+0000] {processor.py:840} INFO - DAG(s) 'newyork_fhv_quality_check' retrieved from /opt/airflow/dags/newyork_fhv_quality_check.py
[2026-05-08T19:54:27.025+0000] {logging_mixin.py:188} INFO - [2026-05-08T19:54:27.025+0000] {dag.py:3096} INFO - Sync 1 DAGs
[2026-05-08T19:54:27.053+0000] {logging_mixin.py:188} INFO - [2026-05-08T19:54:27.052+0000] {dag.py:3954} INFO - Setting next_dagrun for newyork_fhv_quality_check to None, run_after=None
[2026-05-08T19:54:27.082+0000] {processor.py:183} INFO - Processing /opt/airflow/dags/newyork_fhv_quality_check.py took 0.125 seconds
[2026-05-08T19:54:57.937+0000] {processor.py:161} INFO - Started process (PID=1183) to work on /opt/airflow/dags/newyork_fhv_quality_check.py
[2026-05-08T19:54:57.939+0000] {processor.py:830} INFO - Processing file /opt/airflow/dags/newyork_fhv_quality_check.py for tasks to queue
[2026-05-08T19:54:57.942+0000] {logging_mixin.py:188} INFO - [2026-05-08T19:54:57.941+0000] {dagbag.py:545} INFO - Filling up the DagBag from /opt/airflow/dags/newyork_fhv_quality_check.py
[2026-05-08T19:54:57.978+0000] {processor.py:840} INFO - DAG(s) 'newyork_fhv_quality_check' retrieved from /opt/airflow/dags/newyork_fhv_quality_check.py
[2026-05-08T19:54:58.006+0000] {logging_mixin.py:188} INFO - [2026-05-08T19:54:58.006+0000] {dag.py:3096} INFO - Sync 1 DAGs
[2026-05-08T19:54:58.019+0000] {logging_mixin.py:188} INFO - [2026-05-08T19:54:58.019+0000] {dag.py:3954} INFO - Setting next_dagrun for newyork_fhv_quality_check to None, run_after=None
[2026-05-08T19:54:58.349+0000] {processor.py:183} INFO - Processing /opt/airflow/dags/newyork_fhv_quality_check.py took 0.425 seconds
[2026-05-08T19:55:28.496+0000] {processor.py:161} INFO - Started process (PID=1194) to work on /opt/airflow/dags/newyork_fhv_quality_check.py
[2026-05-08T19:55:28.498+0000] {processor.py:830} INFO - Processing file /opt/airflow/dags/newyork_fhv_quality_check.py for tasks to queue
[2026-05-08T19:55:28.501+0000] {logging_mixin.py:188} INFO - [2026-05-08T19:55:28.500+0000] {dagbag.py:545} INFO - Filling up the DagBag from /opt/airflow/dags/newyork_fhv_quality_check.py
[2026-05-08T19:55:28.544+0000] {processor.py:840} INFO - DAG(s) 'newyork_fhv_quality_check' retrieved from /opt/airflow/dags/newyork_fhv_quality_check.py
[2026-05-08T19:55:28.577+0000] {logging_mixin.py:188} INFO - [2026-05-08T19:55:28.577+0000] {dag.py:3096} INFO - Sync 1 DAGs
[2026-05-08T19:55:28.598+0000] {logging_mixin.py:188} INFO - [2026-05-08T19:55:28.597+0000] {dag.py:3954} INFO - Setting next_dagrun for newyork_fhv_quality_check to None, run_after=None
[2026-05-08T19:55:28.626+0000] {processor.py:183} INFO - Processing /opt/airflow/dags/newyork_fhv_quality_check.py took 0.138 seconds
[2026-05-08T19:55:59.471+0000] {processor.py:161} INFO - Started process (PID=1205) to work on /opt/airflow/dags/newyork_fhv_quality_check.py
[2026-05-08T19:55:59.472+0000] {processor.py:830} INFO - Processing file /opt/airflow/dags/newyork_fhv_quality_check.py for tasks to queue
[2026-05-08T19:55:59.475+0000] {logging_mixin.py:188} INFO - [2026-05-08T19:55:59.474+0000] {dagbag.py:545} INFO - Filling up the DagBag from /opt/airflow/dags/newyork_fhv_quality_check.py
[2026-05-08T19:55:59.527+0000] {processor.py:840} INFO - DAG(s) 'newyork_fhv_quality_check' retrieved from /opt/airflow/dags/newyork_fhv_quality_check.py
[2026-05-08T19:55:59.576+0000] {logging_mixin.py:188} INFO - [2026-05-08T19:55:59.576+0000] {dag.py:3096} INFO - Sync 1 DAGs
[2026-05-08T19:55:59.593+0000] {logging_mixin.py:188} INFO - [2026-05-08T19:55:59.593+0000] {dag.py:3954} INFO - Setting next_dagrun for newyork_fhv_quality_check to None, run_after=None
[2026-05-08T19:55:59.622+0000] {processor.py:183} INFO - Processing /opt/airflow/dags/newyork_fhv_quality_check.py took 0.160 seconds
[2026-05-08T19:56:30.589+0000] {processor.py:161} INFO - Started process (PID=1216) to work on /opt/airflow/dags/newyork_fhv_quality_check.py
[2026-05-08T19:56:30.591+0000] {processor.py:830} INFO - Processing file /opt/airflow/dags/newyork_fhv_quality_check.py for tasks to queue
[2026-05-08T19:56:30.593+0000] {logging_mixin.py:188} INFO - [2026-05-08T19:56:30.593+0000] {dagbag.py:545} INFO - Filling up the DagBag from /opt/airflow/dags/newyork_fhv_quality_check.py
[2026-05-08T19:56:30.631+0000] {processor.py:840} INFO - DAG(s) 'newyork_fhv_quality_check' retrieved from /opt/airflow/dags/newyork_fhv_quality_check.py
[2026-05-08T19:56:30.661+0000] {logging_mixin.py:188} INFO - [2026-05-08T19:56:30.660+0000] {dag.py:3096} INFO - Sync 1 DAGs
[2026-05-08T19:56:30.676+0000] {logging_mixin.py:188} INFO - [2026-05-08T19:56:30.676+0000] {dag.py:3954} INFO - Setting next_dagrun for newyork_fhv_quality_check to None, run_after=None
[2026-05-08T19:56:30.714+0000] {processor.py:183} INFO - Processing /opt/airflow/dags/newyork_fhv_quality_check.py took 0.134 seconds
[2026-05-08T19:57:01.506+0000] {processor.py:161} INFO - Started process (PID=1227) to work on /opt/airflow/dags/newyork_fhv_quality_check.py
[2026-05-08T19:57:01.508+0000] {processor.py:830} INFO - Processing file /opt/airflow/dags/newyork_fhv_quality_check.py for tasks to queue
[2026-05-08T19:57:01.513+0000] {logging_mixin.py:188} INFO - [2026-05-08T19:57:01.512+0000] {dagbag.py:545} INFO - Filling up the DagBag from /opt/airflow/dags/newyork_fhv_quality_check.py
[2026-05-08T19:57:01.554+0000] {processor.py:840} INFO - DAG(s) 'newyork_fhv_quality_check' retrieved from /opt/airflow/dags/newyork_fhv_quality_check.py
[2026-05-08T19:57:01.592+0000] {logging_mixin.py:188} INFO - [2026-05-08T19:57:01.591+0000] {dag.py:3096} INFO - Sync 1 DAGs
[2026-05-08T19:57:01.604+0000] {logging_mixin.py:188} INFO - [2026-05-08T19:57:01.603+0000] {dag.py:3954} INFO - Setting next_dagrun for newyork_fhv_quality_check to None, run_after=None
[2026-05-08T19:57:01.632+0000] {processor.py:183} INFO - Processing /opt/airflow/dags/newyork_fhv_quality_check.py took 0.134 seconds
[2026-05-08T19:57:32.409+0000] {processor.py:161} INFO - Started process (PID=1238) to work on /opt/airflow/dags/newyork_fhv_quality_check.py
[2026-05-08T19:57:32.411+0000] {processor.py:830} INFO - Processing file /opt/airflow/dags/newyork_fhv_quality_check.py for tasks to queue
[2026-05-08T19:57:32.416+0000] {logging_mixin.py:188} INFO - [2026-05-08T19:57:32.415+0000] {dagbag.py:545} INFO - Filling up the DagBag from /opt/airflow/dags/newyork_fhv_quality_check.py
[2026-05-08T19:57:32.463+0000] {processor.py:840} INFO - DAG(s) 'newyork_fhv_quality_check' retrieved from /opt/airflow/dags/newyork_fhv_quality_check.py
[2026-05-08T19:57:32.510+0000] {logging_mixin.py:188} INFO - [2026-05-08T19:57:32.510+0000] {dag.py:3096} INFO - Sync 1 DAGs
[2026-05-08T19:57:32.537+0000] {logging_mixin.py:188} INFO - [2026-05-08T19:57:32.536+0000] {dag.py:3954} INFO - Setting next_dagrun for newyork_fhv_quality_check to None, run_after=None
[2026-05-08T19:57:32.585+0000] {processor.py:183} INFO - Processing /opt/airflow/dags/newyork_fhv_quality_check.py took 0.186 seconds
[2026-05-08T19:58:03.329+0000] {processor.py:161} INFO - Started process (PID=1249) to work on /opt/airflow/dags/newyork_fhv_quality_check.py
[2026-05-08T19:58:03.331+0000] {processor.py:830} INFO - Processing file /opt/airflow/dags/newyork_fhv_quality_check.py for tasks to queue
[2026-05-08T19:58:03.333+0000] {logging_mixin.py:188} INFO - [2026-05-08T19:58:03.333+0000] {dagbag.py:545} INFO - Filling up the DagBag from /opt/airflow/dags/newyork_fhv_quality_check.py
[2026-05-08T19:58:03.369+0000] {processor.py:840} INFO - DAG(s) 'newyork_fhv_quality_check' retrieved from /opt/airflow/dags/newyork_fhv_quality_check.py
[2026-05-08T19:58:03.408+0000] {logging_mixin.py:188} INFO - [2026-05-08T19:58:03.407+0000] {dag.py:3096} INFO - Sync 1 DAGs
[2026-05-08T19:58:03.421+0000] {logging_mixin.py:188} INFO - [2026-05-08T19:58:03.421+0000] {dag.py:3954} INFO - Setting next_dagrun for newyork_fhv_quality_check to None, run_after=None
[2026-05-08T19:58:03.451+0000] {processor.py:183} INFO - Processing /opt/airflow/dags/newyork_fhv_quality_check.py took 0.128 seconds
[2026-05-08T19:58:34.297+0000] {processor.py:161} INFO - Started process (PID=1260) to work on /opt/airflow/dags/newyork_fhv_quality_check.py
[2026-05-08T19:58:34.299+0000] {processor.py:830} INFO - Processing file /opt/airflow/dags/newyork_fhv_quality_check.py for tasks to queue
[2026-05-08T19:58:34.301+0000] {logging_mixin.py:188} INFO - [2026-05-08T19:58:34.301+0000] {dagbag.py:545} INFO - Filling up the DagBag from /opt/airflow/dags/newyork_fhv_quality_check.py
[2026-05-08T19:58:34.325+0000] {processor.py:840} INFO - DAG(s) 'newyork_fhv_quality_check' retrieved from /opt/airflow/dags/newyork_fhv_quality_check.py
[2026-05-08T19:58:34.348+0000] {logging_mixin.py:188} INFO - [2026-05-08T19:58:34.347+0000] {dag.py:3096} INFO - Sync 1 DAGs
[2026-05-08T19:58:34.361+0000] {logging_mixin.py:188} INFO - [2026-05-08T19:58:34.361+0000] {dag.py:3954} INFO - Setting next_dagrun for newyork_fhv_quality_check to None, run_after=None
[2026-05-08T19:58:34.382+0000] {processor.py:183} INFO - Processing /opt/airflow/dags/newyork_fhv_quality_check.py took 0.091 seconds
[2026-05-08T19:59:05.276+0000] {processor.py:161} INFO - Started process (PID=1271) to work on /opt/airflow/dags/newyork_fhv_quality_check.py
[2026-05-08T19:59:05.277+0000] {processor.py:830} INFO - Processing file /opt/airflow/dags/newyork_fhv_quality_check.py for tasks to queue
[2026-05-08T19:59:05.279+0000] {logging_mixin.py:188} INFO - [2026-05-08T19:59:05.279+0000] {dagbag.py:545} INFO - Filling up the DagBag from /opt/airflow/dags/newyork_fhv_quality_check.py
[2026-05-08T19:59:05.320+0000] {processor.py:840} INFO - DAG(s) 'newyork_fhv_quality_check' retrieved from /opt/airflow/dags/newyork_fhv_quality_check.py
[2026-05-08T19:59:05.348+0000] {logging_mixin.py:188} INFO - [2026-05-08T19:59:05.347+0000] {dag.py:3096} INFO - Sync 1 DAGs
[2026-05-08T19:59:05.361+0000] {logging_mixin.py:188} INFO - [2026-05-08T19:59:05.361+0000] {dag.py:3954} INFO - Setting next_dagrun for newyork_fhv_quality_check to None, run_after=None
[2026-05-08T19:59:05.388+0000] {processor.py:183} INFO - Processing /opt/airflow/dags/newyork_fhv_quality_check.py took 0.120 seconds
[2026-05-08T19:59:36.195+0000] {processor.py:161} INFO - Started process (PID=1282) to work on /opt/airflow/dags/newyork_fhv_quality_check.py
[2026-05-08T19:59:36.198+0000] {processor.py:830} INFO - Processing file /opt/airflow/dags/newyork_fhv_quality_check.py for tasks to queue
[2026-05-08T19:59:36.204+0000] {logging_mixin.py:188} INFO - [2026-05-08T19:59:36.203+0000] {dagbag.py:545} INFO - Filling up the DagBag from /opt/airflow/dags/newyork_fhv_quality_check.py
[2026-05-08T19:59:36.253+0000] {processor.py:840} INFO - DAG(s) 'newyork_fhv_quality_check' retrieved from /opt/airflow/dags/newyork_fhv_quality_check.py
[2026-05-08T19:59:36.285+0000] {logging_mixin.py:188} INFO - [2026-05-08T19:59:36.285+0000] {dag.py:3096} INFO - Sync 1 DAGs
[2026-05-08T19:59:36.298+0000] {logging_mixin.py:188} INFO - [2026-05-08T19:59:36.298+0000] {dag.py:3954} INFO - Setting next_dagrun for newyork_fhv_quality_check to None, run_after=None
[2026-05-08T19:59:36.324+0000] {processor.py:183} INFO - Processing /opt/airflow/dags/newyork_fhv_quality_check.py took 0.153 seconds
[2026-05-08T20:00:07.041+0000] {processor.py:161} INFO - Started process (PID=1293) to work on /opt/airflow/dags/newyork_fhv_quality_check.py
[2026-05-08T20:00:07.042+0000] {processor.py:830} INFO - Processing file /opt/airflow/dags/newyork_fhv_quality_check.py for tasks to queue
[2026-05-08T20:00:07.046+0000] {logging_mixin.py:188} INFO - [2026-05-08T20:00:07.046+0000] {dagbag.py:545} INFO - Filling up the DagBag from /opt/airflow/dags/newyork_fhv_quality_check.py
[2026-05-08T20:00:07.092+0000] {processor.py:840} INFO - DAG(s) 'newyork_fhv_quality_check' retrieved from /opt/airflow/dags/newyork_fhv_quality_check.py
[2026-05-08T20:00:07.117+0000] {logging_mixin.py:188} INFO - [2026-05-08T20:00:07.117+0000] {dag.py:3096} INFO - Sync 1 DAGs
[2026-05-08T20:00:07.127+0000] {logging_mixin.py:188} INFO - [2026-05-08T20:00:07.127+0000] {dag.py:3954} INFO - Setting next_dagrun for newyork_fhv_quality_check to None, run_after=None
[2026-05-08T20:00:07.153+0000] {processor.py:183} INFO - Processing /opt/airflow/dags/newyork_fhv_quality_check.py took 0.119 seconds
[2026-05-08T20:00:38.001+0000] {processor.py:161} INFO - Started process (PID=1303) to work on /opt/airflow/dags/newyork_fhv_quality_check.py
[2026-05-08T20:00:38.003+0000] {processor.py:830} INFO - Processing file /opt/airflow/dags/newyork_fhv_quality_check.py for tasks to queue
[2026-05-08T20:00:38.006+0000] {logging_mixin.py:188} INFO - [2026-05-08T20:00:38.006+0000] {dagbag.py:545} INFO - Filling up the DagBag from /opt/airflow/dags/newyork_fhv_quality_check.py
[2026-05-08T20:00:38.030+0000] {processor.py:840} INFO - DAG(s) 'newyork_fhv_quality_check' retrieved from /opt/airflow/dags/newyork_fhv_quality_check.py
[2026-05-08T20:00:38.062+0000] {logging_mixin.py:188} INFO - [2026-05-08T20:00:38.061+0000] {dag.py:3096} INFO - Sync 1 DAGs
[2026-05-08T20:00:38.080+0000] {logging_mixin.py:188} INFO - [2026-05-08T20:00:38.079+0000] {dag.py:3954} INFO - Setting next_dagrun for newyork_fhv_quality_check to None, run_after=None
[2026-05-08T20:00:38.108+0000] {processor.py:183} INFO - Processing /opt/airflow/dags/newyork_fhv_quality_check.py took 0.115 seconds
[2026-05-08T20:01:09.207+0000] {processor.py:161} INFO - Started process (PID=1320) to work on /opt/airflow/dags/newyork_fhv_quality_check.py
[2026-05-08T20:01:09.209+0000] {processor.py:830} INFO - Processing file /opt/airflow/dags/newyork_fhv_quality_check.py for tasks to queue
[2026-05-08T20:01:09.212+0000] {logging_mixin.py:188} INFO - [2026-05-08T20:01:09.212+0000] {dagbag.py:545} INFO - Filling up the DagBag from /opt/airflow/dags/newyork_fhv_quality_check.py
[2026-05-08T20:01:09.259+0000] {processor.py:840} INFO - DAG(s) 'newyork_fhv_quality_check' retrieved from /opt/airflow/dags/newyork_fhv_quality_check.py
[2026-05-08T20:01:09.284+0000] {logging_mixin.py:188} INFO - [2026-05-08T20:01:09.284+0000] {dag.py:3096} INFO - Sync 1 DAGs
[2026-05-08T20:01:09.293+0000] {logging_mixin.py:188} INFO - [2026-05-08T20:01:09.293+0000] {dag.py:3954} INFO - Setting next_dagrun for newyork_fhv_quality_check to None, run_after=None
[2026-05-08T20:01:09.314+0000] {processor.py:183} INFO - Processing /opt/airflow/dags/newyork_fhv_quality_check.py took 0.118 seconds
[2026-05-08T20:01:40.280+0000] {processor.py:161} INFO - Started process (PID=1331) to work on /opt/airflow/dags/newyork_fhv_quality_check.py
[2026-05-08T20:01:40.281+0000] {processor.py:830} INFO - Processing file /opt/airflow/dags/newyork_fhv_quality_check.py for tasks to queue
[2026-05-08T20:01:40.283+0000] {logging_mixin.py:188} INFO - [2026-05-08T20:01:40.283+0000] {dagbag.py:545} INFO - Filling up the DagBag from /opt/airflow/dags/newyork_fhv_quality_check.py
[2026-05-08T20:01:40.309+0000] {processor.py:840} INFO - DAG(s) 'newyork_fhv_quality_check' retrieved from /opt/airflow/dags/newyork_fhv_quality_check.py
[2026-05-08T20:01:40.335+0000] {logging_mixin.py:188} INFO - [2026-05-08T20:01:40.334+0000] {dag.py:3096} INFO - Sync 1 DAGs
[2026-05-08T20:01:40.355+0000] {logging_mixin.py:188} INFO - [2026-05-08T20:01:40.355+0000] {dag.py:3954} INFO - Setting next_dagrun for newyork_fhv_quality_check to None, run_after=None
[2026-05-08T20:01:40.380+0000] {processor.py:183} INFO - Processing /opt/airflow/dags/newyork_fhv_quality_check.py took 0.105 seconds
[2026-05-08T20:02:11.288+0000] {processor.py:161} INFO - Started process (PID=1342) to work on /opt/airflow/dags/newyork_fhv_quality_check.py
[2026-05-08T20:02:11.290+0000] {processor.py:830} INFO - Processing file /opt/airflow/dags/newyork_fhv_quality_check.py for tasks to queue
[2026-05-08T20:02:11.294+0000] {logging_mixin.py:188} INFO - [2026-05-08T20:02:11.293+0000] {dagbag.py:545} INFO - Filling up the DagBag from /opt/airflow/dags/newyork_fhv_quality_check.py
[2026-05-08T20:02:11.324+0000] {processor.py:840} INFO - DAG(s) 'newyork_fhv_quality_check' retrieved from /opt/airflow/dags/newyork_fhv_quality_check.py
[2026-05-08T20:02:11.353+0000] {logging_mixin.py:188} INFO - [2026-05-08T20:02:11.352+0000] {dag.py:3096} INFO - Sync 1 DAGs
[2026-05-08T20:02:11.367+0000] {logging_mixin.py:188} INFO - [2026-05-08T20:02:11.367+0000] {dag.py:3954} INFO - Setting next_dagrun for newyork_fhv_quality_check to None, run_after=None
[2026-05-08T20:02:11.388+0000] {processor.py:183} INFO - Processing /opt/airflow/dags/newyork_fhv_quality_check.py took 0.109 seconds
[2026-05-08T20:02:41.617+0000] {processor.py:161} INFO - Started process (PID=1353) to work on /opt/airflow/dags/newyork_fhv_quality_check.py
[2026-05-08T20:02:41.619+0000] {processor.py:830} INFO - Processing file /opt/airflow/dags/newyork_fhv_quality_check.py for tasks to queue
[2026-05-08T20:02:41.621+0000] {logging_mixin.py:188} INFO - [2026-05-08T20:02:41.621+0000] {dagbag.py:545} INFO - Filling up the DagBag from /opt/airflow/dags/newyork_fhv_quality_check.py
[2026-05-08T20:02:41.652+0000] {processor.py:840} INFO - DAG(s) 'newyork_fhv_quality_check' retrieved from /opt/airflow/dags/newyork_fhv_quality_check.py
[2026-05-08T20:02:41.674+0000] {logging_mixin.py:188} INFO - [2026-05-08T20:02:41.674+0000] {dag.py:3096} INFO - Sync 1 DAGs
[2026-05-08T20:02:41.684+0000] {logging_mixin.py:188} INFO - [2026-05-08T20:02:41.684+0000] {dag.py:3954} INFO - Setting next_dagrun for newyork_fhv_quality_check to None, run_after=None
[2026-05-08T20:02:41.701+0000] {processor.py:183} INFO - Processing /opt/airflow/dags/newyork_fhv_quality_check.py took 0.095 seconds
[2026-05-08T20:03:11.906+0000] {processor.py:161} INFO - Started process (PID=1364) to work on /opt/airflow/dags/newyork_fhv_quality_check.py
[2026-05-08T20:03:11.909+0000] {processor.py:830} INFO - Processing file /opt/airflow/dags/newyork_fhv_quality_check.py for tasks to queue
[2026-05-08T20:03:11.914+0000] {logging_mixin.py:188} INFO - [2026-05-08T20:03:11.913+0000] {dagbag.py:545} INFO - Filling up the DagBag from /opt/airflow/dags/newyork_fhv_quality_check.py
[2026-05-08T20:03:11.946+0000] {processor.py:840} INFO - DAG(s) 'newyork_fhv_quality_check' retrieved from /opt/airflow/dags/newyork_fhv_quality_check.py
[2026-05-08T20:03:11.976+0000] {logging_mixin.py:188} INFO - [2026-05-08T20:03:11.976+0000] {dag.py:3096} INFO - Sync 1 DAGs
[2026-05-08T20:03:11.992+0000] {logging_mixin.py:188} INFO - [2026-05-08T20:03:11.991+0000] {dag.py:3954} INFO - Setting next_dagrun for newyork_fhv_quality_check to None, run_after=None
[2026-05-08T20:03:12.014+0000] {processor.py:183} INFO - Processing /opt/airflow/dags/newyork_fhv_quality_check.py took 0.118 seconds
[2026-05-08T20:03:42.162+0000] {processor.py:161} INFO - Started process (PID=1375) to work on /opt/airflow/dags/newyork_fhv_quality_check.py
[2026-05-08T20:03:42.165+0000] {processor.py:830} INFO - Processing file /opt/airflow/dags/newyork_fhv_quality_check.py for tasks to queue
[2026-05-08T20:03:42.168+0000] {logging_mixin.py:188} INFO - [2026-05-08T20:03:42.167+0000] {dagbag.py:545} INFO - Filling up the DagBag from /opt/airflow/dags/newyork_fhv_quality_check.py
[2026-05-08T20:03:42.209+0000] {processor.py:840} INFO - DAG(s) 'newyork_fhv_quality_check' retrieved from /opt/airflow/dags/newyork_fhv_quality_check.py
[2026-05-08T20:03:42.237+0000] {logging_mixin.py:188} INFO - [2026-05-08T20:03:42.237+0000] {dag.py:3096} INFO - Sync 1 DAGs
[2026-05-08T20:03:42.255+0000] {logging_mixin.py:188} INFO - [2026-05-08T20:03:42.255+0000] {dag.py:3954} INFO - Setting next_dagrun for newyork_fhv_quality_check to None, run_after=None
[2026-05-08T20:03:42.284+0000] {processor.py:183} INFO - Processing /opt/airflow/dags/newyork_fhv_quality_check.py took 0.130 seconds
[2026-05-08T23:03:56.595+0000] {processor.py:161} INFO - Started process (PID=1380) to work on /opt/airflow/dags/newyork_fhv_quality_check.py
[2026-05-08T23:03:56.610+0000] {processor.py:830} INFO - Processing file /opt/airflow/dags/newyork_fhv_quality_check.py for tasks to queue
[2026-05-08T23:03:56.630+0000] {logging_mixin.py:188} INFO - [2026-05-08T23:03:56.629+0000] {dagbag.py:545} INFO - Filling up the DagBag from /opt/airflow/dags/newyork_fhv_quality_check.py
[2026-05-08T23:03:56.944+0000] {processor.py:840} INFO - DAG(s) 'newyork_fhv_quality_check' retrieved from /opt/airflow/dags/newyork_fhv_quality_check.py
[2026-05-08T23:03:56.981+0000] {logging_mixin.py:188} INFO - [2026-05-08T23:03:56.981+0000] {dag.py:3096} INFO - Sync 1 DAGs
[2026-05-08T23:03:56.998+0000] {logging_mixin.py:188} INFO - [2026-05-08T23:03:56.998+0000] {dag.py:3954} INFO - Setting next_dagrun for newyork_fhv_quality_check to None, run_after=None
[2026-05-08T23:03:57.032+0000] {processor.py:183} INFO - Processing /opt/airflow/dags/newyork_fhv_quality_check.py took 0.442 seconds
