[2026-05-08T18:53:58.312+0000] {processor.py:161} INFO - Started process (PID=79) to work on /opt/airflow/dags/newyork_fhv_gold.py
[2026-05-08T18:53:58.314+0000] {processor.py:830} INFO - Processing file /opt/airflow/dags/newyork_fhv_gold.py for tasks to queue
[2026-05-08T18:53:58.317+0000] {logging_mixin.py:188} INFO - [2026-05-08T18:53:58.316+0000] {dagbag.py:545} INFO - Filling up the DagBag from /opt/airflow/dags/newyork_fhv_gold.py
[2026-05-08T18:53:58.366+0000] {processor.py:840} INFO - DAG(s) 'newyork_fhv_gold' retrieved from /opt/airflow/dags/newyork_fhv_gold.py
[2026-05-08T18:53:58.492+0000] {logging_mixin.py:188} INFO - [2026-05-08T18:53:58.491+0000] {override.py:1829} INFO - Created Permission View: can delete on DAG:newyork_fhv_gold
[2026-05-08T18:53:58.503+0000] {logging_mixin.py:188} INFO - [2026-05-08T18:53:58.503+0000] {override.py:1829} INFO - Created Permission View: can read on DAG:newyork_fhv_gold
[2026-05-08T18:53:58.510+0000] {logging_mixin.py:188} INFO - [2026-05-08T18:53:58.510+0000] {override.py:1829} INFO - Created Permission View: can edit on DAG:newyork_fhv_gold
[2026-05-08T18:53:58.511+0000] {logging_mixin.py:188} INFO - [2026-05-08T18:53:58.511+0000] {dag.py:3096} INFO - Sync 1 DAGs
[2026-05-08T18:53:58.525+0000] {logging_mixin.py:188} INFO - [2026-05-08T18:53:58.525+0000] {dag.py:3118} INFO - Creating ORM DAG for newyork_fhv_gold
[2026-05-08T18:53:58.526+0000] {logging_mixin.py:188} INFO - [2026-05-08T18:53:58.526+0000] {dag.py:3954} INFO - Setting next_dagrun for newyork_fhv_gold to None, run_after=None
[2026-05-08T18:53:58.554+0000] {processor.py:183} INFO - Processing /opt/airflow/dags/newyork_fhv_gold.py took 0.250 seconds
[2026-05-08T18:54:41.440+0000] {processor.py:161} INFO - Started process (PID=96) to work on /opt/airflow/dags/newyork_fhv_gold.py
[2026-05-08T18:54:41.442+0000] {processor.py:830} INFO - Processing file /opt/airflow/dags/newyork_fhv_gold.py for tasks to queue
[2026-05-08T18:54:41.445+0000] {logging_mixin.py:188} INFO - [2026-05-08T18:54:41.444+0000] {dagbag.py:545} INFO - Filling up the DagBag from /opt/airflow/dags/newyork_fhv_gold.py
[2026-05-08T18:54:41.474+0000] {processor.py:840} INFO - DAG(s) 'newyork_fhv_gold' retrieved from /opt/airflow/dags/newyork_fhv_gold.py
[2026-05-08T18:54:41.497+0000] {logging_mixin.py:188} INFO - [2026-05-08T18:54:41.496+0000] {dag.py:3096} INFO - Sync 1 DAGs
[2026-05-08T18:54:41.511+0000] {logging_mixin.py:188} INFO - [2026-05-08T18:54:41.511+0000] {dag.py:3954} INFO - Setting next_dagrun for newyork_fhv_gold to None, run_after=None
[2026-05-08T18:54:41.954+0000] {processor.py:183} INFO - Processing /opt/airflow/dags/newyork_fhv_gold.py took 0.521 seconds
[2026-05-08T18:55:13.637+0000] {processor.py:161} INFO - Started process (PID=107) to work on /opt/airflow/dags/newyork_fhv_gold.py
[2026-05-08T18:55:13.639+0000] {processor.py:830} INFO - Processing file /opt/airflow/dags/newyork_fhv_gold.py for tasks to queue
[2026-05-08T18:55:13.641+0000] {logging_mixin.py:188} INFO - [2026-05-08T18:55:13.641+0000] {dagbag.py:545} INFO - Filling up the DagBag from /opt/airflow/dags/newyork_fhv_gold.py
[2026-05-08T18:55:13.681+0000] {processor.py:840} INFO - DAG(s) 'newyork_fhv_gold' retrieved from /opt/airflow/dags/newyork_fhv_gold.py
[2026-05-08T18:55:13.710+0000] {logging_mixin.py:188} INFO - [2026-05-08T18:55:13.710+0000] {dag.py:3096} INFO - Sync 1 DAGs
[2026-05-08T18:55:13.738+0000] {logging_mixin.py:188} INFO - [2026-05-08T18:55:13.737+0000] {dag.py:3954} INFO - Setting next_dagrun for newyork_fhv_gold to None, run_after=None
[2026-05-08T18:55:14.126+0000] {processor.py:183} INFO - Processing /opt/airflow/dags/newyork_fhv_gold.py took 0.499 seconds
[2026-05-08T18:55:44.603+0000] {processor.py:161} INFO - Started process (PID=118) to work on /opt/airflow/dags/newyork_fhv_gold.py
[2026-05-08T18:55:44.604+0000] {processor.py:830} INFO - Processing file /opt/airflow/dags/newyork_fhv_gold.py for tasks to queue
[2026-05-08T18:55:44.606+0000] {logging_mixin.py:188} INFO - [2026-05-08T18:55:44.606+0000] {dagbag.py:545} INFO - Filling up the DagBag from /opt/airflow/dags/newyork_fhv_gold.py
[2026-05-08T18:55:44.643+0000] {processor.py:840} INFO - DAG(s) 'newyork_fhv_gold' retrieved from /opt/airflow/dags/newyork_fhv_gold.py
[2026-05-08T18:55:44.671+0000] {logging_mixin.py:188} INFO - [2026-05-08T18:55:44.671+0000] {dag.py:3096} INFO - Sync 1 DAGs
[2026-05-08T18:55:44.688+0000] {logging_mixin.py:188} INFO - [2026-05-08T18:55:44.688+0000] {dag.py:3954} INFO - Setting next_dagrun for newyork_fhv_gold to None, run_after=None
[2026-05-08T18:55:45.572+0000] {processor.py:183} INFO - Processing /opt/airflow/dags/newyork_fhv_gold.py took 0.977 seconds
[2026-05-08T18:58:25.474+0000] {processor.py:161} INFO - Started process (PID=90) to work on /opt/airflow/dags/newyork_fhv_gold.py
[2026-05-08T18:58:25.475+0000] {processor.py:830} INFO - Processing file /opt/airflow/dags/newyork_fhv_gold.py for tasks to queue
[2026-05-08T18:58:25.477+0000] {logging_mixin.py:188} INFO - [2026-05-08T18:58:25.477+0000] {dagbag.py:545} INFO - Filling up the DagBag from /opt/airflow/dags/newyork_fhv_gold.py
[2026-05-08T18:58:25.500+0000] {processor.py:840} INFO - DAG(s) 'newyork_fhv_gold' retrieved from /opt/airflow/dags/newyork_fhv_gold.py
[2026-05-08T18:58:25.517+0000] {logging_mixin.py:188} INFO - [2026-05-08T18:58:25.517+0000] {dag.py:3096} INFO - Sync 1 DAGs
[2026-05-08T18:58:25.529+0000] {logging_mixin.py:188} INFO - [2026-05-08T18:58:25.528+0000] {dag.py:3954} INFO - Setting next_dagrun for newyork_fhv_gold to None, run_after=None
[2026-05-08T18:58:25.724+0000] {processor.py:183} INFO - Processing /opt/airflow/dags/newyork_fhv_gold.py took 0.256 seconds
[2026-05-08T18:58:56.510+0000] {processor.py:161} INFO - Started process (PID=101) to work on /opt/airflow/dags/newyork_fhv_gold.py
[2026-05-08T18:58:56.512+0000] {processor.py:830} INFO - Processing file /opt/airflow/dags/newyork_fhv_gold.py for tasks to queue
[2026-05-08T18:58:56.516+0000] {logging_mixin.py:188} INFO - [2026-05-08T18:58:56.516+0000] {dagbag.py:545} INFO - Filling up the DagBag from /opt/airflow/dags/newyork_fhv_gold.py
[2026-05-08T18:58:56.561+0000] {processor.py:840} INFO - DAG(s) 'newyork_fhv_gold' retrieved from /opt/airflow/dags/newyork_fhv_gold.py
[2026-05-08T18:58:56.592+0000] {logging_mixin.py:188} INFO - [2026-05-08T18:58:56.592+0000] {dag.py:3096} INFO - Sync 1 DAGs
[2026-05-08T18:58:56.609+0000] {logging_mixin.py:188} INFO - [2026-05-08T18:58:56.608+0000] {dag.py:3954} INFO - Setting next_dagrun for newyork_fhv_gold to None, run_after=None
[2026-05-08T18:58:56.645+0000] {processor.py:183} INFO - Processing /opt/airflow/dags/newyork_fhv_gold.py took 0.143 seconds
[2026-05-08T18:59:27.397+0000] {processor.py:161} INFO - Started process (PID=112) to work on /opt/airflow/dags/newyork_fhv_gold.py
[2026-05-08T18:59:27.399+0000] {processor.py:830} INFO - Processing file /opt/airflow/dags/newyork_fhv_gold.py for tasks to queue
[2026-05-08T18:59:27.404+0000] {logging_mixin.py:188} INFO - [2026-05-08T18:59:27.403+0000] {dagbag.py:545} INFO - Filling up the DagBag from /opt/airflow/dags/newyork_fhv_gold.py
[2026-05-08T18:59:27.456+0000] {processor.py:840} INFO - DAG(s) 'newyork_fhv_gold' retrieved from /opt/airflow/dags/newyork_fhv_gold.py
[2026-05-08T18:59:27.492+0000] {logging_mixin.py:188} INFO - [2026-05-08T18:59:27.492+0000] {dag.py:3096} INFO - Sync 1 DAGs
[2026-05-08T18:59:27.515+0000] {logging_mixin.py:188} INFO - [2026-05-08T18:59:27.515+0000] {dag.py:3954} INFO - Setting next_dagrun for newyork_fhv_gold to None, run_after=None
[2026-05-08T18:59:27.541+0000] {processor.py:183} INFO - Processing /opt/airflow/dags/newyork_fhv_gold.py took 0.150 seconds
[2026-05-08T18:59:58.796+0000] {processor.py:161} INFO - Started process (PID=123) to work on /opt/airflow/dags/newyork_fhv_gold.py
[2026-05-08T18:59:58.798+0000] {processor.py:830} INFO - Processing file /opt/airflow/dags/newyork_fhv_gold.py for tasks to queue
[2026-05-08T18:59:58.801+0000] {logging_mixin.py:188} INFO - [2026-05-08T18:59:58.800+0000] {dagbag.py:545} INFO - Filling up the DagBag from /opt/airflow/dags/newyork_fhv_gold.py
[2026-05-08T18:59:58.834+0000] {processor.py:840} INFO - DAG(s) 'newyork_fhv_gold' retrieved from /opt/airflow/dags/newyork_fhv_gold.py
[2026-05-08T18:59:58.856+0000] {logging_mixin.py:188} INFO - [2026-05-08T18:59:58.855+0000] {dag.py:3096} INFO - Sync 1 DAGs
[2026-05-08T18:59:58.866+0000] {logging_mixin.py:188} INFO - [2026-05-08T18:59:58.866+0000] {dag.py:3954} INFO - Setting next_dagrun for newyork_fhv_gold to None, run_after=None
[2026-05-08T18:59:59.616+0000] {processor.py:183} INFO - Processing /opt/airflow/dags/newyork_fhv_gold.py took 0.825 seconds
[2026-05-08T19:00:29.843+0000] {processor.py:161} INFO - Started process (PID=134) to work on /opt/airflow/dags/newyork_fhv_gold.py
[2026-05-08T19:00:29.845+0000] {processor.py:830} INFO - Processing file /opt/airflow/dags/newyork_fhv_gold.py for tasks to queue
[2026-05-08T19:00:29.847+0000] {logging_mixin.py:188} INFO - [2026-05-08T19:00:29.847+0000] {dagbag.py:545} INFO - Filling up the DagBag from /opt/airflow/dags/newyork_fhv_gold.py
[2026-05-08T19:00:29.867+0000] {processor.py:840} INFO - DAG(s) 'newyork_fhv_gold' retrieved from /opt/airflow/dags/newyork_fhv_gold.py
[2026-05-08T19:00:29.887+0000] {logging_mixin.py:188} INFO - [2026-05-08T19:00:29.887+0000] {dag.py:3096} INFO - Sync 1 DAGs
[2026-05-08T19:00:29.900+0000] {logging_mixin.py:188} INFO - [2026-05-08T19:00:29.900+0000] {dag.py:3954} INFO - Setting next_dagrun for newyork_fhv_gold to None, run_after=None
[2026-05-08T19:00:30.426+0000] {processor.py:183} INFO - Processing /opt/airflow/dags/newyork_fhv_gold.py took 0.591 seconds
[2026-05-08T19:01:00.612+0000] {processor.py:161} INFO - Started process (PID=145) to work on /opt/airflow/dags/newyork_fhv_gold.py
[2026-05-08T19:01:00.613+0000] {processor.py:830} INFO - Processing file /opt/airflow/dags/newyork_fhv_gold.py for tasks to queue
[2026-05-08T19:01:00.615+0000] {logging_mixin.py:188} INFO - [2026-05-08T19:01:00.614+0000] {dagbag.py:545} INFO - Filling up the DagBag from /opt/airflow/dags/newyork_fhv_gold.py
[2026-05-08T19:01:00.638+0000] {processor.py:840} INFO - DAG(s) 'newyork_fhv_gold' retrieved from /opt/airflow/dags/newyork_fhv_gold.py
[2026-05-08T19:01:00.662+0000] {logging_mixin.py:188} INFO - [2026-05-08T19:01:00.662+0000] {dag.py:3096} INFO - Sync 1 DAGs
[2026-05-08T19:01:00.678+0000] {logging_mixin.py:188} INFO - [2026-05-08T19:01:00.677+0000] {dag.py:3954} INFO - Setting next_dagrun for newyork_fhv_gold to None, run_after=None
[2026-05-08T19:01:00.700+0000] {processor.py:183} INFO - Processing /opt/airflow/dags/newyork_fhv_gold.py took 0.095 seconds
[2026-05-08T19:01:32.267+0000] {processor.py:161} INFO - Started process (PID=156) to work on /opt/airflow/dags/newyork_fhv_gold.py
[2026-05-08T19:01:32.269+0000] {processor.py:830} INFO - Processing file /opt/airflow/dags/newyork_fhv_gold.py for tasks to queue
[2026-05-08T19:01:32.271+0000] {logging_mixin.py:188} INFO - [2026-05-08T19:01:32.271+0000] {dagbag.py:545} INFO - Filling up the DagBag from /opt/airflow/dags/newyork_fhv_gold.py
[2026-05-08T19:01:32.298+0000] {processor.py:840} INFO - DAG(s) 'newyork_fhv_gold' retrieved from /opt/airflow/dags/newyork_fhv_gold.py
[2026-05-08T19:01:32.321+0000] {logging_mixin.py:188} INFO - [2026-05-08T19:01:32.321+0000] {dag.py:3096} INFO - Sync 1 DAGs
[2026-05-08T19:01:32.335+0000] {logging_mixin.py:188} INFO - [2026-05-08T19:01:32.334+0000] {dag.py:3954} INFO - Setting next_dagrun for newyork_fhv_gold to None, run_after=None
[2026-05-08T19:01:32.947+0000] {processor.py:183} INFO - Processing /opt/airflow/dags/newyork_fhv_gold.py took 0.686 seconds
[2026-05-08T19:02:03.896+0000] {processor.py:161} INFO - Started process (PID=168) to work on /opt/airflow/dags/newyork_fhv_gold.py
[2026-05-08T19:02:03.898+0000] {processor.py:830} INFO - Processing file /opt/airflow/dags/newyork_fhv_gold.py for tasks to queue
[2026-05-08T19:02:03.902+0000] {logging_mixin.py:188} INFO - [2026-05-08T19:02:03.901+0000] {dagbag.py:545} INFO - Filling up the DagBag from /opt/airflow/dags/newyork_fhv_gold.py
[2026-05-08T19:02:03.934+0000] {processor.py:840} INFO - DAG(s) 'newyork_fhv_gold' retrieved from /opt/airflow/dags/newyork_fhv_gold.py
[2026-05-08T19:02:03.956+0000] {logging_mixin.py:188} INFO - [2026-05-08T19:02:03.956+0000] {dag.py:3096} INFO - Sync 1 DAGs
[2026-05-08T19:02:03.970+0000] {logging_mixin.py:188} INFO - [2026-05-08T19:02:03.969+0000] {dag.py:3954} INFO - Setting next_dagrun for newyork_fhv_gold to None, run_after=None
[2026-05-08T19:02:04.946+0000] {processor.py:183} INFO - Processing /opt/airflow/dags/newyork_fhv_gold.py took 1.064 seconds
[2026-05-08T19:02:35.636+0000] {processor.py:161} INFO - Started process (PID=179) to work on /opt/airflow/dags/newyork_fhv_gold.py
[2026-05-08T19:02:35.639+0000] {processor.py:830} INFO - Processing file /opt/airflow/dags/newyork_fhv_gold.py for tasks to queue
[2026-05-08T19:02:35.643+0000] {logging_mixin.py:188} INFO - [2026-05-08T19:02:35.642+0000] {dagbag.py:545} INFO - Filling up the DagBag from /opt/airflow/dags/newyork_fhv_gold.py
[2026-05-08T19:02:35.695+0000] {processor.py:840} INFO - DAG(s) 'newyork_fhv_gold' retrieved from /opt/airflow/dags/newyork_fhv_gold.py
[2026-05-08T19:02:35.720+0000] {logging_mixin.py:188} INFO - [2026-05-08T19:02:35.719+0000] {dag.py:3096} INFO - Sync 1 DAGs
[2026-05-08T19:02:35.735+0000] {logging_mixin.py:188} INFO - [2026-05-08T19:02:35.734+0000] {dag.py:3954} INFO - Setting next_dagrun for newyork_fhv_gold to None, run_after=None
[2026-05-08T19:02:35.762+0000] {processor.py:183} INFO - Processing /opt/airflow/dags/newyork_fhv_gold.py took 0.139 seconds
[2026-05-08T19:03:06.420+0000] {processor.py:161} INFO - Started process (PID=190) to work on /opt/airflow/dags/newyork_fhv_gold.py
[2026-05-08T19:03:06.421+0000] {processor.py:830} INFO - Processing file /opt/airflow/dags/newyork_fhv_gold.py for tasks to queue
[2026-05-08T19:03:06.423+0000] {logging_mixin.py:188} INFO - [2026-05-08T19:03:06.423+0000] {dagbag.py:545} INFO - Filling up the DagBag from /opt/airflow/dags/newyork_fhv_gold.py
[2026-05-08T19:03:06.447+0000] {processor.py:840} INFO - DAG(s) 'newyork_fhv_gold' retrieved from /opt/airflow/dags/newyork_fhv_gold.py
[2026-05-08T19:03:06.466+0000] {logging_mixin.py:188} INFO - [2026-05-08T19:03:06.466+0000] {dag.py:3096} INFO - Sync 1 DAGs
[2026-05-08T19:03:06.485+0000] {logging_mixin.py:188} INFO - [2026-05-08T19:03:06.485+0000] {dag.py:3954} INFO - Setting next_dagrun for newyork_fhv_gold to None, run_after=None
[2026-05-08T19:03:06.510+0000] {processor.py:183} INFO - Processing /opt/airflow/dags/newyork_fhv_gold.py took 0.095 seconds
[2026-05-08T19:03:37.286+0000] {processor.py:161} INFO - Started process (PID=201) to work on /opt/airflow/dags/newyork_fhv_gold.py
[2026-05-08T19:03:37.288+0000] {processor.py:830} INFO - Processing file /opt/airflow/dags/newyork_fhv_gold.py for tasks to queue
[2026-05-08T19:03:37.293+0000] {logging_mixin.py:188} INFO - [2026-05-08T19:03:37.293+0000] {dagbag.py:545} INFO - Filling up the DagBag from /opt/airflow/dags/newyork_fhv_gold.py
[2026-05-08T19:03:37.324+0000] {processor.py:840} INFO - DAG(s) 'newyork_fhv_gold' retrieved from /opt/airflow/dags/newyork_fhv_gold.py
[2026-05-08T19:03:37.344+0000] {logging_mixin.py:188} INFO - [2026-05-08T19:03:37.344+0000] {dag.py:3096} INFO - Sync 1 DAGs
[2026-05-08T19:03:37.356+0000] {logging_mixin.py:188} INFO - [2026-05-08T19:03:37.356+0000] {dag.py:3954} INFO - Setting next_dagrun for newyork_fhv_gold to None, run_after=None
[2026-05-08T19:03:37.377+0000] {processor.py:183} INFO - Processing /opt/airflow/dags/newyork_fhv_gold.py took 0.102 seconds
[2026-05-08T19:04:08.001+0000] {processor.py:161} INFO - Started process (PID=218) to work on /opt/airflow/dags/newyork_fhv_gold.py
[2026-05-08T19:04:08.002+0000] {processor.py:830} INFO - Processing file /opt/airflow/dags/newyork_fhv_gold.py for tasks to queue
[2026-05-08T19:04:08.005+0000] {logging_mixin.py:188} INFO - [2026-05-08T19:04:08.004+0000] {dagbag.py:545} INFO - Filling up the DagBag from /opt/airflow/dags/newyork_fhv_gold.py
[2026-05-08T19:04:08.035+0000] {processor.py:840} INFO - DAG(s) 'newyork_fhv_gold' retrieved from /opt/airflow/dags/newyork_fhv_gold.py
[2026-05-08T19:04:08.058+0000] {logging_mixin.py:188} INFO - [2026-05-08T19:04:08.058+0000] {dag.py:3096} INFO - Sync 1 DAGs
[2026-05-08T19:04:08.069+0000] {logging_mixin.py:188} INFO - [2026-05-08T19:04:08.069+0000] {dag.py:3954} INFO - Setting next_dagrun for newyork_fhv_gold to None, run_after=None
[2026-05-08T19:04:08.091+0000] {processor.py:183} INFO - Processing /opt/airflow/dags/newyork_fhv_gold.py took 0.096 seconds
[2026-05-08T19:04:38.737+0000] {processor.py:161} INFO - Started process (PID=229) to work on /opt/airflow/dags/newyork_fhv_gold.py
[2026-05-08T19:04:38.738+0000] {processor.py:830} INFO - Processing file /opt/airflow/dags/newyork_fhv_gold.py for tasks to queue
[2026-05-08T19:04:38.741+0000] {logging_mixin.py:188} INFO - [2026-05-08T19:04:38.740+0000] {dagbag.py:545} INFO - Filling up the DagBag from /opt/airflow/dags/newyork_fhv_gold.py
[2026-05-08T19:04:38.765+0000] {processor.py:840} INFO - DAG(s) 'newyork_fhv_gold' retrieved from /opt/airflow/dags/newyork_fhv_gold.py
[2026-05-08T19:04:38.784+0000] {logging_mixin.py:188} INFO - [2026-05-08T19:04:38.784+0000] {dag.py:3096} INFO - Sync 1 DAGs
[2026-05-08T19:04:38.797+0000] {logging_mixin.py:188} INFO - [2026-05-08T19:04:38.797+0000] {dag.py:3954} INFO - Setting next_dagrun for newyork_fhv_gold to None, run_after=None
[2026-05-08T19:04:38.830+0000] {processor.py:183} INFO - Processing /opt/airflow/dags/newyork_fhv_gold.py took 0.099 seconds
[2026-05-08T19:05:56.088+0000] {processor.py:161} INFO - Started process (PID=80) to work on /opt/airflow/dags/newyork_fhv_gold.py
[2026-05-08T19:05:56.090+0000] {processor.py:830} INFO - Processing file /opt/airflow/dags/newyork_fhv_gold.py for tasks to queue
[2026-05-08T19:05:56.094+0000] {logging_mixin.py:188} INFO - [2026-05-08T19:05:56.094+0000] {dagbag.py:545} INFO - Filling up the DagBag from /opt/airflow/dags/newyork_fhv_gold.py
[2026-05-08T19:05:56.128+0000] {processor.py:840} INFO - DAG(s) 'newyork_fhv_gold' retrieved from /opt/airflow/dags/newyork_fhv_gold.py
[2026-05-08T19:05:56.268+0000] {logging_mixin.py:188} INFO - [2026-05-08T19:05:56.267+0000] {dag.py:3096} INFO - Sync 1 DAGs
[2026-05-08T19:05:56.283+0000] {logging_mixin.py:188} INFO - [2026-05-08T19:05:56.283+0000] {dag.py:3954} INFO - Setting next_dagrun for newyork_fhv_gold to None, run_after=None
[2026-05-08T19:05:56.314+0000] {processor.py:183} INFO - Processing /opt/airflow/dags/newyork_fhv_gold.py took 0.236 seconds
[2026-05-08T19:06:26.927+0000] {processor.py:161} INFO - Started process (PID=91) to work on /opt/airflow/dags/newyork_fhv_gold.py
[2026-05-08T19:06:26.929+0000] {processor.py:830} INFO - Processing file /opt/airflow/dags/newyork_fhv_gold.py for tasks to queue
[2026-05-08T19:06:26.933+0000] {logging_mixin.py:188} INFO - [2026-05-08T19:06:26.933+0000] {dagbag.py:545} INFO - Filling up the DagBag from /opt/airflow/dags/newyork_fhv_gold.py
[2026-05-08T19:06:26.956+0000] {processor.py:840} INFO - DAG(s) 'newyork_fhv_gold' retrieved from /opt/airflow/dags/newyork_fhv_gold.py
[2026-05-08T19:06:26.978+0000] {logging_mixin.py:188} INFO - [2026-05-08T19:06:26.978+0000] {dag.py:3096} INFO - Sync 1 DAGs
[2026-05-08T19:06:26.992+0000] {logging_mixin.py:188} INFO - [2026-05-08T19:06:26.992+0000] {dag.py:3954} INFO - Setting next_dagrun for newyork_fhv_gold to None, run_after=None
[2026-05-08T19:06:27.020+0000] {processor.py:183} INFO - Processing /opt/airflow/dags/newyork_fhv_gold.py took 0.099 seconds
[2026-05-08T19:06:57.837+0000] {processor.py:161} INFO - Started process (PID=102) to work on /opt/airflow/dags/newyork_fhv_gold.py
[2026-05-08T19:06:57.839+0000] {processor.py:830} INFO - Processing file /opt/airflow/dags/newyork_fhv_gold.py for tasks to queue
[2026-05-08T19:06:57.843+0000] {logging_mixin.py:188} INFO - [2026-05-08T19:06:57.843+0000] {dagbag.py:545} INFO - Filling up the DagBag from /opt/airflow/dags/newyork_fhv_gold.py
[2026-05-08T19:06:57.881+0000] {processor.py:840} INFO - DAG(s) 'newyork_fhv_gold' retrieved from /opt/airflow/dags/newyork_fhv_gold.py
[2026-05-08T19:06:57.920+0000] {logging_mixin.py:188} INFO - [2026-05-08T19:06:57.920+0000] {dag.py:3096} INFO - Sync 1 DAGs
[2026-05-08T19:06:57.948+0000] {logging_mixin.py:188} INFO - [2026-05-08T19:06:57.948+0000] {dag.py:3954} INFO - Setting next_dagrun for newyork_fhv_gold to None, run_after=None
[2026-05-08T19:06:57.983+0000] {processor.py:183} INFO - Processing /opt/airflow/dags/newyork_fhv_gold.py took 0.158 seconds
[2026-05-08T19:07:28.870+0000] {processor.py:161} INFO - Started process (PID=120) to work on /opt/airflow/dags/newyork_fhv_gold.py
[2026-05-08T19:07:28.871+0000] {processor.py:830} INFO - Processing file /opt/airflow/dags/newyork_fhv_gold.py for tasks to queue
[2026-05-08T19:07:28.874+0000] {logging_mixin.py:188} INFO - [2026-05-08T19:07:28.874+0000] {dagbag.py:545} INFO - Filling up the DagBag from /opt/airflow/dags/newyork_fhv_gold.py
[2026-05-08T19:07:28.909+0000] {processor.py:840} INFO - DAG(s) 'newyork_fhv_gold' retrieved from /opt/airflow/dags/newyork_fhv_gold.py
[2026-05-08T19:07:28.928+0000] {logging_mixin.py:188} INFO - [2026-05-08T19:07:28.927+0000] {dag.py:3096} INFO - Sync 1 DAGs
[2026-05-08T19:07:28.941+0000] {logging_mixin.py:188} INFO - [2026-05-08T19:07:28.941+0000] {dag.py:3954} INFO - Setting next_dagrun for newyork_fhv_gold to None, run_after=None
[2026-05-08T19:07:28.969+0000] {processor.py:183} INFO - Processing /opt/airflow/dags/newyork_fhv_gold.py took 0.107 seconds
[2026-05-08T19:07:59.775+0000] {processor.py:161} INFO - Started process (PID=131) to work on /opt/airflow/dags/newyork_fhv_gold.py
[2026-05-08T19:07:59.777+0000] {processor.py:830} INFO - Processing file /opt/airflow/dags/newyork_fhv_gold.py for tasks to queue
[2026-05-08T19:07:59.781+0000] {logging_mixin.py:188} INFO - [2026-05-08T19:07:59.781+0000] {dagbag.py:545} INFO - Filling up the DagBag from /opt/airflow/dags/newyork_fhv_gold.py
[2026-05-08T19:07:59.820+0000] {processor.py:840} INFO - DAG(s) 'newyork_fhv_gold' retrieved from /opt/airflow/dags/newyork_fhv_gold.py
[2026-05-08T19:07:59.843+0000] {logging_mixin.py:188} INFO - [2026-05-08T19:07:59.843+0000] {dag.py:3096} INFO - Sync 1 DAGs
[2026-05-08T19:07:59.857+0000] {logging_mixin.py:188} INFO - [2026-05-08T19:07:59.857+0000] {dag.py:3954} INFO - Setting next_dagrun for newyork_fhv_gold to None, run_after=None
[2026-05-08T19:07:59.878+0000] {processor.py:183} INFO - Processing /opt/airflow/dags/newyork_fhv_gold.py took 0.111 seconds
[2026-05-08T19:08:30.647+0000] {processor.py:161} INFO - Started process (PID=142) to work on /opt/airflow/dags/newyork_fhv_gold.py
[2026-05-08T19:08:30.650+0000] {processor.py:830} INFO - Processing file /opt/airflow/dags/newyork_fhv_gold.py for tasks to queue
[2026-05-08T19:08:30.655+0000] {logging_mixin.py:188} INFO - [2026-05-08T19:08:30.654+0000] {dagbag.py:545} INFO - Filling up the DagBag from /opt/airflow/dags/newyork_fhv_gold.py
[2026-05-08T19:08:30.689+0000] {processor.py:840} INFO - DAG(s) 'newyork_fhv_gold' retrieved from /opt/airflow/dags/newyork_fhv_gold.py
[2026-05-08T19:08:30.719+0000] {logging_mixin.py:188} INFO - [2026-05-08T19:08:30.719+0000] {dag.py:3096} INFO - Sync 1 DAGs
[2026-05-08T19:08:30.743+0000] {logging_mixin.py:188} INFO - [2026-05-08T19:08:30.743+0000] {dag.py:3954} INFO - Setting next_dagrun for newyork_fhv_gold to None, run_after=None
[2026-05-08T19:08:30.774+0000] {processor.py:183} INFO - Processing /opt/airflow/dags/newyork_fhv_gold.py took 0.141 seconds
[2026-05-08T19:09:01.449+0000] {processor.py:161} INFO - Started process (PID=153) to work on /opt/airflow/dags/newyork_fhv_gold.py
[2026-05-08T19:09:01.451+0000] {processor.py:830} INFO - Processing file /opt/airflow/dags/newyork_fhv_gold.py for tasks to queue
[2026-05-08T19:09:01.454+0000] {logging_mixin.py:188} INFO - [2026-05-08T19:09:01.453+0000] {dagbag.py:545} INFO - Filling up the DagBag from /opt/airflow/dags/newyork_fhv_gold.py
[2026-05-08T19:09:01.482+0000] {processor.py:840} INFO - DAG(s) 'newyork_fhv_gold' retrieved from /opt/airflow/dags/newyork_fhv_gold.py
[2026-05-08T19:09:01.506+0000] {logging_mixin.py:188} INFO - [2026-05-08T19:09:01.506+0000] {dag.py:3096} INFO - Sync 1 DAGs
[2026-05-08T19:09:01.519+0000] {logging_mixin.py:188} INFO - [2026-05-08T19:09:01.518+0000] {dag.py:3954} INFO - Setting next_dagrun for newyork_fhv_gold to None, run_after=None
[2026-05-08T19:09:01.540+0000] {processor.py:183} INFO - Processing /opt/airflow/dags/newyork_fhv_gold.py took 0.099 seconds
[2026-05-08T19:09:32.360+0000] {processor.py:161} INFO - Started process (PID=164) to work on /opt/airflow/dags/newyork_fhv_gold.py
[2026-05-08T19:09:32.362+0000] {processor.py:830} INFO - Processing file /opt/airflow/dags/newyork_fhv_gold.py for tasks to queue
[2026-05-08T19:09:32.365+0000] {logging_mixin.py:188} INFO - [2026-05-08T19:09:32.364+0000] {dagbag.py:545} INFO - Filling up the DagBag from /opt/airflow/dags/newyork_fhv_gold.py
[2026-05-08T19:09:32.405+0000] {processor.py:840} INFO - DAG(s) 'newyork_fhv_gold' retrieved from /opt/airflow/dags/newyork_fhv_gold.py
[2026-05-08T19:09:32.443+0000] {logging_mixin.py:188} INFO - [2026-05-08T19:09:32.442+0000] {dag.py:3096} INFO - Sync 1 DAGs
[2026-05-08T19:09:32.464+0000] {logging_mixin.py:188} INFO - [2026-05-08T19:09:32.464+0000] {dag.py:3954} INFO - Setting next_dagrun for newyork_fhv_gold to None, run_after=None
[2026-05-08T19:09:32.499+0000] {processor.py:183} INFO - Processing /opt/airflow/dags/newyork_fhv_gold.py took 0.150 seconds
[2026-05-08T19:10:03.314+0000] {processor.py:161} INFO - Started process (PID=175) to work on /opt/airflow/dags/newyork_fhv_gold.py
[2026-05-08T19:10:03.317+0000] {processor.py:830} INFO - Processing file /opt/airflow/dags/newyork_fhv_gold.py for tasks to queue
[2026-05-08T19:10:03.323+0000] {logging_mixin.py:188} INFO - [2026-05-08T19:10:03.322+0000] {dagbag.py:545} INFO - Filling up the DagBag from /opt/airflow/dags/newyork_fhv_gold.py
[2026-05-08T19:10:03.362+0000] {processor.py:840} INFO - DAG(s) 'newyork_fhv_gold' retrieved from /opt/airflow/dags/newyork_fhv_gold.py
[2026-05-08T19:10:03.387+0000] {logging_mixin.py:188} INFO - [2026-05-08T19:10:03.387+0000] {dag.py:3096} INFO - Sync 1 DAGs
[2026-05-08T19:10:03.402+0000] {logging_mixin.py:188} INFO - [2026-05-08T19:10:03.401+0000] {dag.py:3954} INFO - Setting next_dagrun for newyork_fhv_gold to None, run_after=None
[2026-05-08T19:10:03.429+0000] {processor.py:183} INFO - Processing /opt/airflow/dags/newyork_fhv_gold.py took 0.128 seconds
[2026-05-08T19:10:34.359+0000] {processor.py:161} INFO - Started process (PID=186) to work on /opt/airflow/dags/newyork_fhv_gold.py
[2026-05-08T19:10:34.361+0000] {processor.py:830} INFO - Processing file /opt/airflow/dags/newyork_fhv_gold.py for tasks to queue
[2026-05-08T19:10:34.365+0000] {logging_mixin.py:188} INFO - [2026-05-08T19:10:34.364+0000] {dagbag.py:545} INFO - Filling up the DagBag from /opt/airflow/dags/newyork_fhv_gold.py
[2026-05-08T19:10:34.407+0000] {processor.py:840} INFO - DAG(s) 'newyork_fhv_gold' retrieved from /opt/airflow/dags/newyork_fhv_gold.py
[2026-05-08T19:10:34.427+0000] {logging_mixin.py:188} INFO - [2026-05-08T19:10:34.427+0000] {dag.py:3096} INFO - Sync 1 DAGs
[2026-05-08T19:10:34.439+0000] {logging_mixin.py:188} INFO - [2026-05-08T19:10:34.439+0000] {dag.py:3954} INFO - Setting next_dagrun for newyork_fhv_gold to None, run_after=None
[2026-05-08T19:10:34.465+0000] {processor.py:183} INFO - Processing /opt/airflow/dags/newyork_fhv_gold.py took 0.121 seconds
[2026-05-08T19:11:05.598+0000] {processor.py:161} INFO - Started process (PID=197) to work on /opt/airflow/dags/newyork_fhv_gold.py
[2026-05-08T19:11:05.600+0000] {processor.py:830} INFO - Processing file /opt/airflow/dags/newyork_fhv_gold.py for tasks to queue
[2026-05-08T19:11:05.604+0000] {logging_mixin.py:188} INFO - [2026-05-08T19:11:05.604+0000] {dagbag.py:545} INFO - Filling up the DagBag from /opt/airflow/dags/newyork_fhv_gold.py
[2026-05-08T19:11:05.633+0000] {processor.py:840} INFO - DAG(s) 'newyork_fhv_gold' retrieved from /opt/airflow/dags/newyork_fhv_gold.py
[2026-05-08T19:11:05.654+0000] {logging_mixin.py:188} INFO - [2026-05-08T19:11:05.654+0000] {dag.py:3096} INFO - Sync 1 DAGs
[2026-05-08T19:11:05.669+0000] {logging_mixin.py:188} INFO - [2026-05-08T19:11:05.669+0000] {dag.py:3954} INFO - Setting next_dagrun for newyork_fhv_gold to None, run_after=None
[2026-05-08T19:11:05.698+0000] {processor.py:183} INFO - Processing /opt/airflow/dags/newyork_fhv_gold.py took 0.114 seconds
[2026-05-08T19:11:36.688+0000] {processor.py:161} INFO - Started process (PID=208) to work on /opt/airflow/dags/newyork_fhv_gold.py
[2026-05-08T19:11:36.689+0000] {processor.py:830} INFO - Processing file /opt/airflow/dags/newyork_fhv_gold.py for tasks to queue
[2026-05-08T19:11:36.692+0000] {logging_mixin.py:188} INFO - [2026-05-08T19:11:36.691+0000] {dagbag.py:545} INFO - Filling up the DagBag from /opt/airflow/dags/newyork_fhv_gold.py
[2026-05-08T19:11:36.715+0000] {processor.py:840} INFO - DAG(s) 'newyork_fhv_gold' retrieved from /opt/airflow/dags/newyork_fhv_gold.py
[2026-05-08T19:11:36.737+0000] {logging_mixin.py:188} INFO - [2026-05-08T19:11:36.736+0000] {dag.py:3096} INFO - Sync 1 DAGs
[2026-05-08T19:11:36.752+0000] {logging_mixin.py:188} INFO - [2026-05-08T19:11:36.752+0000] {dag.py:3954} INFO - Setting next_dagrun for newyork_fhv_gold to None, run_after=None
[2026-05-08T19:11:36.781+0000] {processor.py:183} INFO - Processing /opt/airflow/dags/newyork_fhv_gold.py took 0.099 seconds
[2026-05-08T19:12:07.039+0000] {processor.py:161} INFO - Started process (PID=219) to work on /opt/airflow/dags/newyork_fhv_gold.py
[2026-05-08T19:12:07.040+0000] {processor.py:830} INFO - Processing file /opt/airflow/dags/newyork_fhv_gold.py for tasks to queue
[2026-05-08T19:12:07.043+0000] {logging_mixin.py:188} INFO - [2026-05-08T19:12:07.042+0000] {dagbag.py:545} INFO - Filling up the DagBag from /opt/airflow/dags/newyork_fhv_gold.py
[2026-05-08T19:12:07.067+0000] {processor.py:840} INFO - DAG(s) 'newyork_fhv_gold' retrieved from /opt/airflow/dags/newyork_fhv_gold.py
[2026-05-08T19:12:07.087+0000] {logging_mixin.py:188} INFO - [2026-05-08T19:12:07.087+0000] {dag.py:3096} INFO - Sync 1 DAGs
[2026-05-08T19:12:07.104+0000] {logging_mixin.py:188} INFO - [2026-05-08T19:12:07.103+0000] {dag.py:3954} INFO - Setting next_dagrun for newyork_fhv_gold to None, run_after=None
[2026-05-08T19:12:07.124+0000] {processor.py:183} INFO - Processing /opt/airflow/dags/newyork_fhv_gold.py took 0.091 seconds
[2026-05-08T19:12:38.016+0000] {processor.py:161} INFO - Started process (PID=230) to work on /opt/airflow/dags/newyork_fhv_gold.py
[2026-05-08T19:12:38.018+0000] {processor.py:830} INFO - Processing file /opt/airflow/dags/newyork_fhv_gold.py for tasks to queue
[2026-05-08T19:12:38.020+0000] {logging_mixin.py:188} INFO - [2026-05-08T19:12:38.019+0000] {dagbag.py:545} INFO - Filling up the DagBag from /opt/airflow/dags/newyork_fhv_gold.py
[2026-05-08T19:12:38.049+0000] {processor.py:840} INFO - DAG(s) 'newyork_fhv_gold' retrieved from /opt/airflow/dags/newyork_fhv_gold.py
[2026-05-08T19:12:38.074+0000] {logging_mixin.py:188} INFO - [2026-05-08T19:12:38.074+0000] {dag.py:3096} INFO - Sync 1 DAGs
[2026-05-08T19:12:38.091+0000] {logging_mixin.py:188} INFO - [2026-05-08T19:12:38.091+0000] {dag.py:3954} INFO - Setting next_dagrun for newyork_fhv_gold to None, run_after=None
[2026-05-08T19:12:38.117+0000] {processor.py:183} INFO - Processing /opt/airflow/dags/newyork_fhv_gold.py took 0.108 seconds
[2026-05-08T19:13:09.000+0000] {processor.py:161} INFO - Started process (PID=240) to work on /opt/airflow/dags/newyork_fhv_gold.py
[2026-05-08T19:13:09.001+0000] {processor.py:830} INFO - Processing file /opt/airflow/dags/newyork_fhv_gold.py for tasks to queue
[2026-05-08T19:13:09.002+0000] {logging_mixin.py:188} INFO - [2026-05-08T19:13:09.002+0000] {dagbag.py:545} INFO - Filling up the DagBag from /opt/airflow/dags/newyork_fhv_gold.py
[2026-05-08T19:13:09.019+0000] {processor.py:840} INFO - DAG(s) 'newyork_fhv_gold' retrieved from /opt/airflow/dags/newyork_fhv_gold.py
[2026-05-08T19:13:09.038+0000] {logging_mixin.py:188} INFO - [2026-05-08T19:13:09.037+0000] {dag.py:3096} INFO - Sync 1 DAGs
[2026-05-08T19:13:09.049+0000] {logging_mixin.py:188} INFO - [2026-05-08T19:13:09.049+0000] {dag.py:3954} INFO - Setting next_dagrun for newyork_fhv_gold to None, run_after=None
[2026-05-08T19:13:09.070+0000] {processor.py:183} INFO - Processing /opt/airflow/dags/newyork_fhv_gold.py took 0.075 seconds
[2026-05-08T19:13:39.872+0000] {processor.py:161} INFO - Started process (PID=251) to work on /opt/airflow/dags/newyork_fhv_gold.py
[2026-05-08T19:13:39.874+0000] {processor.py:830} INFO - Processing file /opt/airflow/dags/newyork_fhv_gold.py for tasks to queue
[2026-05-08T19:13:39.878+0000] {logging_mixin.py:188} INFO - [2026-05-08T19:13:39.877+0000] {dagbag.py:545} INFO - Filling up the DagBag from /opt/airflow/dags/newyork_fhv_gold.py
[2026-05-08T19:13:39.905+0000] {processor.py:840} INFO - DAG(s) 'newyork_fhv_gold' retrieved from /opt/airflow/dags/newyork_fhv_gold.py
[2026-05-08T19:13:39.934+0000] {logging_mixin.py:188} INFO - [2026-05-08T19:13:39.934+0000] {dag.py:3096} INFO - Sync 1 DAGs
[2026-05-08T19:13:39.954+0000] {logging_mixin.py:188} INFO - [2026-05-08T19:13:39.954+0000] {dag.py:3954} INFO - Setting next_dagrun for newyork_fhv_gold to None, run_after=None
[2026-05-08T19:13:39.985+0000] {processor.py:183} INFO - Processing /opt/airflow/dags/newyork_fhv_gold.py took 0.118 seconds
[2026-05-08T19:14:10.676+0000] {processor.py:161} INFO - Started process (PID=262) to work on /opt/airflow/dags/newyork_fhv_gold.py
[2026-05-08T19:14:10.677+0000] {processor.py:830} INFO - Processing file /opt/airflow/dags/newyork_fhv_gold.py for tasks to queue
[2026-05-08T19:14:10.679+0000] {logging_mixin.py:188} INFO - [2026-05-08T19:14:10.679+0000] {dagbag.py:545} INFO - Filling up the DagBag from /opt/airflow/dags/newyork_fhv_gold.py
[2026-05-08T19:14:10.699+0000] {processor.py:840} INFO - DAG(s) 'newyork_fhv_gold' retrieved from /opt/airflow/dags/newyork_fhv_gold.py
[2026-05-08T19:14:10.720+0000] {logging_mixin.py:188} INFO - [2026-05-08T19:14:10.720+0000] {dag.py:3096} INFO - Sync 1 DAGs
[2026-05-08T19:14:10.733+0000] {logging_mixin.py:188} INFO - [2026-05-08T19:14:10.733+0000] {dag.py:3954} INFO - Setting next_dagrun for newyork_fhv_gold to None, run_after=None
[2026-05-08T19:14:10.755+0000] {processor.py:183} INFO - Processing /opt/airflow/dags/newyork_fhv_gold.py took 0.084 seconds
[2026-05-08T19:14:41.611+0000] {processor.py:161} INFO - Started process (PID=273) to work on /opt/airflow/dags/newyork_fhv_gold.py
[2026-05-08T19:14:41.612+0000] {processor.py:830} INFO - Processing file /opt/airflow/dags/newyork_fhv_gold.py for tasks to queue
[2026-05-08T19:14:41.614+0000] {logging_mixin.py:188} INFO - [2026-05-08T19:14:41.614+0000] {dagbag.py:545} INFO - Filling up the DagBag from /opt/airflow/dags/newyork_fhv_gold.py
[2026-05-08T19:14:41.646+0000] {processor.py:840} INFO - DAG(s) 'newyork_fhv_gold' retrieved from /opt/airflow/dags/newyork_fhv_gold.py
[2026-05-08T19:14:41.673+0000] {logging_mixin.py:188} INFO - [2026-05-08T19:14:41.673+0000] {dag.py:3096} INFO - Sync 1 DAGs
[2026-05-08T19:14:41.686+0000] {logging_mixin.py:188} INFO - [2026-05-08T19:14:41.686+0000] {dag.py:3954} INFO - Setting next_dagrun for newyork_fhv_gold to None, run_after=None
[2026-05-08T19:14:41.707+0000] {processor.py:183} INFO - Processing /opt/airflow/dags/newyork_fhv_gold.py took 0.102 seconds
[2026-05-08T19:15:12.524+0000] {processor.py:161} INFO - Started process (PID=285) to work on /opt/airflow/dags/newyork_fhv_gold.py
[2026-05-08T19:15:12.526+0000] {processor.py:830} INFO - Processing file /opt/airflow/dags/newyork_fhv_gold.py for tasks to queue
[2026-05-08T19:15:12.529+0000] {logging_mixin.py:188} INFO - [2026-05-08T19:15:12.528+0000] {dagbag.py:545} INFO - Filling up the DagBag from /opt/airflow/dags/newyork_fhv_gold.py
[2026-05-08T19:15:12.559+0000] {processor.py:840} INFO - DAG(s) 'newyork_fhv_gold' retrieved from /opt/airflow/dags/newyork_fhv_gold.py
[2026-05-08T19:15:12.585+0000] {logging_mixin.py:188} INFO - [2026-05-08T19:15:12.585+0000] {dag.py:3096} INFO - Sync 1 DAGs
[2026-05-08T19:15:12.600+0000] {logging_mixin.py:188} INFO - [2026-05-08T19:15:12.600+0000] {dag.py:3954} INFO - Setting next_dagrun for newyork_fhv_gold to None, run_after=None
[2026-05-08T19:15:12.627+0000] {processor.py:183} INFO - Processing /opt/airflow/dags/newyork_fhv_gold.py took 0.111 seconds
[2026-05-08T19:15:43.559+0000] {processor.py:161} INFO - Started process (PID=296) to work on /opt/airflow/dags/newyork_fhv_gold.py
[2026-05-08T19:15:43.560+0000] {processor.py:830} INFO - Processing file /opt/airflow/dags/newyork_fhv_gold.py for tasks to queue
[2026-05-08T19:15:43.562+0000] {logging_mixin.py:188} INFO - [2026-05-08T19:15:43.562+0000] {dagbag.py:545} INFO - Filling up the DagBag from /opt/airflow/dags/newyork_fhv_gold.py
[2026-05-08T19:15:43.591+0000] {processor.py:840} INFO - DAG(s) 'newyork_fhv_gold' retrieved from /opt/airflow/dags/newyork_fhv_gold.py
[2026-05-08T19:15:43.623+0000] {logging_mixin.py:188} INFO - [2026-05-08T19:15:43.623+0000] {dag.py:3096} INFO - Sync 1 DAGs
[2026-05-08T19:15:43.643+0000] {logging_mixin.py:188} INFO - [2026-05-08T19:15:43.643+0000] {dag.py:3954} INFO - Setting next_dagrun for newyork_fhv_gold to None, run_after=None
[2026-05-08T19:15:43.675+0000] {processor.py:183} INFO - Processing /opt/airflow/dags/newyork_fhv_gold.py took 0.124 seconds
[2026-05-08T19:16:14.621+0000] {processor.py:161} INFO - Started process (PID=307) to work on /opt/airflow/dags/newyork_fhv_gold.py
[2026-05-08T19:16:14.623+0000] {processor.py:830} INFO - Processing file /opt/airflow/dags/newyork_fhv_gold.py for tasks to queue
[2026-05-08T19:16:14.626+0000] {logging_mixin.py:188} INFO - [2026-05-08T19:16:14.626+0000] {dagbag.py:545} INFO - Filling up the DagBag from /opt/airflow/dags/newyork_fhv_gold.py
[2026-05-08T19:16:14.698+0000] {processor.py:840} INFO - DAG(s) 'newyork_fhv_gold' retrieved from /opt/airflow/dags/newyork_fhv_gold.py
[2026-05-08T19:16:14.731+0000] {logging_mixin.py:188} INFO - [2026-05-08T19:16:14.730+0000] {dag.py:3096} INFO - Sync 1 DAGs
[2026-05-08T19:16:14.748+0000] {logging_mixin.py:188} INFO - [2026-05-08T19:16:14.747+0000] {dag.py:3954} INFO - Setting next_dagrun for newyork_fhv_gold to None, run_after=None
[2026-05-08T19:16:14.772+0000] {processor.py:183} INFO - Processing /opt/airflow/dags/newyork_fhv_gold.py took 0.159 seconds
[2026-05-08T19:16:45.580+0000] {processor.py:161} INFO - Started process (PID=318) to work on /opt/airflow/dags/newyork_fhv_gold.py
[2026-05-08T19:16:45.582+0000] {processor.py:830} INFO - Processing file /opt/airflow/dags/newyork_fhv_gold.py for tasks to queue
[2026-05-08T19:16:45.585+0000] {logging_mixin.py:188} INFO - [2026-05-08T19:16:45.584+0000] {dagbag.py:545} INFO - Filling up the DagBag from /opt/airflow/dags/newyork_fhv_gold.py
[2026-05-08T19:16:45.606+0000] {processor.py:840} INFO - DAG(s) 'newyork_fhv_gold' retrieved from /opt/airflow/dags/newyork_fhv_gold.py
[2026-05-08T19:16:45.624+0000] {logging_mixin.py:188} INFO - [2026-05-08T19:16:45.624+0000] {dag.py:3096} INFO - Sync 1 DAGs
[2026-05-08T19:16:45.637+0000] {logging_mixin.py:188} INFO - [2026-05-08T19:16:45.637+0000] {dag.py:3954} INFO - Setting next_dagrun for newyork_fhv_gold to None, run_after=None
[2026-05-08T19:16:45.658+0000] {processor.py:183} INFO - Processing /opt/airflow/dags/newyork_fhv_gold.py took 0.087 seconds
[2026-05-08T19:17:16.505+0000] {processor.py:161} INFO - Started process (PID=330) to work on /opt/airflow/dags/newyork_fhv_gold.py
[2026-05-08T19:17:16.506+0000] {processor.py:830} INFO - Processing file /opt/airflow/dags/newyork_fhv_gold.py for tasks to queue
[2026-05-08T19:17:16.511+0000] {logging_mixin.py:188} INFO - [2026-05-08T19:17:16.510+0000] {dagbag.py:545} INFO - Filling up the DagBag from /opt/airflow/dags/newyork_fhv_gold.py
[2026-05-08T19:17:16.538+0000] {processor.py:840} INFO - DAG(s) 'newyork_fhv_gold' retrieved from /opt/airflow/dags/newyork_fhv_gold.py
[2026-05-08T19:17:16.564+0000] {logging_mixin.py:188} INFO - [2026-05-08T19:17:16.564+0000] {dag.py:3096} INFO - Sync 1 DAGs
[2026-05-08T19:17:16.580+0000] {logging_mixin.py:188} INFO - [2026-05-08T19:17:16.580+0000] {dag.py:3954} INFO - Setting next_dagrun for newyork_fhv_gold to None, run_after=None
[2026-05-08T19:17:16.602+0000] {processor.py:183} INFO - Processing /opt/airflow/dags/newyork_fhv_gold.py took 0.105 seconds
[2026-05-08T19:17:47.347+0000] {processor.py:161} INFO - Started process (PID=341) to work on /opt/airflow/dags/newyork_fhv_gold.py
[2026-05-08T19:17:47.348+0000] {processor.py:830} INFO - Processing file /opt/airflow/dags/newyork_fhv_gold.py for tasks to queue
[2026-05-08T19:17:47.350+0000] {logging_mixin.py:188} INFO - [2026-05-08T19:17:47.350+0000] {dagbag.py:545} INFO - Filling up the DagBag from /opt/airflow/dags/newyork_fhv_gold.py
[2026-05-08T19:17:47.375+0000] {processor.py:840} INFO - DAG(s) 'newyork_fhv_gold' retrieved from /opt/airflow/dags/newyork_fhv_gold.py
[2026-05-08T19:17:47.396+0000] {logging_mixin.py:188} INFO - [2026-05-08T19:17:47.396+0000] {dag.py:3096} INFO - Sync 1 DAGs
[2026-05-08T19:17:47.408+0000] {logging_mixin.py:188} INFO - [2026-05-08T19:17:47.408+0000] {dag.py:3954} INFO - Setting next_dagrun for newyork_fhv_gold to None, run_after=None
[2026-05-08T19:17:47.430+0000] {processor.py:183} INFO - Processing /opt/airflow/dags/newyork_fhv_gold.py took 0.089 seconds
[2026-05-08T19:18:18.122+0000] {processor.py:161} INFO - Started process (PID=352) to work on /opt/airflow/dags/newyork_fhv_gold.py
[2026-05-08T19:18:18.123+0000] {processor.py:830} INFO - Processing file /opt/airflow/dags/newyork_fhv_gold.py for tasks to queue
[2026-05-08T19:18:18.126+0000] {logging_mixin.py:188} INFO - [2026-05-08T19:18:18.125+0000] {dagbag.py:545} INFO - Filling up the DagBag from /opt/airflow/dags/newyork_fhv_gold.py
[2026-05-08T19:18:18.150+0000] {processor.py:840} INFO - DAG(s) 'newyork_fhv_gold' retrieved from /opt/airflow/dags/newyork_fhv_gold.py
[2026-05-08T19:18:18.171+0000] {logging_mixin.py:188} INFO - [2026-05-08T19:18:18.171+0000] {dag.py:3096} INFO - Sync 1 DAGs
[2026-05-08T19:18:18.184+0000] {logging_mixin.py:188} INFO - [2026-05-08T19:18:18.184+0000] {dag.py:3954} INFO - Setting next_dagrun for newyork_fhv_gold to None, run_after=None
[2026-05-08T19:18:18.205+0000] {processor.py:183} INFO - Processing /opt/airflow/dags/newyork_fhv_gold.py took 0.089 seconds
[2026-05-08T19:18:48.944+0000] {processor.py:161} INFO - Started process (PID=363) to work on /opt/airflow/dags/newyork_fhv_gold.py
[2026-05-08T19:18:48.945+0000] {processor.py:830} INFO - Processing file /opt/airflow/dags/newyork_fhv_gold.py for tasks to queue
[2026-05-08T19:18:48.947+0000] {logging_mixin.py:188} INFO - [2026-05-08T19:18:48.947+0000] {dagbag.py:545} INFO - Filling up the DagBag from /opt/airflow/dags/newyork_fhv_gold.py
[2026-05-08T19:18:48.967+0000] {processor.py:840} INFO - DAG(s) 'newyork_fhv_gold' retrieved from /opt/airflow/dags/newyork_fhv_gold.py
[2026-05-08T19:18:48.987+0000] {logging_mixin.py:188} INFO - [2026-05-08T19:18:48.987+0000] {dag.py:3096} INFO - Sync 1 DAGs
[2026-05-08T19:18:49.002+0000] {logging_mixin.py:188} INFO - [2026-05-08T19:18:49.002+0000] {dag.py:3954} INFO - Setting next_dagrun for newyork_fhv_gold to None, run_after=None
[2026-05-08T19:18:49.023+0000] {processor.py:183} INFO - Processing /opt/airflow/dags/newyork_fhv_gold.py took 0.084 seconds
[2026-05-08T19:19:19.769+0000] {processor.py:161} INFO - Started process (PID=374) to work on /opt/airflow/dags/newyork_fhv_gold.py
[2026-05-08T19:19:19.771+0000] {processor.py:830} INFO - Processing file /opt/airflow/dags/newyork_fhv_gold.py for tasks to queue
[2026-05-08T19:19:19.775+0000] {logging_mixin.py:188} INFO - [2026-05-08T19:19:19.775+0000] {dagbag.py:545} INFO - Filling up the DagBag from /opt/airflow/dags/newyork_fhv_gold.py
[2026-05-08T19:19:19.817+0000] {processor.py:840} INFO - DAG(s) 'newyork_fhv_gold' retrieved from /opt/airflow/dags/newyork_fhv_gold.py
[2026-05-08T19:19:19.843+0000] {logging_mixin.py:188} INFO - [2026-05-08T19:19:19.843+0000] {dag.py:3096} INFO - Sync 1 DAGs
[2026-05-08T19:19:19.855+0000] {logging_mixin.py:188} INFO - [2026-05-08T19:19:19.855+0000] {dag.py:3954} INFO - Setting next_dagrun for newyork_fhv_gold to None, run_after=None
[2026-05-08T19:19:19.877+0000] {processor.py:183} INFO - Processing /opt/airflow/dags/newyork_fhv_gold.py took 0.117 seconds
[2026-05-08T19:19:50.731+0000] {processor.py:161} INFO - Started process (PID=385) to work on /opt/airflow/dags/newyork_fhv_gold.py
[2026-05-08T19:19:50.732+0000] {processor.py:830} INFO - Processing file /opt/airflow/dags/newyork_fhv_gold.py for tasks to queue
[2026-05-08T19:19:50.735+0000] {logging_mixin.py:188} INFO - [2026-05-08T19:19:50.734+0000] {dagbag.py:545} INFO - Filling up the DagBag from /opt/airflow/dags/newyork_fhv_gold.py
[2026-05-08T19:19:50.759+0000] {processor.py:840} INFO - DAG(s) 'newyork_fhv_gold' retrieved from /opt/airflow/dags/newyork_fhv_gold.py
[2026-05-08T19:19:50.780+0000] {logging_mixin.py:188} INFO - [2026-05-08T19:19:50.780+0000] {dag.py:3096} INFO - Sync 1 DAGs
[2026-05-08T19:19:50.795+0000] {logging_mixin.py:188} INFO - [2026-05-08T19:19:50.795+0000] {dag.py:3954} INFO - Setting next_dagrun for newyork_fhv_gold to None, run_after=None
[2026-05-08T19:19:50.818+0000] {processor.py:183} INFO - Processing /opt/airflow/dags/newyork_fhv_gold.py took 0.092 seconds
[2026-05-08T19:20:21.561+0000] {processor.py:161} INFO - Started process (PID=396) to work on /opt/airflow/dags/newyork_fhv_gold.py
[2026-05-08T19:20:21.562+0000] {processor.py:830} INFO - Processing file /opt/airflow/dags/newyork_fhv_gold.py for tasks to queue
[2026-05-08T19:20:21.564+0000] {logging_mixin.py:188} INFO - [2026-05-08T19:20:21.564+0000] {dagbag.py:545} INFO - Filling up the DagBag from /opt/airflow/dags/newyork_fhv_gold.py
[2026-05-08T19:20:21.585+0000] {processor.py:840} INFO - DAG(s) 'newyork_fhv_gold' retrieved from /opt/airflow/dags/newyork_fhv_gold.py
[2026-05-08T19:20:21.606+0000] {logging_mixin.py:188} INFO - [2026-05-08T19:20:21.606+0000] {dag.py:3096} INFO - Sync 1 DAGs
[2026-05-08T19:20:21.619+0000] {logging_mixin.py:188} INFO - [2026-05-08T19:20:21.618+0000] {dag.py:3954} INFO - Setting next_dagrun for newyork_fhv_gold to None, run_after=None
[2026-05-08T19:20:21.642+0000] {processor.py:183} INFO - Processing /opt/airflow/dags/newyork_fhv_gold.py took 0.087 seconds
[2026-05-08T19:20:52.451+0000] {processor.py:161} INFO - Started process (PID=407) to work on /opt/airflow/dags/newyork_fhv_gold.py
[2026-05-08T19:20:52.452+0000] {processor.py:830} INFO - Processing file /opt/airflow/dags/newyork_fhv_gold.py for tasks to queue
[2026-05-08T19:20:52.454+0000] {logging_mixin.py:188} INFO - [2026-05-08T19:20:52.454+0000] {dagbag.py:545} INFO - Filling up the DagBag from /opt/airflow/dags/newyork_fhv_gold.py
[2026-05-08T19:20:52.486+0000] {processor.py:840} INFO - DAG(s) 'newyork_fhv_gold' retrieved from /opt/airflow/dags/newyork_fhv_gold.py
[2026-05-08T19:20:52.507+0000] {logging_mixin.py:188} INFO - [2026-05-08T19:20:52.507+0000] {dag.py:3096} INFO - Sync 1 DAGs
[2026-05-08T19:20:52.518+0000] {logging_mixin.py:188} INFO - [2026-05-08T19:20:52.518+0000] {dag.py:3954} INFO - Setting next_dagrun for newyork_fhv_gold to None, run_after=None
[2026-05-08T19:20:52.537+0000] {processor.py:183} INFO - Processing /opt/airflow/dags/newyork_fhv_gold.py took 0.093 seconds
[2026-05-08T19:21:22.632+0000] {processor.py:161} INFO - Started process (PID=418) to work on /opt/airflow/dags/newyork_fhv_gold.py
[2026-05-08T19:21:22.633+0000] {processor.py:830} INFO - Processing file /opt/airflow/dags/newyork_fhv_gold.py for tasks to queue
[2026-05-08T19:21:22.636+0000] {logging_mixin.py:188} INFO - [2026-05-08T19:21:22.636+0000] {dagbag.py:545} INFO - Filling up the DagBag from /opt/airflow/dags/newyork_fhv_gold.py
[2026-05-08T19:21:22.663+0000] {processor.py:840} INFO - DAG(s) 'newyork_fhv_gold' retrieved from /opt/airflow/dags/newyork_fhv_gold.py
[2026-05-08T19:21:22.684+0000] {logging_mixin.py:188} INFO - [2026-05-08T19:21:22.684+0000] {dag.py:3096} INFO - Sync 1 DAGs
[2026-05-08T19:21:22.697+0000] {logging_mixin.py:188} INFO - [2026-05-08T19:21:22.697+0000] {dag.py:3954} INFO - Setting next_dagrun for newyork_fhv_gold to None, run_after=None
[2026-05-08T19:21:22.720+0000] {processor.py:183} INFO - Processing /opt/airflow/dags/newyork_fhv_gold.py took 0.097 seconds
[2026-05-08T19:21:51.080+0000] {processor.py:161} INFO - Started process (PID=426) to work on /opt/airflow/dags/newyork_fhv_gold.py
[2026-05-08T19:21:51.082+0000] {processor.py:830} INFO - Processing file /opt/airflow/dags/newyork_fhv_gold.py for tasks to queue
[2026-05-08T19:21:51.084+0000] {logging_mixin.py:188} INFO - [2026-05-08T19:21:51.084+0000] {dagbag.py:545} INFO - Filling up the DagBag from /opt/airflow/dags/newyork_fhv_gold.py
[2026-05-08T19:21:51.126+0000] {processor.py:840} INFO - DAG(s) 'newyork_fhv_gold' retrieved from /opt/airflow/dags/newyork_fhv_gold.py
[2026-05-08T19:21:51.150+0000] {logging_mixin.py:188} INFO - [2026-05-08T19:21:51.150+0000] {dag.py:3096} INFO - Sync 1 DAGs
[2026-05-08T19:21:51.165+0000] {logging_mixin.py:188} INFO - [2026-05-08T19:21:51.164+0000] {dag.py:3954} INFO - Setting next_dagrun for newyork_fhv_gold to None, run_after=None
[2026-05-08T19:21:51.197+0000] {processor.py:183} INFO - Processing /opt/airflow/dags/newyork_fhv_gold.py took 0.123 seconds
[2026-05-08T19:22:22.091+0000] {processor.py:161} INFO - Started process (PID=437) to work on /opt/airflow/dags/newyork_fhv_gold.py
[2026-05-08T19:22:22.092+0000] {processor.py:830} INFO - Processing file /opt/airflow/dags/newyork_fhv_gold.py for tasks to queue
[2026-05-08T19:22:22.095+0000] {logging_mixin.py:188} INFO - [2026-05-08T19:22:22.095+0000] {dagbag.py:545} INFO - Filling up the DagBag from /opt/airflow/dags/newyork_fhv_gold.py
[2026-05-08T19:22:22.131+0000] {processor.py:840} INFO - DAG(s) 'newyork_fhv_gold' retrieved from /opt/airflow/dags/newyork_fhv_gold.py
[2026-05-08T19:22:22.148+0000] {logging_mixin.py:188} INFO - [2026-05-08T19:22:22.148+0000] {dag.py:3096} INFO - Sync 1 DAGs
[2026-05-08T19:22:22.159+0000] {logging_mixin.py:188} INFO - [2026-05-08T19:22:22.159+0000] {dag.py:3954} INFO - Setting next_dagrun for newyork_fhv_gold to None, run_after=None
[2026-05-08T19:22:22.178+0000] {processor.py:183} INFO - Processing /opt/airflow/dags/newyork_fhv_gold.py took 0.096 seconds
[2026-05-08T19:22:52.646+0000] {processor.py:161} INFO - Started process (PID=448) to work on /opt/airflow/dags/newyork_fhv_gold.py
[2026-05-08T19:22:52.648+0000] {processor.py:830} INFO - Processing file /opt/airflow/dags/newyork_fhv_gold.py for tasks to queue
[2026-05-08T19:22:52.651+0000] {logging_mixin.py:188} INFO - [2026-05-08T19:22:52.650+0000] {dagbag.py:545} INFO - Filling up the DagBag from /opt/airflow/dags/newyork_fhv_gold.py
[2026-05-08T19:22:52.688+0000] {processor.py:840} INFO - DAG(s) 'newyork_fhv_gold' retrieved from /opt/airflow/dags/newyork_fhv_gold.py
[2026-05-08T19:22:52.719+0000] {logging_mixin.py:188} INFO - [2026-05-08T19:22:52.719+0000] {dag.py:3096} INFO - Sync 1 DAGs
[2026-05-08T19:22:52.733+0000] {logging_mixin.py:188} INFO - [2026-05-08T19:22:52.733+0000] {dag.py:3954} INFO - Setting next_dagrun for newyork_fhv_gold to None, run_after=None
[2026-05-08T19:22:52.770+0000] {processor.py:183} INFO - Processing /opt/airflow/dags/newyork_fhv_gold.py took 0.135 seconds
[2026-05-08T19:23:23.562+0000] {processor.py:161} INFO - Started process (PID=459) to work on /opt/airflow/dags/newyork_fhv_gold.py
[2026-05-08T19:23:23.564+0000] {processor.py:830} INFO - Processing file /opt/airflow/dags/newyork_fhv_gold.py for tasks to queue
[2026-05-08T19:23:23.568+0000] {logging_mixin.py:188} INFO - [2026-05-08T19:23:23.568+0000] {dagbag.py:545} INFO - Filling up the DagBag from /opt/airflow/dags/newyork_fhv_gold.py
[2026-05-08T19:23:23.611+0000] {processor.py:840} INFO - DAG(s) 'newyork_fhv_gold' retrieved from /opt/airflow/dags/newyork_fhv_gold.py
[2026-05-08T19:23:23.648+0000] {logging_mixin.py:188} INFO - [2026-05-08T19:23:23.648+0000] {dag.py:3096} INFO - Sync 1 DAGs
[2026-05-08T19:23:23.664+0000] {logging_mixin.py:188} INFO - [2026-05-08T19:23:23.663+0000] {dag.py:3954} INFO - Setting next_dagrun for newyork_fhv_gold to None, run_after=None
[2026-05-08T19:23:23.710+0000] {processor.py:183} INFO - Processing /opt/airflow/dags/newyork_fhv_gold.py took 0.159 seconds
[2026-05-08T19:23:54.474+0000] {processor.py:161} INFO - Started process (PID=470) to work on /opt/airflow/dags/newyork_fhv_gold.py
[2026-05-08T19:23:54.476+0000] {processor.py:830} INFO - Processing file /opt/airflow/dags/newyork_fhv_gold.py for tasks to queue
[2026-05-08T19:23:54.479+0000] {logging_mixin.py:188} INFO - [2026-05-08T19:23:54.478+0000] {dagbag.py:545} INFO - Filling up the DagBag from /opt/airflow/dags/newyork_fhv_gold.py
[2026-05-08T19:23:54.511+0000] {processor.py:840} INFO - DAG(s) 'newyork_fhv_gold' retrieved from /opt/airflow/dags/newyork_fhv_gold.py
[2026-05-08T19:23:54.531+0000] {logging_mixin.py:188} INFO - [2026-05-08T19:23:54.531+0000] {dag.py:3096} INFO - Sync 1 DAGs
[2026-05-08T19:23:54.544+0000] {logging_mixin.py:188} INFO - [2026-05-08T19:23:54.544+0000] {dag.py:3954} INFO - Setting next_dagrun for newyork_fhv_gold to None, run_after=None
[2026-05-08T19:23:54.566+0000] {processor.py:183} INFO - Processing /opt/airflow/dags/newyork_fhv_gold.py took 0.098 seconds
[2026-05-08T19:24:25.444+0000] {processor.py:161} INFO - Started process (PID=481) to work on /opt/airflow/dags/newyork_fhv_gold.py
[2026-05-08T19:24:25.446+0000] {processor.py:830} INFO - Processing file /opt/airflow/dags/newyork_fhv_gold.py for tasks to queue
[2026-05-08T19:24:25.450+0000] {logging_mixin.py:188} INFO - [2026-05-08T19:24:25.449+0000] {dagbag.py:545} INFO - Filling up the DagBag from /opt/airflow/dags/newyork_fhv_gold.py
[2026-05-08T19:24:25.503+0000] {processor.py:840} INFO - DAG(s) 'newyork_fhv_gold' retrieved from /opt/airflow/dags/newyork_fhv_gold.py
[2026-05-08T19:24:25.532+0000] {logging_mixin.py:188} INFO - [2026-05-08T19:24:25.532+0000] {dag.py:3096} INFO - Sync 1 DAGs
[2026-05-08T19:24:25.545+0000] {logging_mixin.py:188} INFO - [2026-05-08T19:24:25.545+0000] {dag.py:3954} INFO - Setting next_dagrun for newyork_fhv_gold to None, run_after=None
[2026-05-08T19:24:25.571+0000] {processor.py:183} INFO - Processing /opt/airflow/dags/newyork_fhv_gold.py took 0.139 seconds
[2026-05-08T19:24:56.345+0000] {processor.py:161} INFO - Started process (PID=492) to work on /opt/airflow/dags/newyork_fhv_gold.py
[2026-05-08T19:24:56.348+0000] {processor.py:830} INFO - Processing file /opt/airflow/dags/newyork_fhv_gold.py for tasks to queue
[2026-05-08T19:24:56.352+0000] {logging_mixin.py:188} INFO - [2026-05-08T19:24:56.352+0000] {dagbag.py:545} INFO - Filling up the DagBag from /opt/airflow/dags/newyork_fhv_gold.py
[2026-05-08T19:24:56.401+0000] {processor.py:840} INFO - DAG(s) 'newyork_fhv_gold' retrieved from /opt/airflow/dags/newyork_fhv_gold.py
[2026-05-08T19:24:56.432+0000] {logging_mixin.py:188} INFO - [2026-05-08T19:24:56.432+0000] {dag.py:3096} INFO - Sync 1 DAGs
[2026-05-08T19:24:56.451+0000] {logging_mixin.py:188} INFO - [2026-05-08T19:24:56.450+0000] {dag.py:3954} INFO - Setting next_dagrun for newyork_fhv_gold to None, run_after=None
[2026-05-08T19:24:56.494+0000] {processor.py:183} INFO - Processing /opt/airflow/dags/newyork_fhv_gold.py took 0.159 seconds
[2026-05-08T19:25:27.263+0000] {processor.py:161} INFO - Started process (PID=503) to work on /opt/airflow/dags/newyork_fhv_gold.py
[2026-05-08T19:25:27.265+0000] {processor.py:830} INFO - Processing file /opt/airflow/dags/newyork_fhv_gold.py for tasks to queue
[2026-05-08T19:25:27.268+0000] {logging_mixin.py:188} INFO - [2026-05-08T19:25:27.268+0000] {dagbag.py:545} INFO - Filling up the DagBag from /opt/airflow/dags/newyork_fhv_gold.py
[2026-05-08T19:25:27.302+0000] {processor.py:840} INFO - DAG(s) 'newyork_fhv_gold' retrieved from /opt/airflow/dags/newyork_fhv_gold.py
[2026-05-08T19:25:27.325+0000] {logging_mixin.py:188} INFO - [2026-05-08T19:25:27.325+0000] {dag.py:3096} INFO - Sync 1 DAGs
[2026-05-08T19:25:27.338+0000] {logging_mixin.py:188} INFO - [2026-05-08T19:25:27.338+0000] {dag.py:3954} INFO - Setting next_dagrun for newyork_fhv_gold to None, run_after=None
[2026-05-08T19:25:27.362+0000] {processor.py:183} INFO - Processing /opt/airflow/dags/newyork_fhv_gold.py took 0.106 seconds
[2026-05-08T19:25:58.413+0000] {processor.py:161} INFO - Started process (PID=514) to work on /opt/airflow/dags/newyork_fhv_gold.py
[2026-05-08T19:25:58.415+0000] {processor.py:830} INFO - Processing file /opt/airflow/dags/newyork_fhv_gold.py for tasks to queue
[2026-05-08T19:25:58.419+0000] {logging_mixin.py:188} INFO - [2026-05-08T19:25:58.419+0000] {dagbag.py:545} INFO - Filling up the DagBag from /opt/airflow/dags/newyork_fhv_gold.py
[2026-05-08T19:25:58.458+0000] {processor.py:840} INFO - DAG(s) 'newyork_fhv_gold' retrieved from /opt/airflow/dags/newyork_fhv_gold.py
[2026-05-08T19:25:58.490+0000] {logging_mixin.py:188} INFO - [2026-05-08T19:25:58.490+0000] {dag.py:3096} INFO - Sync 1 DAGs
[2026-05-08T19:25:58.514+0000] {logging_mixin.py:188} INFO - [2026-05-08T19:25:58.514+0000] {dag.py:3954} INFO - Setting next_dagrun for newyork_fhv_gold to None, run_after=None
[2026-05-08T19:25:58.550+0000] {processor.py:183} INFO - Processing /opt/airflow/dags/newyork_fhv_gold.py took 0.146 seconds
[2026-05-08T19:26:29.467+0000] {processor.py:161} INFO - Started process (PID=525) to work on /opt/airflow/dags/newyork_fhv_gold.py
[2026-05-08T19:26:29.470+0000] {processor.py:830} INFO - Processing file /opt/airflow/dags/newyork_fhv_gold.py for tasks to queue
[2026-05-08T19:26:29.474+0000] {logging_mixin.py:188} INFO - [2026-05-08T19:26:29.473+0000] {dagbag.py:545} INFO - Filling up the DagBag from /opt/airflow/dags/newyork_fhv_gold.py
[2026-05-08T19:26:29.526+0000] {processor.py:840} INFO - DAG(s) 'newyork_fhv_gold' retrieved from /opt/airflow/dags/newyork_fhv_gold.py
[2026-05-08T19:26:29.581+0000] {logging_mixin.py:188} INFO - [2026-05-08T19:26:29.581+0000] {dag.py:3096} INFO - Sync 1 DAGs
[2026-05-08T19:26:29.598+0000] {logging_mixin.py:188} INFO - [2026-05-08T19:26:29.598+0000] {dag.py:3954} INFO - Setting next_dagrun for newyork_fhv_gold to None, run_after=None
[2026-05-08T19:26:29.638+0000] {processor.py:183} INFO - Processing /opt/airflow/dags/newyork_fhv_gold.py took 0.181 seconds
[2026-05-08T19:27:00.483+0000] {processor.py:161} INFO - Started process (PID=536) to work on /opt/airflow/dags/newyork_fhv_gold.py
[2026-05-08T19:27:00.486+0000] {processor.py:830} INFO - Processing file /opt/airflow/dags/newyork_fhv_gold.py for tasks to queue
[2026-05-08T19:27:00.489+0000] {logging_mixin.py:188} INFO - [2026-05-08T19:27:00.489+0000] {dagbag.py:545} INFO - Filling up the DagBag from /opt/airflow/dags/newyork_fhv_gold.py
[2026-05-08T19:27:00.538+0000] {processor.py:840} INFO - DAG(s) 'newyork_fhv_gold' retrieved from /opt/airflow/dags/newyork_fhv_gold.py
[2026-05-08T19:27:00.577+0000] {logging_mixin.py:188} INFO - [2026-05-08T19:27:00.576+0000] {dag.py:3096} INFO - Sync 1 DAGs
[2026-05-08T19:27:00.602+0000] {logging_mixin.py:188} INFO - [2026-05-08T19:27:00.602+0000] {dag.py:3954} INFO - Setting next_dagrun for newyork_fhv_gold to None, run_after=None
[2026-05-08T19:27:00.649+0000] {processor.py:183} INFO - Processing /opt/airflow/dags/newyork_fhv_gold.py took 0.180 seconds
[2026-05-08T19:27:31.227+0000] {processor.py:161} INFO - Started process (PID=547) to work on /opt/airflow/dags/newyork_fhv_gold.py
[2026-05-08T19:27:31.230+0000] {processor.py:830} INFO - Processing file /opt/airflow/dags/newyork_fhv_gold.py for tasks to queue
[2026-05-08T19:27:31.235+0000] {logging_mixin.py:188} INFO - [2026-05-08T19:27:31.234+0000] {dagbag.py:545} INFO - Filling up the DagBag from /opt/airflow/dags/newyork_fhv_gold.py
[2026-05-08T19:27:31.282+0000] {processor.py:840} INFO - DAG(s) 'newyork_fhv_gold' retrieved from /opt/airflow/dags/newyork_fhv_gold.py
[2026-05-08T19:27:31.318+0000] {logging_mixin.py:188} INFO - [2026-05-08T19:27:31.318+0000] {dag.py:3096} INFO - Sync 1 DAGs
[2026-05-08T19:27:31.336+0000] {logging_mixin.py:188} INFO - [2026-05-08T19:27:31.336+0000] {dag.py:3954} INFO - Setting next_dagrun for newyork_fhv_gold to None, run_after=None
[2026-05-08T19:27:31.369+0000] {processor.py:183} INFO - Processing /opt/airflow/dags/newyork_fhv_gold.py took 0.155 seconds
[2026-05-08T19:28:02.181+0000] {processor.py:161} INFO - Started process (PID=564) to work on /opt/airflow/dags/newyork_fhv_gold.py
[2026-05-08T19:28:02.183+0000] {processor.py:830} INFO - Processing file /opt/airflow/dags/newyork_fhv_gold.py for tasks to queue
[2026-05-08T19:28:02.187+0000] {logging_mixin.py:188} INFO - [2026-05-08T19:28:02.186+0000] {dagbag.py:545} INFO - Filling up the DagBag from /opt/airflow/dags/newyork_fhv_gold.py
[2026-05-08T19:28:02.238+0000] {processor.py:840} INFO - DAG(s) 'newyork_fhv_gold' retrieved from /opt/airflow/dags/newyork_fhv_gold.py
[2026-05-08T19:28:02.268+0000] {logging_mixin.py:188} INFO - [2026-05-08T19:28:02.267+0000] {dag.py:3096} INFO - Sync 1 DAGs
[2026-05-08T19:28:02.285+0000] {logging_mixin.py:188} INFO - [2026-05-08T19:28:02.285+0000] {dag.py:3954} INFO - Setting next_dagrun for newyork_fhv_gold to None, run_after=None
[2026-05-08T19:28:02.322+0000] {processor.py:183} INFO - Processing /opt/airflow/dags/newyork_fhv_gold.py took 0.151 seconds
[2026-05-08T19:28:33.201+0000] {processor.py:161} INFO - Started process (PID=575) to work on /opt/airflow/dags/newyork_fhv_gold.py
[2026-05-08T19:28:33.204+0000] {processor.py:830} INFO - Processing file /opt/airflow/dags/newyork_fhv_gold.py for tasks to queue
[2026-05-08T19:28:33.210+0000] {logging_mixin.py:188} INFO - [2026-05-08T19:28:33.209+0000] {dagbag.py:545} INFO - Filling up the DagBag from /opt/airflow/dags/newyork_fhv_gold.py
[2026-05-08T19:28:33.248+0000] {processor.py:840} INFO - DAG(s) 'newyork_fhv_gold' retrieved from /opt/airflow/dags/newyork_fhv_gold.py
[2026-05-08T19:28:33.276+0000] {logging_mixin.py:188} INFO - [2026-05-08T19:28:33.275+0000] {dag.py:3096} INFO - Sync 1 DAGs
[2026-05-08T19:28:33.294+0000] {logging_mixin.py:188} INFO - [2026-05-08T19:28:33.294+0000] {dag.py:3954} INFO - Setting next_dagrun for newyork_fhv_gold to None, run_after=None
[2026-05-08T19:28:33.328+0000] {processor.py:183} INFO - Processing /opt/airflow/dags/newyork_fhv_gold.py took 0.141 seconds
[2026-05-08T19:29:04.110+0000] {processor.py:161} INFO - Started process (PID=587) to work on /opt/airflow/dags/newyork_fhv_gold.py
[2026-05-08T19:29:04.111+0000] {processor.py:830} INFO - Processing file /opt/airflow/dags/newyork_fhv_gold.py for tasks to queue
[2026-05-08T19:29:04.115+0000] {logging_mixin.py:188} INFO - [2026-05-08T19:29:04.114+0000] {dagbag.py:545} INFO - Filling up the DagBag from /opt/airflow/dags/newyork_fhv_gold.py
[2026-05-08T19:29:04.166+0000] {processor.py:840} INFO - DAG(s) 'newyork_fhv_gold' retrieved from /opt/airflow/dags/newyork_fhv_gold.py
[2026-05-08T19:29:04.198+0000] {logging_mixin.py:188} INFO - [2026-05-08T19:29:04.198+0000] {dag.py:3096} INFO - Sync 1 DAGs
[2026-05-08T19:29:04.222+0000] {logging_mixin.py:188} INFO - [2026-05-08T19:29:04.222+0000] {dag.py:3954} INFO - Setting next_dagrun for newyork_fhv_gold to None, run_after=None
[2026-05-08T19:29:04.265+0000] {processor.py:183} INFO - Processing /opt/airflow/dags/newyork_fhv_gold.py took 0.166 seconds
[2026-05-08T19:29:35.134+0000] {processor.py:161} INFO - Started process (PID=598) to work on /opt/airflow/dags/newyork_fhv_gold.py
[2026-05-08T19:29:35.135+0000] {processor.py:830} INFO - Processing file /opt/airflow/dags/newyork_fhv_gold.py for tasks to queue
[2026-05-08T19:29:35.138+0000] {logging_mixin.py:188} INFO - [2026-05-08T19:29:35.138+0000] {dagbag.py:545} INFO - Filling up the DagBag from /opt/airflow/dags/newyork_fhv_gold.py
[2026-05-08T19:29:35.175+0000] {processor.py:840} INFO - DAG(s) 'newyork_fhv_gold' retrieved from /opt/airflow/dags/newyork_fhv_gold.py
[2026-05-08T19:29:35.195+0000] {logging_mixin.py:188} INFO - [2026-05-08T19:29:35.195+0000] {dag.py:3096} INFO - Sync 1 DAGs
[2026-05-08T19:29:35.209+0000] {logging_mixin.py:188} INFO - [2026-05-08T19:29:35.209+0000] {dag.py:3954} INFO - Setting next_dagrun for newyork_fhv_gold to None, run_after=None
[2026-05-08T19:29:35.236+0000] {processor.py:183} INFO - Processing /opt/airflow/dags/newyork_fhv_gold.py took 0.108 seconds
[2026-05-08T19:30:06.158+0000] {processor.py:161} INFO - Started process (PID=609) to work on /opt/airflow/dags/newyork_fhv_gold.py
[2026-05-08T19:30:06.160+0000] {processor.py:830} INFO - Processing file /opt/airflow/dags/newyork_fhv_gold.py for tasks to queue
[2026-05-08T19:30:06.162+0000] {logging_mixin.py:188} INFO - [2026-05-08T19:30:06.162+0000] {dagbag.py:545} INFO - Filling up the DagBag from /opt/airflow/dags/newyork_fhv_gold.py
[2026-05-08T19:30:06.240+0000] {processor.py:840} INFO - DAG(s) 'newyork_fhv_gold' retrieved from /opt/airflow/dags/newyork_fhv_gold.py
[2026-05-08T19:30:06.266+0000] {logging_mixin.py:188} INFO - [2026-05-08T19:30:06.266+0000] {dag.py:3096} INFO - Sync 1 DAGs
[2026-05-08T19:30:06.283+0000] {logging_mixin.py:188} INFO - [2026-05-08T19:30:06.282+0000] {dag.py:3954} INFO - Setting next_dagrun for newyork_fhv_gold to None, run_after=None
[2026-05-08T19:30:06.308+0000] {processor.py:183} INFO - Processing /opt/airflow/dags/newyork_fhv_gold.py took 0.156 seconds
[2026-05-08T19:30:37.096+0000] {processor.py:161} INFO - Started process (PID=621) to work on /opt/airflow/dags/newyork_fhv_gold.py
[2026-05-08T19:30:37.097+0000] {processor.py:830} INFO - Processing file /opt/airflow/dags/newyork_fhv_gold.py for tasks to queue
[2026-05-08T19:30:37.099+0000] {logging_mixin.py:188} INFO - [2026-05-08T19:30:37.099+0000] {dagbag.py:545} INFO - Filling up the DagBag from /opt/airflow/dags/newyork_fhv_gold.py
[2026-05-08T19:30:37.125+0000] {processor.py:840} INFO - DAG(s) 'newyork_fhv_gold' retrieved from /opt/airflow/dags/newyork_fhv_gold.py
[2026-05-08T19:30:37.146+0000] {logging_mixin.py:188} INFO - [2026-05-08T19:30:37.146+0000] {dag.py:3096} INFO - Sync 1 DAGs
[2026-05-08T19:30:37.160+0000] {logging_mixin.py:188} INFO - [2026-05-08T19:30:37.159+0000] {dag.py:3954} INFO - Setting next_dagrun for newyork_fhv_gold to None, run_after=None
[2026-05-08T19:30:37.188+0000] {processor.py:183} INFO - Processing /opt/airflow/dags/newyork_fhv_gold.py took 0.099 seconds
[2026-05-08T19:31:08.232+0000] {processor.py:161} INFO - Started process (PID=632) to work on /opt/airflow/dags/newyork_fhv_gold.py
[2026-05-08T19:31:08.235+0000] {processor.py:830} INFO - Processing file /opt/airflow/dags/newyork_fhv_gold.py for tasks to queue
[2026-05-08T19:31:08.239+0000] {logging_mixin.py:188} INFO - [2026-05-08T19:31:08.238+0000] {dagbag.py:545} INFO - Filling up the DagBag from /opt/airflow/dags/newyork_fhv_gold.py
[2026-05-08T19:31:08.286+0000] {processor.py:840} INFO - DAG(s) 'newyork_fhv_gold' retrieved from /opt/airflow/dags/newyork_fhv_gold.py
[2026-05-08T19:31:08.309+0000] {logging_mixin.py:188} INFO - [2026-05-08T19:31:08.308+0000] {dag.py:3096} INFO - Sync 1 DAGs
[2026-05-08T19:31:08.323+0000] {logging_mixin.py:188} INFO - [2026-05-08T19:31:08.322+0000] {dag.py:3954} INFO - Setting next_dagrun for newyork_fhv_gold to None, run_after=None
[2026-05-08T19:31:08.358+0000] {processor.py:183} INFO - Processing /opt/airflow/dags/newyork_fhv_gold.py took 0.136 seconds
[2026-05-08T19:31:39.030+0000] {processor.py:161} INFO - Started process (PID=643) to work on /opt/airflow/dags/newyork_fhv_gold.py
[2026-05-08T19:31:39.032+0000] {processor.py:830} INFO - Processing file /opt/airflow/dags/newyork_fhv_gold.py for tasks to queue
[2026-05-08T19:31:39.035+0000] {logging_mixin.py:188} INFO - [2026-05-08T19:31:39.034+0000] {dagbag.py:545} INFO - Filling up the DagBag from /opt/airflow/dags/newyork_fhv_gold.py
[2026-05-08T19:31:39.068+0000] {processor.py:840} INFO - DAG(s) 'newyork_fhv_gold' retrieved from /opt/airflow/dags/newyork_fhv_gold.py
[2026-05-08T19:31:39.094+0000] {logging_mixin.py:188} INFO - [2026-05-08T19:31:39.094+0000] {dag.py:3096} INFO - Sync 1 DAGs
[2026-05-08T19:31:39.107+0000] {logging_mixin.py:188} INFO - [2026-05-08T19:31:39.107+0000] {dag.py:3954} INFO - Setting next_dagrun for newyork_fhv_gold to None, run_after=None
[2026-05-08T19:31:39.127+0000] {processor.py:183} INFO - Processing /opt/airflow/dags/newyork_fhv_gold.py took 0.104 seconds
[2026-05-08T19:32:09.776+0000] {processor.py:161} INFO - Started process (PID=654) to work on /opt/airflow/dags/newyork_fhv_gold.py
[2026-05-08T19:32:09.778+0000] {processor.py:830} INFO - Processing file /opt/airflow/dags/newyork_fhv_gold.py for tasks to queue
[2026-05-08T19:32:09.783+0000] {logging_mixin.py:188} INFO - [2026-05-08T19:32:09.782+0000] {dagbag.py:545} INFO - Filling up the DagBag from /opt/airflow/dags/newyork_fhv_gold.py
[2026-05-08T19:32:09.822+0000] {processor.py:840} INFO - DAG(s) 'newyork_fhv_gold' retrieved from /opt/airflow/dags/newyork_fhv_gold.py
[2026-05-08T19:32:09.843+0000] {logging_mixin.py:188} INFO - [2026-05-08T19:32:09.842+0000] {dag.py:3096} INFO - Sync 1 DAGs
[2026-05-08T19:32:09.857+0000] {logging_mixin.py:188} INFO - [2026-05-08T19:32:09.857+0000] {dag.py:3954} INFO - Setting next_dagrun for newyork_fhv_gold to None, run_after=None
[2026-05-08T19:32:09.880+0000] {processor.py:183} INFO - Processing /opt/airflow/dags/newyork_fhv_gold.py took 0.113 seconds
[2026-05-08T19:32:40.672+0000] {processor.py:161} INFO - Started process (PID=665) to work on /opt/airflow/dags/newyork_fhv_gold.py
[2026-05-08T19:32:40.674+0000] {processor.py:830} INFO - Processing file /opt/airflow/dags/newyork_fhv_gold.py for tasks to queue
[2026-05-08T19:32:40.677+0000] {logging_mixin.py:188} INFO - [2026-05-08T19:32:40.676+0000] {dagbag.py:545} INFO - Filling up the DagBag from /opt/airflow/dags/newyork_fhv_gold.py
[2026-05-08T19:32:40.716+0000] {processor.py:840} INFO - DAG(s) 'newyork_fhv_gold' retrieved from /opt/airflow/dags/newyork_fhv_gold.py
[2026-05-08T19:32:40.742+0000] {logging_mixin.py:188} INFO - [2026-05-08T19:32:40.742+0000] {dag.py:3096} INFO - Sync 1 DAGs
[2026-05-08T19:32:40.757+0000] {logging_mixin.py:188} INFO - [2026-05-08T19:32:40.757+0000] {dag.py:3954} INFO - Setting next_dagrun for newyork_fhv_gold to None, run_after=None
[2026-05-08T19:32:40.789+0000] {processor.py:183} INFO - Processing /opt/airflow/dags/newyork_fhv_gold.py took 0.124 seconds
[2026-05-08T19:33:11.577+0000] {processor.py:161} INFO - Started process (PID=676) to work on /opt/airflow/dags/newyork_fhv_gold.py
[2026-05-08T19:33:11.579+0000] {processor.py:830} INFO - Processing file /opt/airflow/dags/newyork_fhv_gold.py for tasks to queue
[2026-05-08T19:33:11.582+0000] {logging_mixin.py:188} INFO - [2026-05-08T19:33:11.582+0000] {dagbag.py:545} INFO - Filling up the DagBag from /opt/airflow/dags/newyork_fhv_gold.py
[2026-05-08T19:33:11.624+0000] {processor.py:840} INFO - DAG(s) 'newyork_fhv_gold' retrieved from /opt/airflow/dags/newyork_fhv_gold.py
[2026-05-08T19:33:11.646+0000] {logging_mixin.py:188} INFO - [2026-05-08T19:33:11.646+0000] {dag.py:3096} INFO - Sync 1 DAGs
[2026-05-08T19:33:11.658+0000] {logging_mixin.py:188} INFO - [2026-05-08T19:33:11.657+0000] {dag.py:3954} INFO - Setting next_dagrun for newyork_fhv_gold to None, run_after=None
[2026-05-08T19:33:11.679+0000] {processor.py:183} INFO - Processing /opt/airflow/dags/newyork_fhv_gold.py took 0.116 seconds
[2026-05-08T19:33:42.436+0000] {processor.py:161} INFO - Started process (PID=687) to work on /opt/airflow/dags/newyork_fhv_gold.py
[2026-05-08T19:33:42.437+0000] {processor.py:830} INFO - Processing file /opt/airflow/dags/newyork_fhv_gold.py for tasks to queue
[2026-05-08T19:33:42.440+0000] {logging_mixin.py:188} INFO - [2026-05-08T19:33:42.440+0000] {dagbag.py:545} INFO - Filling up the DagBag from /opt/airflow/dags/newyork_fhv_gold.py
[2026-05-08T19:33:42.466+0000] {processor.py:840} INFO - DAG(s) 'newyork_fhv_gold' retrieved from /opt/airflow/dags/newyork_fhv_gold.py
[2026-05-08T19:33:42.491+0000] {logging_mixin.py:188} INFO - [2026-05-08T19:33:42.490+0000] {dag.py:3096} INFO - Sync 1 DAGs
[2026-05-08T19:33:42.502+0000] {logging_mixin.py:188} INFO - [2026-05-08T19:33:42.502+0000] {dag.py:3954} INFO - Setting next_dagrun for newyork_fhv_gold to None, run_after=None
[2026-05-08T19:33:42.526+0000] {processor.py:183} INFO - Processing /opt/airflow/dags/newyork_fhv_gold.py took 0.097 seconds
[2026-05-08T19:34:13.321+0000] {processor.py:161} INFO - Started process (PID=698) to work on /opt/airflow/dags/newyork_fhv_gold.py
[2026-05-08T19:34:13.322+0000] {processor.py:830} INFO - Processing file /opt/airflow/dags/newyork_fhv_gold.py for tasks to queue
[2026-05-08T19:34:13.325+0000] {logging_mixin.py:188} INFO - [2026-05-08T19:34:13.325+0000] {dagbag.py:545} INFO - Filling up the DagBag from /opt/airflow/dags/newyork_fhv_gold.py
[2026-05-08T19:34:13.359+0000] {processor.py:840} INFO - DAG(s) 'newyork_fhv_gold' retrieved from /opt/airflow/dags/newyork_fhv_gold.py
[2026-05-08T19:34:13.381+0000] {logging_mixin.py:188} INFO - [2026-05-08T19:34:13.380+0000] {dag.py:3096} INFO - Sync 1 DAGs
[2026-05-08T19:34:13.401+0000] {logging_mixin.py:188} INFO - [2026-05-08T19:34:13.400+0000] {dag.py:3954} INFO - Setting next_dagrun for newyork_fhv_gold to None, run_after=None
[2026-05-08T19:34:13.425+0000] {processor.py:183} INFO - Processing /opt/airflow/dags/newyork_fhv_gold.py took 0.111 seconds
[2026-05-08T19:34:44.171+0000] {processor.py:161} INFO - Started process (PID=718) to work on /opt/airflow/dags/newyork_fhv_gold.py
[2026-05-08T19:34:44.173+0000] {processor.py:830} INFO - Processing file /opt/airflow/dags/newyork_fhv_gold.py for tasks to queue
[2026-05-08T19:34:44.177+0000] {logging_mixin.py:188} INFO - [2026-05-08T19:34:44.176+0000] {dagbag.py:545} INFO - Filling up the DagBag from /opt/airflow/dags/newyork_fhv_gold.py
[2026-05-08T19:34:44.201+0000] {processor.py:840} INFO - DAG(s) 'newyork_fhv_gold' retrieved from /opt/airflow/dags/newyork_fhv_gold.py
[2026-05-08T19:34:44.226+0000] {logging_mixin.py:188} INFO - [2026-05-08T19:34:44.226+0000] {dag.py:3096} INFO - Sync 1 DAGs
[2026-05-08T19:34:44.242+0000] {logging_mixin.py:188} INFO - [2026-05-08T19:34:44.242+0000] {dag.py:3954} INFO - Setting next_dagrun for newyork_fhv_gold to None, run_after=None
[2026-05-08T19:34:44.268+0000] {processor.py:183} INFO - Processing /opt/airflow/dags/newyork_fhv_gold.py took 0.104 seconds
[2026-05-08T19:35:14.953+0000] {processor.py:161} INFO - Started process (PID=743) to work on /opt/airflow/dags/newyork_fhv_gold.py
[2026-05-08T19:35:14.955+0000] {processor.py:830} INFO - Processing file /opt/airflow/dags/newyork_fhv_gold.py for tasks to queue
[2026-05-08T19:35:14.959+0000] {logging_mixin.py:188} INFO - [2026-05-08T19:35:14.958+0000] {dagbag.py:545} INFO - Filling up the DagBag from /opt/airflow/dags/newyork_fhv_gold.py
[2026-05-08T19:35:14.986+0000] {processor.py:840} INFO - DAG(s) 'newyork_fhv_gold' retrieved from /opt/airflow/dags/newyork_fhv_gold.py
[2026-05-08T19:35:15.010+0000] {logging_mixin.py:188} INFO - [2026-05-08T19:35:15.010+0000] {dag.py:3096} INFO - Sync 1 DAGs
[2026-05-08T19:35:15.022+0000] {logging_mixin.py:188} INFO - [2026-05-08T19:35:15.022+0000] {dag.py:3954} INFO - Setting next_dagrun for newyork_fhv_gold to None, run_after=None
[2026-05-08T19:35:15.046+0000] {processor.py:183} INFO - Processing /opt/airflow/dags/newyork_fhv_gold.py took 0.103 seconds
[2026-05-08T19:35:45.850+0000] {processor.py:161} INFO - Started process (PID=754) to work on /opt/airflow/dags/newyork_fhv_gold.py
[2026-05-08T19:35:45.852+0000] {processor.py:830} INFO - Processing file /opt/airflow/dags/newyork_fhv_gold.py for tasks to queue
[2026-05-08T19:35:45.856+0000] {logging_mixin.py:188} INFO - [2026-05-08T19:35:45.855+0000] {dagbag.py:545} INFO - Filling up the DagBag from /opt/airflow/dags/newyork_fhv_gold.py
[2026-05-08T19:35:45.910+0000] {processor.py:840} INFO - DAG(s) 'newyork_fhv_gold' retrieved from /opt/airflow/dags/newyork_fhv_gold.py
[2026-05-08T19:35:45.946+0000] {logging_mixin.py:188} INFO - [2026-05-08T19:35:45.946+0000] {dag.py:3096} INFO - Sync 1 DAGs
[2026-05-08T19:35:45.972+0000] {logging_mixin.py:188} INFO - [2026-05-08T19:35:45.971+0000] {dag.py:3954} INFO - Setting next_dagrun for newyork_fhv_gold to None, run_after=None
[2026-05-08T19:35:46.056+0000] {processor.py:183} INFO - Processing /opt/airflow/dags/newyork_fhv_gold.py took 0.219 seconds
[2026-05-08T19:36:17.137+0000] {processor.py:161} INFO - Started process (PID=765) to work on /opt/airflow/dags/newyork_fhv_gold.py
[2026-05-08T19:36:17.139+0000] {processor.py:830} INFO - Processing file /opt/airflow/dags/newyork_fhv_gold.py for tasks to queue
[2026-05-08T19:36:17.143+0000] {logging_mixin.py:188} INFO - [2026-05-08T19:36:17.142+0000] {dagbag.py:545} INFO - Filling up the DagBag from /opt/airflow/dags/newyork_fhv_gold.py
[2026-05-08T19:36:17.197+0000] {processor.py:840} INFO - DAG(s) 'newyork_fhv_gold' retrieved from /opt/airflow/dags/newyork_fhv_gold.py
[2026-05-08T19:36:17.230+0000] {logging_mixin.py:188} INFO - [2026-05-08T19:36:17.230+0000] {dag.py:3096} INFO - Sync 1 DAGs
[2026-05-08T19:36:17.252+0000] {logging_mixin.py:188} INFO - [2026-05-08T19:36:17.252+0000] {dag.py:3954} INFO - Setting next_dagrun for newyork_fhv_gold to None, run_after=None
[2026-05-08T19:36:17.293+0000] {processor.py:183} INFO - Processing /opt/airflow/dags/newyork_fhv_gold.py took 0.168 seconds
[2026-05-08T19:36:48.228+0000] {processor.py:161} INFO - Started process (PID=775) to work on /opt/airflow/dags/newyork_fhv_gold.py
[2026-05-08T19:36:48.231+0000] {processor.py:830} INFO - Processing file /opt/airflow/dags/newyork_fhv_gold.py for tasks to queue
[2026-05-08T19:36:48.236+0000] {logging_mixin.py:188} INFO - [2026-05-08T19:36:48.235+0000] {dagbag.py:545} INFO - Filling up the DagBag from /opt/airflow/dags/newyork_fhv_gold.py
[2026-05-08T19:36:48.273+0000] {processor.py:840} INFO - DAG(s) 'newyork_fhv_gold' retrieved from /opt/airflow/dags/newyork_fhv_gold.py
[2026-05-08T19:36:48.300+0000] {logging_mixin.py:188} INFO - [2026-05-08T19:36:48.300+0000] {dag.py:3096} INFO - Sync 1 DAGs
[2026-05-08T19:36:48.321+0000] {logging_mixin.py:188} INFO - [2026-05-08T19:36:48.321+0000] {dag.py:3954} INFO - Setting next_dagrun for newyork_fhv_gold to None, run_after=None
[2026-05-08T19:36:48.356+0000] {processor.py:183} INFO - Processing /opt/airflow/dags/newyork_fhv_gold.py took 0.138 seconds
[2026-05-08T19:37:19.190+0000] {processor.py:161} INFO - Started process (PID=786) to work on /opt/airflow/dags/newyork_fhv_gold.py
[2026-05-08T19:37:19.191+0000] {processor.py:830} INFO - Processing file /opt/airflow/dags/newyork_fhv_gold.py for tasks to queue
[2026-05-08T19:37:19.193+0000] {logging_mixin.py:188} INFO - [2026-05-08T19:37:19.193+0000] {dagbag.py:545} INFO - Filling up the DagBag from /opt/airflow/dags/newyork_fhv_gold.py
[2026-05-08T19:37:19.225+0000] {processor.py:840} INFO - DAG(s) 'newyork_fhv_gold' retrieved from /opt/airflow/dags/newyork_fhv_gold.py
[2026-05-08T19:37:19.262+0000] {logging_mixin.py:188} INFO - [2026-05-08T19:37:19.262+0000] {dag.py:3096} INFO - Sync 1 DAGs
[2026-05-08T19:37:19.282+0000] {logging_mixin.py:188} INFO - [2026-05-08T19:37:19.282+0000] {dag.py:3954} INFO - Setting next_dagrun for newyork_fhv_gold to None, run_after=None
[2026-05-08T19:37:19.303+0000] {processor.py:183} INFO - Processing /opt/airflow/dags/newyork_fhv_gold.py took 0.119 seconds
[2026-05-08T19:37:50.202+0000] {processor.py:161} INFO - Started process (PID=797) to work on /opt/airflow/dags/newyork_fhv_gold.py
[2026-05-08T19:37:50.205+0000] {processor.py:830} INFO - Processing file /opt/airflow/dags/newyork_fhv_gold.py for tasks to queue
[2026-05-08T19:37:50.209+0000] {logging_mixin.py:188} INFO - [2026-05-08T19:37:50.208+0000] {dagbag.py:545} INFO - Filling up the DagBag from /opt/airflow/dags/newyork_fhv_gold.py
[2026-05-08T19:37:50.247+0000] {processor.py:840} INFO - DAG(s) 'newyork_fhv_gold' retrieved from /opt/airflow/dags/newyork_fhv_gold.py
[2026-05-08T19:37:50.269+0000] {logging_mixin.py:188} INFO - [2026-05-08T19:37:50.269+0000] {dag.py:3096} INFO - Sync 1 DAGs
[2026-05-08T19:37:50.279+0000] {logging_mixin.py:188} INFO - [2026-05-08T19:37:50.279+0000] {dag.py:3954} INFO - Setting next_dagrun for newyork_fhv_gold to None, run_after=None
[2026-05-08T19:37:50.297+0000] {processor.py:183} INFO - Processing /opt/airflow/dags/newyork_fhv_gold.py took 0.114 seconds
[2026-05-08T19:38:21.094+0000] {processor.py:161} INFO - Started process (PID=813) to work on /opt/airflow/dags/newyork_fhv_gold.py
[2026-05-08T19:38:21.096+0000] {processor.py:830} INFO - Processing file /opt/airflow/dags/newyork_fhv_gold.py for tasks to queue
[2026-05-08T19:38:21.100+0000] {logging_mixin.py:188} INFO - [2026-05-08T19:38:21.099+0000] {dagbag.py:545} INFO - Filling up the DagBag from /opt/airflow/dags/newyork_fhv_gold.py
[2026-05-08T19:38:21.125+0000] {processor.py:840} INFO - DAG(s) 'newyork_fhv_gold' retrieved from /opt/airflow/dags/newyork_fhv_gold.py
[2026-05-08T19:38:21.145+0000] {logging_mixin.py:188} INFO - [2026-05-08T19:38:21.145+0000] {dag.py:3096} INFO - Sync 1 DAGs
[2026-05-08T19:38:21.156+0000] {logging_mixin.py:188} INFO - [2026-05-08T19:38:21.156+0000] {dag.py:3954} INFO - Setting next_dagrun for newyork_fhv_gold to None, run_after=None
[2026-05-08T19:38:21.175+0000] {processor.py:183} INFO - Processing /opt/airflow/dags/newyork_fhv_gold.py took 0.087 seconds
[2026-05-08T19:38:51.886+0000] {processor.py:161} INFO - Started process (PID=824) to work on /opt/airflow/dags/newyork_fhv_gold.py
[2026-05-08T19:38:51.888+0000] {processor.py:830} INFO - Processing file /opt/airflow/dags/newyork_fhv_gold.py for tasks to queue
[2026-05-08T19:38:51.891+0000] {logging_mixin.py:188} INFO - [2026-05-08T19:38:51.890+0000] {dagbag.py:545} INFO - Filling up the DagBag from /opt/airflow/dags/newyork_fhv_gold.py
[2026-05-08T19:38:51.928+0000] {processor.py:840} INFO - DAG(s) 'newyork_fhv_gold' retrieved from /opt/airflow/dags/newyork_fhv_gold.py
[2026-05-08T19:38:51.954+0000] {logging_mixin.py:188} INFO - [2026-05-08T19:38:51.953+0000] {dag.py:3096} INFO - Sync 1 DAGs
[2026-05-08T19:38:51.969+0000] {logging_mixin.py:188} INFO - [2026-05-08T19:38:51.969+0000] {dag.py:3954} INFO - Setting next_dagrun for newyork_fhv_gold to None, run_after=None
[2026-05-08T19:38:52.016+0000] {processor.py:183} INFO - Processing /opt/airflow/dags/newyork_fhv_gold.py took 0.137 seconds
[2026-05-08T19:39:22.797+0000] {processor.py:161} INFO - Started process (PID=840) to work on /opt/airflow/dags/newyork_fhv_gold.py
[2026-05-08T19:39:22.799+0000] {processor.py:830} INFO - Processing file /opt/airflow/dags/newyork_fhv_gold.py for tasks to queue
[2026-05-08T19:39:22.803+0000] {logging_mixin.py:188} INFO - [2026-05-08T19:39:22.802+0000] {dagbag.py:545} INFO - Filling up the DagBag from /opt/airflow/dags/newyork_fhv_gold.py
[2026-05-08T19:39:22.846+0000] {processor.py:840} INFO - DAG(s) 'newyork_fhv_gold' retrieved from /opt/airflow/dags/newyork_fhv_gold.py
[2026-05-08T19:39:22.872+0000] {logging_mixin.py:188} INFO - [2026-05-08T19:39:22.871+0000] {dag.py:3096} INFO - Sync 1 DAGs
[2026-05-08T19:39:22.886+0000] {logging_mixin.py:188} INFO - [2026-05-08T19:39:22.885+0000] {dag.py:3954} INFO - Setting next_dagrun for newyork_fhv_gold to None, run_after=None
[2026-05-08T19:39:22.917+0000] {processor.py:183} INFO - Processing /opt/airflow/dags/newyork_fhv_gold.py took 0.128 seconds
[2026-05-08T19:39:53.781+0000] {processor.py:161} INFO - Started process (PID=851) to work on /opt/airflow/dags/newyork_fhv_gold.py
[2026-05-08T19:39:53.784+0000] {processor.py:830} INFO - Processing file /opt/airflow/dags/newyork_fhv_gold.py for tasks to queue
[2026-05-08T19:39:53.789+0000] {logging_mixin.py:188} INFO - [2026-05-08T19:39:53.789+0000] {dagbag.py:545} INFO - Filling up the DagBag from /opt/airflow/dags/newyork_fhv_gold.py
[2026-05-08T19:39:53.846+0000] {processor.py:840} INFO - DAG(s) 'newyork_fhv_gold' retrieved from /opt/airflow/dags/newyork_fhv_gold.py
[2026-05-08T19:39:53.879+0000] {logging_mixin.py:188} INFO - [2026-05-08T19:39:53.878+0000] {dag.py:3096} INFO - Sync 1 DAGs
[2026-05-08T19:39:53.899+0000] {logging_mixin.py:188} INFO - [2026-05-08T19:39:53.899+0000] {dag.py:3954} INFO - Setting next_dagrun for newyork_fhv_gold to None, run_after=None
[2026-05-08T19:39:53.933+0000] {processor.py:183} INFO - Processing /opt/airflow/dags/newyork_fhv_gold.py took 0.170 seconds
[2026-05-08T19:40:24.820+0000] {processor.py:161} INFO - Started process (PID=862) to work on /opt/airflow/dags/newyork_fhv_gold.py
[2026-05-08T19:40:24.822+0000] {processor.py:830} INFO - Processing file /opt/airflow/dags/newyork_fhv_gold.py for tasks to queue
[2026-05-08T19:40:24.824+0000] {logging_mixin.py:188} INFO - [2026-05-08T19:40:24.824+0000] {dagbag.py:545} INFO - Filling up the DagBag from /opt/airflow/dags/newyork_fhv_gold.py
[2026-05-08T19:40:24.851+0000] {processor.py:840} INFO - DAG(s) 'newyork_fhv_gold' retrieved from /opt/airflow/dags/newyork_fhv_gold.py
[2026-05-08T19:40:24.869+0000] {logging_mixin.py:188} INFO - [2026-05-08T19:40:24.869+0000] {dag.py:3096} INFO - Sync 1 DAGs
[2026-05-08T19:40:24.881+0000] {logging_mixin.py:188} INFO - [2026-05-08T19:40:24.880+0000] {dag.py:3954} INFO - Setting next_dagrun for newyork_fhv_gold to None, run_after=None
[2026-05-08T19:40:24.901+0000] {processor.py:183} INFO - Processing /opt/airflow/dags/newyork_fhv_gold.py took 0.086 seconds
[2026-05-08T19:40:55.785+0000] {processor.py:161} INFO - Started process (PID=874) to work on /opt/airflow/dags/newyork_fhv_gold.py
[2026-05-08T19:40:55.787+0000] {processor.py:830} INFO - Processing file /opt/airflow/dags/newyork_fhv_gold.py for tasks to queue
[2026-05-08T19:40:55.792+0000] {logging_mixin.py:188} INFO - [2026-05-08T19:40:55.792+0000] {dagbag.py:545} INFO - Filling up the DagBag from /opt/airflow/dags/newyork_fhv_gold.py
[2026-05-08T19:40:55.831+0000] {processor.py:840} INFO - DAG(s) 'newyork_fhv_gold' retrieved from /opt/airflow/dags/newyork_fhv_gold.py
[2026-05-08T19:40:55.862+0000] {logging_mixin.py:188} INFO - [2026-05-08T19:40:55.861+0000] {dag.py:3096} INFO - Sync 1 DAGs
[2026-05-08T19:40:55.879+0000] {logging_mixin.py:188} INFO - [2026-05-08T19:40:55.879+0000] {dag.py:3954} INFO - Setting next_dagrun for newyork_fhv_gold to None, run_after=None
[2026-05-08T19:40:55.919+0000] {processor.py:183} INFO - Processing /opt/airflow/dags/newyork_fhv_gold.py took 0.144 seconds
[2026-05-08T19:41:26.041+0000] {processor.py:161} INFO - Started process (PID=885) to work on /opt/airflow/dags/newyork_fhv_gold.py
[2026-05-08T19:41:26.044+0000] {processor.py:830} INFO - Processing file /opt/airflow/dags/newyork_fhv_gold.py for tasks to queue
[2026-05-08T19:41:26.048+0000] {logging_mixin.py:188} INFO - [2026-05-08T19:41:26.047+0000] {dagbag.py:545} INFO - Filling up the DagBag from /opt/airflow/dags/newyork_fhv_gold.py
[2026-05-08T19:41:26.095+0000] {processor.py:840} INFO - DAG(s) 'newyork_fhv_gold' retrieved from /opt/airflow/dags/newyork_fhv_gold.py
[2026-05-08T19:41:26.133+0000] {logging_mixin.py:188} INFO - [2026-05-08T19:41:26.132+0000] {dag.py:3096} INFO - Sync 1 DAGs
[2026-05-08T19:41:26.152+0000] {logging_mixin.py:188} INFO - [2026-05-08T19:41:26.151+0000] {dag.py:3954} INFO - Setting next_dagrun for newyork_fhv_gold to None, run_after=None
[2026-05-08T19:41:26.187+0000] {processor.py:183} INFO - Processing /opt/airflow/dags/newyork_fhv_gold.py took 0.158 seconds
[2026-05-08T19:41:56.964+0000] {processor.py:161} INFO - Started process (PID=896) to work on /opt/airflow/dags/newyork_fhv_gold.py
[2026-05-08T19:41:56.967+0000] {processor.py:830} INFO - Processing file /opt/airflow/dags/newyork_fhv_gold.py for tasks to queue
[2026-05-08T19:41:56.972+0000] {logging_mixin.py:188} INFO - [2026-05-08T19:41:56.971+0000] {dagbag.py:545} INFO - Filling up the DagBag from /opt/airflow/dags/newyork_fhv_gold.py
[2026-05-08T19:41:57.014+0000] {processor.py:840} INFO - DAG(s) 'newyork_fhv_gold' retrieved from /opt/airflow/dags/newyork_fhv_gold.py
[2026-05-08T19:41:57.043+0000] {logging_mixin.py:188} INFO - [2026-05-08T19:41:57.042+0000] {dag.py:3096} INFO - Sync 1 DAGs
[2026-05-08T19:41:57.068+0000] {logging_mixin.py:188} INFO - [2026-05-08T19:41:57.067+0000] {dag.py:3954} INFO - Setting next_dagrun for newyork_fhv_gold to None, run_after=None
[2026-05-08T19:41:57.117+0000] {processor.py:183} INFO - Processing /opt/airflow/dags/newyork_fhv_gold.py took 0.165 seconds
[2026-05-08T19:42:27.984+0000] {processor.py:161} INFO - Started process (PID=907) to work on /opt/airflow/dags/newyork_fhv_gold.py
[2026-05-08T19:42:27.987+0000] {processor.py:830} INFO - Processing file /opt/airflow/dags/newyork_fhv_gold.py for tasks to queue
[2026-05-08T19:42:27.991+0000] {logging_mixin.py:188} INFO - [2026-05-08T19:42:27.991+0000] {dagbag.py:545} INFO - Filling up the DagBag from /opt/airflow/dags/newyork_fhv_gold.py
[2026-05-08T19:42:28.035+0000] {processor.py:840} INFO - DAG(s) 'newyork_fhv_gold' retrieved from /opt/airflow/dags/newyork_fhv_gold.py
[2026-05-08T19:42:28.068+0000] {logging_mixin.py:188} INFO - [2026-05-08T19:42:28.068+0000] {dag.py:3096} INFO - Sync 1 DAGs
[2026-05-08T19:42:28.084+0000] {logging_mixin.py:188} INFO - [2026-05-08T19:42:28.084+0000] {dag.py:3954} INFO - Setting next_dagrun for newyork_fhv_gold to None, run_after=None
[2026-05-08T19:42:28.107+0000] {processor.py:183} INFO - Processing /opt/airflow/dags/newyork_fhv_gold.py took 0.135 seconds
[2026-05-08T19:42:58.660+0000] {processor.py:161} INFO - Started process (PID=918) to work on /opt/airflow/dags/newyork_fhv_gold.py
[2026-05-08T19:42:58.662+0000] {processor.py:830} INFO - Processing file /opt/airflow/dags/newyork_fhv_gold.py for tasks to queue
[2026-05-08T19:42:58.664+0000] {logging_mixin.py:188} INFO - [2026-05-08T19:42:58.664+0000] {dagbag.py:545} INFO - Filling up the DagBag from /opt/airflow/dags/newyork_fhv_gold.py
[2026-05-08T19:42:58.707+0000] {processor.py:840} INFO - DAG(s) 'newyork_fhv_gold' retrieved from /opt/airflow/dags/newyork_fhv_gold.py
[2026-05-08T19:42:58.738+0000] {logging_mixin.py:188} INFO - [2026-05-08T19:42:58.738+0000] {dag.py:3096} INFO - Sync 1 DAGs
[2026-05-08T19:42:58.750+0000] {logging_mixin.py:188} INFO - [2026-05-08T19:42:58.750+0000] {dag.py:3954} INFO - Setting next_dagrun for newyork_fhv_gold to None, run_after=None
[2026-05-08T19:42:58.774+0000] {processor.py:183} INFO - Processing /opt/airflow/dags/newyork_fhv_gold.py took 0.123 seconds
[2026-05-08T19:43:29.605+0000] {processor.py:161} INFO - Started process (PID=929) to work on /opt/airflow/dags/newyork_fhv_gold.py
[2026-05-08T19:43:29.608+0000] {processor.py:830} INFO - Processing file /opt/airflow/dags/newyork_fhv_gold.py for tasks to queue
[2026-05-08T19:43:29.613+0000] {logging_mixin.py:188} INFO - [2026-05-08T19:43:29.612+0000] {dagbag.py:545} INFO - Filling up the DagBag from /opt/airflow/dags/newyork_fhv_gold.py
[2026-05-08T19:43:29.660+0000] {processor.py:840} INFO - DAG(s) 'newyork_fhv_gold' retrieved from /opt/airflow/dags/newyork_fhv_gold.py
[2026-05-08T19:43:29.693+0000] {logging_mixin.py:188} INFO - [2026-05-08T19:43:29.692+0000] {dag.py:3096} INFO - Sync 1 DAGs
[2026-05-08T19:43:29.707+0000] {logging_mixin.py:188} INFO - [2026-05-08T19:43:29.707+0000] {dag.py:3954} INFO - Setting next_dagrun for newyork_fhv_gold to None, run_after=None
[2026-05-08T19:43:29.730+0000] {processor.py:183} INFO - Processing /opt/airflow/dags/newyork_fhv_gold.py took 0.140 seconds
[2026-05-08T19:44:00.604+0000] {processor.py:161} INFO - Started process (PID=940) to work on /opt/airflow/dags/newyork_fhv_gold.py
[2026-05-08T19:44:00.607+0000] {processor.py:830} INFO - Processing file /opt/airflow/dags/newyork_fhv_gold.py for tasks to queue
[2026-05-08T19:44:00.611+0000] {logging_mixin.py:188} INFO - [2026-05-08T19:44:00.610+0000] {dagbag.py:545} INFO - Filling up the DagBag from /opt/airflow/dags/newyork_fhv_gold.py
[2026-05-08T19:44:00.652+0000] {processor.py:840} INFO - DAG(s) 'newyork_fhv_gold' retrieved from /opt/airflow/dags/newyork_fhv_gold.py
[2026-05-08T19:44:00.677+0000] {logging_mixin.py:188} INFO - [2026-05-08T19:44:00.677+0000] {dag.py:3096} INFO - Sync 1 DAGs
[2026-05-08T19:44:00.693+0000] {logging_mixin.py:188} INFO - [2026-05-08T19:44:00.693+0000] {dag.py:3954} INFO - Setting next_dagrun for newyork_fhv_gold to None, run_after=None
[2026-05-08T19:44:00.728+0000] {processor.py:183} INFO - Processing /opt/airflow/dags/newyork_fhv_gold.py took 0.136 seconds
[2026-05-08T19:44:31.642+0000] {processor.py:161} INFO - Started process (PID=951) to work on /opt/airflow/dags/newyork_fhv_gold.py
[2026-05-08T19:44:31.644+0000] {processor.py:830} INFO - Processing file /opt/airflow/dags/newyork_fhv_gold.py for tasks to queue
[2026-05-08T19:44:31.648+0000] {logging_mixin.py:188} INFO - [2026-05-08T19:44:31.647+0000] {dagbag.py:545} INFO - Filling up the DagBag from /opt/airflow/dags/newyork_fhv_gold.py
[2026-05-08T19:44:31.682+0000] {processor.py:840} INFO - DAG(s) 'newyork_fhv_gold' retrieved from /opt/airflow/dags/newyork_fhv_gold.py
[2026-05-08T19:44:31.712+0000] {logging_mixin.py:188} INFO - [2026-05-08T19:44:31.711+0000] {dag.py:3096} INFO - Sync 1 DAGs
[2026-05-08T19:44:31.727+0000] {logging_mixin.py:188} INFO - [2026-05-08T19:44:31.727+0000] {dag.py:3954} INFO - Setting next_dagrun for newyork_fhv_gold to None, run_after=None
[2026-05-08T19:44:31.752+0000] {processor.py:183} INFO - Processing /opt/airflow/dags/newyork_fhv_gold.py took 0.120 seconds
[2026-05-08T19:45:02.643+0000] {processor.py:161} INFO - Started process (PID=962) to work on /opt/airflow/dags/newyork_fhv_gold.py
[2026-05-08T19:45:02.645+0000] {processor.py:830} INFO - Processing file /opt/airflow/dags/newyork_fhv_gold.py for tasks to queue
[2026-05-08T19:45:02.650+0000] {logging_mixin.py:188} INFO - [2026-05-08T19:45:02.649+0000] {dagbag.py:545} INFO - Filling up the DagBag from /opt/airflow/dags/newyork_fhv_gold.py
[2026-05-08T19:45:02.690+0000] {processor.py:840} INFO - DAG(s) 'newyork_fhv_gold' retrieved from /opt/airflow/dags/newyork_fhv_gold.py
[2026-05-08T19:45:02.719+0000] {logging_mixin.py:188} INFO - [2026-05-08T19:45:02.718+0000] {dag.py:3096} INFO - Sync 1 DAGs
[2026-05-08T19:45:02.732+0000] {logging_mixin.py:188} INFO - [2026-05-08T19:45:02.732+0000] {dag.py:3954} INFO - Setting next_dagrun for newyork_fhv_gold to None, run_after=None
[2026-05-08T19:45:02.754+0000] {processor.py:183} INFO - Processing /opt/airflow/dags/newyork_fhv_gold.py took 0.124 seconds
[2026-05-08T19:45:33.579+0000] {processor.py:161} INFO - Started process (PID=974) to work on /opt/airflow/dags/newyork_fhv_gold.py
[2026-05-08T19:45:33.581+0000] {processor.py:830} INFO - Processing file /opt/airflow/dags/newyork_fhv_gold.py for tasks to queue
[2026-05-08T19:45:33.585+0000] {logging_mixin.py:188} INFO - [2026-05-08T19:45:33.584+0000] {dagbag.py:545} INFO - Filling up the DagBag from /opt/airflow/dags/newyork_fhv_gold.py
[2026-05-08T19:45:33.622+0000] {processor.py:840} INFO - DAG(s) 'newyork_fhv_gold' retrieved from /opt/airflow/dags/newyork_fhv_gold.py
[2026-05-08T19:45:33.656+0000] {logging_mixin.py:188} INFO - [2026-05-08T19:45:33.656+0000] {dag.py:3096} INFO - Sync 1 DAGs
[2026-05-08T19:45:33.669+0000] {logging_mixin.py:188} INFO - [2026-05-08T19:45:33.669+0000] {dag.py:3954} INFO - Setting next_dagrun for newyork_fhv_gold to None, run_after=None
[2026-05-08T19:45:33.694+0000] {processor.py:183} INFO - Processing /opt/airflow/dags/newyork_fhv_gold.py took 0.127 seconds
[2026-05-08T19:46:03.772+0000] {processor.py:161} INFO - Started process (PID=985) to work on /opt/airflow/dags/newyork_fhv_gold.py
[2026-05-08T19:46:03.774+0000] {processor.py:830} INFO - Processing file /opt/airflow/dags/newyork_fhv_gold.py for tasks to queue
[2026-05-08T19:46:03.777+0000] {logging_mixin.py:188} INFO - [2026-05-08T19:46:03.777+0000] {dagbag.py:545} INFO - Filling up the DagBag from /opt/airflow/dags/newyork_fhv_gold.py
[2026-05-08T19:46:03.817+0000] {processor.py:840} INFO - DAG(s) 'newyork_fhv_gold' retrieved from /opt/airflow/dags/newyork_fhv_gold.py
[2026-05-08T19:46:03.842+0000] {logging_mixin.py:188} INFO - [2026-05-08T19:46:03.842+0000] {dag.py:3096} INFO - Sync 1 DAGs
[2026-05-08T19:46:03.859+0000] {logging_mixin.py:188} INFO - [2026-05-08T19:46:03.859+0000] {dag.py:3954} INFO - Setting next_dagrun for newyork_fhv_gold to None, run_after=None
[2026-05-08T19:46:03.895+0000] {processor.py:183} INFO - Processing /opt/airflow/dags/newyork_fhv_gold.py took 0.132 seconds
[2026-05-08T19:46:33.994+0000] {processor.py:161} INFO - Started process (PID=996) to work on /opt/airflow/dags/newyork_fhv_gold.py
[2026-05-08T19:46:33.996+0000] {processor.py:830} INFO - Processing file /opt/airflow/dags/newyork_fhv_gold.py for tasks to queue
[2026-05-08T19:46:33.998+0000] {logging_mixin.py:188} INFO - [2026-05-08T19:46:33.998+0000] {dagbag.py:545} INFO - Filling up the DagBag from /opt/airflow/dags/newyork_fhv_gold.py
[2026-05-08T19:46:34.035+0000] {processor.py:840} INFO - DAG(s) 'newyork_fhv_gold' retrieved from /opt/airflow/dags/newyork_fhv_gold.py
[2026-05-08T19:46:34.057+0000] {logging_mixin.py:188} INFO - [2026-05-08T19:46:34.057+0000] {dag.py:3096} INFO - Sync 1 DAGs
[2026-05-08T19:46:34.070+0000] {logging_mixin.py:188} INFO - [2026-05-08T19:46:34.069+0000] {dag.py:3954} INFO - Setting next_dagrun for newyork_fhv_gold to None, run_after=None
[2026-05-08T19:46:34.090+0000] {processor.py:183} INFO - Processing /opt/airflow/dags/newyork_fhv_gold.py took 0.108 seconds
[2026-05-08T19:47:04.755+0000] {processor.py:161} INFO - Started process (PID=1007) to work on /opt/airflow/dags/newyork_fhv_gold.py
[2026-05-08T19:47:04.757+0000] {processor.py:830} INFO - Processing file /opt/airflow/dags/newyork_fhv_gold.py for tasks to queue
[2026-05-08T19:47:04.761+0000] {logging_mixin.py:188} INFO - [2026-05-08T19:47:04.760+0000] {dagbag.py:545} INFO - Filling up the DagBag from /opt/airflow/dags/newyork_fhv_gold.py
[2026-05-08T19:47:04.793+0000] {processor.py:840} INFO - DAG(s) 'newyork_fhv_gold' retrieved from /opt/airflow/dags/newyork_fhv_gold.py
[2026-05-08T19:47:04.818+0000] {logging_mixin.py:188} INFO - [2026-05-08T19:47:04.818+0000] {dag.py:3096} INFO - Sync 1 DAGs
[2026-05-08T19:47:04.832+0000] {logging_mixin.py:188} INFO - [2026-05-08T19:47:04.831+0000] {dag.py:3954} INFO - Setting next_dagrun for newyork_fhv_gold to None, run_after=None
[2026-05-08T19:47:04.852+0000] {processor.py:183} INFO - Processing /opt/airflow/dags/newyork_fhv_gold.py took 0.106 seconds
[2026-05-08T19:47:35.621+0000] {processor.py:161} INFO - Started process (PID=1024) to work on /opt/airflow/dags/newyork_fhv_gold.py
[2026-05-08T19:47:35.622+0000] {processor.py:830} INFO - Processing file /opt/airflow/dags/newyork_fhv_gold.py for tasks to queue
[2026-05-08T19:47:35.624+0000] {logging_mixin.py:188} INFO - [2026-05-08T19:47:35.624+0000] {dagbag.py:545} INFO - Filling up the DagBag from /opt/airflow/dags/newyork_fhv_gold.py
[2026-05-08T19:47:35.647+0000] {processor.py:840} INFO - DAG(s) 'newyork_fhv_gold' retrieved from /opt/airflow/dags/newyork_fhv_gold.py
[2026-05-08T19:47:35.666+0000] {logging_mixin.py:188} INFO - [2026-05-08T19:47:35.666+0000] {dag.py:3096} INFO - Sync 1 DAGs
[2026-05-08T19:47:35.677+0000] {logging_mixin.py:188} INFO - [2026-05-08T19:47:35.677+0000] {dag.py:3954} INFO - Setting next_dagrun for newyork_fhv_gold to None, run_after=None
[2026-05-08T19:47:35.769+0000] {processor.py:183} INFO - Processing /opt/airflow/dags/newyork_fhv_gold.py took 0.154 seconds
[2026-05-08T19:48:06.663+0000] {processor.py:161} INFO - Started process (PID=1035) to work on /opt/airflow/dags/newyork_fhv_gold.py
[2026-05-08T19:48:06.665+0000] {processor.py:830} INFO - Processing file /opt/airflow/dags/newyork_fhv_gold.py for tasks to queue
[2026-05-08T19:48:06.667+0000] {logging_mixin.py:188} INFO - [2026-05-08T19:48:06.667+0000] {dagbag.py:545} INFO - Filling up the DagBag from /opt/airflow/dags/newyork_fhv_gold.py
[2026-05-08T19:48:06.712+0000] {processor.py:840} INFO - DAG(s) 'newyork_fhv_gold' retrieved from /opt/airflow/dags/newyork_fhv_gold.py
[2026-05-08T19:48:06.738+0000] {logging_mixin.py:188} INFO - [2026-05-08T19:48:06.738+0000] {dag.py:3096} INFO - Sync 1 DAGs
[2026-05-08T19:48:06.758+0000] {logging_mixin.py:188} INFO - [2026-05-08T19:48:06.757+0000] {dag.py:3954} INFO - Setting next_dagrun for newyork_fhv_gold to None, run_after=None
[2026-05-08T19:48:06.798+0000] {processor.py:183} INFO - Processing /opt/airflow/dags/newyork_fhv_gold.py took 0.143 seconds
[2026-05-08T19:48:36.978+0000] {processor.py:161} INFO - Started process (PID=1046) to work on /opt/airflow/dags/newyork_fhv_gold.py
[2026-05-08T19:48:36.980+0000] {processor.py:830} INFO - Processing file /opt/airflow/dags/newyork_fhv_gold.py for tasks to queue
[2026-05-08T19:48:36.985+0000] {logging_mixin.py:188} INFO - [2026-05-08T19:48:36.984+0000] {dagbag.py:545} INFO - Filling up the DagBag from /opt/airflow/dags/newyork_fhv_gold.py
[2026-05-08T19:48:37.039+0000] {processor.py:840} INFO - DAG(s) 'newyork_fhv_gold' retrieved from /opt/airflow/dags/newyork_fhv_gold.py
[2026-05-08T19:48:37.070+0000] {logging_mixin.py:188} INFO - [2026-05-08T19:48:37.070+0000] {dag.py:3096} INFO - Sync 1 DAGs
[2026-05-08T19:48:37.083+0000] {logging_mixin.py:188} INFO - [2026-05-08T19:48:37.082+0000] {dag.py:3954} INFO - Setting next_dagrun for newyork_fhv_gold to None, run_after=None
[2026-05-08T19:48:37.108+0000] {processor.py:183} INFO - Processing /opt/airflow/dags/newyork_fhv_gold.py took 0.143 seconds
[2026-05-08T19:49:07.379+0000] {processor.py:161} INFO - Started process (PID=1058) to work on /opt/airflow/dags/newyork_fhv_gold.py
[2026-05-08T19:49:07.381+0000] {processor.py:830} INFO - Processing file /opt/airflow/dags/newyork_fhv_gold.py for tasks to queue
[2026-05-08T19:49:07.385+0000] {logging_mixin.py:188} INFO - [2026-05-08T19:49:07.385+0000] {dagbag.py:545} INFO - Filling up the DagBag from /opt/airflow/dags/newyork_fhv_gold.py
[2026-05-08T19:49:07.439+0000] {processor.py:840} INFO - DAG(s) 'newyork_fhv_gold' retrieved from /opt/airflow/dags/newyork_fhv_gold.py
[2026-05-08T19:49:07.477+0000] {logging_mixin.py:188} INFO - [2026-05-08T19:49:07.477+0000] {dag.py:3096} INFO - Sync 1 DAGs
[2026-05-08T19:49:07.491+0000] {logging_mixin.py:188} INFO - [2026-05-08T19:49:07.491+0000] {dag.py:3954} INFO - Setting next_dagrun for newyork_fhv_gold to None, run_after=None
[2026-05-08T19:49:07.518+0000] {processor.py:183} INFO - Processing /opt/airflow/dags/newyork_fhv_gold.py took 0.149 seconds
[2026-05-08T19:49:38.387+0000] {processor.py:161} INFO - Started process (PID=1069) to work on /opt/airflow/dags/newyork_fhv_gold.py
[2026-05-08T19:49:38.388+0000] {processor.py:830} INFO - Processing file /opt/airflow/dags/newyork_fhv_gold.py for tasks to queue
[2026-05-08T19:49:38.392+0000] {logging_mixin.py:188} INFO - [2026-05-08T19:49:38.391+0000] {dagbag.py:545} INFO - Filling up the DagBag from /opt/airflow/dags/newyork_fhv_gold.py
[2026-05-08T19:49:38.436+0000] {processor.py:840} INFO - DAG(s) 'newyork_fhv_gold' retrieved from /opt/airflow/dags/newyork_fhv_gold.py
[2026-05-08T19:49:38.462+0000] {logging_mixin.py:188} INFO - [2026-05-08T19:49:38.462+0000] {dag.py:3096} INFO - Sync 1 DAGs
[2026-05-08T19:49:38.480+0000] {logging_mixin.py:188} INFO - [2026-05-08T19:49:38.479+0000] {dag.py:3954} INFO - Setting next_dagrun for newyork_fhv_gold to None, run_after=None
[2026-05-08T19:49:38.509+0000] {processor.py:183} INFO - Processing /opt/airflow/dags/newyork_fhv_gold.py took 0.132 seconds
[2026-05-08T19:50:09.081+0000] {processor.py:161} INFO - Started process (PID=1081) to work on /opt/airflow/dags/newyork_fhv_gold.py
[2026-05-08T19:50:09.086+0000] {processor.py:830} INFO - Processing file /opt/airflow/dags/newyork_fhv_gold.py for tasks to queue
[2026-05-08T19:50:09.096+0000] {logging_mixin.py:188} INFO - [2026-05-08T19:50:09.095+0000] {dagbag.py:545} INFO - Filling up the DagBag from /opt/airflow/dags/newyork_fhv_gold.py
[2026-05-08T19:50:09.385+0000] {processor.py:840} INFO - DAG(s) 'newyork_fhv_gold' retrieved from /opt/airflow/dags/newyork_fhv_gold.py
[2026-05-08T19:50:09.428+0000] {logging_mixin.py:188} INFO - [2026-05-08T19:50:09.427+0000] {dag.py:3096} INFO - Sync 1 DAGs
[2026-05-08T19:50:09.457+0000] {logging_mixin.py:188} INFO - [2026-05-08T19:50:09.456+0000] {dag.py:3954} INFO - Setting next_dagrun for newyork_fhv_gold to None, run_after=None
[2026-05-08T19:50:09.516+0000] {processor.py:183} INFO - Processing /opt/airflow/dags/newyork_fhv_gold.py took 0.443 seconds
[2026-05-08T19:50:39.635+0000] {processor.py:161} INFO - Started process (PID=1092) to work on /opt/airflow/dags/newyork_fhv_gold.py
[2026-05-08T19:50:39.637+0000] {processor.py:830} INFO - Processing file /opt/airflow/dags/newyork_fhv_gold.py for tasks to queue
[2026-05-08T19:50:39.640+0000] {logging_mixin.py:188} INFO - [2026-05-08T19:50:39.640+0000] {dagbag.py:545} INFO - Filling up the DagBag from /opt/airflow/dags/newyork_fhv_gold.py
[2026-05-08T19:50:39.682+0000] {processor.py:840} INFO - DAG(s) 'newyork_fhv_gold' retrieved from /opt/airflow/dags/newyork_fhv_gold.py
[2026-05-08T19:50:39.716+0000] {logging_mixin.py:188} INFO - [2026-05-08T19:50:39.716+0000] {dag.py:3096} INFO - Sync 1 DAGs
[2026-05-08T19:50:39.741+0000] {logging_mixin.py:188} INFO - [2026-05-08T19:50:39.740+0000] {dag.py:3954} INFO - Setting next_dagrun for newyork_fhv_gold to None, run_after=None
[2026-05-08T19:50:39.779+0000] {processor.py:183} INFO - Processing /opt/airflow/dags/newyork_fhv_gold.py took 0.150 seconds
[2026-05-08T19:51:10.629+0000] {processor.py:161} INFO - Started process (PID=1103) to work on /opt/airflow/dags/newyork_fhv_gold.py
[2026-05-08T19:51:10.631+0000] {processor.py:830} INFO - Processing file /opt/airflow/dags/newyork_fhv_gold.py for tasks to queue
[2026-05-08T19:51:10.633+0000] {logging_mixin.py:188} INFO - [2026-05-08T19:51:10.633+0000] {dagbag.py:545} INFO - Filling up the DagBag from /opt/airflow/dags/newyork_fhv_gold.py
[2026-05-08T19:51:10.657+0000] {processor.py:840} INFO - DAG(s) 'newyork_fhv_gold' retrieved from /opt/airflow/dags/newyork_fhv_gold.py
[2026-05-08T19:51:10.675+0000] {logging_mixin.py:188} INFO - [2026-05-08T19:51:10.675+0000] {dag.py:3096} INFO - Sync 1 DAGs
[2026-05-08T19:51:10.686+0000] {logging_mixin.py:188} INFO - [2026-05-08T19:51:10.686+0000] {dag.py:3954} INFO - Setting next_dagrun for newyork_fhv_gold to None, run_after=None
[2026-05-08T19:51:10.707+0000] {processor.py:183} INFO - Processing /opt/airflow/dags/newyork_fhv_gold.py took 0.085 seconds
[2026-05-08T19:51:41.541+0000] {processor.py:161} INFO - Started process (PID=1114) to work on /opt/airflow/dags/newyork_fhv_gold.py
[2026-05-08T19:51:41.543+0000] {processor.py:830} INFO - Processing file /opt/airflow/dags/newyork_fhv_gold.py for tasks to queue
[2026-05-08T19:51:41.547+0000] {logging_mixin.py:188} INFO - [2026-05-08T19:51:41.546+0000] {dagbag.py:545} INFO - Filling up the DagBag from /opt/airflow/dags/newyork_fhv_gold.py
[2026-05-08T19:51:41.583+0000] {processor.py:840} INFO - DAG(s) 'newyork_fhv_gold' retrieved from /opt/airflow/dags/newyork_fhv_gold.py
[2026-05-08T19:51:41.612+0000] {logging_mixin.py:188} INFO - [2026-05-08T19:51:41.611+0000] {dag.py:3096} INFO - Sync 1 DAGs
[2026-05-08T19:51:41.633+0000] {logging_mixin.py:188} INFO - [2026-05-08T19:51:41.632+0000] {dag.py:3954} INFO - Setting next_dagrun for newyork_fhv_gold to None, run_after=None
[2026-05-08T19:51:41.664+0000] {processor.py:183} INFO - Processing /opt/airflow/dags/newyork_fhv_gold.py took 0.132 seconds
[2026-05-08T19:52:12.307+0000] {processor.py:161} INFO - Started process (PID=1125) to work on /opt/airflow/dags/newyork_fhv_gold.py
[2026-05-08T19:52:12.309+0000] {processor.py:830} INFO - Processing file /opt/airflow/dags/newyork_fhv_gold.py for tasks to queue
[2026-05-08T19:52:12.314+0000] {logging_mixin.py:188} INFO - [2026-05-08T19:52:12.313+0000] {dagbag.py:545} INFO - Filling up the DagBag from /opt/airflow/dags/newyork_fhv_gold.py
[2026-05-08T19:52:12.357+0000] {processor.py:840} INFO - DAG(s) 'newyork_fhv_gold' retrieved from /opt/airflow/dags/newyork_fhv_gold.py
[2026-05-08T19:52:12.381+0000] {logging_mixin.py:188} INFO - [2026-05-08T19:52:12.381+0000] {dag.py:3096} INFO - Sync 1 DAGs
[2026-05-08T19:52:12.396+0000] {logging_mixin.py:188} INFO - [2026-05-08T19:52:12.396+0000] {dag.py:3954} INFO - Setting next_dagrun for newyork_fhv_gold to None, run_after=None
[2026-05-08T19:52:12.429+0000] {processor.py:183} INFO - Processing /opt/airflow/dags/newyork_fhv_gold.py took 0.130 seconds
[2026-05-08T19:52:43.139+0000] {processor.py:161} INFO - Started process (PID=1136) to work on /opt/airflow/dags/newyork_fhv_gold.py
[2026-05-08T19:52:43.141+0000] {processor.py:830} INFO - Processing file /opt/airflow/dags/newyork_fhv_gold.py for tasks to queue
[2026-05-08T19:52:43.144+0000] {logging_mixin.py:188} INFO - [2026-05-08T19:52:43.144+0000] {dagbag.py:545} INFO - Filling up the DagBag from /opt/airflow/dags/newyork_fhv_gold.py
[2026-05-08T19:52:43.178+0000] {processor.py:840} INFO - DAG(s) 'newyork_fhv_gold' retrieved from /opt/airflow/dags/newyork_fhv_gold.py
[2026-05-08T19:52:43.200+0000] {logging_mixin.py:188} INFO - [2026-05-08T19:52:43.200+0000] {dag.py:3096} INFO - Sync 1 DAGs
[2026-05-08T19:52:43.223+0000] {logging_mixin.py:188} INFO - [2026-05-08T19:52:43.223+0000] {dag.py:3954} INFO - Setting next_dagrun for newyork_fhv_gold to None, run_after=None
[2026-05-08T19:52:43.264+0000] {processor.py:183} INFO - Processing /opt/airflow/dags/newyork_fhv_gold.py took 0.134 seconds
[2026-05-08T19:53:13.917+0000] {processor.py:161} INFO - Started process (PID=1147) to work on /opt/airflow/dags/newyork_fhv_gold.py
[2026-05-08T19:53:13.919+0000] {processor.py:830} INFO - Processing file /opt/airflow/dags/newyork_fhv_gold.py for tasks to queue
[2026-05-08T19:53:13.921+0000] {logging_mixin.py:188} INFO - [2026-05-08T19:53:13.921+0000] {dagbag.py:545} INFO - Filling up the DagBag from /opt/airflow/dags/newyork_fhv_gold.py
[2026-05-08T19:53:13.959+0000] {processor.py:840} INFO - DAG(s) 'newyork_fhv_gold' retrieved from /opt/airflow/dags/newyork_fhv_gold.py
[2026-05-08T19:53:13.996+0000] {logging_mixin.py:188} INFO - [2026-05-08T19:53:13.996+0000] {dag.py:3096} INFO - Sync 1 DAGs
[2026-05-08T19:53:14.013+0000] {logging_mixin.py:188} INFO - [2026-05-08T19:53:14.013+0000] {dag.py:3954} INFO - Setting next_dagrun for newyork_fhv_gold to None, run_after=None
[2026-05-08T19:53:14.046+0000] {processor.py:183} INFO - Processing /opt/airflow/dags/newyork_fhv_gold.py took 0.136 seconds
[2026-05-08T19:53:44.692+0000] {processor.py:161} INFO - Started process (PID=1158) to work on /opt/airflow/dags/newyork_fhv_gold.py
[2026-05-08T19:53:44.695+0000] {processor.py:830} INFO - Processing file /opt/airflow/dags/newyork_fhv_gold.py for tasks to queue
[2026-05-08T19:53:44.699+0000] {logging_mixin.py:188} INFO - [2026-05-08T19:53:44.698+0000] {dagbag.py:545} INFO - Filling up the DagBag from /opt/airflow/dags/newyork_fhv_gold.py
[2026-05-08T19:53:44.741+0000] {processor.py:840} INFO - DAG(s) 'newyork_fhv_gold' retrieved from /opt/airflow/dags/newyork_fhv_gold.py
[2026-05-08T19:53:44.765+0000] {logging_mixin.py:188} INFO - [2026-05-08T19:53:44.765+0000] {dag.py:3096} INFO - Sync 1 DAGs
[2026-05-08T19:53:44.780+0000] {logging_mixin.py:188} INFO - [2026-05-08T19:53:44.780+0000] {dag.py:3954} INFO - Setting next_dagrun for newyork_fhv_gold to None, run_after=None
[2026-05-08T19:53:44.805+0000] {processor.py:183} INFO - Processing /opt/airflow/dags/newyork_fhv_gold.py took 0.119 seconds
[2026-05-08T19:54:15.568+0000] {processor.py:161} INFO - Started process (PID=1169) to work on /opt/airflow/dags/newyork_fhv_gold.py
[2026-05-08T19:54:15.569+0000] {processor.py:830} INFO - Processing file /opt/airflow/dags/newyork_fhv_gold.py for tasks to queue
[2026-05-08T19:54:15.573+0000] {logging_mixin.py:188} INFO - [2026-05-08T19:54:15.572+0000] {dagbag.py:545} INFO - Filling up the DagBag from /opt/airflow/dags/newyork_fhv_gold.py
[2026-05-08T19:54:15.606+0000] {processor.py:840} INFO - DAG(s) 'newyork_fhv_gold' retrieved from /opt/airflow/dags/newyork_fhv_gold.py
[2026-05-08T19:54:15.628+0000] {logging_mixin.py:188} INFO - [2026-05-08T19:54:15.628+0000] {dag.py:3096} INFO - Sync 1 DAGs
[2026-05-08T19:54:15.641+0000] {logging_mixin.py:188} INFO - [2026-05-08T19:54:15.641+0000] {dag.py:3954} INFO - Setting next_dagrun for newyork_fhv_gold to None, run_after=None
[2026-05-08T19:54:15.660+0000] {processor.py:183} INFO - Processing /opt/airflow/dags/newyork_fhv_gold.py took 0.101 seconds
[2026-05-08T19:54:46.468+0000] {processor.py:161} INFO - Started process (PID=1180) to work on /opt/airflow/dags/newyork_fhv_gold.py
[2026-05-08T19:54:46.470+0000] {processor.py:830} INFO - Processing file /opt/airflow/dags/newyork_fhv_gold.py for tasks to queue
[2026-05-08T19:54:46.477+0000] {logging_mixin.py:188} INFO - [2026-05-08T19:54:46.476+0000] {dagbag.py:545} INFO - Filling up the DagBag from /opt/airflow/dags/newyork_fhv_gold.py
[2026-05-08T19:54:46.530+0000] {processor.py:840} INFO - DAG(s) 'newyork_fhv_gold' retrieved from /opt/airflow/dags/newyork_fhv_gold.py
[2026-05-08T19:54:46.577+0000] {logging_mixin.py:188} INFO - [2026-05-08T19:54:46.577+0000] {dag.py:3096} INFO - Sync 1 DAGs
[2026-05-08T19:54:46.592+0000] {logging_mixin.py:188} INFO - [2026-05-08T19:54:46.592+0000] {dag.py:3954} INFO - Setting next_dagrun for newyork_fhv_gold to None, run_after=None
[2026-05-08T19:54:46.632+0000] {processor.py:183} INFO - Processing /opt/airflow/dags/newyork_fhv_gold.py took 0.178 seconds
[2026-05-08T19:55:16.845+0000] {processor.py:161} INFO - Started process (PID=1191) to work on /opt/airflow/dags/newyork_fhv_gold.py
[2026-05-08T19:55:16.848+0000] {processor.py:830} INFO - Processing file /opt/airflow/dags/newyork_fhv_gold.py for tasks to queue
[2026-05-08T19:55:16.851+0000] {logging_mixin.py:188} INFO - [2026-05-08T19:55:16.851+0000] {dagbag.py:545} INFO - Filling up the DagBag from /opt/airflow/dags/newyork_fhv_gold.py
[2026-05-08T19:55:16.902+0000] {processor.py:840} INFO - DAG(s) 'newyork_fhv_gold' retrieved from /opt/airflow/dags/newyork_fhv_gold.py
[2026-05-08T19:55:16.940+0000] {logging_mixin.py:188} INFO - [2026-05-08T19:55:16.940+0000] {dag.py:3096} INFO - Sync 1 DAGs
[2026-05-08T19:55:16.954+0000] {logging_mixin.py:188} INFO - [2026-05-08T19:55:16.953+0000] {dag.py:3954} INFO - Setting next_dagrun for newyork_fhv_gold to None, run_after=None
[2026-05-08T19:55:16.991+0000] {processor.py:183} INFO - Processing /opt/airflow/dags/newyork_fhv_gold.py took 0.155 seconds
[2026-05-08T19:55:48.030+0000] {processor.py:161} INFO - Started process (PID=1202) to work on /opt/airflow/dags/newyork_fhv_gold.py
[2026-05-08T19:55:48.031+0000] {processor.py:830} INFO - Processing file /opt/airflow/dags/newyork_fhv_gold.py for tasks to queue
[2026-05-08T19:55:48.035+0000] {logging_mixin.py:188} INFO - [2026-05-08T19:55:48.035+0000] {dagbag.py:545} INFO - Filling up the DagBag from /opt/airflow/dags/newyork_fhv_gold.py
[2026-05-08T19:55:48.074+0000] {processor.py:840} INFO - DAG(s) 'newyork_fhv_gold' retrieved from /opt/airflow/dags/newyork_fhv_gold.py
[2026-05-08T19:55:48.102+0000] {logging_mixin.py:188} INFO - [2026-05-08T19:55:48.101+0000] {dag.py:3096} INFO - Sync 1 DAGs
[2026-05-08T19:55:48.119+0000] {logging_mixin.py:188} INFO - [2026-05-08T19:55:48.118+0000] {dag.py:3954} INFO - Setting next_dagrun for newyork_fhv_gold to None, run_after=None
[2026-05-08T19:55:48.151+0000] {processor.py:183} INFO - Processing /opt/airflow/dags/newyork_fhv_gold.py took 0.129 seconds
[2026-05-08T19:56:19.038+0000] {processor.py:161} INFO - Started process (PID=1213) to work on /opt/airflow/dags/newyork_fhv_gold.py
[2026-05-08T19:56:19.040+0000] {processor.py:830} INFO - Processing file /opt/airflow/dags/newyork_fhv_gold.py for tasks to queue
[2026-05-08T19:56:19.043+0000] {logging_mixin.py:188} INFO - [2026-05-08T19:56:19.042+0000] {dagbag.py:545} INFO - Filling up the DagBag from /opt/airflow/dags/newyork_fhv_gold.py
[2026-05-08T19:56:19.086+0000] {processor.py:840} INFO - DAG(s) 'newyork_fhv_gold' retrieved from /opt/airflow/dags/newyork_fhv_gold.py
[2026-05-08T19:56:19.133+0000] {logging_mixin.py:188} INFO - [2026-05-08T19:56:19.132+0000] {dag.py:3096} INFO - Sync 1 DAGs
[2026-05-08T19:56:19.150+0000] {logging_mixin.py:188} INFO - [2026-05-08T19:56:19.150+0000] {dag.py:3954} INFO - Setting next_dagrun for newyork_fhv_gold to None, run_after=None
[2026-05-08T19:56:19.179+0000] {processor.py:183} INFO - Processing /opt/airflow/dags/newyork_fhv_gold.py took 0.150 seconds
[2026-05-08T19:56:50.096+0000] {processor.py:161} INFO - Started process (PID=1224) to work on /opt/airflow/dags/newyork_fhv_gold.py
[2026-05-08T19:56:50.097+0000] {processor.py:830} INFO - Processing file /opt/airflow/dags/newyork_fhv_gold.py for tasks to queue
[2026-05-08T19:56:50.100+0000] {logging_mixin.py:188} INFO - [2026-05-08T19:56:50.099+0000] {dagbag.py:545} INFO - Filling up the DagBag from /opt/airflow/dags/newyork_fhv_gold.py
[2026-05-08T19:56:50.144+0000] {processor.py:840} INFO - DAG(s) 'newyork_fhv_gold' retrieved from /opt/airflow/dags/newyork_fhv_gold.py
[2026-05-08T19:56:50.177+0000] {logging_mixin.py:188} INFO - [2026-05-08T19:56:50.177+0000] {dag.py:3096} INFO - Sync 1 DAGs
[2026-05-08T19:56:50.192+0000] {logging_mixin.py:188} INFO - [2026-05-08T19:56:50.192+0000] {dag.py:3954} INFO - Setting next_dagrun for newyork_fhv_gold to None, run_after=None
[2026-05-08T19:56:50.222+0000] {processor.py:183} INFO - Processing /opt/airflow/dags/newyork_fhv_gold.py took 0.132 seconds
[2026-05-08T19:57:20.881+0000] {processor.py:161} INFO - Started process (PID=1235) to work on /opt/airflow/dags/newyork_fhv_gold.py
[2026-05-08T19:57:20.883+0000] {processor.py:830} INFO - Processing file /opt/airflow/dags/newyork_fhv_gold.py for tasks to queue
[2026-05-08T19:57:20.888+0000] {logging_mixin.py:188} INFO - [2026-05-08T19:57:20.887+0000] {dagbag.py:545} INFO - Filling up the DagBag from /opt/airflow/dags/newyork_fhv_gold.py
[2026-05-08T19:57:20.931+0000] {processor.py:840} INFO - DAG(s) 'newyork_fhv_gold' retrieved from /opt/airflow/dags/newyork_fhv_gold.py
[2026-05-08T19:57:20.967+0000] {logging_mixin.py:188} INFO - [2026-05-08T19:57:20.967+0000] {dag.py:3096} INFO - Sync 1 DAGs
[2026-05-08T19:57:20.982+0000] {logging_mixin.py:188} INFO - [2026-05-08T19:57:20.982+0000] {dag.py:3954} INFO - Setting next_dagrun for newyork_fhv_gold to None, run_after=None
[2026-05-08T19:57:21.008+0000] {processor.py:183} INFO - Processing /opt/airflow/dags/newyork_fhv_gold.py took 0.139 seconds
[2026-05-08T19:57:51.893+0000] {processor.py:161} INFO - Started process (PID=1246) to work on /opt/airflow/dags/newyork_fhv_gold.py
[2026-05-08T19:57:51.896+0000] {processor.py:830} INFO - Processing file /opt/airflow/dags/newyork_fhv_gold.py for tasks to queue
[2026-05-08T19:57:51.902+0000] {logging_mixin.py:188} INFO - [2026-05-08T19:57:51.901+0000] {dagbag.py:545} INFO - Filling up the DagBag from /opt/airflow/dags/newyork_fhv_gold.py
[2026-05-08T19:57:51.940+0000] {processor.py:840} INFO - DAG(s) 'newyork_fhv_gold' retrieved from /opt/airflow/dags/newyork_fhv_gold.py
[2026-05-08T19:57:51.967+0000] {logging_mixin.py:188} INFO - [2026-05-08T19:57:51.967+0000] {dag.py:3096} INFO - Sync 1 DAGs
[2026-05-08T19:57:51.980+0000] {logging_mixin.py:188} INFO - [2026-05-08T19:57:51.980+0000] {dag.py:3954} INFO - Setting next_dagrun for newyork_fhv_gold to None, run_after=None
[2026-05-08T19:57:52.009+0000] {processor.py:183} INFO - Processing /opt/airflow/dags/newyork_fhv_gold.py took 0.140 seconds
[2026-05-08T19:58:22.877+0000] {processor.py:161} INFO - Started process (PID=1257) to work on /opt/airflow/dags/newyork_fhv_gold.py
[2026-05-08T19:58:22.879+0000] {processor.py:830} INFO - Processing file /opt/airflow/dags/newyork_fhv_gold.py for tasks to queue
[2026-05-08T19:58:22.882+0000] {logging_mixin.py:188} INFO - [2026-05-08T19:58:22.882+0000] {dagbag.py:545} INFO - Filling up the DagBag from /opt/airflow/dags/newyork_fhv_gold.py
[2026-05-08T19:58:22.928+0000] {processor.py:840} INFO - DAG(s) 'newyork_fhv_gold' retrieved from /opt/airflow/dags/newyork_fhv_gold.py
[2026-05-08T19:58:22.951+0000] {logging_mixin.py:188} INFO - [2026-05-08T19:58:22.951+0000] {dag.py:3096} INFO - Sync 1 DAGs
[2026-05-08T19:58:22.976+0000] {logging_mixin.py:188} INFO - [2026-05-08T19:58:22.976+0000] {dag.py:3954} INFO - Setting next_dagrun for newyork_fhv_gold to None, run_after=None
[2026-05-08T19:58:23.016+0000] {processor.py:183} INFO - Processing /opt/airflow/dags/newyork_fhv_gold.py took 0.149 seconds
[2026-05-08T19:58:53.805+0000] {processor.py:161} INFO - Started process (PID=1268) to work on /opt/airflow/dags/newyork_fhv_gold.py
[2026-05-08T19:58:53.809+0000] {processor.py:830} INFO - Processing file /opt/airflow/dags/newyork_fhv_gold.py for tasks to queue
[2026-05-08T19:58:53.813+0000] {logging_mixin.py:188} INFO - [2026-05-08T19:58:53.812+0000] {dagbag.py:545} INFO - Filling up the DagBag from /opt/airflow/dags/newyork_fhv_gold.py
[2026-05-08T19:58:53.865+0000] {processor.py:840} INFO - DAG(s) 'newyork_fhv_gold' retrieved from /opt/airflow/dags/newyork_fhv_gold.py
[2026-05-08T19:58:53.907+0000] {logging_mixin.py:188} INFO - [2026-05-08T19:58:53.907+0000] {dag.py:3096} INFO - Sync 1 DAGs
[2026-05-08T19:58:53.927+0000] {logging_mixin.py:188} INFO - [2026-05-08T19:58:53.926+0000] {dag.py:3954} INFO - Setting next_dagrun for newyork_fhv_gold to None, run_after=None
[2026-05-08T19:58:53.961+0000] {processor.py:183} INFO - Processing /opt/airflow/dags/newyork_fhv_gold.py took 0.167 seconds
[2026-05-08T19:59:24.683+0000] {processor.py:161} INFO - Started process (PID=1279) to work on /opt/airflow/dags/newyork_fhv_gold.py
[2026-05-08T19:59:24.686+0000] {processor.py:830} INFO - Processing file /opt/airflow/dags/newyork_fhv_gold.py for tasks to queue
[2026-05-08T19:59:24.691+0000] {logging_mixin.py:188} INFO - [2026-05-08T19:59:24.690+0000] {dagbag.py:545} INFO - Filling up the DagBag from /opt/airflow/dags/newyork_fhv_gold.py
[2026-05-08T19:59:24.728+0000] {processor.py:840} INFO - DAG(s) 'newyork_fhv_gold' retrieved from /opt/airflow/dags/newyork_fhv_gold.py
[2026-05-08T19:59:24.750+0000] {logging_mixin.py:188} INFO - [2026-05-08T19:59:24.750+0000] {dag.py:3096} INFO - Sync 1 DAGs
[2026-05-08T19:59:24.770+0000] {logging_mixin.py:188} INFO - [2026-05-08T19:59:24.770+0000] {dag.py:3954} INFO - Setting next_dagrun for newyork_fhv_gold to None, run_after=None
[2026-05-08T19:59:24.815+0000] {processor.py:183} INFO - Processing /opt/airflow/dags/newyork_fhv_gold.py took 0.146 seconds
[2026-05-08T19:59:55.556+0000] {processor.py:161} INFO - Started process (PID=1290) to work on /opt/airflow/dags/newyork_fhv_gold.py
[2026-05-08T19:59:55.558+0000] {processor.py:830} INFO - Processing file /opt/airflow/dags/newyork_fhv_gold.py for tasks to queue
[2026-05-08T19:59:55.562+0000] {logging_mixin.py:188} INFO - [2026-05-08T19:59:55.561+0000] {dagbag.py:545} INFO - Filling up the DagBag from /opt/airflow/dags/newyork_fhv_gold.py
[2026-05-08T19:59:55.613+0000] {processor.py:840} INFO - DAG(s) 'newyork_fhv_gold' retrieved from /opt/airflow/dags/newyork_fhv_gold.py
[2026-05-08T19:59:55.640+0000] {logging_mixin.py:188} INFO - [2026-05-08T19:59:55.640+0000] {dag.py:3096} INFO - Sync 1 DAGs
[2026-05-08T19:59:55.650+0000] {logging_mixin.py:188} INFO - [2026-05-08T19:59:55.650+0000] {dag.py:3954} INFO - Setting next_dagrun for newyork_fhv_gold to None, run_after=None
[2026-05-08T19:59:55.670+0000] {processor.py:183} INFO - Processing /opt/airflow/dags/newyork_fhv_gold.py took 0.126 seconds
[2026-05-08T20:00:26.357+0000] {processor.py:161} INFO - Started process (PID=1300) to work on /opt/airflow/dags/newyork_fhv_gold.py
[2026-05-08T20:00:26.359+0000] {processor.py:830} INFO - Processing file /opt/airflow/dags/newyork_fhv_gold.py for tasks to queue
[2026-05-08T20:00:26.365+0000] {logging_mixin.py:188} INFO - [2026-05-08T20:00:26.364+0000] {dagbag.py:545} INFO - Filling up the DagBag from /opt/airflow/dags/newyork_fhv_gold.py
[2026-05-08T20:00:26.416+0000] {processor.py:840} INFO - DAG(s) 'newyork_fhv_gold' retrieved from /opt/airflow/dags/newyork_fhv_gold.py
[2026-05-08T20:00:26.455+0000] {logging_mixin.py:188} INFO - [2026-05-08T20:00:26.455+0000] {dag.py:3096} INFO - Sync 1 DAGs
[2026-05-08T20:00:26.481+0000] {logging_mixin.py:188} INFO - [2026-05-08T20:00:26.480+0000] {dag.py:3954} INFO - Setting next_dagrun for newyork_fhv_gold to None, run_after=None
[2026-05-08T20:00:26.526+0000] {processor.py:183} INFO - Processing /opt/airflow/dags/newyork_fhv_gold.py took 0.182 seconds
[2026-05-08T20:00:57.542+0000] {processor.py:161} INFO - Started process (PID=1311) to work on /opt/airflow/dags/newyork_fhv_gold.py
[2026-05-08T20:00:57.543+0000] {processor.py:830} INFO - Processing file /opt/airflow/dags/newyork_fhv_gold.py for tasks to queue
[2026-05-08T20:00:57.546+0000] {logging_mixin.py:188} INFO - [2026-05-08T20:00:57.545+0000] {dagbag.py:545} INFO - Filling up the DagBag from /opt/airflow/dags/newyork_fhv_gold.py
[2026-05-08T20:00:57.578+0000] {processor.py:840} INFO - DAG(s) 'newyork_fhv_gold' retrieved from /opt/airflow/dags/newyork_fhv_gold.py
[2026-05-08T20:00:57.608+0000] {logging_mixin.py:188} INFO - [2026-05-08T20:00:57.608+0000] {dag.py:3096} INFO - Sync 1 DAGs
[2026-05-08T20:00:57.628+0000] {logging_mixin.py:188} INFO - [2026-05-08T20:00:57.628+0000] {dag.py:3954} INFO - Setting next_dagrun for newyork_fhv_gold to None, run_after=None
[2026-05-08T20:00:57.654+0000] {processor.py:183} INFO - Processing /opt/airflow/dags/newyork_fhv_gold.py took 0.118 seconds
[2026-05-08T20:01:27.790+0000] {processor.py:161} INFO - Started process (PID=1322) to work on /opt/airflow/dags/newyork_fhv_gold.py
[2026-05-08T20:01:27.793+0000] {processor.py:830} INFO - Processing file /opt/airflow/dags/newyork_fhv_gold.py for tasks to queue
[2026-05-08T20:01:27.797+0000] {logging_mixin.py:188} INFO - [2026-05-08T20:01:27.796+0000] {dagbag.py:545} INFO - Filling up the DagBag from /opt/airflow/dags/newyork_fhv_gold.py
[2026-05-08T20:01:27.842+0000] {processor.py:840} INFO - DAG(s) 'newyork_fhv_gold' retrieved from /opt/airflow/dags/newyork_fhv_gold.py
[2026-05-08T20:01:27.874+0000] {logging_mixin.py:188} INFO - [2026-05-08T20:01:27.873+0000] {dag.py:3096} INFO - Sync 1 DAGs
[2026-05-08T20:01:27.884+0000] {logging_mixin.py:188} INFO - [2026-05-08T20:01:27.884+0000] {dag.py:3954} INFO - Setting next_dagrun for newyork_fhv_gold to None, run_after=None
[2026-05-08T20:01:27.903+0000] {processor.py:183} INFO - Processing /opt/airflow/dags/newyork_fhv_gold.py took 0.124 seconds
[2026-05-08T20:01:58.805+0000] {processor.py:161} INFO - Started process (PID=1333) to work on /opt/airflow/dags/newyork_fhv_gold.py
[2026-05-08T20:01:58.807+0000] {processor.py:830} INFO - Processing file /opt/airflow/dags/newyork_fhv_gold.py for tasks to queue
[2026-05-08T20:01:58.812+0000] {logging_mixin.py:188} INFO - [2026-05-08T20:01:58.810+0000] {dagbag.py:545} INFO - Filling up the DagBag from /opt/airflow/dags/newyork_fhv_gold.py
[2026-05-08T20:01:58.854+0000] {processor.py:840} INFO - DAG(s) 'newyork_fhv_gold' retrieved from /opt/airflow/dags/newyork_fhv_gold.py
[2026-05-08T20:01:58.878+0000] {logging_mixin.py:188} INFO - [2026-05-08T20:01:58.877+0000] {dag.py:3096} INFO - Sync 1 DAGs
[2026-05-08T20:01:58.894+0000] {logging_mixin.py:188} INFO - [2026-05-08T20:01:58.894+0000] {dag.py:3954} INFO - Setting next_dagrun for newyork_fhv_gold to None, run_after=None
[2026-05-08T20:01:58.925+0000] {processor.py:183} INFO - Processing /opt/airflow/dags/newyork_fhv_gold.py took 0.126 seconds
[2026-05-08T20:02:29.794+0000] {processor.py:161} INFO - Started process (PID=1344) to work on /opt/airflow/dags/newyork_fhv_gold.py
[2026-05-08T20:02:29.797+0000] {processor.py:830} INFO - Processing file /opt/airflow/dags/newyork_fhv_gold.py for tasks to queue
[2026-05-08T20:02:29.801+0000] {logging_mixin.py:188} INFO - [2026-05-08T20:02:29.800+0000] {dagbag.py:545} INFO - Filling up the DagBag from /opt/airflow/dags/newyork_fhv_gold.py
[2026-05-08T20:02:29.856+0000] {processor.py:840} INFO - DAG(s) 'newyork_fhv_gold' retrieved from /opt/airflow/dags/newyork_fhv_gold.py
[2026-05-08T20:02:29.885+0000] {logging_mixin.py:188} INFO - [2026-05-08T20:02:29.885+0000] {dag.py:3096} INFO - Sync 1 DAGs
[2026-05-08T20:02:29.902+0000] {logging_mixin.py:188} INFO - [2026-05-08T20:02:29.902+0000] {dag.py:3954} INFO - Setting next_dagrun for newyork_fhv_gold to None, run_after=None
[2026-05-08T20:02:30.141+0000] {processor.py:183} INFO - Processing /opt/airflow/dags/newyork_fhv_gold.py took 0.359 seconds
[2026-05-08T20:03:00.276+0000] {processor.py:161} INFO - Started process (PID=1355) to work on /opt/airflow/dags/newyork_fhv_gold.py
[2026-05-08T20:03:00.278+0000] {processor.py:830} INFO - Processing file /opt/airflow/dags/newyork_fhv_gold.py for tasks to queue
[2026-05-08T20:03:00.282+0000] {logging_mixin.py:188} INFO - [2026-05-08T20:03:00.282+0000] {dagbag.py:545} INFO - Filling up the DagBag from /opt/airflow/dags/newyork_fhv_gold.py
[2026-05-08T20:03:00.321+0000] {processor.py:840} INFO - DAG(s) 'newyork_fhv_gold' retrieved from /opt/airflow/dags/newyork_fhv_gold.py
[2026-05-08T20:03:00.345+0000] {logging_mixin.py:188} INFO - [2026-05-08T20:03:00.345+0000] {dag.py:3096} INFO - Sync 1 DAGs
[2026-05-08T20:03:00.359+0000] {logging_mixin.py:188} INFO - [2026-05-08T20:03:00.359+0000] {dag.py:3954} INFO - Setting next_dagrun for newyork_fhv_gold to None, run_after=None
[2026-05-08T20:03:00.384+0000] {processor.py:183} INFO - Processing /opt/airflow/dags/newyork_fhv_gold.py took 0.119 seconds
[2026-05-08T20:03:30.679+0000] {processor.py:161} INFO - Started process (PID=1366) to work on /opt/airflow/dags/newyork_fhv_gold.py
[2026-05-08T20:03:30.683+0000] {processor.py:830} INFO - Processing file /opt/airflow/dags/newyork_fhv_gold.py for tasks to queue
[2026-05-08T20:03:30.687+0000] {logging_mixin.py:188} INFO - [2026-05-08T20:03:30.686+0000] {dagbag.py:545} INFO - Filling up the DagBag from /opt/airflow/dags/newyork_fhv_gold.py
[2026-05-08T20:03:30.736+0000] {processor.py:840} INFO - DAG(s) 'newyork_fhv_gold' retrieved from /opt/airflow/dags/newyork_fhv_gold.py
[2026-05-08T20:03:30.778+0000] {logging_mixin.py:188} INFO - [2026-05-08T20:03:30.778+0000] {dag.py:3096} INFO - Sync 1 DAGs
[2026-05-08T20:03:30.798+0000] {logging_mixin.py:188} INFO - [2026-05-08T20:03:30.798+0000] {dag.py:3954} INFO - Setting next_dagrun for newyork_fhv_gold to None, run_after=None
[2026-05-08T20:03:30.826+0000] {processor.py:183} INFO - Processing /opt/airflow/dags/newyork_fhv_gold.py took 0.158 seconds
[2026-05-08T23:03:55.197+0000] {processor.py:161} INFO - Started process (PID=1377) to work on /opt/airflow/dags/newyork_fhv_gold.py
[2026-05-08T23:03:55.204+0000] {processor.py:830} INFO - Processing file /opt/airflow/dags/newyork_fhv_gold.py for tasks to queue
[2026-05-08T23:03:55.224+0000] {logging_mixin.py:188} INFO - [2026-05-08T23:03:55.224+0000] {dagbag.py:545} INFO - Filling up the DagBag from /opt/airflow/dags/newyork_fhv_gold.py
[2026-05-08T23:03:55.511+0000] {processor.py:840} INFO - DAG(s) 'newyork_fhv_gold' retrieved from /opt/airflow/dags/newyork_fhv_gold.py
[2026-05-08T23:03:55.546+0000] {logging_mixin.py:188} INFO - [2026-05-08T23:03:55.546+0000] {dag.py:3096} INFO - Sync 1 DAGs
[2026-05-08T23:03:55.572+0000] {logging_mixin.py:188} INFO - [2026-05-08T23:03:55.572+0000] {dag.py:3954} INFO - Setting next_dagrun for newyork_fhv_gold to None, run_after=None
[2026-05-08T23:03:55.622+0000] {processor.py:183} INFO - Processing /opt/airflow/dags/newyork_fhv_gold.py took 0.432 seconds
