[2026-05-09T01:04:07.646+0000] {processor.py:161} INFO - Started process (PID=1391) to work on /opt/airflow/dags/newyork_fhv_quality_check.py
[2026-05-09T01:04:07.653+0000] {processor.py:830} INFO - Processing file /opt/airflow/dags/newyork_fhv_quality_check.py for tasks to queue
[2026-05-09T01:04:07.658+0000] {logging_mixin.py:188} INFO - [2026-05-09T01:04:07.657+0000] {dagbag.py:545} INFO - Filling up the DagBag from /opt/airflow/dags/newyork_fhv_quality_check.py
[2026-05-09T01:04:07.970+0000] {processor.py:840} INFO - DAG(s) 'newyork_fhv_quality_check' retrieved from /opt/airflow/dags/newyork_fhv_quality_check.py
[2026-05-09T01:04:08.015+0000] {logging_mixin.py:188} INFO - [2026-05-09T01:04:08.014+0000] {dag.py:3096} INFO - Sync 1 DAGs
[2026-05-09T01:04:08.046+0000] {logging_mixin.py:188} INFO - [2026-05-09T01:04:08.046+0000] {dag.py:3954} INFO - Setting next_dagrun for newyork_fhv_quality_check to None, run_after=None
[2026-05-09T01:04:08.110+0000] {processor.py:183} INFO - Processing /opt/airflow/dags/newyork_fhv_quality_check.py took 0.472 seconds
[2026-05-09T01:04:38.584+0000] {processor.py:161} INFO - Started process (PID=1402) to work on /opt/airflow/dags/newyork_fhv_quality_check.py
[2026-05-09T01:04:38.585+0000] {processor.py:830} INFO - Processing file /opt/airflow/dags/newyork_fhv_quality_check.py for tasks to queue
[2026-05-09T01:04:38.587+0000] {logging_mixin.py:188} INFO - [2026-05-09T01:04:38.587+0000] {dagbag.py:545} INFO - Filling up the DagBag from /opt/airflow/dags/newyork_fhv_quality_check.py
[2026-05-09T01:04:38.603+0000] {processor.py:840} INFO - DAG(s) 'newyork_fhv_quality_check' retrieved from /opt/airflow/dags/newyork_fhv_quality_check.py
[2026-05-09T01:04:38.622+0000] {logging_mixin.py:188} INFO - [2026-05-09T01:04:38.622+0000] {dag.py:3096} INFO - Sync 1 DAGs
[2026-05-09T01:04:38.633+0000] {logging_mixin.py:188} INFO - [2026-05-09T01:04:38.632+0000] {dag.py:3954} INFO - Setting next_dagrun for newyork_fhv_quality_check to None, run_after=None
[2026-05-09T01:04:38.843+0000] {processor.py:183} INFO - Processing /opt/airflow/dags/newyork_fhv_quality_check.py took 0.265 seconds
[2026-05-09T01:05:09.243+0000] {processor.py:161} INFO - Started process (PID=1413) to work on /opt/airflow/dags/newyork_fhv_quality_check.py
[2026-05-09T01:05:09.244+0000] {processor.py:830} INFO - Processing file /opt/airflow/dags/newyork_fhv_quality_check.py for tasks to queue
[2026-05-09T01:05:09.246+0000] {logging_mixin.py:188} INFO - [2026-05-09T01:05:09.246+0000] {dagbag.py:545} INFO - Filling up the DagBag from /opt/airflow/dags/newyork_fhv_quality_check.py
[2026-05-09T01:05:09.264+0000] {processor.py:840} INFO - DAG(s) 'newyork_fhv_quality_check' retrieved from /opt/airflow/dags/newyork_fhv_quality_check.py
[2026-05-09T01:05:09.286+0000] {logging_mixin.py:188} INFO - [2026-05-09T01:05:09.286+0000] {dag.py:3096} INFO - Sync 1 DAGs
[2026-05-09T01:05:09.298+0000] {logging_mixin.py:188} INFO - [2026-05-09T01:05:09.297+0000] {dag.py:3954} INFO - Setting next_dagrun for newyork_fhv_quality_check to None, run_after=None
[2026-05-09T01:05:10.104+0000] {processor.py:183} INFO - Processing /opt/airflow/dags/newyork_fhv_quality_check.py took 0.866 seconds
[2026-05-09T01:05:40.444+0000] {processor.py:161} INFO - Started process (PID=1424) to work on /opt/airflow/dags/newyork_fhv_quality_check.py
[2026-05-09T01:05:40.445+0000] {processor.py:830} INFO - Processing file /opt/airflow/dags/newyork_fhv_quality_check.py for tasks to queue
[2026-05-09T01:05:40.448+0000] {logging_mixin.py:188} INFO - [2026-05-09T01:05:40.448+0000] {dagbag.py:545} INFO - Filling up the DagBag from /opt/airflow/dags/newyork_fhv_quality_check.py
[2026-05-09T01:05:40.490+0000] {processor.py:840} INFO - DAG(s) 'newyork_fhv_quality_check' retrieved from /opt/airflow/dags/newyork_fhv_quality_check.py
[2026-05-09T01:05:40.521+0000] {logging_mixin.py:188} INFO - [2026-05-09T01:05:40.520+0000] {dag.py:3096} INFO - Sync 1 DAGs
[2026-05-09T01:05:40.534+0000] {logging_mixin.py:188} INFO - [2026-05-09T01:05:40.533+0000] {dag.py:3954} INFO - Setting next_dagrun for newyork_fhv_quality_check to None, run_after=None
[2026-05-09T01:05:41.103+0000] {processor.py:183} INFO - Processing /opt/airflow/dags/newyork_fhv_quality_check.py took 0.665 seconds
[2026-05-09T01:06:12.044+0000] {processor.py:161} INFO - Started process (PID=1435) to work on /opt/airflow/dags/newyork_fhv_quality_check.py
[2026-05-09T01:06:12.047+0000] {processor.py:830} INFO - Processing file /opt/airflow/dags/newyork_fhv_quality_check.py for tasks to queue
[2026-05-09T01:06:12.051+0000] {logging_mixin.py:188} INFO - [2026-05-09T01:06:12.050+0000] {dagbag.py:545} INFO - Filling up the DagBag from /opt/airflow/dags/newyork_fhv_quality_check.py
[2026-05-09T01:06:12.095+0000] {processor.py:840} INFO - DAG(s) 'newyork_fhv_quality_check' retrieved from /opt/airflow/dags/newyork_fhv_quality_check.py
[2026-05-09T01:06:12.140+0000] {logging_mixin.py:188} INFO - [2026-05-09T01:06:12.140+0000] {dag.py:3096} INFO - Sync 1 DAGs
[2026-05-09T01:06:12.168+0000] {logging_mixin.py:188} INFO - [2026-05-09T01:06:12.168+0000] {dag.py:3954} INFO - Setting next_dagrun for newyork_fhv_quality_check to None, run_after=None
[2026-05-09T01:06:12.224+0000] {processor.py:183} INFO - Processing /opt/airflow/dags/newyork_fhv_quality_check.py took 0.190 seconds
[2026-05-09T01:06:43.159+0000] {processor.py:161} INFO - Started process (PID=1447) to work on /opt/airflow/dags/newyork_fhv_quality_check.py
[2026-05-09T01:06:43.160+0000] {processor.py:830} INFO - Processing file /opt/airflow/dags/newyork_fhv_quality_check.py for tasks to queue
[2026-05-09T01:06:43.164+0000] {logging_mixin.py:188} INFO - [2026-05-09T01:06:43.164+0000] {dagbag.py:545} INFO - Filling up the DagBag from /opt/airflow/dags/newyork_fhv_quality_check.py
[2026-05-09T01:06:43.210+0000] {processor.py:840} INFO - DAG(s) 'newyork_fhv_quality_check' retrieved from /opt/airflow/dags/newyork_fhv_quality_check.py
[2026-05-09T01:06:43.246+0000] {logging_mixin.py:188} INFO - [2026-05-09T01:06:43.245+0000] {dag.py:3096} INFO - Sync 1 DAGs
[2026-05-09T01:06:43.262+0000] {logging_mixin.py:188} INFO - [2026-05-09T01:06:43.262+0000] {dag.py:3954} INFO - Setting next_dagrun for newyork_fhv_quality_check to None, run_after=None
[2026-05-09T01:06:43.289+0000] {processor.py:183} INFO - Processing /opt/airflow/dags/newyork_fhv_quality_check.py took 0.140 seconds
[2026-05-09T01:07:14.177+0000] {processor.py:161} INFO - Started process (PID=1458) to work on /opt/airflow/dags/newyork_fhv_quality_check.py
[2026-05-09T01:07:14.178+0000] {processor.py:830} INFO - Processing file /opt/airflow/dags/newyork_fhv_quality_check.py for tasks to queue
[2026-05-09T01:07:14.180+0000] {logging_mixin.py:188} INFO - [2026-05-09T01:07:14.180+0000] {dagbag.py:545} INFO - Filling up the DagBag from /opt/airflow/dags/newyork_fhv_quality_check.py
[2026-05-09T01:07:14.211+0000] {processor.py:840} INFO - DAG(s) 'newyork_fhv_quality_check' retrieved from /opt/airflow/dags/newyork_fhv_quality_check.py
[2026-05-09T01:07:14.236+0000] {logging_mixin.py:188} INFO - [2026-05-09T01:07:14.236+0000] {dag.py:3096} INFO - Sync 1 DAGs
[2026-05-09T01:07:14.249+0000] {logging_mixin.py:188} INFO - [2026-05-09T01:07:14.249+0000] {dag.py:3954} INFO - Setting next_dagrun for newyork_fhv_quality_check to None, run_after=None
[2026-05-09T01:07:14.284+0000] {processor.py:183} INFO - Processing /opt/airflow/dags/newyork_fhv_quality_check.py took 0.114 seconds
[2026-05-09T01:07:44.430+0000] {processor.py:161} INFO - Started process (PID=1469) to work on /opt/airflow/dags/newyork_fhv_quality_check.py
[2026-05-09T01:07:44.431+0000] {processor.py:830} INFO - Processing file /opt/airflow/dags/newyork_fhv_quality_check.py for tasks to queue
[2026-05-09T01:07:44.434+0000] {logging_mixin.py:188} INFO - [2026-05-09T01:07:44.434+0000] {dagbag.py:545} INFO - Filling up the DagBag from /opt/airflow/dags/newyork_fhv_quality_check.py
[2026-05-09T01:07:44.471+0000] {processor.py:840} INFO - DAG(s) 'newyork_fhv_quality_check' retrieved from /opt/airflow/dags/newyork_fhv_quality_check.py
[2026-05-09T01:07:44.497+0000] {logging_mixin.py:188} INFO - [2026-05-09T01:07:44.497+0000] {dag.py:3096} INFO - Sync 1 DAGs
[2026-05-09T01:07:44.513+0000] {logging_mixin.py:188} INFO - [2026-05-09T01:07:44.512+0000] {dag.py:3954} INFO - Setting next_dagrun for newyork_fhv_quality_check to None, run_after=None
[2026-05-09T01:07:44.541+0000] {processor.py:183} INFO - Processing /opt/airflow/dags/newyork_fhv_quality_check.py took 0.119 seconds
[2026-05-09T01:08:15.444+0000] {processor.py:161} INFO - Started process (PID=1480) to work on /opt/airflow/dags/newyork_fhv_quality_check.py
[2026-05-09T01:08:15.446+0000] {processor.py:830} INFO - Processing file /opt/airflow/dags/newyork_fhv_quality_check.py for tasks to queue
[2026-05-09T01:08:15.449+0000] {logging_mixin.py:188} INFO - [2026-05-09T01:08:15.448+0000] {dagbag.py:545} INFO - Filling up the DagBag from /opt/airflow/dags/newyork_fhv_quality_check.py
[2026-05-09T01:08:15.481+0000] {processor.py:840} INFO - DAG(s) 'newyork_fhv_quality_check' retrieved from /opt/airflow/dags/newyork_fhv_quality_check.py
[2026-05-09T01:08:15.509+0000] {logging_mixin.py:188} INFO - [2026-05-09T01:08:15.509+0000] {dag.py:3096} INFO - Sync 1 DAGs
[2026-05-09T01:08:15.526+0000] {logging_mixin.py:188} INFO - [2026-05-09T01:08:15.526+0000] {dag.py:3954} INFO - Setting next_dagrun for newyork_fhv_quality_check to None, run_after=None
[2026-05-09T01:08:15.552+0000] {processor.py:183} INFO - Processing /opt/airflow/dags/newyork_fhv_quality_check.py took 0.117 seconds
[2026-05-09T01:08:45.762+0000] {processor.py:161} INFO - Started process (PID=1490) to work on /opt/airflow/dags/newyork_fhv_quality_check.py
[2026-05-09T01:08:45.764+0000] {processor.py:830} INFO - Processing file /opt/airflow/dags/newyork_fhv_quality_check.py for tasks to queue
[2026-05-09T01:08:45.768+0000] {logging_mixin.py:188} INFO - [2026-05-09T01:08:45.767+0000] {dagbag.py:545} INFO - Filling up the DagBag from /opt/airflow/dags/newyork_fhv_quality_check.py
[2026-05-09T01:08:45.809+0000] {processor.py:840} INFO - DAG(s) 'newyork_fhv_quality_check' retrieved from /opt/airflow/dags/newyork_fhv_quality_check.py
[2026-05-09T01:08:45.836+0000] {logging_mixin.py:188} INFO - [2026-05-09T01:08:45.835+0000] {dag.py:3096} INFO - Sync 1 DAGs
[2026-05-09T01:08:45.850+0000] {logging_mixin.py:188} INFO - [2026-05-09T01:08:45.850+0000] {dag.py:3954} INFO - Setting next_dagrun for newyork_fhv_quality_check to None, run_after=None
[2026-05-09T01:08:45.876+0000] {processor.py:183} INFO - Processing /opt/airflow/dags/newyork_fhv_quality_check.py took 0.124 seconds
[2026-05-09T01:09:15.988+0000] {processor.py:161} INFO - Started process (PID=1501) to work on /opt/airflow/dags/newyork_fhv_quality_check.py
[2026-05-09T01:09:15.990+0000] {processor.py:830} INFO - Processing file /opt/airflow/dags/newyork_fhv_quality_check.py for tasks to queue
[2026-05-09T01:09:15.992+0000] {logging_mixin.py:188} INFO - [2026-05-09T01:09:15.992+0000] {dagbag.py:545} INFO - Filling up the DagBag from /opt/airflow/dags/newyork_fhv_quality_check.py
[2026-05-09T01:09:16.025+0000] {processor.py:840} INFO - DAG(s) 'newyork_fhv_quality_check' retrieved from /opt/airflow/dags/newyork_fhv_quality_check.py
[2026-05-09T01:09:16.062+0000] {logging_mixin.py:188} INFO - [2026-05-09T01:09:16.062+0000] {dag.py:3096} INFO - Sync 1 DAGs
[2026-05-09T01:09:16.078+0000] {logging_mixin.py:188} INFO - [2026-05-09T01:09:16.077+0000] {dag.py:3954} INFO - Setting next_dagrun for newyork_fhv_quality_check to None, run_after=None
[2026-05-09T01:09:16.104+0000] {processor.py:183} INFO - Processing /opt/airflow/dags/newyork_fhv_quality_check.py took 0.127 seconds
[2026-05-09T01:09:47.000+0000] {processor.py:161} INFO - Started process (PID=1512) to work on /opt/airflow/dags/newyork_fhv_quality_check.py
[2026-05-09T01:09:47.002+0000] {processor.py:830} INFO - Processing file /opt/airflow/dags/newyork_fhv_quality_check.py for tasks to queue
[2026-05-09T01:09:47.006+0000] {logging_mixin.py:188} INFO - [2026-05-09T01:09:47.005+0000] {dagbag.py:545} INFO - Filling up the DagBag from /opt/airflow/dags/newyork_fhv_quality_check.py
[2026-05-09T01:09:47.051+0000] {processor.py:840} INFO - DAG(s) 'newyork_fhv_quality_check' retrieved from /opt/airflow/dags/newyork_fhv_quality_check.py
[2026-05-09T01:09:47.084+0000] {logging_mixin.py:188} INFO - [2026-05-09T01:09:47.083+0000] {dag.py:3096} INFO - Sync 1 DAGs
[2026-05-09T01:09:47.101+0000] {logging_mixin.py:188} INFO - [2026-05-09T01:09:47.100+0000] {dag.py:3954} INFO - Setting next_dagrun for newyork_fhv_quality_check to None, run_after=None
[2026-05-09T01:09:47.132+0000] {processor.py:183} INFO - Processing /opt/airflow/dags/newyork_fhv_quality_check.py took 0.139 seconds
[2026-05-09T01:10:17.945+0000] {processor.py:161} INFO - Started process (PID=1523) to work on /opt/airflow/dags/newyork_fhv_quality_check.py
[2026-05-09T01:10:17.947+0000] {processor.py:830} INFO - Processing file /opt/airflow/dags/newyork_fhv_quality_check.py for tasks to queue
[2026-05-09T01:10:17.951+0000] {logging_mixin.py:188} INFO - [2026-05-09T01:10:17.950+0000] {dagbag.py:545} INFO - Filling up the DagBag from /opt/airflow/dags/newyork_fhv_quality_check.py
[2026-05-09T01:10:17.998+0000] {processor.py:840} INFO - DAG(s) 'newyork_fhv_quality_check' retrieved from /opt/airflow/dags/newyork_fhv_quality_check.py
[2026-05-09T01:10:18.032+0000] {logging_mixin.py:188} INFO - [2026-05-09T01:10:18.032+0000] {dag.py:3096} INFO - Sync 1 DAGs
[2026-05-09T01:10:18.056+0000] {logging_mixin.py:188} INFO - [2026-05-09T01:10:18.055+0000] {dag.py:3954} INFO - Setting next_dagrun for newyork_fhv_quality_check to None, run_after=None
[2026-05-09T01:10:18.093+0000] {processor.py:183} INFO - Processing /opt/airflow/dags/newyork_fhv_quality_check.py took 0.159 seconds
[2026-05-09T01:10:48.946+0000] {processor.py:161} INFO - Started process (PID=1534) to work on /opt/airflow/dags/newyork_fhv_quality_check.py
[2026-05-09T01:10:48.947+0000] {processor.py:830} INFO - Processing file /opt/airflow/dags/newyork_fhv_quality_check.py for tasks to queue
[2026-05-09T01:10:48.949+0000] {logging_mixin.py:188} INFO - [2026-05-09T01:10:48.949+0000] {dagbag.py:545} INFO - Filling up the DagBag from /opt/airflow/dags/newyork_fhv_quality_check.py
[2026-05-09T01:10:48.986+0000] {processor.py:840} INFO - DAG(s) 'newyork_fhv_quality_check' retrieved from /opt/airflow/dags/newyork_fhv_quality_check.py
[2026-05-09T01:10:49.011+0000] {logging_mixin.py:188} INFO - [2026-05-09T01:10:49.010+0000] {dag.py:3096} INFO - Sync 1 DAGs
[2026-05-09T01:10:49.024+0000] {logging_mixin.py:188} INFO - [2026-05-09T01:10:49.024+0000] {dag.py:3954} INFO - Setting next_dagrun for newyork_fhv_quality_check to None, run_after=None
[2026-05-09T01:10:49.049+0000] {processor.py:183} INFO - Processing /opt/airflow/dags/newyork_fhv_quality_check.py took 0.110 seconds
[2026-05-09T01:11:19.856+0000] {processor.py:161} INFO - Started process (PID=1545) to work on /opt/airflow/dags/newyork_fhv_quality_check.py
[2026-05-09T01:11:19.856+0000] {processor.py:830} INFO - Processing file /opt/airflow/dags/newyork_fhv_quality_check.py for tasks to queue
[2026-05-09T01:11:19.859+0000] {logging_mixin.py:188} INFO - [2026-05-09T01:11:19.858+0000] {dagbag.py:545} INFO - Filling up the DagBag from /opt/airflow/dags/newyork_fhv_quality_check.py
[2026-05-09T01:11:19.881+0000] {processor.py:840} INFO - DAG(s) 'newyork_fhv_quality_check' retrieved from /opt/airflow/dags/newyork_fhv_quality_check.py
[2026-05-09T01:11:19.905+0000] {logging_mixin.py:188} INFO - [2026-05-09T01:11:19.904+0000] {dag.py:3096} INFO - Sync 1 DAGs
[2026-05-09T01:11:19.918+0000] {logging_mixin.py:188} INFO - [2026-05-09T01:11:19.918+0000] {dag.py:3954} INFO - Setting next_dagrun for newyork_fhv_quality_check to None, run_after=None
[2026-05-09T01:11:20.246+0000] {processor.py:183} INFO - Processing /opt/airflow/dags/newyork_fhv_quality_check.py took 0.397 seconds
[2026-05-09T01:11:51.108+0000] {processor.py:161} INFO - Started process (PID=1556) to work on /opt/airflow/dags/newyork_fhv_quality_check.py
[2026-05-09T01:11:51.111+0000] {processor.py:830} INFO - Processing file /opt/airflow/dags/newyork_fhv_quality_check.py for tasks to queue
[2026-05-09T01:11:51.116+0000] {logging_mixin.py:188} INFO - [2026-05-09T01:11:51.115+0000] {dagbag.py:545} INFO - Filling up the DagBag from /opt/airflow/dags/newyork_fhv_quality_check.py
[2026-05-09T01:11:51.175+0000] {processor.py:840} INFO - DAG(s) 'newyork_fhv_quality_check' retrieved from /opt/airflow/dags/newyork_fhv_quality_check.py
[2026-05-09T01:11:51.217+0000] {logging_mixin.py:188} INFO - [2026-05-09T01:11:51.216+0000] {dag.py:3096} INFO - Sync 1 DAGs
[2026-05-09T01:11:51.247+0000] {logging_mixin.py:188} INFO - [2026-05-09T01:11:51.247+0000] {dag.py:3954} INFO - Setting next_dagrun for newyork_fhv_quality_check to None, run_after=None
[2026-05-09T01:11:51.290+0000] {processor.py:183} INFO - Processing /opt/airflow/dags/newyork_fhv_quality_check.py took 0.195 seconds
[2026-05-09T01:12:21.925+0000] {processor.py:161} INFO - Started process (PID=1567) to work on /opt/airflow/dags/newyork_fhv_quality_check.py
[2026-05-09T01:12:21.927+0000] {processor.py:830} INFO - Processing file /opt/airflow/dags/newyork_fhv_quality_check.py for tasks to queue
[2026-05-09T01:12:21.929+0000] {logging_mixin.py:188} INFO - [2026-05-09T01:12:21.929+0000] {dagbag.py:545} INFO - Filling up the DagBag from /opt/airflow/dags/newyork_fhv_quality_check.py
[2026-05-09T01:12:21.949+0000] {processor.py:840} INFO - DAG(s) 'newyork_fhv_quality_check' retrieved from /opt/airflow/dags/newyork_fhv_quality_check.py
[2026-05-09T01:12:21.973+0000] {logging_mixin.py:188} INFO - [2026-05-09T01:12:21.972+0000] {dag.py:3096} INFO - Sync 1 DAGs
[2026-05-09T01:12:21.986+0000] {logging_mixin.py:188} INFO - [2026-05-09T01:12:21.986+0000] {dag.py:3954} INFO - Setting next_dagrun for newyork_fhv_quality_check to None, run_after=None
[2026-05-09T01:12:22.011+0000] {processor.py:183} INFO - Processing /opt/airflow/dags/newyork_fhv_quality_check.py took 0.093 seconds
[2026-05-09T01:12:52.699+0000] {processor.py:161} INFO - Started process (PID=1578) to work on /opt/airflow/dags/newyork_fhv_quality_check.py
[2026-05-09T01:12:52.701+0000] {processor.py:830} INFO - Processing file /opt/airflow/dags/newyork_fhv_quality_check.py for tasks to queue
[2026-05-09T01:12:52.704+0000] {logging_mixin.py:188} INFO - [2026-05-09T01:12:52.703+0000] {dagbag.py:545} INFO - Filling up the DagBag from /opt/airflow/dags/newyork_fhv_quality_check.py
[2026-05-09T01:12:52.732+0000] {processor.py:840} INFO - DAG(s) 'newyork_fhv_quality_check' retrieved from /opt/airflow/dags/newyork_fhv_quality_check.py
[2026-05-09T01:12:52.760+0000] {logging_mixin.py:188} INFO - [2026-05-09T01:12:52.759+0000] {dag.py:3096} INFO - Sync 1 DAGs
[2026-05-09T01:12:52.776+0000] {logging_mixin.py:188} INFO - [2026-05-09T01:12:52.776+0000] {dag.py:3954} INFO - Setting next_dagrun for newyork_fhv_quality_check to None, run_after=None
[2026-05-09T01:12:52.799+0000] {processor.py:183} INFO - Processing /opt/airflow/dags/newyork_fhv_quality_check.py took 0.107 seconds
[2026-05-09T01:13:23.632+0000] {processor.py:161} INFO - Started process (PID=1589) to work on /opt/airflow/dags/newyork_fhv_quality_check.py
[2026-05-09T01:13:23.634+0000] {processor.py:830} INFO - Processing file /opt/airflow/dags/newyork_fhv_quality_check.py for tasks to queue
[2026-05-09T01:13:23.638+0000] {logging_mixin.py:188} INFO - [2026-05-09T01:13:23.638+0000] {dagbag.py:545} INFO - Filling up the DagBag from /opt/airflow/dags/newyork_fhv_quality_check.py
[2026-05-09T01:13:23.692+0000] {processor.py:840} INFO - DAG(s) 'newyork_fhv_quality_check' retrieved from /opt/airflow/dags/newyork_fhv_quality_check.py
[2026-05-09T01:13:23.716+0000] {logging_mixin.py:188} INFO - [2026-05-09T01:13:23.716+0000] {dag.py:3096} INFO - Sync 1 DAGs
[2026-05-09T01:13:23.734+0000] {logging_mixin.py:188} INFO - [2026-05-09T01:13:23.733+0000] {dag.py:3954} INFO - Setting next_dagrun for newyork_fhv_quality_check to None, run_after=None
[2026-05-09T01:13:23.761+0000] {processor.py:183} INFO - Processing /opt/airflow/dags/newyork_fhv_quality_check.py took 0.139 seconds
[2026-05-09T01:13:54.755+0000] {processor.py:161} INFO - Started process (PID=1600) to work on /opt/airflow/dags/newyork_fhv_quality_check.py
[2026-05-09T01:13:54.756+0000] {processor.py:830} INFO - Processing file /opt/airflow/dags/newyork_fhv_quality_check.py for tasks to queue
[2026-05-09T01:13:54.759+0000] {logging_mixin.py:188} INFO - [2026-05-09T01:13:54.759+0000] {dagbag.py:545} INFO - Filling up the DagBag from /opt/airflow/dags/newyork_fhv_quality_check.py
[2026-05-09T01:13:54.805+0000] {processor.py:840} INFO - DAG(s) 'newyork_fhv_quality_check' retrieved from /opt/airflow/dags/newyork_fhv_quality_check.py
[2026-05-09T01:13:54.837+0000] {logging_mixin.py:188} INFO - [2026-05-09T01:13:54.837+0000] {dag.py:3096} INFO - Sync 1 DAGs
[2026-05-09T01:13:54.851+0000] {logging_mixin.py:188} INFO - [2026-05-09T01:13:54.851+0000] {dag.py:3954} INFO - Setting next_dagrun for newyork_fhv_quality_check to None, run_after=None
[2026-05-09T01:13:54.876+0000] {processor.py:183} INFO - Processing /opt/airflow/dags/newyork_fhv_quality_check.py took 0.128 seconds
[2026-05-09T01:14:25.881+0000] {processor.py:161} INFO - Started process (PID=1611) to work on /opt/airflow/dags/newyork_fhv_quality_check.py
[2026-05-09T01:14:25.882+0000] {processor.py:830} INFO - Processing file /opt/airflow/dags/newyork_fhv_quality_check.py for tasks to queue
[2026-05-09T01:14:25.886+0000] {logging_mixin.py:188} INFO - [2026-05-09T01:14:25.886+0000] {dagbag.py:545} INFO - Filling up the DagBag from /opt/airflow/dags/newyork_fhv_quality_check.py
[2026-05-09T01:14:25.930+0000] {processor.py:840} INFO - DAG(s) 'newyork_fhv_quality_check' retrieved from /opt/airflow/dags/newyork_fhv_quality_check.py
[2026-05-09T01:14:25.963+0000] {logging_mixin.py:188} INFO - [2026-05-09T01:14:25.963+0000] {dag.py:3096} INFO - Sync 1 DAGs
[2026-05-09T01:14:25.981+0000] {logging_mixin.py:188} INFO - [2026-05-09T01:14:25.980+0000] {dag.py:3954} INFO - Setting next_dagrun for newyork_fhv_quality_check to None, run_after=None
[2026-05-09T01:14:26.016+0000] {processor.py:183} INFO - Processing /opt/airflow/dags/newyork_fhv_quality_check.py took 0.144 seconds
[2026-05-09T01:14:56.127+0000] {processor.py:161} INFO - Started process (PID=1622) to work on /opt/airflow/dags/newyork_fhv_quality_check.py
[2026-05-09T01:14:56.130+0000] {processor.py:830} INFO - Processing file /opt/airflow/dags/newyork_fhv_quality_check.py for tasks to queue
[2026-05-09T01:14:56.133+0000] {logging_mixin.py:188} INFO - [2026-05-09T01:14:56.132+0000] {dagbag.py:545} INFO - Filling up the DagBag from /opt/airflow/dags/newyork_fhv_quality_check.py
[2026-05-09T01:14:56.180+0000] {processor.py:840} INFO - DAG(s) 'newyork_fhv_quality_check' retrieved from /opt/airflow/dags/newyork_fhv_quality_check.py
[2026-05-09T01:14:56.205+0000] {logging_mixin.py:188} INFO - [2026-05-09T01:14:56.205+0000] {dag.py:3096} INFO - Sync 1 DAGs
[2026-05-09T01:14:56.220+0000] {logging_mixin.py:188} INFO - [2026-05-09T01:14:56.220+0000] {dag.py:3954} INFO - Setting next_dagrun for newyork_fhv_quality_check to None, run_after=None
[2026-05-09T01:14:56.246+0000] {processor.py:183} INFO - Processing /opt/airflow/dags/newyork_fhv_quality_check.py took 0.128 seconds
[2026-05-09T01:15:27.167+0000] {processor.py:161} INFO - Started process (PID=1633) to work on /opt/airflow/dags/newyork_fhv_quality_check.py
[2026-05-09T01:15:27.168+0000] {processor.py:830} INFO - Processing file /opt/airflow/dags/newyork_fhv_quality_check.py for tasks to queue
[2026-05-09T01:15:27.171+0000] {logging_mixin.py:188} INFO - [2026-05-09T01:15:27.170+0000] {dagbag.py:545} INFO - Filling up the DagBag from /opt/airflow/dags/newyork_fhv_quality_check.py
[2026-05-09T01:15:27.210+0000] {processor.py:840} INFO - DAG(s) 'newyork_fhv_quality_check' retrieved from /opt/airflow/dags/newyork_fhv_quality_check.py
[2026-05-09T01:15:27.236+0000] {logging_mixin.py:188} INFO - [2026-05-09T01:15:27.236+0000] {dag.py:3096} INFO - Sync 1 DAGs
[2026-05-09T01:15:27.249+0000] {logging_mixin.py:188} INFO - [2026-05-09T01:15:27.249+0000] {dag.py:3954} INFO - Setting next_dagrun for newyork_fhv_quality_check to None, run_after=None
[2026-05-09T01:15:27.273+0000] {processor.py:183} INFO - Processing /opt/airflow/dags/newyork_fhv_quality_check.py took 0.112 seconds
[2026-05-09T01:15:58.019+0000] {processor.py:161} INFO - Started process (PID=1644) to work on /opt/airflow/dags/newyork_fhv_quality_check.py
[2026-05-09T01:15:58.021+0000] {processor.py:830} INFO - Processing file /opt/airflow/dags/newyork_fhv_quality_check.py for tasks to queue
[2026-05-09T01:15:58.024+0000] {logging_mixin.py:188} INFO - [2026-05-09T01:15:58.023+0000] {dagbag.py:545} INFO - Filling up the DagBag from /opt/airflow/dags/newyork_fhv_quality_check.py
[2026-05-09T01:15:58.077+0000] {processor.py:840} INFO - DAG(s) 'newyork_fhv_quality_check' retrieved from /opt/airflow/dags/newyork_fhv_quality_check.py
[2026-05-09T01:15:58.104+0000] {logging_mixin.py:188} INFO - [2026-05-09T01:15:58.104+0000] {dag.py:3096} INFO - Sync 1 DAGs
[2026-05-09T01:15:58.120+0000] {logging_mixin.py:188} INFO - [2026-05-09T01:15:58.120+0000] {dag.py:3954} INFO - Setting next_dagrun for newyork_fhv_quality_check to None, run_after=None
[2026-05-09T01:15:58.149+0000] {processor.py:183} INFO - Processing /opt/airflow/dags/newyork_fhv_quality_check.py took 0.138 seconds
[2026-05-09T01:16:28.964+0000] {processor.py:161} INFO - Started process (PID=1655) to work on /opt/airflow/dags/newyork_fhv_quality_check.py
[2026-05-09T01:16:28.965+0000] {processor.py:830} INFO - Processing file /opt/airflow/dags/newyork_fhv_quality_check.py for tasks to queue
[2026-05-09T01:16:28.969+0000] {logging_mixin.py:188} INFO - [2026-05-09T01:16:28.968+0000] {dagbag.py:545} INFO - Filling up the DagBag from /opt/airflow/dags/newyork_fhv_quality_check.py
[2026-05-09T01:16:29.010+0000] {processor.py:840} INFO - DAG(s) 'newyork_fhv_quality_check' retrieved from /opt/airflow/dags/newyork_fhv_quality_check.py
[2026-05-09T01:16:29.036+0000] {logging_mixin.py:188} INFO - [2026-05-09T01:16:29.035+0000] {dag.py:3096} INFO - Sync 1 DAGs
[2026-05-09T01:16:29.050+0000] {logging_mixin.py:188} INFO - [2026-05-09T01:16:29.050+0000] {dag.py:3954} INFO - Setting next_dagrun for newyork_fhv_quality_check to None, run_after=None
[2026-05-09T01:16:29.073+0000] {processor.py:183} INFO - Processing /opt/airflow/dags/newyork_fhv_quality_check.py took 0.117 seconds
[2026-05-09T01:16:59.854+0000] {processor.py:161} INFO - Started process (PID=1666) to work on /opt/airflow/dags/newyork_fhv_quality_check.py
[2026-05-09T01:16:59.856+0000] {processor.py:830} INFO - Processing file /opt/airflow/dags/newyork_fhv_quality_check.py for tasks to queue
[2026-05-09T01:16:59.858+0000] {logging_mixin.py:188} INFO - [2026-05-09T01:16:59.857+0000] {dagbag.py:545} INFO - Filling up the DagBag from /opt/airflow/dags/newyork_fhv_quality_check.py
[2026-05-09T01:16:59.877+0000] {processor.py:840} INFO - DAG(s) 'newyork_fhv_quality_check' retrieved from /opt/airflow/dags/newyork_fhv_quality_check.py
[2026-05-09T01:16:59.901+0000] {logging_mixin.py:188} INFO - [2026-05-09T01:16:59.901+0000] {dag.py:3096} INFO - Sync 1 DAGs
[2026-05-09T01:16:59.924+0000] {logging_mixin.py:188} INFO - [2026-05-09T01:16:59.924+0000] {dag.py:3954} INFO - Setting next_dagrun for newyork_fhv_quality_check to None, run_after=None
[2026-05-09T01:16:59.951+0000] {processor.py:183} INFO - Processing /opt/airflow/dags/newyork_fhv_quality_check.py took 0.104 seconds
[2026-05-09T01:17:30.575+0000] {processor.py:161} INFO - Started process (PID=1683) to work on /opt/airflow/dags/newyork_fhv_quality_check.py
[2026-05-09T01:17:30.577+0000] {processor.py:830} INFO - Processing file /opt/airflow/dags/newyork_fhv_quality_check.py for tasks to queue
[2026-05-09T01:17:30.580+0000] {logging_mixin.py:188} INFO - [2026-05-09T01:17:30.579+0000] {dagbag.py:545} INFO - Filling up the DagBag from /opt/airflow/dags/newyork_fhv_quality_check.py
[2026-05-09T01:17:30.619+0000] {processor.py:840} INFO - DAG(s) 'newyork_fhv_quality_check' retrieved from /opt/airflow/dags/newyork_fhv_quality_check.py
[2026-05-09T01:17:30.646+0000] {logging_mixin.py:188} INFO - [2026-05-09T01:17:30.646+0000] {dag.py:3096} INFO - Sync 1 DAGs
[2026-05-09T01:17:30.659+0000] {logging_mixin.py:188} INFO - [2026-05-09T01:17:30.659+0000] {dag.py:3954} INFO - Setting next_dagrun for newyork_fhv_quality_check to None, run_after=None
[2026-05-09T01:17:30.684+0000] {processor.py:183} INFO - Processing /opt/airflow/dags/newyork_fhv_quality_check.py took 0.116 seconds
[2026-05-09T01:18:01.493+0000] {processor.py:161} INFO - Started process (PID=1694) to work on /opt/airflow/dags/newyork_fhv_quality_check.py
[2026-05-09T01:18:01.495+0000] {processor.py:830} INFO - Processing file /opt/airflow/dags/newyork_fhv_quality_check.py for tasks to queue
[2026-05-09T01:18:01.501+0000] {logging_mixin.py:188} INFO - [2026-05-09T01:18:01.501+0000] {dagbag.py:545} INFO - Filling up the DagBag from /opt/airflow/dags/newyork_fhv_quality_check.py
[2026-05-09T01:18:01.546+0000] {processor.py:840} INFO - DAG(s) 'newyork_fhv_quality_check' retrieved from /opt/airflow/dags/newyork_fhv_quality_check.py
[2026-05-09T01:18:01.579+0000] {logging_mixin.py:188} INFO - [2026-05-09T01:18:01.579+0000] {dag.py:3096} INFO - Sync 1 DAGs
[2026-05-09T01:18:01.597+0000] {logging_mixin.py:188} INFO - [2026-05-09T01:18:01.596+0000] {dag.py:3954} INFO - Setting next_dagrun for newyork_fhv_quality_check to None, run_after=None
[2026-05-09T01:18:01.913+0000] {processor.py:183} INFO - Processing /opt/airflow/dags/newyork_fhv_quality_check.py took 0.427 seconds
[2026-05-09T01:18:32.753+0000] {processor.py:161} INFO - Started process (PID=1705) to work on /opt/airflow/dags/newyork_fhv_quality_check.py
[2026-05-09T01:18:32.754+0000] {processor.py:830} INFO - Processing file /opt/airflow/dags/newyork_fhv_quality_check.py for tasks to queue
[2026-05-09T01:18:32.757+0000] {logging_mixin.py:188} INFO - [2026-05-09T01:18:32.757+0000] {dagbag.py:545} INFO - Filling up the DagBag from /opt/airflow/dags/newyork_fhv_quality_check.py
[2026-05-09T01:18:32.793+0000] {processor.py:840} INFO - DAG(s) 'newyork_fhv_quality_check' retrieved from /opt/airflow/dags/newyork_fhv_quality_check.py
[2026-05-09T01:18:32.830+0000] {logging_mixin.py:188} INFO - [2026-05-09T01:18:32.830+0000] {dag.py:3096} INFO - Sync 1 DAGs
[2026-05-09T01:18:32.852+0000] {logging_mixin.py:188} INFO - [2026-05-09T01:18:32.852+0000] {dag.py:3954} INFO - Setting next_dagrun for newyork_fhv_quality_check to None, run_after=None
[2026-05-09T01:18:32.892+0000] {processor.py:183} INFO - Processing /opt/airflow/dags/newyork_fhv_quality_check.py took 0.147 seconds
[2026-05-09T01:19:03.283+0000] {processor.py:161} INFO - Started process (PID=1716) to work on /opt/airflow/dags/newyork_fhv_quality_check.py
[2026-05-09T01:19:03.285+0000] {processor.py:830} INFO - Processing file /opt/airflow/dags/newyork_fhv_quality_check.py for tasks to queue
[2026-05-09T01:19:03.287+0000] {logging_mixin.py:188} INFO - [2026-05-09T01:19:03.287+0000] {dagbag.py:545} INFO - Filling up the DagBag from /opt/airflow/dags/newyork_fhv_quality_check.py
[2026-05-09T01:19:03.309+0000] {processor.py:840} INFO - DAG(s) 'newyork_fhv_quality_check' retrieved from /opt/airflow/dags/newyork_fhv_quality_check.py
[2026-05-09T01:19:03.340+0000] {logging_mixin.py:188} INFO - [2026-05-09T01:19:03.339+0000] {dag.py:3096} INFO - Sync 1 DAGs
[2026-05-09T01:19:03.353+0000] {logging_mixin.py:188} INFO - [2026-05-09T01:19:03.353+0000] {dag.py:3954} INFO - Setting next_dagrun for newyork_fhv_quality_check to None, run_after=None
[2026-05-09T01:19:03.381+0000] {processor.py:183} INFO - Processing /opt/airflow/dags/newyork_fhv_quality_check.py took 0.104 seconds
[2026-05-09T01:19:34.189+0000] {processor.py:161} INFO - Started process (PID=1727) to work on /opt/airflow/dags/newyork_fhv_quality_check.py
[2026-05-09T01:19:34.191+0000] {processor.py:830} INFO - Processing file /opt/airflow/dags/newyork_fhv_quality_check.py for tasks to queue
[2026-05-09T01:19:34.195+0000] {logging_mixin.py:188} INFO - [2026-05-09T01:19:34.194+0000] {dagbag.py:545} INFO - Filling up the DagBag from /opt/airflow/dags/newyork_fhv_quality_check.py
[2026-05-09T01:19:34.235+0000] {processor.py:840} INFO - DAG(s) 'newyork_fhv_quality_check' retrieved from /opt/airflow/dags/newyork_fhv_quality_check.py
[2026-05-09T01:19:34.262+0000] {logging_mixin.py:188} INFO - [2026-05-09T01:19:34.261+0000] {dag.py:3096} INFO - Sync 1 DAGs
[2026-05-09T01:19:34.277+0000] {logging_mixin.py:188} INFO - [2026-05-09T01:19:34.276+0000] {dag.py:3954} INFO - Setting next_dagrun for newyork_fhv_quality_check to None, run_after=None
[2026-05-09T01:19:34.302+0000] {processor.py:183} INFO - Processing /opt/airflow/dags/newyork_fhv_quality_check.py took 0.125 seconds
[2026-05-09T01:20:05.111+0000] {processor.py:161} INFO - Started process (PID=1739) to work on /opt/airflow/dags/newyork_fhv_quality_check.py
[2026-05-09T01:20:05.112+0000] {processor.py:830} INFO - Processing file /opt/airflow/dags/newyork_fhv_quality_check.py for tasks to queue
[2026-05-09T01:20:05.115+0000] {logging_mixin.py:188} INFO - [2026-05-09T01:20:05.114+0000] {dagbag.py:545} INFO - Filling up the DagBag from /opt/airflow/dags/newyork_fhv_quality_check.py
[2026-05-09T01:20:05.141+0000] {processor.py:840} INFO - DAG(s) 'newyork_fhv_quality_check' retrieved from /opt/airflow/dags/newyork_fhv_quality_check.py
[2026-05-09T01:20:05.170+0000] {logging_mixin.py:188} INFO - [2026-05-09T01:20:05.170+0000] {dag.py:3096} INFO - Sync 1 DAGs
[2026-05-09T01:20:05.186+0000] {logging_mixin.py:188} INFO - [2026-05-09T01:20:05.186+0000] {dag.py:3954} INFO - Setting next_dagrun for newyork_fhv_quality_check to None, run_after=None
[2026-05-09T01:20:05.211+0000] {processor.py:183} INFO - Processing /opt/airflow/dags/newyork_fhv_quality_check.py took 0.108 seconds
[2026-05-09T01:20:35.485+0000] {processor.py:161} INFO - Started process (PID=1750) to work on /opt/airflow/dags/newyork_fhv_quality_check.py
[2026-05-09T01:20:35.487+0000] {processor.py:830} INFO - Processing file /opt/airflow/dags/newyork_fhv_quality_check.py for tasks to queue
[2026-05-09T01:20:35.492+0000] {logging_mixin.py:188} INFO - [2026-05-09T01:20:35.491+0000] {dagbag.py:545} INFO - Filling up the DagBag from /opt/airflow/dags/newyork_fhv_quality_check.py
[2026-05-09T01:20:35.556+0000] {processor.py:840} INFO - DAG(s) 'newyork_fhv_quality_check' retrieved from /opt/airflow/dags/newyork_fhv_quality_check.py
[2026-05-09T01:20:35.609+0000] {logging_mixin.py:188} INFO - [2026-05-09T01:20:35.609+0000] {dag.py:3096} INFO - Sync 1 DAGs
[2026-05-09T01:20:35.641+0000] {logging_mixin.py:188} INFO - [2026-05-09T01:20:35.641+0000] {dag.py:3954} INFO - Setting next_dagrun for newyork_fhv_quality_check to None, run_after=None
[2026-05-09T01:20:35.693+0000] {processor.py:183} INFO - Processing /opt/airflow/dags/newyork_fhv_quality_check.py took 0.221 seconds
[2026-05-09T01:21:05.900+0000] {processor.py:161} INFO - Started process (PID=1761) to work on /opt/airflow/dags/newyork_fhv_quality_check.py
[2026-05-09T01:21:05.903+0000] {processor.py:830} INFO - Processing file /opt/airflow/dags/newyork_fhv_quality_check.py for tasks to queue
[2026-05-09T01:21:05.906+0000] {logging_mixin.py:188} INFO - [2026-05-09T01:21:05.905+0000] {dagbag.py:545} INFO - Filling up the DagBag from /opt/airflow/dags/newyork_fhv_quality_check.py
[2026-05-09T01:21:05.954+0000] {processor.py:840} INFO - DAG(s) 'newyork_fhv_quality_check' retrieved from /opt/airflow/dags/newyork_fhv_quality_check.py
[2026-05-09T01:21:05.990+0000] {logging_mixin.py:188} INFO - [2026-05-09T01:21:05.989+0000] {dag.py:3096} INFO - Sync 1 DAGs
[2026-05-09T01:21:06.012+0000] {logging_mixin.py:188} INFO - [2026-05-09T01:21:06.011+0000] {dag.py:3954} INFO - Setting next_dagrun for newyork_fhv_quality_check to None, run_after=None
[2026-05-09T01:21:06.050+0000] {processor.py:183} INFO - Processing /opt/airflow/dags/newyork_fhv_quality_check.py took 0.161 seconds
[2026-05-09T01:21:36.271+0000] {processor.py:161} INFO - Started process (PID=1772) to work on /opt/airflow/dags/newyork_fhv_quality_check.py
[2026-05-09T01:21:36.272+0000] {processor.py:830} INFO - Processing file /opt/airflow/dags/newyork_fhv_quality_check.py for tasks to queue
[2026-05-09T01:21:36.275+0000] {logging_mixin.py:188} INFO - [2026-05-09T01:21:36.274+0000] {dagbag.py:545} INFO - Filling up the DagBag from /opt/airflow/dags/newyork_fhv_quality_check.py
[2026-05-09T01:21:36.309+0000] {processor.py:840} INFO - DAG(s) 'newyork_fhv_quality_check' retrieved from /opt/airflow/dags/newyork_fhv_quality_check.py
[2026-05-09T01:21:36.335+0000] {logging_mixin.py:188} INFO - [2026-05-09T01:21:36.335+0000] {dag.py:3096} INFO - Sync 1 DAGs
[2026-05-09T01:21:36.350+0000] {logging_mixin.py:188} INFO - [2026-05-09T01:21:36.350+0000] {dag.py:3954} INFO - Setting next_dagrun for newyork_fhv_quality_check to None, run_after=None
[2026-05-09T01:21:36.374+0000] {processor.py:183} INFO - Processing /opt/airflow/dags/newyork_fhv_quality_check.py took 0.112 seconds
[2026-05-09T01:22:06.613+0000] {processor.py:161} INFO - Started process (PID=1783) to work on /opt/airflow/dags/newyork_fhv_quality_check.py
[2026-05-09T01:22:06.615+0000] {processor.py:830} INFO - Processing file /opt/airflow/dags/newyork_fhv_quality_check.py for tasks to queue
[2026-05-09T01:22:06.617+0000] {logging_mixin.py:188} INFO - [2026-05-09T01:22:06.617+0000] {dagbag.py:545} INFO - Filling up the DagBag from /opt/airflow/dags/newyork_fhv_quality_check.py
[2026-05-09T01:22:06.653+0000] {processor.py:840} INFO - DAG(s) 'newyork_fhv_quality_check' retrieved from /opt/airflow/dags/newyork_fhv_quality_check.py
[2026-05-09T01:22:06.679+0000] {logging_mixin.py:188} INFO - [2026-05-09T01:22:06.678+0000] {dag.py:3096} INFO - Sync 1 DAGs
[2026-05-09T01:22:06.692+0000] {logging_mixin.py:188} INFO - [2026-05-09T01:22:06.692+0000] {dag.py:3954} INFO - Setting next_dagrun for newyork_fhv_quality_check to None, run_after=None
[2026-05-09T01:22:06.734+0000] {processor.py:183} INFO - Processing /opt/airflow/dags/newyork_fhv_quality_check.py took 0.127 seconds
[2026-05-09T01:22:36.938+0000] {processor.py:161} INFO - Started process (PID=1794) to work on /opt/airflow/dags/newyork_fhv_quality_check.py
[2026-05-09T01:22:36.940+0000] {processor.py:830} INFO - Processing file /opt/airflow/dags/newyork_fhv_quality_check.py for tasks to queue
[2026-05-09T01:22:36.943+0000] {logging_mixin.py:188} INFO - [2026-05-09T01:22:36.943+0000] {dagbag.py:545} INFO - Filling up the DagBag from /opt/airflow/dags/newyork_fhv_quality_check.py
[2026-05-09T01:22:36.987+0000] {processor.py:840} INFO - DAG(s) 'newyork_fhv_quality_check' retrieved from /opt/airflow/dags/newyork_fhv_quality_check.py
[2026-05-09T01:22:37.021+0000] {logging_mixin.py:188} INFO - [2026-05-09T01:22:37.021+0000] {dag.py:3096} INFO - Sync 1 DAGs
[2026-05-09T01:22:37.035+0000] {logging_mixin.py:188} INFO - [2026-05-09T01:22:37.035+0000] {dag.py:3954} INFO - Setting next_dagrun for newyork_fhv_quality_check to None, run_after=None
[2026-05-09T01:22:37.062+0000] {processor.py:183} INFO - Processing /opt/airflow/dags/newyork_fhv_quality_check.py took 0.135 seconds
[2026-05-09T01:23:07.514+0000] {processor.py:161} INFO - Started process (PID=1805) to work on /opt/airflow/dags/newyork_fhv_quality_check.py
[2026-05-09T01:23:07.522+0000] {processor.py:830} INFO - Processing file /opt/airflow/dags/newyork_fhv_quality_check.py for tasks to queue
[2026-05-09T01:23:07.528+0000] {logging_mixin.py:188} INFO - [2026-05-09T01:23:07.527+0000] {dagbag.py:545} INFO - Filling up the DagBag from /opt/airflow/dags/newyork_fhv_quality_check.py
[2026-05-09T01:23:07.567+0000] {processor.py:840} INFO - DAG(s) 'newyork_fhv_quality_check' retrieved from /opt/airflow/dags/newyork_fhv_quality_check.py
[2026-05-09T01:23:07.600+0000] {logging_mixin.py:188} INFO - [2026-05-09T01:23:07.599+0000] {dag.py:3096} INFO - Sync 1 DAGs
[2026-05-09T01:23:07.618+0000] {logging_mixin.py:188} INFO - [2026-05-09T01:23:07.618+0000] {dag.py:3954} INFO - Setting next_dagrun for newyork_fhv_quality_check to None, run_after=None
[2026-05-09T01:23:07.644+0000] {processor.py:183} INFO - Processing /opt/airflow/dags/newyork_fhv_quality_check.py took 0.140 seconds
[2026-05-09T01:23:37.851+0000] {processor.py:161} INFO - Started process (PID=1816) to work on /opt/airflow/dags/newyork_fhv_quality_check.py
[2026-05-09T01:23:37.853+0000] {processor.py:830} INFO - Processing file /opt/airflow/dags/newyork_fhv_quality_check.py for tasks to queue
[2026-05-09T01:23:37.856+0000] {logging_mixin.py:188} INFO - [2026-05-09T01:23:37.856+0000] {dagbag.py:545} INFO - Filling up the DagBag from /opt/airflow/dags/newyork_fhv_quality_check.py
[2026-05-09T01:23:37.904+0000] {processor.py:840} INFO - DAG(s) 'newyork_fhv_quality_check' retrieved from /opt/airflow/dags/newyork_fhv_quality_check.py
[2026-05-09T01:23:37.935+0000] {logging_mixin.py:188} INFO - [2026-05-09T01:23:37.935+0000] {dag.py:3096} INFO - Sync 1 DAGs
[2026-05-09T01:23:37.956+0000] {logging_mixin.py:188} INFO - [2026-05-09T01:23:37.956+0000] {dag.py:3954} INFO - Setting next_dagrun for newyork_fhv_quality_check to None, run_after=None
[2026-05-09T01:23:37.981+0000] {processor.py:183} INFO - Processing /opt/airflow/dags/newyork_fhv_quality_check.py took 0.140 seconds
[2026-05-09T01:24:08.535+0000] {processor.py:161} INFO - Started process (PID=1827) to work on /opt/airflow/dags/newyork_fhv_quality_check.py
[2026-05-09T01:24:08.537+0000] {processor.py:830} INFO - Processing file /opt/airflow/dags/newyork_fhv_quality_check.py for tasks to queue
[2026-05-09T01:24:08.541+0000] {logging_mixin.py:188} INFO - [2026-05-09T01:24:08.541+0000] {dagbag.py:545} INFO - Filling up the DagBag from /opt/airflow/dags/newyork_fhv_quality_check.py
[2026-05-09T01:24:08.590+0000] {processor.py:840} INFO - DAG(s) 'newyork_fhv_quality_check' retrieved from /opt/airflow/dags/newyork_fhv_quality_check.py
[2026-05-09T01:24:08.622+0000] {logging_mixin.py:188} INFO - [2026-05-09T01:24:08.621+0000] {dag.py:3096} INFO - Sync 1 DAGs
[2026-05-09T01:24:08.638+0000] {logging_mixin.py:188} INFO - [2026-05-09T01:24:08.638+0000] {dag.py:3954} INFO - Setting next_dagrun for newyork_fhv_quality_check to None, run_after=None
[2026-05-09T01:24:08.669+0000] {processor.py:183} INFO - Processing /opt/airflow/dags/newyork_fhv_quality_check.py took 0.144 seconds
[2026-05-09T01:24:38.832+0000] {processor.py:161} INFO - Started process (PID=1838) to work on /opt/airflow/dags/newyork_fhv_quality_check.py
[2026-05-09T01:24:38.834+0000] {processor.py:830} INFO - Processing file /opt/airflow/dags/newyork_fhv_quality_check.py for tasks to queue
[2026-05-09T01:24:38.838+0000] {logging_mixin.py:188} INFO - [2026-05-09T01:24:38.838+0000] {dagbag.py:545} INFO - Filling up the DagBag from /opt/airflow/dags/newyork_fhv_quality_check.py
[2026-05-09T01:24:38.881+0000] {processor.py:840} INFO - DAG(s) 'newyork_fhv_quality_check' retrieved from /opt/airflow/dags/newyork_fhv_quality_check.py
[2026-05-09T01:24:38.915+0000] {logging_mixin.py:188} INFO - [2026-05-09T01:24:38.915+0000] {dag.py:3096} INFO - Sync 1 DAGs
[2026-05-09T01:24:38.937+0000] {logging_mixin.py:188} INFO - [2026-05-09T01:24:38.937+0000] {dag.py:3954} INFO - Setting next_dagrun for newyork_fhv_quality_check to None, run_after=None
[2026-05-09T01:24:38.974+0000] {processor.py:183} INFO - Processing /opt/airflow/dags/newyork_fhv_quality_check.py took 0.154 seconds
[2026-05-09T01:25:09.296+0000] {processor.py:161} INFO - Started process (PID=1849) to work on /opt/airflow/dags/newyork_fhv_quality_check.py
[2026-05-09T01:25:09.298+0000] {processor.py:830} INFO - Processing file /opt/airflow/dags/newyork_fhv_quality_check.py for tasks to queue
[2026-05-09T01:25:09.301+0000] {logging_mixin.py:188} INFO - [2026-05-09T01:25:09.301+0000] {dagbag.py:545} INFO - Filling up the DagBag from /opt/airflow/dags/newyork_fhv_quality_check.py
[2026-05-09T01:25:09.348+0000] {processor.py:840} INFO - DAG(s) 'newyork_fhv_quality_check' retrieved from /opt/airflow/dags/newyork_fhv_quality_check.py
[2026-05-09T01:25:09.373+0000] {logging_mixin.py:188} INFO - [2026-05-09T01:25:09.372+0000] {dag.py:3096} INFO - Sync 1 DAGs
[2026-05-09T01:25:09.386+0000] {logging_mixin.py:188} INFO - [2026-05-09T01:25:09.386+0000] {dag.py:3954} INFO - Setting next_dagrun for newyork_fhv_quality_check to None, run_after=None
[2026-05-09T01:25:09.414+0000] {processor.py:183} INFO - Processing /opt/airflow/dags/newyork_fhv_quality_check.py took 0.128 seconds
[2026-05-09T01:25:39.677+0000] {processor.py:161} INFO - Started process (PID=1860) to work on /opt/airflow/dags/newyork_fhv_quality_check.py
[2026-05-09T01:25:39.679+0000] {processor.py:830} INFO - Processing file /opt/airflow/dags/newyork_fhv_quality_check.py for tasks to queue
[2026-05-09T01:25:39.684+0000] {logging_mixin.py:188} INFO - [2026-05-09T01:25:39.683+0000] {dagbag.py:545} INFO - Filling up the DagBag from /opt/airflow/dags/newyork_fhv_quality_check.py
[2026-05-09T01:25:39.726+0000] {processor.py:840} INFO - DAG(s) 'newyork_fhv_quality_check' retrieved from /opt/airflow/dags/newyork_fhv_quality_check.py
[2026-05-09T01:25:39.760+0000] {logging_mixin.py:188} INFO - [2026-05-09T01:25:39.760+0000] {dag.py:3096} INFO - Sync 1 DAGs
[2026-05-09T01:25:39.775+0000] {logging_mixin.py:188} INFO - [2026-05-09T01:25:39.775+0000] {dag.py:3954} INFO - Setting next_dagrun for newyork_fhv_quality_check to None, run_after=None
[2026-05-09T01:25:39.800+0000] {processor.py:183} INFO - Processing /opt/airflow/dags/newyork_fhv_quality_check.py took 0.135 seconds
[2026-05-09T01:26:09.892+0000] {processor.py:161} INFO - Started process (PID=1871) to work on /opt/airflow/dags/newyork_fhv_quality_check.py
[2026-05-09T01:26:09.894+0000] {processor.py:830} INFO - Processing file /opt/airflow/dags/newyork_fhv_quality_check.py for tasks to queue
[2026-05-09T01:26:09.898+0000] {logging_mixin.py:188} INFO - [2026-05-09T01:26:09.897+0000] {dagbag.py:545} INFO - Filling up the DagBag from /opt/airflow/dags/newyork_fhv_quality_check.py
[2026-05-09T01:26:09.938+0000] {processor.py:840} INFO - DAG(s) 'newyork_fhv_quality_check' retrieved from /opt/airflow/dags/newyork_fhv_quality_check.py
[2026-05-09T01:26:09.967+0000] {logging_mixin.py:188} INFO - [2026-05-09T01:26:09.967+0000] {dag.py:3096} INFO - Sync 1 DAGs
[2026-05-09T01:26:09.982+0000] {logging_mixin.py:188} INFO - [2026-05-09T01:26:09.982+0000] {dag.py:3954} INFO - Setting next_dagrun for newyork_fhv_quality_check to None, run_after=None
[2026-05-09T01:26:10.007+0000] {processor.py:183} INFO - Processing /opt/airflow/dags/newyork_fhv_quality_check.py took 0.123 seconds
[2026-05-09T01:26:40.844+0000] {processor.py:161} INFO - Started process (PID=1882) to work on /opt/airflow/dags/newyork_fhv_quality_check.py
[2026-05-09T01:26:40.845+0000] {processor.py:830} INFO - Processing file /opt/airflow/dags/newyork_fhv_quality_check.py for tasks to queue
[2026-05-09T01:26:40.848+0000] {logging_mixin.py:188} INFO - [2026-05-09T01:26:40.847+0000] {dagbag.py:545} INFO - Filling up the DagBag from /opt/airflow/dags/newyork_fhv_quality_check.py
[2026-05-09T01:26:40.878+0000] {processor.py:840} INFO - DAG(s) 'newyork_fhv_quality_check' retrieved from /opt/airflow/dags/newyork_fhv_quality_check.py
[2026-05-09T01:26:40.905+0000] {logging_mixin.py:188} INFO - [2026-05-09T01:26:40.905+0000] {dag.py:3096} INFO - Sync 1 DAGs
[2026-05-09T01:26:40.920+0000] {logging_mixin.py:188} INFO - [2026-05-09T01:26:40.919+0000] {dag.py:3954} INFO - Setting next_dagrun for newyork_fhv_quality_check to None, run_after=None
[2026-05-09T01:26:40.946+0000] {processor.py:183} INFO - Processing /opt/airflow/dags/newyork_fhv_quality_check.py took 0.107 seconds
[2026-05-09T01:27:11.777+0000] {processor.py:161} INFO - Started process (PID=1893) to work on /opt/airflow/dags/newyork_fhv_quality_check.py
[2026-05-09T01:27:11.779+0000] {processor.py:830} INFO - Processing file /opt/airflow/dags/newyork_fhv_quality_check.py for tasks to queue
[2026-05-09T01:27:11.782+0000] {logging_mixin.py:188} INFO - [2026-05-09T01:27:11.782+0000] {dagbag.py:545} INFO - Filling up the DagBag from /opt/airflow/dags/newyork_fhv_quality_check.py
[2026-05-09T01:27:11.828+0000] {processor.py:840} INFO - DAG(s) 'newyork_fhv_quality_check' retrieved from /opt/airflow/dags/newyork_fhv_quality_check.py
[2026-05-09T01:27:11.853+0000] {logging_mixin.py:188} INFO - [2026-05-09T01:27:11.853+0000] {dag.py:3096} INFO - Sync 1 DAGs
[2026-05-09T01:27:11.868+0000] {logging_mixin.py:188} INFO - [2026-05-09T01:27:11.867+0000] {dag.py:3954} INFO - Setting next_dagrun for newyork_fhv_quality_check to None, run_after=None
[2026-05-09T01:27:11.900+0000] {processor.py:183} INFO - Processing /opt/airflow/dags/newyork_fhv_quality_check.py took 0.133 seconds
[2026-05-09T01:27:42.026+0000] {processor.py:161} INFO - Started process (PID=1904) to work on /opt/airflow/dags/newyork_fhv_quality_check.py
[2026-05-09T01:27:42.028+0000] {processor.py:830} INFO - Processing file /opt/airflow/dags/newyork_fhv_quality_check.py for tasks to queue
[2026-05-09T01:27:42.030+0000] {logging_mixin.py:188} INFO - [2026-05-09T01:27:42.030+0000] {dagbag.py:545} INFO - Filling up the DagBag from /opt/airflow/dags/newyork_fhv_quality_check.py
[2026-05-09T01:27:42.061+0000] {processor.py:840} INFO - DAG(s) 'newyork_fhv_quality_check' retrieved from /opt/airflow/dags/newyork_fhv_quality_check.py
[2026-05-09T01:27:42.086+0000] {logging_mixin.py:188} INFO - [2026-05-09T01:27:42.085+0000] {dag.py:3096} INFO - Sync 1 DAGs
[2026-05-09T01:27:42.100+0000] {logging_mixin.py:188} INFO - [2026-05-09T01:27:42.100+0000] {dag.py:3954} INFO - Setting next_dagrun for newyork_fhv_quality_check to None, run_after=None
[2026-05-09T01:27:42.126+0000] {processor.py:183} INFO - Processing /opt/airflow/dags/newyork_fhv_quality_check.py took 0.108 seconds
[2026-05-09T01:28:13.110+0000] {processor.py:161} INFO - Started process (PID=1915) to work on /opt/airflow/dags/newyork_fhv_quality_check.py
[2026-05-09T01:28:13.111+0000] {processor.py:830} INFO - Processing file /opt/airflow/dags/newyork_fhv_quality_check.py for tasks to queue
[2026-05-09T01:28:13.117+0000] {logging_mixin.py:188} INFO - [2026-05-09T01:28:13.116+0000] {dagbag.py:545} INFO - Filling up the DagBag from /opt/airflow/dags/newyork_fhv_quality_check.py
[2026-05-09T01:28:13.157+0000] {processor.py:840} INFO - DAG(s) 'newyork_fhv_quality_check' retrieved from /opt/airflow/dags/newyork_fhv_quality_check.py
[2026-05-09T01:28:13.193+0000] {logging_mixin.py:188} INFO - [2026-05-09T01:28:13.192+0000] {dag.py:3096} INFO - Sync 1 DAGs
[2026-05-09T01:28:13.215+0000] {logging_mixin.py:188} INFO - [2026-05-09T01:28:13.214+0000] {dag.py:3954} INFO - Setting next_dagrun for newyork_fhv_quality_check to None, run_after=None
[2026-05-09T01:28:13.251+0000] {processor.py:183} INFO - Processing /opt/airflow/dags/newyork_fhv_quality_check.py took 0.149 seconds
[2026-05-09T01:28:43.418+0000] {processor.py:161} INFO - Started process (PID=1926) to work on /opt/airflow/dags/newyork_fhv_quality_check.py
[2026-05-09T01:28:43.420+0000] {processor.py:830} INFO - Processing file /opt/airflow/dags/newyork_fhv_quality_check.py for tasks to queue
[2026-05-09T01:28:43.422+0000] {logging_mixin.py:188} INFO - [2026-05-09T01:28:43.422+0000] {dagbag.py:545} INFO - Filling up the DagBag from /opt/airflow/dags/newyork_fhv_quality_check.py
[2026-05-09T01:28:43.456+0000] {processor.py:840} INFO - DAG(s) 'newyork_fhv_quality_check' retrieved from /opt/airflow/dags/newyork_fhv_quality_check.py
[2026-05-09T01:28:43.488+0000] {logging_mixin.py:188} INFO - [2026-05-09T01:28:43.487+0000] {dag.py:3096} INFO - Sync 1 DAGs
[2026-05-09T01:28:43.507+0000] {logging_mixin.py:188} INFO - [2026-05-09T01:28:43.507+0000] {dag.py:3954} INFO - Setting next_dagrun for newyork_fhv_quality_check to None, run_after=None
[2026-05-09T01:28:43.537+0000] {processor.py:183} INFO - Processing /opt/airflow/dags/newyork_fhv_quality_check.py took 0.126 seconds
[2026-05-09T01:29:13.697+0000] {processor.py:161} INFO - Started process (PID=1937) to work on /opt/airflow/dags/newyork_fhv_quality_check.py
[2026-05-09T01:29:13.699+0000] {processor.py:830} INFO - Processing file /opt/airflow/dags/newyork_fhv_quality_check.py for tasks to queue
[2026-05-09T01:29:13.703+0000] {logging_mixin.py:188} INFO - [2026-05-09T01:29:13.703+0000] {dagbag.py:545} INFO - Filling up the DagBag from /opt/airflow/dags/newyork_fhv_quality_check.py
[2026-05-09T01:29:13.738+0000] {processor.py:840} INFO - DAG(s) 'newyork_fhv_quality_check' retrieved from /opt/airflow/dags/newyork_fhv_quality_check.py
[2026-05-09T01:29:13.763+0000] {logging_mixin.py:188} INFO - [2026-05-09T01:29:13.763+0000] {dag.py:3096} INFO - Sync 1 DAGs
[2026-05-09T01:29:13.778+0000] {logging_mixin.py:188} INFO - [2026-05-09T01:29:13.777+0000] {dag.py:3954} INFO - Setting next_dagrun for newyork_fhv_quality_check to None, run_after=None
[2026-05-09T01:29:13.804+0000] {processor.py:183} INFO - Processing /opt/airflow/dags/newyork_fhv_quality_check.py took 0.115 seconds
[2026-05-09T01:29:44.065+0000] {processor.py:161} INFO - Started process (PID=1949) to work on /opt/airflow/dags/newyork_fhv_quality_check.py
[2026-05-09T01:29:44.066+0000] {processor.py:830} INFO - Processing file /opt/airflow/dags/newyork_fhv_quality_check.py for tasks to queue
[2026-05-09T01:29:44.069+0000] {logging_mixin.py:188} INFO - [2026-05-09T01:29:44.069+0000] {dagbag.py:545} INFO - Filling up the DagBag from /opt/airflow/dags/newyork_fhv_quality_check.py
[2026-05-09T01:29:44.123+0000] {processor.py:840} INFO - DAG(s) 'newyork_fhv_quality_check' retrieved from /opt/airflow/dags/newyork_fhv_quality_check.py
[2026-05-09T01:29:44.162+0000] {logging_mixin.py:188} INFO - [2026-05-09T01:29:44.162+0000] {dag.py:3096} INFO - Sync 1 DAGs
[2026-05-09T01:29:44.182+0000] {logging_mixin.py:188} INFO - [2026-05-09T01:29:44.181+0000] {dag.py:3954} INFO - Setting next_dagrun for newyork_fhv_quality_check to None, run_after=None
[2026-05-09T01:29:44.215+0000] {processor.py:183} INFO - Processing /opt/airflow/dags/newyork_fhv_quality_check.py took 0.158 seconds
[2026-05-09T01:30:14.335+0000] {processor.py:161} INFO - Started process (PID=1960) to work on /opt/airflow/dags/newyork_fhv_quality_check.py
[2026-05-09T01:30:14.337+0000] {processor.py:830} INFO - Processing file /opt/airflow/dags/newyork_fhv_quality_check.py for tasks to queue
[2026-05-09T01:30:14.341+0000] {logging_mixin.py:188} INFO - [2026-05-09T01:30:14.340+0000] {dagbag.py:545} INFO - Filling up the DagBag from /opt/airflow/dags/newyork_fhv_quality_check.py
[2026-05-09T01:30:14.374+0000] {processor.py:840} INFO - DAG(s) 'newyork_fhv_quality_check' retrieved from /opt/airflow/dags/newyork_fhv_quality_check.py
[2026-05-09T01:30:14.415+0000] {logging_mixin.py:188} INFO - [2026-05-09T01:30:14.415+0000] {dag.py:3096} INFO - Sync 1 DAGs
[2026-05-09T01:30:14.434+0000] {logging_mixin.py:188} INFO - [2026-05-09T01:30:14.434+0000] {dag.py:3954} INFO - Setting next_dagrun for newyork_fhv_quality_check to None, run_after=None
[2026-05-09T01:30:14.462+0000] {processor.py:183} INFO - Processing /opt/airflow/dags/newyork_fhv_quality_check.py took 0.133 seconds
[2026-05-09T01:30:44.660+0000] {processor.py:161} INFO - Started process (PID=1971) to work on /opt/airflow/dags/newyork_fhv_quality_check.py
[2026-05-09T01:30:44.662+0000] {processor.py:830} INFO - Processing file /opt/airflow/dags/newyork_fhv_quality_check.py for tasks to queue
[2026-05-09T01:30:44.667+0000] {logging_mixin.py:188} INFO - [2026-05-09T01:30:44.666+0000] {dagbag.py:545} INFO - Filling up the DagBag from /opt/airflow/dags/newyork_fhv_quality_check.py
[2026-05-09T01:30:44.702+0000] {processor.py:840} INFO - DAG(s) 'newyork_fhv_quality_check' retrieved from /opt/airflow/dags/newyork_fhv_quality_check.py
[2026-05-09T01:30:44.740+0000] {logging_mixin.py:188} INFO - [2026-05-09T01:30:44.740+0000] {dag.py:3096} INFO - Sync 1 DAGs
[2026-05-09T01:30:44.757+0000] {logging_mixin.py:188} INFO - [2026-05-09T01:30:44.757+0000] {dag.py:3954} INFO - Setting next_dagrun for newyork_fhv_quality_check to None, run_after=None
[2026-05-09T01:30:44.786+0000] {processor.py:183} INFO - Processing /opt/airflow/dags/newyork_fhv_quality_check.py took 0.139 seconds
[2026-05-09T01:31:16.102+0000] {processor.py:161} INFO - Started process (PID=1982) to work on /opt/airflow/dags/newyork_fhv_quality_check.py
[2026-05-09T01:31:16.109+0000] {processor.py:830} INFO - Processing file /opt/airflow/dags/newyork_fhv_quality_check.py for tasks to queue
[2026-05-09T01:31:16.119+0000] {logging_mixin.py:188} INFO - [2026-05-09T01:31:16.118+0000] {dagbag.py:545} INFO - Filling up the DagBag from /opt/airflow/dags/newyork_fhv_quality_check.py
[2026-05-09T01:31:16.373+0000] {processor.py:840} INFO - DAG(s) 'newyork_fhv_quality_check' retrieved from /opt/airflow/dags/newyork_fhv_quality_check.py
[2026-05-09T01:31:16.410+0000] {logging_mixin.py:188} INFO - [2026-05-09T01:31:16.410+0000] {dag.py:3096} INFO - Sync 1 DAGs
[2026-05-09T01:31:16.443+0000] {logging_mixin.py:188} INFO - [2026-05-09T01:31:16.442+0000] {dag.py:3954} INFO - Setting next_dagrun for newyork_fhv_quality_check to None, run_after=None
[2026-05-09T01:31:16.492+0000] {processor.py:183} INFO - Processing /opt/airflow/dags/newyork_fhv_quality_check.py took 0.400 seconds
[2026-05-09T01:31:46.925+0000] {processor.py:161} INFO - Started process (PID=1993) to work on /opt/airflow/dags/newyork_fhv_quality_check.py
[2026-05-09T01:31:46.927+0000] {processor.py:830} INFO - Processing file /opt/airflow/dags/newyork_fhv_quality_check.py for tasks to queue
[2026-05-09T01:31:46.931+0000] {logging_mixin.py:188} INFO - [2026-05-09T01:31:46.930+0000] {dagbag.py:545} INFO - Filling up the DagBag from /opt/airflow/dags/newyork_fhv_quality_check.py
[2026-05-09T01:31:46.980+0000] {processor.py:840} INFO - DAG(s) 'newyork_fhv_quality_check' retrieved from /opt/airflow/dags/newyork_fhv_quality_check.py
[2026-05-09T01:31:47.024+0000] {logging_mixin.py:188} INFO - [2026-05-09T01:31:47.024+0000] {dag.py:3096} INFO - Sync 1 DAGs
[2026-05-09T01:31:47.039+0000] {logging_mixin.py:188} INFO - [2026-05-09T01:31:47.038+0000] {dag.py:3954} INFO - Setting next_dagrun for newyork_fhv_quality_check to None, run_after=None
[2026-05-09T01:31:47.063+0000] {processor.py:183} INFO - Processing /opt/airflow/dags/newyork_fhv_quality_check.py took 0.152 seconds
[2026-05-09T01:32:17.768+0000] {processor.py:161} INFO - Started process (PID=2004) to work on /opt/airflow/dags/newyork_fhv_quality_check.py
[2026-05-09T01:32:17.769+0000] {processor.py:830} INFO - Processing file /opt/airflow/dags/newyork_fhv_quality_check.py for tasks to queue
[2026-05-09T01:32:17.771+0000] {logging_mixin.py:188} INFO - [2026-05-09T01:32:17.771+0000] {dagbag.py:545} INFO - Filling up the DagBag from /opt/airflow/dags/newyork_fhv_quality_check.py
[2026-05-09T01:32:17.790+0000] {processor.py:840} INFO - DAG(s) 'newyork_fhv_quality_check' retrieved from /opt/airflow/dags/newyork_fhv_quality_check.py
[2026-05-09T01:32:17.813+0000] {logging_mixin.py:188} INFO - [2026-05-09T01:32:17.812+0000] {dag.py:3096} INFO - Sync 1 DAGs
[2026-05-09T01:32:17.826+0000] {logging_mixin.py:188} INFO - [2026-05-09T01:32:17.826+0000] {dag.py:3954} INFO - Setting next_dagrun for newyork_fhv_quality_check to None, run_after=None
[2026-05-09T01:32:17.849+0000] {processor.py:183} INFO - Processing /opt/airflow/dags/newyork_fhv_quality_check.py took 0.088 seconds
[2026-05-09T01:32:48.729+0000] {processor.py:161} INFO - Started process (PID=2015) to work on /opt/airflow/dags/newyork_fhv_quality_check.py
[2026-05-09T01:32:48.730+0000] {processor.py:830} INFO - Processing file /opt/airflow/dags/newyork_fhv_quality_check.py for tasks to queue
[2026-05-09T01:32:48.732+0000] {logging_mixin.py:188} INFO - [2026-05-09T01:32:48.732+0000] {dagbag.py:545} INFO - Filling up the DagBag from /opt/airflow/dags/newyork_fhv_quality_check.py
[2026-05-09T01:32:48.762+0000] {processor.py:840} INFO - DAG(s) 'newyork_fhv_quality_check' retrieved from /opt/airflow/dags/newyork_fhv_quality_check.py
[2026-05-09T01:32:48.784+0000] {logging_mixin.py:188} INFO - [2026-05-09T01:32:48.784+0000] {dag.py:3096} INFO - Sync 1 DAGs
[2026-05-09T01:32:48.798+0000] {logging_mixin.py:188} INFO - [2026-05-09T01:32:48.798+0000] {dag.py:3954} INFO - Setting next_dagrun for newyork_fhv_quality_check to None, run_after=None
[2026-05-09T01:32:48.825+0000] {processor.py:183} INFO - Processing /opt/airflow/dags/newyork_fhv_quality_check.py took 0.103 seconds
[2026-05-09T01:33:19.595+0000] {processor.py:161} INFO - Started process (PID=2026) to work on /opt/airflow/dags/newyork_fhv_quality_check.py
[2026-05-09T01:33:19.596+0000] {processor.py:830} INFO - Processing file /opt/airflow/dags/newyork_fhv_quality_check.py for tasks to queue
[2026-05-09T01:33:19.599+0000] {logging_mixin.py:188} INFO - [2026-05-09T01:33:19.598+0000] {dagbag.py:545} INFO - Filling up the DagBag from /opt/airflow/dags/newyork_fhv_quality_check.py
[2026-05-09T01:33:19.651+0000] {processor.py:840} INFO - DAG(s) 'newyork_fhv_quality_check' retrieved from /opt/airflow/dags/newyork_fhv_quality_check.py
[2026-05-09T01:33:19.679+0000] {logging_mixin.py:188} INFO - [2026-05-09T01:33:19.679+0000] {dag.py:3096} INFO - Sync 1 DAGs
[2026-05-09T01:33:19.692+0000] {logging_mixin.py:188} INFO - [2026-05-09T01:33:19.692+0000] {dag.py:3954} INFO - Setting next_dagrun for newyork_fhv_quality_check to None, run_after=None
[2026-05-09T01:33:19.716+0000] {processor.py:183} INFO - Processing /opt/airflow/dags/newyork_fhv_quality_check.py took 0.127 seconds
[2026-05-09T01:33:50.603+0000] {processor.py:161} INFO - Started process (PID=2037) to work on /opt/airflow/dags/newyork_fhv_quality_check.py
[2026-05-09T01:33:50.605+0000] {processor.py:830} INFO - Processing file /opt/airflow/dags/newyork_fhv_quality_check.py for tasks to queue
[2026-05-09T01:33:50.609+0000] {logging_mixin.py:188} INFO - [2026-05-09T01:33:50.608+0000] {dagbag.py:545} INFO - Filling up the DagBag from /opt/airflow/dags/newyork_fhv_quality_check.py
[2026-05-09T01:33:50.659+0000] {processor.py:840} INFO - DAG(s) 'newyork_fhv_quality_check' retrieved from /opt/airflow/dags/newyork_fhv_quality_check.py
[2026-05-09T01:33:50.691+0000] {logging_mixin.py:188} INFO - [2026-05-09T01:33:50.691+0000] {dag.py:3096} INFO - Sync 1 DAGs
[2026-05-09T01:33:50.708+0000] {logging_mixin.py:188} INFO - [2026-05-09T01:33:50.708+0000] {dag.py:3954} INFO - Setting next_dagrun for newyork_fhv_quality_check to None, run_after=None
[2026-05-09T01:33:50.749+0000] {processor.py:183} INFO - Processing /opt/airflow/dags/newyork_fhv_quality_check.py took 0.157 seconds
[2026-05-09T01:34:20.868+0000] {processor.py:161} INFO - Started process (PID=2048) to work on /opt/airflow/dags/newyork_fhv_quality_check.py
[2026-05-09T01:34:20.871+0000] {processor.py:830} INFO - Processing file /opt/airflow/dags/newyork_fhv_quality_check.py for tasks to queue
[2026-05-09T01:34:20.875+0000] {logging_mixin.py:188} INFO - [2026-05-09T01:34:20.874+0000] {dagbag.py:545} INFO - Filling up the DagBag from /opt/airflow/dags/newyork_fhv_quality_check.py
[2026-05-09T01:34:20.905+0000] {processor.py:840} INFO - DAG(s) 'newyork_fhv_quality_check' retrieved from /opt/airflow/dags/newyork_fhv_quality_check.py
[2026-05-09T01:34:20.931+0000] {logging_mixin.py:188} INFO - [2026-05-09T01:34:20.931+0000] {dag.py:3096} INFO - Sync 1 DAGs
[2026-05-09T01:34:20.946+0000] {logging_mixin.py:188} INFO - [2026-05-09T01:34:20.945+0000] {dag.py:3954} INFO - Setting next_dagrun for newyork_fhv_quality_check to None, run_after=None
[2026-05-09T01:34:20.969+0000] {processor.py:183} INFO - Processing /opt/airflow/dags/newyork_fhv_quality_check.py took 0.113 seconds
[2026-05-09T01:34:51.880+0000] {processor.py:161} INFO - Started process (PID=2059) to work on /opt/airflow/dags/newyork_fhv_quality_check.py
[2026-05-09T01:34:51.882+0000] {processor.py:830} INFO - Processing file /opt/airflow/dags/newyork_fhv_quality_check.py for tasks to queue
[2026-05-09T01:34:51.885+0000] {logging_mixin.py:188} INFO - [2026-05-09T01:34:51.884+0000] {dagbag.py:545} INFO - Filling up the DagBag from /opt/airflow/dags/newyork_fhv_quality_check.py
[2026-05-09T01:34:51.932+0000] {processor.py:840} INFO - DAG(s) 'newyork_fhv_quality_check' retrieved from /opt/airflow/dags/newyork_fhv_quality_check.py
[2026-05-09T01:34:51.971+0000] {logging_mixin.py:188} INFO - [2026-05-09T01:34:51.971+0000] {dag.py:3096} INFO - Sync 1 DAGs
[2026-05-09T01:34:51.989+0000] {logging_mixin.py:188} INFO - [2026-05-09T01:34:51.988+0000] {dag.py:3954} INFO - Setting next_dagrun for newyork_fhv_quality_check to None, run_after=None
[2026-05-09T01:34:52.021+0000] {processor.py:183} INFO - Processing /opt/airflow/dags/newyork_fhv_quality_check.py took 0.152 seconds
[2026-05-09T01:35:22.804+0000] {processor.py:161} INFO - Started process (PID=2071) to work on /opt/airflow/dags/newyork_fhv_quality_check.py
[2026-05-09T01:35:22.805+0000] {processor.py:830} INFO - Processing file /opt/airflow/dags/newyork_fhv_quality_check.py for tasks to queue
[2026-05-09T01:35:22.810+0000] {logging_mixin.py:188} INFO - [2026-05-09T01:35:22.810+0000] {dagbag.py:545} INFO - Filling up the DagBag from /opt/airflow/dags/newyork_fhv_quality_check.py
[2026-05-09T01:35:22.848+0000] {processor.py:840} INFO - DAG(s) 'newyork_fhv_quality_check' retrieved from /opt/airflow/dags/newyork_fhv_quality_check.py
[2026-05-09T01:35:22.872+0000] {logging_mixin.py:188} INFO - [2026-05-09T01:35:22.872+0000] {dag.py:3096} INFO - Sync 1 DAGs
[2026-05-09T01:35:22.885+0000] {logging_mixin.py:188} INFO - [2026-05-09T01:35:22.885+0000] {dag.py:3954} INFO - Setting next_dagrun for newyork_fhv_quality_check to None, run_after=None
[2026-05-09T01:35:22.912+0000] {processor.py:183} INFO - Processing /opt/airflow/dags/newyork_fhv_quality_check.py took 0.120 seconds
[2026-05-09T01:35:53.719+0000] {processor.py:161} INFO - Started process (PID=2082) to work on /opt/airflow/dags/newyork_fhv_quality_check.py
[2026-05-09T01:35:53.721+0000] {processor.py:830} INFO - Processing file /opt/airflow/dags/newyork_fhv_quality_check.py for tasks to queue
[2026-05-09T01:35:53.726+0000] {logging_mixin.py:188} INFO - [2026-05-09T01:35:53.725+0000] {dagbag.py:545} INFO - Filling up the DagBag from /opt/airflow/dags/newyork_fhv_quality_check.py
[2026-05-09T01:35:53.762+0000] {processor.py:840} INFO - DAG(s) 'newyork_fhv_quality_check' retrieved from /opt/airflow/dags/newyork_fhv_quality_check.py
[2026-05-09T01:35:53.789+0000] {logging_mixin.py:188} INFO - [2026-05-09T01:35:53.789+0000] {dag.py:3096} INFO - Sync 1 DAGs
[2026-05-09T01:35:53.809+0000] {logging_mixin.py:188} INFO - [2026-05-09T01:35:53.808+0000] {dag.py:3954} INFO - Setting next_dagrun for newyork_fhv_quality_check to None, run_after=None
[2026-05-09T01:35:54.123+0000] {processor.py:183} INFO - Processing /opt/airflow/dags/newyork_fhv_quality_check.py took 0.414 seconds
[2026-05-09T01:36:24.977+0000] {processor.py:161} INFO - Started process (PID=2093) to work on /opt/airflow/dags/newyork_fhv_quality_check.py
[2026-05-09T01:36:24.978+0000] {processor.py:830} INFO - Processing file /opt/airflow/dags/newyork_fhv_quality_check.py for tasks to queue
[2026-05-09T01:36:24.981+0000] {logging_mixin.py:188} INFO - [2026-05-09T01:36:24.980+0000] {dagbag.py:545} INFO - Filling up the DagBag from /opt/airflow/dags/newyork_fhv_quality_check.py
[2026-05-09T01:36:25.019+0000] {processor.py:840} INFO - DAG(s) 'newyork_fhv_quality_check' retrieved from /opt/airflow/dags/newyork_fhv_quality_check.py
[2026-05-09T01:36:25.048+0000] {logging_mixin.py:188} INFO - [2026-05-09T01:36:25.047+0000] {dag.py:3096} INFO - Sync 1 DAGs
[2026-05-09T01:36:25.066+0000] {logging_mixin.py:188} INFO - [2026-05-09T01:36:25.066+0000] {dag.py:3954} INFO - Setting next_dagrun for newyork_fhv_quality_check to None, run_after=None
[2026-05-09T01:36:25.128+0000] {processor.py:183} INFO - Processing /opt/airflow/dags/newyork_fhv_quality_check.py took 0.158 seconds
[2026-05-09T01:36:56.003+0000] {processor.py:161} INFO - Started process (PID=2104) to work on /opt/airflow/dags/newyork_fhv_quality_check.py
[2026-05-09T01:36:56.005+0000] {processor.py:830} INFO - Processing file /opt/airflow/dags/newyork_fhv_quality_check.py for tasks to queue
[2026-05-09T01:36:56.008+0000] {logging_mixin.py:188} INFO - [2026-05-09T01:36:56.007+0000] {dagbag.py:545} INFO - Filling up the DagBag from /opt/airflow/dags/newyork_fhv_quality_check.py
[2026-05-09T01:36:56.033+0000] {processor.py:840} INFO - DAG(s) 'newyork_fhv_quality_check' retrieved from /opt/airflow/dags/newyork_fhv_quality_check.py
[2026-05-09T01:36:56.055+0000] {logging_mixin.py:188} INFO - [2026-05-09T01:36:56.055+0000] {dag.py:3096} INFO - Sync 1 DAGs
[2026-05-09T01:36:56.069+0000] {logging_mixin.py:188} INFO - [2026-05-09T01:36:56.068+0000] {dag.py:3954} INFO - Setting next_dagrun for newyork_fhv_quality_check to None, run_after=None
[2026-05-09T01:36:56.089+0000] {processor.py:183} INFO - Processing /opt/airflow/dags/newyork_fhv_quality_check.py took 0.093 seconds
[2026-05-09T01:37:26.982+0000] {processor.py:161} INFO - Started process (PID=2115) to work on /opt/airflow/dags/newyork_fhv_quality_check.py
[2026-05-09T01:37:26.985+0000] {processor.py:830} INFO - Processing file /opt/airflow/dags/newyork_fhv_quality_check.py for tasks to queue
[2026-05-09T01:37:26.989+0000] {logging_mixin.py:188} INFO - [2026-05-09T01:37:26.989+0000] {dagbag.py:545} INFO - Filling up the DagBag from /opt/airflow/dags/newyork_fhv_quality_check.py
[2026-05-09T01:37:27.035+0000] {processor.py:840} INFO - DAG(s) 'newyork_fhv_quality_check' retrieved from /opt/airflow/dags/newyork_fhv_quality_check.py
[2026-05-09T01:37:27.073+0000] {logging_mixin.py:188} INFO - [2026-05-09T01:37:27.073+0000] {dag.py:3096} INFO - Sync 1 DAGs
[2026-05-09T01:37:27.089+0000] {logging_mixin.py:188} INFO - [2026-05-09T01:37:27.089+0000] {dag.py:3954} INFO - Setting next_dagrun for newyork_fhv_quality_check to None, run_after=None
[2026-05-09T01:37:27.119+0000] {processor.py:183} INFO - Processing /opt/airflow/dags/newyork_fhv_quality_check.py took 0.148 seconds
[2026-05-09T01:37:57.886+0000] {processor.py:161} INFO - Started process (PID=2126) to work on /opt/airflow/dags/newyork_fhv_quality_check.py
[2026-05-09T01:37:57.888+0000] {processor.py:830} INFO - Processing file /opt/airflow/dags/newyork_fhv_quality_check.py for tasks to queue
[2026-05-09T01:37:57.890+0000] {logging_mixin.py:188} INFO - [2026-05-09T01:37:57.890+0000] {dagbag.py:545} INFO - Filling up the DagBag from /opt/airflow/dags/newyork_fhv_quality_check.py
[2026-05-09T01:37:57.925+0000] {processor.py:840} INFO - DAG(s) 'newyork_fhv_quality_check' retrieved from /opt/airflow/dags/newyork_fhv_quality_check.py
[2026-05-09T01:37:57.951+0000] {logging_mixin.py:188} INFO - [2026-05-09T01:37:57.951+0000] {dag.py:3096} INFO - Sync 1 DAGs
[2026-05-09T01:37:57.966+0000] {logging_mixin.py:188} INFO - [2026-05-09T01:37:57.966+0000] {dag.py:3954} INFO - Setting next_dagrun for newyork_fhv_quality_check to None, run_after=None
[2026-05-09T01:37:57.991+0000] {processor.py:183} INFO - Processing /opt/airflow/dags/newyork_fhv_quality_check.py took 0.112 seconds
[2026-05-09T01:38:28.379+0000] {processor.py:161} INFO - Started process (PID=2137) to work on /opt/airflow/dags/newyork_fhv_quality_check.py
[2026-05-09T01:38:28.380+0000] {processor.py:830} INFO - Processing file /opt/airflow/dags/newyork_fhv_quality_check.py for tasks to queue
[2026-05-09T01:38:28.383+0000] {logging_mixin.py:188} INFO - [2026-05-09T01:38:28.383+0000] {dagbag.py:545} INFO - Filling up the DagBag from /opt/airflow/dags/newyork_fhv_quality_check.py
[2026-05-09T01:38:28.420+0000] {processor.py:840} INFO - DAG(s) 'newyork_fhv_quality_check' retrieved from /opt/airflow/dags/newyork_fhv_quality_check.py
[2026-05-09T01:38:28.450+0000] {logging_mixin.py:188} INFO - [2026-05-09T01:38:28.449+0000] {dag.py:3096} INFO - Sync 1 DAGs
[2026-05-09T01:38:28.464+0000] {logging_mixin.py:188} INFO - [2026-05-09T01:38:28.464+0000] {dag.py:3954} INFO - Setting next_dagrun for newyork_fhv_quality_check to None, run_after=None
[2026-05-09T01:38:28.491+0000] {processor.py:183} INFO - Processing /opt/airflow/dags/newyork_fhv_quality_check.py took 0.120 seconds
[2026-05-09T01:38:58.979+0000] {processor.py:161} INFO - Started process (PID=2148) to work on /opt/airflow/dags/newyork_fhv_quality_check.py
[2026-05-09T01:38:58.981+0000] {processor.py:830} INFO - Processing file /opt/airflow/dags/newyork_fhv_quality_check.py for tasks to queue
[2026-05-09T01:38:58.984+0000] {logging_mixin.py:188} INFO - [2026-05-09T01:38:58.983+0000] {dagbag.py:545} INFO - Filling up the DagBag from /opt/airflow/dags/newyork_fhv_quality_check.py
[2026-05-09T01:38:59.017+0000] {processor.py:840} INFO - DAG(s) 'newyork_fhv_quality_check' retrieved from /opt/airflow/dags/newyork_fhv_quality_check.py
[2026-05-09T01:38:59.041+0000] {logging_mixin.py:188} INFO - [2026-05-09T01:38:59.040+0000] {dag.py:3096} INFO - Sync 1 DAGs
[2026-05-09T01:38:59.054+0000] {logging_mixin.py:188} INFO - [2026-05-09T01:38:59.054+0000] {dag.py:3954} INFO - Setting next_dagrun for newyork_fhv_quality_check to None, run_after=None
[2026-05-09T01:38:59.078+0000] {processor.py:183} INFO - Processing /opt/airflow/dags/newyork_fhv_quality_check.py took 0.106 seconds
[2026-05-09T01:39:29.222+0000] {processor.py:161} INFO - Started process (PID=2159) to work on /opt/airflow/dags/newyork_fhv_quality_check.py
[2026-05-09T01:39:29.223+0000] {processor.py:830} INFO - Processing file /opt/airflow/dags/newyork_fhv_quality_check.py for tasks to queue
[2026-05-09T01:39:29.226+0000] {logging_mixin.py:188} INFO - [2026-05-09T01:39:29.225+0000] {dagbag.py:545} INFO - Filling up the DagBag from /opt/airflow/dags/newyork_fhv_quality_check.py
[2026-05-09T01:39:29.246+0000] {processor.py:840} INFO - DAG(s) 'newyork_fhv_quality_check' retrieved from /opt/airflow/dags/newyork_fhv_quality_check.py
[2026-05-09T01:39:29.271+0000] {logging_mixin.py:188} INFO - [2026-05-09T01:39:29.271+0000] {dag.py:3096} INFO - Sync 1 DAGs
[2026-05-09T01:39:29.285+0000] {logging_mixin.py:188} INFO - [2026-05-09T01:39:29.284+0000] {dag.py:3954} INFO - Setting next_dagrun for newyork_fhv_quality_check to None, run_after=None
[2026-05-09T01:39:29.308+0000] {processor.py:183} INFO - Processing /opt/airflow/dags/newyork_fhv_quality_check.py took 0.093 seconds
[2026-05-09T01:39:59.614+0000] {processor.py:161} INFO - Started process (PID=2170) to work on /opt/airflow/dags/newyork_fhv_quality_check.py
[2026-05-09T01:39:59.615+0000] {processor.py:830} INFO - Processing file /opt/airflow/dags/newyork_fhv_quality_check.py for tasks to queue
[2026-05-09T01:39:59.618+0000] {logging_mixin.py:188} INFO - [2026-05-09T01:39:59.617+0000] {dagbag.py:545} INFO - Filling up the DagBag from /opt/airflow/dags/newyork_fhv_quality_check.py
[2026-05-09T01:39:59.637+0000] {processor.py:840} INFO - DAG(s) 'newyork_fhv_quality_check' retrieved from /opt/airflow/dags/newyork_fhv_quality_check.py
[2026-05-09T01:39:59.663+0000] {logging_mixin.py:188} INFO - [2026-05-09T01:39:59.663+0000] {dag.py:3096} INFO - Sync 1 DAGs
[2026-05-09T01:39:59.883+0000] {logging_mixin.py:188} INFO - [2026-05-09T01:39:59.882+0000] {dag.py:3954} INFO - Setting next_dagrun for newyork_fhv_quality_check to None, run_after=None
[2026-05-09T01:39:59.912+0000] {processor.py:183} INFO - Processing /opt/airflow/dags/newyork_fhv_quality_check.py took 0.305 seconds
[2026-05-09T01:40:30.118+0000] {processor.py:161} INFO - Started process (PID=2181) to work on /opt/airflow/dags/newyork_fhv_quality_check.py
[2026-05-09T01:40:30.120+0000] {processor.py:830} INFO - Processing file /opt/airflow/dags/newyork_fhv_quality_check.py for tasks to queue
[2026-05-09T01:40:30.123+0000] {logging_mixin.py:188} INFO - [2026-05-09T01:40:30.122+0000] {dagbag.py:545} INFO - Filling up the DagBag from /opt/airflow/dags/newyork_fhv_quality_check.py
[2026-05-09T01:40:30.157+0000] {processor.py:840} INFO - DAG(s) 'newyork_fhv_quality_check' retrieved from /opt/airflow/dags/newyork_fhv_quality_check.py
[2026-05-09T01:40:30.184+0000] {logging_mixin.py:188} INFO - [2026-05-09T01:40:30.184+0000] {dag.py:3096} INFO - Sync 1 DAGs
[2026-05-09T01:40:30.200+0000] {logging_mixin.py:188} INFO - [2026-05-09T01:40:30.199+0000] {dag.py:3954} INFO - Setting next_dagrun for newyork_fhv_quality_check to None, run_after=None
[2026-05-09T01:40:30.226+0000] {processor.py:183} INFO - Processing /opt/airflow/dags/newyork_fhv_quality_check.py took 0.120 seconds
[2026-05-09T01:41:01.155+0000] {processor.py:161} INFO - Started process (PID=2192) to work on /opt/airflow/dags/newyork_fhv_quality_check.py
[2026-05-09T01:41:01.156+0000] {processor.py:830} INFO - Processing file /opt/airflow/dags/newyork_fhv_quality_check.py for tasks to queue
[2026-05-09T01:41:01.159+0000] {logging_mixin.py:188} INFO - [2026-05-09T01:41:01.159+0000] {dagbag.py:545} INFO - Filling up the DagBag from /opt/airflow/dags/newyork_fhv_quality_check.py
[2026-05-09T01:41:01.194+0000] {processor.py:840} INFO - DAG(s) 'newyork_fhv_quality_check' retrieved from /opt/airflow/dags/newyork_fhv_quality_check.py
[2026-05-09T01:41:01.229+0000] {logging_mixin.py:188} INFO - [2026-05-09T01:41:01.228+0000] {dag.py:3096} INFO - Sync 1 DAGs
[2026-05-09T01:41:01.249+0000] {logging_mixin.py:188} INFO - [2026-05-09T01:41:01.248+0000] {dag.py:3954} INFO - Setting next_dagrun for newyork_fhv_quality_check to None, run_after=None
[2026-05-09T01:41:01.286+0000] {processor.py:183} INFO - Processing /opt/airflow/dags/newyork_fhv_quality_check.py took 0.142 seconds
[2026-05-09T01:41:31.440+0000] {processor.py:161} INFO - Started process (PID=2203) to work on /opt/airflow/dags/newyork_fhv_quality_check.py
[2026-05-09T01:41:31.442+0000] {processor.py:830} INFO - Processing file /opt/airflow/dags/newyork_fhv_quality_check.py for tasks to queue
[2026-05-09T01:41:31.445+0000] {logging_mixin.py:188} INFO - [2026-05-09T01:41:31.444+0000] {dagbag.py:545} INFO - Filling up the DagBag from /opt/airflow/dags/newyork_fhv_quality_check.py
[2026-05-09T01:41:31.481+0000] {processor.py:840} INFO - DAG(s) 'newyork_fhv_quality_check' retrieved from /opt/airflow/dags/newyork_fhv_quality_check.py
[2026-05-09T01:41:31.508+0000] {logging_mixin.py:188} INFO - [2026-05-09T01:41:31.508+0000] {dag.py:3096} INFO - Sync 1 DAGs
[2026-05-09T01:41:31.692+0000] {logging_mixin.py:188} INFO - [2026-05-09T01:41:31.692+0000] {dag.py:3954} INFO - Setting next_dagrun for newyork_fhv_quality_check to None, run_after=None
[2026-05-09T01:41:31.714+0000] {processor.py:183} INFO - Processing /opt/airflow/dags/newyork_fhv_quality_check.py took 0.281 seconds
[2026-05-09T01:42:01.904+0000] {processor.py:161} INFO - Started process (PID=2214) to work on /opt/airflow/dags/newyork_fhv_quality_check.py
[2026-05-09T01:42:01.906+0000] {processor.py:830} INFO - Processing file /opt/airflow/dags/newyork_fhv_quality_check.py for tasks to queue
[2026-05-09T01:42:01.908+0000] {logging_mixin.py:188} INFO - [2026-05-09T01:42:01.908+0000] {dagbag.py:545} INFO - Filling up the DagBag from /opt/airflow/dags/newyork_fhv_quality_check.py
[2026-05-09T01:42:01.945+0000] {processor.py:840} INFO - DAG(s) 'newyork_fhv_quality_check' retrieved from /opt/airflow/dags/newyork_fhv_quality_check.py
[2026-05-09T01:42:01.974+0000] {logging_mixin.py:188} INFO - [2026-05-09T01:42:01.973+0000] {dag.py:3096} INFO - Sync 1 DAGs
[2026-05-09T01:42:01.987+0000] {logging_mixin.py:188} INFO - [2026-05-09T01:42:01.986+0000] {dag.py:3954} INFO - Setting next_dagrun for newyork_fhv_quality_check to None, run_after=None
[2026-05-09T01:42:02.016+0000] {processor.py:183} INFO - Processing /opt/airflow/dags/newyork_fhv_quality_check.py took 0.120 seconds
[2026-05-09T01:42:32.805+0000] {processor.py:161} INFO - Started process (PID=2225) to work on /opt/airflow/dags/newyork_fhv_quality_check.py
[2026-05-09T01:42:32.807+0000] {processor.py:830} INFO - Processing file /opt/airflow/dags/newyork_fhv_quality_check.py for tasks to queue
[2026-05-09T01:42:32.812+0000] {logging_mixin.py:188} INFO - [2026-05-09T01:42:32.811+0000] {dagbag.py:545} INFO - Filling up the DagBag from /opt/airflow/dags/newyork_fhv_quality_check.py
[2026-05-09T01:42:32.859+0000] {processor.py:840} INFO - DAG(s) 'newyork_fhv_quality_check' retrieved from /opt/airflow/dags/newyork_fhv_quality_check.py
[2026-05-09T01:42:32.893+0000] {logging_mixin.py:188} INFO - [2026-05-09T01:42:32.893+0000] {dag.py:3096} INFO - Sync 1 DAGs
[2026-05-09T01:42:32.912+0000] {logging_mixin.py:188} INFO - [2026-05-09T01:42:32.912+0000] {dag.py:3954} INFO - Setting next_dagrun for newyork_fhv_quality_check to None, run_after=None
[2026-05-09T01:42:32.943+0000] {processor.py:183} INFO - Processing /opt/airflow/dags/newyork_fhv_quality_check.py took 0.148 seconds
[2026-05-09T01:43:03.058+0000] {processor.py:161} INFO - Started process (PID=2236) to work on /opt/airflow/dags/newyork_fhv_quality_check.py
[2026-05-09T01:43:03.060+0000] {processor.py:830} INFO - Processing file /opt/airflow/dags/newyork_fhv_quality_check.py for tasks to queue
[2026-05-09T01:43:03.065+0000] {logging_mixin.py:188} INFO - [2026-05-09T01:43:03.064+0000] {dagbag.py:545} INFO - Filling up the DagBag from /opt/airflow/dags/newyork_fhv_quality_check.py
[2026-05-09T01:43:03.115+0000] {processor.py:840} INFO - DAG(s) 'newyork_fhv_quality_check' retrieved from /opt/airflow/dags/newyork_fhv_quality_check.py
[2026-05-09T01:43:03.146+0000] {logging_mixin.py:188} INFO - [2026-05-09T01:43:03.146+0000] {dag.py:3096} INFO - Sync 1 DAGs
[2026-05-09T01:43:03.364+0000] {logging_mixin.py:188} INFO - [2026-05-09T01:43:03.363+0000] {dag.py:3954} INFO - Setting next_dagrun for newyork_fhv_quality_check to None, run_after=None
[2026-05-09T01:43:03.406+0000] {processor.py:183} INFO - Processing /opt/airflow/dags/newyork_fhv_quality_check.py took 0.359 seconds
[2026-05-09T01:43:34.244+0000] {processor.py:161} INFO - Started process (PID=2247) to work on /opt/airflow/dags/newyork_fhv_quality_check.py
[2026-05-09T01:43:34.246+0000] {processor.py:830} INFO - Processing file /opt/airflow/dags/newyork_fhv_quality_check.py for tasks to queue
[2026-05-09T01:43:34.249+0000] {logging_mixin.py:188} INFO - [2026-05-09T01:43:34.248+0000] {dagbag.py:545} INFO - Filling up the DagBag from /opt/airflow/dags/newyork_fhv_quality_check.py
[2026-05-09T01:43:34.282+0000] {processor.py:840} INFO - DAG(s) 'newyork_fhv_quality_check' retrieved from /opt/airflow/dags/newyork_fhv_quality_check.py
[2026-05-09T01:43:34.311+0000] {logging_mixin.py:188} INFO - [2026-05-09T01:43:34.310+0000] {dag.py:3096} INFO - Sync 1 DAGs
[2026-05-09T01:43:34.326+0000] {logging_mixin.py:188} INFO - [2026-05-09T01:43:34.326+0000] {dag.py:3954} INFO - Setting next_dagrun for newyork_fhv_quality_check to None, run_after=None
[2026-05-09T01:43:34.354+0000] {processor.py:183} INFO - Processing /opt/airflow/dags/newyork_fhv_quality_check.py took 0.124 seconds
[2026-05-09T01:44:04.505+0000] {processor.py:161} INFO - Started process (PID=2258) to work on /opt/airflow/dags/newyork_fhv_quality_check.py
[2026-05-09T01:44:04.507+0000] {processor.py:830} INFO - Processing file /opt/airflow/dags/newyork_fhv_quality_check.py for tasks to queue
[2026-05-09T01:44:04.510+0000] {logging_mixin.py:188} INFO - [2026-05-09T01:44:04.510+0000] {dagbag.py:545} INFO - Filling up the DagBag from /opt/airflow/dags/newyork_fhv_quality_check.py
[2026-05-09T01:44:04.555+0000] {processor.py:840} INFO - DAG(s) 'newyork_fhv_quality_check' retrieved from /opt/airflow/dags/newyork_fhv_quality_check.py
[2026-05-09T01:44:04.581+0000] {logging_mixin.py:188} INFO - [2026-05-09T01:44:04.581+0000] {dag.py:3096} INFO - Sync 1 DAGs
[2026-05-09T01:44:04.598+0000] {logging_mixin.py:188} INFO - [2026-05-09T01:44:04.598+0000] {dag.py:3954} INFO - Setting next_dagrun for newyork_fhv_quality_check to None, run_after=None
[2026-05-09T01:44:04.632+0000] {processor.py:183} INFO - Processing /opt/airflow/dags/newyork_fhv_quality_check.py took 0.134 seconds
[2026-05-09T01:44:35.474+0000] {processor.py:161} INFO - Started process (PID=2269) to work on /opt/airflow/dags/newyork_fhv_quality_check.py
[2026-05-09T01:44:35.476+0000] {processor.py:830} INFO - Processing file /opt/airflow/dags/newyork_fhv_quality_check.py for tasks to queue
[2026-05-09T01:44:35.478+0000] {logging_mixin.py:188} INFO - [2026-05-09T01:44:35.478+0000] {dagbag.py:545} INFO - Filling up the DagBag from /opt/airflow/dags/newyork_fhv_quality_check.py
[2026-05-09T01:44:35.514+0000] {processor.py:840} INFO - DAG(s) 'newyork_fhv_quality_check' retrieved from /opt/airflow/dags/newyork_fhv_quality_check.py
[2026-05-09T01:44:35.542+0000] {logging_mixin.py:188} INFO - [2026-05-09T01:44:35.542+0000] {dag.py:3096} INFO - Sync 1 DAGs
[2026-05-09T01:44:35.555+0000] {logging_mixin.py:188} INFO - [2026-05-09T01:44:35.555+0000] {dag.py:3954} INFO - Setting next_dagrun for newyork_fhv_quality_check to None, run_after=None
[2026-05-09T01:44:35.584+0000] {processor.py:183} INFO - Processing /opt/airflow/dags/newyork_fhv_quality_check.py took 0.118 seconds
[2026-05-09T01:45:06.426+0000] {processor.py:161} INFO - Started process (PID=2286) to work on /opt/airflow/dags/newyork_fhv_quality_check.py
[2026-05-09T01:45:06.428+0000] {processor.py:830} INFO - Processing file /opt/airflow/dags/newyork_fhv_quality_check.py for tasks to queue
[2026-05-09T01:45:06.431+0000] {logging_mixin.py:188} INFO - [2026-05-09T01:45:06.431+0000] {dagbag.py:545} INFO - Filling up the DagBag from /opt/airflow/dags/newyork_fhv_quality_check.py
[2026-05-09T01:45:06.479+0000] {processor.py:840} INFO - DAG(s) 'newyork_fhv_quality_check' retrieved from /opt/airflow/dags/newyork_fhv_quality_check.py
[2026-05-09T01:45:06.508+0000] {logging_mixin.py:188} INFO - [2026-05-09T01:45:06.507+0000] {dag.py:3096} INFO - Sync 1 DAGs
[2026-05-09T01:45:06.523+0000] {logging_mixin.py:188} INFO - [2026-05-09T01:45:06.523+0000] {dag.py:3954} INFO - Setting next_dagrun for newyork_fhv_quality_check to None, run_after=None
[2026-05-09T01:45:06.551+0000] {processor.py:183} INFO - Processing /opt/airflow/dags/newyork_fhv_quality_check.py took 0.133 seconds
[2026-05-09T01:45:37.376+0000] {processor.py:161} INFO - Started process (PID=2297) to work on /opt/airflow/dags/newyork_fhv_quality_check.py
[2026-05-09T01:45:37.377+0000] {processor.py:830} INFO - Processing file /opt/airflow/dags/newyork_fhv_quality_check.py for tasks to queue
[2026-05-09T01:45:37.380+0000] {logging_mixin.py:188} INFO - [2026-05-09T01:45:37.380+0000] {dagbag.py:545} INFO - Filling up the DagBag from /opt/airflow/dags/newyork_fhv_quality_check.py
[2026-05-09T01:45:37.411+0000] {processor.py:840} INFO - DAG(s) 'newyork_fhv_quality_check' retrieved from /opt/airflow/dags/newyork_fhv_quality_check.py
[2026-05-09T01:45:37.440+0000] {logging_mixin.py:188} INFO - [2026-05-09T01:45:37.439+0000] {dag.py:3096} INFO - Sync 1 DAGs
[2026-05-09T01:45:37.458+0000] {logging_mixin.py:188} INFO - [2026-05-09T01:45:37.458+0000] {dag.py:3954} INFO - Setting next_dagrun for newyork_fhv_quality_check to None, run_after=None
[2026-05-09T01:45:37.489+0000] {processor.py:183} INFO - Processing /opt/airflow/dags/newyork_fhv_quality_check.py took 0.122 seconds
[2026-05-09T01:46:08.377+0000] {processor.py:161} INFO - Started process (PID=2308) to work on /opt/airflow/dags/newyork_fhv_quality_check.py
[2026-05-09T01:46:08.379+0000] {processor.py:830} INFO - Processing file /opt/airflow/dags/newyork_fhv_quality_check.py for tasks to queue
[2026-05-09T01:46:08.383+0000] {logging_mixin.py:188} INFO - [2026-05-09T01:46:08.382+0000] {dagbag.py:545} INFO - Filling up the DagBag from /opt/airflow/dags/newyork_fhv_quality_check.py
[2026-05-09T01:46:08.429+0000] {processor.py:840} INFO - DAG(s) 'newyork_fhv_quality_check' retrieved from /opt/airflow/dags/newyork_fhv_quality_check.py
[2026-05-09T01:46:08.456+0000] {logging_mixin.py:188} INFO - [2026-05-09T01:46:08.456+0000] {dag.py:3096} INFO - Sync 1 DAGs
[2026-05-09T01:46:08.471+0000] {logging_mixin.py:188} INFO - [2026-05-09T01:46:08.471+0000] {dag.py:3954} INFO - Setting next_dagrun for newyork_fhv_quality_check to None, run_after=None
[2026-05-09T01:46:08.498+0000] {processor.py:183} INFO - Processing /opt/airflow/dags/newyork_fhv_quality_check.py took 0.129 seconds
[2026-05-09T01:46:39.540+0000] {processor.py:161} INFO - Started process (PID=2319) to work on /opt/airflow/dags/newyork_fhv_quality_check.py
[2026-05-09T01:46:39.542+0000] {processor.py:830} INFO - Processing file /opt/airflow/dags/newyork_fhv_quality_check.py for tasks to queue
[2026-05-09T01:46:39.544+0000] {logging_mixin.py:188} INFO - [2026-05-09T01:46:39.544+0000] {dagbag.py:545} INFO - Filling up the DagBag from /opt/airflow/dags/newyork_fhv_quality_check.py
[2026-05-09T01:46:39.610+0000] {processor.py:840} INFO - DAG(s) 'newyork_fhv_quality_check' retrieved from /opt/airflow/dags/newyork_fhv_quality_check.py
[2026-05-09T01:46:39.638+0000] {logging_mixin.py:188} INFO - [2026-05-09T01:46:39.637+0000] {dag.py:3096} INFO - Sync 1 DAGs
[2026-05-09T01:46:39.652+0000] {logging_mixin.py:188} INFO - [2026-05-09T01:46:39.652+0000] {dag.py:3954} INFO - Setting next_dagrun for newyork_fhv_quality_check to None, run_after=None
[2026-05-09T01:46:39.676+0000] {processor.py:183} INFO - Processing /opt/airflow/dags/newyork_fhv_quality_check.py took 0.143 seconds
[2026-05-09T01:47:10.056+0000] {processor.py:161} INFO - Started process (PID=2330) to work on /opt/airflow/dags/newyork_fhv_quality_check.py
[2026-05-09T01:47:10.058+0000] {processor.py:830} INFO - Processing file /opt/airflow/dags/newyork_fhv_quality_check.py for tasks to queue
[2026-05-09T01:47:10.063+0000] {logging_mixin.py:188} INFO - [2026-05-09T01:47:10.062+0000] {dagbag.py:545} INFO - Filling up the DagBag from /opt/airflow/dags/newyork_fhv_quality_check.py
[2026-05-09T01:47:10.117+0000] {processor.py:840} INFO - DAG(s) 'newyork_fhv_quality_check' retrieved from /opt/airflow/dags/newyork_fhv_quality_check.py
[2026-05-09T01:47:10.149+0000] {logging_mixin.py:188} INFO - [2026-05-09T01:47:10.149+0000] {dag.py:3096} INFO - Sync 1 DAGs
[2026-05-09T01:47:10.164+0000] {logging_mixin.py:188} INFO - [2026-05-09T01:47:10.164+0000] {dag.py:3954} INFO - Setting next_dagrun for newyork_fhv_quality_check to None, run_after=None
[2026-05-09T01:47:10.192+0000] {processor.py:183} INFO - Processing /opt/airflow/dags/newyork_fhv_quality_check.py took 0.148 seconds
[2026-05-09T01:47:40.389+0000] {processor.py:161} INFO - Started process (PID=2341) to work on /opt/airflow/dags/newyork_fhv_quality_check.py
[2026-05-09T01:47:40.391+0000] {processor.py:830} INFO - Processing file /opt/airflow/dags/newyork_fhv_quality_check.py for tasks to queue
[2026-05-09T01:47:40.394+0000] {logging_mixin.py:188} INFO - [2026-05-09T01:47:40.393+0000] {dagbag.py:545} INFO - Filling up the DagBag from /opt/airflow/dags/newyork_fhv_quality_check.py
[2026-05-09T01:47:40.424+0000] {processor.py:840} INFO - DAG(s) 'newyork_fhv_quality_check' retrieved from /opt/airflow/dags/newyork_fhv_quality_check.py
[2026-05-09T01:47:40.451+0000] {logging_mixin.py:188} INFO - [2026-05-09T01:47:40.451+0000] {dag.py:3096} INFO - Sync 1 DAGs
[2026-05-09T01:47:40.468+0000] {logging_mixin.py:188} INFO - [2026-05-09T01:47:40.468+0000] {dag.py:3954} INFO - Setting next_dagrun for newyork_fhv_quality_check to None, run_after=None
[2026-05-09T01:47:40.492+0000] {processor.py:183} INFO - Processing /opt/airflow/dags/newyork_fhv_quality_check.py took 0.110 seconds
[2026-05-09T01:48:10.828+0000] {processor.py:161} INFO - Started process (PID=2352) to work on /opt/airflow/dags/newyork_fhv_quality_check.py
[2026-05-09T01:48:10.830+0000] {processor.py:830} INFO - Processing file /opt/airflow/dags/newyork_fhv_quality_check.py for tasks to queue
[2026-05-09T01:48:10.835+0000] {logging_mixin.py:188} INFO - [2026-05-09T01:48:10.834+0000] {dagbag.py:545} INFO - Filling up the DagBag from /opt/airflow/dags/newyork_fhv_quality_check.py
[2026-05-09T01:48:10.910+0000] {processor.py:840} INFO - DAG(s) 'newyork_fhv_quality_check' retrieved from /opt/airflow/dags/newyork_fhv_quality_check.py
[2026-05-09T01:48:10.953+0000] {logging_mixin.py:188} INFO - [2026-05-09T01:48:10.952+0000] {dag.py:3096} INFO - Sync 1 DAGs
[2026-05-09T01:48:10.975+0000] {logging_mixin.py:188} INFO - [2026-05-09T01:48:10.975+0000] {dag.py:3954} INFO - Setting next_dagrun for newyork_fhv_quality_check to None, run_after=None
[2026-05-09T01:48:11.024+0000] {processor.py:183} INFO - Processing /opt/airflow/dags/newyork_fhv_quality_check.py took 0.207 seconds
[2026-05-09T01:48:41.176+0000] {processor.py:161} INFO - Started process (PID=2363) to work on /opt/airflow/dags/newyork_fhv_quality_check.py
[2026-05-09T01:48:41.178+0000] {processor.py:830} INFO - Processing file /opt/airflow/dags/newyork_fhv_quality_check.py for tasks to queue
[2026-05-09T01:48:41.183+0000] {logging_mixin.py:188} INFO - [2026-05-09T01:48:41.183+0000] {dagbag.py:545} INFO - Filling up the DagBag from /opt/airflow/dags/newyork_fhv_quality_check.py
[2026-05-09T01:48:41.235+0000] {processor.py:840} INFO - DAG(s) 'newyork_fhv_quality_check' retrieved from /opt/airflow/dags/newyork_fhv_quality_check.py
[2026-05-09T01:48:41.268+0000] {logging_mixin.py:188} INFO - [2026-05-09T01:48:41.268+0000] {dag.py:3096} INFO - Sync 1 DAGs
[2026-05-09T01:48:41.285+0000] {logging_mixin.py:188} INFO - [2026-05-09T01:48:41.285+0000] {dag.py:3954} INFO - Setting next_dagrun for newyork_fhv_quality_check to None, run_after=None
[2026-05-09T01:48:41.314+0000] {processor.py:183} INFO - Processing /opt/airflow/dags/newyork_fhv_quality_check.py took 0.148 seconds
[2026-05-09T01:49:11.592+0000] {processor.py:161} INFO - Started process (PID=2374) to work on /opt/airflow/dags/newyork_fhv_quality_check.py
[2026-05-09T01:49:11.594+0000] {processor.py:830} INFO - Processing file /opt/airflow/dags/newyork_fhv_quality_check.py for tasks to queue
[2026-05-09T01:49:11.598+0000] {logging_mixin.py:188} INFO - [2026-05-09T01:49:11.597+0000] {dagbag.py:545} INFO - Filling up the DagBag from /opt/airflow/dags/newyork_fhv_quality_check.py
[2026-05-09T01:49:11.645+0000] {processor.py:840} INFO - DAG(s) 'newyork_fhv_quality_check' retrieved from /opt/airflow/dags/newyork_fhv_quality_check.py
[2026-05-09T01:49:11.682+0000] {logging_mixin.py:188} INFO - [2026-05-09T01:49:11.681+0000] {dag.py:3096} INFO - Sync 1 DAGs
[2026-05-09T01:49:11.698+0000] {logging_mixin.py:188} INFO - [2026-05-09T01:49:11.697+0000] {dag.py:3954} INFO - Setting next_dagrun for newyork_fhv_quality_check to None, run_after=None
[2026-05-09T01:49:11.728+0000] {processor.py:183} INFO - Processing /opt/airflow/dags/newyork_fhv_quality_check.py took 0.148 seconds
[2026-05-09T01:49:42.735+0000] {processor.py:161} INFO - Started process (PID=2385) to work on /opt/airflow/dags/newyork_fhv_quality_check.py
[2026-05-09T01:49:42.736+0000] {processor.py:830} INFO - Processing file /opt/airflow/dags/newyork_fhv_quality_check.py for tasks to queue
[2026-05-09T01:49:42.741+0000] {logging_mixin.py:188} INFO - [2026-05-09T01:49:42.740+0000] {dagbag.py:545} INFO - Filling up the DagBag from /opt/airflow/dags/newyork_fhv_quality_check.py
[2026-05-09T01:49:42.792+0000] {processor.py:840} INFO - DAG(s) 'newyork_fhv_quality_check' retrieved from /opt/airflow/dags/newyork_fhv_quality_check.py
[2026-05-09T01:49:42.826+0000] {logging_mixin.py:188} INFO - [2026-05-09T01:49:42.826+0000] {dag.py:3096} INFO - Sync 1 DAGs
[2026-05-09T01:49:42.848+0000] {logging_mixin.py:188} INFO - [2026-05-09T01:49:42.848+0000] {dag.py:3954} INFO - Setting next_dagrun for newyork_fhv_quality_check to None, run_after=None
[2026-05-09T01:49:42.883+0000] {processor.py:183} INFO - Processing /opt/airflow/dags/newyork_fhv_quality_check.py took 0.157 seconds
[2026-05-09T01:50:13.077+0000] {processor.py:161} INFO - Started process (PID=2396) to work on /opt/airflow/dags/newyork_fhv_quality_check.py
[2026-05-09T01:50:13.080+0000] {processor.py:830} INFO - Processing file /opt/airflow/dags/newyork_fhv_quality_check.py for tasks to queue
[2026-05-09T01:50:13.085+0000] {logging_mixin.py:188} INFO - [2026-05-09T01:50:13.084+0000] {dagbag.py:545} INFO - Filling up the DagBag from /opt/airflow/dags/newyork_fhv_quality_check.py
[2026-05-09T01:50:13.158+0000] {processor.py:840} INFO - DAG(s) 'newyork_fhv_quality_check' retrieved from /opt/airflow/dags/newyork_fhv_quality_check.py
[2026-05-09T01:50:13.196+0000] {logging_mixin.py:188} INFO - [2026-05-09T01:50:13.195+0000] {dag.py:3096} INFO - Sync 1 DAGs
[2026-05-09T01:50:13.217+0000] {logging_mixin.py:188} INFO - [2026-05-09T01:50:13.217+0000] {dag.py:3954} INFO - Setting next_dagrun for newyork_fhv_quality_check to None, run_after=None
[2026-05-09T01:50:13.252+0000] {processor.py:183} INFO - Processing /opt/airflow/dags/newyork_fhv_quality_check.py took 0.189 seconds
[2026-05-09T01:50:43.452+0000] {processor.py:161} INFO - Started process (PID=2407) to work on /opt/airflow/dags/newyork_fhv_quality_check.py
[2026-05-09T01:50:43.454+0000] {processor.py:830} INFO - Processing file /opt/airflow/dags/newyork_fhv_quality_check.py for tasks to queue
[2026-05-09T01:50:43.458+0000] {logging_mixin.py:188} INFO - [2026-05-09T01:50:43.458+0000] {dagbag.py:545} INFO - Filling up the DagBag from /opt/airflow/dags/newyork_fhv_quality_check.py
[2026-05-09T01:50:43.503+0000] {processor.py:840} INFO - DAG(s) 'newyork_fhv_quality_check' retrieved from /opt/airflow/dags/newyork_fhv_quality_check.py
[2026-05-09T01:50:43.538+0000] {logging_mixin.py:188} INFO - [2026-05-09T01:50:43.537+0000] {dag.py:3096} INFO - Sync 1 DAGs
[2026-05-09T01:50:43.562+0000] {logging_mixin.py:188} INFO - [2026-05-09T01:50:43.562+0000] {dag.py:3954} INFO - Setting next_dagrun for newyork_fhv_quality_check to None, run_after=None
[2026-05-09T01:50:43.605+0000] {processor.py:183} INFO - Processing /opt/airflow/dags/newyork_fhv_quality_check.py took 0.166 seconds
[2026-05-09T01:51:13.739+0000] {processor.py:161} INFO - Started process (PID=2418) to work on /opt/airflow/dags/newyork_fhv_quality_check.py
[2026-05-09T01:51:13.742+0000] {processor.py:830} INFO - Processing file /opt/airflow/dags/newyork_fhv_quality_check.py for tasks to queue
[2026-05-09T01:51:13.747+0000] {logging_mixin.py:188} INFO - [2026-05-09T01:51:13.747+0000] {dagbag.py:545} INFO - Filling up the DagBag from /opt/airflow/dags/newyork_fhv_quality_check.py
[2026-05-09T01:51:13.808+0000] {processor.py:840} INFO - DAG(s) 'newyork_fhv_quality_check' retrieved from /opt/airflow/dags/newyork_fhv_quality_check.py
[2026-05-09T01:51:13.858+0000] {logging_mixin.py:188} INFO - [2026-05-09T01:51:13.857+0000] {dag.py:3096} INFO - Sync 1 DAGs
[2026-05-09T01:51:13.884+0000] {logging_mixin.py:188} INFO - [2026-05-09T01:51:13.884+0000] {dag.py:3954} INFO - Setting next_dagrun for newyork_fhv_quality_check to None, run_after=None
[2026-05-09T01:51:13.933+0000] {processor.py:183} INFO - Processing /opt/airflow/dags/newyork_fhv_quality_check.py took 0.203 seconds
[2026-05-09T01:51:44.163+0000] {processor.py:161} INFO - Started process (PID=2429) to work on /opt/airflow/dags/newyork_fhv_quality_check.py
[2026-05-09T01:51:44.165+0000] {processor.py:830} INFO - Processing file /opt/airflow/dags/newyork_fhv_quality_check.py for tasks to queue
[2026-05-09T01:51:44.170+0000] {logging_mixin.py:188} INFO - [2026-05-09T01:51:44.170+0000] {dagbag.py:545} INFO - Filling up the DagBag from /opt/airflow/dags/newyork_fhv_quality_check.py
[2026-05-09T01:51:44.218+0000] {processor.py:840} INFO - DAG(s) 'newyork_fhv_quality_check' retrieved from /opt/airflow/dags/newyork_fhv_quality_check.py
[2026-05-09T01:51:44.256+0000] {logging_mixin.py:188} INFO - [2026-05-09T01:51:44.256+0000] {dag.py:3096} INFO - Sync 1 DAGs
[2026-05-09T01:51:44.275+0000] {logging_mixin.py:188} INFO - [2026-05-09T01:51:44.275+0000] {dag.py:3954} INFO - Setting next_dagrun for newyork_fhv_quality_check to None, run_after=None
[2026-05-09T01:51:44.311+0000] {processor.py:183} INFO - Processing /opt/airflow/dags/newyork_fhv_quality_check.py took 0.159 seconds
[2026-05-09T01:52:14.481+0000] {processor.py:161} INFO - Started process (PID=2440) to work on /opt/airflow/dags/newyork_fhv_quality_check.py
[2026-05-09T01:52:14.483+0000] {processor.py:830} INFO - Processing file /opt/airflow/dags/newyork_fhv_quality_check.py for tasks to queue
[2026-05-09T01:52:14.485+0000] {logging_mixin.py:188} INFO - [2026-05-09T01:52:14.485+0000] {dagbag.py:545} INFO - Filling up the DagBag from /opt/airflow/dags/newyork_fhv_quality_check.py
[2026-05-09T01:52:14.537+0000] {processor.py:840} INFO - DAG(s) 'newyork_fhv_quality_check' retrieved from /opt/airflow/dags/newyork_fhv_quality_check.py
[2026-05-09T01:52:14.575+0000] {logging_mixin.py:188} INFO - [2026-05-09T01:52:14.575+0000] {dag.py:3096} INFO - Sync 1 DAGs
[2026-05-09T01:52:14.602+0000] {logging_mixin.py:188} INFO - [2026-05-09T01:52:14.601+0000] {dag.py:3954} INFO - Setting next_dagrun for newyork_fhv_quality_check to None, run_after=None
[2026-05-09T01:52:14.640+0000] {processor.py:183} INFO - Processing /opt/airflow/dags/newyork_fhv_quality_check.py took 0.166 seconds
[2026-05-09T01:52:45.511+0000] {processor.py:161} INFO - Started process (PID=2451) to work on /opt/airflow/dags/newyork_fhv_quality_check.py
[2026-05-09T01:52:45.512+0000] {processor.py:830} INFO - Processing file /opt/airflow/dags/newyork_fhv_quality_check.py for tasks to queue
[2026-05-09T01:52:45.515+0000] {logging_mixin.py:188} INFO - [2026-05-09T01:52:45.515+0000] {dagbag.py:545} INFO - Filling up the DagBag from /opt/airflow/dags/newyork_fhv_quality_check.py
[2026-05-09T01:52:45.554+0000] {processor.py:840} INFO - DAG(s) 'newyork_fhv_quality_check' retrieved from /opt/airflow/dags/newyork_fhv_quality_check.py
[2026-05-09T01:52:45.594+0000] {logging_mixin.py:188} INFO - [2026-05-09T01:52:45.593+0000] {dag.py:3096} INFO - Sync 1 DAGs
[2026-05-09T01:52:45.614+0000] {logging_mixin.py:188} INFO - [2026-05-09T01:52:45.613+0000] {dag.py:3954} INFO - Setting next_dagrun for newyork_fhv_quality_check to None, run_after=None
[2026-05-09T01:52:45.654+0000] {processor.py:183} INFO - Processing /opt/airflow/dags/newyork_fhv_quality_check.py took 0.156 seconds
[2026-05-09T01:53:15.925+0000] {processor.py:161} INFO - Started process (PID=2462) to work on /opt/airflow/dags/newyork_fhv_quality_check.py
[2026-05-09T01:53:15.927+0000] {processor.py:830} INFO - Processing file /opt/airflow/dags/newyork_fhv_quality_check.py for tasks to queue
[2026-05-09T01:53:15.931+0000] {logging_mixin.py:188} INFO - [2026-05-09T01:53:15.930+0000] {dagbag.py:545} INFO - Filling up the DagBag from /opt/airflow/dags/newyork_fhv_quality_check.py
[2026-05-09T01:53:15.975+0000] {processor.py:840} INFO - DAG(s) 'newyork_fhv_quality_check' retrieved from /opt/airflow/dags/newyork_fhv_quality_check.py
[2026-05-09T01:53:16.015+0000] {logging_mixin.py:188} INFO - [2026-05-09T01:53:16.015+0000] {dag.py:3096} INFO - Sync 1 DAGs
[2026-05-09T01:53:16.032+0000] {logging_mixin.py:188} INFO - [2026-05-09T01:53:16.032+0000] {dag.py:3954} INFO - Setting next_dagrun for newyork_fhv_quality_check to None, run_after=None
[2026-05-09T01:53:16.066+0000] {processor.py:183} INFO - Processing /opt/airflow/dags/newyork_fhv_quality_check.py took 0.152 seconds
[2026-05-09T01:53:46.310+0000] {processor.py:161} INFO - Started process (PID=2473) to work on /opt/airflow/dags/newyork_fhv_quality_check.py
[2026-05-09T01:53:46.312+0000] {processor.py:830} INFO - Processing file /opt/airflow/dags/newyork_fhv_quality_check.py for tasks to queue
[2026-05-09T01:53:46.316+0000] {logging_mixin.py:188} INFO - [2026-05-09T01:53:46.315+0000] {dagbag.py:545} INFO - Filling up the DagBag from /opt/airflow/dags/newyork_fhv_quality_check.py
[2026-05-09T01:53:46.348+0000] {processor.py:840} INFO - DAG(s) 'newyork_fhv_quality_check' retrieved from /opt/airflow/dags/newyork_fhv_quality_check.py
[2026-05-09T01:53:46.381+0000] {logging_mixin.py:188} INFO - [2026-05-09T01:53:46.380+0000] {dag.py:3096} INFO - Sync 1 DAGs
[2026-05-09T01:53:46.395+0000] {logging_mixin.py:188} INFO - [2026-05-09T01:53:46.394+0000] {dag.py:3954} INFO - Setting next_dagrun for newyork_fhv_quality_check to None, run_after=None
[2026-05-09T01:53:46.422+0000] {processor.py:183} INFO - Processing /opt/airflow/dags/newyork_fhv_quality_check.py took 0.124 seconds
[2026-05-09T01:54:16.851+0000] {processor.py:161} INFO - Started process (PID=2484) to work on /opt/airflow/dags/newyork_fhv_quality_check.py
[2026-05-09T01:54:16.854+0000] {processor.py:830} INFO - Processing file /opt/airflow/dags/newyork_fhv_quality_check.py for tasks to queue
[2026-05-09T01:54:16.858+0000] {logging_mixin.py:188} INFO - [2026-05-09T01:54:16.858+0000] {dagbag.py:545} INFO - Filling up the DagBag from /opt/airflow/dags/newyork_fhv_quality_check.py
[2026-05-09T01:54:16.905+0000] {processor.py:840} INFO - DAG(s) 'newyork_fhv_quality_check' retrieved from /opt/airflow/dags/newyork_fhv_quality_check.py
[2026-05-09T01:54:16.937+0000] {logging_mixin.py:188} INFO - [2026-05-09T01:54:16.936+0000] {dag.py:3096} INFO - Sync 1 DAGs
[2026-05-09T01:54:16.953+0000] {logging_mixin.py:188} INFO - [2026-05-09T01:54:16.953+0000] {dag.py:3954} INFO - Setting next_dagrun for newyork_fhv_quality_check to None, run_after=None
[2026-05-09T01:54:16.983+0000] {processor.py:183} INFO - Processing /opt/airflow/dags/newyork_fhv_quality_check.py took 0.141 seconds
[2026-05-09T01:54:47.138+0000] {processor.py:161} INFO - Started process (PID=2495) to work on /opt/airflow/dags/newyork_fhv_quality_check.py
[2026-05-09T01:54:47.140+0000] {processor.py:830} INFO - Processing file /opt/airflow/dags/newyork_fhv_quality_check.py for tasks to queue
[2026-05-09T01:54:47.144+0000] {logging_mixin.py:188} INFO - [2026-05-09T01:54:47.144+0000] {dagbag.py:545} INFO - Filling up the DagBag from /opt/airflow/dags/newyork_fhv_quality_check.py
[2026-05-09T01:54:47.196+0000] {processor.py:840} INFO - DAG(s) 'newyork_fhv_quality_check' retrieved from /opt/airflow/dags/newyork_fhv_quality_check.py
[2026-05-09T01:54:47.228+0000] {logging_mixin.py:188} INFO - [2026-05-09T01:54:47.228+0000] {dag.py:3096} INFO - Sync 1 DAGs
[2026-05-09T01:54:47.254+0000] {logging_mixin.py:188} INFO - [2026-05-09T01:54:47.254+0000] {dag.py:3954} INFO - Setting next_dagrun for newyork_fhv_quality_check to None, run_after=None
[2026-05-09T01:54:47.294+0000] {processor.py:183} INFO - Processing /opt/airflow/dags/newyork_fhv_quality_check.py took 0.168 seconds
[2026-05-09T01:55:17.696+0000] {processor.py:161} INFO - Started process (PID=2506) to work on /opt/airflow/dags/newyork_fhv_quality_check.py
[2026-05-09T01:55:17.699+0000] {processor.py:830} INFO - Processing file /opt/airflow/dags/newyork_fhv_quality_check.py for tasks to queue
[2026-05-09T01:55:17.703+0000] {logging_mixin.py:188} INFO - [2026-05-09T01:55:17.702+0000] {dagbag.py:545} INFO - Filling up the DagBag from /opt/airflow/dags/newyork_fhv_quality_check.py
[2026-05-09T01:55:17.744+0000] {processor.py:840} INFO - DAG(s) 'newyork_fhv_quality_check' retrieved from /opt/airflow/dags/newyork_fhv_quality_check.py
[2026-05-09T01:55:17.782+0000] {logging_mixin.py:188} INFO - [2026-05-09T01:55:17.782+0000] {dag.py:3096} INFO - Sync 1 DAGs
[2026-05-09T01:55:17.803+0000] {logging_mixin.py:188} INFO - [2026-05-09T01:55:17.802+0000] {dag.py:3954} INFO - Setting next_dagrun for newyork_fhv_quality_check to None, run_after=None
[2026-05-09T01:55:17.842+0000] {processor.py:183} INFO - Processing /opt/airflow/dags/newyork_fhv_quality_check.py took 0.157 seconds
[2026-05-09T01:55:48.101+0000] {processor.py:161} INFO - Started process (PID=2517) to work on /opt/airflow/dags/newyork_fhv_quality_check.py
[2026-05-09T01:55:48.103+0000] {processor.py:830} INFO - Processing file /opt/airflow/dags/newyork_fhv_quality_check.py for tasks to queue
[2026-05-09T01:55:48.106+0000] {logging_mixin.py:188} INFO - [2026-05-09T01:55:48.106+0000] {dagbag.py:545} INFO - Filling up the DagBag from /opt/airflow/dags/newyork_fhv_quality_check.py
[2026-05-09T01:55:48.146+0000] {processor.py:840} INFO - DAG(s) 'newyork_fhv_quality_check' retrieved from /opt/airflow/dags/newyork_fhv_quality_check.py
[2026-05-09T01:55:48.184+0000] {logging_mixin.py:188} INFO - [2026-05-09T01:55:48.184+0000] {dag.py:3096} INFO - Sync 1 DAGs
[2026-05-09T01:55:48.201+0000] {logging_mixin.py:188} INFO - [2026-05-09T01:55:48.200+0000] {dag.py:3954} INFO - Setting next_dagrun for newyork_fhv_quality_check to None, run_after=None
[2026-05-09T01:55:48.226+0000] {processor.py:183} INFO - Processing /opt/airflow/dags/newyork_fhv_quality_check.py took 0.133 seconds
[2026-05-09T01:56:18.511+0000] {processor.py:161} INFO - Started process (PID=2528) to work on /opt/airflow/dags/newyork_fhv_quality_check.py
[2026-05-09T01:56:18.513+0000] {processor.py:830} INFO - Processing file /opt/airflow/dags/newyork_fhv_quality_check.py for tasks to queue
[2026-05-09T01:56:18.517+0000] {logging_mixin.py:188} INFO - [2026-05-09T01:56:18.516+0000] {dagbag.py:545} INFO - Filling up the DagBag from /opt/airflow/dags/newyork_fhv_quality_check.py
[2026-05-09T01:56:18.569+0000] {processor.py:840} INFO - DAG(s) 'newyork_fhv_quality_check' retrieved from /opt/airflow/dags/newyork_fhv_quality_check.py
[2026-05-09T01:56:18.604+0000] {logging_mixin.py:188} INFO - [2026-05-09T01:56:18.604+0000] {dag.py:3096} INFO - Sync 1 DAGs
[2026-05-09T01:56:18.625+0000] {logging_mixin.py:188} INFO - [2026-05-09T01:56:18.625+0000] {dag.py:3954} INFO - Setting next_dagrun for newyork_fhv_quality_check to None, run_after=None
[2026-05-09T01:56:18.656+0000] {processor.py:183} INFO - Processing /opt/airflow/dags/newyork_fhv_quality_check.py took 0.155 seconds
[2026-05-09T01:56:48.891+0000] {processor.py:161} INFO - Started process (PID=2539) to work on /opt/airflow/dags/newyork_fhv_quality_check.py
[2026-05-09T01:56:48.894+0000] {processor.py:830} INFO - Processing file /opt/airflow/dags/newyork_fhv_quality_check.py for tasks to queue
[2026-05-09T01:56:48.900+0000] {logging_mixin.py:188} INFO - [2026-05-09T01:56:48.899+0000] {dagbag.py:545} INFO - Filling up the DagBag from /opt/airflow/dags/newyork_fhv_quality_check.py
[2026-05-09T01:56:48.969+0000] {processor.py:840} INFO - DAG(s) 'newyork_fhv_quality_check' retrieved from /opt/airflow/dags/newyork_fhv_quality_check.py
[2026-05-09T01:56:49.012+0000] {logging_mixin.py:188} INFO - [2026-05-09T01:56:49.011+0000] {dag.py:3096} INFO - Sync 1 DAGs
[2026-05-09T01:56:49.039+0000] {logging_mixin.py:188} INFO - [2026-05-09T01:56:49.039+0000] {dag.py:3954} INFO - Setting next_dagrun for newyork_fhv_quality_check to None, run_after=None
[2026-05-09T01:56:49.082+0000] {processor.py:183} INFO - Processing /opt/airflow/dags/newyork_fhv_quality_check.py took 0.203 seconds
[2026-05-09T01:57:19.245+0000] {processor.py:161} INFO - Started process (PID=2550) to work on /opt/airflow/dags/newyork_fhv_quality_check.py
[2026-05-09T01:57:21.888+0000] {processor.py:830} INFO - Processing file /opt/airflow/dags/newyork_fhv_quality_check.py for tasks to queue
[2026-05-09T01:57:21.896+0000] {logging_mixin.py:188} INFO - [2026-05-09T01:57:21.895+0000] {dagbag.py:545} INFO - Filling up the DagBag from /opt/airflow/dags/newyork_fhv_quality_check.py
[2026-05-09T01:57:21.945+0000] {processor.py:840} INFO - DAG(s) 'newyork_fhv_quality_check' retrieved from /opt/airflow/dags/newyork_fhv_quality_check.py
[2026-05-09T01:57:21.976+0000] {logging_mixin.py:188} INFO - [2026-05-09T01:57:21.976+0000] {dag.py:3096} INFO - Sync 1 DAGs
[2026-05-09T01:57:21.994+0000] {logging_mixin.py:188} INFO - [2026-05-09T01:57:21.993+0000] {dag.py:3954} INFO - Setting next_dagrun for newyork_fhv_quality_check to None, run_after=None
[2026-05-09T01:57:22.148+0000] {processor.py:183} INFO - Processing /opt/airflow/dags/newyork_fhv_quality_check.py took 2.912 seconds
[2026-05-09T01:57:53.037+0000] {processor.py:161} INFO - Started process (PID=2561) to work on /opt/airflow/dags/newyork_fhv_quality_check.py
[2026-05-09T01:57:53.038+0000] {processor.py:830} INFO - Processing file /opt/airflow/dags/newyork_fhv_quality_check.py for tasks to queue
[2026-05-09T01:57:53.041+0000] {logging_mixin.py:188} INFO - [2026-05-09T01:57:53.041+0000] {dagbag.py:545} INFO - Filling up the DagBag from /opt/airflow/dags/newyork_fhv_quality_check.py
[2026-05-09T01:57:53.079+0000] {processor.py:840} INFO - DAG(s) 'newyork_fhv_quality_check' retrieved from /opt/airflow/dags/newyork_fhv_quality_check.py
[2026-05-09T01:57:53.111+0000] {logging_mixin.py:188} INFO - [2026-05-09T01:57:53.110+0000] {dag.py:3096} INFO - Sync 1 DAGs
[2026-05-09T01:57:53.127+0000] {logging_mixin.py:188} INFO - [2026-05-09T01:57:53.126+0000] {dag.py:3954} INFO - Setting next_dagrun for newyork_fhv_quality_check to None, run_after=None
[2026-05-09T01:57:53.163+0000] {processor.py:183} INFO - Processing /opt/airflow/dags/newyork_fhv_quality_check.py took 0.135 seconds
[2026-05-09T01:58:24.157+0000] {processor.py:161} INFO - Started process (PID=2572) to work on /opt/airflow/dags/newyork_fhv_quality_check.py
[2026-05-09T01:58:24.159+0000] {processor.py:830} INFO - Processing file /opt/airflow/dags/newyork_fhv_quality_check.py for tasks to queue
[2026-05-09T01:58:24.162+0000] {logging_mixin.py:188} INFO - [2026-05-09T01:58:24.161+0000] {dagbag.py:545} INFO - Filling up the DagBag from /opt/airflow/dags/newyork_fhv_quality_check.py
[2026-05-09T01:58:24.194+0000] {processor.py:840} INFO - DAG(s) 'newyork_fhv_quality_check' retrieved from /opt/airflow/dags/newyork_fhv_quality_check.py
[2026-05-09T01:58:24.222+0000] {logging_mixin.py:188} INFO - [2026-05-09T01:58:24.222+0000] {dag.py:3096} INFO - Sync 1 DAGs
[2026-05-09T01:58:24.239+0000] {logging_mixin.py:188} INFO - [2026-05-09T01:58:24.239+0000] {dag.py:3954} INFO - Setting next_dagrun for newyork_fhv_quality_check to None, run_after=None
[2026-05-09T01:58:24.265+0000] {processor.py:183} INFO - Processing /opt/airflow/dags/newyork_fhv_quality_check.py took 0.114 seconds
[2026-05-09T01:58:54.503+0000] {processor.py:161} INFO - Started process (PID=2584) to work on /opt/airflow/dags/newyork_fhv_quality_check.py
[2026-05-09T01:58:54.506+0000] {processor.py:830} INFO - Processing file /opt/airflow/dags/newyork_fhv_quality_check.py for tasks to queue
[2026-05-09T01:58:54.509+0000] {logging_mixin.py:188} INFO - [2026-05-09T01:58:54.509+0000] {dagbag.py:545} INFO - Filling up the DagBag from /opt/airflow/dags/newyork_fhv_quality_check.py
[2026-05-09T01:58:54.550+0000] {processor.py:840} INFO - DAG(s) 'newyork_fhv_quality_check' retrieved from /opt/airflow/dags/newyork_fhv_quality_check.py
[2026-05-09T01:58:54.580+0000] {logging_mixin.py:188} INFO - [2026-05-09T01:58:54.580+0000] {dag.py:3096} INFO - Sync 1 DAGs
[2026-05-09T01:58:54.596+0000] {logging_mixin.py:188} INFO - [2026-05-09T01:58:54.596+0000] {dag.py:3954} INFO - Setting next_dagrun for newyork_fhv_quality_check to None, run_after=None
[2026-05-09T01:58:54.626+0000] {processor.py:183} INFO - Processing /opt/airflow/dags/newyork_fhv_quality_check.py took 0.131 seconds
[2026-05-09T01:59:25.067+0000] {processor.py:161} INFO - Started process (PID=2595) to work on /opt/airflow/dags/newyork_fhv_quality_check.py
[2026-05-09T01:59:25.069+0000] {processor.py:830} INFO - Processing file /opt/airflow/dags/newyork_fhv_quality_check.py for tasks to queue
[2026-05-09T01:59:25.072+0000] {logging_mixin.py:188} INFO - [2026-05-09T01:59:25.071+0000] {dagbag.py:545} INFO - Filling up the DagBag from /opt/airflow/dags/newyork_fhv_quality_check.py
[2026-05-09T01:59:25.115+0000] {processor.py:840} INFO - DAG(s) 'newyork_fhv_quality_check' retrieved from /opt/airflow/dags/newyork_fhv_quality_check.py
[2026-05-09T01:59:25.158+0000] {logging_mixin.py:188} INFO - [2026-05-09T01:59:25.157+0000] {dag.py:3096} INFO - Sync 1 DAGs
[2026-05-09T01:59:25.183+0000] {logging_mixin.py:188} INFO - [2026-05-09T01:59:25.182+0000] {dag.py:3954} INFO - Setting next_dagrun for newyork_fhv_quality_check to None, run_after=None
[2026-05-09T01:59:25.206+0000] {processor.py:183} INFO - Processing /opt/airflow/dags/newyork_fhv_quality_check.py took 0.149 seconds
[2026-05-09T02:00:19.383+0000] {processor.py:161} INFO - Started process (PID=2606) to work on /opt/airflow/dags/newyork_fhv_quality_check.py
[2026-05-09T02:00:19.390+0000] {processor.py:830} INFO - Processing file /opt/airflow/dags/newyork_fhv_quality_check.py for tasks to queue
[2026-05-09T02:00:19.400+0000] {logging_mixin.py:188} INFO - [2026-05-09T02:00:19.399+0000] {dagbag.py:545} INFO - Filling up the DagBag from /opt/airflow/dags/newyork_fhv_quality_check.py
[2026-05-09T02:00:19.573+0000] {processor.py:840} INFO - DAG(s) 'newyork_fhv_quality_check' retrieved from /opt/airflow/dags/newyork_fhv_quality_check.py
[2026-05-09T02:00:19.604+0000] {logging_mixin.py:188} INFO - [2026-05-09T02:00:19.604+0000] {dag.py:3096} INFO - Sync 1 DAGs
[2026-05-09T02:00:19.621+0000] {logging_mixin.py:188} INFO - [2026-05-09T02:00:19.621+0000] {dag.py:3954} INFO - Setting next_dagrun for newyork_fhv_quality_check to None, run_after=None
[2026-05-09T02:00:19.660+0000] {processor.py:183} INFO - Processing /opt/airflow/dags/newyork_fhv_quality_check.py took 0.284 seconds
[2026-05-09T02:00:49.953+0000] {processor.py:161} INFO - Started process (PID=2617) to work on /opt/airflow/dags/newyork_fhv_quality_check.py
[2026-05-09T02:00:49.954+0000] {processor.py:830} INFO - Processing file /opt/airflow/dags/newyork_fhv_quality_check.py for tasks to queue
[2026-05-09T02:00:49.957+0000] {logging_mixin.py:188} INFO - [2026-05-09T02:00:49.956+0000] {dagbag.py:545} INFO - Filling up the DagBag from /opt/airflow/dags/newyork_fhv_quality_check.py
[2026-05-09T02:00:49.979+0000] {processor.py:840} INFO - DAG(s) 'newyork_fhv_quality_check' retrieved from /opt/airflow/dags/newyork_fhv_quality_check.py
[2026-05-09T02:00:50.002+0000] {logging_mixin.py:188} INFO - [2026-05-09T02:00:50.002+0000] {dag.py:3096} INFO - Sync 1 DAGs
[2026-05-09T02:00:50.013+0000] {logging_mixin.py:188} INFO - [2026-05-09T02:00:50.013+0000] {dag.py:3954} INFO - Setting next_dagrun for newyork_fhv_quality_check to None, run_after=None
[2026-05-09T02:00:50.036+0000] {processor.py:183} INFO - Processing /opt/airflow/dags/newyork_fhv_quality_check.py took 0.088 seconds
[2026-05-09T02:01:20.514+0000] {processor.py:161} INFO - Started process (PID=2628) to work on /opt/airflow/dags/newyork_fhv_quality_check.py
[2026-05-09T02:01:20.515+0000] {processor.py:830} INFO - Processing file /opt/airflow/dags/newyork_fhv_quality_check.py for tasks to queue
[2026-05-09T02:01:20.517+0000] {logging_mixin.py:188} INFO - [2026-05-09T02:01:20.516+0000] {dagbag.py:545} INFO - Filling up the DagBag from /opt/airflow/dags/newyork_fhv_quality_check.py
[2026-05-09T02:01:20.535+0000] {processor.py:840} INFO - DAG(s) 'newyork_fhv_quality_check' retrieved from /opt/airflow/dags/newyork_fhv_quality_check.py
[2026-05-09T02:01:20.555+0000] {logging_mixin.py:188} INFO - [2026-05-09T02:01:20.555+0000] {dag.py:3096} INFO - Sync 1 DAGs
[2026-05-09T02:01:20.568+0000] {logging_mixin.py:188} INFO - [2026-05-09T02:01:20.568+0000] {dag.py:3954} INFO - Setting next_dagrun for newyork_fhv_quality_check to None, run_after=None
[2026-05-09T02:01:20.603+0000] {processor.py:183} INFO - Processing /opt/airflow/dags/newyork_fhv_quality_check.py took 0.094 seconds
[2026-05-09T02:01:51.154+0000] {processor.py:161} INFO - Started process (PID=2639) to work on /opt/airflow/dags/newyork_fhv_quality_check.py
[2026-05-09T02:01:51.156+0000] {processor.py:830} INFO - Processing file /opt/airflow/dags/newyork_fhv_quality_check.py for tasks to queue
[2026-05-09T02:01:51.159+0000] {logging_mixin.py:188} INFO - [2026-05-09T02:01:51.158+0000] {dagbag.py:545} INFO - Filling up the DagBag from /opt/airflow/dags/newyork_fhv_quality_check.py
[2026-05-09T02:01:51.189+0000] {processor.py:840} INFO - DAG(s) 'newyork_fhv_quality_check' retrieved from /opt/airflow/dags/newyork_fhv_quality_check.py
[2026-05-09T02:01:51.214+0000] {logging_mixin.py:188} INFO - [2026-05-09T02:01:51.214+0000] {dag.py:3096} INFO - Sync 1 DAGs
[2026-05-09T02:01:51.229+0000] {logging_mixin.py:188} INFO - [2026-05-09T02:01:51.228+0000] {dag.py:3954} INFO - Setting next_dagrun for newyork_fhv_quality_check to None, run_after=None
[2026-05-09T02:01:51.257+0000] {processor.py:183} INFO - Processing /opt/airflow/dags/newyork_fhv_quality_check.py took 0.111 seconds
[2026-05-09T02:02:22.068+0000] {processor.py:161} INFO - Started process (PID=2650) to work on /opt/airflow/dags/newyork_fhv_quality_check.py
[2026-05-09T02:02:22.070+0000] {processor.py:830} INFO - Processing file /opt/airflow/dags/newyork_fhv_quality_check.py for tasks to queue
[2026-05-09T02:02:22.075+0000] {logging_mixin.py:188} INFO - [2026-05-09T02:02:22.074+0000] {dagbag.py:545} INFO - Filling up the DagBag from /opt/airflow/dags/newyork_fhv_quality_check.py
[2026-05-09T02:02:22.104+0000] {processor.py:840} INFO - DAG(s) 'newyork_fhv_quality_check' retrieved from /opt/airflow/dags/newyork_fhv_quality_check.py
[2026-05-09T02:02:22.130+0000] {logging_mixin.py:188} INFO - [2026-05-09T02:02:22.130+0000] {dag.py:3096} INFO - Sync 1 DAGs
[2026-05-09T02:02:22.151+0000] {logging_mixin.py:188} INFO - [2026-05-09T02:02:22.150+0000] {dag.py:3954} INFO - Setting next_dagrun for newyork_fhv_quality_check to None, run_after=None
[2026-05-09T02:02:22.184+0000] {processor.py:183} INFO - Processing /opt/airflow/dags/newyork_fhv_quality_check.py took 0.125 seconds
[2026-05-09T02:02:52.442+0000] {processor.py:161} INFO - Started process (PID=2661) to work on /opt/airflow/dags/newyork_fhv_quality_check.py
[2026-05-09T02:02:52.444+0000] {processor.py:830} INFO - Processing file /opt/airflow/dags/newyork_fhv_quality_check.py for tasks to queue
[2026-05-09T02:02:52.447+0000] {logging_mixin.py:188} INFO - [2026-05-09T02:02:52.446+0000] {dagbag.py:545} INFO - Filling up the DagBag from /opt/airflow/dags/newyork_fhv_quality_check.py
[2026-05-09T02:02:52.486+0000] {processor.py:840} INFO - DAG(s) 'newyork_fhv_quality_check' retrieved from /opt/airflow/dags/newyork_fhv_quality_check.py
[2026-05-09T02:02:52.515+0000] {logging_mixin.py:188} INFO - [2026-05-09T02:02:52.514+0000] {dag.py:3096} INFO - Sync 1 DAGs
[2026-05-09T02:02:52.530+0000] {logging_mixin.py:188} INFO - [2026-05-09T02:02:52.529+0000] {dag.py:3954} INFO - Setting next_dagrun for newyork_fhv_quality_check to None, run_after=None
[2026-05-09T02:02:52.554+0000] {processor.py:183} INFO - Processing /opt/airflow/dags/newyork_fhv_quality_check.py took 0.120 seconds
[2026-05-09T02:03:22.802+0000] {processor.py:161} INFO - Started process (PID=2672) to work on /opt/airflow/dags/newyork_fhv_quality_check.py
[2026-05-09T02:03:22.804+0000] {processor.py:830} INFO - Processing file /opt/airflow/dags/newyork_fhv_quality_check.py for tasks to queue
[2026-05-09T02:03:22.807+0000] {logging_mixin.py:188} INFO - [2026-05-09T02:03:22.807+0000] {dagbag.py:545} INFO - Filling up the DagBag from /opt/airflow/dags/newyork_fhv_quality_check.py
[2026-05-09T02:03:22.839+0000] {processor.py:840} INFO - DAG(s) 'newyork_fhv_quality_check' retrieved from /opt/airflow/dags/newyork_fhv_quality_check.py
[2026-05-09T02:03:22.868+0000] {logging_mixin.py:188} INFO - [2026-05-09T02:03:22.867+0000] {dag.py:3096} INFO - Sync 1 DAGs
[2026-05-09T02:03:22.884+0000] {logging_mixin.py:188} INFO - [2026-05-09T02:03:22.884+0000] {dag.py:3954} INFO - Setting next_dagrun for newyork_fhv_quality_check to None, run_after=None
[2026-05-09T02:03:22.918+0000] {processor.py:183} INFO - Processing /opt/airflow/dags/newyork_fhv_quality_check.py took 0.122 seconds
[2026-05-09T02:03:53.070+0000] {processor.py:161} INFO - Started process (PID=2683) to work on /opt/airflow/dags/newyork_fhv_quality_check.py
[2026-05-09T02:03:53.071+0000] {processor.py:830} INFO - Processing file /opt/airflow/dags/newyork_fhv_quality_check.py for tasks to queue
[2026-05-09T02:03:53.074+0000] {logging_mixin.py:188} INFO - [2026-05-09T02:03:53.074+0000] {dagbag.py:545} INFO - Filling up the DagBag from /opt/airflow/dags/newyork_fhv_quality_check.py
[2026-05-09T02:03:53.100+0000] {processor.py:840} INFO - DAG(s) 'newyork_fhv_quality_check' retrieved from /opt/airflow/dags/newyork_fhv_quality_check.py
[2026-05-09T02:03:53.125+0000] {logging_mixin.py:188} INFO - [2026-05-09T02:03:53.124+0000] {dag.py:3096} INFO - Sync 1 DAGs
[2026-05-09T02:03:53.140+0000] {logging_mixin.py:188} INFO - [2026-05-09T02:03:53.139+0000] {dag.py:3954} INFO - Setting next_dagrun for newyork_fhv_quality_check to None, run_after=None
[2026-05-09T02:03:53.173+0000] {processor.py:183} INFO - Processing /opt/airflow/dags/newyork_fhv_quality_check.py took 0.110 seconds
[2026-05-09T02:04:23.431+0000] {processor.py:161} INFO - Started process (PID=2694) to work on /opt/airflow/dags/newyork_fhv_quality_check.py
[2026-05-09T02:04:23.433+0000] {processor.py:830} INFO - Processing file /opt/airflow/dags/newyork_fhv_quality_check.py for tasks to queue
[2026-05-09T02:04:23.437+0000] {logging_mixin.py:188} INFO - [2026-05-09T02:04:23.436+0000] {dagbag.py:545} INFO - Filling up the DagBag from /opt/airflow/dags/newyork_fhv_quality_check.py
[2026-05-09T02:04:23.490+0000] {processor.py:840} INFO - DAG(s) 'newyork_fhv_quality_check' retrieved from /opt/airflow/dags/newyork_fhv_quality_check.py
[2026-05-09T02:04:23.523+0000] {logging_mixin.py:188} INFO - [2026-05-09T02:04:23.522+0000] {dag.py:3096} INFO - Sync 1 DAGs
[2026-05-09T02:04:23.549+0000] {logging_mixin.py:188} INFO - [2026-05-09T02:04:23.549+0000] {dag.py:3954} INFO - Setting next_dagrun for newyork_fhv_quality_check to None, run_after=None
[2026-05-09T02:04:23.591+0000] {processor.py:183} INFO - Processing /opt/airflow/dags/newyork_fhv_quality_check.py took 0.170 seconds
[2026-05-09T02:04:53.771+0000] {processor.py:161} INFO - Started process (PID=2705) to work on /opt/airflow/dags/newyork_fhv_quality_check.py
[2026-05-09T02:04:53.773+0000] {processor.py:830} INFO - Processing file /opt/airflow/dags/newyork_fhv_quality_check.py for tasks to queue
[2026-05-09T02:04:53.776+0000] {logging_mixin.py:188} INFO - [2026-05-09T02:04:53.776+0000] {dagbag.py:545} INFO - Filling up the DagBag from /opt/airflow/dags/newyork_fhv_quality_check.py
[2026-05-09T02:04:53.833+0000] {processor.py:840} INFO - DAG(s) 'newyork_fhv_quality_check' retrieved from /opt/airflow/dags/newyork_fhv_quality_check.py
[2026-05-09T02:04:53.875+0000] {logging_mixin.py:188} INFO - [2026-05-09T02:04:53.874+0000] {dag.py:3096} INFO - Sync 1 DAGs
[2026-05-09T02:04:53.889+0000] {logging_mixin.py:188} INFO - [2026-05-09T02:04:53.889+0000] {dag.py:3954} INFO - Setting next_dagrun for newyork_fhv_quality_check to None, run_after=None
[2026-05-09T02:04:53.918+0000] {processor.py:183} INFO - Processing /opt/airflow/dags/newyork_fhv_quality_check.py took 0.157 seconds
[2026-05-09T02:05:24.072+0000] {processor.py:161} INFO - Started process (PID=2716) to work on /opt/airflow/dags/newyork_fhv_quality_check.py
[2026-05-09T02:05:24.074+0000] {processor.py:830} INFO - Processing file /opt/airflow/dags/newyork_fhv_quality_check.py for tasks to queue
[2026-05-09T02:05:24.077+0000] {logging_mixin.py:188} INFO - [2026-05-09T02:05:24.076+0000] {dagbag.py:545} INFO - Filling up the DagBag from /opt/airflow/dags/newyork_fhv_quality_check.py
[2026-05-09T02:05:24.125+0000] {processor.py:840} INFO - DAG(s) 'newyork_fhv_quality_check' retrieved from /opt/airflow/dags/newyork_fhv_quality_check.py
[2026-05-09T02:05:24.159+0000] {logging_mixin.py:188} INFO - [2026-05-09T02:05:24.159+0000] {dag.py:3096} INFO - Sync 1 DAGs
[2026-05-09T02:05:24.175+0000] {logging_mixin.py:188} INFO - [2026-05-09T02:05:24.174+0000] {dag.py:3954} INFO - Setting next_dagrun for newyork_fhv_quality_check to None, run_after=None
[2026-05-09T02:05:24.208+0000] {processor.py:183} INFO - Processing /opt/airflow/dags/newyork_fhv_quality_check.py took 0.147 seconds
[2026-05-09T02:05:54.319+0000] {processor.py:161} INFO - Started process (PID=2727) to work on /opt/airflow/dags/newyork_fhv_quality_check.py
[2026-05-09T02:05:54.321+0000] {processor.py:830} INFO - Processing file /opt/airflow/dags/newyork_fhv_quality_check.py for tasks to queue
[2026-05-09T02:05:54.324+0000] {logging_mixin.py:188} INFO - [2026-05-09T02:05:54.323+0000] {dagbag.py:545} INFO - Filling up the DagBag from /opt/airflow/dags/newyork_fhv_quality_check.py
[2026-05-09T02:05:54.365+0000] {processor.py:840} INFO - DAG(s) 'newyork_fhv_quality_check' retrieved from /opt/airflow/dags/newyork_fhv_quality_check.py
[2026-05-09T02:05:54.394+0000] {logging_mixin.py:188} INFO - [2026-05-09T02:05:54.393+0000] {dag.py:3096} INFO - Sync 1 DAGs
[2026-05-09T02:05:54.409+0000] {logging_mixin.py:188} INFO - [2026-05-09T02:05:54.409+0000] {dag.py:3954} INFO - Setting next_dagrun for newyork_fhv_quality_check to None, run_after=None
[2026-05-09T02:05:54.437+0000] {processor.py:183} INFO - Processing /opt/airflow/dags/newyork_fhv_quality_check.py took 0.124 seconds
[2026-05-09T02:06:25.178+0000] {processor.py:161} INFO - Started process (PID=2738) to work on /opt/airflow/dags/newyork_fhv_quality_check.py
[2026-05-09T02:06:25.180+0000] {processor.py:830} INFO - Processing file /opt/airflow/dags/newyork_fhv_quality_check.py for tasks to queue
[2026-05-09T02:06:25.182+0000] {logging_mixin.py:188} INFO - [2026-05-09T02:06:25.182+0000] {dagbag.py:545} INFO - Filling up the DagBag from /opt/airflow/dags/newyork_fhv_quality_check.py
[2026-05-09T02:06:25.220+0000] {processor.py:840} INFO - DAG(s) 'newyork_fhv_quality_check' retrieved from /opt/airflow/dags/newyork_fhv_quality_check.py
[2026-05-09T02:06:25.246+0000] {logging_mixin.py:188} INFO - [2026-05-09T02:06:25.245+0000] {dag.py:3096} INFO - Sync 1 DAGs
[2026-05-09T02:06:25.260+0000] {logging_mixin.py:188} INFO - [2026-05-09T02:06:25.259+0000] {dag.py:3954} INFO - Setting next_dagrun for newyork_fhv_quality_check to None, run_after=None
[2026-05-09T02:06:25.283+0000] {processor.py:183} INFO - Processing /opt/airflow/dags/newyork_fhv_quality_check.py took 0.115 seconds
[2026-05-09T02:06:56.189+0000] {processor.py:161} INFO - Started process (PID=2749) to work on /opt/airflow/dags/newyork_fhv_quality_check.py
[2026-05-09T02:06:56.191+0000] {processor.py:830} INFO - Processing file /opt/airflow/dags/newyork_fhv_quality_check.py for tasks to queue
[2026-05-09T02:06:56.195+0000] {logging_mixin.py:188} INFO - [2026-05-09T02:06:56.195+0000] {dagbag.py:545} INFO - Filling up the DagBag from /opt/airflow/dags/newyork_fhv_quality_check.py
[2026-05-09T02:06:56.237+0000] {processor.py:840} INFO - DAG(s) 'newyork_fhv_quality_check' retrieved from /opt/airflow/dags/newyork_fhv_quality_check.py
[2026-05-09T02:06:56.269+0000] {logging_mixin.py:188} INFO - [2026-05-09T02:06:56.268+0000] {dag.py:3096} INFO - Sync 1 DAGs
[2026-05-09T02:06:56.283+0000] {logging_mixin.py:188} INFO - [2026-05-09T02:06:56.283+0000] {dag.py:3954} INFO - Setting next_dagrun for newyork_fhv_quality_check to None, run_after=None
[2026-05-09T02:06:56.313+0000] {processor.py:183} INFO - Processing /opt/airflow/dags/newyork_fhv_quality_check.py took 0.136 seconds
[2026-05-09T02:07:27.293+0000] {processor.py:161} INFO - Started process (PID=2760) to work on /opt/airflow/dags/newyork_fhv_quality_check.py
[2026-05-09T02:07:27.295+0000] {processor.py:830} INFO - Processing file /opt/airflow/dags/newyork_fhv_quality_check.py for tasks to queue
[2026-05-09T02:07:27.299+0000] {logging_mixin.py:188} INFO - [2026-05-09T02:07:27.298+0000] {dagbag.py:545} INFO - Filling up the DagBag from /opt/airflow/dags/newyork_fhv_quality_check.py
[2026-05-09T02:07:27.352+0000] {processor.py:840} INFO - DAG(s) 'newyork_fhv_quality_check' retrieved from /opt/airflow/dags/newyork_fhv_quality_check.py
[2026-05-09T02:07:27.381+0000] {logging_mixin.py:188} INFO - [2026-05-09T02:07:27.381+0000] {dag.py:3096} INFO - Sync 1 DAGs
[2026-05-09T02:07:27.394+0000] {logging_mixin.py:188} INFO - [2026-05-09T02:07:27.394+0000] {dag.py:3954} INFO - Setting next_dagrun for newyork_fhv_quality_check to None, run_after=None
[2026-05-09T02:07:27.421+0000] {processor.py:183} INFO - Processing /opt/airflow/dags/newyork_fhv_quality_check.py took 0.137 seconds
[2026-05-09T02:07:57.596+0000] {processor.py:161} INFO - Started process (PID=2771) to work on /opt/airflow/dags/newyork_fhv_quality_check.py
[2026-05-09T02:07:57.599+0000] {processor.py:830} INFO - Processing file /opt/airflow/dags/newyork_fhv_quality_check.py for tasks to queue
[2026-05-09T02:07:57.605+0000] {logging_mixin.py:188} INFO - [2026-05-09T02:07:57.604+0000] {dagbag.py:545} INFO - Filling up the DagBag from /opt/airflow/dags/newyork_fhv_quality_check.py
[2026-05-09T02:07:57.655+0000] {processor.py:840} INFO - DAG(s) 'newyork_fhv_quality_check' retrieved from /opt/airflow/dags/newyork_fhv_quality_check.py
[2026-05-09T02:07:57.705+0000] {logging_mixin.py:188} INFO - [2026-05-09T02:07:57.704+0000] {dag.py:3096} INFO - Sync 1 DAGs
[2026-05-09T02:07:57.735+0000] {logging_mixin.py:188} INFO - [2026-05-09T02:07:57.734+0000] {dag.py:3954} INFO - Setting next_dagrun for newyork_fhv_quality_check to None, run_after=None
[2026-05-09T02:07:57.785+0000] {processor.py:183} INFO - Processing /opt/airflow/dags/newyork_fhv_quality_check.py took 0.202 seconds
[2026-05-09T02:08:28.710+0000] {processor.py:161} INFO - Started process (PID=2783) to work on /opt/airflow/dags/newyork_fhv_quality_check.py
[2026-05-09T02:08:28.712+0000] {processor.py:830} INFO - Processing file /opt/airflow/dags/newyork_fhv_quality_check.py for tasks to queue
[2026-05-09T02:08:28.714+0000] {logging_mixin.py:188} INFO - [2026-05-09T02:08:28.714+0000] {dagbag.py:545} INFO - Filling up the DagBag from /opt/airflow/dags/newyork_fhv_quality_check.py
[2026-05-09T02:08:28.754+0000] {processor.py:840} INFO - DAG(s) 'newyork_fhv_quality_check' retrieved from /opt/airflow/dags/newyork_fhv_quality_check.py
[2026-05-09T02:08:28.785+0000] {logging_mixin.py:188} INFO - [2026-05-09T02:08:28.784+0000] {dag.py:3096} INFO - Sync 1 DAGs
[2026-05-09T02:08:28.799+0000] {logging_mixin.py:188} INFO - [2026-05-09T02:08:28.798+0000] {dag.py:3954} INFO - Setting next_dagrun for newyork_fhv_quality_check to None, run_after=None
[2026-05-09T02:08:28.831+0000] {processor.py:183} INFO - Processing /opt/airflow/dags/newyork_fhv_quality_check.py took 0.128 seconds
[2026-05-09T02:08:59.431+0000] {processor.py:161} INFO - Started process (PID=2794) to work on /opt/airflow/dags/newyork_fhv_quality_check.py
[2026-05-09T02:08:59.433+0000] {processor.py:830} INFO - Processing file /opt/airflow/dags/newyork_fhv_quality_check.py for tasks to queue
[2026-05-09T02:08:59.437+0000] {logging_mixin.py:188} INFO - [2026-05-09T02:08:59.436+0000] {dagbag.py:545} INFO - Filling up the DagBag from /opt/airflow/dags/newyork_fhv_quality_check.py
[2026-05-09T02:08:59.483+0000] {processor.py:840} INFO - DAG(s) 'newyork_fhv_quality_check' retrieved from /opt/airflow/dags/newyork_fhv_quality_check.py
[2026-05-09T02:08:59.517+0000] {logging_mixin.py:188} INFO - [2026-05-09T02:08:59.517+0000] {dag.py:3096} INFO - Sync 1 DAGs
[2026-05-09T02:08:59.533+0000] {logging_mixin.py:188} INFO - [2026-05-09T02:08:59.533+0000] {dag.py:3954} INFO - Setting next_dagrun for newyork_fhv_quality_check to None, run_after=None
[2026-05-09T02:08:59.566+0000] {processor.py:183} INFO - Processing /opt/airflow/dags/newyork_fhv_quality_check.py took 0.147 seconds
[2026-05-09T02:09:30.413+0000] {processor.py:161} INFO - Started process (PID=2806) to work on /opt/airflow/dags/newyork_fhv_quality_check.py
[2026-05-09T02:09:30.415+0000] {processor.py:830} INFO - Processing file /opt/airflow/dags/newyork_fhv_quality_check.py for tasks to queue
[2026-05-09T02:09:30.418+0000] {logging_mixin.py:188} INFO - [2026-05-09T02:09:30.417+0000] {dagbag.py:545} INFO - Filling up the DagBag from /opt/airflow/dags/newyork_fhv_quality_check.py
[2026-05-09T02:09:30.452+0000] {processor.py:840} INFO - DAG(s) 'newyork_fhv_quality_check' retrieved from /opt/airflow/dags/newyork_fhv_quality_check.py
[2026-05-09T02:09:30.478+0000] {logging_mixin.py:188} INFO - [2026-05-09T02:09:30.477+0000] {dag.py:3096} INFO - Sync 1 DAGs
[2026-05-09T02:09:30.491+0000] {logging_mixin.py:188} INFO - [2026-05-09T02:09:30.490+0000] {dag.py:3954} INFO - Setting next_dagrun for newyork_fhv_quality_check to None, run_after=None
[2026-05-09T02:09:30.519+0000] {processor.py:183} INFO - Processing /opt/airflow/dags/newyork_fhv_quality_check.py took 0.113 seconds
[2026-05-09T02:10:01.219+0000] {processor.py:161} INFO - Started process (PID=2817) to work on /opt/airflow/dags/newyork_fhv_quality_check.py
[2026-05-09T02:10:01.220+0000] {processor.py:830} INFO - Processing file /opt/airflow/dags/newyork_fhv_quality_check.py for tasks to queue
[2026-05-09T02:10:01.224+0000] {logging_mixin.py:188} INFO - [2026-05-09T02:10:01.224+0000] {dagbag.py:545} INFO - Filling up the DagBag from /opt/airflow/dags/newyork_fhv_quality_check.py
[2026-05-09T02:10:01.264+0000] {processor.py:840} INFO - DAG(s) 'newyork_fhv_quality_check' retrieved from /opt/airflow/dags/newyork_fhv_quality_check.py
[2026-05-09T02:10:01.305+0000] {logging_mixin.py:188} INFO - [2026-05-09T02:10:01.305+0000] {dag.py:3096} INFO - Sync 1 DAGs
[2026-05-09T02:10:01.331+0000] {logging_mixin.py:188} INFO - [2026-05-09T02:10:01.330+0000] {dag.py:3954} INFO - Setting next_dagrun for newyork_fhv_quality_check to None, run_after=None
[2026-05-09T02:10:01.361+0000] {processor.py:183} INFO - Processing /opt/airflow/dags/newyork_fhv_quality_check.py took 0.150 seconds
[2026-05-09T02:10:32.280+0000] {processor.py:161} INFO - Started process (PID=2828) to work on /opt/airflow/dags/newyork_fhv_quality_check.py
[2026-05-09T02:10:32.282+0000] {processor.py:830} INFO - Processing file /opt/airflow/dags/newyork_fhv_quality_check.py for tasks to queue
[2026-05-09T02:10:32.285+0000] {logging_mixin.py:188} INFO - [2026-05-09T02:10:32.285+0000] {dagbag.py:545} INFO - Filling up the DagBag from /opt/airflow/dags/newyork_fhv_quality_check.py
[2026-05-09T02:10:32.337+0000] {processor.py:840} INFO - DAG(s) 'newyork_fhv_quality_check' retrieved from /opt/airflow/dags/newyork_fhv_quality_check.py
[2026-05-09T02:10:32.365+0000] {logging_mixin.py:188} INFO - [2026-05-09T02:10:32.365+0000] {dag.py:3096} INFO - Sync 1 DAGs
[2026-05-09T02:10:32.381+0000] {logging_mixin.py:188} INFO - [2026-05-09T02:10:32.380+0000] {dag.py:3954} INFO - Setting next_dagrun for newyork_fhv_quality_check to None, run_after=None
[2026-05-09T02:10:32.408+0000] {processor.py:183} INFO - Processing /opt/airflow/dags/newyork_fhv_quality_check.py took 0.137 seconds
[2026-05-09T02:11:03.230+0000] {processor.py:161} INFO - Started process (PID=2839) to work on /opt/airflow/dags/newyork_fhv_quality_check.py
[2026-05-09T02:11:03.232+0000] {processor.py:830} INFO - Processing file /opt/airflow/dags/newyork_fhv_quality_check.py for tasks to queue
[2026-05-09T02:11:03.235+0000] {logging_mixin.py:188} INFO - [2026-05-09T02:11:03.234+0000] {dagbag.py:545} INFO - Filling up the DagBag from /opt/airflow/dags/newyork_fhv_quality_check.py
[2026-05-09T02:11:03.277+0000] {processor.py:840} INFO - DAG(s) 'newyork_fhv_quality_check' retrieved from /opt/airflow/dags/newyork_fhv_quality_check.py
[2026-05-09T02:11:03.303+0000] {logging_mixin.py:188} INFO - [2026-05-09T02:11:03.303+0000] {dag.py:3096} INFO - Sync 1 DAGs
[2026-05-09T02:11:03.320+0000] {logging_mixin.py:188} INFO - [2026-05-09T02:11:03.320+0000] {dag.py:3954} INFO - Setting next_dagrun for newyork_fhv_quality_check to None, run_after=None
[2026-05-09T02:11:03.353+0000] {processor.py:183} INFO - Processing /opt/airflow/dags/newyork_fhv_quality_check.py took 0.134 seconds
[2026-05-09T02:11:34.212+0000] {processor.py:161} INFO - Started process (PID=2850) to work on /opt/airflow/dags/newyork_fhv_quality_check.py
[2026-05-09T02:11:34.216+0000] {processor.py:830} INFO - Processing file /opt/airflow/dags/newyork_fhv_quality_check.py for tasks to queue
[2026-05-09T02:11:34.220+0000] {logging_mixin.py:188} INFO - [2026-05-09T02:11:34.220+0000] {dagbag.py:545} INFO - Filling up the DagBag from /opt/airflow/dags/newyork_fhv_quality_check.py
[2026-05-09T02:11:34.281+0000] {processor.py:840} INFO - DAG(s) 'newyork_fhv_quality_check' retrieved from /opt/airflow/dags/newyork_fhv_quality_check.py
[2026-05-09T02:11:34.321+0000] {logging_mixin.py:188} INFO - [2026-05-09T02:11:34.321+0000] {dag.py:3096} INFO - Sync 1 DAGs
[2026-05-09T02:11:34.342+0000] {logging_mixin.py:188} INFO - [2026-05-09T02:11:34.342+0000] {dag.py:3954} INFO - Setting next_dagrun for newyork_fhv_quality_check to None, run_after=None
[2026-05-09T02:11:34.370+0000] {processor.py:183} INFO - Processing /opt/airflow/dags/newyork_fhv_quality_check.py took 0.172 seconds
[2026-05-09T02:12:05.211+0000] {processor.py:161} INFO - Started process (PID=2861) to work on /opt/airflow/dags/newyork_fhv_quality_check.py
[2026-05-09T02:12:05.213+0000] {processor.py:830} INFO - Processing file /opt/airflow/dags/newyork_fhv_quality_check.py for tasks to queue
[2026-05-09T02:12:05.216+0000] {logging_mixin.py:188} INFO - [2026-05-09T02:12:05.215+0000] {dagbag.py:545} INFO - Filling up the DagBag from /opt/airflow/dags/newyork_fhv_quality_check.py
[2026-05-09T02:12:05.248+0000] {processor.py:840} INFO - DAG(s) 'newyork_fhv_quality_check' retrieved from /opt/airflow/dags/newyork_fhv_quality_check.py
[2026-05-09T02:12:05.276+0000] {logging_mixin.py:188} INFO - [2026-05-09T02:12:05.276+0000] {dag.py:3096} INFO - Sync 1 DAGs
[2026-05-09T02:12:05.291+0000] {logging_mixin.py:188} INFO - [2026-05-09T02:12:05.291+0000] {dag.py:3954} INFO - Setting next_dagrun for newyork_fhv_quality_check to None, run_after=None
[2026-05-09T02:12:05.318+0000] {processor.py:183} INFO - Processing /opt/airflow/dags/newyork_fhv_quality_check.py took 0.114 seconds
[2026-05-09T02:12:35.652+0000] {processor.py:161} INFO - Started process (PID=2872) to work on /opt/airflow/dags/newyork_fhv_quality_check.py
[2026-05-09T02:12:35.655+0000] {processor.py:830} INFO - Processing file /opt/airflow/dags/newyork_fhv_quality_check.py for tasks to queue
[2026-05-09T02:12:35.659+0000] {logging_mixin.py:188} INFO - [2026-05-09T02:12:35.659+0000] {dagbag.py:545} INFO - Filling up the DagBag from /opt/airflow/dags/newyork_fhv_quality_check.py
[2026-05-09T02:12:35.694+0000] {processor.py:840} INFO - DAG(s) 'newyork_fhv_quality_check' retrieved from /opt/airflow/dags/newyork_fhv_quality_check.py
[2026-05-09T02:12:35.734+0000] {logging_mixin.py:188} INFO - [2026-05-09T02:12:35.733+0000] {dag.py:3096} INFO - Sync 1 DAGs
[2026-05-09T02:12:35.747+0000] {logging_mixin.py:188} INFO - [2026-05-09T02:12:35.747+0000] {dag.py:3954} INFO - Setting next_dagrun for newyork_fhv_quality_check to None, run_after=None
[2026-05-09T02:12:35.778+0000] {processor.py:183} INFO - Processing /opt/airflow/dags/newyork_fhv_quality_check.py took 0.138 seconds
[2026-05-09T02:13:06.339+0000] {processor.py:161} INFO - Started process (PID=2883) to work on /opt/airflow/dags/newyork_fhv_quality_check.py
[2026-05-09T02:13:06.341+0000] {processor.py:830} INFO - Processing file /opt/airflow/dags/newyork_fhv_quality_check.py for tasks to queue
[2026-05-09T02:13:06.344+0000] {logging_mixin.py:188} INFO - [2026-05-09T02:13:06.343+0000] {dagbag.py:545} INFO - Filling up the DagBag from /opt/airflow/dags/newyork_fhv_quality_check.py
[2026-05-09T02:13:06.384+0000] {processor.py:840} INFO - DAG(s) 'newyork_fhv_quality_check' retrieved from /opt/airflow/dags/newyork_fhv_quality_check.py
[2026-05-09T02:13:06.414+0000] {logging_mixin.py:188} INFO - [2026-05-09T02:13:06.413+0000] {dag.py:3096} INFO - Sync 1 DAGs
[2026-05-09T02:13:06.429+0000] {logging_mixin.py:188} INFO - [2026-05-09T02:13:06.429+0000] {dag.py:3954} INFO - Setting next_dagrun for newyork_fhv_quality_check to None, run_after=None
[2026-05-09T02:13:06.460+0000] {processor.py:183} INFO - Processing /opt/airflow/dags/newyork_fhv_quality_check.py took 0.128 seconds
[2026-05-09T02:13:37.391+0000] {processor.py:161} INFO - Started process (PID=2894) to work on /opt/airflow/dags/newyork_fhv_quality_check.py
[2026-05-09T02:13:37.392+0000] {processor.py:830} INFO - Processing file /opt/airflow/dags/newyork_fhv_quality_check.py for tasks to queue
[2026-05-09T02:13:37.395+0000] {logging_mixin.py:188} INFO - [2026-05-09T02:13:37.394+0000] {dagbag.py:545} INFO - Filling up the DagBag from /opt/airflow/dags/newyork_fhv_quality_check.py
[2026-05-09T02:13:37.431+0000] {processor.py:840} INFO - DAG(s) 'newyork_fhv_quality_check' retrieved from /opt/airflow/dags/newyork_fhv_quality_check.py
[2026-05-09T02:13:37.456+0000] {logging_mixin.py:188} INFO - [2026-05-09T02:13:37.456+0000] {dag.py:3096} INFO - Sync 1 DAGs
[2026-05-09T02:13:37.470+0000] {logging_mixin.py:188} INFO - [2026-05-09T02:13:37.470+0000] {dag.py:3954} INFO - Setting next_dagrun for newyork_fhv_quality_check to None, run_after=None
[2026-05-09T02:13:37.495+0000] {processor.py:183} INFO - Processing /opt/airflow/dags/newyork_fhv_quality_check.py took 0.112 seconds
[2026-05-09T02:14:08.453+0000] {processor.py:161} INFO - Started process (PID=2905) to work on /opt/airflow/dags/newyork_fhv_quality_check.py
[2026-05-09T02:14:08.455+0000] {processor.py:830} INFO - Processing file /opt/airflow/dags/newyork_fhv_quality_check.py for tasks to queue
[2026-05-09T02:14:08.458+0000] {logging_mixin.py:188} INFO - [2026-05-09T02:14:08.458+0000] {dagbag.py:545} INFO - Filling up the DagBag from /opt/airflow/dags/newyork_fhv_quality_check.py
[2026-05-09T02:14:08.493+0000] {processor.py:840} INFO - DAG(s) 'newyork_fhv_quality_check' retrieved from /opt/airflow/dags/newyork_fhv_quality_check.py
[2026-05-09T02:14:08.525+0000] {logging_mixin.py:188} INFO - [2026-05-09T02:14:08.525+0000] {dag.py:3096} INFO - Sync 1 DAGs
[2026-05-09T02:14:08.540+0000] {logging_mixin.py:188} INFO - [2026-05-09T02:14:08.540+0000] {dag.py:3954} INFO - Setting next_dagrun for newyork_fhv_quality_check to None, run_after=None
[2026-05-09T02:14:08.563+0000] {processor.py:183} INFO - Processing /opt/airflow/dags/newyork_fhv_quality_check.py took 0.117 seconds
[2026-05-09T02:14:39.388+0000] {processor.py:161} INFO - Started process (PID=2916) to work on /opt/airflow/dags/newyork_fhv_quality_check.py
[2026-05-09T02:14:39.390+0000] {processor.py:830} INFO - Processing file /opt/airflow/dags/newyork_fhv_quality_check.py for tasks to queue
[2026-05-09T02:14:39.394+0000] {logging_mixin.py:188} INFO - [2026-05-09T02:14:39.394+0000] {dagbag.py:545} INFO - Filling up the DagBag from /opt/airflow/dags/newyork_fhv_quality_check.py
[2026-05-09T02:14:39.441+0000] {processor.py:840} INFO - DAG(s) 'newyork_fhv_quality_check' retrieved from /opt/airflow/dags/newyork_fhv_quality_check.py
[2026-05-09T02:14:39.467+0000] {logging_mixin.py:188} INFO - [2026-05-09T02:14:39.467+0000] {dag.py:3096} INFO - Sync 1 DAGs
[2026-05-09T02:14:39.484+0000] {logging_mixin.py:188} INFO - [2026-05-09T02:14:39.484+0000] {dag.py:3954} INFO - Setting next_dagrun for newyork_fhv_quality_check to None, run_after=None
[2026-05-09T02:14:39.509+0000] {processor.py:183} INFO - Processing /opt/airflow/dags/newyork_fhv_quality_check.py took 0.132 seconds
[2026-05-09T02:15:10.299+0000] {processor.py:161} INFO - Started process (PID=2933) to work on /opt/airflow/dags/newyork_fhv_quality_check.py
[2026-05-09T02:15:10.301+0000] {processor.py:830} INFO - Processing file /opt/airflow/dags/newyork_fhv_quality_check.py for tasks to queue
[2026-05-09T02:15:10.304+0000] {logging_mixin.py:188} INFO - [2026-05-09T02:15:10.304+0000] {dagbag.py:545} INFO - Filling up the DagBag from /opt/airflow/dags/newyork_fhv_quality_check.py
[2026-05-09T02:15:10.348+0000] {processor.py:840} INFO - DAG(s) 'newyork_fhv_quality_check' retrieved from /opt/airflow/dags/newyork_fhv_quality_check.py
[2026-05-09T02:15:10.381+0000] {logging_mixin.py:188} INFO - [2026-05-09T02:15:10.380+0000] {dag.py:3096} INFO - Sync 1 DAGs
[2026-05-09T02:15:10.395+0000] {logging_mixin.py:188} INFO - [2026-05-09T02:15:10.395+0000] {dag.py:3954} INFO - Setting next_dagrun for newyork_fhv_quality_check to None, run_after=None
[2026-05-09T02:15:10.424+0000] {processor.py:183} INFO - Processing /opt/airflow/dags/newyork_fhv_quality_check.py took 0.132 seconds
[2026-05-09T02:15:41.294+0000] {processor.py:161} INFO - Started process (PID=2944) to work on /opt/airflow/dags/newyork_fhv_quality_check.py
[2026-05-09T02:15:41.295+0000] {processor.py:830} INFO - Processing file /opt/airflow/dags/newyork_fhv_quality_check.py for tasks to queue
[2026-05-09T02:15:41.300+0000] {logging_mixin.py:188} INFO - [2026-05-09T02:15:41.299+0000] {dagbag.py:545} INFO - Filling up the DagBag from /opt/airflow/dags/newyork_fhv_quality_check.py
[2026-05-09T02:15:41.369+0000] {processor.py:840} INFO - DAG(s) 'newyork_fhv_quality_check' retrieved from /opt/airflow/dags/newyork_fhv_quality_check.py
[2026-05-09T02:15:41.409+0000] {logging_mixin.py:188} INFO - [2026-05-09T02:15:41.409+0000] {dag.py:3096} INFO - Sync 1 DAGs
[2026-05-09T02:15:41.434+0000] {logging_mixin.py:188} INFO - [2026-05-09T02:15:41.434+0000] {dag.py:3954} INFO - Setting next_dagrun for newyork_fhv_quality_check to None, run_after=None
[2026-05-09T02:15:41.474+0000] {processor.py:183} INFO - Processing /opt/airflow/dags/newyork_fhv_quality_check.py took 0.195 seconds
[2026-05-09T02:16:12.280+0000] {processor.py:161} INFO - Started process (PID=2955) to work on /opt/airflow/dags/newyork_fhv_quality_check.py
[2026-05-09T02:16:12.281+0000] {processor.py:830} INFO - Processing file /opt/airflow/dags/newyork_fhv_quality_check.py for tasks to queue
[2026-05-09T02:16:12.283+0000] {logging_mixin.py:188} INFO - [2026-05-09T02:16:12.283+0000] {dagbag.py:545} INFO - Filling up the DagBag from /opt/airflow/dags/newyork_fhv_quality_check.py
[2026-05-09T02:16:12.309+0000] {processor.py:840} INFO - DAG(s) 'newyork_fhv_quality_check' retrieved from /opt/airflow/dags/newyork_fhv_quality_check.py
[2026-05-09T02:16:12.339+0000] {logging_mixin.py:188} INFO - [2026-05-09T02:16:12.339+0000] {dag.py:3096} INFO - Sync 1 DAGs
[2026-05-09T02:16:12.354+0000] {logging_mixin.py:188} INFO - [2026-05-09T02:16:12.354+0000] {dag.py:3954} INFO - Setting next_dagrun for newyork_fhv_quality_check to None, run_after=None
[2026-05-09T02:16:12.378+0000] {processor.py:183} INFO - Processing /opt/airflow/dags/newyork_fhv_quality_check.py took 0.105 seconds
[2026-05-09T02:16:43.164+0000] {processor.py:161} INFO - Started process (PID=2966) to work on /opt/airflow/dags/newyork_fhv_quality_check.py
[2026-05-09T02:16:43.166+0000] {processor.py:830} INFO - Processing file /opt/airflow/dags/newyork_fhv_quality_check.py for tasks to queue
[2026-05-09T02:16:43.169+0000] {logging_mixin.py:188} INFO - [2026-05-09T02:16:43.168+0000] {dagbag.py:545} INFO - Filling up the DagBag from /opt/airflow/dags/newyork_fhv_quality_check.py
[2026-05-09T02:16:43.193+0000] {processor.py:840} INFO - DAG(s) 'newyork_fhv_quality_check' retrieved from /opt/airflow/dags/newyork_fhv_quality_check.py
[2026-05-09T02:16:43.220+0000] {logging_mixin.py:188} INFO - [2026-05-09T02:16:43.220+0000] {dag.py:3096} INFO - Sync 1 DAGs
[2026-05-09T02:16:43.237+0000] {logging_mixin.py:188} INFO - [2026-05-09T02:16:43.237+0000] {dag.py:3954} INFO - Setting next_dagrun for newyork_fhv_quality_check to None, run_after=None
[2026-05-09T02:16:43.265+0000] {processor.py:183} INFO - Processing /opt/airflow/dags/newyork_fhv_quality_check.py took 0.110 seconds
[2026-05-09T02:17:14.024+0000] {processor.py:161} INFO - Started process (PID=2977) to work on /opt/airflow/dags/newyork_fhv_quality_check.py
[2026-05-09T02:17:14.025+0000] {processor.py:830} INFO - Processing file /opt/airflow/dags/newyork_fhv_quality_check.py for tasks to queue
[2026-05-09T02:17:14.027+0000] {logging_mixin.py:188} INFO - [2026-05-09T02:17:14.026+0000] {dagbag.py:545} INFO - Filling up the DagBag from /opt/airflow/dags/newyork_fhv_quality_check.py
[2026-05-09T02:17:14.049+0000] {processor.py:840} INFO - DAG(s) 'newyork_fhv_quality_check' retrieved from /opt/airflow/dags/newyork_fhv_quality_check.py
[2026-05-09T02:17:14.076+0000] {logging_mixin.py:188} INFO - [2026-05-09T02:17:14.075+0000] {dag.py:3096} INFO - Sync 1 DAGs
[2026-05-09T02:17:14.090+0000] {logging_mixin.py:188} INFO - [2026-05-09T02:17:14.089+0000] {dag.py:3954} INFO - Setting next_dagrun for newyork_fhv_quality_check to None, run_after=None
[2026-05-09T02:17:14.116+0000] {processor.py:183} INFO - Processing /opt/airflow/dags/newyork_fhv_quality_check.py took 0.100 seconds
[2026-05-09T02:17:44.914+0000] {processor.py:161} INFO - Started process (PID=2988) to work on /opt/airflow/dags/newyork_fhv_quality_check.py
[2026-05-09T02:17:44.915+0000] {processor.py:830} INFO - Processing file /opt/airflow/dags/newyork_fhv_quality_check.py for tasks to queue
[2026-05-09T02:17:44.918+0000] {logging_mixin.py:188} INFO - [2026-05-09T02:17:44.918+0000] {dagbag.py:545} INFO - Filling up the DagBag from /opt/airflow/dags/newyork_fhv_quality_check.py
[2026-05-09T02:17:44.958+0000] {processor.py:840} INFO - DAG(s) 'newyork_fhv_quality_check' retrieved from /opt/airflow/dags/newyork_fhv_quality_check.py
[2026-05-09T02:17:44.989+0000] {logging_mixin.py:188} INFO - [2026-05-09T02:17:44.989+0000] {dag.py:3096} INFO - Sync 1 DAGs
[2026-05-09T02:17:45.008+0000] {logging_mixin.py:188} INFO - [2026-05-09T02:17:45.008+0000] {dag.py:3954} INFO - Setting next_dagrun for newyork_fhv_quality_check to None, run_after=None
[2026-05-09T02:17:45.041+0000] {processor.py:183} INFO - Processing /opt/airflow/dags/newyork_fhv_quality_check.py took 0.135 seconds
[2026-05-09T02:18:15.906+0000] {processor.py:161} INFO - Started process (PID=2999) to work on /opt/airflow/dags/newyork_fhv_quality_check.py
[2026-05-09T02:18:15.908+0000] {processor.py:830} INFO - Processing file /opt/airflow/dags/newyork_fhv_quality_check.py for tasks to queue
[2026-05-09T02:18:15.912+0000] {logging_mixin.py:188} INFO - [2026-05-09T02:18:15.911+0000] {dagbag.py:545} INFO - Filling up the DagBag from /opt/airflow/dags/newyork_fhv_quality_check.py
[2026-05-09T02:18:15.946+0000] {processor.py:840} INFO - DAG(s) 'newyork_fhv_quality_check' retrieved from /opt/airflow/dags/newyork_fhv_quality_check.py
[2026-05-09T02:18:15.972+0000] {logging_mixin.py:188} INFO - [2026-05-09T02:18:15.972+0000] {dag.py:3096} INFO - Sync 1 DAGs
[2026-05-09T02:18:15.985+0000] {logging_mixin.py:188} INFO - [2026-05-09T02:18:15.985+0000] {dag.py:3954} INFO - Setting next_dagrun for newyork_fhv_quality_check to None, run_after=None
[2026-05-09T02:18:16.011+0000] {processor.py:183} INFO - Processing /opt/airflow/dags/newyork_fhv_quality_check.py took 0.116 seconds
[2026-05-09T02:18:46.777+0000] {processor.py:161} INFO - Started process (PID=3010) to work on /opt/airflow/dags/newyork_fhv_quality_check.py
[2026-05-09T02:18:46.779+0000] {processor.py:830} INFO - Processing file /opt/airflow/dags/newyork_fhv_quality_check.py for tasks to queue
[2026-05-09T02:18:46.781+0000] {logging_mixin.py:188} INFO - [2026-05-09T02:18:46.780+0000] {dagbag.py:545} INFO - Filling up the DagBag from /opt/airflow/dags/newyork_fhv_quality_check.py
[2026-05-09T02:18:46.801+0000] {processor.py:840} INFO - DAG(s) 'newyork_fhv_quality_check' retrieved from /opt/airflow/dags/newyork_fhv_quality_check.py
[2026-05-09T02:18:46.825+0000] {logging_mixin.py:188} INFO - [2026-05-09T02:18:46.824+0000] {dag.py:3096} INFO - Sync 1 DAGs
[2026-05-09T02:18:46.839+0000] {logging_mixin.py:188} INFO - [2026-05-09T02:18:46.838+0000] {dag.py:3954} INFO - Setting next_dagrun for newyork_fhv_quality_check to None, run_after=None
[2026-05-09T02:18:46.864+0000] {processor.py:183} INFO - Processing /opt/airflow/dags/newyork_fhv_quality_check.py took 0.093 seconds
[2026-05-09T02:19:17.940+0000] {processor.py:161} INFO - Started process (PID=3021) to work on /opt/airflow/dags/newyork_fhv_quality_check.py
[2026-05-09T02:19:17.942+0000] {processor.py:830} INFO - Processing file /opt/airflow/dags/newyork_fhv_quality_check.py for tasks to queue
[2026-05-09T02:19:17.948+0000] {logging_mixin.py:188} INFO - [2026-05-09T02:19:17.948+0000] {dagbag.py:545} INFO - Filling up the DagBag from /opt/airflow/dags/newyork_fhv_quality_check.py
[2026-05-09T02:19:17.993+0000] {processor.py:840} INFO - DAG(s) 'newyork_fhv_quality_check' retrieved from /opt/airflow/dags/newyork_fhv_quality_check.py
[2026-05-09T02:19:18.021+0000] {logging_mixin.py:188} INFO - [2026-05-09T02:19:18.020+0000] {dag.py:3096} INFO - Sync 1 DAGs
[2026-05-09T02:19:18.041+0000] {logging_mixin.py:188} INFO - [2026-05-09T02:19:18.041+0000] {dag.py:3954} INFO - Setting next_dagrun for newyork_fhv_quality_check to None, run_after=None
[2026-05-09T02:19:18.071+0000] {processor.py:183} INFO - Processing /opt/airflow/dags/newyork_fhv_quality_check.py took 0.142 seconds
[2026-05-09T02:19:49.511+0000] {processor.py:161} INFO - Started process (PID=3034) to work on /opt/airflow/dags/newyork_fhv_quality_check.py
[2026-05-09T02:19:49.514+0000] {processor.py:830} INFO - Processing file /opt/airflow/dags/newyork_fhv_quality_check.py for tasks to queue
[2026-05-09T02:19:49.518+0000] {logging_mixin.py:188} INFO - [2026-05-09T02:19:49.518+0000] {dagbag.py:545} INFO - Filling up the DagBag from /opt/airflow/dags/newyork_fhv_quality_check.py
[2026-05-09T02:19:49.567+0000] {processor.py:840} INFO - DAG(s) 'newyork_fhv_quality_check' retrieved from /opt/airflow/dags/newyork_fhv_quality_check.py
[2026-05-09T02:19:49.609+0000] {logging_mixin.py:188} INFO - [2026-05-09T02:19:49.608+0000] {dag.py:3096} INFO - Sync 1 DAGs
[2026-05-09T02:19:49.633+0000] {logging_mixin.py:188} INFO - [2026-05-09T02:19:49.633+0000] {dag.py:3954} INFO - Setting next_dagrun for newyork_fhv_quality_check to None, run_after=None
[2026-05-09T02:19:49.673+0000] {processor.py:183} INFO - Processing /opt/airflow/dags/newyork_fhv_quality_check.py took 0.173 seconds
[2026-05-09T02:20:20.536+0000] {processor.py:161} INFO - Started process (PID=3045) to work on /opt/airflow/dags/newyork_fhv_quality_check.py
[2026-05-09T02:20:20.539+0000] {processor.py:830} INFO - Processing file /opt/airflow/dags/newyork_fhv_quality_check.py for tasks to queue
[2026-05-09T02:20:20.541+0000] {logging_mixin.py:188} INFO - [2026-05-09T02:20:20.540+0000] {dagbag.py:545} INFO - Filling up the DagBag from /opt/airflow/dags/newyork_fhv_quality_check.py
[2026-05-09T02:20:20.568+0000] {processor.py:840} INFO - DAG(s) 'newyork_fhv_quality_check' retrieved from /opt/airflow/dags/newyork_fhv_quality_check.py
[2026-05-09T02:20:20.596+0000] {logging_mixin.py:188} INFO - [2026-05-09T02:20:20.596+0000] {dag.py:3096} INFO - Sync 1 DAGs
[2026-05-09T02:20:20.610+0000] {logging_mixin.py:188} INFO - [2026-05-09T02:20:20.609+0000] {dag.py:3954} INFO - Setting next_dagrun for newyork_fhv_quality_check to None, run_after=None
[2026-05-09T02:20:20.635+0000] {processor.py:183} INFO - Processing /opt/airflow/dags/newyork_fhv_quality_check.py took 0.105 seconds
[2026-05-09T02:20:51.375+0000] {processor.py:161} INFO - Started process (PID=3056) to work on /opt/airflow/dags/newyork_fhv_quality_check.py
[2026-05-09T02:20:51.376+0000] {processor.py:830} INFO - Processing file /opt/airflow/dags/newyork_fhv_quality_check.py for tasks to queue
[2026-05-09T02:20:51.379+0000] {logging_mixin.py:188} INFO - [2026-05-09T02:20:51.378+0000] {dagbag.py:545} INFO - Filling up the DagBag from /opt/airflow/dags/newyork_fhv_quality_check.py
[2026-05-09T02:20:51.410+0000] {processor.py:840} INFO - DAG(s) 'newyork_fhv_quality_check' retrieved from /opt/airflow/dags/newyork_fhv_quality_check.py
[2026-05-09T02:20:51.435+0000] {logging_mixin.py:188} INFO - [2026-05-09T02:20:51.435+0000] {dag.py:3096} INFO - Sync 1 DAGs
[2026-05-09T02:20:51.448+0000] {logging_mixin.py:188} INFO - [2026-05-09T02:20:51.448+0000] {dag.py:3954} INFO - Setting next_dagrun for newyork_fhv_quality_check to None, run_after=None
[2026-05-09T02:20:51.472+0000] {processor.py:183} INFO - Processing /opt/airflow/dags/newyork_fhv_quality_check.py took 0.104 seconds
[2026-05-09T02:21:22.257+0000] {processor.py:161} INFO - Started process (PID=3067) to work on /opt/airflow/dags/newyork_fhv_quality_check.py
[2026-05-09T02:21:22.260+0000] {processor.py:830} INFO - Processing file /opt/airflow/dags/newyork_fhv_quality_check.py for tasks to queue
[2026-05-09T02:21:22.264+0000] {logging_mixin.py:188} INFO - [2026-05-09T02:21:22.264+0000] {dagbag.py:545} INFO - Filling up the DagBag from /opt/airflow/dags/newyork_fhv_quality_check.py
[2026-05-09T02:21:22.298+0000] {processor.py:840} INFO - DAG(s) 'newyork_fhv_quality_check' retrieved from /opt/airflow/dags/newyork_fhv_quality_check.py
[2026-05-09T02:21:22.324+0000] {logging_mixin.py:188} INFO - [2026-05-09T02:21:22.324+0000] {dag.py:3096} INFO - Sync 1 DAGs
[2026-05-09T02:21:22.340+0000] {logging_mixin.py:188} INFO - [2026-05-09T02:21:22.340+0000] {dag.py:3954} INFO - Setting next_dagrun for newyork_fhv_quality_check to None, run_after=None
[2026-05-09T02:21:22.366+0000] {processor.py:183} INFO - Processing /opt/airflow/dags/newyork_fhv_quality_check.py took 0.116 seconds
[2026-05-09T02:21:53.129+0000] {processor.py:161} INFO - Started process (PID=3078) to work on /opt/airflow/dags/newyork_fhv_quality_check.py
[2026-05-09T02:21:53.130+0000] {processor.py:830} INFO - Processing file /opt/airflow/dags/newyork_fhv_quality_check.py for tasks to queue
[2026-05-09T02:21:53.133+0000] {logging_mixin.py:188} INFO - [2026-05-09T02:21:53.132+0000] {dagbag.py:545} INFO - Filling up the DagBag from /opt/airflow/dags/newyork_fhv_quality_check.py
[2026-05-09T02:21:53.179+0000] {processor.py:840} INFO - DAG(s) 'newyork_fhv_quality_check' retrieved from /opt/airflow/dags/newyork_fhv_quality_check.py
[2026-05-09T02:21:53.205+0000] {logging_mixin.py:188} INFO - [2026-05-09T02:21:53.204+0000] {dag.py:3096} INFO - Sync 1 DAGs
[2026-05-09T02:21:53.217+0000] {logging_mixin.py:188} INFO - [2026-05-09T02:21:53.217+0000] {dag.py:3954} INFO - Setting next_dagrun for newyork_fhv_quality_check to None, run_after=None
[2026-05-09T02:21:53.246+0000] {processor.py:183} INFO - Processing /opt/airflow/dags/newyork_fhv_quality_check.py took 0.126 seconds
[2026-05-09T02:22:23.986+0000] {processor.py:161} INFO - Started process (PID=3090) to work on /opt/airflow/dags/newyork_fhv_quality_check.py
[2026-05-09T02:22:23.988+0000] {processor.py:830} INFO - Processing file /opt/airflow/dags/newyork_fhv_quality_check.py for tasks to queue
[2026-05-09T02:22:23.991+0000] {logging_mixin.py:188} INFO - [2026-05-09T02:22:23.991+0000] {dagbag.py:545} INFO - Filling up the DagBag from /opt/airflow/dags/newyork_fhv_quality_check.py
[2026-05-09T02:22:24.035+0000] {processor.py:840} INFO - DAG(s) 'newyork_fhv_quality_check' retrieved from /opt/airflow/dags/newyork_fhv_quality_check.py
[2026-05-09T02:22:24.069+0000] {logging_mixin.py:188} INFO - [2026-05-09T02:22:24.069+0000] {dag.py:3096} INFO - Sync 1 DAGs
[2026-05-09T02:22:24.086+0000] {logging_mixin.py:188} INFO - [2026-05-09T02:22:24.085+0000] {dag.py:3954} INFO - Setting next_dagrun for newyork_fhv_quality_check to None, run_after=None
[2026-05-09T02:22:24.115+0000] {processor.py:183} INFO - Processing /opt/airflow/dags/newyork_fhv_quality_check.py took 0.137 seconds
[2026-05-09T02:22:54.847+0000] {processor.py:161} INFO - Started process (PID=3101) to work on /opt/airflow/dags/newyork_fhv_quality_check.py
[2026-05-09T02:22:54.849+0000] {processor.py:830} INFO - Processing file /opt/airflow/dags/newyork_fhv_quality_check.py for tasks to queue
[2026-05-09T02:22:54.852+0000] {logging_mixin.py:188} INFO - [2026-05-09T02:22:54.852+0000] {dagbag.py:545} INFO - Filling up the DagBag from /opt/airflow/dags/newyork_fhv_quality_check.py
[2026-05-09T02:22:54.890+0000] {processor.py:840} INFO - DAG(s) 'newyork_fhv_quality_check' retrieved from /opt/airflow/dags/newyork_fhv_quality_check.py
[2026-05-09T02:22:54.918+0000] {logging_mixin.py:188} INFO - [2026-05-09T02:22:54.917+0000] {dag.py:3096} INFO - Sync 1 DAGs
[2026-05-09T02:22:54.935+0000] {logging_mixin.py:188} INFO - [2026-05-09T02:22:54.934+0000] {dag.py:3954} INFO - Setting next_dagrun for newyork_fhv_quality_check to None, run_after=None
[2026-05-09T02:22:54.964+0000] {processor.py:183} INFO - Processing /opt/airflow/dags/newyork_fhv_quality_check.py took 0.125 seconds
[2026-05-09T02:23:25.167+0000] {processor.py:161} INFO - Started process (PID=3112) to work on /opt/airflow/dags/newyork_fhv_quality_check.py
[2026-05-09T02:23:25.169+0000] {processor.py:830} INFO - Processing file /opt/airflow/dags/newyork_fhv_quality_check.py for tasks to queue
[2026-05-09T02:23:25.175+0000] {logging_mixin.py:188} INFO - [2026-05-09T02:23:25.174+0000] {dagbag.py:545} INFO - Filling up the DagBag from /opt/airflow/dags/newyork_fhv_quality_check.py
[2026-05-09T02:23:25.240+0000] {processor.py:840} INFO - DAG(s) 'newyork_fhv_quality_check' retrieved from /opt/airflow/dags/newyork_fhv_quality_check.py
[2026-05-09T02:23:25.293+0000] {logging_mixin.py:188} INFO - [2026-05-09T02:23:25.293+0000] {dag.py:3096} INFO - Sync 1 DAGs
[2026-05-09T02:23:25.321+0000] {logging_mixin.py:188} INFO - [2026-05-09T02:23:25.320+0000] {dag.py:3954} INFO - Setting next_dagrun for newyork_fhv_quality_check to None, run_after=None
[2026-05-09T02:23:25.360+0000] {processor.py:183} INFO - Processing /opt/airflow/dags/newyork_fhv_quality_check.py took 0.205 seconds
[2026-05-09T02:23:55.507+0000] {processor.py:161} INFO - Started process (PID=3123) to work on /opt/airflow/dags/newyork_fhv_quality_check.py
[2026-05-09T02:23:55.509+0000] {processor.py:830} INFO - Processing file /opt/airflow/dags/newyork_fhv_quality_check.py for tasks to queue
[2026-05-09T02:23:55.512+0000] {logging_mixin.py:188} INFO - [2026-05-09T02:23:55.512+0000] {dagbag.py:545} INFO - Filling up the DagBag from /opt/airflow/dags/newyork_fhv_quality_check.py
[2026-05-09T02:23:55.557+0000] {processor.py:840} INFO - DAG(s) 'newyork_fhv_quality_check' retrieved from /opt/airflow/dags/newyork_fhv_quality_check.py
[2026-05-09T02:23:55.586+0000] {logging_mixin.py:188} INFO - [2026-05-09T02:23:55.586+0000] {dag.py:3096} INFO - Sync 1 DAGs
[2026-05-09T02:23:55.599+0000] {logging_mixin.py:188} INFO - [2026-05-09T02:23:55.598+0000] {dag.py:3954} INFO - Setting next_dagrun for newyork_fhv_quality_check to None, run_after=None
[2026-05-09T02:23:55.624+0000] {processor.py:183} INFO - Processing /opt/airflow/dags/newyork_fhv_quality_check.py took 0.126 seconds
[2026-05-09T02:24:26.406+0000] {processor.py:161} INFO - Started process (PID=3134) to work on /opt/airflow/dags/newyork_fhv_quality_check.py
[2026-05-09T02:24:26.408+0000] {processor.py:830} INFO - Processing file /opt/airflow/dags/newyork_fhv_quality_check.py for tasks to queue
[2026-05-09T02:24:26.412+0000] {logging_mixin.py:188} INFO - [2026-05-09T02:24:26.411+0000] {dagbag.py:545} INFO - Filling up the DagBag from /opt/airflow/dags/newyork_fhv_quality_check.py
[2026-05-09T02:24:26.455+0000] {processor.py:840} INFO - DAG(s) 'newyork_fhv_quality_check' retrieved from /opt/airflow/dags/newyork_fhv_quality_check.py
[2026-05-09T02:24:26.482+0000] {logging_mixin.py:188} INFO - [2026-05-09T02:24:26.482+0000] {dag.py:3096} INFO - Sync 1 DAGs
[2026-05-09T02:24:26.497+0000] {logging_mixin.py:188} INFO - [2026-05-09T02:24:26.497+0000] {dag.py:3954} INFO - Setting next_dagrun for newyork_fhv_quality_check to None, run_after=None
[2026-05-09T02:24:26.522+0000] {processor.py:183} INFO - Processing /opt/airflow/dags/newyork_fhv_quality_check.py took 0.127 seconds
[2026-05-09T02:24:57.606+0000] {processor.py:161} INFO - Started process (PID=3145) to work on /opt/airflow/dags/newyork_fhv_quality_check.py
[2026-05-09T02:24:57.608+0000] {processor.py:830} INFO - Processing file /opt/airflow/dags/newyork_fhv_quality_check.py for tasks to queue
[2026-05-09T02:24:57.611+0000] {logging_mixin.py:188} INFO - [2026-05-09T02:24:57.610+0000] {dagbag.py:545} INFO - Filling up the DagBag from /opt/airflow/dags/newyork_fhv_quality_check.py
[2026-05-09T02:24:57.653+0000] {processor.py:840} INFO - DAG(s) 'newyork_fhv_quality_check' retrieved from /opt/airflow/dags/newyork_fhv_quality_check.py
[2026-05-09T02:24:57.683+0000] {logging_mixin.py:188} INFO - [2026-05-09T02:24:57.682+0000] {dag.py:3096} INFO - Sync 1 DAGs
[2026-05-09T02:24:57.696+0000] {logging_mixin.py:188} INFO - [2026-05-09T02:24:57.696+0000] {dag.py:3954} INFO - Setting next_dagrun for newyork_fhv_quality_check to None, run_after=None
[2026-05-09T02:24:57.722+0000] {processor.py:183} INFO - Processing /opt/airflow/dags/newyork_fhv_quality_check.py took 0.125 seconds
[2026-05-09T02:25:28.340+0000] {processor.py:161} INFO - Started process (PID=3156) to work on /opt/airflow/dags/newyork_fhv_quality_check.py
[2026-05-09T02:25:28.342+0000] {processor.py:830} INFO - Processing file /opt/airflow/dags/newyork_fhv_quality_check.py for tasks to queue
[2026-05-09T02:25:28.344+0000] {logging_mixin.py:188} INFO - [2026-05-09T02:25:28.344+0000] {dagbag.py:545} INFO - Filling up the DagBag from /opt/airflow/dags/newyork_fhv_quality_check.py
[2026-05-09T02:25:28.381+0000] {processor.py:840} INFO - DAG(s) 'newyork_fhv_quality_check' retrieved from /opt/airflow/dags/newyork_fhv_quality_check.py
[2026-05-09T02:25:28.407+0000] {logging_mixin.py:188} INFO - [2026-05-09T02:25:28.407+0000] {dag.py:3096} INFO - Sync 1 DAGs
[2026-05-09T02:25:28.423+0000] {logging_mixin.py:188} INFO - [2026-05-09T02:25:28.423+0000] {dag.py:3954} INFO - Setting next_dagrun for newyork_fhv_quality_check to None, run_after=None
[2026-05-09T02:25:28.451+0000] {processor.py:183} INFO - Processing /opt/airflow/dags/newyork_fhv_quality_check.py took 0.119 seconds
[2026-05-09T02:25:59.517+0000] {processor.py:161} INFO - Started process (PID=3167) to work on /opt/airflow/dags/newyork_fhv_quality_check.py
[2026-05-09T02:25:59.519+0000] {processor.py:830} INFO - Processing file /opt/airflow/dags/newyork_fhv_quality_check.py for tasks to queue
[2026-05-09T02:25:59.522+0000] {logging_mixin.py:188} INFO - [2026-05-09T02:25:59.522+0000] {dagbag.py:545} INFO - Filling up the DagBag from /opt/airflow/dags/newyork_fhv_quality_check.py
[2026-05-09T02:25:59.554+0000] {processor.py:840} INFO - DAG(s) 'newyork_fhv_quality_check' retrieved from /opt/airflow/dags/newyork_fhv_quality_check.py
[2026-05-09T02:25:59.579+0000] {logging_mixin.py:188} INFO - [2026-05-09T02:25:59.579+0000] {dag.py:3096} INFO - Sync 1 DAGs
[2026-05-09T02:25:59.594+0000] {logging_mixin.py:188} INFO - [2026-05-09T02:25:59.594+0000] {dag.py:3954} INFO - Setting next_dagrun for newyork_fhv_quality_check to None, run_after=None
[2026-05-09T02:25:59.618+0000] {processor.py:183} INFO - Processing /opt/airflow/dags/newyork_fhv_quality_check.py took 0.110 seconds
[2026-05-09T02:26:30.519+0000] {processor.py:161} INFO - Started process (PID=3178) to work on /opt/airflow/dags/newyork_fhv_quality_check.py
[2026-05-09T02:26:30.521+0000] {processor.py:830} INFO - Processing file /opt/airflow/dags/newyork_fhv_quality_check.py for tasks to queue
[2026-05-09T02:26:30.525+0000] {logging_mixin.py:188} INFO - [2026-05-09T02:26:30.524+0000] {dagbag.py:545} INFO - Filling up the DagBag from /opt/airflow/dags/newyork_fhv_quality_check.py
[2026-05-09T02:26:30.564+0000] {processor.py:840} INFO - DAG(s) 'newyork_fhv_quality_check' retrieved from /opt/airflow/dags/newyork_fhv_quality_check.py
[2026-05-09T02:26:30.600+0000] {logging_mixin.py:188} INFO - [2026-05-09T02:26:30.600+0000] {dag.py:3096} INFO - Sync 1 DAGs
[2026-05-09T02:26:30.616+0000] {logging_mixin.py:188} INFO - [2026-05-09T02:26:30.616+0000] {dag.py:3954} INFO - Setting next_dagrun for newyork_fhv_quality_check to None, run_after=None
[2026-05-09T02:26:30.649+0000] {processor.py:183} INFO - Processing /opt/airflow/dags/newyork_fhv_quality_check.py took 0.141 seconds
[2026-05-09T02:27:00.787+0000] {processor.py:161} INFO - Started process (PID=3189) to work on /opt/airflow/dags/newyork_fhv_quality_check.py
[2026-05-09T02:27:00.789+0000] {processor.py:830} INFO - Processing file /opt/airflow/dags/newyork_fhv_quality_check.py for tasks to queue
[2026-05-09T02:27:00.791+0000] {logging_mixin.py:188} INFO - [2026-05-09T02:27:00.791+0000] {dagbag.py:545} INFO - Filling up the DagBag from /opt/airflow/dags/newyork_fhv_quality_check.py
[2026-05-09T02:27:00.826+0000] {processor.py:840} INFO - DAG(s) 'newyork_fhv_quality_check' retrieved from /opt/airflow/dags/newyork_fhv_quality_check.py
[2026-05-09T02:27:00.854+0000] {logging_mixin.py:188} INFO - [2026-05-09T02:27:00.854+0000] {dag.py:3096} INFO - Sync 1 DAGs
[2026-05-09T02:27:00.869+0000] {logging_mixin.py:188} INFO - [2026-05-09T02:27:00.869+0000] {dag.py:3954} INFO - Setting next_dagrun for newyork_fhv_quality_check to None, run_after=None
[2026-05-09T02:27:00.901+0000] {processor.py:183} INFO - Processing /opt/airflow/dags/newyork_fhv_quality_check.py took 0.122 seconds
[2026-05-09T02:27:31.780+0000] {processor.py:161} INFO - Started process (PID=3200) to work on /opt/airflow/dags/newyork_fhv_quality_check.py
[2026-05-09T02:27:31.782+0000] {processor.py:830} INFO - Processing file /opt/airflow/dags/newyork_fhv_quality_check.py for tasks to queue
[2026-05-09T02:27:31.785+0000] {logging_mixin.py:188} INFO - [2026-05-09T02:27:31.784+0000] {dagbag.py:545} INFO - Filling up the DagBag from /opt/airflow/dags/newyork_fhv_quality_check.py
[2026-05-09T02:27:31.822+0000] {processor.py:840} INFO - DAG(s) 'newyork_fhv_quality_check' retrieved from /opt/airflow/dags/newyork_fhv_quality_check.py
[2026-05-09T02:27:31.851+0000] {logging_mixin.py:188} INFO - [2026-05-09T02:27:31.851+0000] {dag.py:3096} INFO - Sync 1 DAGs
[2026-05-09T02:27:31.882+0000] {logging_mixin.py:188} INFO - [2026-05-09T02:27:31.882+0000] {dag.py:3954} INFO - Setting next_dagrun for newyork_fhv_quality_check to None, run_after=None
[2026-05-09T02:27:31.921+0000] {processor.py:183} INFO - Processing /opt/airflow/dags/newyork_fhv_quality_check.py took 0.148 seconds
[2026-05-09T02:28:02.728+0000] {processor.py:161} INFO - Started process (PID=3211) to work on /opt/airflow/dags/newyork_fhv_quality_check.py
[2026-05-09T02:28:02.729+0000] {processor.py:830} INFO - Processing file /opt/airflow/dags/newyork_fhv_quality_check.py for tasks to queue
[2026-05-09T02:28:02.732+0000] {logging_mixin.py:188} INFO - [2026-05-09T02:28:02.731+0000] {dagbag.py:545} INFO - Filling up the DagBag from /opt/airflow/dags/newyork_fhv_quality_check.py
[2026-05-09T02:28:02.757+0000] {processor.py:840} INFO - DAG(s) 'newyork_fhv_quality_check' retrieved from /opt/airflow/dags/newyork_fhv_quality_check.py
[2026-05-09T02:28:02.781+0000] {logging_mixin.py:188} INFO - [2026-05-09T02:28:02.781+0000] {dag.py:3096} INFO - Sync 1 DAGs
[2026-05-09T02:28:02.797+0000] {logging_mixin.py:188} INFO - [2026-05-09T02:28:02.797+0000] {dag.py:3954} INFO - Setting next_dagrun for newyork_fhv_quality_check to None, run_after=None
[2026-05-09T02:28:02.823+0000] {processor.py:183} INFO - Processing /opt/airflow/dags/newyork_fhv_quality_check.py took 0.101 seconds
[2026-05-09T02:28:33.548+0000] {processor.py:161} INFO - Started process (PID=3222) to work on /opt/airflow/dags/newyork_fhv_quality_check.py
[2026-05-09T02:28:33.549+0000] {processor.py:830} INFO - Processing file /opt/airflow/dags/newyork_fhv_quality_check.py for tasks to queue
[2026-05-09T02:28:33.552+0000] {logging_mixin.py:188} INFO - [2026-05-09T02:28:33.551+0000] {dagbag.py:545} INFO - Filling up the DagBag from /opt/airflow/dags/newyork_fhv_quality_check.py
[2026-05-09T02:28:33.588+0000] {processor.py:840} INFO - DAG(s) 'newyork_fhv_quality_check' retrieved from /opt/airflow/dags/newyork_fhv_quality_check.py
[2026-05-09T02:28:33.613+0000] {logging_mixin.py:188} INFO - [2026-05-09T02:28:33.613+0000] {dag.py:3096} INFO - Sync 1 DAGs
[2026-05-09T02:28:33.627+0000] {logging_mixin.py:188} INFO - [2026-05-09T02:28:33.627+0000] {dag.py:3954} INFO - Setting next_dagrun for newyork_fhv_quality_check to None, run_after=None
[2026-05-09T02:28:33.649+0000] {processor.py:183} INFO - Processing /opt/airflow/dags/newyork_fhv_quality_check.py took 0.107 seconds
[2026-05-09T02:29:04.649+0000] {processor.py:161} INFO - Started process (PID=3233) to work on /opt/airflow/dags/newyork_fhv_quality_check.py
[2026-05-09T02:29:04.651+0000] {processor.py:830} INFO - Processing file /opt/airflow/dags/newyork_fhv_quality_check.py for tasks to queue
[2026-05-09T02:29:04.653+0000] {logging_mixin.py:188} INFO - [2026-05-09T02:29:04.652+0000] {dagbag.py:545} INFO - Filling up the DagBag from /opt/airflow/dags/newyork_fhv_quality_check.py
[2026-05-09T02:29:04.687+0000] {processor.py:840} INFO - DAG(s) 'newyork_fhv_quality_check' retrieved from /opt/airflow/dags/newyork_fhv_quality_check.py
[2026-05-09T02:29:04.715+0000] {logging_mixin.py:188} INFO - [2026-05-09T02:29:04.714+0000] {dag.py:3096} INFO - Sync 1 DAGs
[2026-05-09T02:29:04.728+0000] {logging_mixin.py:188} INFO - [2026-05-09T02:29:04.728+0000] {dag.py:3954} INFO - Setting next_dagrun for newyork_fhv_quality_check to None, run_after=None
[2026-05-09T02:29:04.764+0000] {processor.py:183} INFO - Processing /opt/airflow/dags/newyork_fhv_quality_check.py took 0.120 seconds
[2026-05-09T02:29:35.540+0000] {processor.py:161} INFO - Started process (PID=3244) to work on /opt/airflow/dags/newyork_fhv_quality_check.py
[2026-05-09T02:29:35.542+0000] {processor.py:830} INFO - Processing file /opt/airflow/dags/newyork_fhv_quality_check.py for tasks to queue
[2026-05-09T02:29:35.547+0000] {logging_mixin.py:188} INFO - [2026-05-09T02:29:35.546+0000] {dagbag.py:545} INFO - Filling up the DagBag from /opt/airflow/dags/newyork_fhv_quality_check.py
[2026-05-09T02:29:35.587+0000] {processor.py:840} INFO - DAG(s) 'newyork_fhv_quality_check' retrieved from /opt/airflow/dags/newyork_fhv_quality_check.py
[2026-05-09T02:29:35.614+0000] {logging_mixin.py:188} INFO - [2026-05-09T02:29:35.614+0000] {dag.py:3096} INFO - Sync 1 DAGs
[2026-05-09T02:29:35.628+0000] {logging_mixin.py:188} INFO - [2026-05-09T02:29:35.627+0000] {dag.py:3954} INFO - Setting next_dagrun for newyork_fhv_quality_check to None, run_after=None
[2026-05-09T02:29:35.654+0000] {processor.py:183} INFO - Processing /opt/airflow/dags/newyork_fhv_quality_check.py took 0.121 seconds
[2026-05-09T02:30:06.491+0000] {processor.py:161} INFO - Started process (PID=3255) to work on /opt/airflow/dags/newyork_fhv_quality_check.py
[2026-05-09T02:30:06.493+0000] {processor.py:830} INFO - Processing file /opt/airflow/dags/newyork_fhv_quality_check.py for tasks to queue
[2026-05-09T02:30:06.496+0000] {logging_mixin.py:188} INFO - [2026-05-09T02:30:06.495+0000] {dagbag.py:545} INFO - Filling up the DagBag from /opt/airflow/dags/newyork_fhv_quality_check.py
[2026-05-09T02:30:06.525+0000] {processor.py:840} INFO - DAG(s) 'newyork_fhv_quality_check' retrieved from /opt/airflow/dags/newyork_fhv_quality_check.py
[2026-05-09T02:30:06.548+0000] {logging_mixin.py:188} INFO - [2026-05-09T02:30:06.548+0000] {dag.py:3096} INFO - Sync 1 DAGs
[2026-05-09T02:30:06.561+0000] {logging_mixin.py:188} INFO - [2026-05-09T02:30:06.561+0000] {dag.py:3954} INFO - Setting next_dagrun for newyork_fhv_quality_check to None, run_after=None
[2026-05-09T02:30:06.586+0000] {processor.py:183} INFO - Processing /opt/airflow/dags/newyork_fhv_quality_check.py took 0.101 seconds
[2026-05-09T02:30:37.395+0000] {processor.py:161} INFO - Started process (PID=3266) to work on /opt/airflow/dags/newyork_fhv_quality_check.py
[2026-05-09T02:30:37.396+0000] {processor.py:830} INFO - Processing file /opt/airflow/dags/newyork_fhv_quality_check.py for tasks to queue
[2026-05-09T02:30:37.398+0000] {logging_mixin.py:188} INFO - [2026-05-09T02:30:37.398+0000] {dagbag.py:545} INFO - Filling up the DagBag from /opt/airflow/dags/newyork_fhv_quality_check.py
[2026-05-09T02:30:37.436+0000] {processor.py:840} INFO - DAG(s) 'newyork_fhv_quality_check' retrieved from /opt/airflow/dags/newyork_fhv_quality_check.py
[2026-05-09T02:30:37.462+0000] {logging_mixin.py:188} INFO - [2026-05-09T02:30:37.462+0000] {dag.py:3096} INFO - Sync 1 DAGs
[2026-05-09T02:30:37.477+0000] {logging_mixin.py:188} INFO - [2026-05-09T02:30:37.477+0000] {dag.py:3954} INFO - Setting next_dagrun for newyork_fhv_quality_check to None, run_after=None
[2026-05-09T02:30:37.499+0000] {processor.py:183} INFO - Processing /opt/airflow/dags/newyork_fhv_quality_check.py took 0.112 seconds
[2026-05-09T02:31:08.337+0000] {processor.py:161} INFO - Started process (PID=3277) to work on /opt/airflow/dags/newyork_fhv_quality_check.py
[2026-05-09T02:31:08.339+0000] {processor.py:830} INFO - Processing file /opt/airflow/dags/newyork_fhv_quality_check.py for tasks to queue
[2026-05-09T02:31:08.342+0000] {logging_mixin.py:188} INFO - [2026-05-09T02:31:08.341+0000] {dagbag.py:545} INFO - Filling up the DagBag from /opt/airflow/dags/newyork_fhv_quality_check.py
[2026-05-09T02:31:08.393+0000] {processor.py:840} INFO - DAG(s) 'newyork_fhv_quality_check' retrieved from /opt/airflow/dags/newyork_fhv_quality_check.py
[2026-05-09T02:31:08.433+0000] {logging_mixin.py:188} INFO - [2026-05-09T02:31:08.433+0000] {dag.py:3096} INFO - Sync 1 DAGs
[2026-05-09T02:31:08.449+0000] {logging_mixin.py:188} INFO - [2026-05-09T02:31:08.448+0000] {dag.py:3954} INFO - Setting next_dagrun for newyork_fhv_quality_check to None, run_after=None
[2026-05-09T02:31:08.477+0000] {processor.py:183} INFO - Processing /opt/airflow/dags/newyork_fhv_quality_check.py took 0.147 seconds
[2026-05-09T02:31:39.296+0000] {processor.py:161} INFO - Started process (PID=3288) to work on /opt/airflow/dags/newyork_fhv_quality_check.py
[2026-05-09T02:31:39.298+0000] {processor.py:830} INFO - Processing file /opt/airflow/dags/newyork_fhv_quality_check.py for tasks to queue
[2026-05-09T02:31:39.302+0000] {logging_mixin.py:188} INFO - [2026-05-09T02:31:39.301+0000] {dagbag.py:545} INFO - Filling up the DagBag from /opt/airflow/dags/newyork_fhv_quality_check.py
[2026-05-09T02:31:39.359+0000] {processor.py:840} INFO - DAG(s) 'newyork_fhv_quality_check' retrieved from /opt/airflow/dags/newyork_fhv_quality_check.py
[2026-05-09T02:31:39.386+0000] {logging_mixin.py:188} INFO - [2026-05-09T02:31:39.386+0000] {dag.py:3096} INFO - Sync 1 DAGs
[2026-05-09T02:31:39.400+0000] {logging_mixin.py:188} INFO - [2026-05-09T02:31:39.400+0000] {dag.py:3954} INFO - Setting next_dagrun for newyork_fhv_quality_check to None, run_after=None
[2026-05-09T02:31:39.429+0000] {processor.py:183} INFO - Processing /opt/airflow/dags/newyork_fhv_quality_check.py took 0.144 seconds
[2026-05-09T02:32:10.229+0000] {processor.py:161} INFO - Started process (PID=3299) to work on /opt/airflow/dags/newyork_fhv_quality_check.py
[2026-05-09T02:32:10.231+0000] {processor.py:830} INFO - Processing file /opt/airflow/dags/newyork_fhv_quality_check.py for tasks to queue
[2026-05-09T02:32:10.236+0000] {logging_mixin.py:188} INFO - [2026-05-09T02:32:10.235+0000] {dagbag.py:545} INFO - Filling up the DagBag from /opt/airflow/dags/newyork_fhv_quality_check.py
[2026-05-09T02:32:10.285+0000] {processor.py:840} INFO - DAG(s) 'newyork_fhv_quality_check' retrieved from /opt/airflow/dags/newyork_fhv_quality_check.py
[2026-05-09T02:32:10.314+0000] {logging_mixin.py:188} INFO - [2026-05-09T02:32:10.313+0000] {dag.py:3096} INFO - Sync 1 DAGs
[2026-05-09T02:32:10.329+0000] {logging_mixin.py:188} INFO - [2026-05-09T02:32:10.328+0000] {dag.py:3954} INFO - Setting next_dagrun for newyork_fhv_quality_check to None, run_after=None
[2026-05-09T02:32:10.648+0000] {processor.py:183} INFO - Processing /opt/airflow/dags/newyork_fhv_quality_check.py took 0.430 seconds
[2026-05-09T02:32:41.467+0000] {processor.py:161} INFO - Started process (PID=3310) to work on /opt/airflow/dags/newyork_fhv_quality_check.py
[2026-05-09T02:32:41.468+0000] {processor.py:830} INFO - Processing file /opt/airflow/dags/newyork_fhv_quality_check.py for tasks to queue
[2026-05-09T02:32:41.471+0000] {logging_mixin.py:188} INFO - [2026-05-09T02:32:41.471+0000] {dagbag.py:545} INFO - Filling up the DagBag from /opt/airflow/dags/newyork_fhv_quality_check.py
[2026-05-09T02:32:41.505+0000] {processor.py:840} INFO - DAG(s) 'newyork_fhv_quality_check' retrieved from /opt/airflow/dags/newyork_fhv_quality_check.py
[2026-05-09T02:32:41.528+0000] {logging_mixin.py:188} INFO - [2026-05-09T02:32:41.527+0000] {dag.py:3096} INFO - Sync 1 DAGs
[2026-05-09T02:32:41.542+0000] {logging_mixin.py:188} INFO - [2026-05-09T02:32:41.542+0000] {dag.py:3954} INFO - Setting next_dagrun for newyork_fhv_quality_check to None, run_after=None
[2026-05-09T02:32:41.584+0000] {processor.py:183} INFO - Processing /opt/airflow/dags/newyork_fhv_quality_check.py took 0.125 seconds
[2026-05-09T02:33:12.329+0000] {processor.py:161} INFO - Started process (PID=3321) to work on /opt/airflow/dags/newyork_fhv_quality_check.py
[2026-05-09T02:33:12.330+0000] {processor.py:830} INFO - Processing file /opt/airflow/dags/newyork_fhv_quality_check.py for tasks to queue
[2026-05-09T02:33:12.333+0000] {logging_mixin.py:188} INFO - [2026-05-09T02:33:12.333+0000] {dagbag.py:545} INFO - Filling up the DagBag from /opt/airflow/dags/newyork_fhv_quality_check.py
[2026-05-09T02:33:12.370+0000] {processor.py:840} INFO - DAG(s) 'newyork_fhv_quality_check' retrieved from /opt/airflow/dags/newyork_fhv_quality_check.py
[2026-05-09T02:33:12.405+0000] {logging_mixin.py:188} INFO - [2026-05-09T02:33:12.405+0000] {dag.py:3096} INFO - Sync 1 DAGs
[2026-05-09T02:33:12.424+0000] {logging_mixin.py:188} INFO - [2026-05-09T02:33:12.424+0000] {dag.py:3954} INFO - Setting next_dagrun for newyork_fhv_quality_check to None, run_after=None
[2026-05-09T02:33:12.457+0000] {processor.py:183} INFO - Processing /opt/airflow/dags/newyork_fhv_quality_check.py took 0.137 seconds
[2026-05-09T02:33:43.412+0000] {processor.py:161} INFO - Started process (PID=3338) to work on /opt/airflow/dags/newyork_fhv_quality_check.py
[2026-05-09T02:33:43.415+0000] {processor.py:830} INFO - Processing file /opt/airflow/dags/newyork_fhv_quality_check.py for tasks to queue
[2026-05-09T02:33:43.419+0000] {logging_mixin.py:188} INFO - [2026-05-09T02:33:43.418+0000] {dagbag.py:545} INFO - Filling up the DagBag from /opt/airflow/dags/newyork_fhv_quality_check.py
[2026-05-09T02:33:43.484+0000] {processor.py:840} INFO - DAG(s) 'newyork_fhv_quality_check' retrieved from /opt/airflow/dags/newyork_fhv_quality_check.py
[2026-05-09T02:33:43.518+0000] {logging_mixin.py:188} INFO - [2026-05-09T02:33:43.518+0000] {dag.py:3096} INFO - Sync 1 DAGs
[2026-05-09T02:33:43.534+0000] {logging_mixin.py:188} INFO - [2026-05-09T02:33:43.533+0000] {dag.py:3954} INFO - Setting next_dagrun for newyork_fhv_quality_check to None, run_after=None
[2026-05-09T02:33:43.565+0000] {processor.py:183} INFO - Processing /opt/airflow/dags/newyork_fhv_quality_check.py took 0.163 seconds
[2026-05-09T02:34:14.525+0000] {processor.py:161} INFO - Started process (PID=3349) to work on /opt/airflow/dags/newyork_fhv_quality_check.py
[2026-05-09T02:34:14.527+0000] {processor.py:830} INFO - Processing file /opt/airflow/dags/newyork_fhv_quality_check.py for tasks to queue
[2026-05-09T02:34:14.533+0000] {logging_mixin.py:188} INFO - [2026-05-09T02:34:14.533+0000] {dagbag.py:545} INFO - Filling up the DagBag from /opt/airflow/dags/newyork_fhv_quality_check.py
[2026-05-09T02:34:14.572+0000] {processor.py:840} INFO - DAG(s) 'newyork_fhv_quality_check' retrieved from /opt/airflow/dags/newyork_fhv_quality_check.py
[2026-05-09T02:34:14.598+0000] {logging_mixin.py:188} INFO - [2026-05-09T02:34:14.597+0000] {dag.py:3096} INFO - Sync 1 DAGs
[2026-05-09T02:34:14.613+0000] {logging_mixin.py:188} INFO - [2026-05-09T02:34:14.612+0000] {dag.py:3954} INFO - Setting next_dagrun for newyork_fhv_quality_check to None, run_after=None
[2026-05-09T02:34:14.637+0000] {processor.py:183} INFO - Processing /opt/airflow/dags/newyork_fhv_quality_check.py took 0.118 seconds
[2026-05-09T02:34:45.497+0000] {processor.py:161} INFO - Started process (PID=3361) to work on /opt/airflow/dags/newyork_fhv_quality_check.py
[2026-05-09T02:34:45.499+0000] {processor.py:830} INFO - Processing file /opt/airflow/dags/newyork_fhv_quality_check.py for tasks to queue
[2026-05-09T02:34:45.502+0000] {logging_mixin.py:188} INFO - [2026-05-09T02:34:45.502+0000] {dagbag.py:545} INFO - Filling up the DagBag from /opt/airflow/dags/newyork_fhv_quality_check.py
[2026-05-09T02:34:45.540+0000] {processor.py:840} INFO - DAG(s) 'newyork_fhv_quality_check' retrieved from /opt/airflow/dags/newyork_fhv_quality_check.py
[2026-05-09T02:34:45.569+0000] {logging_mixin.py:188} INFO - [2026-05-09T02:34:45.569+0000] {dag.py:3096} INFO - Sync 1 DAGs
[2026-05-09T02:34:45.584+0000] {logging_mixin.py:188} INFO - [2026-05-09T02:34:45.584+0000] {dag.py:3954} INFO - Setting next_dagrun for newyork_fhv_quality_check to None, run_after=None
[2026-05-09T02:34:45.622+0000] {processor.py:183} INFO - Processing /opt/airflow/dags/newyork_fhv_quality_check.py took 0.135 seconds
[2026-05-09T02:35:16.467+0000] {processor.py:161} INFO - Started process (PID=3372) to work on /opt/airflow/dags/newyork_fhv_quality_check.py
[2026-05-09T02:35:16.470+0000] {processor.py:830} INFO - Processing file /opt/airflow/dags/newyork_fhv_quality_check.py for tasks to queue
[2026-05-09T02:35:16.472+0000] {logging_mixin.py:188} INFO - [2026-05-09T02:35:16.472+0000] {dagbag.py:545} INFO - Filling up the DagBag from /opt/airflow/dags/newyork_fhv_quality_check.py
[2026-05-09T02:35:16.504+0000] {processor.py:840} INFO - DAG(s) 'newyork_fhv_quality_check' retrieved from /opt/airflow/dags/newyork_fhv_quality_check.py
[2026-05-09T02:35:16.530+0000] {logging_mixin.py:188} INFO - [2026-05-09T02:35:16.529+0000] {dag.py:3096} INFO - Sync 1 DAGs
[2026-05-09T02:35:16.546+0000] {logging_mixin.py:188} INFO - [2026-05-09T02:35:16.546+0000] {dag.py:3954} INFO - Setting next_dagrun for newyork_fhv_quality_check to None, run_after=None
[2026-05-09T02:35:16.577+0000] {processor.py:183} INFO - Processing /opt/airflow/dags/newyork_fhv_quality_check.py took 0.116 seconds
[2026-05-09T02:35:46.740+0000] {processor.py:161} INFO - Started process (PID=3383) to work on /opt/airflow/dags/newyork_fhv_quality_check.py
[2026-05-09T02:35:46.742+0000] {processor.py:830} INFO - Processing file /opt/airflow/dags/newyork_fhv_quality_check.py for tasks to queue
[2026-05-09T02:35:46.745+0000] {logging_mixin.py:188} INFO - [2026-05-09T02:35:46.744+0000] {dagbag.py:545} INFO - Filling up the DagBag from /opt/airflow/dags/newyork_fhv_quality_check.py
[2026-05-09T02:35:46.790+0000] {processor.py:840} INFO - DAG(s) 'newyork_fhv_quality_check' retrieved from /opt/airflow/dags/newyork_fhv_quality_check.py
[2026-05-09T02:35:46.817+0000] {logging_mixin.py:188} INFO - [2026-05-09T02:35:46.816+0000] {dag.py:3096} INFO - Sync 1 DAGs
[2026-05-09T02:35:46.831+0000] {logging_mixin.py:188} INFO - [2026-05-09T02:35:46.831+0000] {dag.py:3954} INFO - Setting next_dagrun for newyork_fhv_quality_check to None, run_after=None
[2026-05-09T02:35:46.857+0000] {processor.py:183} INFO - Processing /opt/airflow/dags/newyork_fhv_quality_check.py took 0.126 seconds
[2026-05-09T02:36:17.758+0000] {processor.py:161} INFO - Started process (PID=3394) to work on /opt/airflow/dags/newyork_fhv_quality_check.py
[2026-05-09T02:36:17.760+0000] {processor.py:830} INFO - Processing file /opt/airflow/dags/newyork_fhv_quality_check.py for tasks to queue
[2026-05-09T02:36:17.763+0000] {logging_mixin.py:188} INFO - [2026-05-09T02:36:17.763+0000] {dagbag.py:545} INFO - Filling up the DagBag from /opt/airflow/dags/newyork_fhv_quality_check.py
[2026-05-09T02:36:17.818+0000] {processor.py:840} INFO - DAG(s) 'newyork_fhv_quality_check' retrieved from /opt/airflow/dags/newyork_fhv_quality_check.py
[2026-05-09T02:36:17.844+0000] {logging_mixin.py:188} INFO - [2026-05-09T02:36:17.844+0000] {dag.py:3096} INFO - Sync 1 DAGs
[2026-05-09T02:36:17.862+0000] {logging_mixin.py:188} INFO - [2026-05-09T02:36:17.861+0000] {dag.py:3954} INFO - Setting next_dagrun for newyork_fhv_quality_check to None, run_after=None
[2026-05-09T02:36:17.889+0000] {processor.py:183} INFO - Processing /opt/airflow/dags/newyork_fhv_quality_check.py took 0.140 seconds
[2026-05-09T02:36:48.771+0000] {processor.py:161} INFO - Started process (PID=3405) to work on /opt/airflow/dags/newyork_fhv_quality_check.py
[2026-05-09T02:36:48.773+0000] {processor.py:830} INFO - Processing file /opt/airflow/dags/newyork_fhv_quality_check.py for tasks to queue
[2026-05-09T02:36:48.777+0000] {logging_mixin.py:188} INFO - [2026-05-09T02:36:48.776+0000] {dagbag.py:545} INFO - Filling up the DagBag from /opt/airflow/dags/newyork_fhv_quality_check.py
[2026-05-09T02:36:48.821+0000] {processor.py:840} INFO - DAG(s) 'newyork_fhv_quality_check' retrieved from /opt/airflow/dags/newyork_fhv_quality_check.py
[2026-05-09T02:36:48.848+0000] {logging_mixin.py:188} INFO - [2026-05-09T02:36:48.848+0000] {dag.py:3096} INFO - Sync 1 DAGs
[2026-05-09T02:36:48.863+0000] {logging_mixin.py:188} INFO - [2026-05-09T02:36:48.863+0000] {dag.py:3954} INFO - Setting next_dagrun for newyork_fhv_quality_check to None, run_after=None
[2026-05-09T02:36:48.892+0000] {processor.py:183} INFO - Processing /opt/airflow/dags/newyork_fhv_quality_check.py took 0.131 seconds
[2026-05-09T02:37:19.566+0000] {processor.py:161} INFO - Started process (PID=3416) to work on /opt/airflow/dags/newyork_fhv_quality_check.py
[2026-05-09T02:37:19.568+0000] {processor.py:830} INFO - Processing file /opt/airflow/dags/newyork_fhv_quality_check.py for tasks to queue
[2026-05-09T02:37:19.572+0000] {logging_mixin.py:188} INFO - [2026-05-09T02:37:19.571+0000] {dagbag.py:545} INFO - Filling up the DagBag from /opt/airflow/dags/newyork_fhv_quality_check.py
[2026-05-09T02:37:19.617+0000] {processor.py:840} INFO - DAG(s) 'newyork_fhv_quality_check' retrieved from /opt/airflow/dags/newyork_fhv_quality_check.py
[2026-05-09T02:37:19.646+0000] {logging_mixin.py:188} INFO - [2026-05-09T02:37:19.645+0000] {dag.py:3096} INFO - Sync 1 DAGs
[2026-05-09T02:37:19.660+0000] {logging_mixin.py:188} INFO - [2026-05-09T02:37:19.660+0000] {dag.py:3954} INFO - Setting next_dagrun for newyork_fhv_quality_check to None, run_after=None
[2026-05-09T02:37:19.685+0000] {processor.py:183} INFO - Processing /opt/airflow/dags/newyork_fhv_quality_check.py took 0.130 seconds
[2026-05-09T02:37:50.573+0000] {processor.py:161} INFO - Started process (PID=3427) to work on /opt/airflow/dags/newyork_fhv_quality_check.py
[2026-05-09T02:37:50.574+0000] {processor.py:830} INFO - Processing file /opt/airflow/dags/newyork_fhv_quality_check.py for tasks to queue
[2026-05-09T02:37:50.576+0000] {logging_mixin.py:188} INFO - [2026-05-09T02:37:50.576+0000] {dagbag.py:545} INFO - Filling up the DagBag from /opt/airflow/dags/newyork_fhv_quality_check.py
[2026-05-09T02:37:50.622+0000] {processor.py:840} INFO - DAG(s) 'newyork_fhv_quality_check' retrieved from /opt/airflow/dags/newyork_fhv_quality_check.py
[2026-05-09T02:37:50.657+0000] {logging_mixin.py:188} INFO - [2026-05-09T02:37:50.656+0000] {dag.py:3096} INFO - Sync 1 DAGs
[2026-05-09T02:37:50.671+0000] {logging_mixin.py:188} INFO - [2026-05-09T02:37:50.671+0000] {dag.py:3954} INFO - Setting next_dagrun for newyork_fhv_quality_check to None, run_after=None
[2026-05-09T02:37:50.697+0000] {processor.py:183} INFO - Processing /opt/airflow/dags/newyork_fhv_quality_check.py took 0.134 seconds
[2026-05-09T02:38:21.523+0000] {processor.py:161} INFO - Started process (PID=3438) to work on /opt/airflow/dags/newyork_fhv_quality_check.py
[2026-05-09T02:38:21.524+0000] {processor.py:830} INFO - Processing file /opt/airflow/dags/newyork_fhv_quality_check.py for tasks to queue
[2026-05-09T02:38:21.526+0000] {logging_mixin.py:188} INFO - [2026-05-09T02:38:21.526+0000] {dagbag.py:545} INFO - Filling up the DagBag from /opt/airflow/dags/newyork_fhv_quality_check.py
[2026-05-09T02:38:21.557+0000] {processor.py:840} INFO - DAG(s) 'newyork_fhv_quality_check' retrieved from /opt/airflow/dags/newyork_fhv_quality_check.py
[2026-05-09T02:38:21.583+0000] {logging_mixin.py:188} INFO - [2026-05-09T02:38:21.583+0000] {dag.py:3096} INFO - Sync 1 DAGs
[2026-05-09T02:38:21.599+0000] {logging_mixin.py:188} INFO - [2026-05-09T02:38:21.598+0000] {dag.py:3954} INFO - Setting next_dagrun for newyork_fhv_quality_check to None, run_after=None
[2026-05-09T02:38:21.623+0000] {processor.py:183} INFO - Processing /opt/airflow/dags/newyork_fhv_quality_check.py took 0.106 seconds
[2026-05-09T02:38:52.558+0000] {processor.py:161} INFO - Started process (PID=3449) to work on /opt/airflow/dags/newyork_fhv_quality_check.py
[2026-05-09T02:38:52.560+0000] {processor.py:830} INFO - Processing file /opt/airflow/dags/newyork_fhv_quality_check.py for tasks to queue
[2026-05-09T02:38:52.563+0000] {logging_mixin.py:188} INFO - [2026-05-09T02:38:52.563+0000] {dagbag.py:545} INFO - Filling up the DagBag from /opt/airflow/dags/newyork_fhv_quality_check.py
[2026-05-09T02:38:52.603+0000] {processor.py:840} INFO - DAG(s) 'newyork_fhv_quality_check' retrieved from /opt/airflow/dags/newyork_fhv_quality_check.py
[2026-05-09T02:38:52.635+0000] {logging_mixin.py:188} INFO - [2026-05-09T02:38:52.635+0000] {dag.py:3096} INFO - Sync 1 DAGs
[2026-05-09T02:38:52.654+0000] {logging_mixin.py:188} INFO - [2026-05-09T02:38:52.654+0000] {dag.py:3954} INFO - Setting next_dagrun for newyork_fhv_quality_check to None, run_after=None
[2026-05-09T02:38:52.699+0000] {processor.py:183} INFO - Processing /opt/airflow/dags/newyork_fhv_quality_check.py took 0.150 seconds
[2026-05-09T02:39:22.808+0000] {processor.py:161} INFO - Started process (PID=3460) to work on /opt/airflow/dags/newyork_fhv_quality_check.py
[2026-05-09T02:39:22.810+0000] {processor.py:830} INFO - Processing file /opt/airflow/dags/newyork_fhv_quality_check.py for tasks to queue
[2026-05-09T02:39:22.813+0000] {logging_mixin.py:188} INFO - [2026-05-09T02:39:22.812+0000] {dagbag.py:545} INFO - Filling up the DagBag from /opt/airflow/dags/newyork_fhv_quality_check.py
[2026-05-09T02:39:22.851+0000] {processor.py:840} INFO - DAG(s) 'newyork_fhv_quality_check' retrieved from /opt/airflow/dags/newyork_fhv_quality_check.py
[2026-05-09T02:39:22.886+0000] {logging_mixin.py:188} INFO - [2026-05-09T02:39:22.886+0000] {dag.py:3096} INFO - Sync 1 DAGs
[2026-05-09T02:39:22.902+0000] {logging_mixin.py:188} INFO - [2026-05-09T02:39:22.901+0000] {dag.py:3954} INFO - Setting next_dagrun for newyork_fhv_quality_check to None, run_after=None
[2026-05-09T02:39:22.928+0000] {processor.py:183} INFO - Processing /opt/airflow/dags/newyork_fhv_quality_check.py took 0.135 seconds
[2026-05-09T02:39:53.827+0000] {processor.py:161} INFO - Started process (PID=3471) to work on /opt/airflow/dags/newyork_fhv_quality_check.py
[2026-05-09T02:39:53.829+0000] {processor.py:830} INFO - Processing file /opt/airflow/dags/newyork_fhv_quality_check.py for tasks to queue
[2026-05-09T02:39:53.831+0000] {logging_mixin.py:188} INFO - [2026-05-09T02:39:53.831+0000] {dagbag.py:545} INFO - Filling up the DagBag from /opt/airflow/dags/newyork_fhv_quality_check.py
[2026-05-09T02:39:53.863+0000] {processor.py:840} INFO - DAG(s) 'newyork_fhv_quality_check' retrieved from /opt/airflow/dags/newyork_fhv_quality_check.py
[2026-05-09T02:39:53.899+0000] {logging_mixin.py:188} INFO - [2026-05-09T02:39:53.899+0000] {dag.py:3096} INFO - Sync 1 DAGs
[2026-05-09T02:39:53.917+0000] {logging_mixin.py:188} INFO - [2026-05-09T02:39:53.917+0000] {dag.py:3954} INFO - Setting next_dagrun for newyork_fhv_quality_check to None, run_after=None
[2026-05-09T02:39:53.952+0000] {processor.py:183} INFO - Processing /opt/airflow/dags/newyork_fhv_quality_check.py took 0.133 seconds
[2026-05-09T02:40:24.711+0000] {processor.py:161} INFO - Started process (PID=3482) to work on /opt/airflow/dags/newyork_fhv_quality_check.py
[2026-05-09T02:40:24.713+0000] {processor.py:830} INFO - Processing file /opt/airflow/dags/newyork_fhv_quality_check.py for tasks to queue
[2026-05-09T02:40:24.715+0000] {logging_mixin.py:188} INFO - [2026-05-09T02:40:24.715+0000] {dagbag.py:545} INFO - Filling up the DagBag from /opt/airflow/dags/newyork_fhv_quality_check.py
[2026-05-09T02:40:24.739+0000] {processor.py:840} INFO - DAG(s) 'newyork_fhv_quality_check' retrieved from /opt/airflow/dags/newyork_fhv_quality_check.py
[2026-05-09T02:40:24.766+0000] {logging_mixin.py:188} INFO - [2026-05-09T02:40:24.765+0000] {dag.py:3096} INFO - Sync 1 DAGs
[2026-05-09T02:40:24.779+0000] {logging_mixin.py:188} INFO - [2026-05-09T02:40:24.779+0000] {dag.py:3954} INFO - Setting next_dagrun for newyork_fhv_quality_check to None, run_after=None
[2026-05-09T02:40:24.804+0000] {processor.py:183} INFO - Processing /opt/airflow/dags/newyork_fhv_quality_check.py took 0.103 seconds
[2026-05-09T02:40:55.711+0000] {processor.py:161} INFO - Started process (PID=3493) to work on /opt/airflow/dags/newyork_fhv_quality_check.py
[2026-05-09T02:40:55.713+0000] {processor.py:830} INFO - Processing file /opt/airflow/dags/newyork_fhv_quality_check.py for tasks to queue
[2026-05-09T02:40:55.718+0000] {logging_mixin.py:188} INFO - [2026-05-09T02:40:55.717+0000] {dagbag.py:545} INFO - Filling up the DagBag from /opt/airflow/dags/newyork_fhv_quality_check.py
[2026-05-09T02:40:55.767+0000] {processor.py:840} INFO - DAG(s) 'newyork_fhv_quality_check' retrieved from /opt/airflow/dags/newyork_fhv_quality_check.py
[2026-05-09T02:40:55.807+0000] {logging_mixin.py:188} INFO - [2026-05-09T02:40:55.806+0000] {dag.py:3096} INFO - Sync 1 DAGs
[2026-05-09T02:40:55.826+0000] {logging_mixin.py:188} INFO - [2026-05-09T02:40:55.826+0000] {dag.py:3954} INFO - Setting next_dagrun for newyork_fhv_quality_check to None, run_after=None
[2026-05-09T02:40:55.873+0000] {processor.py:183} INFO - Processing /opt/airflow/dags/newyork_fhv_quality_check.py took 0.172 seconds
[2026-05-09T02:41:26.793+0000] {processor.py:161} INFO - Started process (PID=3504) to work on /opt/airflow/dags/newyork_fhv_quality_check.py
[2026-05-09T02:41:26.795+0000] {processor.py:830} INFO - Processing file /opt/airflow/dags/newyork_fhv_quality_check.py for tasks to queue
[2026-05-09T02:41:26.797+0000] {logging_mixin.py:188} INFO - [2026-05-09T02:41:26.796+0000] {dagbag.py:545} INFO - Filling up the DagBag from /opt/airflow/dags/newyork_fhv_quality_check.py
[2026-05-09T02:41:26.843+0000] {processor.py:840} INFO - DAG(s) 'newyork_fhv_quality_check' retrieved from /opt/airflow/dags/newyork_fhv_quality_check.py
[2026-05-09T02:41:26.869+0000] {logging_mixin.py:188} INFO - [2026-05-09T02:41:26.868+0000] {dag.py:3096} INFO - Sync 1 DAGs
[2026-05-09T02:41:26.885+0000] {logging_mixin.py:188} INFO - [2026-05-09T02:41:26.884+0000] {dag.py:3954} INFO - Setting next_dagrun for newyork_fhv_quality_check to None, run_after=None
[2026-05-09T02:41:26.912+0000] {processor.py:183} INFO - Processing /opt/airflow/dags/newyork_fhv_quality_check.py took 0.125 seconds
[2026-05-09T02:41:57.760+0000] {processor.py:161} INFO - Started process (PID=3514) to work on /opt/airflow/dags/newyork_fhv_quality_check.py
[2026-05-09T02:41:57.762+0000] {processor.py:830} INFO - Processing file /opt/airflow/dags/newyork_fhv_quality_check.py for tasks to queue
[2026-05-09T02:41:57.766+0000] {logging_mixin.py:188} INFO - [2026-05-09T02:41:57.765+0000] {dagbag.py:545} INFO - Filling up the DagBag from /opt/airflow/dags/newyork_fhv_quality_check.py
[2026-05-09T02:41:57.806+0000] {processor.py:840} INFO - DAG(s) 'newyork_fhv_quality_check' retrieved from /opt/airflow/dags/newyork_fhv_quality_check.py
[2026-05-09T02:41:57.832+0000] {logging_mixin.py:188} INFO - [2026-05-09T02:41:57.832+0000] {dag.py:3096} INFO - Sync 1 DAGs
[2026-05-09T02:41:57.846+0000] {logging_mixin.py:188} INFO - [2026-05-09T02:41:57.846+0000] {dag.py:3954} INFO - Setting next_dagrun for newyork_fhv_quality_check to None, run_after=None
[2026-05-09T02:41:57.870+0000] {processor.py:183} INFO - Processing /opt/airflow/dags/newyork_fhv_quality_check.py took 0.119 seconds
[2026-05-09T02:42:28.703+0000] {processor.py:161} INFO - Started process (PID=3525) to work on /opt/airflow/dags/newyork_fhv_quality_check.py
[2026-05-09T02:42:28.706+0000] {processor.py:830} INFO - Processing file /opt/airflow/dags/newyork_fhv_quality_check.py for tasks to queue
[2026-05-09T02:42:28.709+0000] {logging_mixin.py:188} INFO - [2026-05-09T02:42:28.709+0000] {dagbag.py:545} INFO - Filling up the DagBag from /opt/airflow/dags/newyork_fhv_quality_check.py
[2026-05-09T02:42:28.735+0000] {processor.py:840} INFO - DAG(s) 'newyork_fhv_quality_check' retrieved from /opt/airflow/dags/newyork_fhv_quality_check.py
[2026-05-09T02:42:28.759+0000] {logging_mixin.py:188} INFO - [2026-05-09T02:42:28.759+0000] {dag.py:3096} INFO - Sync 1 DAGs
[2026-05-09T02:42:28.773+0000] {logging_mixin.py:188} INFO - [2026-05-09T02:42:28.773+0000] {dag.py:3954} INFO - Setting next_dagrun for newyork_fhv_quality_check to None, run_after=None
[2026-05-09T02:42:28.803+0000] {processor.py:183} INFO - Processing /opt/airflow/dags/newyork_fhv_quality_check.py took 0.109 seconds
[2026-05-09T02:42:59.657+0000] {processor.py:161} INFO - Started process (PID=3536) to work on /opt/airflow/dags/newyork_fhv_quality_check.py
[2026-05-09T02:42:59.658+0000] {processor.py:830} INFO - Processing file /opt/airflow/dags/newyork_fhv_quality_check.py for tasks to queue
[2026-05-09T02:42:59.660+0000] {logging_mixin.py:188} INFO - [2026-05-09T02:42:59.660+0000] {dagbag.py:545} INFO - Filling up the DagBag from /opt/airflow/dags/newyork_fhv_quality_check.py
[2026-05-09T02:42:59.721+0000] {processor.py:840} INFO - DAG(s) 'newyork_fhv_quality_check' retrieved from /opt/airflow/dags/newyork_fhv_quality_check.py
[2026-05-09T02:42:59.752+0000] {logging_mixin.py:188} INFO - [2026-05-09T02:42:59.752+0000] {dag.py:3096} INFO - Sync 1 DAGs
[2026-05-09T02:42:59.766+0000] {logging_mixin.py:188} INFO - [2026-05-09T02:42:59.765+0000] {dag.py:3954} INFO - Setting next_dagrun for newyork_fhv_quality_check to None, run_after=None
[2026-05-09T02:42:59.793+0000] {processor.py:183} INFO - Processing /opt/airflow/dags/newyork_fhv_quality_check.py took 0.145 seconds
[2026-05-09T02:43:30.422+0000] {processor.py:161} INFO - Started process (PID=3547) to work on /opt/airflow/dags/newyork_fhv_quality_check.py
[2026-05-09T02:43:30.423+0000] {processor.py:830} INFO - Processing file /opt/airflow/dags/newyork_fhv_quality_check.py for tasks to queue
[2026-05-09T02:43:30.426+0000] {logging_mixin.py:188} INFO - [2026-05-09T02:43:30.425+0000] {dagbag.py:545} INFO - Filling up the DagBag from /opt/airflow/dags/newyork_fhv_quality_check.py
[2026-05-09T02:43:30.456+0000] {processor.py:840} INFO - DAG(s) 'newyork_fhv_quality_check' retrieved from /opt/airflow/dags/newyork_fhv_quality_check.py
[2026-05-09T02:43:30.485+0000] {logging_mixin.py:188} INFO - [2026-05-09T02:43:30.484+0000] {dag.py:3096} INFO - Sync 1 DAGs
[2026-05-09T02:43:30.499+0000] {logging_mixin.py:188} INFO - [2026-05-09T02:43:30.499+0000] {dag.py:3954} INFO - Setting next_dagrun for newyork_fhv_quality_check to None, run_after=None
[2026-05-09T02:43:30.524+0000] {processor.py:183} INFO - Processing /opt/airflow/dags/newyork_fhv_quality_check.py took 0.110 seconds
[2026-05-09T02:44:01.370+0000] {processor.py:161} INFO - Started process (PID=3558) to work on /opt/airflow/dags/newyork_fhv_quality_check.py
[2026-05-09T02:44:01.371+0000] {processor.py:830} INFO - Processing file /opt/airflow/dags/newyork_fhv_quality_check.py for tasks to queue
[2026-05-09T02:44:01.373+0000] {logging_mixin.py:188} INFO - [2026-05-09T02:44:01.373+0000] {dagbag.py:545} INFO - Filling up the DagBag from /opt/airflow/dags/newyork_fhv_quality_check.py
[2026-05-09T02:44:01.400+0000] {processor.py:840} INFO - DAG(s) 'newyork_fhv_quality_check' retrieved from /opt/airflow/dags/newyork_fhv_quality_check.py
[2026-05-09T02:44:01.425+0000] {logging_mixin.py:188} INFO - [2026-05-09T02:44:01.425+0000] {dag.py:3096} INFO - Sync 1 DAGs
[2026-05-09T02:44:01.439+0000] {logging_mixin.py:188} INFO - [2026-05-09T02:44:01.438+0000] {dag.py:3954} INFO - Setting next_dagrun for newyork_fhv_quality_check to None, run_after=None
[2026-05-09T02:44:01.465+0000] {processor.py:183} INFO - Processing /opt/airflow/dags/newyork_fhv_quality_check.py took 0.101 seconds
[2026-05-09T02:44:32.054+0000] {processor.py:161} INFO - Started process (PID=3569) to work on /opt/airflow/dags/newyork_fhv_quality_check.py
[2026-05-09T02:44:32.055+0000] {processor.py:830} INFO - Processing file /opt/airflow/dags/newyork_fhv_quality_check.py for tasks to queue
[2026-05-09T02:44:32.057+0000] {logging_mixin.py:188} INFO - [2026-05-09T02:44:32.057+0000] {dagbag.py:545} INFO - Filling up the DagBag from /opt/airflow/dags/newyork_fhv_quality_check.py
[2026-05-09T02:44:32.082+0000] {processor.py:840} INFO - DAG(s) 'newyork_fhv_quality_check' retrieved from /opt/airflow/dags/newyork_fhv_quality_check.py
[2026-05-09T02:44:32.107+0000] {logging_mixin.py:188} INFO - [2026-05-09T02:44:32.107+0000] {dag.py:3096} INFO - Sync 1 DAGs
[2026-05-09T02:44:32.122+0000] {logging_mixin.py:188} INFO - [2026-05-09T02:44:32.122+0000] {dag.py:3954} INFO - Setting next_dagrun for newyork_fhv_quality_check to None, run_after=None
[2026-05-09T02:44:32.147+0000] {processor.py:183} INFO - Processing /opt/airflow/dags/newyork_fhv_quality_check.py took 0.099 seconds
[2026-05-09T02:45:02.895+0000] {processor.py:161} INFO - Started process (PID=3580) to work on /opt/airflow/dags/newyork_fhv_quality_check.py
[2026-05-09T02:45:02.897+0000] {processor.py:830} INFO - Processing file /opt/airflow/dags/newyork_fhv_quality_check.py for tasks to queue
[2026-05-09T02:45:02.900+0000] {logging_mixin.py:188} INFO - [2026-05-09T02:45:02.899+0000] {dagbag.py:545} INFO - Filling up the DagBag from /opt/airflow/dags/newyork_fhv_quality_check.py
[2026-05-09T02:45:02.942+0000] {processor.py:840} INFO - DAG(s) 'newyork_fhv_quality_check' retrieved from /opt/airflow/dags/newyork_fhv_quality_check.py
[2026-05-09T02:45:02.971+0000] {logging_mixin.py:188} INFO - [2026-05-09T02:45:02.971+0000] {dag.py:3096} INFO - Sync 1 DAGs
[2026-05-09T02:45:02.992+0000] {logging_mixin.py:188} INFO - [2026-05-09T02:45:02.991+0000] {dag.py:3954} INFO - Setting next_dagrun for newyork_fhv_quality_check to None, run_after=None
[2026-05-09T02:45:03.024+0000] {processor.py:183} INFO - Processing /opt/airflow/dags/newyork_fhv_quality_check.py took 0.137 seconds
[2026-05-09T02:45:33.929+0000] {processor.py:161} INFO - Started process (PID=3591) to work on /opt/airflow/dags/newyork_fhv_quality_check.py
[2026-05-09T02:45:33.930+0000] {processor.py:830} INFO - Processing file /opt/airflow/dags/newyork_fhv_quality_check.py for tasks to queue
[2026-05-09T02:45:33.932+0000] {logging_mixin.py:188} INFO - [2026-05-09T02:45:33.932+0000] {dagbag.py:545} INFO - Filling up the DagBag from /opt/airflow/dags/newyork_fhv_quality_check.py
[2026-05-09T02:45:33.959+0000] {processor.py:840} INFO - DAG(s) 'newyork_fhv_quality_check' retrieved from /opt/airflow/dags/newyork_fhv_quality_check.py
[2026-05-09T02:45:33.984+0000] {logging_mixin.py:188} INFO - [2026-05-09T02:45:33.984+0000] {dag.py:3096} INFO - Sync 1 DAGs
[2026-05-09T02:45:33.997+0000] {logging_mixin.py:188} INFO - [2026-05-09T02:45:33.997+0000] {dag.py:3954} INFO - Setting next_dagrun for newyork_fhv_quality_check to None, run_after=None
[2026-05-09T02:45:34.053+0000] {processor.py:183} INFO - Processing /opt/airflow/dags/newyork_fhv_quality_check.py took 0.132 seconds
[2026-05-09T02:46:04.830+0000] {processor.py:161} INFO - Started process (PID=3602) to work on /opt/airflow/dags/newyork_fhv_quality_check.py
[2026-05-09T02:46:04.832+0000] {processor.py:830} INFO - Processing file /opt/airflow/dags/newyork_fhv_quality_check.py for tasks to queue
[2026-05-09T02:46:04.839+0000] {logging_mixin.py:188} INFO - [2026-05-09T02:46:04.838+0000] {dagbag.py:545} INFO - Filling up the DagBag from /opt/airflow/dags/newyork_fhv_quality_check.py
[2026-05-09T02:46:04.882+0000] {processor.py:840} INFO - DAG(s) 'newyork_fhv_quality_check' retrieved from /opt/airflow/dags/newyork_fhv_quality_check.py
[2026-05-09T02:46:04.911+0000] {logging_mixin.py:188} INFO - [2026-05-09T02:46:04.910+0000] {dag.py:3096} INFO - Sync 1 DAGs
[2026-05-09T02:46:04.924+0000] {logging_mixin.py:188} INFO - [2026-05-09T02:46:04.924+0000] {dag.py:3954} INFO - Setting next_dagrun for newyork_fhv_quality_check to None, run_after=None
[2026-05-09T02:46:04.953+0000] {processor.py:183} INFO - Processing /opt/airflow/dags/newyork_fhv_quality_check.py took 0.135 seconds
[2026-05-09T02:46:35.864+0000] {processor.py:161} INFO - Started process (PID=3613) to work on /opt/airflow/dags/newyork_fhv_quality_check.py
[2026-05-09T02:46:35.866+0000] {processor.py:830} INFO - Processing file /opt/airflow/dags/newyork_fhv_quality_check.py for tasks to queue
[2026-05-09T02:46:35.870+0000] {logging_mixin.py:188} INFO - [2026-05-09T02:46:35.870+0000] {dagbag.py:545} INFO - Filling up the DagBag from /opt/airflow/dags/newyork_fhv_quality_check.py
[2026-05-09T02:46:35.904+0000] {processor.py:840} INFO - DAG(s) 'newyork_fhv_quality_check' retrieved from /opt/airflow/dags/newyork_fhv_quality_check.py
[2026-05-09T02:46:35.932+0000] {logging_mixin.py:188} INFO - [2026-05-09T02:46:35.931+0000] {dag.py:3096} INFO - Sync 1 DAGs
[2026-05-09T02:46:35.948+0000] {logging_mixin.py:188} INFO - [2026-05-09T02:46:35.947+0000] {dag.py:3954} INFO - Setting next_dagrun for newyork_fhv_quality_check to None, run_after=None
[2026-05-09T02:46:35.976+0000] {processor.py:183} INFO - Processing /opt/airflow/dags/newyork_fhv_quality_check.py took 0.124 seconds
[2026-05-09T02:47:06.855+0000] {processor.py:161} INFO - Started process (PID=3624) to work on /opt/airflow/dags/newyork_fhv_quality_check.py
[2026-05-09T02:47:06.856+0000] {processor.py:830} INFO - Processing file /opt/airflow/dags/newyork_fhv_quality_check.py for tasks to queue
[2026-05-09T02:47:06.860+0000] {logging_mixin.py:188} INFO - [2026-05-09T02:47:06.859+0000] {dagbag.py:545} INFO - Filling up the DagBag from /opt/airflow/dags/newyork_fhv_quality_check.py
[2026-05-09T02:47:06.899+0000] {processor.py:840} INFO - DAG(s) 'newyork_fhv_quality_check' retrieved from /opt/airflow/dags/newyork_fhv_quality_check.py
[2026-05-09T02:47:06.934+0000] {logging_mixin.py:188} INFO - [2026-05-09T02:47:06.934+0000] {dag.py:3096} INFO - Sync 1 DAGs
[2026-05-09T02:47:06.951+0000] {logging_mixin.py:188} INFO - [2026-05-09T02:47:06.951+0000] {dag.py:3954} INFO - Setting next_dagrun for newyork_fhv_quality_check to None, run_after=None
[2026-05-09T02:47:06.977+0000] {processor.py:183} INFO - Processing /opt/airflow/dags/newyork_fhv_quality_check.py took 0.132 seconds
[2026-05-09T02:47:37.828+0000] {processor.py:161} INFO - Started process (PID=3635) to work on /opt/airflow/dags/newyork_fhv_quality_check.py
[2026-05-09T02:47:37.830+0000] {processor.py:830} INFO - Processing file /opt/airflow/dags/newyork_fhv_quality_check.py for tasks to queue
[2026-05-09T02:47:37.832+0000] {logging_mixin.py:188} INFO - [2026-05-09T02:47:37.832+0000] {dagbag.py:545} INFO - Filling up the DagBag from /opt/airflow/dags/newyork_fhv_quality_check.py
[2026-05-09T02:47:37.871+0000] {processor.py:840} INFO - DAG(s) 'newyork_fhv_quality_check' retrieved from /opt/airflow/dags/newyork_fhv_quality_check.py
[2026-05-09T02:47:37.896+0000] {logging_mixin.py:188} INFO - [2026-05-09T02:47:37.896+0000] {dag.py:3096} INFO - Sync 1 DAGs
[2026-05-09T02:47:37.912+0000] {logging_mixin.py:188} INFO - [2026-05-09T02:47:37.911+0000] {dag.py:3954} INFO - Setting next_dagrun for newyork_fhv_quality_check to None, run_after=None
[2026-05-09T02:47:37.936+0000] {processor.py:183} INFO - Processing /opt/airflow/dags/newyork_fhv_quality_check.py took 0.117 seconds
[2026-05-09T02:48:08.681+0000] {processor.py:161} INFO - Started process (PID=3646) to work on /opt/airflow/dags/newyork_fhv_quality_check.py
[2026-05-09T02:48:08.682+0000] {processor.py:830} INFO - Processing file /opt/airflow/dags/newyork_fhv_quality_check.py for tasks to queue
[2026-05-09T02:48:08.684+0000] {logging_mixin.py:188} INFO - [2026-05-09T02:48:08.684+0000] {dagbag.py:545} INFO - Filling up the DagBag from /opt/airflow/dags/newyork_fhv_quality_check.py
[2026-05-09T02:48:08.717+0000] {processor.py:840} INFO - DAG(s) 'newyork_fhv_quality_check' retrieved from /opt/airflow/dags/newyork_fhv_quality_check.py
[2026-05-09T02:48:08.740+0000] {logging_mixin.py:188} INFO - [2026-05-09T02:48:08.740+0000] {dag.py:3096} INFO - Sync 1 DAGs
[2026-05-09T02:48:08.754+0000] {logging_mixin.py:188} INFO - [2026-05-09T02:48:08.754+0000] {dag.py:3954} INFO - Setting next_dagrun for newyork_fhv_quality_check to None, run_after=None
[2026-05-09T02:48:08.776+0000] {processor.py:183} INFO - Processing /opt/airflow/dags/newyork_fhv_quality_check.py took 0.102 seconds
[2026-05-09T02:48:39.594+0000] {processor.py:161} INFO - Started process (PID=3657) to work on /opt/airflow/dags/newyork_fhv_quality_check.py
[2026-05-09T02:48:39.596+0000] {processor.py:830} INFO - Processing file /opt/airflow/dags/newyork_fhv_quality_check.py for tasks to queue
[2026-05-09T02:48:39.599+0000] {logging_mixin.py:188} INFO - [2026-05-09T02:48:39.599+0000] {dagbag.py:545} INFO - Filling up the DagBag from /opt/airflow/dags/newyork_fhv_quality_check.py
[2026-05-09T02:48:39.633+0000] {processor.py:840} INFO - DAG(s) 'newyork_fhv_quality_check' retrieved from /opt/airflow/dags/newyork_fhv_quality_check.py
[2026-05-09T02:48:39.665+0000] {logging_mixin.py:188} INFO - [2026-05-09T02:48:39.665+0000] {dag.py:3096} INFO - Sync 1 DAGs
[2026-05-09T02:48:39.684+0000] {logging_mixin.py:188} INFO - [2026-05-09T02:48:39.684+0000] {dag.py:3954} INFO - Setting next_dagrun for newyork_fhv_quality_check to None, run_after=None
[2026-05-09T02:48:39.717+0000] {processor.py:183} INFO - Processing /opt/airflow/dags/newyork_fhv_quality_check.py took 0.131 seconds
[2026-05-09T02:49:09.944+0000] {processor.py:161} INFO - Started process (PID=3668) to work on /opt/airflow/dags/newyork_fhv_quality_check.py
[2026-05-09T02:49:09.946+0000] {processor.py:830} INFO - Processing file /opt/airflow/dags/newyork_fhv_quality_check.py for tasks to queue
[2026-05-09T02:49:09.950+0000] {logging_mixin.py:188} INFO - [2026-05-09T02:49:09.949+0000] {dagbag.py:545} INFO - Filling up the DagBag from /opt/airflow/dags/newyork_fhv_quality_check.py
[2026-05-09T02:49:09.986+0000] {processor.py:840} INFO - DAG(s) 'newyork_fhv_quality_check' retrieved from /opt/airflow/dags/newyork_fhv_quality_check.py
[2026-05-09T02:49:10.012+0000] {logging_mixin.py:188} INFO - [2026-05-09T02:49:10.012+0000] {dag.py:3096} INFO - Sync 1 DAGs
[2026-05-09T02:49:10.027+0000] {logging_mixin.py:188} INFO - [2026-05-09T02:49:10.027+0000] {dag.py:3954} INFO - Setting next_dagrun for newyork_fhv_quality_check to None, run_after=None
[2026-05-09T02:49:10.059+0000] {processor.py:183} INFO - Processing /opt/airflow/dags/newyork_fhv_quality_check.py took 0.124 seconds
[2026-05-09T02:49:40.751+0000] {processor.py:161} INFO - Started process (PID=3679) to work on /opt/airflow/dags/newyork_fhv_quality_check.py
[2026-05-09T02:49:40.753+0000] {processor.py:830} INFO - Processing file /opt/airflow/dags/newyork_fhv_quality_check.py for tasks to queue
[2026-05-09T02:49:40.755+0000] {logging_mixin.py:188} INFO - [2026-05-09T02:49:40.755+0000] {dagbag.py:545} INFO - Filling up the DagBag from /opt/airflow/dags/newyork_fhv_quality_check.py
[2026-05-09T02:49:40.793+0000] {processor.py:840} INFO - DAG(s) 'newyork_fhv_quality_check' retrieved from /opt/airflow/dags/newyork_fhv_quality_check.py
[2026-05-09T02:49:40.820+0000] {logging_mixin.py:188} INFO - [2026-05-09T02:49:40.820+0000] {dag.py:3096} INFO - Sync 1 DAGs
[2026-05-09T02:49:40.837+0000] {logging_mixin.py:188} INFO - [2026-05-09T02:49:40.837+0000] {dag.py:3954} INFO - Setting next_dagrun for newyork_fhv_quality_check to None, run_after=None
[2026-05-09T02:49:40.863+0000] {processor.py:183} INFO - Processing /opt/airflow/dags/newyork_fhv_quality_check.py took 0.119 seconds
[2026-05-09T02:50:11.699+0000] {processor.py:161} INFO - Started process (PID=3690) to work on /opt/airflow/dags/newyork_fhv_quality_check.py
[2026-05-09T02:50:11.701+0000] {processor.py:830} INFO - Processing file /opt/airflow/dags/newyork_fhv_quality_check.py for tasks to queue
[2026-05-09T02:50:11.704+0000] {logging_mixin.py:188} INFO - [2026-05-09T02:50:11.703+0000] {dagbag.py:545} INFO - Filling up the DagBag from /opt/airflow/dags/newyork_fhv_quality_check.py
[2026-05-09T02:50:11.745+0000] {processor.py:840} INFO - DAG(s) 'newyork_fhv_quality_check' retrieved from /opt/airflow/dags/newyork_fhv_quality_check.py
[2026-05-09T02:50:11.772+0000] {logging_mixin.py:188} INFO - [2026-05-09T02:50:11.772+0000] {dag.py:3096} INFO - Sync 1 DAGs
[2026-05-09T02:50:11.786+0000] {logging_mixin.py:188} INFO - [2026-05-09T02:50:11.786+0000] {dag.py:3954} INFO - Setting next_dagrun for newyork_fhv_quality_check to None, run_after=None
[2026-05-09T02:50:11.810+0000] {processor.py:183} INFO - Processing /opt/airflow/dags/newyork_fhv_quality_check.py took 0.119 seconds
[2026-05-09T02:50:42.663+0000] {processor.py:161} INFO - Started process (PID=3701) to work on /opt/airflow/dags/newyork_fhv_quality_check.py
[2026-05-09T02:50:42.664+0000] {processor.py:830} INFO - Processing file /opt/airflow/dags/newyork_fhv_quality_check.py for tasks to queue
[2026-05-09T02:50:42.669+0000] {logging_mixin.py:188} INFO - [2026-05-09T02:50:42.668+0000] {dagbag.py:545} INFO - Filling up the DagBag from /opt/airflow/dags/newyork_fhv_quality_check.py
[2026-05-09T02:50:42.704+0000] {processor.py:840} INFO - DAG(s) 'newyork_fhv_quality_check' retrieved from /opt/airflow/dags/newyork_fhv_quality_check.py
[2026-05-09T02:50:42.732+0000] {logging_mixin.py:188} INFO - [2026-05-09T02:50:42.732+0000] {dag.py:3096} INFO - Sync 1 DAGs
[2026-05-09T02:50:42.747+0000] {logging_mixin.py:188} INFO - [2026-05-09T02:50:42.747+0000] {dag.py:3954} INFO - Setting next_dagrun for newyork_fhv_quality_check to None, run_after=None
[2026-05-09T02:50:42.774+0000] {processor.py:183} INFO - Processing /opt/airflow/dags/newyork_fhv_quality_check.py took 0.118 seconds
[2026-05-09T02:51:13.546+0000] {processor.py:161} INFO - Started process (PID=3712) to work on /opt/airflow/dags/newyork_fhv_quality_check.py
[2026-05-09T02:51:13.548+0000] {processor.py:830} INFO - Processing file /opt/airflow/dags/newyork_fhv_quality_check.py for tasks to queue
[2026-05-09T02:51:13.551+0000] {logging_mixin.py:188} INFO - [2026-05-09T02:51:13.550+0000] {dagbag.py:545} INFO - Filling up the DagBag from /opt/airflow/dags/newyork_fhv_quality_check.py
[2026-05-09T02:51:13.586+0000] {processor.py:840} INFO - DAG(s) 'newyork_fhv_quality_check' retrieved from /opt/airflow/dags/newyork_fhv_quality_check.py
[2026-05-09T02:51:13.616+0000] {logging_mixin.py:188} INFO - [2026-05-09T02:51:13.616+0000] {dag.py:3096} INFO - Sync 1 DAGs
[2026-05-09T02:51:13.630+0000] {logging_mixin.py:188} INFO - [2026-05-09T02:51:13.629+0000] {dag.py:3954} INFO - Setting next_dagrun for newyork_fhv_quality_check to None, run_after=None
[2026-05-09T02:51:13.658+0000] {processor.py:183} INFO - Processing /opt/airflow/dags/newyork_fhv_quality_check.py took 0.119 seconds
[2026-05-09T02:51:44.485+0000] {processor.py:161} INFO - Started process (PID=3723) to work on /opt/airflow/dags/newyork_fhv_quality_check.py
[2026-05-09T02:51:44.487+0000] {processor.py:830} INFO - Processing file /opt/airflow/dags/newyork_fhv_quality_check.py for tasks to queue
[2026-05-09T02:51:44.491+0000] {logging_mixin.py:188} INFO - [2026-05-09T02:51:44.491+0000] {dagbag.py:545} INFO - Filling up the DagBag from /opt/airflow/dags/newyork_fhv_quality_check.py
[2026-05-09T02:51:44.535+0000] {processor.py:840} INFO - DAG(s) 'newyork_fhv_quality_check' retrieved from /opt/airflow/dags/newyork_fhv_quality_check.py
[2026-05-09T02:51:44.581+0000] {logging_mixin.py:188} INFO - [2026-05-09T02:51:44.580+0000] {dag.py:3096} INFO - Sync 1 DAGs
[2026-05-09T02:51:44.596+0000] {logging_mixin.py:188} INFO - [2026-05-09T02:51:44.596+0000] {dag.py:3954} INFO - Setting next_dagrun for newyork_fhv_quality_check to None, run_after=None
[2026-05-09T02:51:44.624+0000] {processor.py:183} INFO - Processing /opt/airflow/dags/newyork_fhv_quality_check.py took 0.147 seconds
[2026-05-09T02:52:14.740+0000] {processor.py:161} INFO - Started process (PID=3734) to work on /opt/airflow/dags/newyork_fhv_quality_check.py
[2026-05-09T02:52:14.743+0000] {processor.py:830} INFO - Processing file /opt/airflow/dags/newyork_fhv_quality_check.py for tasks to queue
[2026-05-09T02:52:14.746+0000] {logging_mixin.py:188} INFO - [2026-05-09T02:52:14.745+0000] {dagbag.py:545} INFO - Filling up the DagBag from /opt/airflow/dags/newyork_fhv_quality_check.py
[2026-05-09T02:52:14.769+0000] {processor.py:840} INFO - DAG(s) 'newyork_fhv_quality_check' retrieved from /opt/airflow/dags/newyork_fhv_quality_check.py
[2026-05-09T02:52:14.797+0000] {logging_mixin.py:188} INFO - [2026-05-09T02:52:14.796+0000] {dag.py:3096} INFO - Sync 1 DAGs
[2026-05-09T02:52:14.810+0000] {logging_mixin.py:188} INFO - [2026-05-09T02:52:14.810+0000] {dag.py:3954} INFO - Setting next_dagrun for newyork_fhv_quality_check to None, run_after=None
[2026-05-09T02:52:14.839+0000] {processor.py:183} INFO - Processing /opt/airflow/dags/newyork_fhv_quality_check.py took 0.107 seconds
[2026-05-09T02:52:45.729+0000] {processor.py:161} INFO - Started process (PID=3745) to work on /opt/airflow/dags/newyork_fhv_quality_check.py
[2026-05-09T02:52:45.731+0000] {processor.py:830} INFO - Processing file /opt/airflow/dags/newyork_fhv_quality_check.py for tasks to queue
[2026-05-09T02:52:45.734+0000] {logging_mixin.py:188} INFO - [2026-05-09T02:52:45.734+0000] {dagbag.py:545} INFO - Filling up the DagBag from /opt/airflow/dags/newyork_fhv_quality_check.py
[2026-05-09T02:52:45.775+0000] {processor.py:840} INFO - DAG(s) 'newyork_fhv_quality_check' retrieved from /opt/airflow/dags/newyork_fhv_quality_check.py
[2026-05-09T02:52:45.800+0000] {logging_mixin.py:188} INFO - [2026-05-09T02:52:45.800+0000] {dag.py:3096} INFO - Sync 1 DAGs
[2026-05-09T02:52:45.813+0000] {logging_mixin.py:188} INFO - [2026-05-09T02:52:45.813+0000] {dag.py:3954} INFO - Setting next_dagrun for newyork_fhv_quality_check to None, run_after=None
[2026-05-09T02:52:45.834+0000] {processor.py:183} INFO - Processing /opt/airflow/dags/newyork_fhv_quality_check.py took 0.116 seconds
[2026-05-09T02:53:16.721+0000] {processor.py:161} INFO - Started process (PID=3756) to work on /opt/airflow/dags/newyork_fhv_quality_check.py
[2026-05-09T02:53:16.724+0000] {processor.py:830} INFO - Processing file /opt/airflow/dags/newyork_fhv_quality_check.py for tasks to queue
[2026-05-09T02:53:16.728+0000] {logging_mixin.py:188} INFO - [2026-05-09T02:53:16.727+0000] {dagbag.py:545} INFO - Filling up the DagBag from /opt/airflow/dags/newyork_fhv_quality_check.py
[2026-05-09T02:53:16.769+0000] {processor.py:840} INFO - DAG(s) 'newyork_fhv_quality_check' retrieved from /opt/airflow/dags/newyork_fhv_quality_check.py
[2026-05-09T02:53:16.807+0000] {logging_mixin.py:188} INFO - [2026-05-09T02:53:16.806+0000] {dag.py:3096} INFO - Sync 1 DAGs
[2026-05-09T02:53:16.836+0000] {logging_mixin.py:188} INFO - [2026-05-09T02:53:16.836+0000] {dag.py:3954} INFO - Setting next_dagrun for newyork_fhv_quality_check to None, run_after=None
[2026-05-09T02:53:16.871+0000] {processor.py:183} INFO - Processing /opt/airflow/dags/newyork_fhv_quality_check.py took 0.160 seconds
[2026-05-09T02:53:47.679+0000] {processor.py:161} INFO - Started process (PID=3773) to work on /opt/airflow/dags/newyork_fhv_quality_check.py
[2026-05-09T02:53:47.680+0000] {processor.py:830} INFO - Processing file /opt/airflow/dags/newyork_fhv_quality_check.py for tasks to queue
[2026-05-09T02:53:47.683+0000] {logging_mixin.py:188} INFO - [2026-05-09T02:53:47.682+0000] {dagbag.py:545} INFO - Filling up the DagBag from /opt/airflow/dags/newyork_fhv_quality_check.py
[2026-05-09T02:53:47.717+0000] {processor.py:840} INFO - DAG(s) 'newyork_fhv_quality_check' retrieved from /opt/airflow/dags/newyork_fhv_quality_check.py
[2026-05-09T02:53:47.743+0000] {logging_mixin.py:188} INFO - [2026-05-09T02:53:47.743+0000] {dag.py:3096} INFO - Sync 1 DAGs
[2026-05-09T02:53:47.759+0000] {logging_mixin.py:188} INFO - [2026-05-09T02:53:47.759+0000] {dag.py:3954} INFO - Setting next_dagrun for newyork_fhv_quality_check to None, run_after=None
[2026-05-09T02:53:47.787+0000] {processor.py:183} INFO - Processing /opt/airflow/dags/newyork_fhv_quality_check.py took 0.115 seconds
[2026-05-09T02:54:18.027+0000] {processor.py:161} INFO - Started process (PID=3784) to work on /opt/airflow/dags/newyork_fhv_quality_check.py
[2026-05-09T02:54:18.029+0000] {processor.py:830} INFO - Processing file /opt/airflow/dags/newyork_fhv_quality_check.py for tasks to queue
[2026-05-09T02:54:18.032+0000] {logging_mixin.py:188} INFO - [2026-05-09T02:54:18.032+0000] {dagbag.py:545} INFO - Filling up the DagBag from /opt/airflow/dags/newyork_fhv_quality_check.py
[2026-05-09T02:54:18.065+0000] {processor.py:840} INFO - DAG(s) 'newyork_fhv_quality_check' retrieved from /opt/airflow/dags/newyork_fhv_quality_check.py
[2026-05-09T02:54:18.091+0000] {logging_mixin.py:188} INFO - [2026-05-09T02:54:18.091+0000] {dag.py:3096} INFO - Sync 1 DAGs
[2026-05-09T02:54:18.106+0000] {logging_mixin.py:188} INFO - [2026-05-09T02:54:18.106+0000] {dag.py:3954} INFO - Setting next_dagrun for newyork_fhv_quality_check to None, run_after=None
[2026-05-09T02:54:18.138+0000] {processor.py:183} INFO - Processing /opt/airflow/dags/newyork_fhv_quality_check.py took 0.119 seconds
[2026-05-09T02:54:48.941+0000] {processor.py:161} INFO - Started process (PID=3795) to work on /opt/airflow/dags/newyork_fhv_quality_check.py
[2026-05-09T02:54:48.943+0000] {processor.py:830} INFO - Processing file /opt/airflow/dags/newyork_fhv_quality_check.py for tasks to queue
[2026-05-09T02:54:48.946+0000] {logging_mixin.py:188} INFO - [2026-05-09T02:54:48.945+0000] {dagbag.py:545} INFO - Filling up the DagBag from /opt/airflow/dags/newyork_fhv_quality_check.py
[2026-05-09T02:54:48.983+0000] {processor.py:840} INFO - DAG(s) 'newyork_fhv_quality_check' retrieved from /opt/airflow/dags/newyork_fhv_quality_check.py
[2026-05-09T02:54:49.007+0000] {logging_mixin.py:188} INFO - [2026-05-09T02:54:49.006+0000] {dag.py:3096} INFO - Sync 1 DAGs
[2026-05-09T02:54:49.022+0000] {logging_mixin.py:188} INFO - [2026-05-09T02:54:49.022+0000] {dag.py:3954} INFO - Setting next_dagrun for newyork_fhv_quality_check to None, run_after=None
[2026-05-09T02:54:49.050+0000] {processor.py:183} INFO - Processing /opt/airflow/dags/newyork_fhv_quality_check.py took 0.116 seconds
[2026-05-09T02:55:19.724+0000] {processor.py:161} INFO - Started process (PID=3806) to work on /opt/airflow/dags/newyork_fhv_quality_check.py
[2026-05-09T02:55:19.725+0000] {processor.py:830} INFO - Processing file /opt/airflow/dags/newyork_fhv_quality_check.py for tasks to queue
[2026-05-09T02:55:19.728+0000] {logging_mixin.py:188} INFO - [2026-05-09T02:55:19.728+0000] {dagbag.py:545} INFO - Filling up the DagBag from /opt/airflow/dags/newyork_fhv_quality_check.py
[2026-05-09T02:55:19.764+0000] {processor.py:840} INFO - DAG(s) 'newyork_fhv_quality_check' retrieved from /opt/airflow/dags/newyork_fhv_quality_check.py
[2026-05-09T02:55:19.789+0000] {logging_mixin.py:188} INFO - [2026-05-09T02:55:19.788+0000] {dag.py:3096} INFO - Sync 1 DAGs
[2026-05-09T02:55:19.804+0000] {logging_mixin.py:188} INFO - [2026-05-09T02:55:19.804+0000] {dag.py:3954} INFO - Setting next_dagrun for newyork_fhv_quality_check to None, run_after=None
[2026-05-09T02:55:19.836+0000] {processor.py:183} INFO - Processing /opt/airflow/dags/newyork_fhv_quality_check.py took 0.121 seconds
[2026-05-09T02:55:50.636+0000] {processor.py:161} INFO - Started process (PID=3817) to work on /opt/airflow/dags/newyork_fhv_quality_check.py
[2026-05-09T02:55:50.638+0000] {processor.py:830} INFO - Processing file /opt/airflow/dags/newyork_fhv_quality_check.py for tasks to queue
[2026-05-09T02:55:50.641+0000] {logging_mixin.py:188} INFO - [2026-05-09T02:55:50.640+0000] {dagbag.py:545} INFO - Filling up the DagBag from /opt/airflow/dags/newyork_fhv_quality_check.py
[2026-05-09T02:55:50.679+0000] {processor.py:840} INFO - DAG(s) 'newyork_fhv_quality_check' retrieved from /opt/airflow/dags/newyork_fhv_quality_check.py
[2026-05-09T02:55:50.705+0000] {logging_mixin.py:188} INFO - [2026-05-09T02:55:50.704+0000] {dag.py:3096} INFO - Sync 1 DAGs
[2026-05-09T02:55:50.718+0000] {logging_mixin.py:188} INFO - [2026-05-09T02:55:50.718+0000] {dag.py:3954} INFO - Setting next_dagrun for newyork_fhv_quality_check to None, run_after=None
[2026-05-09T02:55:50.746+0000] {processor.py:183} INFO - Processing /opt/airflow/dags/newyork_fhv_quality_check.py took 0.115 seconds
[2026-05-09T02:56:21.554+0000] {processor.py:161} INFO - Started process (PID=3828) to work on /opt/airflow/dags/newyork_fhv_quality_check.py
[2026-05-09T02:56:21.556+0000] {processor.py:830} INFO - Processing file /opt/airflow/dags/newyork_fhv_quality_check.py for tasks to queue
[2026-05-09T02:56:21.559+0000] {logging_mixin.py:188} INFO - [2026-05-09T02:56:21.558+0000] {dagbag.py:545} INFO - Filling up the DagBag from /opt/airflow/dags/newyork_fhv_quality_check.py
[2026-05-09T02:56:21.595+0000] {processor.py:840} INFO - DAG(s) 'newyork_fhv_quality_check' retrieved from /opt/airflow/dags/newyork_fhv_quality_check.py
[2026-05-09T02:56:21.621+0000] {logging_mixin.py:188} INFO - [2026-05-09T02:56:21.620+0000] {dag.py:3096} INFO - Sync 1 DAGs
[2026-05-09T02:56:21.636+0000] {logging_mixin.py:188} INFO - [2026-05-09T02:56:21.636+0000] {dag.py:3954} INFO - Setting next_dagrun for newyork_fhv_quality_check to None, run_after=None
[2026-05-09T02:56:21.662+0000] {processor.py:183} INFO - Processing /opt/airflow/dags/newyork_fhv_quality_check.py took 0.117 seconds
[2026-05-09T02:56:52.542+0000] {processor.py:161} INFO - Started process (PID=3839) to work on /opt/airflow/dags/newyork_fhv_quality_check.py
[2026-05-09T02:56:52.543+0000] {processor.py:830} INFO - Processing file /opt/airflow/dags/newyork_fhv_quality_check.py for tasks to queue
[2026-05-09T02:56:52.546+0000] {logging_mixin.py:188} INFO - [2026-05-09T02:56:52.546+0000] {dagbag.py:545} INFO - Filling up the DagBag from /opt/airflow/dags/newyork_fhv_quality_check.py
[2026-05-09T02:56:52.577+0000] {processor.py:840} INFO - DAG(s) 'newyork_fhv_quality_check' retrieved from /opt/airflow/dags/newyork_fhv_quality_check.py
[2026-05-09T02:56:52.608+0000] {logging_mixin.py:188} INFO - [2026-05-09T02:56:52.608+0000] {dag.py:3096} INFO - Sync 1 DAGs
[2026-05-09T02:56:52.626+0000] {logging_mixin.py:188} INFO - [2026-05-09T02:56:52.626+0000] {dag.py:3954} INFO - Setting next_dagrun for newyork_fhv_quality_check to None, run_after=None
[2026-05-09T02:56:52.654+0000] {processor.py:183} INFO - Processing /opt/airflow/dags/newyork_fhv_quality_check.py took 0.120 seconds
[2026-05-09T02:57:23.644+0000] {processor.py:161} INFO - Started process (PID=3850) to work on /opt/airflow/dags/newyork_fhv_quality_check.py
[2026-05-09T02:57:23.646+0000] {processor.py:830} INFO - Processing file /opt/airflow/dags/newyork_fhv_quality_check.py for tasks to queue
[2026-05-09T02:57:23.649+0000] {logging_mixin.py:188} INFO - [2026-05-09T02:57:23.648+0000] {dagbag.py:545} INFO - Filling up the DagBag from /opt/airflow/dags/newyork_fhv_quality_check.py
[2026-05-09T02:57:23.701+0000] {processor.py:840} INFO - DAG(s) 'newyork_fhv_quality_check' retrieved from /opt/airflow/dags/newyork_fhv_quality_check.py
[2026-05-09T02:57:23.743+0000] {logging_mixin.py:188} INFO - [2026-05-09T02:57:23.742+0000] {dag.py:3096} INFO - Sync 1 DAGs
[2026-05-09T02:57:23.760+0000] {logging_mixin.py:188} INFO - [2026-05-09T02:57:23.760+0000] {dag.py:3954} INFO - Setting next_dagrun for newyork_fhv_quality_check to None, run_after=None
[2026-05-09T02:57:23.789+0000] {processor.py:183} INFO - Processing /opt/airflow/dags/newyork_fhv_quality_check.py took 0.158 seconds
[2026-05-09T02:57:54.662+0000] {processor.py:161} INFO - Started process (PID=3861) to work on /opt/airflow/dags/newyork_fhv_quality_check.py
[2026-05-09T02:57:54.663+0000] {processor.py:830} INFO - Processing file /opt/airflow/dags/newyork_fhv_quality_check.py for tasks to queue
[2026-05-09T02:57:54.665+0000] {logging_mixin.py:188} INFO - [2026-05-09T02:57:54.665+0000] {dagbag.py:545} INFO - Filling up the DagBag from /opt/airflow/dags/newyork_fhv_quality_check.py
[2026-05-09T02:57:54.701+0000] {processor.py:840} INFO - DAG(s) 'newyork_fhv_quality_check' retrieved from /opt/airflow/dags/newyork_fhv_quality_check.py
[2026-05-09T02:57:54.725+0000] {logging_mixin.py:188} INFO - [2026-05-09T02:57:54.725+0000] {dag.py:3096} INFO - Sync 1 DAGs
[2026-05-09T02:57:54.740+0000] {logging_mixin.py:188} INFO - [2026-05-09T02:57:54.739+0000] {dag.py:3954} INFO - Setting next_dagrun for newyork_fhv_quality_check to None, run_after=None
[2026-05-09T02:57:54.771+0000] {processor.py:183} INFO - Processing /opt/airflow/dags/newyork_fhv_quality_check.py took 0.118 seconds
[2026-05-09T02:58:25.706+0000] {processor.py:161} INFO - Started process (PID=3872) to work on /opt/airflow/dags/newyork_fhv_quality_check.py
[2026-05-09T02:58:25.708+0000] {processor.py:830} INFO - Processing file /opt/airflow/dags/newyork_fhv_quality_check.py for tasks to queue
[2026-05-09T02:58:25.711+0000] {logging_mixin.py:188} INFO - [2026-05-09T02:58:25.711+0000] {dagbag.py:545} INFO - Filling up the DagBag from /opt/airflow/dags/newyork_fhv_quality_check.py
[2026-05-09T02:58:25.743+0000] {processor.py:840} INFO - DAG(s) 'newyork_fhv_quality_check' retrieved from /opt/airflow/dags/newyork_fhv_quality_check.py
[2026-05-09T02:58:25.770+0000] {logging_mixin.py:188} INFO - [2026-05-09T02:58:25.770+0000] {dag.py:3096} INFO - Sync 1 DAGs
[2026-05-09T02:58:25.784+0000] {logging_mixin.py:188} INFO - [2026-05-09T02:58:25.784+0000] {dag.py:3954} INFO - Setting next_dagrun for newyork_fhv_quality_check to None, run_after=None
[2026-05-09T02:58:25.812+0000] {processor.py:183} INFO - Processing /opt/airflow/dags/newyork_fhv_quality_check.py took 0.127 seconds
[2026-05-09T02:58:56.692+0000] {processor.py:161} INFO - Started process (PID=3883) to work on /opt/airflow/dags/newyork_fhv_quality_check.py
[2026-05-09T02:58:56.693+0000] {processor.py:830} INFO - Processing file /opt/airflow/dags/newyork_fhv_quality_check.py for tasks to queue
[2026-05-09T02:58:56.695+0000] {logging_mixin.py:188} INFO - [2026-05-09T02:58:56.695+0000] {dagbag.py:545} INFO - Filling up the DagBag from /opt/airflow/dags/newyork_fhv_quality_check.py
[2026-05-09T02:58:56.726+0000] {processor.py:840} INFO - DAG(s) 'newyork_fhv_quality_check' retrieved from /opt/airflow/dags/newyork_fhv_quality_check.py
[2026-05-09T02:58:56.752+0000] {logging_mixin.py:188} INFO - [2026-05-09T02:58:56.751+0000] {dag.py:3096} INFO - Sync 1 DAGs
[2026-05-09T02:58:56.765+0000] {logging_mixin.py:188} INFO - [2026-05-09T02:58:56.765+0000] {dag.py:3954} INFO - Setting next_dagrun for newyork_fhv_quality_check to None, run_after=None
[2026-05-09T02:58:56.797+0000] {processor.py:183} INFO - Processing /opt/airflow/dags/newyork_fhv_quality_check.py took 0.117 seconds
[2026-05-09T02:59:27.758+0000] {processor.py:161} INFO - Started process (PID=3894) to work on /opt/airflow/dags/newyork_fhv_quality_check.py
[2026-05-09T02:59:27.760+0000] {processor.py:830} INFO - Processing file /opt/airflow/dags/newyork_fhv_quality_check.py for tasks to queue
[2026-05-09T02:59:27.762+0000] {logging_mixin.py:188} INFO - [2026-05-09T02:59:27.762+0000] {dagbag.py:545} INFO - Filling up the DagBag from /opt/airflow/dags/newyork_fhv_quality_check.py
[2026-05-09T02:59:27.800+0000] {processor.py:840} INFO - DAG(s) 'newyork_fhv_quality_check' retrieved from /opt/airflow/dags/newyork_fhv_quality_check.py
[2026-05-09T02:59:27.824+0000] {logging_mixin.py:188} INFO - [2026-05-09T02:59:27.824+0000] {dag.py:3096} INFO - Sync 1 DAGs
[2026-05-09T02:59:27.839+0000] {logging_mixin.py:188} INFO - [2026-05-09T02:59:27.838+0000] {dag.py:3954} INFO - Setting next_dagrun for newyork_fhv_quality_check to None, run_after=None
[2026-05-09T02:59:27.867+0000] {processor.py:183} INFO - Processing /opt/airflow/dags/newyork_fhv_quality_check.py took 0.115 seconds
[2026-05-09T02:59:58.683+0000] {processor.py:161} INFO - Started process (PID=3906) to work on /opt/airflow/dags/newyork_fhv_quality_check.py
[2026-05-09T02:59:58.686+0000] {processor.py:830} INFO - Processing file /opt/airflow/dags/newyork_fhv_quality_check.py for tasks to queue
[2026-05-09T02:59:58.690+0000] {logging_mixin.py:188} INFO - [2026-05-09T02:59:58.689+0000] {dagbag.py:545} INFO - Filling up the DagBag from /opt/airflow/dags/newyork_fhv_quality_check.py
[2026-05-09T02:59:58.733+0000] {processor.py:840} INFO - DAG(s) 'newyork_fhv_quality_check' retrieved from /opt/airflow/dags/newyork_fhv_quality_check.py
[2026-05-09T02:59:58.763+0000] {logging_mixin.py:188} INFO - [2026-05-09T02:59:58.763+0000] {dag.py:3096} INFO - Sync 1 DAGs
[2026-05-09T02:59:58.780+0000] {logging_mixin.py:188} INFO - [2026-05-09T02:59:58.780+0000] {dag.py:3954} INFO - Setting next_dagrun for newyork_fhv_quality_check to None, run_after=None
[2026-05-09T02:59:58.806+0000] {processor.py:183} INFO - Processing /opt/airflow/dags/newyork_fhv_quality_check.py took 0.136 seconds
[2026-05-09T03:00:29.414+0000] {processor.py:161} INFO - Started process (PID=3917) to work on /opt/airflow/dags/newyork_fhv_quality_check.py
[2026-05-09T03:00:29.416+0000] {processor.py:830} INFO - Processing file /opt/airflow/dags/newyork_fhv_quality_check.py for tasks to queue
[2026-05-09T03:00:29.419+0000] {logging_mixin.py:188} INFO - [2026-05-09T03:00:29.418+0000] {dagbag.py:545} INFO - Filling up the DagBag from /opt/airflow/dags/newyork_fhv_quality_check.py
[2026-05-09T03:00:29.452+0000] {processor.py:840} INFO - DAG(s) 'newyork_fhv_quality_check' retrieved from /opt/airflow/dags/newyork_fhv_quality_check.py
[2026-05-09T03:00:29.478+0000] {logging_mixin.py:188} INFO - [2026-05-09T03:00:29.477+0000] {dag.py:3096} INFO - Sync 1 DAGs
[2026-05-09T03:00:29.492+0000] {logging_mixin.py:188} INFO - [2026-05-09T03:00:29.492+0000] {dag.py:3954} INFO - Setting next_dagrun for newyork_fhv_quality_check to None, run_after=None
[2026-05-09T03:00:29.521+0000] {processor.py:183} INFO - Processing /opt/airflow/dags/newyork_fhv_quality_check.py took 0.114 seconds
[2026-05-09T03:01:00.402+0000] {processor.py:161} INFO - Started process (PID=3928) to work on /opt/airflow/dags/newyork_fhv_quality_check.py
[2026-05-09T03:01:00.404+0000] {processor.py:830} INFO - Processing file /opt/airflow/dags/newyork_fhv_quality_check.py for tasks to queue
[2026-05-09T03:01:00.408+0000] {logging_mixin.py:188} INFO - [2026-05-09T03:01:00.408+0000] {dagbag.py:545} INFO - Filling up the DagBag from /opt/airflow/dags/newyork_fhv_quality_check.py
[2026-05-09T03:01:00.448+0000] {processor.py:840} INFO - DAG(s) 'newyork_fhv_quality_check' retrieved from /opt/airflow/dags/newyork_fhv_quality_check.py
[2026-05-09T03:01:00.474+0000] {logging_mixin.py:188} INFO - [2026-05-09T03:01:00.474+0000] {dag.py:3096} INFO - Sync 1 DAGs
[2026-05-09T03:01:00.488+0000] {logging_mixin.py:188} INFO - [2026-05-09T03:01:00.487+0000] {dag.py:3954} INFO - Setting next_dagrun for newyork_fhv_quality_check to None, run_after=None
[2026-05-09T03:01:00.516+0000] {processor.py:183} INFO - Processing /opt/airflow/dags/newyork_fhv_quality_check.py took 0.122 seconds
[2026-05-09T03:01:31.284+0000] {processor.py:161} INFO - Started process (PID=3939) to work on /opt/airflow/dags/newyork_fhv_quality_check.py
[2026-05-09T03:01:31.286+0000] {processor.py:830} INFO - Processing file /opt/airflow/dags/newyork_fhv_quality_check.py for tasks to queue
[2026-05-09T03:01:31.290+0000] {logging_mixin.py:188} INFO - [2026-05-09T03:01:31.289+0000] {dagbag.py:545} INFO - Filling up the DagBag from /opt/airflow/dags/newyork_fhv_quality_check.py
[2026-05-09T03:01:31.338+0000] {processor.py:840} INFO - DAG(s) 'newyork_fhv_quality_check' retrieved from /opt/airflow/dags/newyork_fhv_quality_check.py
[2026-05-09T03:01:31.364+0000] {logging_mixin.py:188} INFO - [2026-05-09T03:01:31.364+0000] {dag.py:3096} INFO - Sync 1 DAGs
[2026-05-09T03:01:31.378+0000] {logging_mixin.py:188} INFO - [2026-05-09T03:01:31.378+0000] {dag.py:3954} INFO - Setting next_dagrun for newyork_fhv_quality_check to None, run_after=None
[2026-05-09T03:01:31.405+0000] {processor.py:183} INFO - Processing /opt/airflow/dags/newyork_fhv_quality_check.py took 0.130 seconds
[2026-05-09T03:02:02.106+0000] {processor.py:161} INFO - Started process (PID=3950) to work on /opt/airflow/dags/newyork_fhv_quality_check.py
[2026-05-09T03:02:02.107+0000] {processor.py:830} INFO - Processing file /opt/airflow/dags/newyork_fhv_quality_check.py for tasks to queue
[2026-05-09T03:02:02.110+0000] {logging_mixin.py:188} INFO - [2026-05-09T03:02:02.110+0000] {dagbag.py:545} INFO - Filling up the DagBag from /opt/airflow/dags/newyork_fhv_quality_check.py
[2026-05-09T03:02:02.153+0000] {processor.py:840} INFO - DAG(s) 'newyork_fhv_quality_check' retrieved from /opt/airflow/dags/newyork_fhv_quality_check.py
[2026-05-09T03:02:02.181+0000] {logging_mixin.py:188} INFO - [2026-05-09T03:02:02.181+0000] {dag.py:3096} INFO - Sync 1 DAGs
[2026-05-09T03:02:02.195+0000] {logging_mixin.py:188} INFO - [2026-05-09T03:02:02.195+0000] {dag.py:3954} INFO - Setting next_dagrun for newyork_fhv_quality_check to None, run_after=None
[2026-05-09T03:02:02.221+0000] {processor.py:183} INFO - Processing /opt/airflow/dags/newyork_fhv_quality_check.py took 0.125 seconds
[2026-05-09T03:02:32.832+0000] {processor.py:161} INFO - Started process (PID=3961) to work on /opt/airflow/dags/newyork_fhv_quality_check.py
[2026-05-09T03:02:32.835+0000] {processor.py:830} INFO - Processing file /opt/airflow/dags/newyork_fhv_quality_check.py for tasks to queue
[2026-05-09T03:02:32.839+0000] {logging_mixin.py:188} INFO - [2026-05-09T03:02:32.838+0000] {dagbag.py:545} INFO - Filling up the DagBag from /opt/airflow/dags/newyork_fhv_quality_check.py
[2026-05-09T03:02:32.879+0000] {processor.py:840} INFO - DAG(s) 'newyork_fhv_quality_check' retrieved from /opt/airflow/dags/newyork_fhv_quality_check.py
[2026-05-09T03:02:32.907+0000] {logging_mixin.py:188} INFO - [2026-05-09T03:02:32.907+0000] {dag.py:3096} INFO - Sync 1 DAGs
[2026-05-09T03:02:32.924+0000] {logging_mixin.py:188} INFO - [2026-05-09T03:02:32.924+0000] {dag.py:3954} INFO - Setting next_dagrun for newyork_fhv_quality_check to None, run_after=None
[2026-05-09T03:02:32.949+0000] {processor.py:183} INFO - Processing /opt/airflow/dags/newyork_fhv_quality_check.py took 0.129 seconds
[2026-05-09T03:03:03.803+0000] {processor.py:161} INFO - Started process (PID=3972) to work on /opt/airflow/dags/newyork_fhv_quality_check.py
[2026-05-09T03:03:03.804+0000] {processor.py:830} INFO - Processing file /opt/airflow/dags/newyork_fhv_quality_check.py for tasks to queue
[2026-05-09T03:03:03.807+0000] {logging_mixin.py:188} INFO - [2026-05-09T03:03:03.807+0000] {dagbag.py:545} INFO - Filling up the DagBag from /opt/airflow/dags/newyork_fhv_quality_check.py
[2026-05-09T03:03:03.849+0000] {processor.py:840} INFO - DAG(s) 'newyork_fhv_quality_check' retrieved from /opt/airflow/dags/newyork_fhv_quality_check.py
[2026-05-09T03:03:03.886+0000] {logging_mixin.py:188} INFO - [2026-05-09T03:03:03.885+0000] {dag.py:3096} INFO - Sync 1 DAGs
[2026-05-09T03:03:03.909+0000] {logging_mixin.py:188} INFO - [2026-05-09T03:03:03.909+0000] {dag.py:3954} INFO - Setting next_dagrun for newyork_fhv_quality_check to None, run_after=None
[2026-05-09T03:03:03.943+0000] {processor.py:183} INFO - Processing /opt/airflow/dags/newyork_fhv_quality_check.py took 0.148 seconds
[2026-05-09T03:03:34.713+0000] {processor.py:161} INFO - Started process (PID=3983) to work on /opt/airflow/dags/newyork_fhv_quality_check.py
[2026-05-09T03:03:34.714+0000] {processor.py:830} INFO - Processing file /opt/airflow/dags/newyork_fhv_quality_check.py for tasks to queue
[2026-05-09T03:03:34.717+0000] {logging_mixin.py:188} INFO - [2026-05-09T03:03:34.716+0000] {dagbag.py:545} INFO - Filling up the DagBag from /opt/airflow/dags/newyork_fhv_quality_check.py
[2026-05-09T03:03:34.758+0000] {processor.py:840} INFO - DAG(s) 'newyork_fhv_quality_check' retrieved from /opt/airflow/dags/newyork_fhv_quality_check.py
[2026-05-09T03:03:34.785+0000] {logging_mixin.py:188} INFO - [2026-05-09T03:03:34.785+0000] {dag.py:3096} INFO - Sync 1 DAGs
[2026-05-09T03:03:34.800+0000] {logging_mixin.py:188} INFO - [2026-05-09T03:03:34.800+0000] {dag.py:3954} INFO - Setting next_dagrun for newyork_fhv_quality_check to None, run_after=None
[2026-05-09T03:03:34.827+0000] {processor.py:183} INFO - Processing /opt/airflow/dags/newyork_fhv_quality_check.py took 0.121 seconds
[2026-05-09T03:04:05.852+0000] {processor.py:161} INFO - Started process (PID=3994) to work on /opt/airflow/dags/newyork_fhv_quality_check.py
[2026-05-09T03:04:05.855+0000] {processor.py:830} INFO - Processing file /opt/airflow/dags/newyork_fhv_quality_check.py for tasks to queue
[2026-05-09T03:04:05.859+0000] {logging_mixin.py:188} INFO - [2026-05-09T03:04:05.858+0000] {dagbag.py:545} INFO - Filling up the DagBag from /opt/airflow/dags/newyork_fhv_quality_check.py
[2026-05-09T03:04:05.898+0000] {processor.py:840} INFO - DAG(s) 'newyork_fhv_quality_check' retrieved from /opt/airflow/dags/newyork_fhv_quality_check.py
[2026-05-09T03:04:05.949+0000] {logging_mixin.py:188} INFO - [2026-05-09T03:04:05.948+0000] {dag.py:3096} INFO - Sync 1 DAGs
[2026-05-09T03:04:05.966+0000] {logging_mixin.py:188} INFO - [2026-05-09T03:04:05.966+0000] {dag.py:3954} INFO - Setting next_dagrun for newyork_fhv_quality_check to None, run_after=None
[2026-05-09T03:04:05.998+0000] {processor.py:183} INFO - Processing /opt/airflow/dags/newyork_fhv_quality_check.py took 0.157 seconds
[2026-05-09T03:04:36.786+0000] {processor.py:161} INFO - Started process (PID=4005) to work on /opt/airflow/dags/newyork_fhv_quality_check.py
[2026-05-09T03:04:36.789+0000] {processor.py:830} INFO - Processing file /opt/airflow/dags/newyork_fhv_quality_check.py for tasks to queue
[2026-05-09T03:04:36.793+0000] {logging_mixin.py:188} INFO - [2026-05-09T03:04:36.792+0000] {dagbag.py:545} INFO - Filling up the DagBag from /opt/airflow/dags/newyork_fhv_quality_check.py
[2026-05-09T03:04:36.843+0000] {processor.py:840} INFO - DAG(s) 'newyork_fhv_quality_check' retrieved from /opt/airflow/dags/newyork_fhv_quality_check.py
[2026-05-09T03:04:36.870+0000] {logging_mixin.py:188} INFO - [2026-05-09T03:04:36.870+0000] {dag.py:3096} INFO - Sync 1 DAGs
[2026-05-09T03:04:36.883+0000] {logging_mixin.py:188} INFO - [2026-05-09T03:04:36.883+0000] {dag.py:3954} INFO - Setting next_dagrun for newyork_fhv_quality_check to None, run_after=None
[2026-05-09T03:04:36.910+0000] {processor.py:183} INFO - Processing /opt/airflow/dags/newyork_fhv_quality_check.py took 0.135 seconds
[2026-05-09T03:05:07.279+0000] {processor.py:161} INFO - Started process (PID=4016) to work on /opt/airflow/dags/newyork_fhv_quality_check.py
[2026-05-09T03:05:07.280+0000] {processor.py:830} INFO - Processing file /opt/airflow/dags/newyork_fhv_quality_check.py for tasks to queue
[2026-05-09T03:05:07.283+0000] {logging_mixin.py:188} INFO - [2026-05-09T03:05:07.283+0000] {dagbag.py:545} INFO - Filling up the DagBag from /opt/airflow/dags/newyork_fhv_quality_check.py
[2026-05-09T03:05:07.320+0000] {processor.py:840} INFO - DAG(s) 'newyork_fhv_quality_check' retrieved from /opt/airflow/dags/newyork_fhv_quality_check.py
[2026-05-09T03:05:07.349+0000] {logging_mixin.py:188} INFO - [2026-05-09T03:05:07.349+0000] {dag.py:3096} INFO - Sync 1 DAGs
[2026-05-09T03:05:07.366+0000] {logging_mixin.py:188} INFO - [2026-05-09T03:05:07.365+0000] {dag.py:3954} INFO - Setting next_dagrun for newyork_fhv_quality_check to None, run_after=None
[2026-05-09T03:05:07.392+0000] {processor.py:183} INFO - Processing /opt/airflow/dags/newyork_fhv_quality_check.py took 0.123 seconds
[2026-05-09T03:05:38.092+0000] {processor.py:161} INFO - Started process (PID=4027) to work on /opt/airflow/dags/newyork_fhv_quality_check.py
[2026-05-09T03:05:38.094+0000] {processor.py:830} INFO - Processing file /opt/airflow/dags/newyork_fhv_quality_check.py for tasks to queue
[2026-05-09T03:05:38.097+0000] {logging_mixin.py:188} INFO - [2026-05-09T03:05:38.097+0000] {dagbag.py:545} INFO - Filling up the DagBag from /opt/airflow/dags/newyork_fhv_quality_check.py
[2026-05-09T03:05:38.131+0000] {processor.py:840} INFO - DAG(s) 'newyork_fhv_quality_check' retrieved from /opt/airflow/dags/newyork_fhv_quality_check.py
[2026-05-09T03:05:38.158+0000] {logging_mixin.py:188} INFO - [2026-05-09T03:05:38.158+0000] {dag.py:3096} INFO - Sync 1 DAGs
[2026-05-09T03:05:38.174+0000] {logging_mixin.py:188} INFO - [2026-05-09T03:05:38.173+0000] {dag.py:3954} INFO - Setting next_dagrun for newyork_fhv_quality_check to None, run_after=None
[2026-05-09T03:05:38.198+0000] {processor.py:183} INFO - Processing /opt/airflow/dags/newyork_fhv_quality_check.py took 0.116 seconds
[2026-05-09T03:06:09.162+0000] {processor.py:161} INFO - Started process (PID=4038) to work on /opt/airflow/dags/newyork_fhv_quality_check.py
[2026-05-09T03:06:09.164+0000] {processor.py:830} INFO - Processing file /opt/airflow/dags/newyork_fhv_quality_check.py for tasks to queue
[2026-05-09T03:06:09.168+0000] {logging_mixin.py:188} INFO - [2026-05-09T03:06:09.167+0000] {dagbag.py:545} INFO - Filling up the DagBag from /opt/airflow/dags/newyork_fhv_quality_check.py
[2026-05-09T03:06:09.208+0000] {processor.py:840} INFO - DAG(s) 'newyork_fhv_quality_check' retrieved from /opt/airflow/dags/newyork_fhv_quality_check.py
[2026-05-09T03:06:09.237+0000] {logging_mixin.py:188} INFO - [2026-05-09T03:06:09.237+0000] {dag.py:3096} INFO - Sync 1 DAGs
[2026-05-09T03:06:09.254+0000] {logging_mixin.py:188} INFO - [2026-05-09T03:06:09.254+0000] {dag.py:3954} INFO - Setting next_dagrun for newyork_fhv_quality_check to None, run_after=None
[2026-05-09T03:06:09.281+0000] {processor.py:183} INFO - Processing /opt/airflow/dags/newyork_fhv_quality_check.py took 0.126 seconds
[2026-05-09T03:06:40.133+0000] {processor.py:161} INFO - Started process (PID=4049) to work on /opt/airflow/dags/newyork_fhv_quality_check.py
[2026-05-09T03:06:40.135+0000] {processor.py:830} INFO - Processing file /opt/airflow/dags/newyork_fhv_quality_check.py for tasks to queue
[2026-05-09T03:06:40.137+0000] {logging_mixin.py:188} INFO - [2026-05-09T03:06:40.137+0000] {dagbag.py:545} INFO - Filling up the DagBag from /opt/airflow/dags/newyork_fhv_quality_check.py
[2026-05-09T03:06:40.159+0000] {processor.py:840} INFO - DAG(s) 'newyork_fhv_quality_check' retrieved from /opt/airflow/dags/newyork_fhv_quality_check.py
[2026-05-09T03:06:40.183+0000] {logging_mixin.py:188} INFO - [2026-05-09T03:06:40.182+0000] {dag.py:3096} INFO - Sync 1 DAGs
[2026-05-09T03:06:40.197+0000] {logging_mixin.py:188} INFO - [2026-05-09T03:06:40.197+0000] {dag.py:3954} INFO - Setting next_dagrun for newyork_fhv_quality_check to None, run_after=None
[2026-05-09T03:06:40.223+0000] {processor.py:183} INFO - Processing /opt/airflow/dags/newyork_fhv_quality_check.py took 0.096 seconds
[2026-05-09T03:07:11.083+0000] {processor.py:161} INFO - Started process (PID=4060) to work on /opt/airflow/dags/newyork_fhv_quality_check.py
[2026-05-09T03:07:11.084+0000] {processor.py:830} INFO - Processing file /opt/airflow/dags/newyork_fhv_quality_check.py for tasks to queue
[2026-05-09T03:07:11.088+0000] {logging_mixin.py:188} INFO - [2026-05-09T03:07:11.087+0000] {dagbag.py:545} INFO - Filling up the DagBag from /opt/airflow/dags/newyork_fhv_quality_check.py
[2026-05-09T03:07:11.132+0000] {processor.py:840} INFO - DAG(s) 'newyork_fhv_quality_check' retrieved from /opt/airflow/dags/newyork_fhv_quality_check.py
[2026-05-09T03:07:11.166+0000] {logging_mixin.py:188} INFO - [2026-05-09T03:07:11.166+0000] {dag.py:3096} INFO - Sync 1 DAGs
[2026-05-09T03:07:11.179+0000] {logging_mixin.py:188} INFO - [2026-05-09T03:07:11.179+0000] {dag.py:3954} INFO - Setting next_dagrun for newyork_fhv_quality_check to None, run_after=None
[2026-05-09T03:07:11.480+0000] {processor.py:183} INFO - Processing /opt/airflow/dags/newyork_fhv_quality_check.py took 0.404 seconds
[2026-05-09T03:07:42.300+0000] {processor.py:161} INFO - Started process (PID=4071) to work on /opt/airflow/dags/newyork_fhv_quality_check.py
[2026-05-09T03:07:42.301+0000] {processor.py:830} INFO - Processing file /opt/airflow/dags/newyork_fhv_quality_check.py for tasks to queue
[2026-05-09T03:07:42.304+0000] {logging_mixin.py:188} INFO - [2026-05-09T03:07:42.304+0000] {dagbag.py:545} INFO - Filling up the DagBag from /opt/airflow/dags/newyork_fhv_quality_check.py
[2026-05-09T03:07:42.346+0000] {processor.py:840} INFO - DAG(s) 'newyork_fhv_quality_check' retrieved from /opt/airflow/dags/newyork_fhv_quality_check.py
[2026-05-09T03:07:42.371+0000] {logging_mixin.py:188} INFO - [2026-05-09T03:07:42.371+0000] {dag.py:3096} INFO - Sync 1 DAGs
[2026-05-09T03:07:42.385+0000] {logging_mixin.py:188} INFO - [2026-05-09T03:07:42.384+0000] {dag.py:3954} INFO - Setting next_dagrun for newyork_fhv_quality_check to None, run_after=None
[2026-05-09T03:07:42.411+0000] {processor.py:183} INFO - Processing /opt/airflow/dags/newyork_fhv_quality_check.py took 0.121 seconds
[2026-05-09T03:08:13.047+0000] {processor.py:161} INFO - Started process (PID=4082) to work on /opt/airflow/dags/newyork_fhv_quality_check.py
[2026-05-09T03:08:13.049+0000] {processor.py:830} INFO - Processing file /opt/airflow/dags/newyork_fhv_quality_check.py for tasks to queue
[2026-05-09T03:08:13.053+0000] {logging_mixin.py:188} INFO - [2026-05-09T03:08:13.053+0000] {dagbag.py:545} INFO - Filling up the DagBag from /opt/airflow/dags/newyork_fhv_quality_check.py
[2026-05-09T03:08:13.100+0000] {processor.py:840} INFO - DAG(s) 'newyork_fhv_quality_check' retrieved from /opt/airflow/dags/newyork_fhv_quality_check.py
[2026-05-09T03:08:13.130+0000] {logging_mixin.py:188} INFO - [2026-05-09T03:08:13.130+0000] {dag.py:3096} INFO - Sync 1 DAGs
[2026-05-09T03:08:13.146+0000] {logging_mixin.py:188} INFO - [2026-05-09T03:08:13.145+0000] {dag.py:3954} INFO - Setting next_dagrun for newyork_fhv_quality_check to None, run_after=None
[2026-05-09T03:08:13.176+0000] {processor.py:183} INFO - Processing /opt/airflow/dags/newyork_fhv_quality_check.py took 0.140 seconds
[2026-05-09T03:08:43.866+0000] {processor.py:161} INFO - Started process (PID=4093) to work on /opt/airflow/dags/newyork_fhv_quality_check.py
[2026-05-09T03:08:43.868+0000] {processor.py:830} INFO - Processing file /opt/airflow/dags/newyork_fhv_quality_check.py for tasks to queue
[2026-05-09T03:08:43.871+0000] {logging_mixin.py:188} INFO - [2026-05-09T03:08:43.871+0000] {dagbag.py:545} INFO - Filling up the DagBag from /opt/airflow/dags/newyork_fhv_quality_check.py
[2026-05-09T03:08:43.912+0000] {processor.py:840} INFO - DAG(s) 'newyork_fhv_quality_check' retrieved from /opt/airflow/dags/newyork_fhv_quality_check.py
[2026-05-09T03:08:43.947+0000] {logging_mixin.py:188} INFO - [2026-05-09T03:08:43.947+0000] {dag.py:3096} INFO - Sync 1 DAGs
[2026-05-09T03:08:43.966+0000] {logging_mixin.py:188} INFO - [2026-05-09T03:08:43.965+0000] {dag.py:3954} INFO - Setting next_dagrun for newyork_fhv_quality_check to None, run_after=None
[2026-05-09T03:08:44.000+0000] {processor.py:183} INFO - Processing /opt/airflow/dags/newyork_fhv_quality_check.py took 0.145 seconds
[2026-05-09T03:09:14.820+0000] {processor.py:161} INFO - Started process (PID=4104) to work on /opt/airflow/dags/newyork_fhv_quality_check.py
[2026-05-09T03:09:14.821+0000] {processor.py:830} INFO - Processing file /opt/airflow/dags/newyork_fhv_quality_check.py for tasks to queue
[2026-05-09T03:09:14.824+0000] {logging_mixin.py:188} INFO - [2026-05-09T03:09:14.824+0000] {dagbag.py:545} INFO - Filling up the DagBag from /opt/airflow/dags/newyork_fhv_quality_check.py
[2026-05-09T03:09:14.868+0000] {processor.py:840} INFO - DAG(s) 'newyork_fhv_quality_check' retrieved from /opt/airflow/dags/newyork_fhv_quality_check.py
[2026-05-09T03:09:14.893+0000] {logging_mixin.py:188} INFO - [2026-05-09T03:09:14.893+0000] {dag.py:3096} INFO - Sync 1 DAGs
[2026-05-09T03:09:14.907+0000] {logging_mixin.py:188} INFO - [2026-05-09T03:09:14.907+0000] {dag.py:3954} INFO - Setting next_dagrun for newyork_fhv_quality_check to None, run_after=None
[2026-05-09T03:09:14.935+0000] {processor.py:183} INFO - Processing /opt/airflow/dags/newyork_fhv_quality_check.py took 0.126 seconds
[2026-05-09T03:09:45.737+0000] {processor.py:161} INFO - Started process (PID=4115) to work on /opt/airflow/dags/newyork_fhv_quality_check.py
[2026-05-09T03:09:45.738+0000] {processor.py:830} INFO - Processing file /opt/airflow/dags/newyork_fhv_quality_check.py for tasks to queue
[2026-05-09T03:09:45.740+0000] {logging_mixin.py:188} INFO - [2026-05-09T03:09:45.740+0000] {dagbag.py:545} INFO - Filling up the DagBag from /opt/airflow/dags/newyork_fhv_quality_check.py
[2026-05-09T03:09:45.763+0000] {processor.py:840} INFO - DAG(s) 'newyork_fhv_quality_check' retrieved from /opt/airflow/dags/newyork_fhv_quality_check.py
[2026-05-09T03:09:45.787+0000] {logging_mixin.py:188} INFO - [2026-05-09T03:09:45.787+0000] {dag.py:3096} INFO - Sync 1 DAGs
[2026-05-09T03:09:45.804+0000] {logging_mixin.py:188} INFO - [2026-05-09T03:09:45.804+0000] {dag.py:3954} INFO - Setting next_dagrun for newyork_fhv_quality_check to None, run_after=None
[2026-05-09T03:09:45.831+0000] {processor.py:183} INFO - Processing /opt/airflow/dags/newyork_fhv_quality_check.py took 0.102 seconds
[2026-05-09T03:10:16.664+0000] {processor.py:161} INFO - Started process (PID=4126) to work on /opt/airflow/dags/newyork_fhv_quality_check.py
[2026-05-09T03:10:16.664+0000] {processor.py:830} INFO - Processing file /opt/airflow/dags/newyork_fhv_quality_check.py for tasks to queue
[2026-05-09T03:10:16.667+0000] {logging_mixin.py:188} INFO - [2026-05-09T03:10:16.666+0000] {dagbag.py:545} INFO - Filling up the DagBag from /opt/airflow/dags/newyork_fhv_quality_check.py
[2026-05-09T03:10:16.691+0000] {processor.py:840} INFO - DAG(s) 'newyork_fhv_quality_check' retrieved from /opt/airflow/dags/newyork_fhv_quality_check.py
[2026-05-09T03:10:16.725+0000] {logging_mixin.py:188} INFO - [2026-05-09T03:10:16.724+0000] {dag.py:3096} INFO - Sync 1 DAGs
[2026-05-09T03:10:16.740+0000] {logging_mixin.py:188} INFO - [2026-05-09T03:10:16.740+0000] {dag.py:3954} INFO - Setting next_dagrun for newyork_fhv_quality_check to None, run_after=None
[2026-05-09T03:10:16.769+0000] {processor.py:183} INFO - Processing /opt/airflow/dags/newyork_fhv_quality_check.py took 0.112 seconds
[2026-05-09T03:10:47.568+0000] {processor.py:161} INFO - Started process (PID=4137) to work on /opt/airflow/dags/newyork_fhv_quality_check.py
[2026-05-09T03:10:47.569+0000] {processor.py:830} INFO - Processing file /opt/airflow/dags/newyork_fhv_quality_check.py for tasks to queue
[2026-05-09T03:10:47.572+0000] {logging_mixin.py:188} INFO - [2026-05-09T03:10:47.572+0000] {dagbag.py:545} INFO - Filling up the DagBag from /opt/airflow/dags/newyork_fhv_quality_check.py
[2026-05-09T03:10:47.618+0000] {processor.py:840} INFO - DAG(s) 'newyork_fhv_quality_check' retrieved from /opt/airflow/dags/newyork_fhv_quality_check.py
[2026-05-09T03:10:47.644+0000] {logging_mixin.py:188} INFO - [2026-05-09T03:10:47.643+0000] {dag.py:3096} INFO - Sync 1 DAGs
[2026-05-09T03:10:47.660+0000] {logging_mixin.py:188} INFO - [2026-05-09T03:10:47.660+0000] {dag.py:3954} INFO - Setting next_dagrun for newyork_fhv_quality_check to None, run_after=None
[2026-05-09T03:10:47.690+0000] {processor.py:183} INFO - Processing /opt/airflow/dags/newyork_fhv_quality_check.py took 0.131 seconds
[2026-05-09T03:11:18.399+0000] {processor.py:161} INFO - Started process (PID=4148) to work on /opt/airflow/dags/newyork_fhv_quality_check.py
[2026-05-09T03:11:18.401+0000] {processor.py:830} INFO - Processing file /opt/airflow/dags/newyork_fhv_quality_check.py for tasks to queue
[2026-05-09T03:11:18.403+0000] {logging_mixin.py:188} INFO - [2026-05-09T03:11:18.403+0000] {dagbag.py:545} INFO - Filling up the DagBag from /opt/airflow/dags/newyork_fhv_quality_check.py
[2026-05-09T03:11:18.442+0000] {processor.py:840} INFO - DAG(s) 'newyork_fhv_quality_check' retrieved from /opt/airflow/dags/newyork_fhv_quality_check.py
[2026-05-09T03:11:18.477+0000] {logging_mixin.py:188} INFO - [2026-05-09T03:11:18.477+0000] {dag.py:3096} INFO - Sync 1 DAGs
[2026-05-09T03:11:18.495+0000] {logging_mixin.py:188} INFO - [2026-05-09T03:11:18.495+0000] {dag.py:3954} INFO - Setting next_dagrun for newyork_fhv_quality_check to None, run_after=None
[2026-05-09T03:11:18.522+0000] {processor.py:183} INFO - Processing /opt/airflow/dags/newyork_fhv_quality_check.py took 0.129 seconds
[2026-05-09T03:11:49.393+0000] {processor.py:161} INFO - Started process (PID=4159) to work on /opt/airflow/dags/newyork_fhv_quality_check.py
[2026-05-09T03:11:49.395+0000] {processor.py:830} INFO - Processing file /opt/airflow/dags/newyork_fhv_quality_check.py for tasks to queue
[2026-05-09T03:11:49.400+0000] {logging_mixin.py:188} INFO - [2026-05-09T03:11:49.399+0000] {dagbag.py:545} INFO - Filling up the DagBag from /opt/airflow/dags/newyork_fhv_quality_check.py
[2026-05-09T03:11:49.446+0000] {processor.py:840} INFO - DAG(s) 'newyork_fhv_quality_check' retrieved from /opt/airflow/dags/newyork_fhv_quality_check.py
[2026-05-09T03:11:49.477+0000] {logging_mixin.py:188} INFO - [2026-05-09T03:11:49.477+0000] {dag.py:3096} INFO - Sync 1 DAGs
[2026-05-09T03:11:49.496+0000] {logging_mixin.py:188} INFO - [2026-05-09T03:11:49.496+0000] {dag.py:3954} INFO - Setting next_dagrun for newyork_fhv_quality_check to None, run_after=None
[2026-05-09T03:11:49.526+0000] {processor.py:183} INFO - Processing /opt/airflow/dags/newyork_fhv_quality_check.py took 0.145 seconds
[2026-05-09T03:12:20.377+0000] {processor.py:161} INFO - Started process (PID=4170) to work on /opt/airflow/dags/newyork_fhv_quality_check.py
[2026-05-09T03:12:20.378+0000] {processor.py:830} INFO - Processing file /opt/airflow/dags/newyork_fhv_quality_check.py for tasks to queue
[2026-05-09T03:12:20.381+0000] {logging_mixin.py:188} INFO - [2026-05-09T03:12:20.381+0000] {dagbag.py:545} INFO - Filling up the DagBag from /opt/airflow/dags/newyork_fhv_quality_check.py
[2026-05-09T03:12:20.427+0000] {processor.py:840} INFO - DAG(s) 'newyork_fhv_quality_check' retrieved from /opt/airflow/dags/newyork_fhv_quality_check.py
[2026-05-09T03:12:20.450+0000] {logging_mixin.py:188} INFO - [2026-05-09T03:12:20.449+0000] {dag.py:3096} INFO - Sync 1 DAGs
[2026-05-09T03:12:20.463+0000] {logging_mixin.py:188} INFO - [2026-05-09T03:12:20.463+0000] {dag.py:3954} INFO - Setting next_dagrun for newyork_fhv_quality_check to None, run_after=None
[2026-05-09T03:12:20.486+0000] {processor.py:183} INFO - Processing /opt/airflow/dags/newyork_fhv_quality_check.py took 0.118 seconds
[2026-05-09T03:12:51.136+0000] {processor.py:161} INFO - Started process (PID=4181) to work on /opt/airflow/dags/newyork_fhv_quality_check.py
[2026-05-09T03:12:51.137+0000] {processor.py:830} INFO - Processing file /opt/airflow/dags/newyork_fhv_quality_check.py for tasks to queue
[2026-05-09T03:12:51.140+0000] {logging_mixin.py:188} INFO - [2026-05-09T03:12:51.139+0000] {dagbag.py:545} INFO - Filling up the DagBag from /opt/airflow/dags/newyork_fhv_quality_check.py
[2026-05-09T03:12:51.184+0000] {processor.py:840} INFO - DAG(s) 'newyork_fhv_quality_check' retrieved from /opt/airflow/dags/newyork_fhv_quality_check.py
[2026-05-09T03:12:51.209+0000] {logging_mixin.py:188} INFO - [2026-05-09T03:12:51.208+0000] {dag.py:3096} INFO - Sync 1 DAGs
[2026-05-09T03:12:51.225+0000] {logging_mixin.py:188} INFO - [2026-05-09T03:12:51.225+0000] {dag.py:3954} INFO - Setting next_dagrun for newyork_fhv_quality_check to None, run_after=None
[2026-05-09T03:12:51.260+0000] {processor.py:183} INFO - Processing /opt/airflow/dags/newyork_fhv_quality_check.py took 0.133 seconds
[2026-05-09T03:13:22.020+0000] {processor.py:161} INFO - Started process (PID=4198) to work on /opt/airflow/dags/newyork_fhv_quality_check.py
[2026-05-09T03:13:22.021+0000] {processor.py:830} INFO - Processing file /opt/airflow/dags/newyork_fhv_quality_check.py for tasks to queue
[2026-05-09T03:13:22.024+0000] {logging_mixin.py:188} INFO - [2026-05-09T03:13:22.023+0000] {dagbag.py:545} INFO - Filling up the DagBag from /opt/airflow/dags/newyork_fhv_quality_check.py
[2026-05-09T03:13:22.057+0000] {processor.py:840} INFO - DAG(s) 'newyork_fhv_quality_check' retrieved from /opt/airflow/dags/newyork_fhv_quality_check.py
[2026-05-09T03:13:22.083+0000] {logging_mixin.py:188} INFO - [2026-05-09T03:13:22.083+0000] {dag.py:3096} INFO - Sync 1 DAGs
[2026-05-09T03:13:22.098+0000] {logging_mixin.py:188} INFO - [2026-05-09T03:13:22.098+0000] {dag.py:3954} INFO - Setting next_dagrun for newyork_fhv_quality_check to None, run_after=None
[2026-05-09T03:13:22.123+0000] {processor.py:183} INFO - Processing /opt/airflow/dags/newyork_fhv_quality_check.py took 0.110 seconds
[2026-05-09T03:13:52.235+0000] {processor.py:161} INFO - Started process (PID=4209) to work on /opt/airflow/dags/newyork_fhv_quality_check.py
[2026-05-09T03:13:52.236+0000] {processor.py:830} INFO - Processing file /opt/airflow/dags/newyork_fhv_quality_check.py for tasks to queue
[2026-05-09T03:13:52.239+0000] {logging_mixin.py:188} INFO - [2026-05-09T03:13:52.239+0000] {dagbag.py:545} INFO - Filling up the DagBag from /opt/airflow/dags/newyork_fhv_quality_check.py
[2026-05-09T03:13:52.260+0000] {processor.py:840} INFO - DAG(s) 'newyork_fhv_quality_check' retrieved from /opt/airflow/dags/newyork_fhv_quality_check.py
[2026-05-09T03:13:52.284+0000] {logging_mixin.py:188} INFO - [2026-05-09T03:13:52.284+0000] {dag.py:3096} INFO - Sync 1 DAGs
[2026-05-09T03:13:52.298+0000] {logging_mixin.py:188} INFO - [2026-05-09T03:13:52.297+0000] {dag.py:3954} INFO - Setting next_dagrun for newyork_fhv_quality_check to None, run_after=None
[2026-05-09T03:13:52.321+0000] {processor.py:183} INFO - Processing /opt/airflow/dags/newyork_fhv_quality_check.py took 0.097 seconds
[2026-05-09T03:14:22.504+0000] {processor.py:161} INFO - Started process (PID=4220) to work on /opt/airflow/dags/newyork_fhv_quality_check.py
[2026-05-09T03:14:22.506+0000] {processor.py:830} INFO - Processing file /opt/airflow/dags/newyork_fhv_quality_check.py for tasks to queue
[2026-05-09T03:14:22.509+0000] {logging_mixin.py:188} INFO - [2026-05-09T03:14:22.508+0000] {dagbag.py:545} INFO - Filling up the DagBag from /opt/airflow/dags/newyork_fhv_quality_check.py
[2026-05-09T03:14:22.544+0000] {processor.py:840} INFO - DAG(s) 'newyork_fhv_quality_check' retrieved from /opt/airflow/dags/newyork_fhv_quality_check.py
[2026-05-09T03:14:22.574+0000] {logging_mixin.py:188} INFO - [2026-05-09T03:14:22.573+0000] {dag.py:3096} INFO - Sync 1 DAGs
[2026-05-09T03:14:22.590+0000] {logging_mixin.py:188} INFO - [2026-05-09T03:14:22.590+0000] {dag.py:3954} INFO - Setting next_dagrun for newyork_fhv_quality_check to None, run_after=None
[2026-05-09T03:14:22.618+0000] {processor.py:183} INFO - Processing /opt/airflow/dags/newyork_fhv_quality_check.py took 0.123 seconds
[2026-05-09T03:14:52.874+0000] {processor.py:161} INFO - Started process (PID=4231) to work on /opt/airflow/dags/newyork_fhv_quality_check.py
[2026-05-09T03:14:52.875+0000] {processor.py:830} INFO - Processing file /opt/airflow/dags/newyork_fhv_quality_check.py for tasks to queue
[2026-05-09T03:14:52.879+0000] {logging_mixin.py:188} INFO - [2026-05-09T03:14:52.878+0000] {dagbag.py:545} INFO - Filling up the DagBag from /opt/airflow/dags/newyork_fhv_quality_check.py
[2026-05-09T03:14:52.938+0000] {processor.py:840} INFO - DAG(s) 'newyork_fhv_quality_check' retrieved from /opt/airflow/dags/newyork_fhv_quality_check.py
[2026-05-09T03:14:52.993+0000] {logging_mixin.py:188} INFO - [2026-05-09T03:14:52.992+0000] {dag.py:3096} INFO - Sync 1 DAGs
[2026-05-09T03:14:53.022+0000] {logging_mixin.py:188} INFO - [2026-05-09T03:14:53.022+0000] {dag.py:3954} INFO - Setting next_dagrun for newyork_fhv_quality_check to None, run_after=None
[2026-05-09T03:14:53.072+0000] {processor.py:183} INFO - Processing /opt/airflow/dags/newyork_fhv_quality_check.py took 0.210 seconds
[2026-05-09T03:15:23.882+0000] {processor.py:161} INFO - Started process (PID=4242) to work on /opt/airflow/dags/newyork_fhv_quality_check.py
[2026-05-09T03:15:23.883+0000] {processor.py:830} INFO - Processing file /opt/airflow/dags/newyork_fhv_quality_check.py for tasks to queue
[2026-05-09T03:15:23.886+0000] {logging_mixin.py:188} INFO - [2026-05-09T03:15:23.885+0000] {dagbag.py:545} INFO - Filling up the DagBag from /opt/airflow/dags/newyork_fhv_quality_check.py
[2026-05-09T03:15:23.911+0000] {processor.py:840} INFO - DAG(s) 'newyork_fhv_quality_check' retrieved from /opt/airflow/dags/newyork_fhv_quality_check.py
[2026-05-09T03:15:23.937+0000] {logging_mixin.py:188} INFO - [2026-05-09T03:15:23.937+0000] {dag.py:3096} INFO - Sync 1 DAGs
[2026-05-09T03:15:23.950+0000] {logging_mixin.py:188} INFO - [2026-05-09T03:15:23.950+0000] {dag.py:3954} INFO - Setting next_dagrun for newyork_fhv_quality_check to None, run_after=None
[2026-05-09T03:15:23.972+0000] {processor.py:183} INFO - Processing /opt/airflow/dags/newyork_fhv_quality_check.py took 0.098 seconds
[2026-05-09T03:15:54.724+0000] {processor.py:161} INFO - Started process (PID=4253) to work on /opt/airflow/dags/newyork_fhv_quality_check.py
[2026-05-09T03:15:54.725+0000] {processor.py:830} INFO - Processing file /opt/airflow/dags/newyork_fhv_quality_check.py for tasks to queue
[2026-05-09T03:15:54.729+0000] {logging_mixin.py:188} INFO - [2026-05-09T03:15:54.728+0000] {dagbag.py:545} INFO - Filling up the DagBag from /opt/airflow/dags/newyork_fhv_quality_check.py
[2026-05-09T03:15:54.769+0000] {processor.py:840} INFO - DAG(s) 'newyork_fhv_quality_check' retrieved from /opt/airflow/dags/newyork_fhv_quality_check.py
[2026-05-09T03:15:54.793+0000] {logging_mixin.py:188} INFO - [2026-05-09T03:15:54.793+0000] {dag.py:3096} INFO - Sync 1 DAGs
[2026-05-09T03:15:54.809+0000] {logging_mixin.py:188} INFO - [2026-05-09T03:15:54.809+0000] {dag.py:3954} INFO - Setting next_dagrun for newyork_fhv_quality_check to None, run_after=None
[2026-05-09T03:15:54.839+0000] {processor.py:183} INFO - Processing /opt/airflow/dags/newyork_fhv_quality_check.py took 0.126 seconds
[2026-05-09T03:16:25.695+0000] {processor.py:161} INFO - Started process (PID=4264) to work on /opt/airflow/dags/newyork_fhv_quality_check.py
[2026-05-09T03:16:25.697+0000] {processor.py:830} INFO - Processing file /opt/airflow/dags/newyork_fhv_quality_check.py for tasks to queue
[2026-05-09T03:16:25.700+0000] {logging_mixin.py:188} INFO - [2026-05-09T03:16:25.699+0000] {dagbag.py:545} INFO - Filling up the DagBag from /opt/airflow/dags/newyork_fhv_quality_check.py
[2026-05-09T03:16:25.751+0000] {processor.py:840} INFO - DAG(s) 'newyork_fhv_quality_check' retrieved from /opt/airflow/dags/newyork_fhv_quality_check.py
[2026-05-09T03:16:25.777+0000] {logging_mixin.py:188} INFO - [2026-05-09T03:16:25.776+0000] {dag.py:3096} INFO - Sync 1 DAGs
[2026-05-09T03:16:25.790+0000] {logging_mixin.py:188} INFO - [2026-05-09T03:16:25.789+0000] {dag.py:3954} INFO - Setting next_dagrun for newyork_fhv_quality_check to None, run_after=None
[2026-05-09T03:16:25.814+0000] {processor.py:183} INFO - Processing /opt/airflow/dags/newyork_fhv_quality_check.py took 0.129 seconds
[2026-05-09T03:16:56.662+0000] {processor.py:161} INFO - Started process (PID=4275) to work on /opt/airflow/dags/newyork_fhv_quality_check.py
[2026-05-09T03:16:56.664+0000] {processor.py:830} INFO - Processing file /opt/airflow/dags/newyork_fhv_quality_check.py for tasks to queue
[2026-05-09T03:16:56.667+0000] {logging_mixin.py:188} INFO - [2026-05-09T03:16:56.667+0000] {dagbag.py:545} INFO - Filling up the DagBag from /opt/airflow/dags/newyork_fhv_quality_check.py
[2026-05-09T03:16:56.709+0000] {processor.py:840} INFO - DAG(s) 'newyork_fhv_quality_check' retrieved from /opt/airflow/dags/newyork_fhv_quality_check.py
[2026-05-09T03:16:56.741+0000] {logging_mixin.py:188} INFO - [2026-05-09T03:16:56.741+0000] {dag.py:3096} INFO - Sync 1 DAGs
[2026-05-09T03:16:56.757+0000] {logging_mixin.py:188} INFO - [2026-05-09T03:16:56.757+0000] {dag.py:3954} INFO - Setting next_dagrun for newyork_fhv_quality_check to None, run_after=None
[2026-05-09T03:16:56.784+0000] {processor.py:183} INFO - Processing /opt/airflow/dags/newyork_fhv_quality_check.py took 0.129 seconds
[2026-05-09T03:17:27.650+0000] {processor.py:161} INFO - Started process (PID=4286) to work on /opt/airflow/dags/newyork_fhv_quality_check.py
[2026-05-09T03:17:27.652+0000] {processor.py:830} INFO - Processing file /opt/airflow/dags/newyork_fhv_quality_check.py for tasks to queue
[2026-05-09T03:17:27.657+0000] {logging_mixin.py:188} INFO - [2026-05-09T03:17:27.656+0000] {dagbag.py:545} INFO - Filling up the DagBag from /opt/airflow/dags/newyork_fhv_quality_check.py
[2026-05-09T03:17:27.699+0000] {processor.py:840} INFO - DAG(s) 'newyork_fhv_quality_check' retrieved from /opt/airflow/dags/newyork_fhv_quality_check.py
[2026-05-09T03:17:27.728+0000] {logging_mixin.py:188} INFO - [2026-05-09T03:17:27.728+0000] {dag.py:3096} INFO - Sync 1 DAGs
[2026-05-09T03:17:27.742+0000] {logging_mixin.py:188} INFO - [2026-05-09T03:17:27.742+0000] {dag.py:3954} INFO - Setting next_dagrun for newyork_fhv_quality_check to None, run_after=None
[2026-05-09T03:17:27.776+0000] {processor.py:183} INFO - Processing /opt/airflow/dags/newyork_fhv_quality_check.py took 0.139 seconds
[2026-05-09T03:17:58.419+0000] {processor.py:161} INFO - Started process (PID=4298) to work on /opt/airflow/dags/newyork_fhv_quality_check.py
[2026-05-09T03:17:58.421+0000] {processor.py:830} INFO - Processing file /opt/airflow/dags/newyork_fhv_quality_check.py for tasks to queue
[2026-05-09T03:17:58.423+0000] {logging_mixin.py:188} INFO - [2026-05-09T03:17:58.422+0000] {dagbag.py:545} INFO - Filling up the DagBag from /opt/airflow/dags/newyork_fhv_quality_check.py
[2026-05-09T03:17:58.445+0000] {processor.py:840} INFO - DAG(s) 'newyork_fhv_quality_check' retrieved from /opt/airflow/dags/newyork_fhv_quality_check.py
[2026-05-09T03:17:58.468+0000] {logging_mixin.py:188} INFO - [2026-05-09T03:17:58.468+0000] {dag.py:3096} INFO - Sync 1 DAGs
[2026-05-09T03:17:58.483+0000] {logging_mixin.py:188} INFO - [2026-05-09T03:17:58.483+0000] {dag.py:3954} INFO - Setting next_dagrun for newyork_fhv_quality_check to None, run_after=None
[2026-05-09T03:17:58.509+0000] {processor.py:183} INFO - Processing /opt/airflow/dags/newyork_fhv_quality_check.py took 0.099 seconds
[2026-05-09T03:18:29.406+0000] {processor.py:161} INFO - Started process (PID=4309) to work on /opt/airflow/dags/newyork_fhv_quality_check.py
[2026-05-09T03:18:29.408+0000] {processor.py:830} INFO - Processing file /opt/airflow/dags/newyork_fhv_quality_check.py for tasks to queue
[2026-05-09T03:18:29.412+0000] {logging_mixin.py:188} INFO - [2026-05-09T03:18:29.411+0000] {dagbag.py:545} INFO - Filling up the DagBag from /opt/airflow/dags/newyork_fhv_quality_check.py
[2026-05-09T03:18:29.462+0000] {processor.py:840} INFO - DAG(s) 'newyork_fhv_quality_check' retrieved from /opt/airflow/dags/newyork_fhv_quality_check.py
[2026-05-09T03:18:29.486+0000] {logging_mixin.py:188} INFO - [2026-05-09T03:18:29.486+0000] {dag.py:3096} INFO - Sync 1 DAGs
[2026-05-09T03:18:29.499+0000] {logging_mixin.py:188} INFO - [2026-05-09T03:18:29.499+0000] {dag.py:3954} INFO - Setting next_dagrun for newyork_fhv_quality_check to None, run_after=None
[2026-05-09T03:18:29.522+0000] {processor.py:183} INFO - Processing /opt/airflow/dags/newyork_fhv_quality_check.py took 0.125 seconds
[2026-05-09T03:19:00.326+0000] {processor.py:161} INFO - Started process (PID=4320) to work on /opt/airflow/dags/newyork_fhv_quality_check.py
[2026-05-09T03:19:00.328+0000] {processor.py:830} INFO - Processing file /opt/airflow/dags/newyork_fhv_quality_check.py for tasks to queue
[2026-05-09T03:19:00.331+0000] {logging_mixin.py:188} INFO - [2026-05-09T03:19:00.331+0000] {dagbag.py:545} INFO - Filling up the DagBag from /opt/airflow/dags/newyork_fhv_quality_check.py
[2026-05-09T03:19:00.369+0000] {processor.py:840} INFO - DAG(s) 'newyork_fhv_quality_check' retrieved from /opt/airflow/dags/newyork_fhv_quality_check.py
[2026-05-09T03:19:00.393+0000] {logging_mixin.py:188} INFO - [2026-05-09T03:19:00.393+0000] {dag.py:3096} INFO - Sync 1 DAGs
[2026-05-09T03:19:00.406+0000] {logging_mixin.py:188} INFO - [2026-05-09T03:19:00.406+0000] {dag.py:3954} INFO - Setting next_dagrun for newyork_fhv_quality_check to None, run_after=None
[2026-05-09T03:19:00.432+0000] {processor.py:183} INFO - Processing /opt/airflow/dags/newyork_fhv_quality_check.py took 0.112 seconds
[2026-05-09T03:19:30.792+0000] {processor.py:161} INFO - Started process (PID=4331) to work on /opt/airflow/dags/newyork_fhv_quality_check.py
[2026-05-09T03:19:30.793+0000] {processor.py:830} INFO - Processing file /opt/airflow/dags/newyork_fhv_quality_check.py for tasks to queue
[2026-05-09T03:19:30.795+0000] {logging_mixin.py:188} INFO - [2026-05-09T03:19:30.795+0000] {dagbag.py:545} INFO - Filling up the DagBag from /opt/airflow/dags/newyork_fhv_quality_check.py
[2026-05-09T03:19:30.819+0000] {processor.py:840} INFO - DAG(s) 'newyork_fhv_quality_check' retrieved from /opt/airflow/dags/newyork_fhv_quality_check.py
[2026-05-09T03:19:30.842+0000] {logging_mixin.py:188} INFO - [2026-05-09T03:19:30.842+0000] {dag.py:3096} INFO - Sync 1 DAGs
[2026-05-09T03:19:30.855+0000] {logging_mixin.py:188} INFO - [2026-05-09T03:19:30.855+0000] {dag.py:3954} INFO - Setting next_dagrun for newyork_fhv_quality_check to None, run_after=None
[2026-05-09T03:19:30.880+0000] {processor.py:183} INFO - Processing /opt/airflow/dags/newyork_fhv_quality_check.py took 0.096 seconds
[2026-05-09T03:20:01.673+0000] {processor.py:161} INFO - Started process (PID=4342) to work on /opt/airflow/dags/newyork_fhv_quality_check.py
[2026-05-09T03:20:01.676+0000] {processor.py:830} INFO - Processing file /opt/airflow/dags/newyork_fhv_quality_check.py for tasks to queue
[2026-05-09T03:20:01.679+0000] {logging_mixin.py:188} INFO - [2026-05-09T03:20:01.679+0000] {dagbag.py:545} INFO - Filling up the DagBag from /opt/airflow/dags/newyork_fhv_quality_check.py
[2026-05-09T03:20:01.720+0000] {processor.py:840} INFO - DAG(s) 'newyork_fhv_quality_check' retrieved from /opt/airflow/dags/newyork_fhv_quality_check.py
[2026-05-09T03:20:01.742+0000] {logging_mixin.py:188} INFO - [2026-05-09T03:20:01.742+0000] {dag.py:3096} INFO - Sync 1 DAGs
[2026-05-09T03:20:01.756+0000] {logging_mixin.py:188} INFO - [2026-05-09T03:20:01.756+0000] {dag.py:3954} INFO - Setting next_dagrun for newyork_fhv_quality_check to None, run_after=None
[2026-05-09T03:20:01.780+0000] {processor.py:183} INFO - Processing /opt/airflow/dags/newyork_fhv_quality_check.py took 0.117 seconds
[2026-05-09T03:20:32.512+0000] {processor.py:161} INFO - Started process (PID=4353) to work on /opt/airflow/dags/newyork_fhv_quality_check.py
[2026-05-09T03:20:32.514+0000] {processor.py:830} INFO - Processing file /opt/airflow/dags/newyork_fhv_quality_check.py for tasks to queue
[2026-05-09T03:20:32.516+0000] {logging_mixin.py:188} INFO - [2026-05-09T03:20:32.516+0000] {dagbag.py:545} INFO - Filling up the DagBag from /opt/airflow/dags/newyork_fhv_quality_check.py
[2026-05-09T03:20:32.553+0000] {processor.py:840} INFO - DAG(s) 'newyork_fhv_quality_check' retrieved from /opt/airflow/dags/newyork_fhv_quality_check.py
[2026-05-09T03:20:32.578+0000] {logging_mixin.py:188} INFO - [2026-05-09T03:20:32.578+0000] {dag.py:3096} INFO - Sync 1 DAGs
[2026-05-09T03:20:32.592+0000] {logging_mixin.py:188} INFO - [2026-05-09T03:20:32.592+0000] {dag.py:3954} INFO - Setting next_dagrun for newyork_fhv_quality_check to None, run_after=None
[2026-05-09T03:20:32.619+0000] {processor.py:183} INFO - Processing /opt/airflow/dags/newyork_fhv_quality_check.py took 0.113 seconds
[2026-05-09T03:21:03.361+0000] {processor.py:161} INFO - Started process (PID=4364) to work on /opt/airflow/dags/newyork_fhv_quality_check.py
[2026-05-09T03:21:03.363+0000] {processor.py:830} INFO - Processing file /opt/airflow/dags/newyork_fhv_quality_check.py for tasks to queue
[2026-05-09T03:21:03.366+0000] {logging_mixin.py:188} INFO - [2026-05-09T03:21:03.366+0000] {dagbag.py:545} INFO - Filling up the DagBag from /opt/airflow/dags/newyork_fhv_quality_check.py
[2026-05-09T03:21:03.403+0000] {processor.py:840} INFO - DAG(s) 'newyork_fhv_quality_check' retrieved from /opt/airflow/dags/newyork_fhv_quality_check.py
[2026-05-09T03:21:03.432+0000] {logging_mixin.py:188} INFO - [2026-05-09T03:21:03.432+0000] {dag.py:3096} INFO - Sync 1 DAGs
[2026-05-09T03:21:03.447+0000] {logging_mixin.py:188} INFO - [2026-05-09T03:21:03.447+0000] {dag.py:3954} INFO - Setting next_dagrun for newyork_fhv_quality_check to None, run_after=None
[2026-05-09T03:21:03.474+0000] {processor.py:183} INFO - Processing /opt/airflow/dags/newyork_fhv_quality_check.py took 0.120 seconds
[2026-05-09T03:21:34.345+0000] {processor.py:161} INFO - Started process (PID=4375) to work on /opt/airflow/dags/newyork_fhv_quality_check.py
[2026-05-09T03:21:34.346+0000] {processor.py:830} INFO - Processing file /opt/airflow/dags/newyork_fhv_quality_check.py for tasks to queue
[2026-05-09T03:21:34.348+0000] {logging_mixin.py:188} INFO - [2026-05-09T03:21:34.348+0000] {dagbag.py:545} INFO - Filling up the DagBag from /opt/airflow/dags/newyork_fhv_quality_check.py
[2026-05-09T03:21:34.387+0000] {processor.py:840} INFO - DAG(s) 'newyork_fhv_quality_check' retrieved from /opt/airflow/dags/newyork_fhv_quality_check.py
[2026-05-09T03:21:34.412+0000] {logging_mixin.py:188} INFO - [2026-05-09T03:21:34.412+0000] {dag.py:3096} INFO - Sync 1 DAGs
[2026-05-09T03:21:34.426+0000] {logging_mixin.py:188} INFO - [2026-05-09T03:21:34.426+0000] {dag.py:3954} INFO - Setting next_dagrun for newyork_fhv_quality_check to None, run_after=None
[2026-05-09T03:21:34.456+0000] {processor.py:183} INFO - Processing /opt/airflow/dags/newyork_fhv_quality_check.py took 0.117 seconds
[2026-05-09T03:22:05.242+0000] {processor.py:161} INFO - Started process (PID=4386) to work on /opt/airflow/dags/newyork_fhv_quality_check.py
[2026-05-09T03:22:05.244+0000] {processor.py:830} INFO - Processing file /opt/airflow/dags/newyork_fhv_quality_check.py for tasks to queue
[2026-05-09T03:22:05.248+0000] {logging_mixin.py:188} INFO - [2026-05-09T03:22:05.247+0000] {dagbag.py:545} INFO - Filling up the DagBag from /opt/airflow/dags/newyork_fhv_quality_check.py
[2026-05-09T03:22:05.298+0000] {processor.py:840} INFO - DAG(s) 'newyork_fhv_quality_check' retrieved from /opt/airflow/dags/newyork_fhv_quality_check.py
[2026-05-09T03:22:05.332+0000] {logging_mixin.py:188} INFO - [2026-05-09T03:22:05.332+0000] {dag.py:3096} INFO - Sync 1 DAGs
[2026-05-09T03:22:05.348+0000] {logging_mixin.py:188} INFO - [2026-05-09T03:22:05.348+0000] {dag.py:3954} INFO - Setting next_dagrun for newyork_fhv_quality_check to None, run_after=None
[2026-05-09T03:22:05.379+0000] {processor.py:183} INFO - Processing /opt/airflow/dags/newyork_fhv_quality_check.py took 0.144 seconds
[2026-05-09T03:22:36.231+0000] {processor.py:161} INFO - Started process (PID=4397) to work on /opt/airflow/dags/newyork_fhv_quality_check.py
[2026-05-09T03:22:36.233+0000] {processor.py:830} INFO - Processing file /opt/airflow/dags/newyork_fhv_quality_check.py for tasks to queue
[2026-05-09T03:22:36.236+0000] {logging_mixin.py:188} INFO - [2026-05-09T03:22:36.235+0000] {dagbag.py:545} INFO - Filling up the DagBag from /opt/airflow/dags/newyork_fhv_quality_check.py
[2026-05-09T03:22:36.285+0000] {processor.py:840} INFO - DAG(s) 'newyork_fhv_quality_check' retrieved from /opt/airflow/dags/newyork_fhv_quality_check.py
[2026-05-09T03:22:36.321+0000] {logging_mixin.py:188} INFO - [2026-05-09T03:22:36.320+0000] {dag.py:3096} INFO - Sync 1 DAGs
[2026-05-09T03:22:36.337+0000] {logging_mixin.py:188} INFO - [2026-05-09T03:22:36.337+0000] {dag.py:3954} INFO - Setting next_dagrun for newyork_fhv_quality_check to None, run_after=None
[2026-05-09T03:22:36.367+0000] {processor.py:183} INFO - Processing /opt/airflow/dags/newyork_fhv_quality_check.py took 0.148 seconds
[2026-05-09T03:23:07.160+0000] {processor.py:161} INFO - Started process (PID=4408) to work on /opt/airflow/dags/newyork_fhv_quality_check.py
[2026-05-09T03:23:07.161+0000] {processor.py:830} INFO - Processing file /opt/airflow/dags/newyork_fhv_quality_check.py for tasks to queue
[2026-05-09T03:23:07.164+0000] {logging_mixin.py:188} INFO - [2026-05-09T03:23:07.164+0000] {dagbag.py:545} INFO - Filling up the DagBag from /opt/airflow/dags/newyork_fhv_quality_check.py
[2026-05-09T03:23:07.196+0000] {processor.py:840} INFO - DAG(s) 'newyork_fhv_quality_check' retrieved from /opt/airflow/dags/newyork_fhv_quality_check.py
[2026-05-09T03:23:07.226+0000] {logging_mixin.py:188} INFO - [2026-05-09T03:23:07.226+0000] {dag.py:3096} INFO - Sync 1 DAGs
[2026-05-09T03:23:07.243+0000] {logging_mixin.py:188} INFO - [2026-05-09T03:23:07.243+0000] {dag.py:3954} INFO - Setting next_dagrun for newyork_fhv_quality_check to None, run_after=None
[2026-05-09T03:23:07.266+0000] {processor.py:183} INFO - Processing /opt/airflow/dags/newyork_fhv_quality_check.py took 0.114 seconds
[2026-05-09T03:23:38.014+0000] {processor.py:161} INFO - Started process (PID=4420) to work on /opt/airflow/dags/newyork_fhv_quality_check.py
[2026-05-09T03:23:38.017+0000] {processor.py:830} INFO - Processing file /opt/airflow/dags/newyork_fhv_quality_check.py for tasks to queue
[2026-05-09T03:23:38.022+0000] {logging_mixin.py:188} INFO - [2026-05-09T03:23:38.021+0000] {dagbag.py:545} INFO - Filling up the DagBag from /opt/airflow/dags/newyork_fhv_quality_check.py
[2026-05-09T03:23:38.075+0000] {processor.py:840} INFO - DAG(s) 'newyork_fhv_quality_check' retrieved from /opt/airflow/dags/newyork_fhv_quality_check.py
[2026-05-09T03:23:38.103+0000] {logging_mixin.py:188} INFO - [2026-05-09T03:23:38.102+0000] {dag.py:3096} INFO - Sync 1 DAGs
[2026-05-09T03:23:38.127+0000] {logging_mixin.py:188} INFO - [2026-05-09T03:23:38.126+0000] {dag.py:3954} INFO - Setting next_dagrun for newyork_fhv_quality_check to None, run_after=None
[2026-05-09T03:23:38.159+0000] {processor.py:183} INFO - Processing /opt/airflow/dags/newyork_fhv_quality_check.py took 0.156 seconds
[2026-05-09T03:24:08.307+0000] {processor.py:161} INFO - Started process (PID=4431) to work on /opt/airflow/dags/newyork_fhv_quality_check.py
[2026-05-09T03:24:08.309+0000] {processor.py:830} INFO - Processing file /opt/airflow/dags/newyork_fhv_quality_check.py for tasks to queue
[2026-05-09T03:24:08.312+0000] {logging_mixin.py:188} INFO - [2026-05-09T03:24:08.311+0000] {dagbag.py:545} INFO - Filling up the DagBag from /opt/airflow/dags/newyork_fhv_quality_check.py
[2026-05-09T03:24:08.358+0000] {processor.py:840} INFO - DAG(s) 'newyork_fhv_quality_check' retrieved from /opt/airflow/dags/newyork_fhv_quality_check.py
[2026-05-09T03:24:08.385+0000] {logging_mixin.py:188} INFO - [2026-05-09T03:24:08.384+0000] {dag.py:3096} INFO - Sync 1 DAGs
[2026-05-09T03:24:08.399+0000] {logging_mixin.py:188} INFO - [2026-05-09T03:24:08.399+0000] {dag.py:3954} INFO - Setting next_dagrun for newyork_fhv_quality_check to None, run_after=None
[2026-05-09T03:24:08.426+0000] {processor.py:183} INFO - Processing /opt/airflow/dags/newyork_fhv_quality_check.py took 0.131 seconds
[2026-05-09T03:24:39.257+0000] {processor.py:161} INFO - Started process (PID=4442) to work on /opt/airflow/dags/newyork_fhv_quality_check.py
[2026-05-09T03:24:39.261+0000] {processor.py:830} INFO - Processing file /opt/airflow/dags/newyork_fhv_quality_check.py for tasks to queue
[2026-05-09T03:24:39.264+0000] {logging_mixin.py:188} INFO - [2026-05-09T03:24:39.264+0000] {dagbag.py:545} INFO - Filling up the DagBag from /opt/airflow/dags/newyork_fhv_quality_check.py
[2026-05-09T03:24:39.305+0000] {processor.py:840} INFO - DAG(s) 'newyork_fhv_quality_check' retrieved from /opt/airflow/dags/newyork_fhv_quality_check.py
[2026-05-09T03:24:39.330+0000] {logging_mixin.py:188} INFO - [2026-05-09T03:24:39.329+0000] {dag.py:3096} INFO - Sync 1 DAGs
[2026-05-09T03:24:39.343+0000] {logging_mixin.py:188} INFO - [2026-05-09T03:24:39.343+0000] {dag.py:3954} INFO - Setting next_dagrun for newyork_fhv_quality_check to None, run_after=None
[2026-05-09T03:24:39.368+0000] {processor.py:183} INFO - Processing /opt/airflow/dags/newyork_fhv_quality_check.py took 0.118 seconds
[2026-05-09T03:25:10.218+0000] {processor.py:161} INFO - Started process (PID=4453) to work on /opt/airflow/dags/newyork_fhv_quality_check.py
[2026-05-09T03:25:10.219+0000] {processor.py:830} INFO - Processing file /opt/airflow/dags/newyork_fhv_quality_check.py for tasks to queue
[2026-05-09T03:25:10.223+0000] {logging_mixin.py:188} INFO - [2026-05-09T03:25:10.222+0000] {dagbag.py:545} INFO - Filling up the DagBag from /opt/airflow/dags/newyork_fhv_quality_check.py
[2026-05-09T03:25:10.267+0000] {processor.py:840} INFO - DAG(s) 'newyork_fhv_quality_check' retrieved from /opt/airflow/dags/newyork_fhv_quality_check.py
[2026-05-09T03:25:10.295+0000] {logging_mixin.py:188} INFO - [2026-05-09T03:25:10.294+0000] {dag.py:3096} INFO - Sync 1 DAGs
[2026-05-09T03:25:10.308+0000] {logging_mixin.py:188} INFO - [2026-05-09T03:25:10.308+0000] {dag.py:3954} INFO - Setting next_dagrun for newyork_fhv_quality_check to None, run_after=None
[2026-05-09T03:25:10.331+0000] {processor.py:183} INFO - Processing /opt/airflow/dags/newyork_fhv_quality_check.py took 0.125 seconds
[2026-05-09T03:25:41.091+0000] {processor.py:161} INFO - Started process (PID=4464) to work on /opt/airflow/dags/newyork_fhv_quality_check.py
[2026-05-09T03:25:41.093+0000] {processor.py:830} INFO - Processing file /opt/airflow/dags/newyork_fhv_quality_check.py for tasks to queue
[2026-05-09T03:25:41.095+0000] {logging_mixin.py:188} INFO - [2026-05-09T03:25:41.095+0000] {dagbag.py:545} INFO - Filling up the DagBag from /opt/airflow/dags/newyork_fhv_quality_check.py
[2026-05-09T03:25:41.139+0000] {processor.py:840} INFO - DAG(s) 'newyork_fhv_quality_check' retrieved from /opt/airflow/dags/newyork_fhv_quality_check.py
[2026-05-09T03:25:41.163+0000] {logging_mixin.py:188} INFO - [2026-05-09T03:25:41.163+0000] {dag.py:3096} INFO - Sync 1 DAGs
[2026-05-09T03:25:41.179+0000] {logging_mixin.py:188} INFO - [2026-05-09T03:25:41.179+0000] {dag.py:3954} INFO - Setting next_dagrun for newyork_fhv_quality_check to None, run_after=None
[2026-05-09T03:25:41.204+0000] {processor.py:183} INFO - Processing /opt/airflow/dags/newyork_fhv_quality_check.py took 0.120 seconds
[2026-05-09T03:26:12.031+0000] {processor.py:161} INFO - Started process (PID=4475) to work on /opt/airflow/dags/newyork_fhv_quality_check.py
[2026-05-09T03:26:12.032+0000] {processor.py:830} INFO - Processing file /opt/airflow/dags/newyork_fhv_quality_check.py for tasks to queue
[2026-05-09T03:26:12.035+0000] {logging_mixin.py:188} INFO - [2026-05-09T03:26:12.034+0000] {dagbag.py:545} INFO - Filling up the DagBag from /opt/airflow/dags/newyork_fhv_quality_check.py
[2026-05-09T03:26:12.054+0000] {processor.py:840} INFO - DAG(s) 'newyork_fhv_quality_check' retrieved from /opt/airflow/dags/newyork_fhv_quality_check.py
[2026-05-09T03:26:12.076+0000] {logging_mixin.py:188} INFO - [2026-05-09T03:26:12.076+0000] {dag.py:3096} INFO - Sync 1 DAGs
[2026-05-09T03:26:12.090+0000] {logging_mixin.py:188} INFO - [2026-05-09T03:26:12.089+0000] {dag.py:3954} INFO - Setting next_dagrun for newyork_fhv_quality_check to None, run_after=None
[2026-05-09T03:26:12.115+0000] {processor.py:183} INFO - Processing /opt/airflow/dags/newyork_fhv_quality_check.py took 0.090 seconds
[2026-05-09T03:26:43.021+0000] {processor.py:161} INFO - Started process (PID=4486) to work on /opt/airflow/dags/newyork_fhv_quality_check.py
[2026-05-09T03:26:43.023+0000] {processor.py:830} INFO - Processing file /opt/airflow/dags/newyork_fhv_quality_check.py for tasks to queue
[2026-05-09T03:26:43.027+0000] {logging_mixin.py:188} INFO - [2026-05-09T03:26:43.026+0000] {dagbag.py:545} INFO - Filling up the DagBag from /opt/airflow/dags/newyork_fhv_quality_check.py
[2026-05-09T03:26:43.076+0000] {processor.py:840} INFO - DAG(s) 'newyork_fhv_quality_check' retrieved from /opt/airflow/dags/newyork_fhv_quality_check.py
[2026-05-09T03:26:43.121+0000] {logging_mixin.py:188} INFO - [2026-05-09T03:26:43.121+0000] {dag.py:3096} INFO - Sync 1 DAGs
[2026-05-09T03:26:43.135+0000] {logging_mixin.py:188} INFO - [2026-05-09T03:26:43.135+0000] {dag.py:3954} INFO - Setting next_dagrun for newyork_fhv_quality_check to None, run_after=None
[2026-05-09T03:26:43.161+0000] {processor.py:183} INFO - Processing /opt/airflow/dags/newyork_fhv_quality_check.py took 0.154 seconds
[2026-05-09T03:27:13.463+0000] {processor.py:161} INFO - Started process (PID=4497) to work on /opt/airflow/dags/newyork_fhv_quality_check.py
[2026-05-09T03:27:13.466+0000] {processor.py:830} INFO - Processing file /opt/airflow/dags/newyork_fhv_quality_check.py for tasks to queue
[2026-05-09T03:27:13.470+0000] {logging_mixin.py:188} INFO - [2026-05-09T03:27:13.469+0000] {dagbag.py:545} INFO - Filling up the DagBag from /opt/airflow/dags/newyork_fhv_quality_check.py
[2026-05-09T03:27:13.507+0000] {processor.py:840} INFO - DAG(s) 'newyork_fhv_quality_check' retrieved from /opt/airflow/dags/newyork_fhv_quality_check.py
[2026-05-09T03:27:13.543+0000] {logging_mixin.py:188} INFO - [2026-05-09T03:27:13.542+0000] {dag.py:3096} INFO - Sync 1 DAGs
[2026-05-09T03:27:13.556+0000] {logging_mixin.py:188} INFO - [2026-05-09T03:27:13.555+0000] {dag.py:3954} INFO - Setting next_dagrun for newyork_fhv_quality_check to None, run_after=None
[2026-05-09T03:27:13.579+0000] {processor.py:183} INFO - Processing /opt/airflow/dags/newyork_fhv_quality_check.py took 0.127 seconds
[2026-05-09T03:27:43.859+0000] {processor.py:161} INFO - Started process (PID=4508) to work on /opt/airflow/dags/newyork_fhv_quality_check.py
[2026-05-09T03:27:43.861+0000] {processor.py:830} INFO - Processing file /opt/airflow/dags/newyork_fhv_quality_check.py for tasks to queue
[2026-05-09T03:27:43.865+0000] {logging_mixin.py:188} INFO - [2026-05-09T03:27:43.864+0000] {dagbag.py:545} INFO - Filling up the DagBag from /opt/airflow/dags/newyork_fhv_quality_check.py
[2026-05-09T03:27:43.899+0000] {processor.py:840} INFO - DAG(s) 'newyork_fhv_quality_check' retrieved from /opt/airflow/dags/newyork_fhv_quality_check.py
[2026-05-09T03:27:43.933+0000] {logging_mixin.py:188} INFO - [2026-05-09T03:27:43.933+0000] {dag.py:3096} INFO - Sync 1 DAGs
[2026-05-09T03:27:43.953+0000] {logging_mixin.py:188} INFO - [2026-05-09T03:27:43.952+0000] {dag.py:3954} INFO - Setting next_dagrun for newyork_fhv_quality_check to None, run_after=None
[2026-05-09T03:27:43.989+0000] {processor.py:183} INFO - Processing /opt/airflow/dags/newyork_fhv_quality_check.py took 0.143 seconds
[2026-05-09T03:28:14.920+0000] {processor.py:161} INFO - Started process (PID=4519) to work on /opt/airflow/dags/newyork_fhv_quality_check.py
[2026-05-09T03:28:14.921+0000] {processor.py:830} INFO - Processing file /opt/airflow/dags/newyork_fhv_quality_check.py for tasks to queue
[2026-05-09T03:28:14.924+0000] {logging_mixin.py:188} INFO - [2026-05-09T03:28:14.924+0000] {dagbag.py:545} INFO - Filling up the DagBag from /opt/airflow/dags/newyork_fhv_quality_check.py
[2026-05-09T03:28:14.963+0000] {processor.py:840} INFO - DAG(s) 'newyork_fhv_quality_check' retrieved from /opt/airflow/dags/newyork_fhv_quality_check.py
[2026-05-09T03:28:14.997+0000] {logging_mixin.py:188} INFO - [2026-05-09T03:28:14.997+0000] {dag.py:3096} INFO - Sync 1 DAGs
[2026-05-09T03:28:15.017+0000] {logging_mixin.py:188} INFO - [2026-05-09T03:28:15.017+0000] {dag.py:3954} INFO - Setting next_dagrun for newyork_fhv_quality_check to None, run_after=None
[2026-05-09T03:28:15.053+0000] {processor.py:183} INFO - Processing /opt/airflow/dags/newyork_fhv_quality_check.py took 0.143 seconds
[2026-05-09T03:28:45.853+0000] {processor.py:161} INFO - Started process (PID=4530) to work on /opt/airflow/dags/newyork_fhv_quality_check.py
[2026-05-09T03:28:45.856+0000] {processor.py:830} INFO - Processing file /opt/airflow/dags/newyork_fhv_quality_check.py for tasks to queue
[2026-05-09T03:28:45.859+0000] {logging_mixin.py:188} INFO - [2026-05-09T03:28:45.858+0000] {dagbag.py:545} INFO - Filling up the DagBag from /opt/airflow/dags/newyork_fhv_quality_check.py
[2026-05-09T03:28:45.901+0000] {processor.py:840} INFO - DAG(s) 'newyork_fhv_quality_check' retrieved from /opt/airflow/dags/newyork_fhv_quality_check.py
[2026-05-09T03:28:45.933+0000] {logging_mixin.py:188} INFO - [2026-05-09T03:28:45.933+0000] {dag.py:3096} INFO - Sync 1 DAGs
[2026-05-09T03:28:45.947+0000] {logging_mixin.py:188} INFO - [2026-05-09T03:28:45.947+0000] {dag.py:3954} INFO - Setting next_dagrun for newyork_fhv_quality_check to None, run_after=None
[2026-05-09T03:28:45.973+0000] {processor.py:183} INFO - Processing /opt/airflow/dags/newyork_fhv_quality_check.py took 0.131 seconds
[2026-05-09T03:29:16.240+0000] {processor.py:161} INFO - Started process (PID=4541) to work on /opt/airflow/dags/newyork_fhv_quality_check.py
[2026-05-09T03:29:16.242+0000] {processor.py:830} INFO - Processing file /opt/airflow/dags/newyork_fhv_quality_check.py for tasks to queue
[2026-05-09T03:29:16.247+0000] {logging_mixin.py:188} INFO - [2026-05-09T03:29:16.246+0000] {dagbag.py:545} INFO - Filling up the DagBag from /opt/airflow/dags/newyork_fhv_quality_check.py
[2026-05-09T03:29:16.295+0000] {processor.py:840} INFO - DAG(s) 'newyork_fhv_quality_check' retrieved from /opt/airflow/dags/newyork_fhv_quality_check.py
[2026-05-09T03:29:16.332+0000] {logging_mixin.py:188} INFO - [2026-05-09T03:29:16.332+0000] {dag.py:3096} INFO - Sync 1 DAGs
[2026-05-09T03:29:16.351+0000] {logging_mixin.py:188} INFO - [2026-05-09T03:29:16.351+0000] {dag.py:3954} INFO - Setting next_dagrun for newyork_fhv_quality_check to None, run_after=None
[2026-05-09T03:29:16.385+0000] {processor.py:183} INFO - Processing /opt/airflow/dags/newyork_fhv_quality_check.py took 0.154 seconds
[2026-05-09T03:29:46.576+0000] {processor.py:161} INFO - Started process (PID=4552) to work on /opt/airflow/dags/newyork_fhv_quality_check.py
[2026-05-09T03:29:46.580+0000] {processor.py:830} INFO - Processing file /opt/airflow/dags/newyork_fhv_quality_check.py for tasks to queue
[2026-05-09T03:29:46.584+0000] {logging_mixin.py:188} INFO - [2026-05-09T03:29:46.583+0000] {dagbag.py:545} INFO - Filling up the DagBag from /opt/airflow/dags/newyork_fhv_quality_check.py
[2026-05-09T03:29:46.628+0000] {processor.py:840} INFO - DAG(s) 'newyork_fhv_quality_check' retrieved from /opt/airflow/dags/newyork_fhv_quality_check.py
[2026-05-09T03:29:46.660+0000] {logging_mixin.py:188} INFO - [2026-05-09T03:29:46.660+0000] {dag.py:3096} INFO - Sync 1 DAGs
[2026-05-09T03:29:46.674+0000] {logging_mixin.py:188} INFO - [2026-05-09T03:29:46.674+0000] {dag.py:3954} INFO - Setting next_dagrun for newyork_fhv_quality_check to None, run_after=None
[2026-05-09T03:29:46.703+0000] {processor.py:183} INFO - Processing /opt/airflow/dags/newyork_fhv_quality_check.py took 0.140 seconds
[2026-05-09T03:30:16.979+0000] {processor.py:161} INFO - Started process (PID=4563) to work on /opt/airflow/dags/newyork_fhv_quality_check.py
[2026-05-09T03:30:16.982+0000] {processor.py:830} INFO - Processing file /opt/airflow/dags/newyork_fhv_quality_check.py for tasks to queue
[2026-05-09T03:30:16.988+0000] {logging_mixin.py:188} INFO - [2026-05-09T03:30:16.987+0000] {dagbag.py:545} INFO - Filling up the DagBag from /opt/airflow/dags/newyork_fhv_quality_check.py
[2026-05-09T03:30:17.052+0000] {processor.py:840} INFO - DAG(s) 'newyork_fhv_quality_check' retrieved from /opt/airflow/dags/newyork_fhv_quality_check.py
[2026-05-09T03:30:17.087+0000] {logging_mixin.py:188} INFO - [2026-05-09T03:30:17.087+0000] {dag.py:3096} INFO - Sync 1 DAGs
[2026-05-09T03:30:17.109+0000] {logging_mixin.py:188} INFO - [2026-05-09T03:30:17.109+0000] {dag.py:3954} INFO - Setting next_dagrun for newyork_fhv_quality_check to None, run_after=None
[2026-05-09T03:30:17.153+0000] {processor.py:183} INFO - Processing /opt/airflow/dags/newyork_fhv_quality_check.py took 0.190 seconds
[2026-05-09T03:30:47.986+0000] {processor.py:161} INFO - Started process (PID=4574) to work on /opt/airflow/dags/newyork_fhv_quality_check.py
[2026-05-09T03:30:47.987+0000] {processor.py:830} INFO - Processing file /opt/airflow/dags/newyork_fhv_quality_check.py for tasks to queue
[2026-05-09T03:30:47.991+0000] {logging_mixin.py:188} INFO - [2026-05-09T03:30:47.990+0000] {dagbag.py:545} INFO - Filling up the DagBag from /opt/airflow/dags/newyork_fhv_quality_check.py
[2026-05-09T03:30:48.037+0000] {processor.py:840} INFO - DAG(s) 'newyork_fhv_quality_check' retrieved from /opt/airflow/dags/newyork_fhv_quality_check.py
[2026-05-09T03:30:48.071+0000] {logging_mixin.py:188} INFO - [2026-05-09T03:30:48.070+0000] {dag.py:3096} INFO - Sync 1 DAGs
[2026-05-09T03:30:48.097+0000] {logging_mixin.py:188} INFO - [2026-05-09T03:30:48.096+0000] {dag.py:3954} INFO - Setting next_dagrun for newyork_fhv_quality_check to None, run_after=None
[2026-05-09T03:30:48.144+0000] {processor.py:183} INFO - Processing /opt/airflow/dags/newyork_fhv_quality_check.py took 0.168 seconds
[2026-05-09T03:31:18.909+0000] {processor.py:161} INFO - Started process (PID=4585) to work on /opt/airflow/dags/newyork_fhv_quality_check.py
[2026-05-09T03:31:18.910+0000] {processor.py:830} INFO - Processing file /opt/airflow/dags/newyork_fhv_quality_check.py for tasks to queue
[2026-05-09T03:31:18.914+0000] {logging_mixin.py:188} INFO - [2026-05-09T03:31:18.913+0000] {dagbag.py:545} INFO - Filling up the DagBag from /opt/airflow/dags/newyork_fhv_quality_check.py
[2026-05-09T03:31:18.955+0000] {processor.py:840} INFO - DAG(s) 'newyork_fhv_quality_check' retrieved from /opt/airflow/dags/newyork_fhv_quality_check.py
[2026-05-09T03:31:18.992+0000] {logging_mixin.py:188} INFO - [2026-05-09T03:31:18.992+0000] {dag.py:3096} INFO - Sync 1 DAGs
[2026-05-09T03:31:19.010+0000] {logging_mixin.py:188} INFO - [2026-05-09T03:31:19.010+0000] {dag.py:3954} INFO - Setting next_dagrun for newyork_fhv_quality_check to None, run_after=None
[2026-05-09T03:31:19.040+0000] {processor.py:183} INFO - Processing /opt/airflow/dags/newyork_fhv_quality_check.py took 0.144 seconds
[2026-05-09T03:31:49.781+0000] {processor.py:161} INFO - Started process (PID=4596) to work on /opt/airflow/dags/newyork_fhv_quality_check.py
[2026-05-09T03:31:49.783+0000] {processor.py:830} INFO - Processing file /opt/airflow/dags/newyork_fhv_quality_check.py for tasks to queue
[2026-05-09T03:31:49.785+0000] {logging_mixin.py:188} INFO - [2026-05-09T03:31:49.784+0000] {dagbag.py:545} INFO - Filling up the DagBag from /opt/airflow/dags/newyork_fhv_quality_check.py
[2026-05-09T03:31:49.810+0000] {processor.py:840} INFO - DAG(s) 'newyork_fhv_quality_check' retrieved from /opt/airflow/dags/newyork_fhv_quality_check.py
[2026-05-09T03:31:49.835+0000] {logging_mixin.py:188} INFO - [2026-05-09T03:31:49.835+0000] {dag.py:3096} INFO - Sync 1 DAGs
[2026-05-09T03:31:49.852+0000] {logging_mixin.py:188} INFO - [2026-05-09T03:31:49.851+0000] {dag.py:3954} INFO - Setting next_dagrun for newyork_fhv_quality_check to None, run_after=None
[2026-05-09T03:31:49.879+0000] {processor.py:183} INFO - Processing /opt/airflow/dags/newyork_fhv_quality_check.py took 0.105 seconds
[2026-05-09T03:32:20.616+0000] {processor.py:161} INFO - Started process (PID=4607) to work on /opt/airflow/dags/newyork_fhv_quality_check.py
[2026-05-09T03:32:20.618+0000] {processor.py:830} INFO - Processing file /opt/airflow/dags/newyork_fhv_quality_check.py for tasks to queue
[2026-05-09T03:32:20.622+0000] {logging_mixin.py:188} INFO - [2026-05-09T03:32:20.622+0000] {dagbag.py:545} INFO - Filling up the DagBag from /opt/airflow/dags/newyork_fhv_quality_check.py
[2026-05-09T03:32:20.671+0000] {processor.py:840} INFO - DAG(s) 'newyork_fhv_quality_check' retrieved from /opt/airflow/dags/newyork_fhv_quality_check.py
[2026-05-09T03:32:20.699+0000] {logging_mixin.py:188} INFO - [2026-05-09T03:32:20.699+0000] {dag.py:3096} INFO - Sync 1 DAGs
[2026-05-09T03:32:20.714+0000] {logging_mixin.py:188} INFO - [2026-05-09T03:32:20.714+0000] {dag.py:3954} INFO - Setting next_dagrun for newyork_fhv_quality_check to None, run_after=None
[2026-05-09T03:32:20.747+0000] {processor.py:183} INFO - Processing /opt/airflow/dags/newyork_fhv_quality_check.py took 0.141 seconds
[2026-05-09T03:32:51.410+0000] {processor.py:161} INFO - Started process (PID=4618) to work on /opt/airflow/dags/newyork_fhv_quality_check.py
[2026-05-09T03:32:51.413+0000] {processor.py:830} INFO - Processing file /opt/airflow/dags/newyork_fhv_quality_check.py for tasks to queue
[2026-05-09T03:32:51.417+0000] {logging_mixin.py:188} INFO - [2026-05-09T03:32:51.416+0000] {dagbag.py:545} INFO - Filling up the DagBag from /opt/airflow/dags/newyork_fhv_quality_check.py
[2026-05-09T03:32:51.474+0000] {processor.py:840} INFO - DAG(s) 'newyork_fhv_quality_check' retrieved from /opt/airflow/dags/newyork_fhv_quality_check.py
[2026-05-09T03:32:51.501+0000] {logging_mixin.py:188} INFO - [2026-05-09T03:32:51.500+0000] {dag.py:3096} INFO - Sync 1 DAGs
[2026-05-09T03:32:51.516+0000] {logging_mixin.py:188} INFO - [2026-05-09T03:32:51.515+0000] {dag.py:3954} INFO - Setting next_dagrun for newyork_fhv_quality_check to None, run_after=None
[2026-05-09T03:32:51.543+0000] {processor.py:183} INFO - Processing /opt/airflow/dags/newyork_fhv_quality_check.py took 0.144 seconds
[2026-05-09T03:33:22.366+0000] {processor.py:161} INFO - Started process (PID=4629) to work on /opt/airflow/dags/newyork_fhv_quality_check.py
[2026-05-09T03:33:22.368+0000] {processor.py:830} INFO - Processing file /opt/airflow/dags/newyork_fhv_quality_check.py for tasks to queue
[2026-05-09T03:33:22.371+0000] {logging_mixin.py:188} INFO - [2026-05-09T03:33:22.371+0000] {dagbag.py:545} INFO - Filling up the DagBag from /opt/airflow/dags/newyork_fhv_quality_check.py
[2026-05-09T03:33:22.417+0000] {processor.py:840} INFO - DAG(s) 'newyork_fhv_quality_check' retrieved from /opt/airflow/dags/newyork_fhv_quality_check.py
[2026-05-09T03:33:22.443+0000] {logging_mixin.py:188} INFO - [2026-05-09T03:33:22.443+0000] {dag.py:3096} INFO - Sync 1 DAGs
[2026-05-09T03:33:22.459+0000] {logging_mixin.py:188} INFO - [2026-05-09T03:33:22.458+0000] {dag.py:3954} INFO - Setting next_dagrun for newyork_fhv_quality_check to None, run_after=None
[2026-05-09T03:33:22.484+0000] {processor.py:183} INFO - Processing /opt/airflow/dags/newyork_fhv_quality_check.py took 0.128 seconds
[2026-05-09T03:33:53.364+0000] {processor.py:161} INFO - Started process (PID=4640) to work on /opt/airflow/dags/newyork_fhv_quality_check.py
[2026-05-09T03:33:53.369+0000] {processor.py:830} INFO - Processing file /opt/airflow/dags/newyork_fhv_quality_check.py for tasks to queue
[2026-05-09T03:33:53.376+0000] {logging_mixin.py:188} INFO - [2026-05-09T03:33:53.375+0000] {dagbag.py:545} INFO - Filling up the DagBag from /opt/airflow/dags/newyork_fhv_quality_check.py
[2026-05-09T03:33:53.413+0000] {processor.py:840} INFO - DAG(s) 'newyork_fhv_quality_check' retrieved from /opt/airflow/dags/newyork_fhv_quality_check.py
[2026-05-09T03:33:53.453+0000] {logging_mixin.py:188} INFO - [2026-05-09T03:33:53.452+0000] {dag.py:3096} INFO - Sync 1 DAGs
[2026-05-09T03:33:53.475+0000] {logging_mixin.py:188} INFO - [2026-05-09T03:33:53.475+0000] {dag.py:3954} INFO - Setting next_dagrun for newyork_fhv_quality_check to None, run_after=None
[2026-05-09T03:33:53.504+0000] {processor.py:183} INFO - Processing /opt/airflow/dags/newyork_fhv_quality_check.py took 0.152 seconds
[2026-05-09T03:34:23.634+0000] {processor.py:161} INFO - Started process (PID=4651) to work on /opt/airflow/dags/newyork_fhv_quality_check.py
[2026-05-09T03:34:23.636+0000] {processor.py:830} INFO - Processing file /opt/airflow/dags/newyork_fhv_quality_check.py for tasks to queue
[2026-05-09T03:34:23.640+0000] {logging_mixin.py:188} INFO - [2026-05-09T03:34:23.639+0000] {dagbag.py:545} INFO - Filling up the DagBag from /opt/airflow/dags/newyork_fhv_quality_check.py
[2026-05-09T03:34:23.671+0000] {processor.py:840} INFO - DAG(s) 'newyork_fhv_quality_check' retrieved from /opt/airflow/dags/newyork_fhv_quality_check.py
[2026-05-09T03:34:23.698+0000] {logging_mixin.py:188} INFO - [2026-05-09T03:34:23.697+0000] {dag.py:3096} INFO - Sync 1 DAGs
[2026-05-09T03:34:23.711+0000] {logging_mixin.py:188} INFO - [2026-05-09T03:34:23.710+0000] {dag.py:3954} INFO - Setting next_dagrun for newyork_fhv_quality_check to None, run_after=None
[2026-05-09T03:34:23.737+0000] {processor.py:183} INFO - Processing /opt/airflow/dags/newyork_fhv_quality_check.py took 0.114 seconds
[2026-05-09T03:34:54.483+0000] {processor.py:161} INFO - Started process (PID=4662) to work on /opt/airflow/dags/newyork_fhv_quality_check.py
[2026-05-09T03:34:54.484+0000] {processor.py:830} INFO - Processing file /opt/airflow/dags/newyork_fhv_quality_check.py for tasks to queue
[2026-05-09T03:34:54.486+0000] {logging_mixin.py:188} INFO - [2026-05-09T03:34:54.486+0000] {dagbag.py:545} INFO - Filling up the DagBag from /opt/airflow/dags/newyork_fhv_quality_check.py
[2026-05-09T03:34:54.506+0000] {processor.py:840} INFO - DAG(s) 'newyork_fhv_quality_check' retrieved from /opt/airflow/dags/newyork_fhv_quality_check.py
[2026-05-09T03:34:54.532+0000] {logging_mixin.py:188} INFO - [2026-05-09T03:34:54.531+0000] {dag.py:3096} INFO - Sync 1 DAGs
[2026-05-09T03:34:54.545+0000] {logging_mixin.py:188} INFO - [2026-05-09T03:34:54.545+0000] {dag.py:3954} INFO - Setting next_dagrun for newyork_fhv_quality_check to None, run_after=None
[2026-05-09T03:34:54.571+0000] {processor.py:183} INFO - Processing /opt/airflow/dags/newyork_fhv_quality_check.py took 0.095 seconds
[2026-05-09T03:35:25.389+0000] {processor.py:161} INFO - Started process (PID=4673) to work on /opt/airflow/dags/newyork_fhv_quality_check.py
[2026-05-09T03:35:25.391+0000] {processor.py:830} INFO - Processing file /opt/airflow/dags/newyork_fhv_quality_check.py for tasks to queue
[2026-05-09T03:35:25.399+0000] {logging_mixin.py:188} INFO - [2026-05-09T03:35:25.399+0000] {dagbag.py:545} INFO - Filling up the DagBag from /opt/airflow/dags/newyork_fhv_quality_check.py
[2026-05-09T03:35:25.451+0000] {processor.py:840} INFO - DAG(s) 'newyork_fhv_quality_check' retrieved from /opt/airflow/dags/newyork_fhv_quality_check.py
[2026-05-09T03:35:25.492+0000] {logging_mixin.py:188} INFO - [2026-05-09T03:35:25.491+0000] {dag.py:3096} INFO - Sync 1 DAGs
[2026-05-09T03:35:25.509+0000] {logging_mixin.py:188} INFO - [2026-05-09T03:35:25.509+0000] {dag.py:3954} INFO - Setting next_dagrun for newyork_fhv_quality_check to None, run_after=None
[2026-05-09T03:35:25.536+0000] {processor.py:183} INFO - Processing /opt/airflow/dags/newyork_fhv_quality_check.py took 0.156 seconds
[2026-05-09T03:35:56.362+0000] {processor.py:161} INFO - Started process (PID=4690) to work on /opt/airflow/dags/newyork_fhv_quality_check.py
[2026-05-09T03:35:56.365+0000] {processor.py:830} INFO - Processing file /opt/airflow/dags/newyork_fhv_quality_check.py for tasks to queue
[2026-05-09T03:35:56.369+0000] {logging_mixin.py:188} INFO - [2026-05-09T03:35:56.368+0000] {dagbag.py:545} INFO - Filling up the DagBag from /opt/airflow/dags/newyork_fhv_quality_check.py
[2026-05-09T03:35:56.423+0000] {processor.py:840} INFO - DAG(s) 'newyork_fhv_quality_check' retrieved from /opt/airflow/dags/newyork_fhv_quality_check.py
[2026-05-09T03:35:56.469+0000] {logging_mixin.py:188} INFO - [2026-05-09T03:35:56.469+0000] {dag.py:3096} INFO - Sync 1 DAGs
[2026-05-09T03:35:56.488+0000] {logging_mixin.py:188} INFO - [2026-05-09T03:35:56.488+0000] {dag.py:3954} INFO - Setting next_dagrun for newyork_fhv_quality_check to None, run_after=None
[2026-05-09T03:35:56.518+0000] {processor.py:183} INFO - Processing /opt/airflow/dags/newyork_fhv_quality_check.py took 0.166 seconds
[2026-05-09T03:36:27.344+0000] {processor.py:161} INFO - Started process (PID=4701) to work on /opt/airflow/dags/newyork_fhv_quality_check.py
[2026-05-09T03:36:27.345+0000] {processor.py:830} INFO - Processing file /opt/airflow/dags/newyork_fhv_quality_check.py for tasks to queue
[2026-05-09T03:36:27.348+0000] {logging_mixin.py:188} INFO - [2026-05-09T03:36:27.347+0000] {dagbag.py:545} INFO - Filling up the DagBag from /opt/airflow/dags/newyork_fhv_quality_check.py
[2026-05-09T03:36:27.379+0000] {processor.py:840} INFO - DAG(s) 'newyork_fhv_quality_check' retrieved from /opt/airflow/dags/newyork_fhv_quality_check.py
[2026-05-09T03:36:27.406+0000] {logging_mixin.py:188} INFO - [2026-05-09T03:36:27.406+0000] {dag.py:3096} INFO - Sync 1 DAGs
[2026-05-09T03:36:27.419+0000] {logging_mixin.py:188} INFO - [2026-05-09T03:36:27.419+0000] {dag.py:3954} INFO - Setting next_dagrun for newyork_fhv_quality_check to None, run_after=None
[2026-05-09T03:36:27.447+0000] {processor.py:183} INFO - Processing /opt/airflow/dags/newyork_fhv_quality_check.py took 0.112 seconds
[2026-05-09T03:36:58.303+0000] {processor.py:161} INFO - Started process (PID=4712) to work on /opt/airflow/dags/newyork_fhv_quality_check.py
[2026-05-09T03:36:58.305+0000] {processor.py:830} INFO - Processing file /opt/airflow/dags/newyork_fhv_quality_check.py for tasks to queue
[2026-05-09T03:36:58.311+0000] {logging_mixin.py:188} INFO - [2026-05-09T03:36:58.310+0000] {dagbag.py:545} INFO - Filling up the DagBag from /opt/airflow/dags/newyork_fhv_quality_check.py
[2026-05-09T03:36:58.360+0000] {processor.py:840} INFO - DAG(s) 'newyork_fhv_quality_check' retrieved from /opt/airflow/dags/newyork_fhv_quality_check.py
[2026-05-09T03:36:58.400+0000] {logging_mixin.py:188} INFO - [2026-05-09T03:36:58.400+0000] {dag.py:3096} INFO - Sync 1 DAGs
[2026-05-09T03:36:58.418+0000] {logging_mixin.py:188} INFO - [2026-05-09T03:36:58.417+0000] {dag.py:3954} INFO - Setting next_dagrun for newyork_fhv_quality_check to None, run_after=None
[2026-05-09T03:36:58.453+0000] {processor.py:183} INFO - Processing /opt/airflow/dags/newyork_fhv_quality_check.py took 0.162 seconds
[2026-05-09T03:37:29.115+0000] {processor.py:161} INFO - Started process (PID=4723) to work on /opt/airflow/dags/newyork_fhv_quality_check.py
[2026-05-09T03:37:29.117+0000] {processor.py:830} INFO - Processing file /opt/airflow/dags/newyork_fhv_quality_check.py for tasks to queue
[2026-05-09T03:37:29.120+0000] {logging_mixin.py:188} INFO - [2026-05-09T03:37:29.119+0000] {dagbag.py:545} INFO - Filling up the DagBag from /opt/airflow/dags/newyork_fhv_quality_check.py
[2026-05-09T03:37:29.160+0000] {processor.py:840} INFO - DAG(s) 'newyork_fhv_quality_check' retrieved from /opt/airflow/dags/newyork_fhv_quality_check.py
[2026-05-09T03:37:29.193+0000] {logging_mixin.py:188} INFO - [2026-05-09T03:37:29.192+0000] {dag.py:3096} INFO - Sync 1 DAGs
[2026-05-09T03:37:29.209+0000] {logging_mixin.py:188} INFO - [2026-05-09T03:37:29.209+0000] {dag.py:3954} INFO - Setting next_dagrun for newyork_fhv_quality_check to None, run_after=None
[2026-05-09T03:37:29.237+0000] {processor.py:183} INFO - Processing /opt/airflow/dags/newyork_fhv_quality_check.py took 0.130 seconds
[2026-05-09T03:38:00.109+0000] {processor.py:161} INFO - Started process (PID=4734) to work on /opt/airflow/dags/newyork_fhv_quality_check.py
[2026-05-09T03:38:00.111+0000] {processor.py:830} INFO - Processing file /opt/airflow/dags/newyork_fhv_quality_check.py for tasks to queue
[2026-05-09T03:38:00.113+0000] {logging_mixin.py:188} INFO - [2026-05-09T03:38:00.113+0000] {dagbag.py:545} INFO - Filling up the DagBag from /opt/airflow/dags/newyork_fhv_quality_check.py
[2026-05-09T03:38:00.144+0000] {processor.py:840} INFO - DAG(s) 'newyork_fhv_quality_check' retrieved from /opt/airflow/dags/newyork_fhv_quality_check.py
[2026-05-09T03:38:00.174+0000] {logging_mixin.py:188} INFO - [2026-05-09T03:38:00.174+0000] {dag.py:3096} INFO - Sync 1 DAGs
[2026-05-09T03:38:00.190+0000] {logging_mixin.py:188} INFO - [2026-05-09T03:38:00.190+0000] {dag.py:3954} INFO - Setting next_dagrun for newyork_fhv_quality_check to None, run_after=None
[2026-05-09T03:38:00.217+0000] {processor.py:183} INFO - Processing /opt/airflow/dags/newyork_fhv_quality_check.py took 0.114 seconds
[2026-05-09T03:38:30.469+0000] {processor.py:161} INFO - Started process (PID=4745) to work on /opt/airflow/dags/newyork_fhv_quality_check.py
[2026-05-09T03:38:30.471+0000] {processor.py:830} INFO - Processing file /opt/airflow/dags/newyork_fhv_quality_check.py for tasks to queue
[2026-05-09T03:38:30.475+0000] {logging_mixin.py:188} INFO - [2026-05-09T03:38:30.474+0000] {dagbag.py:545} INFO - Filling up the DagBag from /opt/airflow/dags/newyork_fhv_quality_check.py
[2026-05-09T03:38:30.524+0000] {processor.py:840} INFO - DAG(s) 'newyork_fhv_quality_check' retrieved from /opt/airflow/dags/newyork_fhv_quality_check.py
[2026-05-09T03:38:30.563+0000] {logging_mixin.py:188} INFO - [2026-05-09T03:38:30.562+0000] {dag.py:3096} INFO - Sync 1 DAGs
[2026-05-09T03:38:30.584+0000] {logging_mixin.py:188} INFO - [2026-05-09T03:38:30.583+0000] {dag.py:3954} INFO - Setting next_dagrun for newyork_fhv_quality_check to None, run_after=None
[2026-05-09T03:38:30.627+0000] {processor.py:183} INFO - Processing /opt/airflow/dags/newyork_fhv_quality_check.py took 0.170 seconds
[2026-05-09T03:39:00.788+0000] {processor.py:161} INFO - Started process (PID=4756) to work on /opt/airflow/dags/newyork_fhv_quality_check.py
[2026-05-09T03:39:00.791+0000] {processor.py:830} INFO - Processing file /opt/airflow/dags/newyork_fhv_quality_check.py for tasks to queue
[2026-05-09T03:39:00.795+0000] {logging_mixin.py:188} INFO - [2026-05-09T03:39:00.794+0000] {dagbag.py:545} INFO - Filling up the DagBag from /opt/airflow/dags/newyork_fhv_quality_check.py
[2026-05-09T03:39:00.852+0000] {processor.py:840} INFO - DAG(s) 'newyork_fhv_quality_check' retrieved from /opt/airflow/dags/newyork_fhv_quality_check.py
[2026-05-09T03:39:00.901+0000] {logging_mixin.py:188} INFO - [2026-05-09T03:39:00.901+0000] {dag.py:3096} INFO - Sync 1 DAGs
[2026-05-09T03:39:00.923+0000] {logging_mixin.py:188} INFO - [2026-05-09T03:39:00.922+0000] {dag.py:3954} INFO - Setting next_dagrun for newyork_fhv_quality_check to None, run_after=None
[2026-05-09T03:39:00.966+0000] {processor.py:183} INFO - Processing /opt/airflow/dags/newyork_fhv_quality_check.py took 0.188 seconds
[2026-05-09T03:39:31.171+0000] {processor.py:161} INFO - Started process (PID=4767) to work on /opt/airflow/dags/newyork_fhv_quality_check.py
[2026-05-09T03:39:31.173+0000] {processor.py:830} INFO - Processing file /opt/airflow/dags/newyork_fhv_quality_check.py for tasks to queue
[2026-05-09T03:39:31.176+0000] {logging_mixin.py:188} INFO - [2026-05-09T03:39:31.176+0000] {dagbag.py:545} INFO - Filling up the DagBag from /opt/airflow/dags/newyork_fhv_quality_check.py
[2026-05-09T03:39:31.221+0000] {processor.py:840} INFO - DAG(s) 'newyork_fhv_quality_check' retrieved from /opt/airflow/dags/newyork_fhv_quality_check.py
[2026-05-09T03:39:31.258+0000] {logging_mixin.py:188} INFO - [2026-05-09T03:39:31.258+0000] {dag.py:3096} INFO - Sync 1 DAGs
[2026-05-09T03:39:31.274+0000] {logging_mixin.py:188} INFO - [2026-05-09T03:39:31.273+0000] {dag.py:3954} INFO - Setting next_dagrun for newyork_fhv_quality_check to None, run_after=None
[2026-05-09T03:39:31.301+0000] {processor.py:183} INFO - Processing /opt/airflow/dags/newyork_fhv_quality_check.py took 0.137 seconds
[2026-05-09T03:40:01.557+0000] {processor.py:161} INFO - Started process (PID=4778) to work on /opt/airflow/dags/newyork_fhv_quality_check.py
[2026-05-09T03:40:01.559+0000] {processor.py:830} INFO - Processing file /opt/airflow/dags/newyork_fhv_quality_check.py for tasks to queue
[2026-05-09T03:40:01.563+0000] {logging_mixin.py:188} INFO - [2026-05-09T03:40:01.562+0000] {dagbag.py:545} INFO - Filling up the DagBag from /opt/airflow/dags/newyork_fhv_quality_check.py
[2026-05-09T03:40:01.603+0000] {processor.py:840} INFO - DAG(s) 'newyork_fhv_quality_check' retrieved from /opt/airflow/dags/newyork_fhv_quality_check.py
[2026-05-09T03:40:01.632+0000] {logging_mixin.py:188} INFO - [2026-05-09T03:40:01.632+0000] {dag.py:3096} INFO - Sync 1 DAGs
[2026-05-09T03:40:01.646+0000] {logging_mixin.py:188} INFO - [2026-05-09T03:40:01.645+0000] {dag.py:3954} INFO - Setting next_dagrun for newyork_fhv_quality_check to None, run_after=None
[2026-05-09T03:40:01.672+0000] {processor.py:183} INFO - Processing /opt/airflow/dags/newyork_fhv_quality_check.py took 0.126 seconds
[2026-05-09T03:40:31.855+0000] {processor.py:161} INFO - Started process (PID=4789) to work on /opt/airflow/dags/newyork_fhv_quality_check.py
[2026-05-09T03:40:31.857+0000] {processor.py:830} INFO - Processing file /opt/airflow/dags/newyork_fhv_quality_check.py for tasks to queue
[2026-05-09T03:40:31.861+0000] {logging_mixin.py:188} INFO - [2026-05-09T03:40:31.861+0000] {dagbag.py:545} INFO - Filling up the DagBag from /opt/airflow/dags/newyork_fhv_quality_check.py
[2026-05-09T03:40:31.904+0000] {processor.py:840} INFO - DAG(s) 'newyork_fhv_quality_check' retrieved from /opt/airflow/dags/newyork_fhv_quality_check.py
[2026-05-09T03:40:31.934+0000] {logging_mixin.py:188} INFO - [2026-05-09T03:40:31.934+0000] {dag.py:3096} INFO - Sync 1 DAGs
[2026-05-09T03:40:31.950+0000] {logging_mixin.py:188} INFO - [2026-05-09T03:40:31.950+0000] {dag.py:3954} INFO - Setting next_dagrun for newyork_fhv_quality_check to None, run_after=None
[2026-05-09T03:40:31.986+0000] {processor.py:183} INFO - Processing /opt/airflow/dags/newyork_fhv_quality_check.py took 0.142 seconds
[2026-05-09T03:41:02.173+0000] {processor.py:161} INFO - Started process (PID=4800) to work on /opt/airflow/dags/newyork_fhv_quality_check.py
[2026-05-09T03:41:02.175+0000] {processor.py:830} INFO - Processing file /opt/airflow/dags/newyork_fhv_quality_check.py for tasks to queue
[2026-05-09T03:41:02.179+0000] {logging_mixin.py:188} INFO - [2026-05-09T03:41:02.178+0000] {dagbag.py:545} INFO - Filling up the DagBag from /opt/airflow/dags/newyork_fhv_quality_check.py
[2026-05-09T03:41:02.224+0000] {processor.py:840} INFO - DAG(s) 'newyork_fhv_quality_check' retrieved from /opt/airflow/dags/newyork_fhv_quality_check.py
[2026-05-09T03:41:02.251+0000] {logging_mixin.py:188} INFO - [2026-05-09T03:41:02.251+0000] {dag.py:3096} INFO - Sync 1 DAGs
[2026-05-09T03:41:02.266+0000] {logging_mixin.py:188} INFO - [2026-05-09T03:41:02.266+0000] {dag.py:3954} INFO - Setting next_dagrun for newyork_fhv_quality_check to None, run_after=None
[2026-05-09T03:41:02.293+0000] {processor.py:183} INFO - Processing /opt/airflow/dags/newyork_fhv_quality_check.py took 0.131 seconds
[2026-05-09T03:41:32.447+0000] {processor.py:161} INFO - Started process (PID=4811) to work on /opt/airflow/dags/newyork_fhv_quality_check.py
[2026-05-09T03:41:32.449+0000] {processor.py:830} INFO - Processing file /opt/airflow/dags/newyork_fhv_quality_check.py for tasks to queue
[2026-05-09T03:41:32.452+0000] {logging_mixin.py:188} INFO - [2026-05-09T03:41:32.452+0000] {dagbag.py:545} INFO - Filling up the DagBag from /opt/airflow/dags/newyork_fhv_quality_check.py
[2026-05-09T03:41:32.500+0000] {processor.py:840} INFO - DAG(s) 'newyork_fhv_quality_check' retrieved from /opt/airflow/dags/newyork_fhv_quality_check.py
[2026-05-09T03:41:32.528+0000] {logging_mixin.py:188} INFO - [2026-05-09T03:41:32.528+0000] {dag.py:3096} INFO - Sync 1 DAGs
[2026-05-09T03:41:32.543+0000] {logging_mixin.py:188} INFO - [2026-05-09T03:41:32.542+0000] {dag.py:3954} INFO - Setting next_dagrun for newyork_fhv_quality_check to None, run_after=None
[2026-05-09T03:41:32.573+0000] {processor.py:183} INFO - Processing /opt/airflow/dags/newyork_fhv_quality_check.py took 0.135 seconds
[2026-05-09T03:42:02.909+0000] {processor.py:161} INFO - Started process (PID=4822) to work on /opt/airflow/dags/newyork_fhv_quality_check.py
[2026-05-09T03:42:02.910+0000] {processor.py:830} INFO - Processing file /opt/airflow/dags/newyork_fhv_quality_check.py for tasks to queue
[2026-05-09T03:42:02.913+0000] {logging_mixin.py:188} INFO - [2026-05-09T03:42:02.913+0000] {dagbag.py:545} INFO - Filling up the DagBag from /opt/airflow/dags/newyork_fhv_quality_check.py
[2026-05-09T03:42:02.955+0000] {processor.py:840} INFO - DAG(s) 'newyork_fhv_quality_check' retrieved from /opt/airflow/dags/newyork_fhv_quality_check.py
[2026-05-09T03:42:02.982+0000] {logging_mixin.py:188} INFO - [2026-05-09T03:42:02.982+0000] {dag.py:3096} INFO - Sync 1 DAGs
[2026-05-09T03:42:02.998+0000] {logging_mixin.py:188} INFO - [2026-05-09T03:42:02.998+0000] {dag.py:3954} INFO - Setting next_dagrun for newyork_fhv_quality_check to None, run_after=None
[2026-05-09T03:42:03.031+0000] {processor.py:183} INFO - Processing /opt/airflow/dags/newyork_fhv_quality_check.py took 0.133 seconds
[2026-05-09T03:42:33.296+0000] {processor.py:161} INFO - Started process (PID=4833) to work on /opt/airflow/dags/newyork_fhv_quality_check.py
[2026-05-09T03:42:33.298+0000] {processor.py:830} INFO - Processing file /opt/airflow/dags/newyork_fhv_quality_check.py for tasks to queue
[2026-05-09T03:42:33.302+0000] {logging_mixin.py:188} INFO - [2026-05-09T03:42:33.302+0000] {dagbag.py:545} INFO - Filling up the DagBag from /opt/airflow/dags/newyork_fhv_quality_check.py
[2026-05-09T03:42:33.342+0000] {processor.py:840} INFO - DAG(s) 'newyork_fhv_quality_check' retrieved from /opt/airflow/dags/newyork_fhv_quality_check.py
[2026-05-09T03:42:33.378+0000] {logging_mixin.py:188} INFO - [2026-05-09T03:42:33.378+0000] {dag.py:3096} INFO - Sync 1 DAGs
[2026-05-09T03:42:33.398+0000] {logging_mixin.py:188} INFO - [2026-05-09T03:42:33.397+0000] {dag.py:3954} INFO - Setting next_dagrun for newyork_fhv_quality_check to None, run_after=None
[2026-05-09T03:42:33.430+0000] {processor.py:183} INFO - Processing /opt/airflow/dags/newyork_fhv_quality_check.py took 0.144 seconds
[2026-05-09T03:43:03.632+0000] {processor.py:161} INFO - Started process (PID=4844) to work on /opt/airflow/dags/newyork_fhv_quality_check.py
[2026-05-09T03:43:03.634+0000] {processor.py:830} INFO - Processing file /opt/airflow/dags/newyork_fhv_quality_check.py for tasks to queue
[2026-05-09T03:43:03.638+0000] {logging_mixin.py:188} INFO - [2026-05-09T03:43:03.638+0000] {dagbag.py:545} INFO - Filling up the DagBag from /opt/airflow/dags/newyork_fhv_quality_check.py
[2026-05-09T03:43:03.686+0000] {processor.py:840} INFO - DAG(s) 'newyork_fhv_quality_check' retrieved from /opt/airflow/dags/newyork_fhv_quality_check.py
[2026-05-09T03:43:03.721+0000] {logging_mixin.py:188} INFO - [2026-05-09T03:43:03.721+0000] {dag.py:3096} INFO - Sync 1 DAGs
[2026-05-09T03:43:03.743+0000] {logging_mixin.py:188} INFO - [2026-05-09T03:43:03.743+0000] {dag.py:3954} INFO - Setting next_dagrun for newyork_fhv_quality_check to None, run_after=None
[2026-05-09T03:43:03.786+0000] {processor.py:183} INFO - Processing /opt/airflow/dags/newyork_fhv_quality_check.py took 0.164 seconds
[2026-05-09T03:43:34.009+0000] {processor.py:161} INFO - Started process (PID=4855) to work on /opt/airflow/dags/newyork_fhv_quality_check.py
[2026-05-09T03:43:34.011+0000] {processor.py:830} INFO - Processing file /opt/airflow/dags/newyork_fhv_quality_check.py for tasks to queue
[2026-05-09T03:43:34.014+0000] {logging_mixin.py:188} INFO - [2026-05-09T03:43:34.013+0000] {dagbag.py:545} INFO - Filling up the DagBag from /opt/airflow/dags/newyork_fhv_quality_check.py
[2026-05-09T03:43:34.059+0000] {processor.py:840} INFO - DAG(s) 'newyork_fhv_quality_check' retrieved from /opt/airflow/dags/newyork_fhv_quality_check.py
[2026-05-09T03:43:34.085+0000] {logging_mixin.py:188} INFO - [2026-05-09T03:43:34.085+0000] {dag.py:3096} INFO - Sync 1 DAGs
[2026-05-09T03:43:34.102+0000] {logging_mixin.py:188} INFO - [2026-05-09T03:43:34.102+0000] {dag.py:3954} INFO - Setting next_dagrun for newyork_fhv_quality_check to None, run_after=None
[2026-05-09T03:43:34.135+0000] {processor.py:183} INFO - Processing /opt/airflow/dags/newyork_fhv_quality_check.py took 0.136 seconds
[2026-05-09T03:44:05.233+0000] {processor.py:161} INFO - Started process (PID=4866) to work on /opt/airflow/dags/newyork_fhv_quality_check.py
[2026-05-09T03:44:05.235+0000] {processor.py:830} INFO - Processing file /opt/airflow/dags/newyork_fhv_quality_check.py for tasks to queue
[2026-05-09T03:44:05.239+0000] {logging_mixin.py:188} INFO - [2026-05-09T03:44:05.239+0000] {dagbag.py:545} INFO - Filling up the DagBag from /opt/airflow/dags/newyork_fhv_quality_check.py
[2026-05-09T03:44:05.285+0000] {processor.py:840} INFO - DAG(s) 'newyork_fhv_quality_check' retrieved from /opt/airflow/dags/newyork_fhv_quality_check.py
[2026-05-09T03:44:05.312+0000] {logging_mixin.py:188} INFO - [2026-05-09T03:44:05.312+0000] {dag.py:3096} INFO - Sync 1 DAGs
[2026-05-09T03:44:05.326+0000] {logging_mixin.py:188} INFO - [2026-05-09T03:44:05.326+0000] {dag.py:3954} INFO - Setting next_dagrun for newyork_fhv_quality_check to None, run_after=None
[2026-05-09T03:44:05.352+0000] {processor.py:183} INFO - Processing /opt/airflow/dags/newyork_fhv_quality_check.py took 0.129 seconds
[2026-05-09T03:44:35.652+0000] {processor.py:161} INFO - Started process (PID=4877) to work on /opt/airflow/dags/newyork_fhv_quality_check.py
[2026-05-09T03:44:35.653+0000] {processor.py:830} INFO - Processing file /opt/airflow/dags/newyork_fhv_quality_check.py for tasks to queue
[2026-05-09T03:44:35.657+0000] {logging_mixin.py:188} INFO - [2026-05-09T03:44:35.656+0000] {dagbag.py:545} INFO - Filling up the DagBag from /opt/airflow/dags/newyork_fhv_quality_check.py
[2026-05-09T03:44:35.696+0000] {processor.py:840} INFO - DAG(s) 'newyork_fhv_quality_check' retrieved from /opt/airflow/dags/newyork_fhv_quality_check.py
[2026-05-09T03:44:35.736+0000] {logging_mixin.py:188} INFO - [2026-05-09T03:44:35.735+0000] {dag.py:3096} INFO - Sync 1 DAGs
[2026-05-09T03:44:35.758+0000] {logging_mixin.py:188} INFO - [2026-05-09T03:44:35.758+0000] {dag.py:3954} INFO - Setting next_dagrun for newyork_fhv_quality_check to None, run_after=None
[2026-05-09T03:44:35.793+0000] {processor.py:183} INFO - Processing /opt/airflow/dags/newyork_fhv_quality_check.py took 0.149 seconds
[2026-05-09T03:45:06.407+0000] {processor.py:161} INFO - Started process (PID=4888) to work on /opt/airflow/dags/newyork_fhv_quality_check.py
[2026-05-09T03:45:06.408+0000] {processor.py:830} INFO - Processing file /opt/airflow/dags/newyork_fhv_quality_check.py for tasks to queue
[2026-05-09T03:45:06.410+0000] {logging_mixin.py:188} INFO - [2026-05-09T03:45:06.410+0000] {dagbag.py:545} INFO - Filling up the DagBag from /opt/airflow/dags/newyork_fhv_quality_check.py
[2026-05-09T03:45:06.445+0000] {processor.py:840} INFO - DAG(s) 'newyork_fhv_quality_check' retrieved from /opt/airflow/dags/newyork_fhv_quality_check.py
[2026-05-09T03:45:06.474+0000] {logging_mixin.py:188} INFO - [2026-05-09T03:45:06.473+0000] {dag.py:3096} INFO - Sync 1 DAGs
[2026-05-09T03:45:06.489+0000] {logging_mixin.py:188} INFO - [2026-05-09T03:45:06.489+0000] {dag.py:3954} INFO - Setting next_dagrun for newyork_fhv_quality_check to None, run_after=None
[2026-05-09T03:45:06.519+0000] {processor.py:183} INFO - Processing /opt/airflow/dags/newyork_fhv_quality_check.py took 0.121 seconds
[2026-05-09T03:45:37.403+0000] {processor.py:161} INFO - Started process (PID=4899) to work on /opt/airflow/dags/newyork_fhv_quality_check.py
[2026-05-09T03:45:37.406+0000] {processor.py:830} INFO - Processing file /opt/airflow/dags/newyork_fhv_quality_check.py for tasks to queue
[2026-05-09T03:45:37.411+0000] {logging_mixin.py:188} INFO - [2026-05-09T03:45:37.410+0000] {dagbag.py:545} INFO - Filling up the DagBag from /opt/airflow/dags/newyork_fhv_quality_check.py
[2026-05-09T03:45:37.464+0000] {processor.py:840} INFO - DAG(s) 'newyork_fhv_quality_check' retrieved from /opt/airflow/dags/newyork_fhv_quality_check.py
[2026-05-09T03:45:37.500+0000] {logging_mixin.py:188} INFO - [2026-05-09T03:45:37.499+0000] {dag.py:3096} INFO - Sync 1 DAGs
[2026-05-09T03:45:37.515+0000] {logging_mixin.py:188} INFO - [2026-05-09T03:45:37.515+0000] {dag.py:3954} INFO - Setting next_dagrun for newyork_fhv_quality_check to None, run_after=None
[2026-05-09T03:45:37.541+0000] {processor.py:183} INFO - Processing /opt/airflow/dags/newyork_fhv_quality_check.py took 0.150 seconds
[2026-05-09T03:46:08.321+0000] {processor.py:161} INFO - Started process (PID=4910) to work on /opt/airflow/dags/newyork_fhv_quality_check.py
[2026-05-09T03:46:08.322+0000] {processor.py:830} INFO - Processing file /opt/airflow/dags/newyork_fhv_quality_check.py for tasks to queue
[2026-05-09T03:46:08.325+0000] {logging_mixin.py:188} INFO - [2026-05-09T03:46:08.325+0000] {dagbag.py:545} INFO - Filling up the DagBag from /opt/airflow/dags/newyork_fhv_quality_check.py
[2026-05-09T03:46:08.351+0000] {processor.py:840} INFO - DAG(s) 'newyork_fhv_quality_check' retrieved from /opt/airflow/dags/newyork_fhv_quality_check.py
[2026-05-09T03:46:08.375+0000] {logging_mixin.py:188} INFO - [2026-05-09T03:46:08.374+0000] {dag.py:3096} INFO - Sync 1 DAGs
[2026-05-09T03:46:08.388+0000] {logging_mixin.py:188} INFO - [2026-05-09T03:46:08.388+0000] {dag.py:3954} INFO - Setting next_dagrun for newyork_fhv_quality_check to None, run_after=None
[2026-05-09T03:46:08.414+0000] {processor.py:183} INFO - Processing /opt/airflow/dags/newyork_fhv_quality_check.py took 0.101 seconds
[2026-05-09T03:46:39.236+0000] {processor.py:161} INFO - Started process (PID=4921) to work on /opt/airflow/dags/newyork_fhv_quality_check.py
[2026-05-09T03:46:39.238+0000] {processor.py:830} INFO - Processing file /opt/airflow/dags/newyork_fhv_quality_check.py for tasks to queue
[2026-05-09T03:46:39.241+0000] {logging_mixin.py:188} INFO - [2026-05-09T03:46:39.241+0000] {dagbag.py:545} INFO - Filling up the DagBag from /opt/airflow/dags/newyork_fhv_quality_check.py
[2026-05-09T03:46:39.280+0000] {processor.py:840} INFO - DAG(s) 'newyork_fhv_quality_check' retrieved from /opt/airflow/dags/newyork_fhv_quality_check.py
[2026-05-09T03:46:39.307+0000] {logging_mixin.py:188} INFO - [2026-05-09T03:46:39.306+0000] {dag.py:3096} INFO - Sync 1 DAGs
[2026-05-09T03:46:39.322+0000] {logging_mixin.py:188} INFO - [2026-05-09T03:46:39.321+0000] {dag.py:3954} INFO - Setting next_dagrun for newyork_fhv_quality_check to None, run_after=None
[2026-05-09T03:46:39.353+0000] {processor.py:183} INFO - Processing /opt/airflow/dags/newyork_fhv_quality_check.py took 0.126 seconds
[2026-05-09T03:47:09.523+0000] {processor.py:161} INFO - Started process (PID=4932) to work on /opt/airflow/dags/newyork_fhv_quality_check.py
[2026-05-09T03:47:09.525+0000] {processor.py:830} INFO - Processing file /opt/airflow/dags/newyork_fhv_quality_check.py for tasks to queue
[2026-05-09T03:47:09.528+0000] {logging_mixin.py:188} INFO - [2026-05-09T03:47:09.528+0000] {dagbag.py:545} INFO - Filling up the DagBag from /opt/airflow/dags/newyork_fhv_quality_check.py
[2026-05-09T03:47:09.569+0000] {processor.py:840} INFO - DAG(s) 'newyork_fhv_quality_check' retrieved from /opt/airflow/dags/newyork_fhv_quality_check.py
[2026-05-09T03:47:09.604+0000] {logging_mixin.py:188} INFO - [2026-05-09T03:47:09.604+0000] {dag.py:3096} INFO - Sync 1 DAGs
[2026-05-09T03:47:09.619+0000] {logging_mixin.py:188} INFO - [2026-05-09T03:47:09.619+0000] {dag.py:3954} INFO - Setting next_dagrun for newyork_fhv_quality_check to None, run_after=None
[2026-05-09T03:47:09.643+0000] {processor.py:183} INFO - Processing /opt/airflow/dags/newyork_fhv_quality_check.py took 0.126 seconds
[2026-05-09T03:47:40.461+0000] {processor.py:161} INFO - Started process (PID=4943) to work on /opt/airflow/dags/newyork_fhv_quality_check.py
[2026-05-09T03:47:40.463+0000] {processor.py:830} INFO - Processing file /opt/airflow/dags/newyork_fhv_quality_check.py for tasks to queue
[2026-05-09T03:47:40.465+0000] {logging_mixin.py:188} INFO - [2026-05-09T03:47:40.465+0000] {dagbag.py:545} INFO - Filling up the DagBag from /opt/airflow/dags/newyork_fhv_quality_check.py
[2026-05-09T03:47:40.503+0000] {processor.py:840} INFO - DAG(s) 'newyork_fhv_quality_check' retrieved from /opt/airflow/dags/newyork_fhv_quality_check.py
[2026-05-09T03:47:40.527+0000] {logging_mixin.py:188} INFO - [2026-05-09T03:47:40.527+0000] {dag.py:3096} INFO - Sync 1 DAGs
[2026-05-09T03:47:40.543+0000] {logging_mixin.py:188} INFO - [2026-05-09T03:47:40.542+0000] {dag.py:3954} INFO - Setting next_dagrun for newyork_fhv_quality_check to None, run_after=None
[2026-05-09T03:47:40.569+0000] {processor.py:183} INFO - Processing /opt/airflow/dags/newyork_fhv_quality_check.py took 0.115 seconds
[2026-05-09T03:48:11.533+0000] {processor.py:161} INFO - Started process (PID=4954) to work on /opt/airflow/dags/newyork_fhv_quality_check.py
[2026-05-09T03:48:11.535+0000] {processor.py:830} INFO - Processing file /opt/airflow/dags/newyork_fhv_quality_check.py for tasks to queue
[2026-05-09T03:48:11.538+0000] {logging_mixin.py:188} INFO - [2026-05-09T03:48:11.537+0000] {dagbag.py:545} INFO - Filling up the DagBag from /opt/airflow/dags/newyork_fhv_quality_check.py
[2026-05-09T03:48:11.578+0000] {processor.py:840} INFO - DAG(s) 'newyork_fhv_quality_check' retrieved from /opt/airflow/dags/newyork_fhv_quality_check.py
[2026-05-09T03:48:11.611+0000] {logging_mixin.py:188} INFO - [2026-05-09T03:48:11.611+0000] {dag.py:3096} INFO - Sync 1 DAGs
[2026-05-09T03:48:11.629+0000] {logging_mixin.py:188} INFO - [2026-05-09T03:48:11.629+0000] {dag.py:3954} INFO - Setting next_dagrun for newyork_fhv_quality_check to None, run_after=None
[2026-05-09T03:48:11.666+0000] {processor.py:183} INFO - Processing /opt/airflow/dags/newyork_fhv_quality_check.py took 0.145 seconds
[2026-05-09T03:48:42.256+0000] {processor.py:161} INFO - Started process (PID=4965) to work on /opt/airflow/dags/newyork_fhv_quality_check.py
[2026-05-09T03:48:42.257+0000] {processor.py:830} INFO - Processing file /opt/airflow/dags/newyork_fhv_quality_check.py for tasks to queue
[2026-05-09T03:48:42.261+0000] {logging_mixin.py:188} INFO - [2026-05-09T03:48:42.261+0000] {dagbag.py:545} INFO - Filling up the DagBag from /opt/airflow/dags/newyork_fhv_quality_check.py
[2026-05-09T03:48:42.293+0000] {processor.py:840} INFO - DAG(s) 'newyork_fhv_quality_check' retrieved from /opt/airflow/dags/newyork_fhv_quality_check.py
[2026-05-09T03:48:42.325+0000] {logging_mixin.py:188} INFO - [2026-05-09T03:48:42.324+0000] {dag.py:3096} INFO - Sync 1 DAGs
[2026-05-09T03:48:42.340+0000] {logging_mixin.py:188} INFO - [2026-05-09T03:48:42.339+0000] {dag.py:3954} INFO - Setting next_dagrun for newyork_fhv_quality_check to None, run_after=None
[2026-05-09T03:48:42.365+0000] {processor.py:183} INFO - Processing /opt/airflow/dags/newyork_fhv_quality_check.py took 0.119 seconds
[2026-05-09T03:49:13.177+0000] {processor.py:161} INFO - Started process (PID=4976) to work on /opt/airflow/dags/newyork_fhv_quality_check.py
[2026-05-09T03:49:13.178+0000] {processor.py:830} INFO - Processing file /opt/airflow/dags/newyork_fhv_quality_check.py for tasks to queue
[2026-05-09T03:49:13.181+0000] {logging_mixin.py:188} INFO - [2026-05-09T03:49:13.181+0000] {dagbag.py:545} INFO - Filling up the DagBag from /opt/airflow/dags/newyork_fhv_quality_check.py
[2026-05-09T03:49:13.224+0000] {processor.py:840} INFO - DAG(s) 'newyork_fhv_quality_check' retrieved from /opt/airflow/dags/newyork_fhv_quality_check.py
[2026-05-09T03:49:13.256+0000] {logging_mixin.py:188} INFO - [2026-05-09T03:49:13.256+0000] {dag.py:3096} INFO - Sync 1 DAGs
[2026-05-09T03:49:13.272+0000] {logging_mixin.py:188} INFO - [2026-05-09T03:49:13.271+0000] {dag.py:3954} INFO - Setting next_dagrun for newyork_fhv_quality_check to None, run_after=None
[2026-05-09T03:49:13.296+0000] {processor.py:183} INFO - Processing /opt/airflow/dags/newyork_fhv_quality_check.py took 0.129 seconds
[2026-05-09T03:49:44.155+0000] {processor.py:161} INFO - Started process (PID=4987) to work on /opt/airflow/dags/newyork_fhv_quality_check.py
[2026-05-09T03:49:44.157+0000] {processor.py:830} INFO - Processing file /opt/airflow/dags/newyork_fhv_quality_check.py for tasks to queue
[2026-05-09T03:49:44.161+0000] {logging_mixin.py:188} INFO - [2026-05-09T03:49:44.160+0000] {dagbag.py:545} INFO - Filling up the DagBag from /opt/airflow/dags/newyork_fhv_quality_check.py
[2026-05-09T03:49:44.202+0000] {processor.py:840} INFO - DAG(s) 'newyork_fhv_quality_check' retrieved from /opt/airflow/dags/newyork_fhv_quality_check.py
[2026-05-09T03:49:44.225+0000] {logging_mixin.py:188} INFO - [2026-05-09T03:49:44.225+0000] {dag.py:3096} INFO - Sync 1 DAGs
[2026-05-09T03:49:44.240+0000] {logging_mixin.py:188} INFO - [2026-05-09T03:49:44.239+0000] {dag.py:3954} INFO - Setting next_dagrun for newyork_fhv_quality_check to None, run_after=None
[2026-05-09T03:49:44.267+0000] {processor.py:183} INFO - Processing /opt/airflow/dags/newyork_fhv_quality_check.py took 0.122 seconds
[2026-05-09T03:50:15.187+0000] {processor.py:161} INFO - Started process (PID=4998) to work on /opt/airflow/dags/newyork_fhv_quality_check.py
[2026-05-09T03:50:15.189+0000] {processor.py:830} INFO - Processing file /opt/airflow/dags/newyork_fhv_quality_check.py for tasks to queue
[2026-05-09T03:50:15.193+0000] {logging_mixin.py:188} INFO - [2026-05-09T03:50:15.192+0000] {dagbag.py:545} INFO - Filling up the DagBag from /opt/airflow/dags/newyork_fhv_quality_check.py
[2026-05-09T03:50:15.235+0000] {processor.py:840} INFO - DAG(s) 'newyork_fhv_quality_check' retrieved from /opt/airflow/dags/newyork_fhv_quality_check.py
[2026-05-09T03:50:15.265+0000] {logging_mixin.py:188} INFO - [2026-05-09T03:50:15.265+0000] {dag.py:3096} INFO - Sync 1 DAGs
[2026-05-09T03:50:15.279+0000] {logging_mixin.py:188} INFO - [2026-05-09T03:50:15.279+0000] {dag.py:3954} INFO - Setting next_dagrun for newyork_fhv_quality_check to None, run_after=None
[2026-05-09T03:50:15.304+0000] {processor.py:183} INFO - Processing /opt/airflow/dags/newyork_fhv_quality_check.py took 0.128 seconds
[2026-05-09T03:50:45.678+0000] {processor.py:161} INFO - Started process (PID=5009) to work on /opt/airflow/dags/newyork_fhv_quality_check.py
[2026-05-09T03:50:45.681+0000] {processor.py:830} INFO - Processing file /opt/airflow/dags/newyork_fhv_quality_check.py for tasks to queue
[2026-05-09T03:50:45.685+0000] {logging_mixin.py:188} INFO - [2026-05-09T03:50:45.684+0000] {dagbag.py:545} INFO - Filling up the DagBag from /opt/airflow/dags/newyork_fhv_quality_check.py
[2026-05-09T03:50:45.735+0000] {processor.py:840} INFO - DAG(s) 'newyork_fhv_quality_check' retrieved from /opt/airflow/dags/newyork_fhv_quality_check.py
[2026-05-09T03:50:45.764+0000] {logging_mixin.py:188} INFO - [2026-05-09T03:50:45.764+0000] {dag.py:3096} INFO - Sync 1 DAGs
[2026-05-09T03:50:45.778+0000] {logging_mixin.py:188} INFO - [2026-05-09T03:50:45.778+0000] {dag.py:3954} INFO - Setting next_dagrun for newyork_fhv_quality_check to None, run_after=None
[2026-05-09T03:50:45.804+0000] {processor.py:183} INFO - Processing /opt/airflow/dags/newyork_fhv_quality_check.py took 0.137 seconds
[2026-05-09T03:51:16.524+0000] {processor.py:161} INFO - Started process (PID=5021) to work on /opt/airflow/dags/newyork_fhv_quality_check.py
[2026-05-09T03:51:16.525+0000] {processor.py:830} INFO - Processing file /opt/airflow/dags/newyork_fhv_quality_check.py for tasks to queue
[2026-05-09T03:51:16.528+0000] {logging_mixin.py:188} INFO - [2026-05-09T03:51:16.528+0000] {dagbag.py:545} INFO - Filling up the DagBag from /opt/airflow/dags/newyork_fhv_quality_check.py
[2026-05-09T03:51:16.584+0000] {processor.py:840} INFO - DAG(s) 'newyork_fhv_quality_check' retrieved from /opt/airflow/dags/newyork_fhv_quality_check.py
[2026-05-09T03:51:16.615+0000] {logging_mixin.py:188} INFO - [2026-05-09T03:51:16.615+0000] {dag.py:3096} INFO - Sync 1 DAGs
[2026-05-09T03:51:16.630+0000] {logging_mixin.py:188} INFO - [2026-05-09T03:51:16.629+0000] {dag.py:3954} INFO - Setting next_dagrun for newyork_fhv_quality_check to None, run_after=None
[2026-05-09T03:51:16.658+0000] {processor.py:183} INFO - Processing /opt/airflow/dags/newyork_fhv_quality_check.py took 0.142 seconds
[2026-05-09T03:51:47.367+0000] {processor.py:161} INFO - Started process (PID=5032) to work on /opt/airflow/dags/newyork_fhv_quality_check.py
[2026-05-09T03:51:47.369+0000] {processor.py:830} INFO - Processing file /opt/airflow/dags/newyork_fhv_quality_check.py for tasks to queue
[2026-05-09T03:51:47.372+0000] {logging_mixin.py:188} INFO - [2026-05-09T03:51:47.372+0000] {dagbag.py:545} INFO - Filling up the DagBag from /opt/airflow/dags/newyork_fhv_quality_check.py
[2026-05-09T03:51:47.423+0000] {processor.py:840} INFO - DAG(s) 'newyork_fhv_quality_check' retrieved from /opt/airflow/dags/newyork_fhv_quality_check.py
[2026-05-09T03:51:47.449+0000] {logging_mixin.py:188} INFO - [2026-05-09T03:51:47.448+0000] {dag.py:3096} INFO - Sync 1 DAGs
[2026-05-09T03:51:47.464+0000] {logging_mixin.py:188} INFO - [2026-05-09T03:51:47.463+0000] {dag.py:3954} INFO - Setting next_dagrun for newyork_fhv_quality_check to None, run_after=None
[2026-05-09T03:51:47.492+0000] {processor.py:183} INFO - Processing /opt/airflow/dags/newyork_fhv_quality_check.py took 0.133 seconds
[2026-05-09T03:52:18.465+0000] {processor.py:161} INFO - Started process (PID=5043) to work on /opt/airflow/dags/newyork_fhv_quality_check.py
[2026-05-09T03:52:18.468+0000] {processor.py:830} INFO - Processing file /opt/airflow/dags/newyork_fhv_quality_check.py for tasks to queue
[2026-05-09T03:52:18.471+0000] {logging_mixin.py:188} INFO - [2026-05-09T03:52:18.470+0000] {dagbag.py:545} INFO - Filling up the DagBag from /opt/airflow/dags/newyork_fhv_quality_check.py
[2026-05-09T03:52:18.506+0000] {processor.py:840} INFO - DAG(s) 'newyork_fhv_quality_check' retrieved from /opt/airflow/dags/newyork_fhv_quality_check.py
[2026-05-09T03:52:18.534+0000] {logging_mixin.py:188} INFO - [2026-05-09T03:52:18.533+0000] {dag.py:3096} INFO - Sync 1 DAGs
[2026-05-09T03:52:18.556+0000] {logging_mixin.py:188} INFO - [2026-05-09T03:52:18.555+0000] {dag.py:3954} INFO - Setting next_dagrun for newyork_fhv_quality_check to None, run_after=None
[2026-05-09T03:52:18.591+0000] {processor.py:183} INFO - Processing /opt/airflow/dags/newyork_fhv_quality_check.py took 0.139 seconds
[2026-05-09T03:52:49.370+0000] {processor.py:161} INFO - Started process (PID=5054) to work on /opt/airflow/dags/newyork_fhv_quality_check.py
[2026-05-09T03:52:49.372+0000] {processor.py:830} INFO - Processing file /opt/airflow/dags/newyork_fhv_quality_check.py for tasks to queue
[2026-05-09T03:52:49.376+0000] {logging_mixin.py:188} INFO - [2026-05-09T03:52:49.375+0000] {dagbag.py:545} INFO - Filling up the DagBag from /opt/airflow/dags/newyork_fhv_quality_check.py
[2026-05-09T03:52:49.419+0000] {processor.py:840} INFO - DAG(s) 'newyork_fhv_quality_check' retrieved from /opt/airflow/dags/newyork_fhv_quality_check.py
[2026-05-09T03:52:49.452+0000] {logging_mixin.py:188} INFO - [2026-05-09T03:52:49.452+0000] {dag.py:3096} INFO - Sync 1 DAGs
[2026-05-09T03:52:49.467+0000] {logging_mixin.py:188} INFO - [2026-05-09T03:52:49.467+0000] {dag.py:3954} INFO - Setting next_dagrun for newyork_fhv_quality_check to None, run_after=None
[2026-05-09T03:52:49.505+0000] {processor.py:183} INFO - Processing /opt/airflow/dags/newyork_fhv_quality_check.py took 0.144 seconds
[2026-05-09T03:53:20.336+0000] {processor.py:161} INFO - Started process (PID=5065) to work on /opt/airflow/dags/newyork_fhv_quality_check.py
[2026-05-09T03:53:20.338+0000] {processor.py:830} INFO - Processing file /opt/airflow/dags/newyork_fhv_quality_check.py for tasks to queue
[2026-05-09T03:53:20.342+0000] {logging_mixin.py:188} INFO - [2026-05-09T03:53:20.341+0000] {dagbag.py:545} INFO - Filling up the DagBag from /opt/airflow/dags/newyork_fhv_quality_check.py
[2026-05-09T03:53:20.402+0000] {processor.py:840} INFO - DAG(s) 'newyork_fhv_quality_check' retrieved from /opt/airflow/dags/newyork_fhv_quality_check.py
[2026-05-09T03:53:20.443+0000] {logging_mixin.py:188} INFO - [2026-05-09T03:53:20.443+0000] {dag.py:3096} INFO - Sync 1 DAGs
[2026-05-09T03:53:20.458+0000] {logging_mixin.py:188} INFO - [2026-05-09T03:53:20.458+0000] {dag.py:3954} INFO - Setting next_dagrun for newyork_fhv_quality_check to None, run_after=None
[2026-05-09T03:53:20.490+0000] {processor.py:183} INFO - Processing /opt/airflow/dags/newyork_fhv_quality_check.py took 0.168 seconds
[2026-05-09T03:53:51.473+0000] {processor.py:161} INFO - Started process (PID=5076) to work on /opt/airflow/dags/newyork_fhv_quality_check.py
[2026-05-09T03:53:51.475+0000] {processor.py:830} INFO - Processing file /opt/airflow/dags/newyork_fhv_quality_check.py for tasks to queue
[2026-05-09T03:53:51.477+0000] {logging_mixin.py:188} INFO - [2026-05-09T03:53:51.477+0000] {dagbag.py:545} INFO - Filling up the DagBag from /opt/airflow/dags/newyork_fhv_quality_check.py
[2026-05-09T03:53:51.515+0000] {processor.py:840} INFO - DAG(s) 'newyork_fhv_quality_check' retrieved from /opt/airflow/dags/newyork_fhv_quality_check.py
[2026-05-09T03:53:51.541+0000] {logging_mixin.py:188} INFO - [2026-05-09T03:53:51.541+0000] {dag.py:3096} INFO - Sync 1 DAGs
[2026-05-09T03:53:51.556+0000] {logging_mixin.py:188} INFO - [2026-05-09T03:53:51.556+0000] {dag.py:3954} INFO - Setting next_dagrun for newyork_fhv_quality_check to None, run_after=None
[2026-05-09T03:53:51.583+0000] {processor.py:183} INFO - Processing /opt/airflow/dags/newyork_fhv_quality_check.py took 0.117 seconds
[2026-05-09T03:54:21.815+0000] {processor.py:161} INFO - Started process (PID=5087) to work on /opt/airflow/dags/newyork_fhv_quality_check.py
[2026-05-09T03:54:21.817+0000] {processor.py:830} INFO - Processing file /opt/airflow/dags/newyork_fhv_quality_check.py for tasks to queue
[2026-05-09T03:54:21.819+0000] {logging_mixin.py:188} INFO - [2026-05-09T03:54:21.819+0000] {dagbag.py:545} INFO - Filling up the DagBag from /opt/airflow/dags/newyork_fhv_quality_check.py
[2026-05-09T03:54:21.858+0000] {processor.py:840} INFO - DAG(s) 'newyork_fhv_quality_check' retrieved from /opt/airflow/dags/newyork_fhv_quality_check.py
[2026-05-09T03:54:21.886+0000] {logging_mixin.py:188} INFO - [2026-05-09T03:54:21.886+0000] {dag.py:3096} INFO - Sync 1 DAGs
[2026-05-09T03:54:21.901+0000] {logging_mixin.py:188} INFO - [2026-05-09T03:54:21.901+0000] {dag.py:3954} INFO - Setting next_dagrun for newyork_fhv_quality_check to None, run_after=None
[2026-05-09T03:54:21.925+0000] {processor.py:183} INFO - Processing /opt/airflow/dags/newyork_fhv_quality_check.py took 0.118 seconds
[2026-05-09T03:54:52.752+0000] {processor.py:161} INFO - Started process (PID=5098) to work on /opt/airflow/dags/newyork_fhv_quality_check.py
[2026-05-09T03:54:52.756+0000] {processor.py:830} INFO - Processing file /opt/airflow/dags/newyork_fhv_quality_check.py for tasks to queue
[2026-05-09T03:54:52.759+0000] {logging_mixin.py:188} INFO - [2026-05-09T03:54:52.759+0000] {dagbag.py:545} INFO - Filling up the DagBag from /opt/airflow/dags/newyork_fhv_quality_check.py
[2026-05-09T03:54:52.781+0000] {processor.py:840} INFO - DAG(s) 'newyork_fhv_quality_check' retrieved from /opt/airflow/dags/newyork_fhv_quality_check.py
[2026-05-09T03:54:52.804+0000] {logging_mixin.py:188} INFO - [2026-05-09T03:54:52.804+0000] {dag.py:3096} INFO - Sync 1 DAGs
[2026-05-09T03:54:52.817+0000] {logging_mixin.py:188} INFO - [2026-05-09T03:54:52.817+0000] {dag.py:3954} INFO - Setting next_dagrun for newyork_fhv_quality_check to None, run_after=None
[2026-05-09T03:54:52.842+0000] {processor.py:183} INFO - Processing /opt/airflow/dags/newyork_fhv_quality_check.py took 0.100 seconds
[2026-05-09T03:55:23.679+0000] {processor.py:161} INFO - Started process (PID=5109) to work on /opt/airflow/dags/newyork_fhv_quality_check.py
[2026-05-09T03:55:23.681+0000] {processor.py:830} INFO - Processing file /opt/airflow/dags/newyork_fhv_quality_check.py for tasks to queue
[2026-05-09T03:55:23.684+0000] {logging_mixin.py:188} INFO - [2026-05-09T03:55:23.684+0000] {dagbag.py:545} INFO - Filling up the DagBag from /opt/airflow/dags/newyork_fhv_quality_check.py
[2026-05-09T03:55:23.725+0000] {processor.py:840} INFO - DAG(s) 'newyork_fhv_quality_check' retrieved from /opt/airflow/dags/newyork_fhv_quality_check.py
[2026-05-09T03:55:23.751+0000] {logging_mixin.py:188} INFO - [2026-05-09T03:55:23.751+0000] {dag.py:3096} INFO - Sync 1 DAGs
[2026-05-09T03:55:23.765+0000] {logging_mixin.py:188} INFO - [2026-05-09T03:55:23.765+0000] {dag.py:3954} INFO - Setting next_dagrun for newyork_fhv_quality_check to None, run_after=None
[2026-05-09T03:55:23.792+0000] {processor.py:183} INFO - Processing /opt/airflow/dags/newyork_fhv_quality_check.py took 0.123 seconds
[2026-05-09T03:55:54.657+0000] {processor.py:161} INFO - Started process (PID=5120) to work on /opt/airflow/dags/newyork_fhv_quality_check.py
[2026-05-09T03:55:54.659+0000] {processor.py:830} INFO - Processing file /opt/airflow/dags/newyork_fhv_quality_check.py for tasks to queue
[2026-05-09T03:55:54.661+0000] {logging_mixin.py:188} INFO - [2026-05-09T03:55:54.661+0000] {dagbag.py:545} INFO - Filling up the DagBag from /opt/airflow/dags/newyork_fhv_quality_check.py
[2026-05-09T03:55:54.683+0000] {processor.py:840} INFO - DAG(s) 'newyork_fhv_quality_check' retrieved from /opt/airflow/dags/newyork_fhv_quality_check.py
[2026-05-09T03:55:54.710+0000] {logging_mixin.py:188} INFO - [2026-05-09T03:55:54.709+0000] {dag.py:3096} INFO - Sync 1 DAGs
[2026-05-09T03:55:54.724+0000] {logging_mixin.py:188} INFO - [2026-05-09T03:55:54.724+0000] {dag.py:3954} INFO - Setting next_dagrun for newyork_fhv_quality_check to None, run_after=None
[2026-05-09T03:55:54.751+0000] {processor.py:183} INFO - Processing /opt/airflow/dags/newyork_fhv_quality_check.py took 0.102 seconds
[2026-05-09T03:56:25.601+0000] {processor.py:161} INFO - Started process (PID=5131) to work on /opt/airflow/dags/newyork_fhv_quality_check.py
[2026-05-09T03:56:25.603+0000] {processor.py:830} INFO - Processing file /opt/airflow/dags/newyork_fhv_quality_check.py for tasks to queue
[2026-05-09T03:56:25.606+0000] {logging_mixin.py:188} INFO - [2026-05-09T03:56:25.605+0000] {dagbag.py:545} INFO - Filling up the DagBag from /opt/airflow/dags/newyork_fhv_quality_check.py
[2026-05-09T03:56:25.634+0000] {processor.py:840} INFO - DAG(s) 'newyork_fhv_quality_check' retrieved from /opt/airflow/dags/newyork_fhv_quality_check.py
[2026-05-09T03:56:25.659+0000] {logging_mixin.py:188} INFO - [2026-05-09T03:56:25.659+0000] {dag.py:3096} INFO - Sync 1 DAGs
[2026-05-09T03:56:25.673+0000] {logging_mixin.py:188} INFO - [2026-05-09T03:56:25.673+0000] {dag.py:3954} INFO - Setting next_dagrun for newyork_fhv_quality_check to None, run_after=None
[2026-05-09T03:56:25.700+0000] {processor.py:183} INFO - Processing /opt/airflow/dags/newyork_fhv_quality_check.py took 0.106 seconds
[2026-05-09T03:56:56.478+0000] {processor.py:161} INFO - Started process (PID=5142) to work on /opt/airflow/dags/newyork_fhv_quality_check.py
[2026-05-09T03:56:56.480+0000] {processor.py:830} INFO - Processing file /opt/airflow/dags/newyork_fhv_quality_check.py for tasks to queue
[2026-05-09T03:56:56.482+0000] {logging_mixin.py:188} INFO - [2026-05-09T03:56:56.481+0000] {dagbag.py:545} INFO - Filling up the DagBag from /opt/airflow/dags/newyork_fhv_quality_check.py
[2026-05-09T03:56:56.510+0000] {processor.py:840} INFO - DAG(s) 'newyork_fhv_quality_check' retrieved from /opt/airflow/dags/newyork_fhv_quality_check.py
[2026-05-09T03:56:56.539+0000] {logging_mixin.py:188} INFO - [2026-05-09T03:56:56.539+0000] {dag.py:3096} INFO - Sync 1 DAGs
[2026-05-09T03:56:56.553+0000] {logging_mixin.py:188} INFO - [2026-05-09T03:56:56.553+0000] {dag.py:3954} INFO - Setting next_dagrun for newyork_fhv_quality_check to None, run_after=None
[2026-05-09T03:56:56.575+0000] {processor.py:183} INFO - Processing /opt/airflow/dags/newyork_fhv_quality_check.py took 0.105 seconds
[2026-05-09T03:57:27.416+0000] {processor.py:161} INFO - Started process (PID=5153) to work on /opt/airflow/dags/newyork_fhv_quality_check.py
[2026-05-09T03:57:27.419+0000] {processor.py:830} INFO - Processing file /opt/airflow/dags/newyork_fhv_quality_check.py for tasks to queue
[2026-05-09T03:57:27.424+0000] {logging_mixin.py:188} INFO - [2026-05-09T03:57:27.423+0000] {dagbag.py:545} INFO - Filling up the DagBag from /opt/airflow/dags/newyork_fhv_quality_check.py
[2026-05-09T03:57:27.479+0000] {processor.py:840} INFO - DAG(s) 'newyork_fhv_quality_check' retrieved from /opt/airflow/dags/newyork_fhv_quality_check.py
[2026-05-09T03:57:27.507+0000] {logging_mixin.py:188} INFO - [2026-05-09T03:57:27.507+0000] {dag.py:3096} INFO - Sync 1 DAGs
[2026-05-09T03:57:27.521+0000] {logging_mixin.py:188} INFO - [2026-05-09T03:57:27.521+0000] {dag.py:3954} INFO - Setting next_dagrun for newyork_fhv_quality_check to None, run_after=None
[2026-05-09T03:57:27.549+0000] {processor.py:183} INFO - Processing /opt/airflow/dags/newyork_fhv_quality_check.py took 0.146 seconds
[2026-05-09T03:57:58.019+0000] {processor.py:161} INFO - Started process (PID=5164) to work on /opt/airflow/dags/newyork_fhv_quality_check.py
[2026-05-09T03:57:58.021+0000] {processor.py:830} INFO - Processing file /opt/airflow/dags/newyork_fhv_quality_check.py for tasks to queue
[2026-05-09T03:57:58.024+0000] {logging_mixin.py:188} INFO - [2026-05-09T03:57:58.023+0000] {dagbag.py:545} INFO - Filling up the DagBag from /opt/airflow/dags/newyork_fhv_quality_check.py
[2026-05-09T03:57:58.051+0000] {processor.py:840} INFO - DAG(s) 'newyork_fhv_quality_check' retrieved from /opt/airflow/dags/newyork_fhv_quality_check.py
[2026-05-09T03:57:58.076+0000] {logging_mixin.py:188} INFO - [2026-05-09T03:57:58.075+0000] {dag.py:3096} INFO - Sync 1 DAGs
[2026-05-09T03:57:58.230+0000] {logging_mixin.py:188} INFO - [2026-05-09T03:57:58.230+0000] {dag.py:3954} INFO - Setting next_dagrun for newyork_fhv_quality_check to None, run_after=None
[2026-05-09T03:57:58.256+0000] {processor.py:183} INFO - Processing /opt/airflow/dags/newyork_fhv_quality_check.py took 0.247 seconds
[2026-05-09T03:58:29.154+0000] {processor.py:161} INFO - Started process (PID=5175) to work on /opt/airflow/dags/newyork_fhv_quality_check.py
[2026-05-09T03:58:29.155+0000] {processor.py:830} INFO - Processing file /opt/airflow/dags/newyork_fhv_quality_check.py for tasks to queue
[2026-05-09T03:58:29.159+0000] {logging_mixin.py:188} INFO - [2026-05-09T03:58:29.158+0000] {dagbag.py:545} INFO - Filling up the DagBag from /opt/airflow/dags/newyork_fhv_quality_check.py
[2026-05-09T03:58:29.209+0000] {processor.py:840} INFO - DAG(s) 'newyork_fhv_quality_check' retrieved from /opt/airflow/dags/newyork_fhv_quality_check.py
[2026-05-09T03:58:29.243+0000] {logging_mixin.py:188} INFO - [2026-05-09T03:58:29.242+0000] {dag.py:3096} INFO - Sync 1 DAGs
[2026-05-09T03:58:29.261+0000] {logging_mixin.py:188} INFO - [2026-05-09T03:58:29.261+0000] {dag.py:3954} INFO - Setting next_dagrun for newyork_fhv_quality_check to None, run_after=None
[2026-05-09T03:58:29.297+0000] {processor.py:183} INFO - Processing /opt/airflow/dags/newyork_fhv_quality_check.py took 0.153 seconds
[2026-05-09T03:59:00.154+0000] {processor.py:161} INFO - Started process (PID=5186) to work on /opt/airflow/dags/newyork_fhv_quality_check.py
[2026-05-09T03:59:00.156+0000] {processor.py:830} INFO - Processing file /opt/airflow/dags/newyork_fhv_quality_check.py for tasks to queue
[2026-05-09T03:59:00.159+0000] {logging_mixin.py:188} INFO - [2026-05-09T03:59:00.158+0000] {dagbag.py:545} INFO - Filling up the DagBag from /opt/airflow/dags/newyork_fhv_quality_check.py
[2026-05-09T03:59:00.196+0000] {processor.py:840} INFO - DAG(s) 'newyork_fhv_quality_check' retrieved from /opt/airflow/dags/newyork_fhv_quality_check.py
[2026-05-09T03:59:00.229+0000] {logging_mixin.py:188} INFO - [2026-05-09T03:59:00.228+0000] {dag.py:3096} INFO - Sync 1 DAGs
[2026-05-09T03:59:00.243+0000] {logging_mixin.py:188} INFO - [2026-05-09T03:59:00.243+0000] {dag.py:3954} INFO - Setting next_dagrun for newyork_fhv_quality_check to None, run_after=None
[2026-05-09T03:59:00.268+0000] {processor.py:183} INFO - Processing /opt/airflow/dags/newyork_fhv_quality_check.py took 0.124 seconds
[2026-05-09T03:59:30.367+0000] {processor.py:161} INFO - Started process (PID=5197) to work on /opt/airflow/dags/newyork_fhv_quality_check.py
[2026-05-09T03:59:30.369+0000] {processor.py:830} INFO - Processing file /opt/airflow/dags/newyork_fhv_quality_check.py for tasks to queue
[2026-05-09T03:59:30.373+0000] {logging_mixin.py:188} INFO - [2026-05-09T03:59:30.372+0000] {dagbag.py:545} INFO - Filling up the DagBag from /opt/airflow/dags/newyork_fhv_quality_check.py
[2026-05-09T03:59:30.417+0000] {processor.py:840} INFO - DAG(s) 'newyork_fhv_quality_check' retrieved from /opt/airflow/dags/newyork_fhv_quality_check.py
[2026-05-09T03:59:30.581+0000] {logging_mixin.py:188} INFO - [2026-05-09T03:59:30.581+0000] {dag.py:3096} INFO - Sync 1 DAGs
[2026-05-09T03:59:30.594+0000] {logging_mixin.py:188} INFO - [2026-05-09T03:59:30.594+0000] {dag.py:3954} INFO - Setting next_dagrun for newyork_fhv_quality_check to None, run_after=None
[2026-05-09T03:59:30.619+0000] {processor.py:183} INFO - Processing /opt/airflow/dags/newyork_fhv_quality_check.py took 0.264 seconds
[2026-05-09T04:00:01.157+0000] {processor.py:161} INFO - Started process (PID=5215) to work on /opt/airflow/dags/newyork_fhv_quality_check.py
[2026-05-09T04:00:01.160+0000] {processor.py:830} INFO - Processing file /opt/airflow/dags/newyork_fhv_quality_check.py for tasks to queue
[2026-05-09T04:00:01.163+0000] {logging_mixin.py:188} INFO - [2026-05-09T04:00:01.163+0000] {dagbag.py:545} INFO - Filling up the DagBag from /opt/airflow/dags/newyork_fhv_quality_check.py
[2026-05-09T04:00:01.216+0000] {processor.py:840} INFO - DAG(s) 'newyork_fhv_quality_check' retrieved from /opt/airflow/dags/newyork_fhv_quality_check.py
[2026-05-09T04:00:01.246+0000] {logging_mixin.py:188} INFO - [2026-05-09T04:00:01.246+0000] {dag.py:3096} INFO - Sync 1 DAGs
[2026-05-09T04:00:01.262+0000] {logging_mixin.py:188} INFO - [2026-05-09T04:00:01.261+0000] {dag.py:3954} INFO - Setting next_dagrun for newyork_fhv_quality_check to None, run_after=None
[2026-05-09T04:00:01.292+0000] {processor.py:183} INFO - Processing /opt/airflow/dags/newyork_fhv_quality_check.py took 0.146 seconds
[2026-05-09T04:00:31.886+0000] {processor.py:161} INFO - Started process (PID=5226) to work on /opt/airflow/dags/newyork_fhv_quality_check.py
[2026-05-09T04:00:31.888+0000] {processor.py:830} INFO - Processing file /opt/airflow/dags/newyork_fhv_quality_check.py for tasks to queue
[2026-05-09T04:00:31.891+0000] {logging_mixin.py:188} INFO - [2026-05-09T04:00:31.891+0000] {dagbag.py:545} INFO - Filling up the DagBag from /opt/airflow/dags/newyork_fhv_quality_check.py
[2026-05-09T04:00:31.921+0000] {processor.py:840} INFO - DAG(s) 'newyork_fhv_quality_check' retrieved from /opt/airflow/dags/newyork_fhv_quality_check.py
[2026-05-09T04:00:31.949+0000] {logging_mixin.py:188} INFO - [2026-05-09T04:00:31.949+0000] {dag.py:3096} INFO - Sync 1 DAGs
[2026-05-09T04:00:31.963+0000] {logging_mixin.py:188} INFO - [2026-05-09T04:00:31.963+0000] {dag.py:3954} INFO - Setting next_dagrun for newyork_fhv_quality_check to None, run_after=None
[2026-05-09T04:00:32.140+0000] {processor.py:183} INFO - Processing /opt/airflow/dags/newyork_fhv_quality_check.py took 0.261 seconds
[2026-05-09T04:01:02.273+0000] {processor.py:161} INFO - Started process (PID=5237) to work on /opt/airflow/dags/newyork_fhv_quality_check.py
[2026-05-09T04:01:02.275+0000] {processor.py:830} INFO - Processing file /opt/airflow/dags/newyork_fhv_quality_check.py for tasks to queue
[2026-05-09T04:01:02.278+0000] {logging_mixin.py:188} INFO - [2026-05-09T04:01:02.277+0000] {dagbag.py:545} INFO - Filling up the DagBag from /opt/airflow/dags/newyork_fhv_quality_check.py
[2026-05-09T04:01:02.301+0000] {processor.py:840} INFO - DAG(s) 'newyork_fhv_quality_check' retrieved from /opt/airflow/dags/newyork_fhv_quality_check.py
[2026-05-09T04:01:02.468+0000] {logging_mixin.py:188} INFO - [2026-05-09T04:01:02.467+0000] {dag.py:3096} INFO - Sync 1 DAGs
[2026-05-09T04:01:02.483+0000] {logging_mixin.py:188} INFO - [2026-05-09T04:01:02.483+0000] {dag.py:3954} INFO - Setting next_dagrun for newyork_fhv_quality_check to None, run_after=None
[2026-05-09T04:01:02.511+0000] {processor.py:183} INFO - Processing /opt/airflow/dags/newyork_fhv_quality_check.py took 0.247 seconds
[2026-05-09T04:01:32.604+0000] {processor.py:161} INFO - Started process (PID=5248) to work on /opt/airflow/dags/newyork_fhv_quality_check.py
[2026-05-09T04:01:32.606+0000] {processor.py:830} INFO - Processing file /opt/airflow/dags/newyork_fhv_quality_check.py for tasks to queue
[2026-05-09T04:01:32.610+0000] {logging_mixin.py:188} INFO - [2026-05-09T04:01:32.609+0000] {dagbag.py:545} INFO - Filling up the DagBag from /opt/airflow/dags/newyork_fhv_quality_check.py
[2026-05-09T04:01:32.647+0000] {processor.py:840} INFO - DAG(s) 'newyork_fhv_quality_check' retrieved from /opt/airflow/dags/newyork_fhv_quality_check.py
[2026-05-09T04:01:32.685+0000] {logging_mixin.py:188} INFO - [2026-05-09T04:01:32.684+0000] {dag.py:3096} INFO - Sync 1 DAGs
[2026-05-09T04:01:32.702+0000] {logging_mixin.py:188} INFO - [2026-05-09T04:01:32.702+0000] {dag.py:3954} INFO - Setting next_dagrun for newyork_fhv_quality_check to None, run_after=None
[2026-05-09T04:01:32.745+0000] {processor.py:183} INFO - Processing /opt/airflow/dags/newyork_fhv_quality_check.py took 0.153 seconds
[2026-05-09T04:02:02.909+0000] {processor.py:161} INFO - Started process (PID=5259) to work on /opt/airflow/dags/newyork_fhv_quality_check.py
[2026-05-09T04:02:02.911+0000] {processor.py:830} INFO - Processing file /opt/airflow/dags/newyork_fhv_quality_check.py for tasks to queue
[2026-05-09T04:02:02.916+0000] {logging_mixin.py:188} INFO - [2026-05-09T04:02:02.915+0000] {dagbag.py:545} INFO - Filling up the DagBag from /opt/airflow/dags/newyork_fhv_quality_check.py
[2026-05-09T04:02:02.968+0000] {processor.py:840} INFO - DAG(s) 'newyork_fhv_quality_check' retrieved from /opt/airflow/dags/newyork_fhv_quality_check.py
[2026-05-09T04:02:03.000+0000] {logging_mixin.py:188} INFO - [2026-05-09T04:02:02.999+0000] {dag.py:3096} INFO - Sync 1 DAGs
[2026-05-09T04:02:03.017+0000] {logging_mixin.py:188} INFO - [2026-05-09T04:02:03.016+0000] {dag.py:3954} INFO - Setting next_dagrun for newyork_fhv_quality_check to None, run_after=None
[2026-05-09T04:02:03.213+0000] {processor.py:183} INFO - Processing /opt/airflow/dags/newyork_fhv_quality_check.py took 0.315 seconds
[2026-05-09T04:02:33.688+0000] {processor.py:161} INFO - Started process (PID=5270) to work on /opt/airflow/dags/newyork_fhv_quality_check.py
[2026-05-09T04:02:33.690+0000] {processor.py:830} INFO - Processing file /opt/airflow/dags/newyork_fhv_quality_check.py for tasks to queue
[2026-05-09T04:02:33.692+0000] {logging_mixin.py:188} INFO - [2026-05-09T04:02:33.692+0000] {dagbag.py:545} INFO - Filling up the DagBag from /opt/airflow/dags/newyork_fhv_quality_check.py
[2026-05-09T04:02:33.717+0000] {processor.py:840} INFO - DAG(s) 'newyork_fhv_quality_check' retrieved from /opt/airflow/dags/newyork_fhv_quality_check.py
[2026-05-09T04:02:33.884+0000] {logging_mixin.py:188} INFO - [2026-05-09T04:02:33.884+0000] {dag.py:3096} INFO - Sync 1 DAGs
[2026-05-09T04:02:33.896+0000] {logging_mixin.py:188} INFO - [2026-05-09T04:02:33.896+0000] {dag.py:3954} INFO - Setting next_dagrun for newyork_fhv_quality_check to None, run_after=None
[2026-05-09T04:02:33.920+0000] {processor.py:183} INFO - Processing /opt/airflow/dags/newyork_fhv_quality_check.py took 0.240 seconds
[2026-05-09T04:03:04.048+0000] {processor.py:161} INFO - Started process (PID=5281) to work on /opt/airflow/dags/newyork_fhv_quality_check.py
[2026-05-09T04:03:04.050+0000] {processor.py:830} INFO - Processing file /opt/airflow/dags/newyork_fhv_quality_check.py for tasks to queue
[2026-05-09T04:03:04.054+0000] {logging_mixin.py:188} INFO - [2026-05-09T04:03:04.053+0000] {dagbag.py:545} INFO - Filling up the DagBag from /opt/airflow/dags/newyork_fhv_quality_check.py
[2026-05-09T04:03:04.094+0000] {processor.py:840} INFO - DAG(s) 'newyork_fhv_quality_check' retrieved from /opt/airflow/dags/newyork_fhv_quality_check.py
[2026-05-09T04:03:04.121+0000] {logging_mixin.py:188} INFO - [2026-05-09T04:03:04.120+0000] {dag.py:3096} INFO - Sync 1 DAGs
[2026-05-09T04:03:04.135+0000] {logging_mixin.py:188} INFO - [2026-05-09T04:03:04.135+0000] {dag.py:3954} INFO - Setting next_dagrun for newyork_fhv_quality_check to None, run_after=None
[2026-05-09T04:03:04.164+0000] {processor.py:183} INFO - Processing /opt/airflow/dags/newyork_fhv_quality_check.py took 0.127 seconds
[2026-05-09T04:03:34.823+0000] {processor.py:161} INFO - Started process (PID=5292) to work on /opt/airflow/dags/newyork_fhv_quality_check.py
[2026-05-09T04:03:34.825+0000] {processor.py:830} INFO - Processing file /opt/airflow/dags/newyork_fhv_quality_check.py for tasks to queue
[2026-05-09T04:03:34.827+0000] {logging_mixin.py:188} INFO - [2026-05-09T04:03:34.827+0000] {dagbag.py:545} INFO - Filling up the DagBag from /opt/airflow/dags/newyork_fhv_quality_check.py
[2026-05-09T04:03:34.864+0000] {processor.py:840} INFO - DAG(s) 'newyork_fhv_quality_check' retrieved from /opt/airflow/dags/newyork_fhv_quality_check.py
[2026-05-09T04:03:34.901+0000] {logging_mixin.py:188} INFO - [2026-05-09T04:03:34.900+0000] {dag.py:3096} INFO - Sync 1 DAGs
[2026-05-09T04:03:34.921+0000] {logging_mixin.py:188} INFO - [2026-05-09T04:03:34.921+0000] {dag.py:3954} INFO - Setting next_dagrun for newyork_fhv_quality_check to None, run_after=None
[2026-05-09T04:03:34.953+0000] {processor.py:183} INFO - Processing /opt/airflow/dags/newyork_fhv_quality_check.py took 0.138 seconds
[2026-05-09T04:04:05.892+0000] {processor.py:161} INFO - Started process (PID=5303) to work on /opt/airflow/dags/newyork_fhv_quality_check.py
[2026-05-09T04:04:05.894+0000] {processor.py:830} INFO - Processing file /opt/airflow/dags/newyork_fhv_quality_check.py for tasks to queue
[2026-05-09T04:04:05.897+0000] {logging_mixin.py:188} INFO - [2026-05-09T04:04:05.896+0000] {dagbag.py:545} INFO - Filling up the DagBag from /opt/airflow/dags/newyork_fhv_quality_check.py
[2026-05-09T04:04:05.925+0000] {processor.py:840} INFO - DAG(s) 'newyork_fhv_quality_check' retrieved from /opt/airflow/dags/newyork_fhv_quality_check.py
[2026-05-09T04:04:05.951+0000] {logging_mixin.py:188} INFO - [2026-05-09T04:04:05.951+0000] {dag.py:3096} INFO - Sync 1 DAGs
[2026-05-09T04:04:05.967+0000] {logging_mixin.py:188} INFO - [2026-05-09T04:04:05.967+0000] {dag.py:3954} INFO - Setting next_dagrun for newyork_fhv_quality_check to None, run_after=None
[2026-05-09T04:04:05.990+0000] {processor.py:183} INFO - Processing /opt/airflow/dags/newyork_fhv_quality_check.py took 0.107 seconds
[2026-05-09T04:04:36.909+0000] {processor.py:161} INFO - Started process (PID=5314) to work on /opt/airflow/dags/newyork_fhv_quality_check.py
[2026-05-09T04:04:36.910+0000] {processor.py:830} INFO - Processing file /opt/airflow/dags/newyork_fhv_quality_check.py for tasks to queue
[2026-05-09T04:04:36.913+0000] {logging_mixin.py:188} INFO - [2026-05-09T04:04:36.912+0000] {dagbag.py:545} INFO - Filling up the DagBag from /opt/airflow/dags/newyork_fhv_quality_check.py
[2026-05-09T04:04:36.946+0000] {processor.py:840} INFO - DAG(s) 'newyork_fhv_quality_check' retrieved from /opt/airflow/dags/newyork_fhv_quality_check.py
[2026-05-09T04:04:36.974+0000] {logging_mixin.py:188} INFO - [2026-05-09T04:04:36.974+0000] {dag.py:3096} INFO - Sync 1 DAGs
[2026-05-09T04:04:36.993+0000] {logging_mixin.py:188} INFO - [2026-05-09T04:04:36.992+0000] {dag.py:3954} INFO - Setting next_dagrun for newyork_fhv_quality_check to None, run_after=None
[2026-05-09T04:04:37.017+0000] {processor.py:183} INFO - Processing /opt/airflow/dags/newyork_fhv_quality_check.py took 0.117 seconds
[2026-05-09T04:05:08.158+0000] {processor.py:161} INFO - Started process (PID=5325) to work on /opt/airflow/dags/newyork_fhv_quality_check.py
[2026-05-09T04:05:08.160+0000] {processor.py:830} INFO - Processing file /opt/airflow/dags/newyork_fhv_quality_check.py for tasks to queue
[2026-05-09T04:05:08.162+0000] {logging_mixin.py:188} INFO - [2026-05-09T04:05:08.162+0000] {dagbag.py:545} INFO - Filling up the DagBag from /opt/airflow/dags/newyork_fhv_quality_check.py
[2026-05-09T04:05:08.196+0000] {processor.py:840} INFO - DAG(s) 'newyork_fhv_quality_check' retrieved from /opt/airflow/dags/newyork_fhv_quality_check.py
[2026-05-09T04:05:08.220+0000] {logging_mixin.py:188} INFO - [2026-05-09T04:05:08.220+0000] {dag.py:3096} INFO - Sync 1 DAGs
[2026-05-09T04:05:08.237+0000] {logging_mixin.py:188} INFO - [2026-05-09T04:05:08.237+0000] {dag.py:3954} INFO - Setting next_dagrun for newyork_fhv_quality_check to None, run_after=None
[2026-05-09T04:05:08.270+0000] {processor.py:183} INFO - Processing /opt/airflow/dags/newyork_fhv_quality_check.py took 0.124 seconds
[2026-05-09T04:05:39.415+0000] {processor.py:161} INFO - Started process (PID=5336) to work on /opt/airflow/dags/newyork_fhv_quality_check.py
[2026-05-09T04:05:39.418+0000] {processor.py:830} INFO - Processing file /opt/airflow/dags/newyork_fhv_quality_check.py for tasks to queue
[2026-05-09T04:05:39.423+0000] {logging_mixin.py:188} INFO - [2026-05-09T04:05:39.422+0000] {dagbag.py:545} INFO - Filling up the DagBag from /opt/airflow/dags/newyork_fhv_quality_check.py
[2026-05-09T04:05:39.473+0000] {processor.py:840} INFO - DAG(s) 'newyork_fhv_quality_check' retrieved from /opt/airflow/dags/newyork_fhv_quality_check.py
[2026-05-09T04:05:39.501+0000] {logging_mixin.py:188} INFO - [2026-05-09T04:05:39.501+0000] {dag.py:3096} INFO - Sync 1 DAGs
[2026-05-09T04:05:39.516+0000] {logging_mixin.py:188} INFO - [2026-05-09T04:05:39.516+0000] {dag.py:3954} INFO - Setting next_dagrun for newyork_fhv_quality_check to None, run_after=None
[2026-05-09T04:05:39.540+0000] {processor.py:183} INFO - Processing /opt/airflow/dags/newyork_fhv_quality_check.py took 0.138 seconds
[2026-05-09T04:06:10.377+0000] {processor.py:161} INFO - Started process (PID=5347) to work on /opt/airflow/dags/newyork_fhv_quality_check.py
[2026-05-09T04:06:10.378+0000] {processor.py:830} INFO - Processing file /opt/airflow/dags/newyork_fhv_quality_check.py for tasks to queue
[2026-05-09T04:06:10.381+0000] {logging_mixin.py:188} INFO - [2026-05-09T04:06:10.381+0000] {dagbag.py:545} INFO - Filling up the DagBag from /opt/airflow/dags/newyork_fhv_quality_check.py
[2026-05-09T04:06:10.420+0000] {processor.py:840} INFO - DAG(s) 'newyork_fhv_quality_check' retrieved from /opt/airflow/dags/newyork_fhv_quality_check.py
[2026-05-09T04:06:10.449+0000] {logging_mixin.py:188} INFO - [2026-05-09T04:06:10.449+0000] {dag.py:3096} INFO - Sync 1 DAGs
[2026-05-09T04:06:10.464+0000] {logging_mixin.py:188} INFO - [2026-05-09T04:06:10.464+0000] {dag.py:3954} INFO - Setting next_dagrun for newyork_fhv_quality_check to None, run_after=None
[2026-05-09T04:06:10.487+0000] {processor.py:183} INFO - Processing /opt/airflow/dags/newyork_fhv_quality_check.py took 0.117 seconds
[2026-05-09T04:06:41.281+0000] {processor.py:161} INFO - Started process (PID=5358) to work on /opt/airflow/dags/newyork_fhv_quality_check.py
[2026-05-09T04:06:41.283+0000] {processor.py:830} INFO - Processing file /opt/airflow/dags/newyork_fhv_quality_check.py for tasks to queue
[2026-05-09T04:06:41.287+0000] {logging_mixin.py:188} INFO - [2026-05-09T04:06:41.286+0000] {dagbag.py:545} INFO - Filling up the DagBag from /opt/airflow/dags/newyork_fhv_quality_check.py
[2026-05-09T04:06:41.323+0000] {processor.py:840} INFO - DAG(s) 'newyork_fhv_quality_check' retrieved from /opt/airflow/dags/newyork_fhv_quality_check.py
[2026-05-09T04:06:41.360+0000] {logging_mixin.py:188} INFO - [2026-05-09T04:06:41.359+0000] {dag.py:3096} INFO - Sync 1 DAGs
[2026-05-09T04:06:41.388+0000] {logging_mixin.py:188} INFO - [2026-05-09T04:06:41.387+0000] {dag.py:3954} INFO - Setting next_dagrun for newyork_fhv_quality_check to None, run_after=None
[2026-05-09T04:06:41.434+0000] {processor.py:183} INFO - Processing /opt/airflow/dags/newyork_fhv_quality_check.py took 0.166 seconds
[2026-05-09T04:07:12.167+0000] {processor.py:161} INFO - Started process (PID=5369) to work on /opt/airflow/dags/newyork_fhv_quality_check.py
[2026-05-09T04:07:12.170+0000] {processor.py:830} INFO - Processing file /opt/airflow/dags/newyork_fhv_quality_check.py for tasks to queue
[2026-05-09T04:07:12.174+0000] {logging_mixin.py:188} INFO - [2026-05-09T04:07:12.173+0000] {dagbag.py:545} INFO - Filling up the DagBag from /opt/airflow/dags/newyork_fhv_quality_check.py
[2026-05-09T04:07:12.225+0000] {processor.py:840} INFO - DAG(s) 'newyork_fhv_quality_check' retrieved from /opt/airflow/dags/newyork_fhv_quality_check.py
[2026-05-09T04:07:12.249+0000] {logging_mixin.py:188} INFO - [2026-05-09T04:07:12.249+0000] {dag.py:3096} INFO - Sync 1 DAGs
[2026-05-09T04:07:12.263+0000] {logging_mixin.py:188} INFO - [2026-05-09T04:07:12.263+0000] {dag.py:3954} INFO - Setting next_dagrun for newyork_fhv_quality_check to None, run_after=None
[2026-05-09T04:07:12.287+0000] {processor.py:183} INFO - Processing /opt/airflow/dags/newyork_fhv_quality_check.py took 0.130 seconds
[2026-05-09T04:07:43.328+0000] {processor.py:161} INFO - Started process (PID=5380) to work on /opt/airflow/dags/newyork_fhv_quality_check.py
[2026-05-09T04:07:43.330+0000] {processor.py:830} INFO - Processing file /opt/airflow/dags/newyork_fhv_quality_check.py for tasks to queue
[2026-05-09T04:07:43.333+0000] {logging_mixin.py:188} INFO - [2026-05-09T04:07:43.332+0000] {dagbag.py:545} INFO - Filling up the DagBag from /opt/airflow/dags/newyork_fhv_quality_check.py
[2026-05-09T04:07:43.377+0000] {processor.py:840} INFO - DAG(s) 'newyork_fhv_quality_check' retrieved from /opt/airflow/dags/newyork_fhv_quality_check.py
[2026-05-09T04:07:43.420+0000] {logging_mixin.py:188} INFO - [2026-05-09T04:07:43.419+0000] {dag.py:3096} INFO - Sync 1 DAGs
[2026-05-09T04:07:43.437+0000] {logging_mixin.py:188} INFO - [2026-05-09T04:07:43.436+0000] {dag.py:3954} INFO - Setting next_dagrun for newyork_fhv_quality_check to None, run_after=None
[2026-05-09T04:07:43.465+0000] {processor.py:183} INFO - Processing /opt/airflow/dags/newyork_fhv_quality_check.py took 0.145 seconds
[2026-05-09T04:08:14.243+0000] {processor.py:161} INFO - Started process (PID=5391) to work on /opt/airflow/dags/newyork_fhv_quality_check.py
[2026-05-09T04:08:14.245+0000] {processor.py:830} INFO - Processing file /opt/airflow/dags/newyork_fhv_quality_check.py for tasks to queue
[2026-05-09T04:08:14.248+0000] {logging_mixin.py:188} INFO - [2026-05-09T04:08:14.247+0000] {dagbag.py:545} INFO - Filling up the DagBag from /opt/airflow/dags/newyork_fhv_quality_check.py
[2026-05-09T04:08:14.278+0000] {processor.py:840} INFO - DAG(s) 'newyork_fhv_quality_check' retrieved from /opt/airflow/dags/newyork_fhv_quality_check.py
[2026-05-09T04:08:14.301+0000] {logging_mixin.py:188} INFO - [2026-05-09T04:08:14.301+0000] {dag.py:3096} INFO - Sync 1 DAGs
[2026-05-09T04:08:14.316+0000] {logging_mixin.py:188} INFO - [2026-05-09T04:08:14.316+0000] {dag.py:3954} INFO - Setting next_dagrun for newyork_fhv_quality_check to None, run_after=None
[2026-05-09T04:08:14.342+0000] {processor.py:183} INFO - Processing /opt/airflow/dags/newyork_fhv_quality_check.py took 0.105 seconds
[2026-05-09T04:08:45.574+0000] {processor.py:161} INFO - Started process (PID=5402) to work on /opt/airflow/dags/newyork_fhv_quality_check.py
[2026-05-09T04:08:45.577+0000] {processor.py:830} INFO - Processing file /opt/airflow/dags/newyork_fhv_quality_check.py for tasks to queue
[2026-05-09T04:08:45.580+0000] {logging_mixin.py:188} INFO - [2026-05-09T04:08:45.579+0000] {dagbag.py:545} INFO - Filling up the DagBag from /opt/airflow/dags/newyork_fhv_quality_check.py
[2026-05-09T04:08:45.627+0000] {processor.py:840} INFO - DAG(s) 'newyork_fhv_quality_check' retrieved from /opt/airflow/dags/newyork_fhv_quality_check.py
[2026-05-09T04:08:45.661+0000] {logging_mixin.py:188} INFO - [2026-05-09T04:08:45.661+0000] {dag.py:3096} INFO - Sync 1 DAGs
[2026-05-09T04:08:45.679+0000] {logging_mixin.py:188} INFO - [2026-05-09T04:08:45.679+0000] {dag.py:3954} INFO - Setting next_dagrun for newyork_fhv_quality_check to None, run_after=None
[2026-05-09T04:08:45.738+0000] {processor.py:183} INFO - Processing /opt/airflow/dags/newyork_fhv_quality_check.py took 0.174 seconds
[2026-05-09T04:09:16.301+0000] {processor.py:161} INFO - Started process (PID=5413) to work on /opt/airflow/dags/newyork_fhv_quality_check.py
[2026-05-09T04:09:16.303+0000] {processor.py:830} INFO - Processing file /opt/airflow/dags/newyork_fhv_quality_check.py for tasks to queue
[2026-05-09T04:09:16.308+0000] {logging_mixin.py:188} INFO - [2026-05-09T04:09:16.308+0000] {dagbag.py:545} INFO - Filling up the DagBag from /opt/airflow/dags/newyork_fhv_quality_check.py
[2026-05-09T04:09:16.377+0000] {processor.py:840} INFO - DAG(s) 'newyork_fhv_quality_check' retrieved from /opt/airflow/dags/newyork_fhv_quality_check.py
[2026-05-09T04:09:16.423+0000] {logging_mixin.py:188} INFO - [2026-05-09T04:09:16.423+0000] {dag.py:3096} INFO - Sync 1 DAGs
[2026-05-09T04:09:16.441+0000] {logging_mixin.py:188} INFO - [2026-05-09T04:09:16.441+0000] {dag.py:3954} INFO - Setting next_dagrun for newyork_fhv_quality_check to None, run_after=None
[2026-05-09T04:09:16.508+0000] {processor.py:183} INFO - Processing /opt/airflow/dags/newyork_fhv_quality_check.py took 0.220 seconds
[2026-05-09T04:25:29.228+0000] {processor.py:161} INFO - Started process (PID=5424) to work on /opt/airflow/dags/newyork_fhv_quality_check.py
[2026-05-09T04:25:29.240+0000] {processor.py:830} INFO - Processing file /opt/airflow/dags/newyork_fhv_quality_check.py for tasks to queue
[2026-05-09T04:25:29.250+0000] {logging_mixin.py:188} INFO - [2026-05-09T04:25:29.249+0000] {dagbag.py:545} INFO - Filling up the DagBag from /opt/airflow/dags/newyork_fhv_quality_check.py
[2026-05-09T04:25:29.347+0000] {processor.py:840} INFO - DAG(s) 'newyork_fhv_quality_check' retrieved from /opt/airflow/dags/newyork_fhv_quality_check.py
[2026-05-09T04:25:29.378+0000] {logging_mixin.py:188} INFO - [2026-05-09T04:25:29.377+0000] {dag.py:3096} INFO - Sync 1 DAGs
[2026-05-09T04:25:29.397+0000] {logging_mixin.py:188} INFO - [2026-05-09T04:25:29.397+0000] {dag.py:3954} INFO - Setting next_dagrun for newyork_fhv_quality_check to None, run_after=None
[2026-05-09T04:25:29.429+0000] {processor.py:183} INFO - Processing /opt/airflow/dags/newyork_fhv_quality_check.py took 0.208 seconds
[2026-05-09T04:25:59.593+0000] {processor.py:161} INFO - Started process (PID=5435) to work on /opt/airflow/dags/newyork_fhv_quality_check.py
[2026-05-09T04:25:59.594+0000] {processor.py:830} INFO - Processing file /opt/airflow/dags/newyork_fhv_quality_check.py for tasks to queue
[2026-05-09T04:25:59.596+0000] {logging_mixin.py:188} INFO - [2026-05-09T04:25:59.596+0000] {dagbag.py:545} INFO - Filling up the DagBag from /opt/airflow/dags/newyork_fhv_quality_check.py
[2026-05-09T04:25:59.613+0000] {processor.py:840} INFO - DAG(s) 'newyork_fhv_quality_check' retrieved from /opt/airflow/dags/newyork_fhv_quality_check.py
[2026-05-09T04:25:59.631+0000] {logging_mixin.py:188} INFO - [2026-05-09T04:25:59.631+0000] {dag.py:3096} INFO - Sync 1 DAGs
[2026-05-09T04:25:59.642+0000] {logging_mixin.py:188} INFO - [2026-05-09T04:25:59.641+0000] {dag.py:3954} INFO - Setting next_dagrun for newyork_fhv_quality_check to None, run_after=None
[2026-05-09T04:25:59.663+0000] {processor.py:183} INFO - Processing /opt/airflow/dags/newyork_fhv_quality_check.py took 0.075 seconds
[2026-05-09T04:26:30.165+0000] {processor.py:161} INFO - Started process (PID=5446) to work on /opt/airflow/dags/newyork_fhv_quality_check.py
[2026-05-09T04:26:30.166+0000] {processor.py:830} INFO - Processing file /opt/airflow/dags/newyork_fhv_quality_check.py for tasks to queue
[2026-05-09T04:26:30.169+0000] {logging_mixin.py:188} INFO - [2026-05-09T04:26:30.168+0000] {dagbag.py:545} INFO - Filling up the DagBag from /opt/airflow/dags/newyork_fhv_quality_check.py
[2026-05-09T04:26:30.189+0000] {processor.py:840} INFO - DAG(s) 'newyork_fhv_quality_check' retrieved from /opt/airflow/dags/newyork_fhv_quality_check.py
[2026-05-09T04:26:30.209+0000] {logging_mixin.py:188} INFO - [2026-05-09T04:26:30.209+0000] {dag.py:3096} INFO - Sync 1 DAGs
[2026-05-09T04:26:30.220+0000] {logging_mixin.py:188} INFO - [2026-05-09T04:26:30.220+0000] {dag.py:3954} INFO - Setting next_dagrun for newyork_fhv_quality_check to None, run_after=None
[2026-05-09T04:26:30.238+0000] {processor.py:183} INFO - Processing /opt/airflow/dags/newyork_fhv_quality_check.py took 0.079 seconds
[2026-05-09T04:27:00.780+0000] {processor.py:161} INFO - Started process (PID=5457) to work on /opt/airflow/dags/newyork_fhv_quality_check.py
[2026-05-09T04:27:00.781+0000] {processor.py:830} INFO - Processing file /opt/airflow/dags/newyork_fhv_quality_check.py for tasks to queue
[2026-05-09T04:27:00.783+0000] {logging_mixin.py:188} INFO - [2026-05-09T04:27:00.783+0000] {dagbag.py:545} INFO - Filling up the DagBag from /opt/airflow/dags/newyork_fhv_quality_check.py
[2026-05-09T04:27:00.808+0000] {processor.py:840} INFO - DAG(s) 'newyork_fhv_quality_check' retrieved from /opt/airflow/dags/newyork_fhv_quality_check.py
[2026-05-09T04:27:00.834+0000] {logging_mixin.py:188} INFO - [2026-05-09T04:27:00.834+0000] {dag.py:3096} INFO - Sync 1 DAGs
[2026-05-09T04:27:00.854+0000] {logging_mixin.py:188} INFO - [2026-05-09T04:27:00.854+0000] {dag.py:3954} INFO - Setting next_dagrun for newyork_fhv_quality_check to None, run_after=None
[2026-05-09T04:27:00.889+0000] {processor.py:183} INFO - Processing /opt/airflow/dags/newyork_fhv_quality_check.py took 0.118 seconds
[2026-05-09T04:27:31.839+0000] {processor.py:161} INFO - Started process (PID=5468) to work on /opt/airflow/dags/newyork_fhv_quality_check.py
[2026-05-09T04:27:31.841+0000] {processor.py:830} INFO - Processing file /opt/airflow/dags/newyork_fhv_quality_check.py for tasks to queue
[2026-05-09T04:27:31.845+0000] {logging_mixin.py:188} INFO - [2026-05-09T04:27:31.844+0000] {dagbag.py:545} INFO - Filling up the DagBag from /opt/airflow/dags/newyork_fhv_quality_check.py
[2026-05-09T04:27:31.880+0000] {processor.py:840} INFO - DAG(s) 'newyork_fhv_quality_check' retrieved from /opt/airflow/dags/newyork_fhv_quality_check.py
[2026-05-09T04:27:31.914+0000] {logging_mixin.py:188} INFO - [2026-05-09T04:27:31.913+0000] {dag.py:3096} INFO - Sync 1 DAGs
[2026-05-09T04:27:31.932+0000] {logging_mixin.py:188} INFO - [2026-05-09T04:27:31.932+0000] {dag.py:3954} INFO - Setting next_dagrun for newyork_fhv_quality_check to None, run_after=None
[2026-05-09T04:27:31.963+0000] {processor.py:183} INFO - Processing /opt/airflow/dags/newyork_fhv_quality_check.py took 0.133 seconds
