[2026-05-09T01:04:08.941+0000] {processor.py:161} INFO - Started process (PID=1392) to work on /opt/airflow/dags/newyork_fhv_ingestion.py
[2026-05-09T01:04:08.946+0000] {processor.py:830} INFO - Processing file /opt/airflow/dags/newyork_fhv_ingestion.py for tasks to queue
[2026-05-09T01:04:08.954+0000] {logging_mixin.py:188} INFO - [2026-05-09T01:04:08.953+0000] {dagbag.py:545} INFO - Filling up the DagBag from /opt/airflow/dags/newyork_fhv_ingestion.py
[2026-05-09T01:04:09.239+0000] {processor.py:840} INFO - DAG(s) 'newyork_fhv_ingestion' retrieved from /opt/airflow/dags/newyork_fhv_ingestion.py
[2026-05-09T01:04:09.264+0000] {logging_mixin.py:188} INFO - [2026-05-09T01:04:09.264+0000] {dag.py:3096} INFO - Sync 1 DAGs
[2026-05-09T01:04:09.285+0000] {logging_mixin.py:188} INFO - [2026-05-09T01:04:09.285+0000] {dag.py:3954} INFO - Setting next_dagrun for newyork_fhv_ingestion to None, run_after=None
[2026-05-09T01:04:09.341+0000] {processor.py:183} INFO - Processing /opt/airflow/dags/newyork_fhv_ingestion.py took 0.407 seconds
[2026-05-09T01:04:39.862+0000] {processor.py:161} INFO - Started process (PID=1403) to work on /opt/airflow/dags/newyork_fhv_ingestion.py
[2026-05-09T01:04:39.863+0000] {processor.py:830} INFO - Processing file /opt/airflow/dags/newyork_fhv_ingestion.py for tasks to queue
[2026-05-09T01:04:39.865+0000] {logging_mixin.py:188} INFO - [2026-05-09T01:04:39.865+0000] {dagbag.py:545} INFO - Filling up the DagBag from /opt/airflow/dags/newyork_fhv_ingestion.py
[2026-05-09T01:04:39.882+0000] {processor.py:840} INFO - DAG(s) 'newyork_fhv_ingestion' retrieved from /opt/airflow/dags/newyork_fhv_ingestion.py
[2026-05-09T01:04:39.901+0000] {logging_mixin.py:188} INFO - [2026-05-09T01:04:39.901+0000] {dag.py:3096} INFO - Sync 1 DAGs
[2026-05-09T01:04:39.913+0000] {logging_mixin.py:188} INFO - [2026-05-09T01:04:39.913+0000] {dag.py:3954} INFO - Setting next_dagrun for newyork_fhv_ingestion to None, run_after=None
[2026-05-09T01:04:40.001+0000] {processor.py:183} INFO - Processing /opt/airflow/dags/newyork_fhv_ingestion.py took 0.145 seconds
[2026-05-09T01:05:10.253+0000] {processor.py:161} INFO - Started process (PID=1414) to work on /opt/airflow/dags/newyork_fhv_ingestion.py
[2026-05-09T01:05:10.254+0000] {processor.py:830} INFO - Processing file /opt/airflow/dags/newyork_fhv_ingestion.py for tasks to queue
[2026-05-09T01:05:10.257+0000] {logging_mixin.py:188} INFO - [2026-05-09T01:05:10.256+0000] {dagbag.py:545} INFO - Filling up the DagBag from /opt/airflow/dags/newyork_fhv_ingestion.py
[2026-05-09T01:05:10.279+0000] {processor.py:840} INFO - DAG(s) 'newyork_fhv_ingestion' retrieved from /opt/airflow/dags/newyork_fhv_ingestion.py
[2026-05-09T01:05:10.299+0000] {logging_mixin.py:188} INFO - [2026-05-09T01:05:10.299+0000] {dag.py:3096} INFO - Sync 1 DAGs
[2026-05-09T01:05:10.311+0000] {logging_mixin.py:188} INFO - [2026-05-09T01:05:10.310+0000] {dag.py:3954} INFO - Setting next_dagrun for newyork_fhv_ingestion to None, run_after=None
[2026-05-09T01:05:11.799+0000] {processor.py:183} INFO - Processing /opt/airflow/dags/newyork_fhv_ingestion.py took 1.552 seconds
[2026-05-09T01:05:42.509+0000] {processor.py:161} INFO - Started process (PID=1425) to work on /opt/airflow/dags/newyork_fhv_ingestion.py
[2026-05-09T01:05:42.544+0000] {processor.py:830} INFO - Processing file /opt/airflow/dags/newyork_fhv_ingestion.py for tasks to queue
[2026-05-09T01:05:42.548+0000] {logging_mixin.py:188} INFO - [2026-05-09T01:05:42.547+0000] {dagbag.py:545} INFO - Filling up the DagBag from /opt/airflow/dags/newyork_fhv_ingestion.py
[2026-05-09T01:05:42.589+0000] {processor.py:840} INFO - DAG(s) 'newyork_fhv_ingestion' retrieved from /opt/airflow/dags/newyork_fhv_ingestion.py
[2026-05-09T01:05:42.624+0000] {logging_mixin.py:188} INFO - [2026-05-09T01:05:42.623+0000] {dag.py:3096} INFO - Sync 1 DAGs
[2026-05-09T01:05:42.648+0000] {logging_mixin.py:188} INFO - [2026-05-09T01:05:42.647+0000] {dag.py:3954} INFO - Setting next_dagrun for newyork_fhv_ingestion to None, run_after=None
[2026-05-09T01:05:42.732+0000] {processor.py:183} INFO - Processing /opt/airflow/dags/newyork_fhv_ingestion.py took 0.239 seconds
[2026-05-09T01:06:13.139+0000] {processor.py:161} INFO - Started process (PID=1436) to work on /opt/airflow/dags/newyork_fhv_ingestion.py
[2026-05-09T01:06:13.142+0000] {processor.py:830} INFO - Processing file /opt/airflow/dags/newyork_fhv_ingestion.py for tasks to queue
[2026-05-09T01:06:13.146+0000] {logging_mixin.py:188} INFO - [2026-05-09T01:06:13.146+0000] {dagbag.py:545} INFO - Filling up the DagBag from /opt/airflow/dags/newyork_fhv_ingestion.py
[2026-05-09T01:06:13.204+0000] {processor.py:840} INFO - DAG(s) 'newyork_fhv_ingestion' retrieved from /opt/airflow/dags/newyork_fhv_ingestion.py
[2026-05-09T01:06:13.235+0000] {logging_mixin.py:188} INFO - [2026-05-09T01:06:13.234+0000] {dag.py:3096} INFO - Sync 1 DAGs
[2026-05-09T01:06:13.259+0000] {logging_mixin.py:188} INFO - [2026-05-09T01:06:13.258+0000] {dag.py:3954} INFO - Setting next_dagrun for newyork_fhv_ingestion to None, run_after=None
[2026-05-09T01:06:13.286+0000] {processor.py:183} INFO - Processing /opt/airflow/dags/newyork_fhv_ingestion.py took 0.160 seconds
[2026-05-09T01:06:44.389+0000] {processor.py:161} INFO - Started process (PID=1448) to work on /opt/airflow/dags/newyork_fhv_ingestion.py
[2026-05-09T01:06:44.393+0000] {processor.py:830} INFO - Processing file /opt/airflow/dags/newyork_fhv_ingestion.py for tasks to queue
[2026-05-09T01:06:44.397+0000] {logging_mixin.py:188} INFO - [2026-05-09T01:06:44.397+0000] {dagbag.py:545} INFO - Filling up the DagBag from /opt/airflow/dags/newyork_fhv_ingestion.py
[2026-05-09T01:06:44.434+0000] {processor.py:840} INFO - DAG(s) 'newyork_fhv_ingestion' retrieved from /opt/airflow/dags/newyork_fhv_ingestion.py
[2026-05-09T01:06:44.467+0000] {logging_mixin.py:188} INFO - [2026-05-09T01:06:44.466+0000] {dag.py:3096} INFO - Sync 1 DAGs
[2026-05-09T01:06:44.487+0000] {logging_mixin.py:188} INFO - [2026-05-09T01:06:44.487+0000] {dag.py:3954} INFO - Setting next_dagrun for newyork_fhv_ingestion to None, run_after=None
[2026-05-09T01:06:44.518+0000] {processor.py:183} INFO - Processing /opt/airflow/dags/newyork_fhv_ingestion.py took 0.145 seconds
[2026-05-09T01:07:15.399+0000] {processor.py:161} INFO - Started process (PID=1459) to work on /opt/airflow/dags/newyork_fhv_ingestion.py
[2026-05-09T01:07:15.401+0000] {processor.py:830} INFO - Processing file /opt/airflow/dags/newyork_fhv_ingestion.py for tasks to queue
[2026-05-09T01:07:15.404+0000] {logging_mixin.py:188} INFO - [2026-05-09T01:07:15.404+0000] {dagbag.py:545} INFO - Filling up the DagBag from /opt/airflow/dags/newyork_fhv_ingestion.py
[2026-05-09T01:07:15.464+0000] {processor.py:840} INFO - DAG(s) 'newyork_fhv_ingestion' retrieved from /opt/airflow/dags/newyork_fhv_ingestion.py
[2026-05-09T01:07:15.503+0000] {logging_mixin.py:188} INFO - [2026-05-09T01:07:15.502+0000] {dag.py:3096} INFO - Sync 1 DAGs
[2026-05-09T01:07:15.526+0000] {logging_mixin.py:188} INFO - [2026-05-09T01:07:15.525+0000] {dag.py:3954} INFO - Setting next_dagrun for newyork_fhv_ingestion to None, run_after=None
[2026-05-09T01:07:15.563+0000] {processor.py:183} INFO - Processing /opt/airflow/dags/newyork_fhv_ingestion.py took 0.172 seconds
[2026-05-09T01:07:46.534+0000] {processor.py:161} INFO - Started process (PID=1470) to work on /opt/airflow/dags/newyork_fhv_ingestion.py
[2026-05-09T01:07:46.536+0000] {processor.py:830} INFO - Processing file /opt/airflow/dags/newyork_fhv_ingestion.py for tasks to queue
[2026-05-09T01:07:46.540+0000] {logging_mixin.py:188} INFO - [2026-05-09T01:07:46.539+0000] {dagbag.py:545} INFO - Filling up the DagBag from /opt/airflow/dags/newyork_fhv_ingestion.py
[2026-05-09T01:07:46.587+0000] {processor.py:840} INFO - DAG(s) 'newyork_fhv_ingestion' retrieved from /opt/airflow/dags/newyork_fhv_ingestion.py
[2026-05-09T01:07:46.622+0000] {logging_mixin.py:188} INFO - [2026-05-09T01:07:46.621+0000] {dag.py:3096} INFO - Sync 1 DAGs
[2026-05-09T01:07:46.647+0000] {logging_mixin.py:188} INFO - [2026-05-09T01:07:46.646+0000] {dag.py:3954} INFO - Setting next_dagrun for newyork_fhv_ingestion to None, run_after=None
[2026-05-09T01:07:46.692+0000] {processor.py:183} INFO - Processing /opt/airflow/dags/newyork_fhv_ingestion.py took 0.169 seconds
[2026-05-09T01:08:17.674+0000] {processor.py:161} INFO - Started process (PID=1481) to work on /opt/airflow/dags/newyork_fhv_ingestion.py
[2026-05-09T01:08:17.676+0000] {processor.py:830} INFO - Processing file /opt/airflow/dags/newyork_fhv_ingestion.py for tasks to queue
[2026-05-09T01:08:17.680+0000] {logging_mixin.py:188} INFO - [2026-05-09T01:08:17.679+0000] {dagbag.py:545} INFO - Filling up the DagBag from /opt/airflow/dags/newyork_fhv_ingestion.py
[2026-05-09T01:08:17.740+0000] {processor.py:840} INFO - DAG(s) 'newyork_fhv_ingestion' retrieved from /opt/airflow/dags/newyork_fhv_ingestion.py
[2026-05-09T01:08:17.778+0000] {logging_mixin.py:188} INFO - [2026-05-09T01:08:17.777+0000] {dag.py:3096} INFO - Sync 1 DAGs
[2026-05-09T01:08:17.802+0000] {logging_mixin.py:188} INFO - [2026-05-09T01:08:17.802+0000] {dag.py:3954} INFO - Setting next_dagrun for newyork_fhv_ingestion to None, run_after=None
[2026-05-09T01:08:17.848+0000] {processor.py:183} INFO - Processing /opt/airflow/dags/newyork_fhv_ingestion.py took 0.184 seconds
[2026-05-09T01:08:47.962+0000] {processor.py:161} INFO - Started process (PID=1491) to work on /opt/airflow/dags/newyork_fhv_ingestion.py
[2026-05-09T01:08:47.964+0000] {processor.py:830} INFO - Processing file /opt/airflow/dags/newyork_fhv_ingestion.py for tasks to queue
[2026-05-09T01:08:47.967+0000] {logging_mixin.py:188} INFO - [2026-05-09T01:08:47.966+0000] {dagbag.py:545} INFO - Filling up the DagBag from /opt/airflow/dags/newyork_fhv_ingestion.py
[2026-05-09T01:08:47.998+0000] {processor.py:840} INFO - DAG(s) 'newyork_fhv_ingestion' retrieved from /opt/airflow/dags/newyork_fhv_ingestion.py
[2026-05-09T01:08:48.021+0000] {logging_mixin.py:188} INFO - [2026-05-09T01:08:48.021+0000] {dag.py:3096} INFO - Sync 1 DAGs
[2026-05-09T01:08:48.037+0000] {logging_mixin.py:188} INFO - [2026-05-09T01:08:48.036+0000] {dag.py:3954} INFO - Setting next_dagrun for newyork_fhv_ingestion to None, run_after=None
[2026-05-09T01:08:48.063+0000] {processor.py:183} INFO - Processing /opt/airflow/dags/newyork_fhv_ingestion.py took 0.107 seconds
[2026-05-09T01:09:18.206+0000] {processor.py:161} INFO - Started process (PID=1502) to work on /opt/airflow/dags/newyork_fhv_ingestion.py
[2026-05-09T01:09:18.207+0000] {processor.py:830} INFO - Processing file /opt/airflow/dags/newyork_fhv_ingestion.py for tasks to queue
[2026-05-09T01:09:18.211+0000] {logging_mixin.py:188} INFO - [2026-05-09T01:09:18.211+0000] {dagbag.py:545} INFO - Filling up the DagBag from /opt/airflow/dags/newyork_fhv_ingestion.py
[2026-05-09T01:09:18.247+0000] {processor.py:840} INFO - DAG(s) 'newyork_fhv_ingestion' retrieved from /opt/airflow/dags/newyork_fhv_ingestion.py
[2026-05-09T01:09:18.269+0000] {logging_mixin.py:188} INFO - [2026-05-09T01:09:18.269+0000] {dag.py:3096} INFO - Sync 1 DAGs
[2026-05-09T01:09:18.285+0000] {logging_mixin.py:188} INFO - [2026-05-09T01:09:18.285+0000] {dag.py:3954} INFO - Setting next_dagrun for newyork_fhv_ingestion to None, run_after=None
[2026-05-09T01:09:18.312+0000] {processor.py:183} INFO - Processing /opt/airflow/dags/newyork_fhv_ingestion.py took 0.113 seconds
[2026-05-09T01:09:49.239+0000] {processor.py:161} INFO - Started process (PID=1513) to work on /opt/airflow/dags/newyork_fhv_ingestion.py
[2026-05-09T01:09:49.241+0000] {processor.py:830} INFO - Processing file /opt/airflow/dags/newyork_fhv_ingestion.py for tasks to queue
[2026-05-09T01:09:49.244+0000] {logging_mixin.py:188} INFO - [2026-05-09T01:09:49.243+0000] {dagbag.py:545} INFO - Filling up the DagBag from /opt/airflow/dags/newyork_fhv_ingestion.py
[2026-05-09T01:09:49.280+0000] {processor.py:840} INFO - DAG(s) 'newyork_fhv_ingestion' retrieved from /opt/airflow/dags/newyork_fhv_ingestion.py
[2026-05-09T01:09:49.305+0000] {logging_mixin.py:188} INFO - [2026-05-09T01:09:49.304+0000] {dag.py:3096} INFO - Sync 1 DAGs
[2026-05-09T01:09:49.319+0000] {logging_mixin.py:188} INFO - [2026-05-09T01:09:49.319+0000] {dag.py:3954} INFO - Setting next_dagrun for newyork_fhv_ingestion to None, run_after=None
[2026-05-09T01:09:49.349+0000] {processor.py:183} INFO - Processing /opt/airflow/dags/newyork_fhv_ingestion.py took 0.120 seconds
[2026-05-09T01:10:20.059+0000] {processor.py:161} INFO - Started process (PID=1524) to work on /opt/airflow/dags/newyork_fhv_ingestion.py
[2026-05-09T01:10:20.062+0000] {processor.py:830} INFO - Processing file /opt/airflow/dags/newyork_fhv_ingestion.py for tasks to queue
[2026-05-09T01:10:20.066+0000] {logging_mixin.py:188} INFO - [2026-05-09T01:10:20.066+0000] {dagbag.py:545} INFO - Filling up the DagBag from /opt/airflow/dags/newyork_fhv_ingestion.py
[2026-05-09T01:10:20.116+0000] {processor.py:840} INFO - DAG(s) 'newyork_fhv_ingestion' retrieved from /opt/airflow/dags/newyork_fhv_ingestion.py
[2026-05-09T01:10:20.142+0000] {logging_mixin.py:188} INFO - [2026-05-09T01:10:20.141+0000] {dag.py:3096} INFO - Sync 1 DAGs
[2026-05-09T01:10:20.155+0000] {logging_mixin.py:188} INFO - [2026-05-09T01:10:20.155+0000] {dag.py:3954} INFO - Setting next_dagrun for newyork_fhv_ingestion to None, run_after=None
[2026-05-09T01:10:20.183+0000] {processor.py:183} INFO - Processing /opt/airflow/dags/newyork_fhv_ingestion.py took 0.133 seconds
[2026-05-09T01:10:51.011+0000] {processor.py:161} INFO - Started process (PID=1535) to work on /opt/airflow/dags/newyork_fhv_ingestion.py
[2026-05-09T01:10:51.012+0000] {processor.py:830} INFO - Processing file /opt/airflow/dags/newyork_fhv_ingestion.py for tasks to queue
[2026-05-09T01:10:51.016+0000] {logging_mixin.py:188} INFO - [2026-05-09T01:10:51.015+0000] {dagbag.py:545} INFO - Filling up the DagBag from /opt/airflow/dags/newyork_fhv_ingestion.py
[2026-05-09T01:10:51.064+0000] {processor.py:840} INFO - DAG(s) 'newyork_fhv_ingestion' retrieved from /opt/airflow/dags/newyork_fhv_ingestion.py
[2026-05-09T01:10:51.103+0000] {logging_mixin.py:188} INFO - [2026-05-09T01:10:51.102+0000] {dag.py:3096} INFO - Sync 1 DAGs
[2026-05-09T01:10:51.124+0000] {logging_mixin.py:188} INFO - [2026-05-09T01:10:51.123+0000] {dag.py:3954} INFO - Setting next_dagrun for newyork_fhv_ingestion to None, run_after=None
[2026-05-09T01:10:51.162+0000] {processor.py:183} INFO - Processing /opt/airflow/dags/newyork_fhv_ingestion.py took 0.160 seconds
[2026-05-09T01:11:21.241+0000] {processor.py:161} INFO - Started process (PID=1546) to work on /opt/airflow/dags/newyork_fhv_ingestion.py
[2026-05-09T01:11:21.242+0000] {processor.py:830} INFO - Processing file /opt/airflow/dags/newyork_fhv_ingestion.py for tasks to queue
[2026-05-09T01:11:21.245+0000] {logging_mixin.py:188} INFO - [2026-05-09T01:11:21.245+0000] {dagbag.py:545} INFO - Filling up the DagBag from /opt/airflow/dags/newyork_fhv_ingestion.py
[2026-05-09T01:11:21.279+0000] {processor.py:840} INFO - DAG(s) 'newyork_fhv_ingestion' retrieved from /opt/airflow/dags/newyork_fhv_ingestion.py
[2026-05-09T01:11:21.301+0000] {logging_mixin.py:188} INFO - [2026-05-09T01:11:21.300+0000] {dag.py:3096} INFO - Sync 1 DAGs
[2026-05-09T01:11:21.314+0000] {logging_mixin.py:188} INFO - [2026-05-09T01:11:21.313+0000] {dag.py:3954} INFO - Setting next_dagrun for newyork_fhv_ingestion to None, run_after=None
[2026-05-09T01:11:21.338+0000] {processor.py:183} INFO - Processing /opt/airflow/dags/newyork_fhv_ingestion.py took 0.103 seconds
[2026-05-09T01:11:52.202+0000] {processor.py:161} INFO - Started process (PID=1557) to work on /opt/airflow/dags/newyork_fhv_ingestion.py
[2026-05-09T01:11:52.204+0000] {processor.py:830} INFO - Processing file /opt/airflow/dags/newyork_fhv_ingestion.py for tasks to queue
[2026-05-09T01:11:52.208+0000] {logging_mixin.py:188} INFO - [2026-05-09T01:11:52.208+0000] {dagbag.py:545} INFO - Filling up the DagBag from /opt/airflow/dags/newyork_fhv_ingestion.py
[2026-05-09T01:11:52.286+0000] {processor.py:840} INFO - DAG(s) 'newyork_fhv_ingestion' retrieved from /opt/airflow/dags/newyork_fhv_ingestion.py
[2026-05-09T01:11:52.316+0000] {logging_mixin.py:188} INFO - [2026-05-09T01:11:52.315+0000] {dag.py:3096} INFO - Sync 1 DAGs
[2026-05-09T01:11:52.338+0000] {logging_mixin.py:188} INFO - [2026-05-09T01:11:52.338+0000] {dag.py:3954} INFO - Setting next_dagrun for newyork_fhv_ingestion to None, run_after=None
[2026-05-09T01:11:52.379+0000] {processor.py:183} INFO - Processing /opt/airflow/dags/newyork_fhv_ingestion.py took 0.191 seconds
[2026-05-09T01:12:23.029+0000] {processor.py:161} INFO - Started process (PID=1568) to work on /opt/airflow/dags/newyork_fhv_ingestion.py
[2026-05-09T01:12:23.031+0000] {processor.py:830} INFO - Processing file /opt/airflow/dags/newyork_fhv_ingestion.py for tasks to queue
[2026-05-09T01:12:23.034+0000] {logging_mixin.py:188} INFO - [2026-05-09T01:12:23.033+0000] {dagbag.py:545} INFO - Filling up the DagBag from /opt/airflow/dags/newyork_fhv_ingestion.py
[2026-05-09T01:12:23.053+0000] {processor.py:840} INFO - DAG(s) 'newyork_fhv_ingestion' retrieved from /opt/airflow/dags/newyork_fhv_ingestion.py
[2026-05-09T01:12:23.074+0000] {logging_mixin.py:188} INFO - [2026-05-09T01:12:23.074+0000] {dag.py:3096} INFO - Sync 1 DAGs
[2026-05-09T01:12:23.089+0000] {logging_mixin.py:188} INFO - [2026-05-09T01:12:23.089+0000] {dag.py:3954} INFO - Setting next_dagrun for newyork_fhv_ingestion to None, run_after=None
[2026-05-09T01:12:23.117+0000] {processor.py:183} INFO - Processing /opt/airflow/dags/newyork_fhv_ingestion.py took 0.099 seconds
[2026-05-09T01:12:53.828+0000] {processor.py:161} INFO - Started process (PID=1579) to work on /opt/airflow/dags/newyork_fhv_ingestion.py
[2026-05-09T01:12:53.831+0000] {processor.py:830} INFO - Processing file /opt/airflow/dags/newyork_fhv_ingestion.py for tasks to queue
[2026-05-09T01:12:53.836+0000] {logging_mixin.py:188} INFO - [2026-05-09T01:12:53.835+0000] {dagbag.py:545} INFO - Filling up the DagBag from /opt/airflow/dags/newyork_fhv_ingestion.py
[2026-05-09T01:12:53.871+0000] {processor.py:840} INFO - DAG(s) 'newyork_fhv_ingestion' retrieved from /opt/airflow/dags/newyork_fhv_ingestion.py
[2026-05-09T01:12:53.899+0000] {logging_mixin.py:188} INFO - [2026-05-09T01:12:53.899+0000] {dag.py:3096} INFO - Sync 1 DAGs
[2026-05-09T01:12:53.914+0000] {logging_mixin.py:188} INFO - [2026-05-09T01:12:53.913+0000] {dag.py:3954} INFO - Setting next_dagrun for newyork_fhv_ingestion to None, run_after=None
[2026-05-09T01:12:53.943+0000] {processor.py:183} INFO - Processing /opt/airflow/dags/newyork_fhv_ingestion.py took 0.125 seconds
[2026-05-09T01:13:24.801+0000] {processor.py:161} INFO - Started process (PID=1590) to work on /opt/airflow/dags/newyork_fhv_ingestion.py
[2026-05-09T01:13:24.802+0000] {processor.py:830} INFO - Processing file /opt/airflow/dags/newyork_fhv_ingestion.py for tasks to queue
[2026-05-09T01:13:24.805+0000] {logging_mixin.py:188} INFO - [2026-05-09T01:13:24.804+0000] {dagbag.py:545} INFO - Filling up the DagBag from /opt/airflow/dags/newyork_fhv_ingestion.py
[2026-05-09T01:13:24.837+0000] {processor.py:840} INFO - DAG(s) 'newyork_fhv_ingestion' retrieved from /opt/airflow/dags/newyork_fhv_ingestion.py
[2026-05-09T01:13:24.869+0000] {logging_mixin.py:188} INFO - [2026-05-09T01:13:24.868+0000] {dag.py:3096} INFO - Sync 1 DAGs
[2026-05-09T01:13:24.891+0000] {logging_mixin.py:188} INFO - [2026-05-09T01:13:24.890+0000] {dag.py:3954} INFO - Setting next_dagrun for newyork_fhv_ingestion to None, run_after=None
[2026-05-09T01:13:24.930+0000] {processor.py:183} INFO - Processing /opt/airflow/dags/newyork_fhv_ingestion.py took 0.136 seconds
[2026-05-09T01:13:55.858+0000] {processor.py:161} INFO - Started process (PID=1601) to work on /opt/airflow/dags/newyork_fhv_ingestion.py
[2026-05-09T01:13:55.861+0000] {processor.py:830} INFO - Processing file /opt/airflow/dags/newyork_fhv_ingestion.py for tasks to queue
[2026-05-09T01:13:55.866+0000] {logging_mixin.py:188} INFO - [2026-05-09T01:13:55.865+0000] {dagbag.py:545} INFO - Filling up the DagBag from /opt/airflow/dags/newyork_fhv_ingestion.py
[2026-05-09T01:13:55.913+0000] {processor.py:840} INFO - DAG(s) 'newyork_fhv_ingestion' retrieved from /opt/airflow/dags/newyork_fhv_ingestion.py
[2026-05-09T01:13:55.940+0000] {logging_mixin.py:188} INFO - [2026-05-09T01:13:55.940+0000] {dag.py:3096} INFO - Sync 1 DAGs
[2026-05-09T01:13:55.957+0000] {logging_mixin.py:188} INFO - [2026-05-09T01:13:55.957+0000] {dag.py:3954} INFO - Setting next_dagrun for newyork_fhv_ingestion to None, run_after=None
[2026-05-09T01:13:55.993+0000] {processor.py:183} INFO - Processing /opt/airflow/dags/newyork_fhv_ingestion.py took 0.148 seconds
[2026-05-09T01:14:26.126+0000] {processor.py:161} INFO - Started process (PID=1612) to work on /opt/airflow/dags/newyork_fhv_ingestion.py
[2026-05-09T01:14:26.129+0000] {processor.py:830} INFO - Processing file /opt/airflow/dags/newyork_fhv_ingestion.py for tasks to queue
[2026-05-09T01:14:26.133+0000] {logging_mixin.py:188} INFO - [2026-05-09T01:14:26.132+0000] {dagbag.py:545} INFO - Filling up the DagBag from /opt/airflow/dags/newyork_fhv_ingestion.py
[2026-05-09T01:14:26.168+0000] {processor.py:840} INFO - DAG(s) 'newyork_fhv_ingestion' retrieved from /opt/airflow/dags/newyork_fhv_ingestion.py
[2026-05-09T01:14:26.207+0000] {logging_mixin.py:188} INFO - [2026-05-09T01:14:26.207+0000] {dag.py:3096} INFO - Sync 1 DAGs
[2026-05-09T01:14:26.230+0000] {logging_mixin.py:188} INFO - [2026-05-09T01:14:26.230+0000] {dag.py:3954} INFO - Setting next_dagrun for newyork_fhv_ingestion to None, run_after=None
[2026-05-09T01:14:26.278+0000] {processor.py:183} INFO - Processing /opt/airflow/dags/newyork_fhv_ingestion.py took 0.164 seconds
[2026-05-09T01:14:57.220+0000] {processor.py:161} INFO - Started process (PID=1623) to work on /opt/airflow/dags/newyork_fhv_ingestion.py
[2026-05-09T01:14:57.223+0000] {processor.py:830} INFO - Processing file /opt/airflow/dags/newyork_fhv_ingestion.py for tasks to queue
[2026-05-09T01:14:57.226+0000] {logging_mixin.py:188} INFO - [2026-05-09T01:14:57.226+0000] {dagbag.py:545} INFO - Filling up the DagBag from /opt/airflow/dags/newyork_fhv_ingestion.py
[2026-05-09T01:14:57.259+0000] {processor.py:840} INFO - DAG(s) 'newyork_fhv_ingestion' retrieved from /opt/airflow/dags/newyork_fhv_ingestion.py
[2026-05-09T01:14:57.290+0000] {logging_mixin.py:188} INFO - [2026-05-09T01:14:57.290+0000] {dag.py:3096} INFO - Sync 1 DAGs
[2026-05-09T01:14:57.307+0000] {logging_mixin.py:188} INFO - [2026-05-09T01:14:57.306+0000] {dag.py:3954} INFO - Setting next_dagrun for newyork_fhv_ingestion to None, run_after=None
[2026-05-09T01:14:57.335+0000] {processor.py:183} INFO - Processing /opt/airflow/dags/newyork_fhv_ingestion.py took 0.126 seconds
[2026-05-09T01:15:28.260+0000] {processor.py:161} INFO - Started process (PID=1634) to work on /opt/airflow/dags/newyork_fhv_ingestion.py
[2026-05-09T01:15:28.262+0000] {processor.py:830} INFO - Processing file /opt/airflow/dags/newyork_fhv_ingestion.py for tasks to queue
[2026-05-09T01:15:28.266+0000] {logging_mixin.py:188} INFO - [2026-05-09T01:15:28.265+0000] {dagbag.py:545} INFO - Filling up the DagBag from /opt/airflow/dags/newyork_fhv_ingestion.py
[2026-05-09T01:15:28.317+0000] {processor.py:840} INFO - DAG(s) 'newyork_fhv_ingestion' retrieved from /opt/airflow/dags/newyork_fhv_ingestion.py
[2026-05-09T01:15:28.345+0000] {logging_mixin.py:188} INFO - [2026-05-09T01:15:28.344+0000] {dag.py:3096} INFO - Sync 1 DAGs
[2026-05-09T01:15:28.359+0000] {logging_mixin.py:188} INFO - [2026-05-09T01:15:28.359+0000] {dag.py:3954} INFO - Setting next_dagrun for newyork_fhv_ingestion to None, run_after=None
[2026-05-09T01:15:28.389+0000] {processor.py:183} INFO - Processing /opt/airflow/dags/newyork_fhv_ingestion.py took 0.141 seconds
[2026-05-09T01:15:59.104+0000] {processor.py:161} INFO - Started process (PID=1645) to work on /opt/airflow/dags/newyork_fhv_ingestion.py
[2026-05-09T01:15:59.106+0000] {processor.py:830} INFO - Processing file /opt/airflow/dags/newyork_fhv_ingestion.py for tasks to queue
[2026-05-09T01:15:59.110+0000] {logging_mixin.py:188} INFO - [2026-05-09T01:15:59.109+0000] {dagbag.py:545} INFO - Filling up the DagBag from /opt/airflow/dags/newyork_fhv_ingestion.py
[2026-05-09T01:15:59.141+0000] {processor.py:840} INFO - DAG(s) 'newyork_fhv_ingestion' retrieved from /opt/airflow/dags/newyork_fhv_ingestion.py
[2026-05-09T01:15:59.168+0000] {logging_mixin.py:188} INFO - [2026-05-09T01:15:59.168+0000] {dag.py:3096} INFO - Sync 1 DAGs
[2026-05-09T01:15:59.182+0000] {logging_mixin.py:188} INFO - [2026-05-09T01:15:59.181+0000] {dag.py:3954} INFO - Setting next_dagrun for newyork_fhv_ingestion to None, run_after=None
[2026-05-09T01:15:59.207+0000] {processor.py:183} INFO - Processing /opt/airflow/dags/newyork_fhv_ingestion.py took 0.115 seconds
[2026-05-09T01:16:30.144+0000] {processor.py:161} INFO - Started process (PID=1662) to work on /opt/airflow/dags/newyork_fhv_ingestion.py
[2026-05-09T01:16:30.146+0000] {processor.py:830} INFO - Processing file /opt/airflow/dags/newyork_fhv_ingestion.py for tasks to queue
[2026-05-09T01:16:30.149+0000] {logging_mixin.py:188} INFO - [2026-05-09T01:16:30.149+0000] {dagbag.py:545} INFO - Filling up the DagBag from /opt/airflow/dags/newyork_fhv_ingestion.py
[2026-05-09T01:16:30.190+0000] {processor.py:840} INFO - DAG(s) 'newyork_fhv_ingestion' retrieved from /opt/airflow/dags/newyork_fhv_ingestion.py
[2026-05-09T01:16:30.214+0000] {logging_mixin.py:188} INFO - [2026-05-09T01:16:30.214+0000] {dag.py:3096} INFO - Sync 1 DAGs
[2026-05-09T01:16:30.228+0000] {logging_mixin.py:188} INFO - [2026-05-09T01:16:30.228+0000] {dag.py:3954} INFO - Setting next_dagrun for newyork_fhv_ingestion to None, run_after=None
[2026-05-09T01:16:30.254+0000] {processor.py:183} INFO - Processing /opt/airflow/dags/newyork_fhv_ingestion.py took 0.116 seconds
[2026-05-09T01:17:01.030+0000] {processor.py:161} INFO - Started process (PID=1673) to work on /opt/airflow/dags/newyork_fhv_ingestion.py
[2026-05-09T01:17:01.032+0000] {processor.py:830} INFO - Processing file /opt/airflow/dags/newyork_fhv_ingestion.py for tasks to queue
[2026-05-09T01:17:01.035+0000] {logging_mixin.py:188} INFO - [2026-05-09T01:17:01.034+0000] {dagbag.py:545} INFO - Filling up the DagBag from /opt/airflow/dags/newyork_fhv_ingestion.py
[2026-05-09T01:17:01.071+0000] {processor.py:840} INFO - DAG(s) 'newyork_fhv_ingestion' retrieved from /opt/airflow/dags/newyork_fhv_ingestion.py
[2026-05-09T01:17:01.096+0000] {logging_mixin.py:188} INFO - [2026-05-09T01:17:01.095+0000] {dag.py:3096} INFO - Sync 1 DAGs
[2026-05-09T01:17:01.109+0000] {logging_mixin.py:188} INFO - [2026-05-09T01:17:01.109+0000] {dag.py:3954} INFO - Setting next_dagrun for newyork_fhv_ingestion to None, run_after=None
[2026-05-09T01:17:01.133+0000] {processor.py:183} INFO - Processing /opt/airflow/dags/newyork_fhv_ingestion.py took 0.113 seconds
[2026-05-09T01:17:31.727+0000] {processor.py:161} INFO - Started process (PID=1684) to work on /opt/airflow/dags/newyork_fhv_ingestion.py
[2026-05-09T01:17:31.729+0000] {processor.py:830} INFO - Processing file /opt/airflow/dags/newyork_fhv_ingestion.py for tasks to queue
[2026-05-09T01:17:31.733+0000] {logging_mixin.py:188} INFO - [2026-05-09T01:17:31.732+0000] {dagbag.py:545} INFO - Filling up the DagBag from /opt/airflow/dags/newyork_fhv_ingestion.py
[2026-05-09T01:17:31.761+0000] {processor.py:840} INFO - DAG(s) 'newyork_fhv_ingestion' retrieved from /opt/airflow/dags/newyork_fhv_ingestion.py
[2026-05-09T01:17:31.793+0000] {logging_mixin.py:188} INFO - [2026-05-09T01:17:31.792+0000] {dag.py:3096} INFO - Sync 1 DAGs
[2026-05-09T01:17:31.816+0000] {logging_mixin.py:188} INFO - [2026-05-09T01:17:31.816+0000] {dag.py:3954} INFO - Setting next_dagrun for newyork_fhv_ingestion to None, run_after=None
[2026-05-09T01:17:31.858+0000] {processor.py:183} INFO - Processing /opt/airflow/dags/newyork_fhv_ingestion.py took 0.141 seconds
[2026-05-09T01:18:01.995+0000] {processor.py:161} INFO - Started process (PID=1695) to work on /opt/airflow/dags/newyork_fhv_ingestion.py
[2026-05-09T01:18:01.997+0000] {processor.py:830} INFO - Processing file /opt/airflow/dags/newyork_fhv_ingestion.py for tasks to queue
[2026-05-09T01:18:02.002+0000] {logging_mixin.py:188} INFO - [2026-05-09T01:18:02.001+0000] {dagbag.py:545} INFO - Filling up the DagBag from /opt/airflow/dags/newyork_fhv_ingestion.py
[2026-05-09T01:18:02.056+0000] {processor.py:840} INFO - DAG(s) 'newyork_fhv_ingestion' retrieved from /opt/airflow/dags/newyork_fhv_ingestion.py
[2026-05-09T01:18:02.096+0000] {logging_mixin.py:188} INFO - [2026-05-09T01:18:02.096+0000] {dag.py:3096} INFO - Sync 1 DAGs
[2026-05-09T01:18:02.116+0000] {logging_mixin.py:188} INFO - [2026-05-09T01:18:02.116+0000] {dag.py:3954} INFO - Setting next_dagrun for newyork_fhv_ingestion to None, run_after=None
[2026-05-09T01:18:02.151+0000] {processor.py:183} INFO - Processing /opt/airflow/dags/newyork_fhv_ingestion.py took 0.167 seconds
[2026-05-09T01:18:32.971+0000] {processor.py:161} INFO - Started process (PID=1706) to work on /opt/airflow/dags/newyork_fhv_ingestion.py
[2026-05-09T01:18:32.972+0000] {processor.py:830} INFO - Processing file /opt/airflow/dags/newyork_fhv_ingestion.py for tasks to queue
[2026-05-09T01:18:32.975+0000] {logging_mixin.py:188} INFO - [2026-05-09T01:18:32.974+0000] {dagbag.py:545} INFO - Filling up the DagBag from /opt/airflow/dags/newyork_fhv_ingestion.py
[2026-05-09T01:18:33.006+0000] {processor.py:840} INFO - DAG(s) 'newyork_fhv_ingestion' retrieved from /opt/airflow/dags/newyork_fhv_ingestion.py
[2026-05-09T01:18:33.032+0000] {logging_mixin.py:188} INFO - [2026-05-09T01:18:33.032+0000] {dag.py:3096} INFO - Sync 1 DAGs
[2026-05-09T01:18:33.050+0000] {logging_mixin.py:188} INFO - [2026-05-09T01:18:33.050+0000] {dag.py:3954} INFO - Setting next_dagrun for newyork_fhv_ingestion to None, run_after=None
[2026-05-09T01:18:33.078+0000] {processor.py:183} INFO - Processing /opt/airflow/dags/newyork_fhv_ingestion.py took 0.116 seconds
[2026-05-09T01:19:03.419+0000] {processor.py:161} INFO - Started process (PID=1717) to work on /opt/airflow/dags/newyork_fhv_ingestion.py
[2026-05-09T01:19:03.421+0000] {processor.py:830} INFO - Processing file /opt/airflow/dags/newyork_fhv_ingestion.py for tasks to queue
[2026-05-09T01:19:03.424+0000] {logging_mixin.py:188} INFO - [2026-05-09T01:19:03.423+0000] {dagbag.py:545} INFO - Filling up the DagBag from /opt/airflow/dags/newyork_fhv_ingestion.py
[2026-05-09T01:19:03.460+0000] {processor.py:840} INFO - DAG(s) 'newyork_fhv_ingestion' retrieved from /opt/airflow/dags/newyork_fhv_ingestion.py
[2026-05-09T01:19:03.482+0000] {logging_mixin.py:188} INFO - [2026-05-09T01:19:03.482+0000] {dag.py:3096} INFO - Sync 1 DAGs
[2026-05-09T01:19:03.498+0000] {logging_mixin.py:188} INFO - [2026-05-09T01:19:03.498+0000] {dag.py:3954} INFO - Setting next_dagrun for newyork_fhv_ingestion to None, run_after=None
[2026-05-09T01:19:03.528+0000] {processor.py:183} INFO - Processing /opt/airflow/dags/newyork_fhv_ingestion.py took 0.115 seconds
[2026-05-09T01:19:34.345+0000] {processor.py:161} INFO - Started process (PID=1728) to work on /opt/airflow/dags/newyork_fhv_ingestion.py
[2026-05-09T01:19:34.346+0000] {processor.py:830} INFO - Processing file /opt/airflow/dags/newyork_fhv_ingestion.py for tasks to queue
[2026-05-09T01:19:34.348+0000] {logging_mixin.py:188} INFO - [2026-05-09T01:19:34.348+0000] {dagbag.py:545} INFO - Filling up the DagBag from /opt/airflow/dags/newyork_fhv_ingestion.py
[2026-05-09T01:19:34.374+0000] {processor.py:840} INFO - DAG(s) 'newyork_fhv_ingestion' retrieved from /opt/airflow/dags/newyork_fhv_ingestion.py
[2026-05-09T01:19:34.395+0000] {logging_mixin.py:188} INFO - [2026-05-09T01:19:34.395+0000] {dag.py:3096} INFO - Sync 1 DAGs
[2026-05-09T01:19:34.408+0000] {logging_mixin.py:188} INFO - [2026-05-09T01:19:34.408+0000] {dag.py:3954} INFO - Setting next_dagrun for newyork_fhv_ingestion to None, run_after=None
[2026-05-09T01:19:34.431+0000] {processor.py:183} INFO - Processing /opt/airflow/dags/newyork_fhv_ingestion.py took 0.093 seconds
[2026-05-09T01:20:05.261+0000] {processor.py:161} INFO - Started process (PID=1740) to work on /opt/airflow/dags/newyork_fhv_ingestion.py
[2026-05-09T01:20:05.262+0000] {processor.py:830} INFO - Processing file /opt/airflow/dags/newyork_fhv_ingestion.py for tasks to queue
[2026-05-09T01:20:05.264+0000] {logging_mixin.py:188} INFO - [2026-05-09T01:20:05.264+0000] {dagbag.py:545} INFO - Filling up the DagBag from /opt/airflow/dags/newyork_fhv_ingestion.py
[2026-05-09T01:20:05.296+0000] {processor.py:840} INFO - DAG(s) 'newyork_fhv_ingestion' retrieved from /opt/airflow/dags/newyork_fhv_ingestion.py
[2026-05-09T01:20:05.321+0000] {logging_mixin.py:188} INFO - [2026-05-09T01:20:05.320+0000] {dag.py:3096} INFO - Sync 1 DAGs
[2026-05-09T01:20:05.335+0000] {logging_mixin.py:188} INFO - [2026-05-09T01:20:05.334+0000] {dag.py:3954} INFO - Setting next_dagrun for newyork_fhv_ingestion to None, run_after=None
[2026-05-09T01:20:05.357+0000] {processor.py:183} INFO - Processing /opt/airflow/dags/newyork_fhv_ingestion.py took 0.104 seconds
[2026-05-09T01:20:35.730+0000] {processor.py:161} INFO - Started process (PID=1751) to work on /opt/airflow/dags/newyork_fhv_ingestion.py
[2026-05-09T01:20:35.733+0000] {processor.py:830} INFO - Processing file /opt/airflow/dags/newyork_fhv_ingestion.py for tasks to queue
[2026-05-09T01:20:35.738+0000] {logging_mixin.py:188} INFO - [2026-05-09T01:20:35.738+0000] {dagbag.py:545} INFO - Filling up the DagBag from /opt/airflow/dags/newyork_fhv_ingestion.py
[2026-05-09T01:20:35.801+0000] {processor.py:840} INFO - DAG(s) 'newyork_fhv_ingestion' retrieved from /opt/airflow/dags/newyork_fhv_ingestion.py
[2026-05-09T01:20:35.844+0000] {logging_mixin.py:188} INFO - [2026-05-09T01:20:35.843+0000] {dag.py:3096} INFO - Sync 1 DAGs
[2026-05-09T01:20:35.871+0000] {logging_mixin.py:188} INFO - [2026-05-09T01:20:35.871+0000] {dag.py:3954} INFO - Setting next_dagrun for newyork_fhv_ingestion to None, run_after=None
[2026-05-09T01:20:35.907+0000] {processor.py:183} INFO - Processing /opt/airflow/dags/newyork_fhv_ingestion.py took 0.193 seconds
[2026-05-09T01:21:06.134+0000] {processor.py:161} INFO - Started process (PID=1762) to work on /opt/airflow/dags/newyork_fhv_ingestion.py
[2026-05-09T01:21:06.137+0000] {processor.py:830} INFO - Processing file /opt/airflow/dags/newyork_fhv_ingestion.py for tasks to queue
[2026-05-09T01:21:06.142+0000] {logging_mixin.py:188} INFO - [2026-05-09T01:21:06.141+0000] {dagbag.py:545} INFO - Filling up the DagBag from /opt/airflow/dags/newyork_fhv_ingestion.py
[2026-05-09T01:21:06.198+0000] {processor.py:840} INFO - DAG(s) 'newyork_fhv_ingestion' retrieved from /opt/airflow/dags/newyork_fhv_ingestion.py
[2026-05-09T01:21:06.233+0000] {logging_mixin.py:188} INFO - [2026-05-09T01:21:06.233+0000] {dag.py:3096} INFO - Sync 1 DAGs
[2026-05-09T01:21:06.247+0000] {logging_mixin.py:188} INFO - [2026-05-09T01:21:06.247+0000] {dag.py:3954} INFO - Setting next_dagrun for newyork_fhv_ingestion to None, run_after=None
[2026-05-09T01:21:06.275+0000] {processor.py:183} INFO - Processing /opt/airflow/dags/newyork_fhv_ingestion.py took 0.154 seconds
[2026-05-09T01:21:36.451+0000] {processor.py:161} INFO - Started process (PID=1773) to work on /opt/airflow/dags/newyork_fhv_ingestion.py
[2026-05-09T01:21:36.454+0000] {processor.py:830} INFO - Processing file /opt/airflow/dags/newyork_fhv_ingestion.py for tasks to queue
[2026-05-09T01:21:36.459+0000] {logging_mixin.py:188} INFO - [2026-05-09T01:21:36.458+0000] {dagbag.py:545} INFO - Filling up the DagBag from /opt/airflow/dags/newyork_fhv_ingestion.py
[2026-05-09T01:21:36.506+0000] {processor.py:840} INFO - DAG(s) 'newyork_fhv_ingestion' retrieved from /opt/airflow/dags/newyork_fhv_ingestion.py
[2026-05-09T01:21:36.540+0000] {logging_mixin.py:188} INFO - [2026-05-09T01:21:36.540+0000] {dag.py:3096} INFO - Sync 1 DAGs
[2026-05-09T01:21:36.562+0000] {logging_mixin.py:188} INFO - [2026-05-09T01:21:36.562+0000] {dag.py:3954} INFO - Setting next_dagrun for newyork_fhv_ingestion to None, run_after=None
[2026-05-09T01:21:36.594+0000] {processor.py:183} INFO - Processing /opt/airflow/dags/newyork_fhv_ingestion.py took 0.159 seconds
[2026-05-09T01:22:06.847+0000] {processor.py:161} INFO - Started process (PID=1784) to work on /opt/airflow/dags/newyork_fhv_ingestion.py
[2026-05-09T01:22:06.849+0000] {processor.py:830} INFO - Processing file /opt/airflow/dags/newyork_fhv_ingestion.py for tasks to queue
[2026-05-09T01:22:06.854+0000] {logging_mixin.py:188} INFO - [2026-05-09T01:22:06.853+0000] {dagbag.py:545} INFO - Filling up the DagBag from /opt/airflow/dags/newyork_fhv_ingestion.py
[2026-05-09T01:22:06.908+0000] {processor.py:840} INFO - DAG(s) 'newyork_fhv_ingestion' retrieved from /opt/airflow/dags/newyork_fhv_ingestion.py
[2026-05-09T01:22:06.945+0000] {logging_mixin.py:188} INFO - [2026-05-09T01:22:06.945+0000] {dag.py:3096} INFO - Sync 1 DAGs
[2026-05-09T01:22:06.960+0000] {logging_mixin.py:188} INFO - [2026-05-09T01:22:06.960+0000] {dag.py:3954} INFO - Setting next_dagrun for newyork_fhv_ingestion to None, run_after=None
[2026-05-09T01:22:07.007+0000] {processor.py:183} INFO - Processing /opt/airflow/dags/newyork_fhv_ingestion.py took 0.172 seconds
[2026-05-09T01:22:37.132+0000] {processor.py:161} INFO - Started process (PID=1795) to work on /opt/airflow/dags/newyork_fhv_ingestion.py
[2026-05-09T01:22:37.134+0000] {processor.py:830} INFO - Processing file /opt/airflow/dags/newyork_fhv_ingestion.py for tasks to queue
[2026-05-09T01:22:37.138+0000] {logging_mixin.py:188} INFO - [2026-05-09T01:22:37.138+0000] {dagbag.py:545} INFO - Filling up the DagBag from /opt/airflow/dags/newyork_fhv_ingestion.py
[2026-05-09T01:22:37.200+0000] {processor.py:840} INFO - DAG(s) 'newyork_fhv_ingestion' retrieved from /opt/airflow/dags/newyork_fhv_ingestion.py
[2026-05-09T01:22:37.234+0000] {logging_mixin.py:188} INFO - [2026-05-09T01:22:37.234+0000] {dag.py:3096} INFO - Sync 1 DAGs
[2026-05-09T01:22:37.260+0000] {logging_mixin.py:188} INFO - [2026-05-09T01:22:37.259+0000] {dag.py:3954} INFO - Setting next_dagrun for newyork_fhv_ingestion to None, run_after=None
[2026-05-09T01:22:37.293+0000] {processor.py:183} INFO - Processing /opt/airflow/dags/newyork_fhv_ingestion.py took 0.174 seconds
[2026-05-09T01:23:07.685+0000] {processor.py:161} INFO - Started process (PID=1806) to work on /opt/airflow/dags/newyork_fhv_ingestion.py
[2026-05-09T01:23:07.686+0000] {processor.py:830} INFO - Processing file /opt/airflow/dags/newyork_fhv_ingestion.py for tasks to queue
[2026-05-09T01:23:07.689+0000] {logging_mixin.py:188} INFO - [2026-05-09T01:23:07.689+0000] {dagbag.py:545} INFO - Filling up the DagBag from /opt/airflow/dags/newyork_fhv_ingestion.py
[2026-05-09T01:23:07.723+0000] {processor.py:840} INFO - DAG(s) 'newyork_fhv_ingestion' retrieved from /opt/airflow/dags/newyork_fhv_ingestion.py
[2026-05-09T01:23:07.753+0000] {logging_mixin.py:188} INFO - [2026-05-09T01:23:07.753+0000] {dag.py:3096} INFO - Sync 1 DAGs
[2026-05-09T01:23:07.776+0000] {logging_mixin.py:188} INFO - [2026-05-09T01:23:07.775+0000] {dag.py:3954} INFO - Setting next_dagrun for newyork_fhv_ingestion to None, run_after=None
[2026-05-09T01:23:07.813+0000] {processor.py:183} INFO - Processing /opt/airflow/dags/newyork_fhv_ingestion.py took 0.136 seconds
[2026-05-09T01:23:37.957+0000] {processor.py:161} INFO - Started process (PID=1817) to work on /opt/airflow/dags/newyork_fhv_ingestion.py
[2026-05-09T01:23:37.958+0000] {processor.py:830} INFO - Processing file /opt/airflow/dags/newyork_fhv_ingestion.py for tasks to queue
[2026-05-09T01:23:37.961+0000] {logging_mixin.py:188} INFO - [2026-05-09T01:23:37.961+0000] {dagbag.py:545} INFO - Filling up the DagBag from /opt/airflow/dags/newyork_fhv_ingestion.py
[2026-05-09T01:23:37.994+0000] {processor.py:840} INFO - DAG(s) 'newyork_fhv_ingestion' retrieved from /opt/airflow/dags/newyork_fhv_ingestion.py
[2026-05-09T01:23:38.021+0000] {logging_mixin.py:188} INFO - [2026-05-09T01:23:38.021+0000] {dag.py:3096} INFO - Sync 1 DAGs
[2026-05-09T01:23:38.037+0000] {logging_mixin.py:188} INFO - [2026-05-09T01:23:38.036+0000] {dag.py:3954} INFO - Setting next_dagrun for newyork_fhv_ingestion to None, run_after=None
[2026-05-09T01:23:38.064+0000] {processor.py:183} INFO - Processing /opt/airflow/dags/newyork_fhv_ingestion.py took 0.115 seconds
[2026-05-09T01:24:08.730+0000] {processor.py:161} INFO - Started process (PID=1828) to work on /opt/airflow/dags/newyork_fhv_ingestion.py
[2026-05-09T01:24:08.732+0000] {processor.py:830} INFO - Processing file /opt/airflow/dags/newyork_fhv_ingestion.py for tasks to queue
[2026-05-09T01:24:08.736+0000] {logging_mixin.py:188} INFO - [2026-05-09T01:24:08.735+0000] {dagbag.py:545} INFO - Filling up the DagBag from /opt/airflow/dags/newyork_fhv_ingestion.py
[2026-05-09T01:24:08.796+0000] {processor.py:840} INFO - DAG(s) 'newyork_fhv_ingestion' retrieved from /opt/airflow/dags/newyork_fhv_ingestion.py
[2026-05-09T01:24:08.832+0000] {logging_mixin.py:188} INFO - [2026-05-09T01:24:08.832+0000] {dag.py:3096} INFO - Sync 1 DAGs
[2026-05-09T01:24:08.852+0000] {logging_mixin.py:188} INFO - [2026-05-09T01:24:08.852+0000] {dag.py:3954} INFO - Setting next_dagrun for newyork_fhv_ingestion to None, run_after=None
[2026-05-09T01:24:08.897+0000] {processor.py:183} INFO - Processing /opt/airflow/dags/newyork_fhv_ingestion.py took 0.180 seconds
[2026-05-09T01:24:39.049+0000] {processor.py:161} INFO - Started process (PID=1839) to work on /opt/airflow/dags/newyork_fhv_ingestion.py
[2026-05-09T01:24:39.051+0000] {processor.py:830} INFO - Processing file /opt/airflow/dags/newyork_fhv_ingestion.py for tasks to queue
[2026-05-09T01:24:39.055+0000] {logging_mixin.py:188} INFO - [2026-05-09T01:24:39.054+0000] {dagbag.py:545} INFO - Filling up the DagBag from /opt/airflow/dags/newyork_fhv_ingestion.py
[2026-05-09T01:24:39.104+0000] {processor.py:840} INFO - DAG(s) 'newyork_fhv_ingestion' retrieved from /opt/airflow/dags/newyork_fhv_ingestion.py
[2026-05-09T01:24:39.138+0000] {logging_mixin.py:188} INFO - [2026-05-09T01:24:39.138+0000] {dag.py:3096} INFO - Sync 1 DAGs
[2026-05-09T01:24:39.157+0000] {logging_mixin.py:188} INFO - [2026-05-09T01:24:39.156+0000] {dag.py:3954} INFO - Setting next_dagrun for newyork_fhv_ingestion to None, run_after=None
[2026-05-09T01:24:39.195+0000] {processor.py:183} INFO - Processing /opt/airflow/dags/newyork_fhv_ingestion.py took 0.158 seconds
[2026-05-09T01:25:09.500+0000] {processor.py:161} INFO - Started process (PID=1850) to work on /opt/airflow/dags/newyork_fhv_ingestion.py
[2026-05-09T01:25:09.503+0000] {processor.py:830} INFO - Processing file /opt/airflow/dags/newyork_fhv_ingestion.py for tasks to queue
[2026-05-09T01:25:09.507+0000] {logging_mixin.py:188} INFO - [2026-05-09T01:25:09.507+0000] {dagbag.py:545} INFO - Filling up the DagBag from /opt/airflow/dags/newyork_fhv_ingestion.py
[2026-05-09T01:25:09.557+0000] {processor.py:840} INFO - DAG(s) 'newyork_fhv_ingestion' retrieved from /opt/airflow/dags/newyork_fhv_ingestion.py
[2026-05-09T01:25:09.588+0000] {logging_mixin.py:188} INFO - [2026-05-09T01:25:09.587+0000] {dag.py:3096} INFO - Sync 1 DAGs
[2026-05-09T01:25:09.603+0000] {logging_mixin.py:188} INFO - [2026-05-09T01:25:09.602+0000] {dag.py:3954} INFO - Setting next_dagrun for newyork_fhv_ingestion to None, run_after=None
[2026-05-09T01:25:09.629+0000] {processor.py:183} INFO - Processing /opt/airflow/dags/newyork_fhv_ingestion.py took 0.140 seconds
[2026-05-09T01:25:39.886+0000] {processor.py:161} INFO - Started process (PID=1861) to work on /opt/airflow/dags/newyork_fhv_ingestion.py
[2026-05-09T01:25:39.888+0000] {processor.py:830} INFO - Processing file /opt/airflow/dags/newyork_fhv_ingestion.py for tasks to queue
[2026-05-09T01:25:39.892+0000] {logging_mixin.py:188} INFO - [2026-05-09T01:25:39.892+0000] {dagbag.py:545} INFO - Filling up the DagBag from /opt/airflow/dags/newyork_fhv_ingestion.py
[2026-05-09T01:25:39.937+0000] {processor.py:840} INFO - DAG(s) 'newyork_fhv_ingestion' retrieved from /opt/airflow/dags/newyork_fhv_ingestion.py
[2026-05-09T01:25:39.964+0000] {logging_mixin.py:188} INFO - [2026-05-09T01:25:39.964+0000] {dag.py:3096} INFO - Sync 1 DAGs
[2026-05-09T01:25:39.977+0000] {logging_mixin.py:188} INFO - [2026-05-09T01:25:39.977+0000] {dag.py:3954} INFO - Setting next_dagrun for newyork_fhv_ingestion to None, run_after=None
[2026-05-09T01:25:40.004+0000] {processor.py:183} INFO - Processing /opt/airflow/dags/newyork_fhv_ingestion.py took 0.130 seconds
[2026-05-09T01:26:10.994+0000] {processor.py:161} INFO - Started process (PID=1872) to work on /opt/airflow/dags/newyork_fhv_ingestion.py
[2026-05-09T01:26:10.997+0000] {processor.py:830} INFO - Processing file /opt/airflow/dags/newyork_fhv_ingestion.py for tasks to queue
[2026-05-09T01:26:11.001+0000] {logging_mixin.py:188} INFO - [2026-05-09T01:26:11.001+0000] {dagbag.py:545} INFO - Filling up the DagBag from /opt/airflow/dags/newyork_fhv_ingestion.py
[2026-05-09T01:26:11.034+0000] {processor.py:840} INFO - DAG(s) 'newyork_fhv_ingestion' retrieved from /opt/airflow/dags/newyork_fhv_ingestion.py
[2026-05-09T01:26:11.060+0000] {logging_mixin.py:188} INFO - [2026-05-09T01:26:11.060+0000] {dag.py:3096} INFO - Sync 1 DAGs
[2026-05-09T01:26:11.078+0000] {logging_mixin.py:188} INFO - [2026-05-09T01:26:11.078+0000] {dag.py:3954} INFO - Setting next_dagrun for newyork_fhv_ingestion to None, run_after=None
[2026-05-09T01:26:11.120+0000] {processor.py:183} INFO - Processing /opt/airflow/dags/newyork_fhv_ingestion.py took 0.138 seconds
[2026-05-09T01:26:42.026+0000] {processor.py:161} INFO - Started process (PID=1883) to work on /opt/airflow/dags/newyork_fhv_ingestion.py
[2026-05-09T01:26:42.028+0000] {processor.py:830} INFO - Processing file /opt/airflow/dags/newyork_fhv_ingestion.py for tasks to queue
[2026-05-09T01:26:42.031+0000] {logging_mixin.py:188} INFO - [2026-05-09T01:26:42.031+0000] {dagbag.py:545} INFO - Filling up the DagBag from /opt/airflow/dags/newyork_fhv_ingestion.py
[2026-05-09T01:26:42.082+0000] {processor.py:840} INFO - DAG(s) 'newyork_fhv_ingestion' retrieved from /opt/airflow/dags/newyork_fhv_ingestion.py
[2026-05-09T01:26:42.113+0000] {logging_mixin.py:188} INFO - [2026-05-09T01:26:42.113+0000] {dag.py:3096} INFO - Sync 1 DAGs
[2026-05-09T01:26:42.132+0000] {logging_mixin.py:188} INFO - [2026-05-09T01:26:42.132+0000] {dag.py:3954} INFO - Setting next_dagrun for newyork_fhv_ingestion to None, run_after=None
[2026-05-09T01:26:42.162+0000] {processor.py:183} INFO - Processing /opt/airflow/dags/newyork_fhv_ingestion.py took 0.147 seconds
[2026-05-09T01:27:13.030+0000] {processor.py:161} INFO - Started process (PID=1894) to work on /opt/airflow/dags/newyork_fhv_ingestion.py
[2026-05-09T01:27:13.032+0000] {processor.py:830} INFO - Processing file /opt/airflow/dags/newyork_fhv_ingestion.py for tasks to queue
[2026-05-09T01:27:13.035+0000] {logging_mixin.py:188} INFO - [2026-05-09T01:27:13.035+0000] {dagbag.py:545} INFO - Filling up the DagBag from /opt/airflow/dags/newyork_fhv_ingestion.py
[2026-05-09T01:27:13.084+0000] {processor.py:840} INFO - DAG(s) 'newyork_fhv_ingestion' retrieved from /opt/airflow/dags/newyork_fhv_ingestion.py
[2026-05-09T01:27:13.117+0000] {logging_mixin.py:188} INFO - [2026-05-09T01:27:13.116+0000] {dag.py:3096} INFO - Sync 1 DAGs
[2026-05-09T01:27:13.137+0000] {logging_mixin.py:188} INFO - [2026-05-09T01:27:13.136+0000] {dag.py:3954} INFO - Setting next_dagrun for newyork_fhv_ingestion to None, run_after=None
[2026-05-09T01:27:13.170+0000] {processor.py:183} INFO - Processing /opt/airflow/dags/newyork_fhv_ingestion.py took 0.148 seconds
[2026-05-09T01:27:44.109+0000] {processor.py:161} INFO - Started process (PID=1905) to work on /opt/airflow/dags/newyork_fhv_ingestion.py
[2026-05-09T01:27:44.112+0000] {processor.py:830} INFO - Processing file /opt/airflow/dags/newyork_fhv_ingestion.py for tasks to queue
[2026-05-09T01:27:44.116+0000] {logging_mixin.py:188} INFO - [2026-05-09T01:27:44.116+0000] {dagbag.py:545} INFO - Filling up the DagBag from /opt/airflow/dags/newyork_fhv_ingestion.py
[2026-05-09T01:27:44.166+0000] {processor.py:840} INFO - DAG(s) 'newyork_fhv_ingestion' retrieved from /opt/airflow/dags/newyork_fhv_ingestion.py
[2026-05-09T01:27:44.205+0000] {logging_mixin.py:188} INFO - [2026-05-09T01:27:44.205+0000] {dag.py:3096} INFO - Sync 1 DAGs
[2026-05-09T01:27:44.224+0000] {logging_mixin.py:188} INFO - [2026-05-09T01:27:44.224+0000] {dag.py:3954} INFO - Setting next_dagrun for newyork_fhv_ingestion to None, run_after=None
[2026-05-09T01:27:44.253+0000] {processor.py:183} INFO - Processing /opt/airflow/dags/newyork_fhv_ingestion.py took 0.156 seconds
[2026-05-09T01:28:14.336+0000] {processor.py:161} INFO - Started process (PID=1916) to work on /opt/airflow/dags/newyork_fhv_ingestion.py
[2026-05-09T01:28:14.338+0000] {processor.py:830} INFO - Processing file /opt/airflow/dags/newyork_fhv_ingestion.py for tasks to queue
[2026-05-09T01:28:14.347+0000] {logging_mixin.py:188} INFO - [2026-05-09T01:28:14.346+0000] {dagbag.py:545} INFO - Filling up the DagBag from /opt/airflow/dags/newyork_fhv_ingestion.py
[2026-05-09T01:28:14.438+0000] {processor.py:840} INFO - DAG(s) 'newyork_fhv_ingestion' retrieved from /opt/airflow/dags/newyork_fhv_ingestion.py
[2026-05-09T01:28:14.473+0000] {logging_mixin.py:188} INFO - [2026-05-09T01:28:14.472+0000] {dag.py:3096} INFO - Sync 1 DAGs
[2026-05-09T01:28:14.494+0000] {logging_mixin.py:188} INFO - [2026-05-09T01:28:14.494+0000] {dag.py:3954} INFO - Setting next_dagrun for newyork_fhv_ingestion to None, run_after=None
[2026-05-09T01:28:14.535+0000] {processor.py:183} INFO - Processing /opt/airflow/dags/newyork_fhv_ingestion.py took 0.206 seconds
[2026-05-09T01:28:44.676+0000] {processor.py:161} INFO - Started process (PID=1927) to work on /opt/airflow/dags/newyork_fhv_ingestion.py
[2026-05-09T01:28:44.679+0000] {processor.py:830} INFO - Processing file /opt/airflow/dags/newyork_fhv_ingestion.py for tasks to queue
[2026-05-09T01:28:44.685+0000] {logging_mixin.py:188} INFO - [2026-05-09T01:28:44.684+0000] {dagbag.py:545} INFO - Filling up the DagBag from /opt/airflow/dags/newyork_fhv_ingestion.py
[2026-05-09T01:28:44.743+0000] {processor.py:840} INFO - DAG(s) 'newyork_fhv_ingestion' retrieved from /opt/airflow/dags/newyork_fhv_ingestion.py
[2026-05-09T01:28:44.775+0000] {logging_mixin.py:188} INFO - [2026-05-09T01:28:44.775+0000] {dag.py:3096} INFO - Sync 1 DAGs
[2026-05-09T01:28:44.788+0000] {logging_mixin.py:188} INFO - [2026-05-09T01:28:44.788+0000] {dag.py:3954} INFO - Setting next_dagrun for newyork_fhv_ingestion to None, run_after=None
[2026-05-09T01:28:44.817+0000] {processor.py:183} INFO - Processing /opt/airflow/dags/newyork_fhv_ingestion.py took 0.154 seconds
[2026-05-09T01:29:14.926+0000] {processor.py:161} INFO - Started process (PID=1938) to work on /opt/airflow/dags/newyork_fhv_ingestion.py
[2026-05-09T01:29:14.928+0000] {processor.py:830} INFO - Processing file /opt/airflow/dags/newyork_fhv_ingestion.py for tasks to queue
[2026-05-09T01:29:14.931+0000] {logging_mixin.py:188} INFO - [2026-05-09T01:29:14.931+0000] {dagbag.py:545} INFO - Filling up the DagBag from /opt/airflow/dags/newyork_fhv_ingestion.py
[2026-05-09T01:29:14.971+0000] {processor.py:840} INFO - DAG(s) 'newyork_fhv_ingestion' retrieved from /opt/airflow/dags/newyork_fhv_ingestion.py
[2026-05-09T01:29:15.007+0000] {logging_mixin.py:188} INFO - [2026-05-09T01:29:15.007+0000] {dag.py:3096} INFO - Sync 1 DAGs
[2026-05-09T01:29:15.032+0000] {logging_mixin.py:188} INFO - [2026-05-09T01:29:15.032+0000] {dag.py:3954} INFO - Setting next_dagrun for newyork_fhv_ingestion to None, run_after=None
[2026-05-09T01:29:15.070+0000] {processor.py:183} INFO - Processing /opt/airflow/dags/newyork_fhv_ingestion.py took 0.156 seconds
[2026-05-09T01:29:45.320+0000] {processor.py:161} INFO - Started process (PID=1950) to work on /opt/airflow/dags/newyork_fhv_ingestion.py
[2026-05-09T01:29:45.322+0000] {processor.py:830} INFO - Processing file /opt/airflow/dags/newyork_fhv_ingestion.py for tasks to queue
[2026-05-09T01:29:45.325+0000] {logging_mixin.py:188} INFO - [2026-05-09T01:29:45.325+0000] {dagbag.py:545} INFO - Filling up the DagBag from /opt/airflow/dags/newyork_fhv_ingestion.py
[2026-05-09T01:29:45.354+0000] {processor.py:840} INFO - DAG(s) 'newyork_fhv_ingestion' retrieved from /opt/airflow/dags/newyork_fhv_ingestion.py
[2026-05-09T01:29:45.381+0000] {logging_mixin.py:188} INFO - [2026-05-09T01:29:45.380+0000] {dag.py:3096} INFO - Sync 1 DAGs
[2026-05-09T01:29:45.397+0000] {logging_mixin.py:188} INFO - [2026-05-09T01:29:45.397+0000] {dag.py:3954} INFO - Setting next_dagrun for newyork_fhv_ingestion to None, run_after=None
[2026-05-09T01:29:45.433+0000] {processor.py:183} INFO - Processing /opt/airflow/dags/newyork_fhv_ingestion.py took 0.124 seconds
[2026-05-09T01:30:15.596+0000] {processor.py:161} INFO - Started process (PID=1961) to work on /opt/airflow/dags/newyork_fhv_ingestion.py
[2026-05-09T01:30:15.598+0000] {processor.py:830} INFO - Processing file /opt/airflow/dags/newyork_fhv_ingestion.py for tasks to queue
[2026-05-09T01:30:15.602+0000] {logging_mixin.py:188} INFO - [2026-05-09T01:30:15.602+0000] {dagbag.py:545} INFO - Filling up the DagBag from /opt/airflow/dags/newyork_fhv_ingestion.py
[2026-05-09T01:30:15.653+0000] {processor.py:840} INFO - DAG(s) 'newyork_fhv_ingestion' retrieved from /opt/airflow/dags/newyork_fhv_ingestion.py
[2026-05-09T01:30:15.681+0000] {logging_mixin.py:188} INFO - [2026-05-09T01:30:15.680+0000] {dag.py:3096} INFO - Sync 1 DAGs
[2026-05-09T01:30:15.695+0000] {logging_mixin.py:188} INFO - [2026-05-09T01:30:15.695+0000] {dag.py:3954} INFO - Setting next_dagrun for newyork_fhv_ingestion to None, run_after=None
[2026-05-09T01:30:15.733+0000] {processor.py:183} INFO - Processing /opt/airflow/dags/newyork_fhv_ingestion.py took 0.150 seconds
[2026-05-09T01:30:45.834+0000] {processor.py:161} INFO - Started process (PID=1972) to work on /opt/airflow/dags/newyork_fhv_ingestion.py
[2026-05-09T01:30:45.836+0000] {processor.py:830} INFO - Processing file /opt/airflow/dags/newyork_fhv_ingestion.py for tasks to queue
[2026-05-09T01:30:45.840+0000] {logging_mixin.py:188} INFO - [2026-05-09T01:30:45.840+0000] {dagbag.py:545} INFO - Filling up the DagBag from /opt/airflow/dags/newyork_fhv_ingestion.py
[2026-05-09T01:30:45.881+0000] {processor.py:840} INFO - DAG(s) 'newyork_fhv_ingestion' retrieved from /opt/airflow/dags/newyork_fhv_ingestion.py
[2026-05-09T01:30:45.910+0000] {logging_mixin.py:188} INFO - [2026-05-09T01:30:45.910+0000] {dag.py:3096} INFO - Sync 1 DAGs
[2026-05-09T01:30:45.928+0000] {logging_mixin.py:188} INFO - [2026-05-09T01:30:45.927+0000] {dag.py:3954} INFO - Setting next_dagrun for newyork_fhv_ingestion to None, run_after=None
[2026-05-09T01:30:45.954+0000] {processor.py:183} INFO - Processing /opt/airflow/dags/newyork_fhv_ingestion.py took 0.127 seconds
[2026-05-09T01:31:16.722+0000] {processor.py:161} INFO - Started process (PID=1983) to work on /opt/airflow/dags/newyork_fhv_ingestion.py
[2026-05-09T01:31:16.731+0000] {processor.py:830} INFO - Processing file /opt/airflow/dags/newyork_fhv_ingestion.py for tasks to queue
[2026-05-09T01:31:16.740+0000] {logging_mixin.py:188} INFO - [2026-05-09T01:31:16.739+0000] {dagbag.py:545} INFO - Filling up the DagBag from /opt/airflow/dags/newyork_fhv_ingestion.py
[2026-05-09T01:31:16.971+0000] {processor.py:840} INFO - DAG(s) 'newyork_fhv_ingestion' retrieved from /opt/airflow/dags/newyork_fhv_ingestion.py
[2026-05-09T01:31:17.003+0000] {logging_mixin.py:188} INFO - [2026-05-09T01:31:17.003+0000] {dag.py:3096} INFO - Sync 1 DAGs
[2026-05-09T01:31:17.028+0000] {logging_mixin.py:188} INFO - [2026-05-09T01:31:17.027+0000] {dag.py:3954} INFO - Setting next_dagrun for newyork_fhv_ingestion to None, run_after=None
[2026-05-09T01:31:17.074+0000] {processor.py:183} INFO - Processing /opt/airflow/dags/newyork_fhv_ingestion.py took 0.366 seconds
[2026-05-09T01:31:47.997+0000] {processor.py:161} INFO - Started process (PID=1994) to work on /opt/airflow/dags/newyork_fhv_ingestion.py
[2026-05-09T01:31:48.000+0000] {processor.py:830} INFO - Processing file /opt/airflow/dags/newyork_fhv_ingestion.py for tasks to queue
[2026-05-09T01:31:48.004+0000] {logging_mixin.py:188} INFO - [2026-05-09T01:31:48.004+0000] {dagbag.py:545} INFO - Filling up the DagBag from /opt/airflow/dags/newyork_fhv_ingestion.py
[2026-05-09T01:31:48.049+0000] {processor.py:840} INFO - DAG(s) 'newyork_fhv_ingestion' retrieved from /opt/airflow/dags/newyork_fhv_ingestion.py
[2026-05-09T01:31:48.085+0000] {logging_mixin.py:188} INFO - [2026-05-09T01:31:48.085+0000] {dag.py:3096} INFO - Sync 1 DAGs
[2026-05-09T01:31:48.104+0000] {logging_mixin.py:188} INFO - [2026-05-09T01:31:48.104+0000] {dag.py:3954} INFO - Setting next_dagrun for newyork_fhv_ingestion to None, run_after=None
[2026-05-09T01:31:48.136+0000] {processor.py:183} INFO - Processing /opt/airflow/dags/newyork_fhv_ingestion.py took 0.150 seconds
[2026-05-09T01:32:18.840+0000] {processor.py:161} INFO - Started process (PID=2005) to work on /opt/airflow/dags/newyork_fhv_ingestion.py
[2026-05-09T01:32:18.842+0000] {processor.py:830} INFO - Processing file /opt/airflow/dags/newyork_fhv_ingestion.py for tasks to queue
[2026-05-09T01:32:18.846+0000] {logging_mixin.py:188} INFO - [2026-05-09T01:32:18.845+0000] {dagbag.py:545} INFO - Filling up the DagBag from /opt/airflow/dags/newyork_fhv_ingestion.py
[2026-05-09T01:32:18.882+0000] {processor.py:840} INFO - DAG(s) 'newyork_fhv_ingestion' retrieved from /opt/airflow/dags/newyork_fhv_ingestion.py
[2026-05-09T01:32:18.911+0000] {logging_mixin.py:188} INFO - [2026-05-09T01:32:18.911+0000] {dag.py:3096} INFO - Sync 1 DAGs
[2026-05-09T01:32:18.928+0000] {logging_mixin.py:188} INFO - [2026-05-09T01:32:18.928+0000] {dag.py:3954} INFO - Setting next_dagrun for newyork_fhv_ingestion to None, run_after=None
[2026-05-09T01:32:18.968+0000] {processor.py:183} INFO - Processing /opt/airflow/dags/newyork_fhv_ingestion.py took 0.140 seconds
[2026-05-09T01:32:49.821+0000] {processor.py:161} INFO - Started process (PID=2016) to work on /opt/airflow/dags/newyork_fhv_ingestion.py
[2026-05-09T01:32:49.823+0000] {processor.py:830} INFO - Processing file /opt/airflow/dags/newyork_fhv_ingestion.py for tasks to queue
[2026-05-09T01:32:49.828+0000] {logging_mixin.py:188} INFO - [2026-05-09T01:32:49.827+0000] {dagbag.py:545} INFO - Filling up the DagBag from /opt/airflow/dags/newyork_fhv_ingestion.py
[2026-05-09T01:32:49.863+0000] {processor.py:840} INFO - DAG(s) 'newyork_fhv_ingestion' retrieved from /opt/airflow/dags/newyork_fhv_ingestion.py
[2026-05-09T01:32:49.886+0000] {logging_mixin.py:188} INFO - [2026-05-09T01:32:49.886+0000] {dag.py:3096} INFO - Sync 1 DAGs
[2026-05-09T01:32:49.901+0000] {logging_mixin.py:188} INFO - [2026-05-09T01:32:49.901+0000] {dag.py:3954} INFO - Setting next_dagrun for newyork_fhv_ingestion to None, run_after=None
[2026-05-09T01:32:49.928+0000] {processor.py:183} INFO - Processing /opt/airflow/dags/newyork_fhv_ingestion.py took 0.120 seconds
[2026-05-09T01:33:20.791+0000] {processor.py:161} INFO - Started process (PID=2027) to work on /opt/airflow/dags/newyork_fhv_ingestion.py
[2026-05-09T01:33:20.793+0000] {processor.py:830} INFO - Processing file /opt/airflow/dags/newyork_fhv_ingestion.py for tasks to queue
[2026-05-09T01:33:20.797+0000] {logging_mixin.py:188} INFO - [2026-05-09T01:33:20.796+0000] {dagbag.py:545} INFO - Filling up the DagBag from /opt/airflow/dags/newyork_fhv_ingestion.py
[2026-05-09T01:33:20.848+0000] {processor.py:840} INFO - DAG(s) 'newyork_fhv_ingestion' retrieved from /opt/airflow/dags/newyork_fhv_ingestion.py
[2026-05-09T01:33:20.878+0000] {logging_mixin.py:188} INFO - [2026-05-09T01:33:20.878+0000] {dag.py:3096} INFO - Sync 1 DAGs
[2026-05-09T01:33:20.894+0000] {logging_mixin.py:188} INFO - [2026-05-09T01:33:20.894+0000] {dag.py:3954} INFO - Setting next_dagrun for newyork_fhv_ingestion to None, run_after=None
[2026-05-09T01:33:20.922+0000] {processor.py:183} INFO - Processing /opt/airflow/dags/newyork_fhv_ingestion.py took 0.141 seconds
[2026-05-09T01:33:51.674+0000] {processor.py:161} INFO - Started process (PID=2038) to work on /opt/airflow/dags/newyork_fhv_ingestion.py
[2026-05-09T01:33:51.676+0000] {processor.py:830} INFO - Processing file /opt/airflow/dags/newyork_fhv_ingestion.py for tasks to queue
[2026-05-09T01:33:51.679+0000] {logging_mixin.py:188} INFO - [2026-05-09T01:33:51.678+0000] {dagbag.py:545} INFO - Filling up the DagBag from /opt/airflow/dags/newyork_fhv_ingestion.py
[2026-05-09T01:33:51.718+0000] {processor.py:840} INFO - DAG(s) 'newyork_fhv_ingestion' retrieved from /opt/airflow/dags/newyork_fhv_ingestion.py
[2026-05-09T01:33:51.748+0000] {logging_mixin.py:188} INFO - [2026-05-09T01:33:51.748+0000] {dag.py:3096} INFO - Sync 1 DAGs
[2026-05-09T01:33:51.764+0000] {logging_mixin.py:188} INFO - [2026-05-09T01:33:51.763+0000] {dag.py:3954} INFO - Setting next_dagrun for newyork_fhv_ingestion to None, run_after=None
[2026-05-09T01:33:51.787+0000] {processor.py:183} INFO - Processing /opt/airflow/dags/newyork_fhv_ingestion.py took 0.123 seconds
[2026-05-09T01:34:22.012+0000] {processor.py:161} INFO - Started process (PID=2049) to work on /opt/airflow/dags/newyork_fhv_ingestion.py
[2026-05-09T01:34:22.014+0000] {processor.py:830} INFO - Processing file /opt/airflow/dags/newyork_fhv_ingestion.py for tasks to queue
[2026-05-09T01:34:22.016+0000] {logging_mixin.py:188} INFO - [2026-05-09T01:34:22.016+0000] {dagbag.py:545} INFO - Filling up the DagBag from /opt/airflow/dags/newyork_fhv_ingestion.py
[2026-05-09T01:34:22.037+0000] {processor.py:840} INFO - DAG(s) 'newyork_fhv_ingestion' retrieved from /opt/airflow/dags/newyork_fhv_ingestion.py
[2026-05-09T01:34:22.059+0000] {logging_mixin.py:188} INFO - [2026-05-09T01:34:22.059+0000] {dag.py:3096} INFO - Sync 1 DAGs
[2026-05-09T01:34:22.077+0000] {logging_mixin.py:188} INFO - [2026-05-09T01:34:22.077+0000] {dag.py:3954} INFO - Setting next_dagrun for newyork_fhv_ingestion to None, run_after=None
[2026-05-09T01:34:22.104+0000] {processor.py:183} INFO - Processing /opt/airflow/dags/newyork_fhv_ingestion.py took 0.097 seconds
[2026-05-09T01:34:52.977+0000] {processor.py:161} INFO - Started process (PID=2060) to work on /opt/airflow/dags/newyork_fhv_ingestion.py
[2026-05-09T01:34:52.979+0000] {processor.py:830} INFO - Processing file /opt/airflow/dags/newyork_fhv_ingestion.py for tasks to queue
[2026-05-09T01:34:52.983+0000] {logging_mixin.py:188} INFO - [2026-05-09T01:34:52.982+0000] {dagbag.py:545} INFO - Filling up the DagBag from /opt/airflow/dags/newyork_fhv_ingestion.py
[2026-05-09T01:34:53.055+0000] {processor.py:840} INFO - DAG(s) 'newyork_fhv_ingestion' retrieved from /opt/airflow/dags/newyork_fhv_ingestion.py
[2026-05-09T01:34:53.093+0000] {logging_mixin.py:188} INFO - [2026-05-09T01:34:53.092+0000] {dag.py:3096} INFO - Sync 1 DAGs
[2026-05-09T01:34:53.108+0000] {logging_mixin.py:188} INFO - [2026-05-09T01:34:53.108+0000] {dag.py:3954} INFO - Setting next_dagrun for newyork_fhv_ingestion to None, run_after=None
[2026-05-09T01:34:53.138+0000] {processor.py:183} INFO - Processing /opt/airflow/dags/newyork_fhv_ingestion.py took 0.173 seconds
[2026-05-09T01:35:24.026+0000] {processor.py:161} INFO - Started process (PID=2072) to work on /opt/airflow/dags/newyork_fhv_ingestion.py
[2026-05-09T01:35:24.029+0000] {processor.py:830} INFO - Processing file /opt/airflow/dags/newyork_fhv_ingestion.py for tasks to queue
[2026-05-09T01:35:24.034+0000] {logging_mixin.py:188} INFO - [2026-05-09T01:35:24.034+0000] {dagbag.py:545} INFO - Filling up the DagBag from /opt/airflow/dags/newyork_fhv_ingestion.py
[2026-05-09T01:35:24.065+0000] {processor.py:840} INFO - DAG(s) 'newyork_fhv_ingestion' retrieved from /opt/airflow/dags/newyork_fhv_ingestion.py
[2026-05-09T01:35:24.100+0000] {logging_mixin.py:188} INFO - [2026-05-09T01:35:24.100+0000] {dag.py:3096} INFO - Sync 1 DAGs
[2026-05-09T01:35:24.117+0000] {logging_mixin.py:188} INFO - [2026-05-09T01:35:24.117+0000] {dag.py:3954} INFO - Setting next_dagrun for newyork_fhv_ingestion to None, run_after=None
[2026-05-09T01:35:24.150+0000] {processor.py:183} INFO - Processing /opt/airflow/dags/newyork_fhv_ingestion.py took 0.135 seconds
[2026-05-09T01:35:55.142+0000] {processor.py:161} INFO - Started process (PID=2083) to work on /opt/airflow/dags/newyork_fhv_ingestion.py
[2026-05-09T01:35:55.144+0000] {processor.py:830} INFO - Processing file /opt/airflow/dags/newyork_fhv_ingestion.py for tasks to queue
[2026-05-09T01:35:55.148+0000] {logging_mixin.py:188} INFO - [2026-05-09T01:35:55.147+0000] {dagbag.py:545} INFO - Filling up the DagBag from /opt/airflow/dags/newyork_fhv_ingestion.py
[2026-05-09T01:35:55.181+0000] {processor.py:840} INFO - DAG(s) 'newyork_fhv_ingestion' retrieved from /opt/airflow/dags/newyork_fhv_ingestion.py
[2026-05-09T01:35:55.209+0000] {logging_mixin.py:188} INFO - [2026-05-09T01:35:55.208+0000] {dag.py:3096} INFO - Sync 1 DAGs
[2026-05-09T01:35:55.226+0000] {logging_mixin.py:188} INFO - [2026-05-09T01:35:55.226+0000] {dag.py:3954} INFO - Setting next_dagrun for newyork_fhv_ingestion to None, run_after=None
[2026-05-09T01:35:55.261+0000] {processor.py:183} INFO - Processing /opt/airflow/dags/newyork_fhv_ingestion.py took 0.130 seconds
[2026-05-09T01:36:26.036+0000] {processor.py:161} INFO - Started process (PID=2094) to work on /opt/airflow/dags/newyork_fhv_ingestion.py
[2026-05-09T01:36:26.037+0000] {processor.py:830} INFO - Processing file /opt/airflow/dags/newyork_fhv_ingestion.py for tasks to queue
[2026-05-09T01:36:26.042+0000] {logging_mixin.py:188} INFO - [2026-05-09T01:36:26.041+0000] {dagbag.py:545} INFO - Filling up the DagBag from /opt/airflow/dags/newyork_fhv_ingestion.py
[2026-05-09T01:36:26.093+0000] {processor.py:840} INFO - DAG(s) 'newyork_fhv_ingestion' retrieved from /opt/airflow/dags/newyork_fhv_ingestion.py
[2026-05-09T01:36:26.138+0000] {logging_mixin.py:188} INFO - [2026-05-09T01:36:26.137+0000] {dag.py:3096} INFO - Sync 1 DAGs
[2026-05-09T01:36:26.156+0000] {logging_mixin.py:188} INFO - [2026-05-09T01:36:26.156+0000] {dag.py:3954} INFO - Setting next_dagrun for newyork_fhv_ingestion to None, run_after=None
[2026-05-09T01:36:26.187+0000] {processor.py:183} INFO - Processing /opt/airflow/dags/newyork_fhv_ingestion.py took 0.158 seconds
[2026-05-09T01:36:57.071+0000] {processor.py:161} INFO - Started process (PID=2105) to work on /opt/airflow/dags/newyork_fhv_ingestion.py
[2026-05-09T01:36:57.073+0000] {processor.py:830} INFO - Processing file /opt/airflow/dags/newyork_fhv_ingestion.py for tasks to queue
[2026-05-09T01:36:57.077+0000] {logging_mixin.py:188} INFO - [2026-05-09T01:36:57.076+0000] {dagbag.py:545} INFO - Filling up the DagBag from /opt/airflow/dags/newyork_fhv_ingestion.py
[2026-05-09T01:36:57.136+0000] {processor.py:840} INFO - DAG(s) 'newyork_fhv_ingestion' retrieved from /opt/airflow/dags/newyork_fhv_ingestion.py
[2026-05-09T01:36:57.170+0000] {logging_mixin.py:188} INFO - [2026-05-09T01:36:57.170+0000] {dag.py:3096} INFO - Sync 1 DAGs
[2026-05-09T01:36:57.186+0000] {logging_mixin.py:188} INFO - [2026-05-09T01:36:57.186+0000] {dag.py:3954} INFO - Setting next_dagrun for newyork_fhv_ingestion to None, run_after=None
[2026-05-09T01:36:57.225+0000] {processor.py:183} INFO - Processing /opt/airflow/dags/newyork_fhv_ingestion.py took 0.165 seconds
[2026-05-09T01:37:28.042+0000] {processor.py:161} INFO - Started process (PID=2116) to work on /opt/airflow/dags/newyork_fhv_ingestion.py
[2026-05-09T01:37:28.044+0000] {processor.py:830} INFO - Processing file /opt/airflow/dags/newyork_fhv_ingestion.py for tasks to queue
[2026-05-09T01:37:28.048+0000] {logging_mixin.py:188} INFO - [2026-05-09T01:37:28.047+0000] {dagbag.py:545} INFO - Filling up the DagBag from /opt/airflow/dags/newyork_fhv_ingestion.py
[2026-05-09T01:37:28.089+0000] {processor.py:840} INFO - DAG(s) 'newyork_fhv_ingestion' retrieved from /opt/airflow/dags/newyork_fhv_ingestion.py
[2026-05-09T01:37:28.114+0000] {logging_mixin.py:188} INFO - [2026-05-09T01:37:28.114+0000] {dag.py:3096} INFO - Sync 1 DAGs
[2026-05-09T01:37:28.132+0000] {logging_mixin.py:188} INFO - [2026-05-09T01:37:28.131+0000] {dag.py:3954} INFO - Setting next_dagrun for newyork_fhv_ingestion to None, run_after=None
[2026-05-09T01:37:28.168+0000] {processor.py:183} INFO - Processing /opt/airflow/dags/newyork_fhv_ingestion.py took 0.137 seconds
[2026-05-09T01:37:59.084+0000] {processor.py:161} INFO - Started process (PID=2127) to work on /opt/airflow/dags/newyork_fhv_ingestion.py
[2026-05-09T01:37:59.086+0000] {processor.py:830} INFO - Processing file /opt/airflow/dags/newyork_fhv_ingestion.py for tasks to queue
[2026-05-09T01:37:59.090+0000] {logging_mixin.py:188} INFO - [2026-05-09T01:37:59.089+0000] {dagbag.py:545} INFO - Filling up the DagBag from /opt/airflow/dags/newyork_fhv_ingestion.py
[2026-05-09T01:37:59.118+0000] {processor.py:840} INFO - DAG(s) 'newyork_fhv_ingestion' retrieved from /opt/airflow/dags/newyork_fhv_ingestion.py
[2026-05-09T01:37:59.153+0000] {logging_mixin.py:188} INFO - [2026-05-09T01:37:59.152+0000] {dag.py:3096} INFO - Sync 1 DAGs
[2026-05-09T01:37:59.171+0000] {logging_mixin.py:188} INFO - [2026-05-09T01:37:59.170+0000] {dag.py:3954} INFO - Setting next_dagrun for newyork_fhv_ingestion to None, run_after=None
[2026-05-09T01:37:59.208+0000] {processor.py:183} INFO - Processing /opt/airflow/dags/newyork_fhv_ingestion.py took 0.135 seconds
[2026-05-09T01:38:29.554+0000] {processor.py:161} INFO - Started process (PID=2138) to work on /opt/airflow/dags/newyork_fhv_ingestion.py
[2026-05-09T01:38:29.555+0000] {processor.py:830} INFO - Processing file /opt/airflow/dags/newyork_fhv_ingestion.py for tasks to queue
[2026-05-09T01:38:29.558+0000] {logging_mixin.py:188} INFO - [2026-05-09T01:38:29.558+0000] {dagbag.py:545} INFO - Filling up the DagBag from /opt/airflow/dags/newyork_fhv_ingestion.py
[2026-05-09T01:38:29.584+0000] {processor.py:840} INFO - DAG(s) 'newyork_fhv_ingestion' retrieved from /opt/airflow/dags/newyork_fhv_ingestion.py
[2026-05-09T01:38:29.608+0000] {logging_mixin.py:188} INFO - [2026-05-09T01:38:29.608+0000] {dag.py:3096} INFO - Sync 1 DAGs
[2026-05-09T01:38:29.625+0000] {logging_mixin.py:188} INFO - [2026-05-09T01:38:29.625+0000] {dag.py:3954} INFO - Setting next_dagrun for newyork_fhv_ingestion to None, run_after=None
[2026-05-09T01:38:29.875+0000] {processor.py:183} INFO - Processing /opt/airflow/dags/newyork_fhv_ingestion.py took 0.328 seconds
[2026-05-09T01:39:00.047+0000] {processor.py:161} INFO - Started process (PID=2149) to work on /opt/airflow/dags/newyork_fhv_ingestion.py
[2026-05-09T01:39:00.049+0000] {processor.py:830} INFO - Processing file /opt/airflow/dags/newyork_fhv_ingestion.py for tasks to queue
[2026-05-09T01:39:00.052+0000] {logging_mixin.py:188} INFO - [2026-05-09T01:39:00.051+0000] {dagbag.py:545} INFO - Filling up the DagBag from /opt/airflow/dags/newyork_fhv_ingestion.py
[2026-05-09T01:39:00.090+0000] {processor.py:840} INFO - DAG(s) 'newyork_fhv_ingestion' retrieved from /opt/airflow/dags/newyork_fhv_ingestion.py
[2026-05-09T01:39:00.115+0000] {logging_mixin.py:188} INFO - [2026-05-09T01:39:00.115+0000] {dag.py:3096} INFO - Sync 1 DAGs
[2026-05-09T01:39:00.128+0000] {logging_mixin.py:188} INFO - [2026-05-09T01:39:00.128+0000] {dag.py:3954} INFO - Setting next_dagrun for newyork_fhv_ingestion to None, run_after=None
[2026-05-09T01:39:00.156+0000] {processor.py:183} INFO - Processing /opt/airflow/dags/newyork_fhv_ingestion.py took 0.117 seconds
[2026-05-09T01:39:30.305+0000] {processor.py:161} INFO - Started process (PID=2160) to work on /opt/airflow/dags/newyork_fhv_ingestion.py
[2026-05-09T01:39:30.308+0000] {processor.py:830} INFO - Processing file /opt/airflow/dags/newyork_fhv_ingestion.py for tasks to queue
[2026-05-09T01:39:30.311+0000] {logging_mixin.py:188} INFO - [2026-05-09T01:39:30.311+0000] {dagbag.py:545} INFO - Filling up the DagBag from /opt/airflow/dags/newyork_fhv_ingestion.py
[2026-05-09T01:39:30.348+0000] {processor.py:840} INFO - DAG(s) 'newyork_fhv_ingestion' retrieved from /opt/airflow/dags/newyork_fhv_ingestion.py
[2026-05-09T01:39:30.383+0000] {logging_mixin.py:188} INFO - [2026-05-09T01:39:30.382+0000] {dag.py:3096} INFO - Sync 1 DAGs
[2026-05-09T01:39:30.402+0000] {logging_mixin.py:188} INFO - [2026-05-09T01:39:30.402+0000] {dag.py:3954} INFO - Setting next_dagrun for newyork_fhv_ingestion to None, run_after=None
[2026-05-09T01:39:30.439+0000] {processor.py:183} INFO - Processing /opt/airflow/dags/newyork_fhv_ingestion.py took 0.147 seconds
[2026-05-09T01:40:00.978+0000] {processor.py:161} INFO - Started process (PID=2171) to work on /opt/airflow/dags/newyork_fhv_ingestion.py
[2026-05-09T01:40:00.981+0000] {processor.py:830} INFO - Processing file /opt/airflow/dags/newyork_fhv_ingestion.py for tasks to queue
[2026-05-09T01:40:00.985+0000] {logging_mixin.py:188} INFO - [2026-05-09T01:40:00.984+0000] {dagbag.py:545} INFO - Filling up the DagBag from /opt/airflow/dags/newyork_fhv_ingestion.py
[2026-05-09T01:40:01.033+0000] {processor.py:840} INFO - DAG(s) 'newyork_fhv_ingestion' retrieved from /opt/airflow/dags/newyork_fhv_ingestion.py
[2026-05-09T01:40:01.070+0000] {logging_mixin.py:188} INFO - [2026-05-09T01:40:01.069+0000] {dag.py:3096} INFO - Sync 1 DAGs
[2026-05-09T01:40:01.337+0000] {logging_mixin.py:188} INFO - [2026-05-09T01:40:01.337+0000] {dag.py:3954} INFO - Setting next_dagrun for newyork_fhv_ingestion to None, run_after=None
[2026-05-09T01:40:01.370+0000] {processor.py:183} INFO - Processing /opt/airflow/dags/newyork_fhv_ingestion.py took 0.402 seconds
[2026-05-09T01:40:32.188+0000] {processor.py:161} INFO - Started process (PID=2182) to work on /opt/airflow/dags/newyork_fhv_ingestion.py
[2026-05-09T01:40:32.191+0000] {processor.py:830} INFO - Processing file /opt/airflow/dags/newyork_fhv_ingestion.py for tasks to queue
[2026-05-09T01:40:32.194+0000] {logging_mixin.py:188} INFO - [2026-05-09T01:40:32.194+0000] {dagbag.py:545} INFO - Filling up the DagBag from /opt/airflow/dags/newyork_fhv_ingestion.py
[2026-05-09T01:40:32.244+0000] {processor.py:840} INFO - DAG(s) 'newyork_fhv_ingestion' retrieved from /opt/airflow/dags/newyork_fhv_ingestion.py
[2026-05-09T01:40:32.281+0000] {logging_mixin.py:188} INFO - [2026-05-09T01:40:32.280+0000] {dag.py:3096} INFO - Sync 1 DAGs
[2026-05-09T01:40:32.295+0000] {logging_mixin.py:188} INFO - [2026-05-09T01:40:32.295+0000] {dag.py:3954} INFO - Setting next_dagrun for newyork_fhv_ingestion to None, run_after=None
[2026-05-09T01:40:32.323+0000] {processor.py:183} INFO - Processing /opt/airflow/dags/newyork_fhv_ingestion.py took 0.146 seconds
[2026-05-09T01:41:03.407+0000] {processor.py:161} INFO - Started process (PID=2193) to work on /opt/airflow/dags/newyork_fhv_ingestion.py
[2026-05-09T01:41:03.410+0000] {processor.py:830} INFO - Processing file /opt/airflow/dags/newyork_fhv_ingestion.py for tasks to queue
[2026-05-09T01:41:03.415+0000] {logging_mixin.py:188} INFO - [2026-05-09T01:41:03.414+0000] {dagbag.py:545} INFO - Filling up the DagBag from /opt/airflow/dags/newyork_fhv_ingestion.py
[2026-05-09T01:41:03.454+0000] {processor.py:840} INFO - DAG(s) 'newyork_fhv_ingestion' retrieved from /opt/airflow/dags/newyork_fhv_ingestion.py
[2026-05-09T01:41:03.488+0000] {logging_mixin.py:188} INFO - [2026-05-09T01:41:03.487+0000] {dag.py:3096} INFO - Sync 1 DAGs
[2026-05-09T01:41:03.508+0000] {logging_mixin.py:188} INFO - [2026-05-09T01:41:03.508+0000] {dag.py:3954} INFO - Setting next_dagrun for newyork_fhv_ingestion to None, run_after=None
[2026-05-09T01:41:03.546+0000] {processor.py:183} INFO - Processing /opt/airflow/dags/newyork_fhv_ingestion.py took 0.150 seconds
[2026-05-09T01:41:33.831+0000] {processor.py:161} INFO - Started process (PID=2204) to work on /opt/airflow/dags/newyork_fhv_ingestion.py
[2026-05-09T01:41:33.835+0000] {processor.py:830} INFO - Processing file /opt/airflow/dags/newyork_fhv_ingestion.py for tasks to queue
[2026-05-09T01:41:33.841+0000] {logging_mixin.py:188} INFO - [2026-05-09T01:41:33.840+0000] {dagbag.py:545} INFO - Filling up the DagBag from /opt/airflow/dags/newyork_fhv_ingestion.py
[2026-05-09T01:41:33.891+0000] {processor.py:840} INFO - DAG(s) 'newyork_fhv_ingestion' retrieved from /opt/airflow/dags/newyork_fhv_ingestion.py
[2026-05-09T01:41:33.922+0000] {logging_mixin.py:188} INFO - [2026-05-09T01:41:33.921+0000] {dag.py:3096} INFO - Sync 1 DAGs
[2026-05-09T01:41:34.124+0000] {logging_mixin.py:188} INFO - [2026-05-09T01:41:34.123+0000] {dag.py:3954} INFO - Setting next_dagrun for newyork_fhv_ingestion to None, run_after=None
[2026-05-09T01:41:34.153+0000] {processor.py:183} INFO - Processing /opt/airflow/dags/newyork_fhv_ingestion.py took 0.338 seconds
[2026-05-09T01:42:05.093+0000] {processor.py:161} INFO - Started process (PID=2215) to work on /opt/airflow/dags/newyork_fhv_ingestion.py
[2026-05-09T01:42:05.095+0000] {processor.py:830} INFO - Processing file /opt/airflow/dags/newyork_fhv_ingestion.py for tasks to queue
[2026-05-09T01:42:05.098+0000] {logging_mixin.py:188} INFO - [2026-05-09T01:42:05.097+0000] {dagbag.py:545} INFO - Filling up the DagBag from /opt/airflow/dags/newyork_fhv_ingestion.py
[2026-05-09T01:42:05.136+0000] {processor.py:840} INFO - DAG(s) 'newyork_fhv_ingestion' retrieved from /opt/airflow/dags/newyork_fhv_ingestion.py
[2026-05-09T01:42:05.161+0000] {logging_mixin.py:188} INFO - [2026-05-09T01:42:05.161+0000] {dag.py:3096} INFO - Sync 1 DAGs
[2026-05-09T01:42:05.177+0000] {logging_mixin.py:188} INFO - [2026-05-09T01:42:05.177+0000] {dag.py:3954} INFO - Setting next_dagrun for newyork_fhv_ingestion to None, run_after=None
[2026-05-09T01:42:05.210+0000] {processor.py:183} INFO - Processing /opt/airflow/dags/newyork_fhv_ingestion.py took 0.126 seconds
[2026-05-09T01:42:35.919+0000] {processor.py:161} INFO - Started process (PID=2232) to work on /opt/airflow/dags/newyork_fhv_ingestion.py
[2026-05-09T01:42:35.921+0000] {processor.py:830} INFO - Processing file /opt/airflow/dags/newyork_fhv_ingestion.py for tasks to queue
[2026-05-09T01:42:35.923+0000] {logging_mixin.py:188} INFO - [2026-05-09T01:42:35.923+0000] {dagbag.py:545} INFO - Filling up the DagBag from /opt/airflow/dags/newyork_fhv_ingestion.py
[2026-05-09T01:42:35.968+0000] {processor.py:840} INFO - DAG(s) 'newyork_fhv_ingestion' retrieved from /opt/airflow/dags/newyork_fhv_ingestion.py
[2026-05-09T01:42:35.992+0000] {logging_mixin.py:188} INFO - [2026-05-09T01:42:35.992+0000] {dag.py:3096} INFO - Sync 1 DAGs
[2026-05-09T01:42:36.006+0000] {logging_mixin.py:188} INFO - [2026-05-09T01:42:36.006+0000] {dag.py:3954} INFO - Setting next_dagrun for newyork_fhv_ingestion to None, run_after=None
[2026-05-09T01:42:36.033+0000] {processor.py:183} INFO - Processing /opt/airflow/dags/newyork_fhv_ingestion.py took 0.121 seconds
[2026-05-09T01:43:06.145+0000] {processor.py:161} INFO - Started process (PID=2243) to work on /opt/airflow/dags/newyork_fhv_ingestion.py
[2026-05-09T01:43:06.147+0000] {processor.py:830} INFO - Processing file /opt/airflow/dags/newyork_fhv_ingestion.py for tasks to queue
[2026-05-09T01:43:06.150+0000] {logging_mixin.py:188} INFO - [2026-05-09T01:43:06.149+0000] {dagbag.py:545} INFO - Filling up the DagBag from /opt/airflow/dags/newyork_fhv_ingestion.py
[2026-05-09T01:43:06.186+0000] {processor.py:840} INFO - DAG(s) 'newyork_fhv_ingestion' retrieved from /opt/airflow/dags/newyork_fhv_ingestion.py
[2026-05-09T01:43:06.218+0000] {logging_mixin.py:188} INFO - [2026-05-09T01:43:06.218+0000] {dag.py:3096} INFO - Sync 1 DAGs
[2026-05-09T01:43:06.389+0000] {logging_mixin.py:188} INFO - [2026-05-09T01:43:06.388+0000] {dag.py:3954} INFO - Setting next_dagrun for newyork_fhv_ingestion to None, run_after=None
[2026-05-09T01:43:06.415+0000] {processor.py:183} INFO - Processing /opt/airflow/dags/newyork_fhv_ingestion.py took 0.278 seconds
[2026-05-09T01:43:37.372+0000] {processor.py:161} INFO - Started process (PID=2254) to work on /opt/airflow/dags/newyork_fhv_ingestion.py
[2026-05-09T01:43:37.375+0000] {processor.py:830} INFO - Processing file /opt/airflow/dags/newyork_fhv_ingestion.py for tasks to queue
[2026-05-09T01:43:37.381+0000] {logging_mixin.py:188} INFO - [2026-05-09T01:43:37.381+0000] {dagbag.py:545} INFO - Filling up the DagBag from /opt/airflow/dags/newyork_fhv_ingestion.py
[2026-05-09T01:43:37.448+0000] {processor.py:840} INFO - DAG(s) 'newyork_fhv_ingestion' retrieved from /opt/airflow/dags/newyork_fhv_ingestion.py
[2026-05-09T01:43:37.489+0000] {logging_mixin.py:188} INFO - [2026-05-09T01:43:37.489+0000] {dag.py:3096} INFO - Sync 1 DAGs
[2026-05-09T01:43:37.517+0000] {logging_mixin.py:188} INFO - [2026-05-09T01:43:37.516+0000] {dag.py:3954} INFO - Setting next_dagrun for newyork_fhv_ingestion to None, run_after=None
[2026-05-09T01:43:37.559+0000] {processor.py:183} INFO - Processing /opt/airflow/dags/newyork_fhv_ingestion.py took 0.200 seconds
[2026-05-09T01:44:07.754+0000] {processor.py:161} INFO - Started process (PID=2265) to work on /opt/airflow/dags/newyork_fhv_ingestion.py
[2026-05-09T01:44:07.757+0000] {processor.py:830} INFO - Processing file /opt/airflow/dags/newyork_fhv_ingestion.py for tasks to queue
[2026-05-09T01:44:07.762+0000] {logging_mixin.py:188} INFO - [2026-05-09T01:44:07.762+0000] {dagbag.py:545} INFO - Filling up the DagBag from /opt/airflow/dags/newyork_fhv_ingestion.py
[2026-05-09T01:44:07.805+0000] {processor.py:840} INFO - DAG(s) 'newyork_fhv_ingestion' retrieved from /opt/airflow/dags/newyork_fhv_ingestion.py
[2026-05-09T01:44:07.832+0000] {logging_mixin.py:188} INFO - [2026-05-09T01:44:07.832+0000] {dag.py:3096} INFO - Sync 1 DAGs
[2026-05-09T01:44:07.852+0000] {logging_mixin.py:188} INFO - [2026-05-09T01:44:07.852+0000] {dag.py:3954} INFO - Setting next_dagrun for newyork_fhv_ingestion to None, run_after=None
[2026-05-09T01:44:07.891+0000] {processor.py:183} INFO - Processing /opt/airflow/dags/newyork_fhv_ingestion.py took 0.148 seconds
[2026-05-09T01:44:38.611+0000] {processor.py:161} INFO - Started process (PID=2276) to work on /opt/airflow/dags/newyork_fhv_ingestion.py
[2026-05-09T01:44:38.613+0000] {processor.py:830} INFO - Processing file /opt/airflow/dags/newyork_fhv_ingestion.py for tasks to queue
[2026-05-09T01:44:38.619+0000] {logging_mixin.py:188} INFO - [2026-05-09T01:44:38.619+0000] {dagbag.py:545} INFO - Filling up the DagBag from /opt/airflow/dags/newyork_fhv_ingestion.py
[2026-05-09T01:44:38.673+0000] {processor.py:840} INFO - DAG(s) 'newyork_fhv_ingestion' retrieved from /opt/airflow/dags/newyork_fhv_ingestion.py
[2026-05-09T01:44:38.702+0000] {logging_mixin.py:188} INFO - [2026-05-09T01:44:38.702+0000] {dag.py:3096} INFO - Sync 1 DAGs
[2026-05-09T01:44:38.717+0000] {logging_mixin.py:188} INFO - [2026-05-09T01:44:38.717+0000] {dag.py:3954} INFO - Setting next_dagrun for newyork_fhv_ingestion to None, run_after=None
[2026-05-09T01:44:38.745+0000] {processor.py:183} INFO - Processing /opt/airflow/dags/newyork_fhv_ingestion.py took 0.148 seconds
[2026-05-09T01:45:09.644+0000] {processor.py:161} INFO - Started process (PID=2287) to work on /opt/airflow/dags/newyork_fhv_ingestion.py
[2026-05-09T01:45:09.646+0000] {processor.py:830} INFO - Processing file /opt/airflow/dags/newyork_fhv_ingestion.py for tasks to queue
[2026-05-09T01:45:09.650+0000] {logging_mixin.py:188} INFO - [2026-05-09T01:45:09.650+0000] {dagbag.py:545} INFO - Filling up the DagBag from /opt/airflow/dags/newyork_fhv_ingestion.py
[2026-05-09T01:45:09.679+0000] {processor.py:840} INFO - DAG(s) 'newyork_fhv_ingestion' retrieved from /opt/airflow/dags/newyork_fhv_ingestion.py
[2026-05-09T01:45:09.706+0000] {logging_mixin.py:188} INFO - [2026-05-09T01:45:09.706+0000] {dag.py:3096} INFO - Sync 1 DAGs
[2026-05-09T01:45:09.719+0000] {logging_mixin.py:188} INFO - [2026-05-09T01:45:09.719+0000] {dag.py:3954} INFO - Setting next_dagrun for newyork_fhv_ingestion to None, run_after=None
[2026-05-09T01:45:09.755+0000] {processor.py:183} INFO - Processing /opt/airflow/dags/newyork_fhv_ingestion.py took 0.121 seconds
[2026-05-09T01:45:40.537+0000] {processor.py:161} INFO - Started process (PID=2298) to work on /opt/airflow/dags/newyork_fhv_ingestion.py
[2026-05-09T01:45:40.542+0000] {processor.py:830} INFO - Processing file /opt/airflow/dags/newyork_fhv_ingestion.py for tasks to queue
[2026-05-09T01:45:40.545+0000] {logging_mixin.py:188} INFO - [2026-05-09T01:45:40.544+0000] {dagbag.py:545} INFO - Filling up the DagBag from /opt/airflow/dags/newyork_fhv_ingestion.py
[2026-05-09T01:45:40.623+0000] {processor.py:840} INFO - DAG(s) 'newyork_fhv_ingestion' retrieved from /opt/airflow/dags/newyork_fhv_ingestion.py
[2026-05-09T01:45:40.690+0000] {logging_mixin.py:188} INFO - [2026-05-09T01:45:40.689+0000] {dag.py:3096} INFO - Sync 1 DAGs
[2026-05-09T01:45:40.714+0000] {logging_mixin.py:188} INFO - [2026-05-09T01:45:40.714+0000] {dag.py:3954} INFO - Setting next_dagrun for newyork_fhv_ingestion to None, run_after=None
[2026-05-09T01:45:40.743+0000] {processor.py:183} INFO - Processing /opt/airflow/dags/newyork_fhv_ingestion.py took 0.235 seconds
[2026-05-09T01:46:11.458+0000] {processor.py:161} INFO - Started process (PID=2309) to work on /opt/airflow/dags/newyork_fhv_ingestion.py
[2026-05-09T01:46:11.460+0000] {processor.py:830} INFO - Processing file /opt/airflow/dags/newyork_fhv_ingestion.py for tasks to queue
[2026-05-09T01:46:11.463+0000] {logging_mixin.py:188} INFO - [2026-05-09T01:46:11.462+0000] {dagbag.py:545} INFO - Filling up the DagBag from /opt/airflow/dags/newyork_fhv_ingestion.py
[2026-05-09T01:46:11.487+0000] {processor.py:840} INFO - DAG(s) 'newyork_fhv_ingestion' retrieved from /opt/airflow/dags/newyork_fhv_ingestion.py
[2026-05-09T01:46:11.510+0000] {logging_mixin.py:188} INFO - [2026-05-09T01:46:11.510+0000] {dag.py:3096} INFO - Sync 1 DAGs
[2026-05-09T01:46:11.527+0000] {logging_mixin.py:188} INFO - [2026-05-09T01:46:11.527+0000] {dag.py:3954} INFO - Setting next_dagrun for newyork_fhv_ingestion to None, run_after=None
[2026-05-09T01:46:11.561+0000] {processor.py:183} INFO - Processing /opt/airflow/dags/newyork_fhv_ingestion.py took 0.111 seconds
[2026-05-09T01:46:41.847+0000] {processor.py:161} INFO - Started process (PID=2320) to work on /opt/airflow/dags/newyork_fhv_ingestion.py
[2026-05-09T01:46:41.849+0000] {processor.py:830} INFO - Processing file /opt/airflow/dags/newyork_fhv_ingestion.py for tasks to queue
[2026-05-09T01:46:41.855+0000] {logging_mixin.py:188} INFO - [2026-05-09T01:46:41.854+0000] {dagbag.py:545} INFO - Filling up the DagBag from /opt/airflow/dags/newyork_fhv_ingestion.py
[2026-05-09T01:46:41.894+0000] {processor.py:840} INFO - DAG(s) 'newyork_fhv_ingestion' retrieved from /opt/airflow/dags/newyork_fhv_ingestion.py
[2026-05-09T01:46:41.919+0000] {logging_mixin.py:188} INFO - [2026-05-09T01:46:41.919+0000] {dag.py:3096} INFO - Sync 1 DAGs
[2026-05-09T01:46:41.934+0000] {logging_mixin.py:188} INFO - [2026-05-09T01:46:41.933+0000] {dag.py:3954} INFO - Setting next_dagrun for newyork_fhv_ingestion to None, run_after=None
[2026-05-09T01:46:41.958+0000] {processor.py:183} INFO - Processing /opt/airflow/dags/newyork_fhv_ingestion.py took 0.123 seconds
[2026-05-09T01:47:12.137+0000] {processor.py:161} INFO - Started process (PID=2331) to work on /opt/airflow/dags/newyork_fhv_ingestion.py
[2026-05-09T01:47:12.140+0000] {processor.py:830} INFO - Processing file /opt/airflow/dags/newyork_fhv_ingestion.py for tasks to queue
[2026-05-09T01:47:12.146+0000] {logging_mixin.py:188} INFO - [2026-05-09T01:47:12.145+0000] {dagbag.py:545} INFO - Filling up the DagBag from /opt/airflow/dags/newyork_fhv_ingestion.py
[2026-05-09T01:47:12.195+0000] {processor.py:840} INFO - DAG(s) 'newyork_fhv_ingestion' retrieved from /opt/airflow/dags/newyork_fhv_ingestion.py
[2026-05-09T01:47:12.225+0000] {logging_mixin.py:188} INFO - [2026-05-09T01:47:12.224+0000] {dag.py:3096} INFO - Sync 1 DAGs
[2026-05-09T01:47:12.239+0000] {logging_mixin.py:188} INFO - [2026-05-09T01:47:12.239+0000] {dag.py:3954} INFO - Setting next_dagrun for newyork_fhv_ingestion to None, run_after=None
[2026-05-09T01:47:12.263+0000] {processor.py:183} INFO - Processing /opt/airflow/dags/newyork_fhv_ingestion.py took 0.137 seconds
[2026-05-09T01:47:42.458+0000] {processor.py:161} INFO - Started process (PID=2342) to work on /opt/airflow/dags/newyork_fhv_ingestion.py
[2026-05-09T01:47:42.460+0000] {processor.py:830} INFO - Processing file /opt/airflow/dags/newyork_fhv_ingestion.py for tasks to queue
[2026-05-09T01:47:42.463+0000] {logging_mixin.py:188} INFO - [2026-05-09T01:47:42.463+0000] {dagbag.py:545} INFO - Filling up the DagBag from /opt/airflow/dags/newyork_fhv_ingestion.py
[2026-05-09T01:47:42.504+0000] {processor.py:840} INFO - DAG(s) 'newyork_fhv_ingestion' retrieved from /opt/airflow/dags/newyork_fhv_ingestion.py
[2026-05-09T01:47:42.534+0000] {logging_mixin.py:188} INFO - [2026-05-09T01:47:42.534+0000] {dag.py:3096} INFO - Sync 1 DAGs
[2026-05-09T01:47:42.556+0000] {logging_mixin.py:188} INFO - [2026-05-09T01:47:42.556+0000] {dag.py:3954} INFO - Setting next_dagrun for newyork_fhv_ingestion to None, run_after=None
[2026-05-09T01:47:42.592+0000] {processor.py:183} INFO - Processing /opt/airflow/dags/newyork_fhv_ingestion.py took 0.143 seconds
[2026-05-09T01:48:12.947+0000] {processor.py:161} INFO - Started process (PID=2353) to work on /opt/airflow/dags/newyork_fhv_ingestion.py
[2026-05-09T01:48:12.950+0000] {processor.py:830} INFO - Processing file /opt/airflow/dags/newyork_fhv_ingestion.py for tasks to queue
[2026-05-09T01:48:12.954+0000] {logging_mixin.py:188} INFO - [2026-05-09T01:48:12.954+0000] {dagbag.py:545} INFO - Filling up the DagBag from /opt/airflow/dags/newyork_fhv_ingestion.py
[2026-05-09T01:48:13.031+0000] {processor.py:840} INFO - DAG(s) 'newyork_fhv_ingestion' retrieved from /opt/airflow/dags/newyork_fhv_ingestion.py
[2026-05-09T01:48:13.072+0000] {logging_mixin.py:188} INFO - [2026-05-09T01:48:13.071+0000] {dag.py:3096} INFO - Sync 1 DAGs
[2026-05-09T01:48:13.098+0000] {logging_mixin.py:188} INFO - [2026-05-09T01:48:13.097+0000] {dag.py:3954} INFO - Setting next_dagrun for newyork_fhv_ingestion to None, run_after=None
[2026-05-09T01:48:13.141+0000] {processor.py:183} INFO - Processing /opt/airflow/dags/newyork_fhv_ingestion.py took 0.205 seconds
[2026-05-09T01:48:43.299+0000] {processor.py:161} INFO - Started process (PID=2364) to work on /opt/airflow/dags/newyork_fhv_ingestion.py
[2026-05-09T01:48:43.301+0000] {processor.py:830} INFO - Processing file /opt/airflow/dags/newyork_fhv_ingestion.py for tasks to queue
[2026-05-09T01:48:43.305+0000] {logging_mixin.py:188} INFO - [2026-05-09T01:48:43.305+0000] {dagbag.py:545} INFO - Filling up the DagBag from /opt/airflow/dags/newyork_fhv_ingestion.py
[2026-05-09T01:48:43.360+0000] {processor.py:840} INFO - DAG(s) 'newyork_fhv_ingestion' retrieved from /opt/airflow/dags/newyork_fhv_ingestion.py
[2026-05-09T01:48:43.396+0000] {logging_mixin.py:188} INFO - [2026-05-09T01:48:43.396+0000] {dag.py:3096} INFO - Sync 1 DAGs
[2026-05-09T01:48:43.417+0000] {logging_mixin.py:188} INFO - [2026-05-09T01:48:43.417+0000] {dag.py:3954} INFO - Setting next_dagrun for newyork_fhv_ingestion to None, run_after=None
[2026-05-09T01:48:43.458+0000] {processor.py:183} INFO - Processing /opt/airflow/dags/newyork_fhv_ingestion.py took 0.170 seconds
[2026-05-09T01:49:13.692+0000] {processor.py:161} INFO - Started process (PID=2375) to work on /opt/airflow/dags/newyork_fhv_ingestion.py
[2026-05-09T01:49:13.695+0000] {processor.py:830} INFO - Processing file /opt/airflow/dags/newyork_fhv_ingestion.py for tasks to queue
[2026-05-09T01:49:13.700+0000] {logging_mixin.py:188} INFO - [2026-05-09T01:49:13.700+0000] {dagbag.py:545} INFO - Filling up the DagBag from /opt/airflow/dags/newyork_fhv_ingestion.py
[2026-05-09T01:49:13.736+0000] {processor.py:840} INFO - DAG(s) 'newyork_fhv_ingestion' retrieved from /opt/airflow/dags/newyork_fhv_ingestion.py
[2026-05-09T01:49:13.773+0000] {logging_mixin.py:188} INFO - [2026-05-09T01:49:13.773+0000] {dag.py:3096} INFO - Sync 1 DAGs
[2026-05-09T01:49:13.800+0000] {logging_mixin.py:188} INFO - [2026-05-09T01:49:13.799+0000] {dag.py:3954} INFO - Setting next_dagrun for newyork_fhv_ingestion to None, run_after=None
[2026-05-09T01:49:13.826+0000] {processor.py:183} INFO - Processing /opt/airflow/dags/newyork_fhv_ingestion.py took 0.149 seconds
[2026-05-09T01:49:43.953+0000] {processor.py:161} INFO - Started process (PID=2386) to work on /opt/airflow/dags/newyork_fhv_ingestion.py
[2026-05-09T01:49:43.956+0000] {processor.py:830} INFO - Processing file /opt/airflow/dags/newyork_fhv_ingestion.py for tasks to queue
[2026-05-09T01:49:43.961+0000] {logging_mixin.py:188} INFO - [2026-05-09T01:49:43.960+0000] {dagbag.py:545} INFO - Filling up the DagBag from /opt/airflow/dags/newyork_fhv_ingestion.py
[2026-05-09T01:49:44.027+0000] {processor.py:840} INFO - DAG(s) 'newyork_fhv_ingestion' retrieved from /opt/airflow/dags/newyork_fhv_ingestion.py
[2026-05-09T01:49:44.067+0000] {logging_mixin.py:188} INFO - [2026-05-09T01:49:44.066+0000] {dag.py:3096} INFO - Sync 1 DAGs
[2026-05-09T01:49:44.083+0000] {logging_mixin.py:188} INFO - [2026-05-09T01:49:44.082+0000] {dag.py:3954} INFO - Setting next_dagrun for newyork_fhv_ingestion to None, run_after=None
[2026-05-09T01:49:44.123+0000] {processor.py:183} INFO - Processing /opt/airflow/dags/newyork_fhv_ingestion.py took 0.179 seconds
[2026-05-09T01:50:14.341+0000] {processor.py:161} INFO - Started process (PID=2397) to work on /opt/airflow/dags/newyork_fhv_ingestion.py
[2026-05-09T01:50:14.343+0000] {processor.py:830} INFO - Processing file /opt/airflow/dags/newyork_fhv_ingestion.py for tasks to queue
[2026-05-09T01:50:14.347+0000] {logging_mixin.py:188} INFO - [2026-05-09T01:50:14.346+0000] {dagbag.py:545} INFO - Filling up the DagBag from /opt/airflow/dags/newyork_fhv_ingestion.py
[2026-05-09T01:50:14.391+0000] {processor.py:840} INFO - DAG(s) 'newyork_fhv_ingestion' retrieved from /opt/airflow/dags/newyork_fhv_ingestion.py
[2026-05-09T01:50:14.416+0000] {logging_mixin.py:188} INFO - [2026-05-09T01:50:14.416+0000] {dag.py:3096} INFO - Sync 1 DAGs
[2026-05-09T01:50:14.435+0000] {logging_mixin.py:188} INFO - [2026-05-09T01:50:14.435+0000] {dag.py:3954} INFO - Setting next_dagrun for newyork_fhv_ingestion to None, run_after=None
[2026-05-09T01:50:14.483+0000] {processor.py:183} INFO - Processing /opt/airflow/dags/newyork_fhv_ingestion.py took 0.150 seconds
[2026-05-09T01:50:44.686+0000] {processor.py:161} INFO - Started process (PID=2408) to work on /opt/airflow/dags/newyork_fhv_ingestion.py
[2026-05-09T01:50:44.688+0000] {processor.py:830} INFO - Processing file /opt/airflow/dags/newyork_fhv_ingestion.py for tasks to queue
[2026-05-09T01:50:44.691+0000] {logging_mixin.py:188} INFO - [2026-05-09T01:50:44.691+0000] {dagbag.py:545} INFO - Filling up the DagBag from /opt/airflow/dags/newyork_fhv_ingestion.py
[2026-05-09T01:50:44.727+0000] {processor.py:840} INFO - DAG(s) 'newyork_fhv_ingestion' retrieved from /opt/airflow/dags/newyork_fhv_ingestion.py
[2026-05-09T01:50:44.756+0000] {logging_mixin.py:188} INFO - [2026-05-09T01:50:44.756+0000] {dag.py:3096} INFO - Sync 1 DAGs
[2026-05-09T01:50:44.774+0000] {logging_mixin.py:188} INFO - [2026-05-09T01:50:44.774+0000] {dag.py:3954} INFO - Setting next_dagrun for newyork_fhv_ingestion to None, run_after=None
[2026-05-09T01:50:44.807+0000] {processor.py:183} INFO - Processing /opt/airflow/dags/newyork_fhv_ingestion.py took 0.131 seconds
[2026-05-09T01:51:15.062+0000] {processor.py:161} INFO - Started process (PID=2419) to work on /opt/airflow/dags/newyork_fhv_ingestion.py
[2026-05-09T01:51:15.065+0000] {processor.py:830} INFO - Processing file /opt/airflow/dags/newyork_fhv_ingestion.py for tasks to queue
[2026-05-09T01:51:15.070+0000] {logging_mixin.py:188} INFO - [2026-05-09T01:51:15.069+0000] {dagbag.py:545} INFO - Filling up the DagBag from /opt/airflow/dags/newyork_fhv_ingestion.py
[2026-05-09T01:51:15.125+0000] {processor.py:840} INFO - DAG(s) 'newyork_fhv_ingestion' retrieved from /opt/airflow/dags/newyork_fhv_ingestion.py
[2026-05-09T01:51:15.161+0000] {logging_mixin.py:188} INFO - [2026-05-09T01:51:15.160+0000] {dag.py:3096} INFO - Sync 1 DAGs
[2026-05-09T01:51:15.184+0000] {logging_mixin.py:188} INFO - [2026-05-09T01:51:15.184+0000] {dag.py:3954} INFO - Setting next_dagrun for newyork_fhv_ingestion to None, run_after=None
[2026-05-09T01:51:15.226+0000] {processor.py:183} INFO - Processing /opt/airflow/dags/newyork_fhv_ingestion.py took 0.175 seconds
[2026-05-09T01:51:45.400+0000] {processor.py:161} INFO - Started process (PID=2430) to work on /opt/airflow/dags/newyork_fhv_ingestion.py
[2026-05-09T01:51:45.402+0000] {processor.py:830} INFO - Processing file /opt/airflow/dags/newyork_fhv_ingestion.py for tasks to queue
[2026-05-09T01:51:45.407+0000] {logging_mixin.py:188} INFO - [2026-05-09T01:51:45.406+0000] {dagbag.py:545} INFO - Filling up the DagBag from /opt/airflow/dags/newyork_fhv_ingestion.py
[2026-05-09T01:51:45.449+0000] {processor.py:840} INFO - DAG(s) 'newyork_fhv_ingestion' retrieved from /opt/airflow/dags/newyork_fhv_ingestion.py
[2026-05-09T01:51:45.478+0000] {logging_mixin.py:188} INFO - [2026-05-09T01:51:45.477+0000] {dag.py:3096} INFO - Sync 1 DAGs
[2026-05-09T01:51:45.494+0000] {logging_mixin.py:188} INFO - [2026-05-09T01:51:45.494+0000] {dag.py:3954} INFO - Setting next_dagrun for newyork_fhv_ingestion to None, run_after=None
[2026-05-09T01:51:45.522+0000] {processor.py:183} INFO - Processing /opt/airflow/dags/newyork_fhv_ingestion.py took 0.135 seconds
[2026-05-09T01:52:15.708+0000] {processor.py:161} INFO - Started process (PID=2441) to work on /opt/airflow/dags/newyork_fhv_ingestion.py
[2026-05-09T01:52:15.710+0000] {processor.py:830} INFO - Processing file /opt/airflow/dags/newyork_fhv_ingestion.py for tasks to queue
[2026-05-09T01:52:15.714+0000] {logging_mixin.py:188} INFO - [2026-05-09T01:52:15.713+0000] {dagbag.py:545} INFO - Filling up the DagBag from /opt/airflow/dags/newyork_fhv_ingestion.py
[2026-05-09T01:52:15.766+0000] {processor.py:840} INFO - DAG(s) 'newyork_fhv_ingestion' retrieved from /opt/airflow/dags/newyork_fhv_ingestion.py
[2026-05-09T01:52:15.798+0000] {logging_mixin.py:188} INFO - [2026-05-09T01:52:15.798+0000] {dag.py:3096} INFO - Sync 1 DAGs
[2026-05-09T01:52:15.820+0000] {logging_mixin.py:188} INFO - [2026-05-09T01:52:15.819+0000] {dag.py:3954} INFO - Setting next_dagrun for newyork_fhv_ingestion to None, run_after=None
[2026-05-09T01:52:15.849+0000] {processor.py:183} INFO - Processing /opt/airflow/dags/newyork_fhv_ingestion.py took 0.151 seconds
[2026-05-09T01:52:46.751+0000] {processor.py:161} INFO - Started process (PID=2452) to work on /opt/airflow/dags/newyork_fhv_ingestion.py
[2026-05-09T01:52:46.754+0000] {processor.py:830} INFO - Processing file /opt/airflow/dags/newyork_fhv_ingestion.py for tasks to queue
[2026-05-09T01:52:46.758+0000] {logging_mixin.py:188} INFO - [2026-05-09T01:52:46.757+0000] {dagbag.py:545} INFO - Filling up the DagBag from /opt/airflow/dags/newyork_fhv_ingestion.py
[2026-05-09T01:52:46.842+0000] {processor.py:840} INFO - DAG(s) 'newyork_fhv_ingestion' retrieved from /opt/airflow/dags/newyork_fhv_ingestion.py
[2026-05-09T01:52:46.884+0000] {logging_mixin.py:188} INFO - [2026-05-09T01:52:46.883+0000] {dag.py:3096} INFO - Sync 1 DAGs
[2026-05-09T01:52:46.908+0000] {logging_mixin.py:188} INFO - [2026-05-09T01:52:46.908+0000] {dag.py:3954} INFO - Setting next_dagrun for newyork_fhv_ingestion to None, run_after=None
[2026-05-09T01:52:46.949+0000] {processor.py:183} INFO - Processing /opt/airflow/dags/newyork_fhv_ingestion.py took 0.208 seconds
[2026-05-09T01:53:17.137+0000] {processor.py:161} INFO - Started process (PID=2463) to work on /opt/airflow/dags/newyork_fhv_ingestion.py
[2026-05-09T01:53:17.140+0000] {processor.py:830} INFO - Processing file /opt/airflow/dags/newyork_fhv_ingestion.py for tasks to queue
[2026-05-09T01:53:17.145+0000] {logging_mixin.py:188} INFO - [2026-05-09T01:53:17.144+0000] {dagbag.py:545} INFO - Filling up the DagBag from /opt/airflow/dags/newyork_fhv_ingestion.py
[2026-05-09T01:53:17.209+0000] {processor.py:840} INFO - DAG(s) 'newyork_fhv_ingestion' retrieved from /opt/airflow/dags/newyork_fhv_ingestion.py
[2026-05-09T01:53:17.249+0000] {logging_mixin.py:188} INFO - [2026-05-09T01:53:17.248+0000] {dag.py:3096} INFO - Sync 1 DAGs
[2026-05-09T01:53:17.275+0000] {logging_mixin.py:188} INFO - [2026-05-09T01:53:17.275+0000] {dag.py:3954} INFO - Setting next_dagrun for newyork_fhv_ingestion to None, run_after=None
[2026-05-09T01:53:17.323+0000] {processor.py:183} INFO - Processing /opt/airflow/dags/newyork_fhv_ingestion.py took 0.197 seconds
[2026-05-09T01:53:47.522+0000] {processor.py:161} INFO - Started process (PID=2474) to work on /opt/airflow/dags/newyork_fhv_ingestion.py
[2026-05-09T01:53:47.524+0000] {processor.py:830} INFO - Processing file /opt/airflow/dags/newyork_fhv_ingestion.py for tasks to queue
[2026-05-09T01:53:47.527+0000] {logging_mixin.py:188} INFO - [2026-05-09T01:53:47.526+0000] {dagbag.py:545} INFO - Filling up the DagBag from /opt/airflow/dags/newyork_fhv_ingestion.py
[2026-05-09T01:53:47.588+0000] {processor.py:840} INFO - DAG(s) 'newyork_fhv_ingestion' retrieved from /opt/airflow/dags/newyork_fhv_ingestion.py
[2026-05-09T01:53:47.624+0000] {logging_mixin.py:188} INFO - [2026-05-09T01:53:47.624+0000] {dag.py:3096} INFO - Sync 1 DAGs
[2026-05-09T01:53:47.639+0000] {logging_mixin.py:188} INFO - [2026-05-09T01:53:47.638+0000] {dag.py:3954} INFO - Setting next_dagrun for newyork_fhv_ingestion to None, run_after=None
[2026-05-09T01:53:47.678+0000] {processor.py:183} INFO - Processing /opt/airflow/dags/newyork_fhv_ingestion.py took 0.165 seconds
[2026-05-09T01:54:17.942+0000] {processor.py:161} INFO - Started process (PID=2485) to work on /opt/airflow/dags/newyork_fhv_ingestion.py
[2026-05-09T01:54:17.945+0000] {processor.py:830} INFO - Processing file /opt/airflow/dags/newyork_fhv_ingestion.py for tasks to queue
[2026-05-09T01:54:17.949+0000] {logging_mixin.py:188} INFO - [2026-05-09T01:54:17.948+0000] {dagbag.py:545} INFO - Filling up the DagBag from /opt/airflow/dags/newyork_fhv_ingestion.py
[2026-05-09T01:54:18.009+0000] {processor.py:840} INFO - DAG(s) 'newyork_fhv_ingestion' retrieved from /opt/airflow/dags/newyork_fhv_ingestion.py
[2026-05-09T01:54:18.044+0000] {logging_mixin.py:188} INFO - [2026-05-09T01:54:18.043+0000] {dag.py:3096} INFO - Sync 1 DAGs
[2026-05-09T01:54:18.066+0000] {logging_mixin.py:188} INFO - [2026-05-09T01:54:18.066+0000] {dag.py:3954} INFO - Setting next_dagrun for newyork_fhv_ingestion to None, run_after=None
[2026-05-09T01:54:18.106+0000] {processor.py:183} INFO - Processing /opt/airflow/dags/newyork_fhv_ingestion.py took 0.176 seconds
[2026-05-09T01:54:48.379+0000] {processor.py:161} INFO - Started process (PID=2496) to work on /opt/airflow/dags/newyork_fhv_ingestion.py
[2026-05-09T01:54:48.381+0000] {processor.py:830} INFO - Processing file /opt/airflow/dags/newyork_fhv_ingestion.py for tasks to queue
[2026-05-09T01:54:48.385+0000] {logging_mixin.py:188} INFO - [2026-05-09T01:54:48.384+0000] {dagbag.py:545} INFO - Filling up the DagBag from /opt/airflow/dags/newyork_fhv_ingestion.py
[2026-05-09T01:54:48.474+0000] {processor.py:840} INFO - DAG(s) 'newyork_fhv_ingestion' retrieved from /opt/airflow/dags/newyork_fhv_ingestion.py
[2026-05-09T01:54:48.509+0000] {logging_mixin.py:188} INFO - [2026-05-09T01:54:48.509+0000] {dag.py:3096} INFO - Sync 1 DAGs
[2026-05-09T01:54:48.526+0000] {logging_mixin.py:188} INFO - [2026-05-09T01:54:48.526+0000] {dag.py:3954} INFO - Setting next_dagrun for newyork_fhv_ingestion to None, run_after=None
[2026-05-09T01:54:48.568+0000] {processor.py:183} INFO - Processing /opt/airflow/dags/newyork_fhv_ingestion.py took 0.200 seconds
[2026-05-09T01:55:18.936+0000] {processor.py:161} INFO - Started process (PID=2507) to work on /opt/airflow/dags/newyork_fhv_ingestion.py
[2026-05-09T01:55:18.939+0000] {processor.py:830} INFO - Processing file /opt/airflow/dags/newyork_fhv_ingestion.py for tasks to queue
[2026-05-09T01:55:18.943+0000] {logging_mixin.py:188} INFO - [2026-05-09T01:55:18.942+0000] {dagbag.py:545} INFO - Filling up the DagBag from /opt/airflow/dags/newyork_fhv_ingestion.py
[2026-05-09T01:55:19.014+0000] {processor.py:840} INFO - DAG(s) 'newyork_fhv_ingestion' retrieved from /opt/airflow/dags/newyork_fhv_ingestion.py
[2026-05-09T01:55:19.043+0000] {logging_mixin.py:188} INFO - [2026-05-09T01:55:19.042+0000] {dag.py:3096} INFO - Sync 1 DAGs
[2026-05-09T01:55:19.058+0000] {logging_mixin.py:188} INFO - [2026-05-09T01:55:19.057+0000] {dag.py:3954} INFO - Setting next_dagrun for newyork_fhv_ingestion to None, run_after=None
[2026-05-09T01:55:19.086+0000] {processor.py:183} INFO - Processing /opt/airflow/dags/newyork_fhv_ingestion.py took 0.161 seconds
[2026-05-09T01:55:49.293+0000] {processor.py:161} INFO - Started process (PID=2518) to work on /opt/airflow/dags/newyork_fhv_ingestion.py
[2026-05-09T01:55:49.295+0000] {processor.py:830} INFO - Processing file /opt/airflow/dags/newyork_fhv_ingestion.py for tasks to queue
[2026-05-09T01:55:49.300+0000] {logging_mixin.py:188} INFO - [2026-05-09T01:55:49.299+0000] {dagbag.py:545} INFO - Filling up the DagBag from /opt/airflow/dags/newyork_fhv_ingestion.py
[2026-05-09T01:55:49.337+0000] {processor.py:840} INFO - DAG(s) 'newyork_fhv_ingestion' retrieved from /opt/airflow/dags/newyork_fhv_ingestion.py
[2026-05-09T01:55:49.368+0000] {logging_mixin.py:188} INFO - [2026-05-09T01:55:49.368+0000] {dag.py:3096} INFO - Sync 1 DAGs
[2026-05-09T01:55:49.386+0000] {logging_mixin.py:188} INFO - [2026-05-09T01:55:49.386+0000] {dag.py:3954} INFO - Setting next_dagrun for newyork_fhv_ingestion to None, run_after=None
[2026-05-09T01:55:49.420+0000] {processor.py:183} INFO - Processing /opt/airflow/dags/newyork_fhv_ingestion.py took 0.139 seconds
[2026-05-09T01:56:19.627+0000] {processor.py:161} INFO - Started process (PID=2529) to work on /opt/airflow/dags/newyork_fhv_ingestion.py
[2026-05-09T01:56:19.631+0000] {processor.py:830} INFO - Processing file /opt/airflow/dags/newyork_fhv_ingestion.py for tasks to queue
[2026-05-09T01:56:19.637+0000] {logging_mixin.py:188} INFO - [2026-05-09T01:56:19.636+0000] {dagbag.py:545} INFO - Filling up the DagBag from /opt/airflow/dags/newyork_fhv_ingestion.py
[2026-05-09T01:56:19.703+0000] {processor.py:840} INFO - DAG(s) 'newyork_fhv_ingestion' retrieved from /opt/airflow/dags/newyork_fhv_ingestion.py
[2026-05-09T01:56:19.732+0000] {logging_mixin.py:188} INFO - [2026-05-09T01:56:19.732+0000] {dag.py:3096} INFO - Sync 1 DAGs
[2026-05-09T01:56:19.746+0000] {logging_mixin.py:188} INFO - [2026-05-09T01:56:19.746+0000] {dag.py:3954} INFO - Setting next_dagrun for newyork_fhv_ingestion to None, run_after=None
[2026-05-09T01:56:19.774+0000] {processor.py:183} INFO - Processing /opt/airflow/dags/newyork_fhv_ingestion.py took 0.161 seconds
[2026-05-09T01:56:50.111+0000] {processor.py:161} INFO - Started process (PID=2540) to work on /opt/airflow/dags/newyork_fhv_ingestion.py
[2026-05-09T01:56:50.114+0000] {processor.py:830} INFO - Processing file /opt/airflow/dags/newyork_fhv_ingestion.py for tasks to queue
[2026-05-09T01:56:50.119+0000] {logging_mixin.py:188} INFO - [2026-05-09T01:56:50.118+0000] {dagbag.py:545} INFO - Filling up the DagBag from /opt/airflow/dags/newyork_fhv_ingestion.py
[2026-05-09T01:56:50.172+0000] {processor.py:840} INFO - DAG(s) 'newyork_fhv_ingestion' retrieved from /opt/airflow/dags/newyork_fhv_ingestion.py
[2026-05-09T01:56:50.207+0000] {logging_mixin.py:188} INFO - [2026-05-09T01:56:50.206+0000] {dag.py:3096} INFO - Sync 1 DAGs
[2026-05-09T01:56:50.229+0000] {logging_mixin.py:188} INFO - [2026-05-09T01:56:50.229+0000] {dag.py:3954} INFO - Setting next_dagrun for newyork_fhv_ingestion to None, run_after=None
[2026-05-09T01:56:50.283+0000] {processor.py:183} INFO - Processing /opt/airflow/dags/newyork_fhv_ingestion.py took 0.186 seconds
[2026-05-09T01:57:22.241+0000] {processor.py:161} INFO - Started process (PID=2551) to work on /opt/airflow/dags/newyork_fhv_ingestion.py
[2026-05-09T01:57:22.244+0000] {processor.py:830} INFO - Processing file /opt/airflow/dags/newyork_fhv_ingestion.py for tasks to queue
[2026-05-09T01:57:22.249+0000] {logging_mixin.py:188} INFO - [2026-05-09T01:57:22.248+0000] {dagbag.py:545} INFO - Filling up the DagBag from /opt/airflow/dags/newyork_fhv_ingestion.py
[2026-05-09T01:57:22.305+0000] {processor.py:840} INFO - DAG(s) 'newyork_fhv_ingestion' retrieved from /opt/airflow/dags/newyork_fhv_ingestion.py
[2026-05-09T01:57:22.336+0000] {logging_mixin.py:188} INFO - [2026-05-09T01:57:22.336+0000] {dag.py:3096} INFO - Sync 1 DAGs
[2026-05-09T01:57:22.351+0000] {logging_mixin.py:188} INFO - [2026-05-09T01:57:22.350+0000] {dag.py:3954} INFO - Setting next_dagrun for newyork_fhv_ingestion to None, run_after=None
[2026-05-09T01:57:22.396+0000] {processor.py:183} INFO - Processing /opt/airflow/dags/newyork_fhv_ingestion.py took 0.168 seconds
[2026-05-09T01:57:53.223+0000] {processor.py:161} INFO - Started process (PID=2562) to work on /opt/airflow/dags/newyork_fhv_ingestion.py
[2026-05-09T01:57:53.225+0000] {processor.py:830} INFO - Processing file /opt/airflow/dags/newyork_fhv_ingestion.py for tasks to queue
[2026-05-09T01:57:53.229+0000] {logging_mixin.py:188} INFO - [2026-05-09T01:57:53.229+0000] {dagbag.py:545} INFO - Filling up the DagBag from /opt/airflow/dags/newyork_fhv_ingestion.py
[2026-05-09T01:57:53.294+0000] {processor.py:840} INFO - DAG(s) 'newyork_fhv_ingestion' retrieved from /opt/airflow/dags/newyork_fhv_ingestion.py
[2026-05-09T01:57:53.338+0000] {logging_mixin.py:188} INFO - [2026-05-09T01:57:53.337+0000] {dag.py:3096} INFO - Sync 1 DAGs
[2026-05-09T01:57:53.364+0000] {logging_mixin.py:188} INFO - [2026-05-09T01:57:53.364+0000] {dag.py:3954} INFO - Setting next_dagrun for newyork_fhv_ingestion to None, run_after=None
[2026-05-09T01:57:53.405+0000] {processor.py:183} INFO - Processing /opt/airflow/dags/newyork_fhv_ingestion.py took 0.194 seconds
[2026-05-09T01:58:24.336+0000] {processor.py:161} INFO - Started process (PID=2573) to work on /opt/airflow/dags/newyork_fhv_ingestion.py
[2026-05-09T01:58:24.338+0000] {processor.py:830} INFO - Processing file /opt/airflow/dags/newyork_fhv_ingestion.py for tasks to queue
[2026-05-09T01:58:24.342+0000] {logging_mixin.py:188} INFO - [2026-05-09T01:58:24.341+0000] {dagbag.py:545} INFO - Filling up the DagBag from /opt/airflow/dags/newyork_fhv_ingestion.py
[2026-05-09T01:58:24.403+0000] {processor.py:840} INFO - DAG(s) 'newyork_fhv_ingestion' retrieved from /opt/airflow/dags/newyork_fhv_ingestion.py
[2026-05-09T01:58:24.443+0000] {logging_mixin.py:188} INFO - [2026-05-09T01:58:24.442+0000] {dag.py:3096} INFO - Sync 1 DAGs
[2026-05-09T01:58:24.458+0000] {logging_mixin.py:188} INFO - [2026-05-09T01:58:24.458+0000] {dag.py:3954} INFO - Setting next_dagrun for newyork_fhv_ingestion to None, run_after=None
[2026-05-09T01:58:24.488+0000] {processor.py:183} INFO - Processing /opt/airflow/dags/newyork_fhv_ingestion.py took 0.163 seconds
[2026-05-09T01:58:54.676+0000] {processor.py:161} INFO - Started process (PID=2585) to work on /opt/airflow/dags/newyork_fhv_ingestion.py
[2026-05-09T01:58:54.678+0000] {processor.py:830} INFO - Processing file /opt/airflow/dags/newyork_fhv_ingestion.py for tasks to queue
[2026-05-09T01:58:54.681+0000] {logging_mixin.py:188} INFO - [2026-05-09T01:58:54.681+0000] {dagbag.py:545} INFO - Filling up the DagBag from /opt/airflow/dags/newyork_fhv_ingestion.py
[2026-05-09T01:58:54.726+0000] {processor.py:840} INFO - DAG(s) 'newyork_fhv_ingestion' retrieved from /opt/airflow/dags/newyork_fhv_ingestion.py
[2026-05-09T01:58:54.760+0000] {logging_mixin.py:188} INFO - [2026-05-09T01:58:54.759+0000] {dag.py:3096} INFO - Sync 1 DAGs
[2026-05-09T01:58:54.783+0000] {logging_mixin.py:188} INFO - [2026-05-09T01:58:54.783+0000] {dag.py:3954} INFO - Setting next_dagrun for newyork_fhv_ingestion to None, run_after=None
[2026-05-09T01:58:54.824+0000] {processor.py:183} INFO - Processing /opt/airflow/dags/newyork_fhv_ingestion.py took 0.157 seconds
[2026-05-09T01:59:25.236+0000] {processor.py:161} INFO - Started process (PID=2596) to work on /opt/airflow/dags/newyork_fhv_ingestion.py
[2026-05-09T01:59:25.238+0000] {processor.py:830} INFO - Processing file /opt/airflow/dags/newyork_fhv_ingestion.py for tasks to queue
[2026-05-09T01:59:25.241+0000] {logging_mixin.py:188} INFO - [2026-05-09T01:59:25.241+0000] {dagbag.py:545} INFO - Filling up the DagBag from /opt/airflow/dags/newyork_fhv_ingestion.py
[2026-05-09T01:59:25.293+0000] {processor.py:840} INFO - DAG(s) 'newyork_fhv_ingestion' retrieved from /opt/airflow/dags/newyork_fhv_ingestion.py
[2026-05-09T01:59:25.349+0000] {logging_mixin.py:188} INFO - [2026-05-09T01:59:25.349+0000] {dag.py:3096} INFO - Sync 1 DAGs
[2026-05-09T01:59:25.373+0000] {logging_mixin.py:188} INFO - [2026-05-09T01:59:25.372+0000] {dag.py:3954} INFO - Setting next_dagrun for newyork_fhv_ingestion to None, run_after=None
[2026-05-09T01:59:25.400+0000] {processor.py:183} INFO - Processing /opt/airflow/dags/newyork_fhv_ingestion.py took 0.172 seconds
[2026-05-09T02:00:19.835+0000] {processor.py:161} INFO - Started process (PID=2607) to work on /opt/airflow/dags/newyork_fhv_ingestion.py
[2026-05-09T02:00:19.838+0000] {processor.py:830} INFO - Processing file /opt/airflow/dags/newyork_fhv_ingestion.py for tasks to queue
[2026-05-09T02:00:19.843+0000] {logging_mixin.py:188} INFO - [2026-05-09T02:00:19.842+0000] {dagbag.py:545} INFO - Filling up the DagBag from /opt/airflow/dags/newyork_fhv_ingestion.py
[2026-05-09T02:00:20.143+0000] {processor.py:840} INFO - DAG(s) 'newyork_fhv_ingestion' retrieved from /opt/airflow/dags/newyork_fhv_ingestion.py
[2026-05-09T02:00:20.168+0000] {logging_mixin.py:188} INFO - [2026-05-09T02:00:20.167+0000] {dag.py:3096} INFO - Sync 1 DAGs
[2026-05-09T02:00:20.184+0000] {logging_mixin.py:188} INFO - [2026-05-09T02:00:20.183+0000] {dag.py:3954} INFO - Setting next_dagrun for newyork_fhv_ingestion to None, run_after=None
[2026-05-09T02:00:20.222+0000] {processor.py:183} INFO - Processing /opt/airflow/dags/newyork_fhv_ingestion.py took 0.393 seconds
[2026-05-09T02:00:51.140+0000] {processor.py:161} INFO - Started process (PID=2620) to work on /opt/airflow/dags/newyork_fhv_ingestion.py
[2026-05-09T02:00:51.141+0000] {processor.py:830} INFO - Processing file /opt/airflow/dags/newyork_fhv_ingestion.py for tasks to queue
[2026-05-09T02:00:51.143+0000] {logging_mixin.py:188} INFO - [2026-05-09T02:00:51.143+0000] {dagbag.py:545} INFO - Filling up the DagBag from /opt/airflow/dags/newyork_fhv_ingestion.py
[2026-05-09T02:00:51.158+0000] {processor.py:840} INFO - DAG(s) 'newyork_fhv_ingestion' retrieved from /opt/airflow/dags/newyork_fhv_ingestion.py
[2026-05-09T02:00:51.174+0000] {logging_mixin.py:188} INFO - [2026-05-09T02:00:51.174+0000] {dag.py:3096} INFO - Sync 1 DAGs
[2026-05-09T02:00:51.184+0000] {logging_mixin.py:188} INFO - [2026-05-09T02:00:51.184+0000] {dag.py:3954} INFO - Setting next_dagrun for newyork_fhv_ingestion to None, run_after=None
[2026-05-09T02:00:51.203+0000] {processor.py:183} INFO - Processing /opt/airflow/dags/newyork_fhv_ingestion.py took 0.069 seconds
[2026-05-09T02:01:21.765+0000] {processor.py:161} INFO - Started process (PID=2631) to work on /opt/airflow/dags/newyork_fhv_ingestion.py
[2026-05-09T02:01:21.767+0000] {processor.py:830} INFO - Processing file /opt/airflow/dags/newyork_fhv_ingestion.py for tasks to queue
[2026-05-09T02:01:21.770+0000] {logging_mixin.py:188} INFO - [2026-05-09T02:01:21.770+0000] {dagbag.py:545} INFO - Filling up the DagBag from /opt/airflow/dags/newyork_fhv_ingestion.py
[2026-05-09T02:01:21.790+0000] {processor.py:840} INFO - DAG(s) 'newyork_fhv_ingestion' retrieved from /opt/airflow/dags/newyork_fhv_ingestion.py
[2026-05-09T02:01:21.808+0000] {logging_mixin.py:188} INFO - [2026-05-09T02:01:21.808+0000] {dag.py:3096} INFO - Sync 1 DAGs
[2026-05-09T02:01:21.819+0000] {logging_mixin.py:188} INFO - [2026-05-09T02:01:21.819+0000] {dag.py:3954} INFO - Setting next_dagrun for newyork_fhv_ingestion to None, run_after=None
[2026-05-09T02:01:21.841+0000] {processor.py:183} INFO - Processing /opt/airflow/dags/newyork_fhv_ingestion.py took 0.082 seconds
[2026-05-09T02:01:52.537+0000] {processor.py:161} INFO - Started process (PID=2642) to work on /opt/airflow/dags/newyork_fhv_ingestion.py
[2026-05-09T02:01:52.539+0000] {processor.py:830} INFO - Processing file /opt/airflow/dags/newyork_fhv_ingestion.py for tasks to queue
[2026-05-09T02:01:52.542+0000] {logging_mixin.py:188} INFO - [2026-05-09T02:01:52.542+0000] {dagbag.py:545} INFO - Filling up the DagBag from /opt/airflow/dags/newyork_fhv_ingestion.py
[2026-05-09T02:01:52.585+0000] {processor.py:840} INFO - DAG(s) 'newyork_fhv_ingestion' retrieved from /opt/airflow/dags/newyork_fhv_ingestion.py
[2026-05-09T02:01:52.619+0000] {logging_mixin.py:188} INFO - [2026-05-09T02:01:52.619+0000] {dag.py:3096} INFO - Sync 1 DAGs
[2026-05-09T02:01:52.648+0000] {logging_mixin.py:188} INFO - [2026-05-09T02:01:52.648+0000] {dag.py:3954} INFO - Setting next_dagrun for newyork_fhv_ingestion to None, run_after=None
[2026-05-09T02:01:52.692+0000] {processor.py:183} INFO - Processing /opt/airflow/dags/newyork_fhv_ingestion.py took 0.164 seconds
[2026-05-09T02:02:23.550+0000] {processor.py:161} INFO - Started process (PID=2653) to work on /opt/airflow/dags/newyork_fhv_ingestion.py
[2026-05-09T02:02:23.553+0000] {processor.py:830} INFO - Processing file /opt/airflow/dags/newyork_fhv_ingestion.py for tasks to queue
[2026-05-09T02:02:23.557+0000] {logging_mixin.py:188} INFO - [2026-05-09T02:02:23.556+0000] {dagbag.py:545} INFO - Filling up the DagBag from /opt/airflow/dags/newyork_fhv_ingestion.py
[2026-05-09T02:02:23.598+0000] {processor.py:840} INFO - DAG(s) 'newyork_fhv_ingestion' retrieved from /opt/airflow/dags/newyork_fhv_ingestion.py
[2026-05-09T02:02:23.623+0000] {logging_mixin.py:188} INFO - [2026-05-09T02:02:23.623+0000] {dag.py:3096} INFO - Sync 1 DAGs
[2026-05-09T02:02:23.643+0000] {logging_mixin.py:188} INFO - [2026-05-09T02:02:23.642+0000] {dag.py:3954} INFO - Setting next_dagrun for newyork_fhv_ingestion to None, run_after=None
[2026-05-09T02:02:23.681+0000] {processor.py:183} INFO - Processing /opt/airflow/dags/newyork_fhv_ingestion.py took 0.141 seconds
[2026-05-09T02:02:53.913+0000] {processor.py:161} INFO - Started process (PID=2664) to work on /opt/airflow/dags/newyork_fhv_ingestion.py
[2026-05-09T02:02:53.916+0000] {processor.py:830} INFO - Processing file /opt/airflow/dags/newyork_fhv_ingestion.py for tasks to queue
[2026-05-09T02:02:53.921+0000] {logging_mixin.py:188} INFO - [2026-05-09T02:02:53.920+0000] {dagbag.py:545} INFO - Filling up the DagBag from /opt/airflow/dags/newyork_fhv_ingestion.py
[2026-05-09T02:02:53.966+0000] {processor.py:840} INFO - DAG(s) 'newyork_fhv_ingestion' retrieved from /opt/airflow/dags/newyork_fhv_ingestion.py
[2026-05-09T02:02:53.992+0000] {logging_mixin.py:188} INFO - [2026-05-09T02:02:53.991+0000] {dag.py:3096} INFO - Sync 1 DAGs
[2026-05-09T02:02:54.006+0000] {logging_mixin.py:188} INFO - [2026-05-09T02:02:54.006+0000] {dag.py:3954} INFO - Setting next_dagrun for newyork_fhv_ingestion to None, run_after=None
[2026-05-09T02:02:54.041+0000] {processor.py:183} INFO - Processing /opt/airflow/dags/newyork_fhv_ingestion.py took 0.141 seconds
[2026-05-09T02:03:24.290+0000] {processor.py:161} INFO - Started process (PID=2675) to work on /opt/airflow/dags/newyork_fhv_ingestion.py
[2026-05-09T02:03:24.291+0000] {processor.py:830} INFO - Processing file /opt/airflow/dags/newyork_fhv_ingestion.py for tasks to queue
[2026-05-09T02:03:24.294+0000] {logging_mixin.py:188} INFO - [2026-05-09T02:03:24.294+0000] {dagbag.py:545} INFO - Filling up the DagBag from /opt/airflow/dags/newyork_fhv_ingestion.py
[2026-05-09T02:03:24.345+0000] {processor.py:840} INFO - DAG(s) 'newyork_fhv_ingestion' retrieved from /opt/airflow/dags/newyork_fhv_ingestion.py
[2026-05-09T02:03:24.376+0000] {logging_mixin.py:188} INFO - [2026-05-09T02:03:24.376+0000] {dag.py:3096} INFO - Sync 1 DAGs
[2026-05-09T02:03:24.400+0000] {logging_mixin.py:188} INFO - [2026-05-09T02:03:24.400+0000] {dag.py:3954} INFO - Setting next_dagrun for newyork_fhv_ingestion to None, run_after=None
[2026-05-09T02:03:24.456+0000] {processor.py:183} INFO - Processing /opt/airflow/dags/newyork_fhv_ingestion.py took 0.173 seconds
[2026-05-09T02:03:55.315+0000] {processor.py:161} INFO - Started process (PID=2686) to work on /opt/airflow/dags/newyork_fhv_ingestion.py
[2026-05-09T02:03:55.317+0000] {processor.py:830} INFO - Processing file /opt/airflow/dags/newyork_fhv_ingestion.py for tasks to queue
[2026-05-09T02:03:55.320+0000] {logging_mixin.py:188} INFO - [2026-05-09T02:03:55.320+0000] {dagbag.py:545} INFO - Filling up the DagBag from /opt/airflow/dags/newyork_fhv_ingestion.py
[2026-05-09T02:03:55.357+0000] {processor.py:840} INFO - DAG(s) 'newyork_fhv_ingestion' retrieved from /opt/airflow/dags/newyork_fhv_ingestion.py
[2026-05-09T02:03:55.381+0000] {logging_mixin.py:188} INFO - [2026-05-09T02:03:55.381+0000] {dag.py:3096} INFO - Sync 1 DAGs
[2026-05-09T02:03:55.399+0000] {logging_mixin.py:188} INFO - [2026-05-09T02:03:55.399+0000] {dag.py:3954} INFO - Setting next_dagrun for newyork_fhv_ingestion to None, run_after=None
[2026-05-09T02:03:55.427+0000] {processor.py:183} INFO - Processing /opt/airflow/dags/newyork_fhv_ingestion.py took 0.123 seconds
[2026-05-09T02:04:25.653+0000] {processor.py:161} INFO - Started process (PID=2697) to work on /opt/airflow/dags/newyork_fhv_ingestion.py
[2026-05-09T02:04:25.656+0000] {processor.py:830} INFO - Processing file /opt/airflow/dags/newyork_fhv_ingestion.py for tasks to queue
[2026-05-09T02:04:25.660+0000] {logging_mixin.py:188} INFO - [2026-05-09T02:04:25.660+0000] {dagbag.py:545} INFO - Filling up the DagBag from /opt/airflow/dags/newyork_fhv_ingestion.py
[2026-05-09T02:04:25.713+0000] {processor.py:840} INFO - DAG(s) 'newyork_fhv_ingestion' retrieved from /opt/airflow/dags/newyork_fhv_ingestion.py
[2026-05-09T02:04:25.753+0000] {logging_mixin.py:188} INFO - [2026-05-09T02:04:25.752+0000] {dag.py:3096} INFO - Sync 1 DAGs
[2026-05-09T02:04:25.775+0000] {logging_mixin.py:188} INFO - [2026-05-09T02:04:25.775+0000] {dag.py:3954} INFO - Setting next_dagrun for newyork_fhv_ingestion to None, run_after=None
[2026-05-09T02:04:25.808+0000] {processor.py:183} INFO - Processing /opt/airflow/dags/newyork_fhv_ingestion.py took 0.169 seconds
[2026-05-09T02:04:56.074+0000] {processor.py:161} INFO - Started process (PID=2708) to work on /opt/airflow/dags/newyork_fhv_ingestion.py
[2026-05-09T02:04:56.076+0000] {processor.py:830} INFO - Processing file /opt/airflow/dags/newyork_fhv_ingestion.py for tasks to queue
[2026-05-09T02:04:56.080+0000] {logging_mixin.py:188} INFO - [2026-05-09T02:04:56.079+0000] {dagbag.py:545} INFO - Filling up the DagBag from /opt/airflow/dags/newyork_fhv_ingestion.py
[2026-05-09T02:04:56.140+0000] {processor.py:840} INFO - DAG(s) 'newyork_fhv_ingestion' retrieved from /opt/airflow/dags/newyork_fhv_ingestion.py
[2026-05-09T02:04:56.179+0000] {logging_mixin.py:188} INFO - [2026-05-09T02:04:56.178+0000] {dag.py:3096} INFO - Sync 1 DAGs
[2026-05-09T02:04:56.194+0000] {logging_mixin.py:188} INFO - [2026-05-09T02:04:56.194+0000] {dag.py:3954} INFO - Setting next_dagrun for newyork_fhv_ingestion to None, run_after=None
[2026-05-09T02:04:56.242+0000] {processor.py:183} INFO - Processing /opt/airflow/dags/newyork_fhv_ingestion.py took 0.179 seconds
[2026-05-09T02:05:26.332+0000] {processor.py:161} INFO - Started process (PID=2719) to work on /opt/airflow/dags/newyork_fhv_ingestion.py
[2026-05-09T02:05:26.334+0000] {processor.py:830} INFO - Processing file /opt/airflow/dags/newyork_fhv_ingestion.py for tasks to queue
[2026-05-09T02:05:26.338+0000] {logging_mixin.py:188} INFO - [2026-05-09T02:05:26.337+0000] {dagbag.py:545} INFO - Filling up the DagBag from /opt/airflow/dags/newyork_fhv_ingestion.py
[2026-05-09T02:05:26.402+0000] {processor.py:840} INFO - DAG(s) 'newyork_fhv_ingestion' retrieved from /opt/airflow/dags/newyork_fhv_ingestion.py
[2026-05-09T02:05:26.442+0000] {logging_mixin.py:188} INFO - [2026-05-09T02:05:26.441+0000] {dag.py:3096} INFO - Sync 1 DAGs
[2026-05-09T02:05:26.461+0000] {logging_mixin.py:188} INFO - [2026-05-09T02:05:26.460+0000] {dag.py:3954} INFO - Setting next_dagrun for newyork_fhv_ingestion to None, run_after=None
[2026-05-09T02:05:26.501+0000] {processor.py:183} INFO - Processing /opt/airflow/dags/newyork_fhv_ingestion.py took 0.181 seconds
[2026-05-09T02:05:57.557+0000] {processor.py:161} INFO - Started process (PID=2730) to work on /opt/airflow/dags/newyork_fhv_ingestion.py
[2026-05-09T02:05:57.558+0000] {processor.py:830} INFO - Processing file /opt/airflow/dags/newyork_fhv_ingestion.py for tasks to queue
[2026-05-09T02:05:57.562+0000] {logging_mixin.py:188} INFO - [2026-05-09T02:05:57.562+0000] {dagbag.py:545} INFO - Filling up the DagBag from /opt/airflow/dags/newyork_fhv_ingestion.py
[2026-05-09T02:05:57.595+0000] {processor.py:840} INFO - DAG(s) 'newyork_fhv_ingestion' retrieved from /opt/airflow/dags/newyork_fhv_ingestion.py
[2026-05-09T02:05:57.625+0000] {logging_mixin.py:188} INFO - [2026-05-09T02:05:57.624+0000] {dag.py:3096} INFO - Sync 1 DAGs
[2026-05-09T02:05:57.646+0000] {logging_mixin.py:188} INFO - [2026-05-09T02:05:57.645+0000] {dag.py:3954} INFO - Setting next_dagrun for newyork_fhv_ingestion to None, run_after=None
[2026-05-09T02:05:57.693+0000] {processor.py:183} INFO - Processing /opt/airflow/dags/newyork_fhv_ingestion.py took 0.146 seconds
[2026-05-09T02:06:28.546+0000] {processor.py:161} INFO - Started process (PID=2741) to work on /opt/airflow/dags/newyork_fhv_ingestion.py
[2026-05-09T02:06:28.548+0000] {processor.py:830} INFO - Processing file /opt/airflow/dags/newyork_fhv_ingestion.py for tasks to queue
[2026-05-09T02:06:28.551+0000] {logging_mixin.py:188} INFO - [2026-05-09T02:06:28.551+0000] {dagbag.py:545} INFO - Filling up the DagBag from /opt/airflow/dags/newyork_fhv_ingestion.py
[2026-05-09T02:06:28.592+0000] {processor.py:840} INFO - DAG(s) 'newyork_fhv_ingestion' retrieved from /opt/airflow/dags/newyork_fhv_ingestion.py
[2026-05-09T02:06:28.617+0000] {logging_mixin.py:188} INFO - [2026-05-09T02:06:28.617+0000] {dag.py:3096} INFO - Sync 1 DAGs
[2026-05-09T02:06:28.632+0000] {logging_mixin.py:188} INFO - [2026-05-09T02:06:28.631+0000] {dag.py:3954} INFO - Setting next_dagrun for newyork_fhv_ingestion to None, run_after=None
[2026-05-09T02:06:28.662+0000] {processor.py:183} INFO - Processing /opt/airflow/dags/newyork_fhv_ingestion.py took 0.123 seconds
[2026-05-09T02:06:59.566+0000] {processor.py:161} INFO - Started process (PID=2752) to work on /opt/airflow/dags/newyork_fhv_ingestion.py
[2026-05-09T02:06:59.567+0000] {processor.py:830} INFO - Processing file /opt/airflow/dags/newyork_fhv_ingestion.py for tasks to queue
[2026-05-09T02:06:59.570+0000] {logging_mixin.py:188} INFO - [2026-05-09T02:06:59.570+0000] {dagbag.py:545} INFO - Filling up the DagBag from /opt/airflow/dags/newyork_fhv_ingestion.py
[2026-05-09T02:06:59.608+0000] {processor.py:840} INFO - DAG(s) 'newyork_fhv_ingestion' retrieved from /opt/airflow/dags/newyork_fhv_ingestion.py
[2026-05-09T02:06:59.632+0000] {logging_mixin.py:188} INFO - [2026-05-09T02:06:59.632+0000] {dag.py:3096} INFO - Sync 1 DAGs
[2026-05-09T02:06:59.646+0000] {logging_mixin.py:188} INFO - [2026-05-09T02:06:59.646+0000] {dag.py:3954} INFO - Setting next_dagrun for newyork_fhv_ingestion to None, run_after=None
[2026-05-09T02:06:59.673+0000] {processor.py:183} INFO - Processing /opt/airflow/dags/newyork_fhv_ingestion.py took 0.113 seconds
[2026-05-09T02:07:30.648+0000] {processor.py:161} INFO - Started process (PID=2763) to work on /opt/airflow/dags/newyork_fhv_ingestion.py
[2026-05-09T02:07:30.651+0000] {processor.py:830} INFO - Processing file /opt/airflow/dags/newyork_fhv_ingestion.py for tasks to queue
[2026-05-09T02:07:30.656+0000] {logging_mixin.py:188} INFO - [2026-05-09T02:07:30.655+0000] {dagbag.py:545} INFO - Filling up the DagBag from /opt/airflow/dags/newyork_fhv_ingestion.py
[2026-05-09T02:07:30.706+0000] {processor.py:840} INFO - DAG(s) 'newyork_fhv_ingestion' retrieved from /opt/airflow/dags/newyork_fhv_ingestion.py
[2026-05-09T02:07:30.744+0000] {logging_mixin.py:188} INFO - [2026-05-09T02:07:30.743+0000] {dag.py:3096} INFO - Sync 1 DAGs
[2026-05-09T02:07:30.766+0000] {logging_mixin.py:188} INFO - [2026-05-09T02:07:30.765+0000] {dag.py:3954} INFO - Setting next_dagrun for newyork_fhv_ingestion to None, run_after=None
[2026-05-09T02:07:30.804+0000] {processor.py:183} INFO - Processing /opt/airflow/dags/newyork_fhv_ingestion.py took 0.167 seconds
[2026-05-09T02:08:01.005+0000] {processor.py:161} INFO - Started process (PID=2774) to work on /opt/airflow/dags/newyork_fhv_ingestion.py
[2026-05-09T02:08:01.007+0000] {processor.py:830} INFO - Processing file /opt/airflow/dags/newyork_fhv_ingestion.py for tasks to queue
[2026-05-09T02:08:01.011+0000] {logging_mixin.py:188} INFO - [2026-05-09T02:08:01.010+0000] {dagbag.py:545} INFO - Filling up the DagBag from /opt/airflow/dags/newyork_fhv_ingestion.py
[2026-05-09T02:08:01.066+0000] {processor.py:840} INFO - DAG(s) 'newyork_fhv_ingestion' retrieved from /opt/airflow/dags/newyork_fhv_ingestion.py
[2026-05-09T02:08:01.099+0000] {logging_mixin.py:188} INFO - [2026-05-09T02:08:01.098+0000] {dag.py:3096} INFO - Sync 1 DAGs
[2026-05-09T02:08:01.119+0000] {logging_mixin.py:188} INFO - [2026-05-09T02:08:01.119+0000] {dag.py:3954} INFO - Setting next_dagrun for newyork_fhv_ingestion to None, run_after=None
[2026-05-09T02:08:01.166+0000] {processor.py:183} INFO - Processing /opt/airflow/dags/newyork_fhv_ingestion.py took 0.174 seconds
[2026-05-09T02:08:31.309+0000] {processor.py:161} INFO - Started process (PID=2786) to work on /opt/airflow/dags/newyork_fhv_ingestion.py
[2026-05-09T02:08:31.311+0000] {processor.py:830} INFO - Processing file /opt/airflow/dags/newyork_fhv_ingestion.py for tasks to queue
[2026-05-09T02:08:31.313+0000] {logging_mixin.py:188} INFO - [2026-05-09T02:08:31.313+0000] {dagbag.py:545} INFO - Filling up the DagBag from /opt/airflow/dags/newyork_fhv_ingestion.py
[2026-05-09T02:08:31.344+0000] {processor.py:840} INFO - DAG(s) 'newyork_fhv_ingestion' retrieved from /opt/airflow/dags/newyork_fhv_ingestion.py
[2026-05-09T02:08:31.372+0000] {logging_mixin.py:188} INFO - [2026-05-09T02:08:31.372+0000] {dag.py:3096} INFO - Sync 1 DAGs
[2026-05-09T02:08:31.388+0000] {logging_mixin.py:188} INFO - [2026-05-09T02:08:31.388+0000] {dag.py:3954} INFO - Setting next_dagrun for newyork_fhv_ingestion to None, run_after=None
[2026-05-09T02:08:31.418+0000] {processor.py:183} INFO - Processing /opt/airflow/dags/newyork_fhv_ingestion.py took 0.117 seconds
[2026-05-09T02:09:01.820+0000] {processor.py:161} INFO - Started process (PID=2797) to work on /opt/airflow/dags/newyork_fhv_ingestion.py
[2026-05-09T02:09:01.823+0000] {processor.py:830} INFO - Processing file /opt/airflow/dags/newyork_fhv_ingestion.py for tasks to queue
[2026-05-09T02:09:01.827+0000] {logging_mixin.py:188} INFO - [2026-05-09T02:09:01.826+0000] {dagbag.py:545} INFO - Filling up the DagBag from /opt/airflow/dags/newyork_fhv_ingestion.py
[2026-05-09T02:09:01.870+0000] {processor.py:840} INFO - DAG(s) 'newyork_fhv_ingestion' retrieved from /opt/airflow/dags/newyork_fhv_ingestion.py
[2026-05-09T02:09:01.904+0000] {logging_mixin.py:188} INFO - [2026-05-09T02:09:01.903+0000] {dag.py:3096} INFO - Sync 1 DAGs
[2026-05-09T02:09:01.917+0000] {logging_mixin.py:188} INFO - [2026-05-09T02:09:01.917+0000] {dag.py:3954} INFO - Setting next_dagrun for newyork_fhv_ingestion to None, run_after=None
[2026-05-09T02:09:01.951+0000] {processor.py:183} INFO - Processing /opt/airflow/dags/newyork_fhv_ingestion.py took 0.143 seconds
[2026-05-09T02:09:32.738+0000] {processor.py:161} INFO - Started process (PID=2809) to work on /opt/airflow/dags/newyork_fhv_ingestion.py
[2026-05-09T02:09:32.740+0000] {processor.py:830} INFO - Processing file /opt/airflow/dags/newyork_fhv_ingestion.py for tasks to queue
[2026-05-09T02:09:32.745+0000] {logging_mixin.py:188} INFO - [2026-05-09T02:09:32.744+0000] {dagbag.py:545} INFO - Filling up the DagBag from /opt/airflow/dags/newyork_fhv_ingestion.py
[2026-05-09T02:09:32.802+0000] {processor.py:840} INFO - DAG(s) 'newyork_fhv_ingestion' retrieved from /opt/airflow/dags/newyork_fhv_ingestion.py
[2026-05-09T02:09:32.836+0000] {logging_mixin.py:188} INFO - [2026-05-09T02:09:32.835+0000] {dag.py:3096} INFO - Sync 1 DAGs
[2026-05-09T02:09:32.852+0000] {logging_mixin.py:188} INFO - [2026-05-09T02:09:32.852+0000] {dag.py:3954} INFO - Setting next_dagrun for newyork_fhv_ingestion to None, run_after=None
[2026-05-09T02:09:32.879+0000] {processor.py:183} INFO - Processing /opt/airflow/dags/newyork_fhv_ingestion.py took 0.153 seconds
[2026-05-09T02:10:03.686+0000] {processor.py:161} INFO - Started process (PID=2820) to work on /opt/airflow/dags/newyork_fhv_ingestion.py
[2026-05-09T02:10:03.687+0000] {processor.py:830} INFO - Processing file /opt/airflow/dags/newyork_fhv_ingestion.py for tasks to queue
[2026-05-09T02:10:03.690+0000] {logging_mixin.py:188} INFO - [2026-05-09T02:10:03.689+0000] {dagbag.py:545} INFO - Filling up the DagBag from /opt/airflow/dags/newyork_fhv_ingestion.py
[2026-05-09T02:10:03.715+0000] {processor.py:840} INFO - DAG(s) 'newyork_fhv_ingestion' retrieved from /opt/airflow/dags/newyork_fhv_ingestion.py
[2026-05-09T02:10:03.738+0000] {logging_mixin.py:188} INFO - [2026-05-09T02:10:03.738+0000] {dag.py:3096} INFO - Sync 1 DAGs
[2026-05-09T02:10:03.751+0000] {logging_mixin.py:188} INFO - [2026-05-09T02:10:03.751+0000] {dag.py:3954} INFO - Setting next_dagrun for newyork_fhv_ingestion to None, run_after=None
[2026-05-09T02:10:03.775+0000] {processor.py:183} INFO - Processing /opt/airflow/dags/newyork_fhv_ingestion.py took 0.096 seconds
[2026-05-09T02:10:34.585+0000] {processor.py:161} INFO - Started process (PID=2831) to work on /opt/airflow/dags/newyork_fhv_ingestion.py
[2026-05-09T02:10:34.587+0000] {processor.py:830} INFO - Processing file /opt/airflow/dags/newyork_fhv_ingestion.py for tasks to queue
[2026-05-09T02:10:34.592+0000] {logging_mixin.py:188} INFO - [2026-05-09T02:10:34.591+0000] {dagbag.py:545} INFO - Filling up the DagBag from /opt/airflow/dags/newyork_fhv_ingestion.py
[2026-05-09T02:10:34.640+0000] {processor.py:840} INFO - DAG(s) 'newyork_fhv_ingestion' retrieved from /opt/airflow/dags/newyork_fhv_ingestion.py
[2026-05-09T02:10:34.677+0000] {logging_mixin.py:188} INFO - [2026-05-09T02:10:34.677+0000] {dag.py:3096} INFO - Sync 1 DAGs
[2026-05-09T02:10:34.698+0000] {logging_mixin.py:188} INFO - [2026-05-09T02:10:34.697+0000] {dag.py:3954} INFO - Setting next_dagrun for newyork_fhv_ingestion to None, run_after=None
[2026-05-09T02:10:34.736+0000] {processor.py:183} INFO - Processing /opt/airflow/dags/newyork_fhv_ingestion.py took 0.163 seconds
[2026-05-09T02:11:05.564+0000] {processor.py:161} INFO - Started process (PID=2842) to work on /opt/airflow/dags/newyork_fhv_ingestion.py
[2026-05-09T02:11:05.566+0000] {processor.py:830} INFO - Processing file /opt/airflow/dags/newyork_fhv_ingestion.py for tasks to queue
[2026-05-09T02:11:05.570+0000] {logging_mixin.py:188} INFO - [2026-05-09T02:11:05.570+0000] {dagbag.py:545} INFO - Filling up the DagBag from /opt/airflow/dags/newyork_fhv_ingestion.py
[2026-05-09T02:11:05.622+0000] {processor.py:840} INFO - DAG(s) 'newyork_fhv_ingestion' retrieved from /opt/airflow/dags/newyork_fhv_ingestion.py
[2026-05-09T02:11:05.658+0000] {logging_mixin.py:188} INFO - [2026-05-09T02:11:05.657+0000] {dag.py:3096} INFO - Sync 1 DAGs
[2026-05-09T02:11:05.675+0000] {logging_mixin.py:188} INFO - [2026-05-09T02:11:05.675+0000] {dag.py:3954} INFO - Setting next_dagrun for newyork_fhv_ingestion to None, run_after=None
[2026-05-09T02:11:05.717+0000] {processor.py:183} INFO - Processing /opt/airflow/dags/newyork_fhv_ingestion.py took 0.163 seconds
[2026-05-09T02:11:36.665+0000] {processor.py:161} INFO - Started process (PID=2853) to work on /opt/airflow/dags/newyork_fhv_ingestion.py
[2026-05-09T02:11:36.667+0000] {processor.py:830} INFO - Processing file /opt/airflow/dags/newyork_fhv_ingestion.py for tasks to queue
[2026-05-09T02:11:36.672+0000] {logging_mixin.py:188} INFO - [2026-05-09T02:11:36.671+0000] {dagbag.py:545} INFO - Filling up the DagBag from /opt/airflow/dags/newyork_fhv_ingestion.py
[2026-05-09T02:11:36.717+0000] {processor.py:840} INFO - DAG(s) 'newyork_fhv_ingestion' retrieved from /opt/airflow/dags/newyork_fhv_ingestion.py
[2026-05-09T02:11:36.746+0000] {logging_mixin.py:188} INFO - [2026-05-09T02:11:36.745+0000] {dag.py:3096} INFO - Sync 1 DAGs
[2026-05-09T02:11:36.759+0000] {logging_mixin.py:188} INFO - [2026-05-09T02:11:36.759+0000] {dag.py:3954} INFO - Setting next_dagrun for newyork_fhv_ingestion to None, run_after=None
[2026-05-09T02:11:36.788+0000] {processor.py:183} INFO - Processing /opt/airflow/dags/newyork_fhv_ingestion.py took 0.133 seconds
[2026-05-09T02:12:07.596+0000] {processor.py:161} INFO - Started process (PID=2864) to work on /opt/airflow/dags/newyork_fhv_ingestion.py
[2026-05-09T02:12:07.598+0000] {processor.py:830} INFO - Processing file /opt/airflow/dags/newyork_fhv_ingestion.py for tasks to queue
[2026-05-09T02:12:07.602+0000] {logging_mixin.py:188} INFO - [2026-05-09T02:12:07.602+0000] {dagbag.py:545} INFO - Filling up the DagBag from /opt/airflow/dags/newyork_fhv_ingestion.py
[2026-05-09T02:12:07.662+0000] {processor.py:840} INFO - DAG(s) 'newyork_fhv_ingestion' retrieved from /opt/airflow/dags/newyork_fhv_ingestion.py
[2026-05-09T02:12:07.699+0000] {logging_mixin.py:188} INFO - [2026-05-09T02:12:07.699+0000] {dag.py:3096} INFO - Sync 1 DAGs
[2026-05-09T02:12:07.721+0000] {logging_mixin.py:188} INFO - [2026-05-09T02:12:07.720+0000] {dag.py:3954} INFO - Setting next_dagrun for newyork_fhv_ingestion to None, run_after=None
[2026-05-09T02:12:07.762+0000] {processor.py:183} INFO - Processing /opt/airflow/dags/newyork_fhv_ingestion.py took 0.177 seconds
[2026-05-09T02:12:37.825+0000] {processor.py:161} INFO - Started process (PID=2875) to work on /opt/airflow/dags/newyork_fhv_ingestion.py
[2026-05-09T02:12:37.826+0000] {processor.py:830} INFO - Processing file /opt/airflow/dags/newyork_fhv_ingestion.py for tasks to queue
[2026-05-09T02:12:37.830+0000] {logging_mixin.py:188} INFO - [2026-05-09T02:12:37.829+0000] {dagbag.py:545} INFO - Filling up the DagBag from /opt/airflow/dags/newyork_fhv_ingestion.py
[2026-05-09T02:12:37.852+0000] {processor.py:840} INFO - DAG(s) 'newyork_fhv_ingestion' retrieved from /opt/airflow/dags/newyork_fhv_ingestion.py
[2026-05-09T02:12:37.879+0000] {logging_mixin.py:188} INFO - [2026-05-09T02:12:37.879+0000] {dag.py:3096} INFO - Sync 1 DAGs
[2026-05-09T02:12:37.894+0000] {logging_mixin.py:188} INFO - [2026-05-09T02:12:37.894+0000] {dag.py:3954} INFO - Setting next_dagrun for newyork_fhv_ingestion to None, run_after=None
[2026-05-09T02:12:37.922+0000] {processor.py:183} INFO - Processing /opt/airflow/dags/newyork_fhv_ingestion.py took 0.105 seconds
[2026-05-09T02:13:08.764+0000] {processor.py:161} INFO - Started process (PID=2886) to work on /opt/airflow/dags/newyork_fhv_ingestion.py
[2026-05-09T02:13:08.766+0000] {processor.py:830} INFO - Processing file /opt/airflow/dags/newyork_fhv_ingestion.py for tasks to queue
[2026-05-09T02:13:08.770+0000] {logging_mixin.py:188} INFO - [2026-05-09T02:13:08.770+0000] {dagbag.py:545} INFO - Filling up the DagBag from /opt/airflow/dags/newyork_fhv_ingestion.py
[2026-05-09T02:13:08.802+0000] {processor.py:840} INFO - DAG(s) 'newyork_fhv_ingestion' retrieved from /opt/airflow/dags/newyork_fhv_ingestion.py
[2026-05-09T02:13:08.834+0000] {logging_mixin.py:188} INFO - [2026-05-09T02:13:08.834+0000] {dag.py:3096} INFO - Sync 1 DAGs
[2026-05-09T02:13:08.848+0000] {logging_mixin.py:188} INFO - [2026-05-09T02:13:08.848+0000] {dag.py:3954} INFO - Setting next_dagrun for newyork_fhv_ingestion to None, run_after=None
[2026-05-09T02:13:08.875+0000] {processor.py:183} INFO - Processing /opt/airflow/dags/newyork_fhv_ingestion.py took 0.122 seconds
[2026-05-09T02:13:39.696+0000] {processor.py:161} INFO - Started process (PID=2903) to work on /opt/airflow/dags/newyork_fhv_ingestion.py
[2026-05-09T02:13:39.698+0000] {processor.py:830} INFO - Processing file /opt/airflow/dags/newyork_fhv_ingestion.py for tasks to queue
[2026-05-09T02:13:39.701+0000] {logging_mixin.py:188} INFO - [2026-05-09T02:13:39.700+0000] {dagbag.py:545} INFO - Filling up the DagBag from /opt/airflow/dags/newyork_fhv_ingestion.py
[2026-05-09T02:13:39.730+0000] {processor.py:840} INFO - DAG(s) 'newyork_fhv_ingestion' retrieved from /opt/airflow/dags/newyork_fhv_ingestion.py
[2026-05-09T02:13:39.761+0000] {logging_mixin.py:188} INFO - [2026-05-09T02:13:39.761+0000] {dag.py:3096} INFO - Sync 1 DAGs
[2026-05-09T02:13:39.776+0000] {logging_mixin.py:188} INFO - [2026-05-09T02:13:39.776+0000] {dag.py:3954} INFO - Setting next_dagrun for newyork_fhv_ingestion to None, run_after=None
[2026-05-09T02:13:39.800+0000] {processor.py:183} INFO - Processing /opt/airflow/dags/newyork_fhv_ingestion.py took 0.114 seconds
[2026-05-09T02:14:10.814+0000] {processor.py:161} INFO - Started process (PID=2914) to work on /opt/airflow/dags/newyork_fhv_ingestion.py
[2026-05-09T02:14:10.816+0000] {processor.py:830} INFO - Processing file /opt/airflow/dags/newyork_fhv_ingestion.py for tasks to queue
[2026-05-09T02:14:10.818+0000] {logging_mixin.py:188} INFO - [2026-05-09T02:14:10.818+0000] {dagbag.py:545} INFO - Filling up the DagBag from /opt/airflow/dags/newyork_fhv_ingestion.py
[2026-05-09T02:14:10.853+0000] {processor.py:840} INFO - DAG(s) 'newyork_fhv_ingestion' retrieved from /opt/airflow/dags/newyork_fhv_ingestion.py
[2026-05-09T02:14:10.878+0000] {logging_mixin.py:188} INFO - [2026-05-09T02:14:10.877+0000] {dag.py:3096} INFO - Sync 1 DAGs
[2026-05-09T02:14:10.891+0000] {logging_mixin.py:188} INFO - [2026-05-09T02:14:10.891+0000] {dag.py:3954} INFO - Setting next_dagrun for newyork_fhv_ingestion to None, run_after=None
[2026-05-09T02:14:10.920+0000] {processor.py:183} INFO - Processing /opt/airflow/dags/newyork_fhv_ingestion.py took 0.113 seconds
[2026-05-09T02:14:41.760+0000] {processor.py:161} INFO - Started process (PID=2925) to work on /opt/airflow/dags/newyork_fhv_ingestion.py
[2026-05-09T02:14:41.761+0000] {processor.py:830} INFO - Processing file /opt/airflow/dags/newyork_fhv_ingestion.py for tasks to queue
[2026-05-09T02:14:41.764+0000] {logging_mixin.py:188} INFO - [2026-05-09T02:14:41.763+0000] {dagbag.py:545} INFO - Filling up the DagBag from /opt/airflow/dags/newyork_fhv_ingestion.py
[2026-05-09T02:14:41.810+0000] {processor.py:840} INFO - DAG(s) 'newyork_fhv_ingestion' retrieved from /opt/airflow/dags/newyork_fhv_ingestion.py
[2026-05-09T02:14:41.833+0000] {logging_mixin.py:188} INFO - [2026-05-09T02:14:41.833+0000] {dag.py:3096} INFO - Sync 1 DAGs
[2026-05-09T02:14:41.847+0000] {logging_mixin.py:188} INFO - [2026-05-09T02:14:41.847+0000] {dag.py:3954} INFO - Setting next_dagrun for newyork_fhv_ingestion to None, run_after=None
[2026-05-09T02:14:41.873+0000] {processor.py:183} INFO - Processing /opt/airflow/dags/newyork_fhv_ingestion.py took 0.121 seconds
[2026-05-09T02:15:12.697+0000] {processor.py:161} INFO - Started process (PID=2936) to work on /opt/airflow/dags/newyork_fhv_ingestion.py
[2026-05-09T02:15:12.700+0000] {processor.py:830} INFO - Processing file /opt/airflow/dags/newyork_fhv_ingestion.py for tasks to queue
[2026-05-09T02:15:12.704+0000] {logging_mixin.py:188} INFO - [2026-05-09T02:15:12.704+0000] {dagbag.py:545} INFO - Filling up the DagBag from /opt/airflow/dags/newyork_fhv_ingestion.py
[2026-05-09T02:15:12.754+0000] {processor.py:840} INFO - DAG(s) 'newyork_fhv_ingestion' retrieved from /opt/airflow/dags/newyork_fhv_ingestion.py
[2026-05-09T02:15:12.790+0000] {logging_mixin.py:188} INFO - [2026-05-09T02:15:12.790+0000] {dag.py:3096} INFO - Sync 1 DAGs
[2026-05-09T02:15:12.806+0000] {logging_mixin.py:188} INFO - [2026-05-09T02:15:12.806+0000] {dag.py:3954} INFO - Setting next_dagrun for newyork_fhv_ingestion to None, run_after=None
[2026-05-09T02:15:12.841+0000] {processor.py:183} INFO - Processing /opt/airflow/dags/newyork_fhv_ingestion.py took 0.154 seconds
[2026-05-09T02:15:43.812+0000] {processor.py:161} INFO - Started process (PID=2947) to work on /opt/airflow/dags/newyork_fhv_ingestion.py
[2026-05-09T02:15:43.815+0000] {processor.py:830} INFO - Processing file /opt/airflow/dags/newyork_fhv_ingestion.py for tasks to queue
[2026-05-09T02:15:43.820+0000] {logging_mixin.py:188} INFO - [2026-05-09T02:15:43.819+0000] {dagbag.py:545} INFO - Filling up the DagBag from /opt/airflow/dags/newyork_fhv_ingestion.py
[2026-05-09T02:15:43.891+0000] {processor.py:840} INFO - DAG(s) 'newyork_fhv_ingestion' retrieved from /opt/airflow/dags/newyork_fhv_ingestion.py
[2026-05-09T02:15:43.935+0000] {logging_mixin.py:188} INFO - [2026-05-09T02:15:43.934+0000] {dag.py:3096} INFO - Sync 1 DAGs
[2026-05-09T02:15:43.956+0000] {logging_mixin.py:188} INFO - [2026-05-09T02:15:43.956+0000] {dag.py:3954} INFO - Setting next_dagrun for newyork_fhv_ingestion to None, run_after=None
[2026-05-09T02:15:43.985+0000] {processor.py:183} INFO - Processing /opt/airflow/dags/newyork_fhv_ingestion.py took 0.185 seconds
[2026-05-09T02:16:14.648+0000] {processor.py:161} INFO - Started process (PID=2958) to work on /opt/airflow/dags/newyork_fhv_ingestion.py
[2026-05-09T02:16:14.651+0000] {processor.py:830} INFO - Processing file /opt/airflow/dags/newyork_fhv_ingestion.py for tasks to queue
[2026-05-09T02:16:14.655+0000] {logging_mixin.py:188} INFO - [2026-05-09T02:16:14.655+0000] {dagbag.py:545} INFO - Filling up the DagBag from /opt/airflow/dags/newyork_fhv_ingestion.py
[2026-05-09T02:16:14.712+0000] {processor.py:840} INFO - DAG(s) 'newyork_fhv_ingestion' retrieved from /opt/airflow/dags/newyork_fhv_ingestion.py
[2026-05-09T02:16:14.745+0000] {logging_mixin.py:188} INFO - [2026-05-09T02:16:14.745+0000] {dag.py:3096} INFO - Sync 1 DAGs
[2026-05-09T02:16:14.772+0000] {logging_mixin.py:188} INFO - [2026-05-09T02:16:14.772+0000] {dag.py:3954} INFO - Setting next_dagrun for newyork_fhv_ingestion to None, run_after=None
[2026-05-09T02:16:14.811+0000] {processor.py:183} INFO - Processing /opt/airflow/dags/newyork_fhv_ingestion.py took 0.173 seconds
[2026-05-09T02:16:45.524+0000] {processor.py:161} INFO - Started process (PID=2969) to work on /opt/airflow/dags/newyork_fhv_ingestion.py
[2026-05-09T02:16:45.527+0000] {processor.py:830} INFO - Processing file /opt/airflow/dags/newyork_fhv_ingestion.py for tasks to queue
[2026-05-09T02:16:45.531+0000] {logging_mixin.py:188} INFO - [2026-05-09T02:16:45.531+0000] {dagbag.py:545} INFO - Filling up the DagBag from /opt/airflow/dags/newyork_fhv_ingestion.py
[2026-05-09T02:16:45.591+0000] {processor.py:840} INFO - DAG(s) 'newyork_fhv_ingestion' retrieved from /opt/airflow/dags/newyork_fhv_ingestion.py
[2026-05-09T02:16:45.634+0000] {logging_mixin.py:188} INFO - [2026-05-09T02:16:45.633+0000] {dag.py:3096} INFO - Sync 1 DAGs
[2026-05-09T02:16:45.657+0000] {logging_mixin.py:188} INFO - [2026-05-09T02:16:45.657+0000] {dag.py:3954} INFO - Setting next_dagrun for newyork_fhv_ingestion to None, run_after=None
[2026-05-09T02:16:45.694+0000] {processor.py:183} INFO - Processing /opt/airflow/dags/newyork_fhv_ingestion.py took 0.182 seconds
[2026-05-09T02:17:16.366+0000] {processor.py:161} INFO - Started process (PID=2980) to work on /opt/airflow/dags/newyork_fhv_ingestion.py
[2026-05-09T02:17:16.369+0000] {processor.py:830} INFO - Processing file /opt/airflow/dags/newyork_fhv_ingestion.py for tasks to queue
[2026-05-09T02:17:16.373+0000] {logging_mixin.py:188} INFO - [2026-05-09T02:17:16.372+0000] {dagbag.py:545} INFO - Filling up the DagBag from /opt/airflow/dags/newyork_fhv_ingestion.py
[2026-05-09T02:17:16.410+0000] {processor.py:840} INFO - DAG(s) 'newyork_fhv_ingestion' retrieved from /opt/airflow/dags/newyork_fhv_ingestion.py
[2026-05-09T02:17:16.447+0000] {logging_mixin.py:188} INFO - [2026-05-09T02:17:16.447+0000] {dag.py:3096} INFO - Sync 1 DAGs
[2026-05-09T02:17:16.470+0000] {logging_mixin.py:188} INFO - [2026-05-09T02:17:16.469+0000] {dag.py:3954} INFO - Setting next_dagrun for newyork_fhv_ingestion to None, run_after=None
[2026-05-09T02:17:16.510+0000] {processor.py:183} INFO - Processing /opt/airflow/dags/newyork_fhv_ingestion.py took 0.154 seconds
[2026-05-09T02:17:47.331+0000] {processor.py:161} INFO - Started process (PID=2991) to work on /opt/airflow/dags/newyork_fhv_ingestion.py
[2026-05-09T02:17:47.333+0000] {processor.py:830} INFO - Processing file /opt/airflow/dags/newyork_fhv_ingestion.py for tasks to queue
[2026-05-09T02:17:47.337+0000] {logging_mixin.py:188} INFO - [2026-05-09T02:17:47.336+0000] {dagbag.py:545} INFO - Filling up the DagBag from /opt/airflow/dags/newyork_fhv_ingestion.py
[2026-05-09T02:17:47.373+0000] {processor.py:840} INFO - DAG(s) 'newyork_fhv_ingestion' retrieved from /opt/airflow/dags/newyork_fhv_ingestion.py
[2026-05-09T02:17:47.404+0000] {logging_mixin.py:188} INFO - [2026-05-09T02:17:47.404+0000] {dag.py:3096} INFO - Sync 1 DAGs
[2026-05-09T02:17:47.422+0000] {logging_mixin.py:188} INFO - [2026-05-09T02:17:47.422+0000] {dag.py:3954} INFO - Setting next_dagrun for newyork_fhv_ingestion to None, run_after=None
[2026-05-09T02:17:47.458+0000] {processor.py:183} INFO - Processing /opt/airflow/dags/newyork_fhv_ingestion.py took 0.138 seconds
[2026-05-09T02:18:18.304+0000] {processor.py:161} INFO - Started process (PID=3002) to work on /opt/airflow/dags/newyork_fhv_ingestion.py
[2026-05-09T02:18:18.306+0000] {processor.py:830} INFO - Processing file /opt/airflow/dags/newyork_fhv_ingestion.py for tasks to queue
[2026-05-09T02:18:18.310+0000] {logging_mixin.py:188} INFO - [2026-05-09T02:18:18.309+0000] {dagbag.py:545} INFO - Filling up the DagBag from /opt/airflow/dags/newyork_fhv_ingestion.py
[2026-05-09T02:18:18.351+0000] {processor.py:840} INFO - DAG(s) 'newyork_fhv_ingestion' retrieved from /opt/airflow/dags/newyork_fhv_ingestion.py
[2026-05-09T02:18:18.386+0000] {logging_mixin.py:188} INFO - [2026-05-09T02:18:18.386+0000] {dag.py:3096} INFO - Sync 1 DAGs
[2026-05-09T02:18:18.412+0000] {logging_mixin.py:188} INFO - [2026-05-09T02:18:18.411+0000] {dag.py:3954} INFO - Setting next_dagrun for newyork_fhv_ingestion to None, run_after=None
[2026-05-09T02:18:18.452+0000] {processor.py:183} INFO - Processing /opt/airflow/dags/newyork_fhv_ingestion.py took 0.159 seconds
[2026-05-09T02:18:49.082+0000] {processor.py:161} INFO - Started process (PID=3013) to work on /opt/airflow/dags/newyork_fhv_ingestion.py
[2026-05-09T02:18:49.083+0000] {processor.py:830} INFO - Processing file /opt/airflow/dags/newyork_fhv_ingestion.py for tasks to queue
[2026-05-09T02:18:49.087+0000] {logging_mixin.py:188} INFO - [2026-05-09T02:18:49.087+0000] {dagbag.py:545} INFO - Filling up the DagBag from /opt/airflow/dags/newyork_fhv_ingestion.py
[2026-05-09T02:18:49.119+0000] {processor.py:840} INFO - DAG(s) 'newyork_fhv_ingestion' retrieved from /opt/airflow/dags/newyork_fhv_ingestion.py
[2026-05-09T02:18:49.154+0000] {logging_mixin.py:188} INFO - [2026-05-09T02:18:49.154+0000] {dag.py:3096} INFO - Sync 1 DAGs
[2026-05-09T02:18:49.178+0000] {logging_mixin.py:188} INFO - [2026-05-09T02:18:49.178+0000] {dag.py:3954} INFO - Setting next_dagrun for newyork_fhv_ingestion to None, run_after=None
[2026-05-09T02:18:49.220+0000] {processor.py:183} INFO - Processing /opt/airflow/dags/newyork_fhv_ingestion.py took 0.149 seconds
[2026-05-09T02:19:19.413+0000] {processor.py:161} INFO - Started process (PID=3024) to work on /opt/airflow/dags/newyork_fhv_ingestion.py
[2026-05-09T02:19:19.414+0000] {processor.py:830} INFO - Processing file /opt/airflow/dags/newyork_fhv_ingestion.py for tasks to queue
[2026-05-09T02:19:19.418+0000] {logging_mixin.py:188} INFO - [2026-05-09T02:19:19.418+0000] {dagbag.py:545} INFO - Filling up the DagBag from /opt/airflow/dags/newyork_fhv_ingestion.py
[2026-05-09T02:19:19.470+0000] {processor.py:840} INFO - DAG(s) 'newyork_fhv_ingestion' retrieved from /opt/airflow/dags/newyork_fhv_ingestion.py
[2026-05-09T02:19:19.511+0000] {logging_mixin.py:188} INFO - [2026-05-09T02:19:19.511+0000] {dag.py:3096} INFO - Sync 1 DAGs
[2026-05-09T02:19:19.535+0000] {logging_mixin.py:188} INFO - [2026-05-09T02:19:19.535+0000] {dag.py:3954} INFO - Setting next_dagrun for newyork_fhv_ingestion to None, run_after=None
[2026-05-09T02:19:19.575+0000] {processor.py:183} INFO - Processing /opt/airflow/dags/newyork_fhv_ingestion.py took 0.170 seconds
[2026-05-09T02:19:49.768+0000] {processor.py:161} INFO - Started process (PID=3035) to work on /opt/airflow/dags/newyork_fhv_ingestion.py
[2026-05-09T02:19:49.771+0000] {processor.py:830} INFO - Processing file /opt/airflow/dags/newyork_fhv_ingestion.py for tasks to queue
[2026-05-09T02:19:49.774+0000] {logging_mixin.py:188} INFO - [2026-05-09T02:19:49.774+0000] {dagbag.py:545} INFO - Filling up the DagBag from /opt/airflow/dags/newyork_fhv_ingestion.py
[2026-05-09T02:19:49.807+0000] {processor.py:840} INFO - DAG(s) 'newyork_fhv_ingestion' retrieved from /opt/airflow/dags/newyork_fhv_ingestion.py
[2026-05-09T02:19:49.837+0000] {logging_mixin.py:188} INFO - [2026-05-09T02:19:49.837+0000] {dag.py:3096} INFO - Sync 1 DAGs
[2026-05-09T02:19:49.854+0000] {logging_mixin.py:188} INFO - [2026-05-09T02:19:49.853+0000] {dag.py:3954} INFO - Setting next_dagrun for newyork_fhv_ingestion to None, run_after=None
[2026-05-09T02:19:49.895+0000] {processor.py:183} INFO - Processing /opt/airflow/dags/newyork_fhv_ingestion.py took 0.139 seconds
[2026-05-09T02:20:20.547+0000] {processor.py:161} INFO - Started process (PID=3046) to work on /opt/airflow/dags/newyork_fhv_ingestion.py
[2026-05-09T02:20:20.548+0000] {processor.py:830} INFO - Processing file /opt/airflow/dags/newyork_fhv_ingestion.py for tasks to queue
[2026-05-09T02:20:20.550+0000] {logging_mixin.py:188} INFO - [2026-05-09T02:20:20.550+0000] {dagbag.py:545} INFO - Filling up the DagBag from /opt/airflow/dags/newyork_fhv_ingestion.py
[2026-05-09T02:20:20.586+0000] {processor.py:840} INFO - DAG(s) 'newyork_fhv_ingestion' retrieved from /opt/airflow/dags/newyork_fhv_ingestion.py
[2026-05-09T02:20:20.610+0000] {logging_mixin.py:188} INFO - [2026-05-09T02:20:20.610+0000] {dag.py:3096} INFO - Sync 1 DAGs
[2026-05-09T02:20:20.623+0000] {logging_mixin.py:188} INFO - [2026-05-09T02:20:20.623+0000] {dag.py:3954} INFO - Setting next_dagrun for newyork_fhv_ingestion to None, run_after=None
[2026-05-09T02:20:20.646+0000] {processor.py:183} INFO - Processing /opt/airflow/dags/newyork_fhv_ingestion.py took 0.106 seconds
[2026-05-09T02:20:51.386+0000] {processor.py:161} INFO - Started process (PID=3057) to work on /opt/airflow/dags/newyork_fhv_ingestion.py
[2026-05-09T02:20:51.387+0000] {processor.py:830} INFO - Processing file /opt/airflow/dags/newyork_fhv_ingestion.py for tasks to queue
[2026-05-09T02:20:51.390+0000] {logging_mixin.py:188} INFO - [2026-05-09T02:20:51.389+0000] {dagbag.py:545} INFO - Filling up the DagBag from /opt/airflow/dags/newyork_fhv_ingestion.py
[2026-05-09T02:20:51.418+0000] {processor.py:840} INFO - DAG(s) 'newyork_fhv_ingestion' retrieved from /opt/airflow/dags/newyork_fhv_ingestion.py
[2026-05-09T02:20:51.439+0000] {logging_mixin.py:188} INFO - [2026-05-09T02:20:51.439+0000] {dag.py:3096} INFO - Sync 1 DAGs
[2026-05-09T02:20:51.453+0000] {logging_mixin.py:188} INFO - [2026-05-09T02:20:51.453+0000] {dag.py:3954} INFO - Setting next_dagrun for newyork_fhv_ingestion to None, run_after=None
[2026-05-09T02:20:51.477+0000] {processor.py:183} INFO - Processing /opt/airflow/dags/newyork_fhv_ingestion.py took 0.099 seconds
[2026-05-09T02:21:22.277+0000] {processor.py:161} INFO - Started process (PID=3068) to work on /opt/airflow/dags/newyork_fhv_ingestion.py
[2026-05-09T02:21:22.278+0000] {processor.py:830} INFO - Processing file /opt/airflow/dags/newyork_fhv_ingestion.py for tasks to queue
[2026-05-09T02:21:22.281+0000] {logging_mixin.py:188} INFO - [2026-05-09T02:21:22.281+0000] {dagbag.py:545} INFO - Filling up the DagBag from /opt/airflow/dags/newyork_fhv_ingestion.py
[2026-05-09T02:21:22.320+0000] {processor.py:840} INFO - DAG(s) 'newyork_fhv_ingestion' retrieved from /opt/airflow/dags/newyork_fhv_ingestion.py
[2026-05-09T02:21:22.349+0000] {logging_mixin.py:188} INFO - [2026-05-09T02:21:22.348+0000] {dag.py:3096} INFO - Sync 1 DAGs
[2026-05-09T02:21:22.364+0000] {logging_mixin.py:188} INFO - [2026-05-09T02:21:22.363+0000] {dag.py:3954} INFO - Setting next_dagrun for newyork_fhv_ingestion to None, run_after=None
[2026-05-09T02:21:22.388+0000] {processor.py:183} INFO - Processing /opt/airflow/dags/newyork_fhv_ingestion.py took 0.120 seconds
[2026-05-09T02:21:53.136+0000] {processor.py:161} INFO - Started process (PID=3079) to work on /opt/airflow/dags/newyork_fhv_ingestion.py
[2026-05-09T02:21:53.138+0000] {processor.py:830} INFO - Processing file /opt/airflow/dags/newyork_fhv_ingestion.py for tasks to queue
[2026-05-09T02:21:53.140+0000] {logging_mixin.py:188} INFO - [2026-05-09T02:21:53.140+0000] {dagbag.py:545} INFO - Filling up the DagBag from /opt/airflow/dags/newyork_fhv_ingestion.py
[2026-05-09T02:21:53.178+0000] {processor.py:840} INFO - DAG(s) 'newyork_fhv_ingestion' retrieved from /opt/airflow/dags/newyork_fhv_ingestion.py
[2026-05-09T02:21:53.202+0000] {logging_mixin.py:188} INFO - [2026-05-09T02:21:53.202+0000] {dag.py:3096} INFO - Sync 1 DAGs
[2026-05-09T02:21:53.216+0000] {logging_mixin.py:188} INFO - [2026-05-09T02:21:53.216+0000] {dag.py:3954} INFO - Setting next_dagrun for newyork_fhv_ingestion to None, run_after=None
[2026-05-09T02:21:53.247+0000] {processor.py:183} INFO - Processing /opt/airflow/dags/newyork_fhv_ingestion.py took 0.117 seconds
[2026-05-09T02:22:23.997+0000] {processor.py:161} INFO - Started process (PID=3091) to work on /opt/airflow/dags/newyork_fhv_ingestion.py
[2026-05-09T02:22:23.999+0000] {processor.py:830} INFO - Processing file /opt/airflow/dags/newyork_fhv_ingestion.py for tasks to queue
[2026-05-09T02:22:24.002+0000] {logging_mixin.py:188} INFO - [2026-05-09T02:22:24.001+0000] {dagbag.py:545} INFO - Filling up the DagBag from /opt/airflow/dags/newyork_fhv_ingestion.py
[2026-05-09T02:22:24.044+0000] {processor.py:840} INFO - DAG(s) 'newyork_fhv_ingestion' retrieved from /opt/airflow/dags/newyork_fhv_ingestion.py
[2026-05-09T02:22:24.070+0000] {logging_mixin.py:188} INFO - [2026-05-09T02:22:24.070+0000] {dag.py:3096} INFO - Sync 1 DAGs
[2026-05-09T02:22:24.086+0000] {logging_mixin.py:188} INFO - [2026-05-09T02:22:24.085+0000] {dag.py:3954} INFO - Setting next_dagrun for newyork_fhv_ingestion to None, run_after=None
[2026-05-09T02:22:24.113+0000] {processor.py:183} INFO - Processing /opt/airflow/dags/newyork_fhv_ingestion.py took 0.125 seconds
[2026-05-09T02:22:54.863+0000] {processor.py:161} INFO - Started process (PID=3102) to work on /opt/airflow/dags/newyork_fhv_ingestion.py
[2026-05-09T02:22:54.866+0000] {processor.py:830} INFO - Processing file /opt/airflow/dags/newyork_fhv_ingestion.py for tasks to queue
[2026-05-09T02:22:54.869+0000] {logging_mixin.py:188} INFO - [2026-05-09T02:22:54.868+0000] {dagbag.py:545} INFO - Filling up the DagBag from /opt/airflow/dags/newyork_fhv_ingestion.py
[2026-05-09T02:22:54.899+0000] {processor.py:840} INFO - DAG(s) 'newyork_fhv_ingestion' retrieved from /opt/airflow/dags/newyork_fhv_ingestion.py
[2026-05-09T02:22:54.927+0000] {logging_mixin.py:188} INFO - [2026-05-09T02:22:54.927+0000] {dag.py:3096} INFO - Sync 1 DAGs
[2026-05-09T02:22:54.943+0000] {logging_mixin.py:188} INFO - [2026-05-09T02:22:54.943+0000] {dag.py:3954} INFO - Setting next_dagrun for newyork_fhv_ingestion to None, run_after=None
[2026-05-09T02:22:54.972+0000] {processor.py:183} INFO - Processing /opt/airflow/dags/newyork_fhv_ingestion.py took 0.118 seconds
[2026-05-09T02:23:25.190+0000] {processor.py:161} INFO - Started process (PID=3113) to work on /opt/airflow/dags/newyork_fhv_ingestion.py
[2026-05-09T02:23:25.193+0000] {processor.py:830} INFO - Processing file /opt/airflow/dags/newyork_fhv_ingestion.py for tasks to queue
[2026-05-09T02:23:25.199+0000] {logging_mixin.py:188} INFO - [2026-05-09T02:23:25.198+0000] {dagbag.py:545} INFO - Filling up the DagBag from /opt/airflow/dags/newyork_fhv_ingestion.py
[2026-05-09T02:23:25.262+0000] {processor.py:840} INFO - DAG(s) 'newyork_fhv_ingestion' retrieved from /opt/airflow/dags/newyork_fhv_ingestion.py
[2026-05-09T02:23:25.307+0000] {logging_mixin.py:188} INFO - [2026-05-09T02:23:25.307+0000] {dag.py:3096} INFO - Sync 1 DAGs
[2026-05-09T02:23:25.332+0000] {logging_mixin.py:188} INFO - [2026-05-09T02:23:25.331+0000] {dag.py:3954} INFO - Setting next_dagrun for newyork_fhv_ingestion to None, run_after=None
[2026-05-09T02:23:25.368+0000] {processor.py:183} INFO - Processing /opt/airflow/dags/newyork_fhv_ingestion.py took 0.191 seconds
[2026-05-09T02:23:55.524+0000] {processor.py:161} INFO - Started process (PID=3124) to work on /opt/airflow/dags/newyork_fhv_ingestion.py
[2026-05-09T02:23:55.526+0000] {processor.py:830} INFO - Processing file /opt/airflow/dags/newyork_fhv_ingestion.py for tasks to queue
[2026-05-09T02:23:55.530+0000] {logging_mixin.py:188} INFO - [2026-05-09T02:23:55.529+0000] {dagbag.py:545} INFO - Filling up the DagBag from /opt/airflow/dags/newyork_fhv_ingestion.py
[2026-05-09T02:23:55.568+0000] {processor.py:840} INFO - DAG(s) 'newyork_fhv_ingestion' retrieved from /opt/airflow/dags/newyork_fhv_ingestion.py
[2026-05-09T02:23:55.591+0000] {logging_mixin.py:188} INFO - [2026-05-09T02:23:55.591+0000] {dag.py:3096} INFO - Sync 1 DAGs
[2026-05-09T02:23:55.604+0000] {logging_mixin.py:188} INFO - [2026-05-09T02:23:55.604+0000] {dag.py:3954} INFO - Setting next_dagrun for newyork_fhv_ingestion to None, run_after=None
[2026-05-09T02:23:55.630+0000] {processor.py:183} INFO - Processing /opt/airflow/dags/newyork_fhv_ingestion.py took 0.118 seconds
[2026-05-09T02:24:26.549+0000] {processor.py:161} INFO - Started process (PID=3135) to work on /opt/airflow/dags/newyork_fhv_ingestion.py
[2026-05-09T02:24:26.551+0000] {processor.py:830} INFO - Processing file /opt/airflow/dags/newyork_fhv_ingestion.py for tasks to queue
[2026-05-09T02:24:26.554+0000] {logging_mixin.py:188} INFO - [2026-05-09T02:24:26.554+0000] {dagbag.py:545} INFO - Filling up the DagBag from /opt/airflow/dags/newyork_fhv_ingestion.py
[2026-05-09T02:24:26.607+0000] {processor.py:840} INFO - DAG(s) 'newyork_fhv_ingestion' retrieved from /opt/airflow/dags/newyork_fhv_ingestion.py
[2026-05-09T02:24:26.650+0000] {logging_mixin.py:188} INFO - [2026-05-09T02:24:26.649+0000] {dag.py:3096} INFO - Sync 1 DAGs
[2026-05-09T02:24:26.680+0000] {logging_mixin.py:188} INFO - [2026-05-09T02:24:26.680+0000] {dag.py:3954} INFO - Setting next_dagrun for newyork_fhv_ingestion to None, run_after=None
[2026-05-09T02:24:26.738+0000] {processor.py:183} INFO - Processing /opt/airflow/dags/newyork_fhv_ingestion.py took 0.198 seconds
[2026-05-09T02:24:57.618+0000] {processor.py:161} INFO - Started process (PID=3146) to work on /opt/airflow/dags/newyork_fhv_ingestion.py
[2026-05-09T02:24:57.620+0000] {processor.py:830} INFO - Processing file /opt/airflow/dags/newyork_fhv_ingestion.py for tasks to queue
[2026-05-09T02:24:57.624+0000] {logging_mixin.py:188} INFO - [2026-05-09T02:24:57.624+0000] {dagbag.py:545} INFO - Filling up the DagBag from /opt/airflow/dags/newyork_fhv_ingestion.py
[2026-05-09T02:24:57.660+0000] {processor.py:840} INFO - DAG(s) 'newyork_fhv_ingestion' retrieved from /opt/airflow/dags/newyork_fhv_ingestion.py
[2026-05-09T02:24:57.687+0000] {logging_mixin.py:188} INFO - [2026-05-09T02:24:57.687+0000] {dag.py:3096} INFO - Sync 1 DAGs
[2026-05-09T02:24:57.701+0000] {logging_mixin.py:188} INFO - [2026-05-09T02:24:57.701+0000] {dag.py:3954} INFO - Setting next_dagrun for newyork_fhv_ingestion to None, run_after=None
[2026-05-09T02:24:57.725+0000] {processor.py:183} INFO - Processing /opt/airflow/dags/newyork_fhv_ingestion.py took 0.117 seconds
[2026-05-09T02:25:28.473+0000] {processor.py:161} INFO - Started process (PID=3157) to work on /opt/airflow/dags/newyork_fhv_ingestion.py
[2026-05-09T02:25:28.475+0000] {processor.py:830} INFO - Processing file /opt/airflow/dags/newyork_fhv_ingestion.py for tasks to queue
[2026-05-09T02:25:28.478+0000] {logging_mixin.py:188} INFO - [2026-05-09T02:25:28.478+0000] {dagbag.py:545} INFO - Filling up the DagBag from /opt/airflow/dags/newyork_fhv_ingestion.py
[2026-05-09T02:25:28.525+0000] {processor.py:840} INFO - DAG(s) 'newyork_fhv_ingestion' retrieved from /opt/airflow/dags/newyork_fhv_ingestion.py
[2026-05-09T02:25:28.561+0000] {logging_mixin.py:188} INFO - [2026-05-09T02:25:28.561+0000] {dag.py:3096} INFO - Sync 1 DAGs
[2026-05-09T02:25:28.584+0000] {logging_mixin.py:188} INFO - [2026-05-09T02:25:28.583+0000] {dag.py:3954} INFO - Setting next_dagrun for newyork_fhv_ingestion to None, run_after=None
[2026-05-09T02:25:28.624+0000] {processor.py:183} INFO - Processing /opt/airflow/dags/newyork_fhv_ingestion.py took 0.159 seconds
[2026-05-09T02:25:59.528+0000] {processor.py:161} INFO - Started process (PID=3168) to work on /opt/airflow/dags/newyork_fhv_ingestion.py
[2026-05-09T02:25:59.530+0000] {processor.py:830} INFO - Processing file /opt/airflow/dags/newyork_fhv_ingestion.py for tasks to queue
[2026-05-09T02:25:59.533+0000] {logging_mixin.py:188} INFO - [2026-05-09T02:25:59.532+0000] {dagbag.py:545} INFO - Filling up the DagBag from /opt/airflow/dags/newyork_fhv_ingestion.py
[2026-05-09T02:25:59.559+0000] {processor.py:840} INFO - DAG(s) 'newyork_fhv_ingestion' retrieved from /opt/airflow/dags/newyork_fhv_ingestion.py
[2026-05-09T02:25:59.580+0000] {logging_mixin.py:188} INFO - [2026-05-09T02:25:59.580+0000] {dag.py:3096} INFO - Sync 1 DAGs
[2026-05-09T02:25:59.594+0000] {logging_mixin.py:188} INFO - [2026-05-09T02:25:59.594+0000] {dag.py:3954} INFO - Setting next_dagrun for newyork_fhv_ingestion to None, run_after=None
[2026-05-09T02:25:59.618+0000] {processor.py:183} INFO - Processing /opt/airflow/dags/newyork_fhv_ingestion.py took 0.099 seconds
[2026-05-09T02:26:30.540+0000] {processor.py:161} INFO - Started process (PID=3179) to work on /opt/airflow/dags/newyork_fhv_ingestion.py
[2026-05-09T02:26:30.542+0000] {processor.py:830} INFO - Processing file /opt/airflow/dags/newyork_fhv_ingestion.py for tasks to queue
[2026-05-09T02:26:30.547+0000] {logging_mixin.py:188} INFO - [2026-05-09T02:26:30.546+0000] {dagbag.py:545} INFO - Filling up the DagBag from /opt/airflow/dags/newyork_fhv_ingestion.py
[2026-05-09T02:26:30.589+0000] {processor.py:840} INFO - DAG(s) 'newyork_fhv_ingestion' retrieved from /opt/airflow/dags/newyork_fhv_ingestion.py
[2026-05-09T02:26:30.615+0000] {logging_mixin.py:188} INFO - [2026-05-09T02:26:30.615+0000] {dag.py:3096} INFO - Sync 1 DAGs
[2026-05-09T02:26:30.630+0000] {logging_mixin.py:188} INFO - [2026-05-09T02:26:30.630+0000] {dag.py:3954} INFO - Setting next_dagrun for newyork_fhv_ingestion to None, run_after=None
[2026-05-09T02:26:30.659+0000] {processor.py:183} INFO - Processing /opt/airflow/dags/newyork_fhv_ingestion.py took 0.131 seconds
[2026-05-09T02:27:00.960+0000] {processor.py:161} INFO - Started process (PID=3190) to work on /opt/airflow/dags/newyork_fhv_ingestion.py
[2026-05-09T02:27:00.962+0000] {processor.py:830} INFO - Processing file /opt/airflow/dags/newyork_fhv_ingestion.py for tasks to queue
[2026-05-09T02:27:00.965+0000] {logging_mixin.py:188} INFO - [2026-05-09T02:27:00.964+0000] {dagbag.py:545} INFO - Filling up the DagBag from /opt/airflow/dags/newyork_fhv_ingestion.py
[2026-05-09T02:27:01.005+0000] {processor.py:840} INFO - DAG(s) 'newyork_fhv_ingestion' retrieved from /opt/airflow/dags/newyork_fhv_ingestion.py
[2026-05-09T02:27:01.036+0000] {logging_mixin.py:188} INFO - [2026-05-09T02:27:01.036+0000] {dag.py:3096} INFO - Sync 1 DAGs
[2026-05-09T02:27:01.058+0000] {logging_mixin.py:188} INFO - [2026-05-09T02:27:01.058+0000] {dag.py:3954} INFO - Setting next_dagrun for newyork_fhv_ingestion to None, run_after=None
[2026-05-09T02:27:01.089+0000] {processor.py:183} INFO - Processing /opt/airflow/dags/newyork_fhv_ingestion.py took 0.136 seconds
[2026-05-09T02:27:31.943+0000] {processor.py:161} INFO - Started process (PID=3201) to work on /opt/airflow/dags/newyork_fhv_ingestion.py
[2026-05-09T02:27:31.944+0000] {processor.py:830} INFO - Processing file /opt/airflow/dags/newyork_fhv_ingestion.py for tasks to queue
[2026-05-09T02:27:31.948+0000] {logging_mixin.py:188} INFO - [2026-05-09T02:27:31.948+0000] {dagbag.py:545} INFO - Filling up the DagBag from /opt/airflow/dags/newyork_fhv_ingestion.py
[2026-05-09T02:27:31.989+0000] {processor.py:840} INFO - DAG(s) 'newyork_fhv_ingestion' retrieved from /opt/airflow/dags/newyork_fhv_ingestion.py
[2026-05-09T02:27:32.018+0000] {logging_mixin.py:188} INFO - [2026-05-09T02:27:32.017+0000] {dag.py:3096} INFO - Sync 1 DAGs
[2026-05-09T02:27:32.036+0000] {logging_mixin.py:188} INFO - [2026-05-09T02:27:32.035+0000] {dag.py:3954} INFO - Setting next_dagrun for newyork_fhv_ingestion to None, run_after=None
[2026-05-09T02:27:32.067+0000] {processor.py:183} INFO - Processing /opt/airflow/dags/newyork_fhv_ingestion.py took 0.134 seconds
[2026-05-09T02:28:02.892+0000] {processor.py:161} INFO - Started process (PID=3212) to work on /opt/airflow/dags/newyork_fhv_ingestion.py
[2026-05-09T02:28:02.893+0000] {processor.py:830} INFO - Processing file /opt/airflow/dags/newyork_fhv_ingestion.py for tasks to queue
[2026-05-09T02:28:02.896+0000] {logging_mixin.py:188} INFO - [2026-05-09T02:28:02.896+0000] {dagbag.py:545} INFO - Filling up the DagBag from /opt/airflow/dags/newyork_fhv_ingestion.py
[2026-05-09T02:28:02.944+0000] {processor.py:840} INFO - DAG(s) 'newyork_fhv_ingestion' retrieved from /opt/airflow/dags/newyork_fhv_ingestion.py
[2026-05-09T02:28:02.970+0000] {logging_mixin.py:188} INFO - [2026-05-09T02:28:02.970+0000] {dag.py:3096} INFO - Sync 1 DAGs
[2026-05-09T02:28:02.982+0000] {logging_mixin.py:188} INFO - [2026-05-09T02:28:02.982+0000] {dag.py:3954} INFO - Setting next_dagrun for newyork_fhv_ingestion to None, run_after=None
[2026-05-09T02:28:03.005+0000] {processor.py:183} INFO - Processing /opt/airflow/dags/newyork_fhv_ingestion.py took 0.125 seconds
[2026-05-09T02:28:33.675+0000] {processor.py:161} INFO - Started process (PID=3223) to work on /opt/airflow/dags/newyork_fhv_ingestion.py
[2026-05-09T02:28:33.677+0000] {processor.py:830} INFO - Processing file /opt/airflow/dags/newyork_fhv_ingestion.py for tasks to queue
[2026-05-09T02:28:33.681+0000] {logging_mixin.py:188} INFO - [2026-05-09T02:28:33.680+0000] {dagbag.py:545} INFO - Filling up the DagBag from /opt/airflow/dags/newyork_fhv_ingestion.py
[2026-05-09T02:28:33.735+0000] {processor.py:840} INFO - DAG(s) 'newyork_fhv_ingestion' retrieved from /opt/airflow/dags/newyork_fhv_ingestion.py
[2026-05-09T02:28:33.770+0000] {logging_mixin.py:188} INFO - [2026-05-09T02:28:33.769+0000] {dag.py:3096} INFO - Sync 1 DAGs
[2026-05-09T02:28:33.788+0000] {logging_mixin.py:188} INFO - [2026-05-09T02:28:33.788+0000] {dag.py:3954} INFO - Setting next_dagrun for newyork_fhv_ingestion to None, run_after=None
[2026-05-09T02:28:33.817+0000] {processor.py:183} INFO - Processing /opt/airflow/dags/newyork_fhv_ingestion.py took 0.151 seconds
[2026-05-09T02:29:04.848+0000] {processor.py:161} INFO - Started process (PID=3234) to work on /opt/airflow/dags/newyork_fhv_ingestion.py
[2026-05-09T02:29:04.851+0000] {processor.py:830} INFO - Processing file /opt/airflow/dags/newyork_fhv_ingestion.py for tasks to queue
[2026-05-09T02:29:04.854+0000] {logging_mixin.py:188} INFO - [2026-05-09T02:29:04.853+0000] {dagbag.py:545} INFO - Filling up the DagBag from /opt/airflow/dags/newyork_fhv_ingestion.py
[2026-05-09T02:29:04.914+0000] {processor.py:840} INFO - DAG(s) 'newyork_fhv_ingestion' retrieved from /opt/airflow/dags/newyork_fhv_ingestion.py
[2026-05-09T02:29:04.956+0000] {logging_mixin.py:188} INFO - [2026-05-09T02:29:04.955+0000] {dag.py:3096} INFO - Sync 1 DAGs
[2026-05-09T02:29:04.981+0000] {logging_mixin.py:188} INFO - [2026-05-09T02:29:04.980+0000] {dag.py:3954} INFO - Setting next_dagrun for newyork_fhv_ingestion to None, run_after=None
[2026-05-09T02:29:05.024+0000] {processor.py:183} INFO - Processing /opt/airflow/dags/newyork_fhv_ingestion.py took 0.188 seconds
[2026-05-09T02:29:35.726+0000] {processor.py:161} INFO - Started process (PID=3245) to work on /opt/airflow/dags/newyork_fhv_ingestion.py
[2026-05-09T02:29:35.729+0000] {processor.py:830} INFO - Processing file /opt/airflow/dags/newyork_fhv_ingestion.py for tasks to queue
[2026-05-09T02:29:35.734+0000] {logging_mixin.py:188} INFO - [2026-05-09T02:29:35.733+0000] {dagbag.py:545} INFO - Filling up the DagBag from /opt/airflow/dags/newyork_fhv_ingestion.py
[2026-05-09T02:29:35.790+0000] {processor.py:840} INFO - DAG(s) 'newyork_fhv_ingestion' retrieved from /opt/airflow/dags/newyork_fhv_ingestion.py
[2026-05-09T02:29:35.826+0000] {logging_mixin.py:188} INFO - [2026-05-09T02:29:35.826+0000] {dag.py:3096} INFO - Sync 1 DAGs
[2026-05-09T02:29:35.840+0000] {logging_mixin.py:188} INFO - [2026-05-09T02:29:35.839+0000] {dag.py:3954} INFO - Setting next_dagrun for newyork_fhv_ingestion to None, run_after=None
[2026-05-09T02:29:35.866+0000] {processor.py:183} INFO - Processing /opt/airflow/dags/newyork_fhv_ingestion.py took 0.152 seconds
[2026-05-09T02:30:06.622+0000] {processor.py:161} INFO - Started process (PID=3256) to work on /opt/airflow/dags/newyork_fhv_ingestion.py
[2026-05-09T02:30:06.624+0000] {processor.py:830} INFO - Processing file /opt/airflow/dags/newyork_fhv_ingestion.py for tasks to queue
[2026-05-09T02:30:06.626+0000] {logging_mixin.py:188} INFO - [2026-05-09T02:30:06.626+0000] {dagbag.py:545} INFO - Filling up the DagBag from /opt/airflow/dags/newyork_fhv_ingestion.py
[2026-05-09T02:30:06.660+0000] {processor.py:840} INFO - DAG(s) 'newyork_fhv_ingestion' retrieved from /opt/airflow/dags/newyork_fhv_ingestion.py
[2026-05-09T02:30:06.682+0000] {logging_mixin.py:188} INFO - [2026-05-09T02:30:06.682+0000] {dag.py:3096} INFO - Sync 1 DAGs
[2026-05-09T02:30:06.695+0000] {logging_mixin.py:188} INFO - [2026-05-09T02:30:06.695+0000] {dag.py:3954} INFO - Setting next_dagrun for newyork_fhv_ingestion to None, run_after=None
[2026-05-09T02:30:06.717+0000] {processor.py:183} INFO - Processing /opt/airflow/dags/newyork_fhv_ingestion.py took 0.101 seconds
[2026-05-09T02:30:37.521+0000] {processor.py:161} INFO - Started process (PID=3267) to work on /opt/airflow/dags/newyork_fhv_ingestion.py
[2026-05-09T02:30:37.522+0000] {processor.py:830} INFO - Processing file /opt/airflow/dags/newyork_fhv_ingestion.py for tasks to queue
[2026-05-09T02:30:37.524+0000] {logging_mixin.py:188} INFO - [2026-05-09T02:30:37.524+0000] {dagbag.py:545} INFO - Filling up the DagBag from /opt/airflow/dags/newyork_fhv_ingestion.py
[2026-05-09T02:30:37.559+0000] {processor.py:840} INFO - DAG(s) 'newyork_fhv_ingestion' retrieved from /opt/airflow/dags/newyork_fhv_ingestion.py
[2026-05-09T02:30:37.582+0000] {logging_mixin.py:188} INFO - [2026-05-09T02:30:37.582+0000] {dag.py:3096} INFO - Sync 1 DAGs
[2026-05-09T02:30:37.595+0000] {logging_mixin.py:188} INFO - [2026-05-09T02:30:37.595+0000] {dag.py:3954} INFO - Setting next_dagrun for newyork_fhv_ingestion to None, run_after=None
[2026-05-09T02:30:37.617+0000] {processor.py:183} INFO - Processing /opt/airflow/dags/newyork_fhv_ingestion.py took 0.104 seconds
[2026-05-09T02:31:08.530+0000] {processor.py:161} INFO - Started process (PID=3278) to work on /opt/airflow/dags/newyork_fhv_ingestion.py
[2026-05-09T02:31:08.532+0000] {processor.py:830} INFO - Processing file /opt/airflow/dags/newyork_fhv_ingestion.py for tasks to queue
[2026-05-09T02:31:08.535+0000] {logging_mixin.py:188} INFO - [2026-05-09T02:31:08.535+0000] {dagbag.py:545} INFO - Filling up the DagBag from /opt/airflow/dags/newyork_fhv_ingestion.py
[2026-05-09T02:31:08.568+0000] {processor.py:840} INFO - DAG(s) 'newyork_fhv_ingestion' retrieved from /opt/airflow/dags/newyork_fhv_ingestion.py
[2026-05-09T02:31:08.592+0000] {logging_mixin.py:188} INFO - [2026-05-09T02:31:08.592+0000] {dag.py:3096} INFO - Sync 1 DAGs
[2026-05-09T02:31:08.609+0000] {logging_mixin.py:188} INFO - [2026-05-09T02:31:08.609+0000] {dag.py:3954} INFO - Setting next_dagrun for newyork_fhv_ingestion to None, run_after=None
[2026-05-09T02:31:08.636+0000] {processor.py:183} INFO - Processing /opt/airflow/dags/newyork_fhv_ingestion.py took 0.113 seconds
[2026-05-09T02:31:39.501+0000] {processor.py:161} INFO - Started process (PID=3289) to work on /opt/airflow/dags/newyork_fhv_ingestion.py
[2026-05-09T02:31:39.503+0000] {processor.py:830} INFO - Processing file /opt/airflow/dags/newyork_fhv_ingestion.py for tasks to queue
[2026-05-09T02:31:39.507+0000] {logging_mixin.py:188} INFO - [2026-05-09T02:31:39.506+0000] {dagbag.py:545} INFO - Filling up the DagBag from /opt/airflow/dags/newyork_fhv_ingestion.py
[2026-05-09T02:31:39.548+0000] {processor.py:840} INFO - DAG(s) 'newyork_fhv_ingestion' retrieved from /opt/airflow/dags/newyork_fhv_ingestion.py
[2026-05-09T02:31:39.573+0000] {logging_mixin.py:188} INFO - [2026-05-09T02:31:39.573+0000] {dag.py:3096} INFO - Sync 1 DAGs
[2026-05-09T02:31:39.588+0000] {logging_mixin.py:188} INFO - [2026-05-09T02:31:39.588+0000] {dag.py:3954} INFO - Setting next_dagrun for newyork_fhv_ingestion to None, run_after=None
[2026-05-09T02:31:39.626+0000] {processor.py:183} INFO - Processing /opt/airflow/dags/newyork_fhv_ingestion.py took 0.137 seconds
[2026-05-09T02:32:10.577+0000] {processor.py:161} INFO - Started process (PID=3300) to work on /opt/airflow/dags/newyork_fhv_ingestion.py
[2026-05-09T02:32:10.580+0000] {processor.py:830} INFO - Processing file /opt/airflow/dags/newyork_fhv_ingestion.py for tasks to queue
[2026-05-09T02:32:10.584+0000] {logging_mixin.py:188} INFO - [2026-05-09T02:32:10.584+0000] {dagbag.py:545} INFO - Filling up the DagBag from /opt/airflow/dags/newyork_fhv_ingestion.py
[2026-05-09T02:32:10.635+0000] {processor.py:840} INFO - DAG(s) 'newyork_fhv_ingestion' retrieved from /opt/airflow/dags/newyork_fhv_ingestion.py
[2026-05-09T02:32:10.668+0000] {logging_mixin.py:188} INFO - [2026-05-09T02:32:10.668+0000] {dag.py:3096} INFO - Sync 1 DAGs
[2026-05-09T02:32:10.688+0000] {logging_mixin.py:188} INFO - [2026-05-09T02:32:10.688+0000] {dag.py:3954} INFO - Setting next_dagrun for newyork_fhv_ingestion to None, run_after=None
[2026-05-09T02:32:10.727+0000] {processor.py:183} INFO - Processing /opt/airflow/dags/newyork_fhv_ingestion.py took 0.163 seconds
[2026-05-09T02:32:41.658+0000] {processor.py:161} INFO - Started process (PID=3311) to work on /opt/airflow/dags/newyork_fhv_ingestion.py
[2026-05-09T02:32:41.661+0000] {processor.py:830} INFO - Processing file /opt/airflow/dags/newyork_fhv_ingestion.py for tasks to queue
[2026-05-09T02:32:41.664+0000] {logging_mixin.py:188} INFO - [2026-05-09T02:32:41.664+0000] {dagbag.py:545} INFO - Filling up the DagBag from /opt/airflow/dags/newyork_fhv_ingestion.py
[2026-05-09T02:32:41.719+0000] {processor.py:840} INFO - DAG(s) 'newyork_fhv_ingestion' retrieved from /opt/airflow/dags/newyork_fhv_ingestion.py
[2026-05-09T02:32:41.750+0000] {logging_mixin.py:188} INFO - [2026-05-09T02:32:41.750+0000] {dag.py:3096} INFO - Sync 1 DAGs
[2026-05-09T02:32:41.771+0000] {logging_mixin.py:188} INFO - [2026-05-09T02:32:41.771+0000] {dag.py:3954} INFO - Setting next_dagrun for newyork_fhv_ingestion to None, run_after=None
[2026-05-09T02:32:41.810+0000] {processor.py:183} INFO - Processing /opt/airflow/dags/newyork_fhv_ingestion.py took 0.166 seconds
[2026-05-09T02:33:12.501+0000] {processor.py:161} INFO - Started process (PID=3322) to work on /opt/airflow/dags/newyork_fhv_ingestion.py
[2026-05-09T02:33:12.503+0000] {processor.py:830} INFO - Processing file /opt/airflow/dags/newyork_fhv_ingestion.py for tasks to queue
[2026-05-09T02:33:12.506+0000] {logging_mixin.py:188} INFO - [2026-05-09T02:33:12.505+0000] {dagbag.py:545} INFO - Filling up the DagBag from /opt/airflow/dags/newyork_fhv_ingestion.py
[2026-05-09T02:33:12.541+0000] {processor.py:840} INFO - DAG(s) 'newyork_fhv_ingestion' retrieved from /opt/airflow/dags/newyork_fhv_ingestion.py
[2026-05-09T02:33:12.567+0000] {logging_mixin.py:188} INFO - [2026-05-09T02:33:12.566+0000] {dag.py:3096} INFO - Sync 1 DAGs
[2026-05-09T02:33:12.581+0000] {logging_mixin.py:188} INFO - [2026-05-09T02:33:12.580+0000] {dag.py:3954} INFO - Setting next_dagrun for newyork_fhv_ingestion to None, run_after=None
[2026-05-09T02:33:12.601+0000] {processor.py:183} INFO - Processing /opt/airflow/dags/newyork_fhv_ingestion.py took 0.111 seconds
[2026-05-09T02:33:43.631+0000] {processor.py:161} INFO - Started process (PID=3339) to work on /opt/airflow/dags/newyork_fhv_ingestion.py
[2026-05-09T02:33:43.633+0000] {processor.py:830} INFO - Processing file /opt/airflow/dags/newyork_fhv_ingestion.py for tasks to queue
[2026-05-09T02:33:43.637+0000] {logging_mixin.py:188} INFO - [2026-05-09T02:33:43.636+0000] {dagbag.py:545} INFO - Filling up the DagBag from /opt/airflow/dags/newyork_fhv_ingestion.py
[2026-05-09T02:33:43.687+0000] {processor.py:840} INFO - DAG(s) 'newyork_fhv_ingestion' retrieved from /opt/airflow/dags/newyork_fhv_ingestion.py
[2026-05-09T02:33:43.725+0000] {logging_mixin.py:188} INFO - [2026-05-09T02:33:43.725+0000] {dag.py:3096} INFO - Sync 1 DAGs
[2026-05-09T02:33:43.741+0000] {logging_mixin.py:188} INFO - [2026-05-09T02:33:43.741+0000] {dag.py:3954} INFO - Setting next_dagrun for newyork_fhv_ingestion to None, run_after=None
[2026-05-09T02:33:43.768+0000] {processor.py:183} INFO - Processing /opt/airflow/dags/newyork_fhv_ingestion.py took 0.148 seconds
[2026-05-09T02:34:14.671+0000] {processor.py:161} INFO - Started process (PID=3350) to work on /opt/airflow/dags/newyork_fhv_ingestion.py
[2026-05-09T02:34:14.673+0000] {processor.py:830} INFO - Processing file /opt/airflow/dags/newyork_fhv_ingestion.py for tasks to queue
[2026-05-09T02:34:14.675+0000] {logging_mixin.py:188} INFO - [2026-05-09T02:34:14.675+0000] {dagbag.py:545} INFO - Filling up the DagBag from /opt/airflow/dags/newyork_fhv_ingestion.py
[2026-05-09T02:34:14.709+0000] {processor.py:840} INFO - DAG(s) 'newyork_fhv_ingestion' retrieved from /opt/airflow/dags/newyork_fhv_ingestion.py
[2026-05-09T02:34:14.731+0000] {logging_mixin.py:188} INFO - [2026-05-09T02:34:14.731+0000] {dag.py:3096} INFO - Sync 1 DAGs
[2026-05-09T02:34:14.745+0000] {logging_mixin.py:188} INFO - [2026-05-09T02:34:14.745+0000] {dag.py:3954} INFO - Setting next_dagrun for newyork_fhv_ingestion to None, run_after=None
[2026-05-09T02:34:14.768+0000] {processor.py:183} INFO - Processing /opt/airflow/dags/newyork_fhv_ingestion.py took 0.104 seconds
[2026-05-09T02:34:45.674+0000] {processor.py:161} INFO - Started process (PID=3362) to work on /opt/airflow/dags/newyork_fhv_ingestion.py
[2026-05-09T02:34:45.676+0000] {processor.py:830} INFO - Processing file /opt/airflow/dags/newyork_fhv_ingestion.py for tasks to queue
[2026-05-09T02:34:45.679+0000] {logging_mixin.py:188} INFO - [2026-05-09T02:34:45.678+0000] {dagbag.py:545} INFO - Filling up the DagBag from /opt/airflow/dags/newyork_fhv_ingestion.py
[2026-05-09T02:34:45.732+0000] {processor.py:840} INFO - DAG(s) 'newyork_fhv_ingestion' retrieved from /opt/airflow/dags/newyork_fhv_ingestion.py
[2026-05-09T02:34:45.766+0000] {logging_mixin.py:188} INFO - [2026-05-09T02:34:45.765+0000] {dag.py:3096} INFO - Sync 1 DAGs
[2026-05-09T02:34:45.788+0000] {logging_mixin.py:188} INFO - [2026-05-09T02:34:45.788+0000] {dag.py:3954} INFO - Setting next_dagrun for newyork_fhv_ingestion to None, run_after=None
[2026-05-09T02:34:45.835+0000] {processor.py:183} INFO - Processing /opt/airflow/dags/newyork_fhv_ingestion.py took 0.171 seconds
[2026-05-09T02:35:16.655+0000] {processor.py:161} INFO - Started process (PID=3373) to work on /opt/airflow/dags/newyork_fhv_ingestion.py
[2026-05-09T02:35:16.657+0000] {processor.py:830} INFO - Processing file /opt/airflow/dags/newyork_fhv_ingestion.py for tasks to queue
[2026-05-09T02:35:16.662+0000] {logging_mixin.py:188} INFO - [2026-05-09T02:35:16.661+0000] {dagbag.py:545} INFO - Filling up the DagBag from /opt/airflow/dags/newyork_fhv_ingestion.py
[2026-05-09T02:35:16.714+0000] {processor.py:840} INFO - DAG(s) 'newyork_fhv_ingestion' retrieved from /opt/airflow/dags/newyork_fhv_ingestion.py
[2026-05-09T02:35:16.748+0000] {logging_mixin.py:188} INFO - [2026-05-09T02:35:16.748+0000] {dag.py:3096} INFO - Sync 1 DAGs
[2026-05-09T02:35:16.761+0000] {logging_mixin.py:188} INFO - [2026-05-09T02:35:16.761+0000] {dag.py:3954} INFO - Setting next_dagrun for newyork_fhv_ingestion to None, run_after=None
[2026-05-09T02:35:16.788+0000] {processor.py:183} INFO - Processing /opt/airflow/dags/newyork_fhv_ingestion.py took 0.145 seconds
[2026-05-09T02:35:46.947+0000] {processor.py:161} INFO - Started process (PID=3384) to work on /opt/airflow/dags/newyork_fhv_ingestion.py
[2026-05-09T02:35:46.949+0000] {processor.py:830} INFO - Processing file /opt/airflow/dags/newyork_fhv_ingestion.py for tasks to queue
[2026-05-09T02:35:46.952+0000] {logging_mixin.py:188} INFO - [2026-05-09T02:35:46.952+0000] {dagbag.py:545} INFO - Filling up the DagBag from /opt/airflow/dags/newyork_fhv_ingestion.py
[2026-05-09T02:35:46.992+0000] {processor.py:840} INFO - DAG(s) 'newyork_fhv_ingestion' retrieved from /opt/airflow/dags/newyork_fhv_ingestion.py
[2026-05-09T02:35:47.026+0000] {logging_mixin.py:188} INFO - [2026-05-09T02:35:47.025+0000] {dag.py:3096} INFO - Sync 1 DAGs
[2026-05-09T02:35:47.050+0000] {logging_mixin.py:188} INFO - [2026-05-09T02:35:47.049+0000] {dag.py:3954} INFO - Setting next_dagrun for newyork_fhv_ingestion to None, run_after=None
[2026-05-09T02:35:47.094+0000] {processor.py:183} INFO - Processing /opt/airflow/dags/newyork_fhv_ingestion.py took 0.158 seconds
[2026-05-09T02:36:17.954+0000] {processor.py:161} INFO - Started process (PID=3395) to work on /opt/airflow/dags/newyork_fhv_ingestion.py
[2026-05-09T02:36:17.956+0000] {processor.py:830} INFO - Processing file /opt/airflow/dags/newyork_fhv_ingestion.py for tasks to queue
[2026-05-09T02:36:17.959+0000] {logging_mixin.py:188} INFO - [2026-05-09T02:36:17.958+0000] {dagbag.py:545} INFO - Filling up the DagBag from /opt/airflow/dags/newyork_fhv_ingestion.py
[2026-05-09T02:36:17.996+0000] {processor.py:840} INFO - DAG(s) 'newyork_fhv_ingestion' retrieved from /opt/airflow/dags/newyork_fhv_ingestion.py
[2026-05-09T02:36:18.028+0000] {logging_mixin.py:188} INFO - [2026-05-09T02:36:18.028+0000] {dag.py:3096} INFO - Sync 1 DAGs
[2026-05-09T02:36:18.052+0000] {logging_mixin.py:188} INFO - [2026-05-09T02:36:18.051+0000] {dag.py:3954} INFO - Setting next_dagrun for newyork_fhv_ingestion to None, run_after=None
[2026-05-09T02:36:18.091+0000] {processor.py:183} INFO - Processing /opt/airflow/dags/newyork_fhv_ingestion.py took 0.147 seconds
[2026-05-09T02:36:48.927+0000] {processor.py:161} INFO - Started process (PID=3406) to work on /opt/airflow/dags/newyork_fhv_ingestion.py
[2026-05-09T02:36:48.930+0000] {processor.py:830} INFO - Processing file /opt/airflow/dags/newyork_fhv_ingestion.py for tasks to queue
[2026-05-09T02:36:48.935+0000] {logging_mixin.py:188} INFO - [2026-05-09T02:36:48.934+0000] {dagbag.py:545} INFO - Filling up the DagBag from /opt/airflow/dags/newyork_fhv_ingestion.py
[2026-05-09T02:36:48.988+0000] {processor.py:840} INFO - DAG(s) 'newyork_fhv_ingestion' retrieved from /opt/airflow/dags/newyork_fhv_ingestion.py
[2026-05-09T02:36:49.027+0000] {logging_mixin.py:188} INFO - [2026-05-09T02:36:49.027+0000] {dag.py:3096} INFO - Sync 1 DAGs
[2026-05-09T02:36:49.050+0000] {logging_mixin.py:188} INFO - [2026-05-09T02:36:49.050+0000] {dag.py:3954} INFO - Setting next_dagrun for newyork_fhv_ingestion to None, run_after=None
[2026-05-09T02:36:49.111+0000] {processor.py:183} INFO - Processing /opt/airflow/dags/newyork_fhv_ingestion.py took 0.196 seconds
[2026-05-09T02:37:19.740+0000] {processor.py:161} INFO - Started process (PID=3417) to work on /opt/airflow/dags/newyork_fhv_ingestion.py
[2026-05-09T02:37:19.742+0000] {processor.py:830} INFO - Processing file /opt/airflow/dags/newyork_fhv_ingestion.py for tasks to queue
[2026-05-09T02:37:19.746+0000] {logging_mixin.py:188} INFO - [2026-05-09T02:37:19.745+0000] {dagbag.py:545} INFO - Filling up the DagBag from /opt/airflow/dags/newyork_fhv_ingestion.py
[2026-05-09T02:37:19.796+0000] {processor.py:840} INFO - DAG(s) 'newyork_fhv_ingestion' retrieved from /opt/airflow/dags/newyork_fhv_ingestion.py
[2026-05-09T02:37:19.828+0000] {logging_mixin.py:188} INFO - [2026-05-09T02:37:19.827+0000] {dag.py:3096} INFO - Sync 1 DAGs
[2026-05-09T02:37:19.841+0000] {logging_mixin.py:188} INFO - [2026-05-09T02:37:19.841+0000] {dag.py:3954} INFO - Setting next_dagrun for newyork_fhv_ingestion to None, run_after=None
[2026-05-09T02:37:19.865+0000] {processor.py:183} INFO - Processing /opt/airflow/dags/newyork_fhv_ingestion.py took 0.137 seconds
[2026-05-09T02:37:50.751+0000] {processor.py:161} INFO - Started process (PID=3428) to work on /opt/airflow/dags/newyork_fhv_ingestion.py
[2026-05-09T02:37:50.753+0000] {processor.py:830} INFO - Processing file /opt/airflow/dags/newyork_fhv_ingestion.py for tasks to queue
[2026-05-09T02:37:50.758+0000] {logging_mixin.py:188} INFO - [2026-05-09T02:37:50.757+0000] {dagbag.py:545} INFO - Filling up the DagBag from /opt/airflow/dags/newyork_fhv_ingestion.py
[2026-05-09T02:37:50.819+0000] {processor.py:840} INFO - DAG(s) 'newyork_fhv_ingestion' retrieved from /opt/airflow/dags/newyork_fhv_ingestion.py
[2026-05-09T02:37:50.859+0000] {logging_mixin.py:188} INFO - [2026-05-09T02:37:50.859+0000] {dag.py:3096} INFO - Sync 1 DAGs
[2026-05-09T02:37:50.883+0000] {logging_mixin.py:188} INFO - [2026-05-09T02:37:50.883+0000] {dag.py:3954} INFO - Setting next_dagrun for newyork_fhv_ingestion to None, run_after=None
[2026-05-09T02:37:50.923+0000] {processor.py:183} INFO - Processing /opt/airflow/dags/newyork_fhv_ingestion.py took 0.185 seconds
[2026-05-09T02:38:21.686+0000] {processor.py:161} INFO - Started process (PID=3439) to work on /opt/airflow/dags/newyork_fhv_ingestion.py
[2026-05-09T02:38:21.688+0000] {processor.py:830} INFO - Processing file /opt/airflow/dags/newyork_fhv_ingestion.py for tasks to queue
[2026-05-09T02:38:21.693+0000] {logging_mixin.py:188} INFO - [2026-05-09T02:38:21.692+0000] {dagbag.py:545} INFO - Filling up the DagBag from /opt/airflow/dags/newyork_fhv_ingestion.py
[2026-05-09T02:38:21.751+0000] {processor.py:840} INFO - DAG(s) 'newyork_fhv_ingestion' retrieved from /opt/airflow/dags/newyork_fhv_ingestion.py
[2026-05-09T02:38:21.793+0000] {logging_mixin.py:188} INFO - [2026-05-09T02:38:21.793+0000] {dag.py:3096} INFO - Sync 1 DAGs
[2026-05-09T02:38:21.816+0000] {logging_mixin.py:188} INFO - [2026-05-09T02:38:21.816+0000] {dag.py:3954} INFO - Setting next_dagrun for newyork_fhv_ingestion to None, run_after=None
[2026-05-09T02:38:21.856+0000] {processor.py:183} INFO - Processing /opt/airflow/dags/newyork_fhv_ingestion.py took 0.182 seconds
[2026-05-09T02:38:52.741+0000] {processor.py:161} INFO - Started process (PID=3450) to work on /opt/airflow/dags/newyork_fhv_ingestion.py
[2026-05-09T02:38:52.743+0000] {processor.py:830} INFO - Processing file /opt/airflow/dags/newyork_fhv_ingestion.py for tasks to queue
[2026-05-09T02:38:52.745+0000] {logging_mixin.py:188} INFO - [2026-05-09T02:38:52.745+0000] {dagbag.py:545} INFO - Filling up the DagBag from /opt/airflow/dags/newyork_fhv_ingestion.py
[2026-05-09T02:38:52.783+0000] {processor.py:840} INFO - DAG(s) 'newyork_fhv_ingestion' retrieved from /opt/airflow/dags/newyork_fhv_ingestion.py
[2026-05-09T02:38:52.810+0000] {logging_mixin.py:188} INFO - [2026-05-09T02:38:52.810+0000] {dag.py:3096} INFO - Sync 1 DAGs
[2026-05-09T02:38:52.830+0000] {logging_mixin.py:188} INFO - [2026-05-09T02:38:52.830+0000] {dag.py:3954} INFO - Setting next_dagrun for newyork_fhv_ingestion to None, run_after=None
[2026-05-09T02:38:52.857+0000] {processor.py:183} INFO - Processing /opt/airflow/dags/newyork_fhv_ingestion.py took 0.123 seconds
[2026-05-09T02:39:22.950+0000] {processor.py:161} INFO - Started process (PID=3461) to work on /opt/airflow/dags/newyork_fhv_ingestion.py
[2026-05-09T02:39:22.952+0000] {processor.py:830} INFO - Processing file /opt/airflow/dags/newyork_fhv_ingestion.py for tasks to queue
[2026-05-09T02:39:22.954+0000] {logging_mixin.py:188} INFO - [2026-05-09T02:39:22.954+0000] {dagbag.py:545} INFO - Filling up the DagBag from /opt/airflow/dags/newyork_fhv_ingestion.py
[2026-05-09T02:39:22.982+0000] {processor.py:840} INFO - DAG(s) 'newyork_fhv_ingestion' retrieved from /opt/airflow/dags/newyork_fhv_ingestion.py
[2026-05-09T02:39:23.006+0000] {logging_mixin.py:188} INFO - [2026-05-09T02:39:23.006+0000] {dag.py:3096} INFO - Sync 1 DAGs
[2026-05-09T02:39:23.019+0000] {logging_mixin.py:188} INFO - [2026-05-09T02:39:23.019+0000] {dag.py:3954} INFO - Setting next_dagrun for newyork_fhv_ingestion to None, run_after=None
[2026-05-09T02:39:23.041+0000] {processor.py:183} INFO - Processing /opt/airflow/dags/newyork_fhv_ingestion.py took 0.098 seconds
[2026-05-09T02:39:54.032+0000] {processor.py:161} INFO - Started process (PID=3472) to work on /opt/airflow/dags/newyork_fhv_ingestion.py
[2026-05-09T02:39:54.034+0000] {processor.py:830} INFO - Processing file /opt/airflow/dags/newyork_fhv_ingestion.py for tasks to queue
[2026-05-09T02:39:54.037+0000] {logging_mixin.py:188} INFO - [2026-05-09T02:39:54.037+0000] {dagbag.py:545} INFO - Filling up the DagBag from /opt/airflow/dags/newyork_fhv_ingestion.py
[2026-05-09T02:39:54.070+0000] {processor.py:840} INFO - DAG(s) 'newyork_fhv_ingestion' retrieved from /opt/airflow/dags/newyork_fhv_ingestion.py
[2026-05-09T02:39:54.098+0000] {logging_mixin.py:188} INFO - [2026-05-09T02:39:54.097+0000] {dag.py:3096} INFO - Sync 1 DAGs
[2026-05-09T02:39:54.113+0000] {logging_mixin.py:188} INFO - [2026-05-09T02:39:54.113+0000] {dag.py:3954} INFO - Setting next_dagrun for newyork_fhv_ingestion to None, run_after=None
[2026-05-09T02:39:54.140+0000] {processor.py:183} INFO - Processing /opt/airflow/dags/newyork_fhv_ingestion.py took 0.119 seconds
[2026-05-09T02:40:24.897+0000] {processor.py:161} INFO - Started process (PID=3483) to work on /opt/airflow/dags/newyork_fhv_ingestion.py
[2026-05-09T02:40:24.900+0000] {processor.py:830} INFO - Processing file /opt/airflow/dags/newyork_fhv_ingestion.py for tasks to queue
[2026-05-09T02:40:24.905+0000] {logging_mixin.py:188} INFO - [2026-05-09T02:40:24.904+0000] {dagbag.py:545} INFO - Filling up the DagBag from /opt/airflow/dags/newyork_fhv_ingestion.py
[2026-05-09T02:40:24.966+0000] {processor.py:840} INFO - DAG(s) 'newyork_fhv_ingestion' retrieved from /opt/airflow/dags/newyork_fhv_ingestion.py
[2026-05-09T02:40:24.997+0000] {logging_mixin.py:188} INFO - [2026-05-09T02:40:24.997+0000] {dag.py:3096} INFO - Sync 1 DAGs
[2026-05-09T02:40:25.012+0000] {logging_mixin.py:188} INFO - [2026-05-09T02:40:25.012+0000] {dag.py:3954} INFO - Setting next_dagrun for newyork_fhv_ingestion to None, run_after=None
[2026-05-09T02:40:25.042+0000] {processor.py:183} INFO - Processing /opt/airflow/dags/newyork_fhv_ingestion.py took 0.158 seconds
[2026-05-09T02:40:55.903+0000] {processor.py:161} INFO - Started process (PID=3494) to work on /opt/airflow/dags/newyork_fhv_ingestion.py
[2026-05-09T02:40:55.905+0000] {processor.py:830} INFO - Processing file /opt/airflow/dags/newyork_fhv_ingestion.py for tasks to queue
[2026-05-09T02:40:55.909+0000] {logging_mixin.py:188} INFO - [2026-05-09T02:40:55.908+0000] {dagbag.py:545} INFO - Filling up the DagBag from /opt/airflow/dags/newyork_fhv_ingestion.py
[2026-05-09T02:40:55.964+0000] {processor.py:840} INFO - DAG(s) 'newyork_fhv_ingestion' retrieved from /opt/airflow/dags/newyork_fhv_ingestion.py
[2026-05-09T02:40:56.003+0000] {logging_mixin.py:188} INFO - [2026-05-09T02:40:56.003+0000] {dag.py:3096} INFO - Sync 1 DAGs
[2026-05-09T02:40:56.030+0000] {logging_mixin.py:188} INFO - [2026-05-09T02:40:56.029+0000] {dag.py:3954} INFO - Setting next_dagrun for newyork_fhv_ingestion to None, run_after=None
[2026-05-09T02:40:56.071+0000] {processor.py:183} INFO - Processing /opt/airflow/dags/newyork_fhv_ingestion.py took 0.177 seconds
[2026-05-09T02:41:26.967+0000] {processor.py:161} INFO - Started process (PID=3505) to work on /opt/airflow/dags/newyork_fhv_ingestion.py
[2026-05-09T02:41:26.969+0000] {processor.py:830} INFO - Processing file /opt/airflow/dags/newyork_fhv_ingestion.py for tasks to queue
[2026-05-09T02:41:26.972+0000] {logging_mixin.py:188} INFO - [2026-05-09T02:41:26.972+0000] {dagbag.py:545} INFO - Filling up the DagBag from /opt/airflow/dags/newyork_fhv_ingestion.py
[2026-05-09T02:41:27.019+0000] {processor.py:840} INFO - DAG(s) 'newyork_fhv_ingestion' retrieved from /opt/airflow/dags/newyork_fhv_ingestion.py
[2026-05-09T02:41:27.058+0000] {logging_mixin.py:188} INFO - [2026-05-09T02:41:27.057+0000] {dag.py:3096} INFO - Sync 1 DAGs
[2026-05-09T02:41:27.079+0000] {logging_mixin.py:188} INFO - [2026-05-09T02:41:27.078+0000] {dag.py:3954} INFO - Setting next_dagrun for newyork_fhv_ingestion to None, run_after=None
[2026-05-09T02:41:27.104+0000] {processor.py:183} INFO - Processing /opt/airflow/dags/newyork_fhv_ingestion.py took 0.148 seconds
[2026-05-09T02:41:57.930+0000] {processor.py:161} INFO - Started process (PID=3515) to work on /opt/airflow/dags/newyork_fhv_ingestion.py
[2026-05-09T02:41:57.932+0000] {processor.py:830} INFO - Processing file /opt/airflow/dags/newyork_fhv_ingestion.py for tasks to queue
[2026-05-09T02:41:57.936+0000] {logging_mixin.py:188} INFO - [2026-05-09T02:41:57.935+0000] {dagbag.py:545} INFO - Filling up the DagBag from /opt/airflow/dags/newyork_fhv_ingestion.py
[2026-05-09T02:41:57.982+0000] {processor.py:840} INFO - DAG(s) 'newyork_fhv_ingestion' retrieved from /opt/airflow/dags/newyork_fhv_ingestion.py
[2026-05-09T02:41:58.019+0000] {logging_mixin.py:188} INFO - [2026-05-09T02:41:58.018+0000] {dag.py:3096} INFO - Sync 1 DAGs
[2026-05-09T02:41:58.043+0000] {logging_mixin.py:188} INFO - [2026-05-09T02:41:58.042+0000] {dag.py:3954} INFO - Setting next_dagrun for newyork_fhv_ingestion to None, run_after=None
[2026-05-09T02:41:58.084+0000] {processor.py:183} INFO - Processing /opt/airflow/dags/newyork_fhv_ingestion.py took 0.163 seconds
[2026-05-09T02:42:28.857+0000] {processor.py:161} INFO - Started process (PID=3526) to work on /opt/airflow/dags/newyork_fhv_ingestion.py
[2026-05-09T02:42:28.860+0000] {processor.py:830} INFO - Processing file /opt/airflow/dags/newyork_fhv_ingestion.py for tasks to queue
[2026-05-09T02:42:28.863+0000] {logging_mixin.py:188} INFO - [2026-05-09T02:42:28.863+0000] {dagbag.py:545} INFO - Filling up the DagBag from /opt/airflow/dags/newyork_fhv_ingestion.py
[2026-05-09T02:42:28.919+0000] {processor.py:840} INFO - DAG(s) 'newyork_fhv_ingestion' retrieved from /opt/airflow/dags/newyork_fhv_ingestion.py
[2026-05-09T02:42:28.943+0000] {logging_mixin.py:188} INFO - [2026-05-09T02:42:28.942+0000] {dag.py:3096} INFO - Sync 1 DAGs
[2026-05-09T02:42:28.963+0000] {logging_mixin.py:188} INFO - [2026-05-09T02:42:28.963+0000] {dag.py:3954} INFO - Setting next_dagrun for newyork_fhv_ingestion to None, run_after=None
[2026-05-09T02:42:29.010+0000] {processor.py:183} INFO - Processing /opt/airflow/dags/newyork_fhv_ingestion.py took 0.164 seconds
[2026-05-09T02:42:59.848+0000] {processor.py:161} INFO - Started process (PID=3537) to work on /opt/airflow/dags/newyork_fhv_ingestion.py
[2026-05-09T02:42:59.850+0000] {processor.py:830} INFO - Processing file /opt/airflow/dags/newyork_fhv_ingestion.py for tasks to queue
[2026-05-09T02:42:59.853+0000] {logging_mixin.py:188} INFO - [2026-05-09T02:42:59.853+0000] {dagbag.py:545} INFO - Filling up the DagBag from /opt/airflow/dags/newyork_fhv_ingestion.py
[2026-05-09T02:42:59.896+0000] {processor.py:840} INFO - DAG(s) 'newyork_fhv_ingestion' retrieved from /opt/airflow/dags/newyork_fhv_ingestion.py
[2026-05-09T02:42:59.919+0000] {logging_mixin.py:188} INFO - [2026-05-09T02:42:59.919+0000] {dag.py:3096} INFO - Sync 1 DAGs
[2026-05-09T02:42:59.933+0000] {logging_mixin.py:188} INFO - [2026-05-09T02:42:59.933+0000] {dag.py:3954} INFO - Setting next_dagrun for newyork_fhv_ingestion to None, run_after=None
[2026-05-09T02:42:59.960+0000] {processor.py:183} INFO - Processing /opt/airflow/dags/newyork_fhv_ingestion.py took 0.121 seconds
[2026-05-09T02:43:30.547+0000] {processor.py:161} INFO - Started process (PID=3548) to work on /opt/airflow/dags/newyork_fhv_ingestion.py
[2026-05-09T02:43:30.549+0000] {processor.py:830} INFO - Processing file /opt/airflow/dags/newyork_fhv_ingestion.py for tasks to queue
[2026-05-09T02:43:30.554+0000] {logging_mixin.py:188} INFO - [2026-05-09T02:43:30.553+0000] {dagbag.py:545} INFO - Filling up the DagBag from /opt/airflow/dags/newyork_fhv_ingestion.py
[2026-05-09T02:43:30.592+0000] {processor.py:840} INFO - DAG(s) 'newyork_fhv_ingestion' retrieved from /opt/airflow/dags/newyork_fhv_ingestion.py
[2026-05-09T02:43:30.626+0000] {logging_mixin.py:188} INFO - [2026-05-09T02:43:30.626+0000] {dag.py:3096} INFO - Sync 1 DAGs
[2026-05-09T02:43:30.641+0000] {logging_mixin.py:188} INFO - [2026-05-09T02:43:30.641+0000] {dag.py:3954} INFO - Setting next_dagrun for newyork_fhv_ingestion to None, run_after=None
[2026-05-09T02:43:30.666+0000] {processor.py:183} INFO - Processing /opt/airflow/dags/newyork_fhv_ingestion.py took 0.127 seconds
[2026-05-09T02:44:01.509+0000] {processor.py:161} INFO - Started process (PID=3559) to work on /opt/airflow/dags/newyork_fhv_ingestion.py
[2026-05-09T02:44:01.511+0000] {processor.py:830} INFO - Processing file /opt/airflow/dags/newyork_fhv_ingestion.py for tasks to queue
[2026-05-09T02:44:01.514+0000] {logging_mixin.py:188} INFO - [2026-05-09T02:44:01.514+0000] {dagbag.py:545} INFO - Filling up the DagBag from /opt/airflow/dags/newyork_fhv_ingestion.py
[2026-05-09T02:44:01.563+0000] {processor.py:840} INFO - DAG(s) 'newyork_fhv_ingestion' retrieved from /opt/airflow/dags/newyork_fhv_ingestion.py
[2026-05-09T02:44:01.598+0000] {logging_mixin.py:188} INFO - [2026-05-09T02:44:01.598+0000] {dag.py:3096} INFO - Sync 1 DAGs
[2026-05-09T02:44:01.611+0000] {logging_mixin.py:188} INFO - [2026-05-09T02:44:01.611+0000] {dag.py:3954} INFO - Setting next_dagrun for newyork_fhv_ingestion to None, run_after=None
[2026-05-09T02:44:01.639+0000] {processor.py:183} INFO - Processing /opt/airflow/dags/newyork_fhv_ingestion.py took 0.140 seconds
[2026-05-09T02:44:32.194+0000] {processor.py:161} INFO - Started process (PID=3570) to work on /opt/airflow/dags/newyork_fhv_ingestion.py
[2026-05-09T02:44:32.196+0000] {processor.py:830} INFO - Processing file /opt/airflow/dags/newyork_fhv_ingestion.py for tasks to queue
[2026-05-09T02:44:32.198+0000] {logging_mixin.py:188} INFO - [2026-05-09T02:44:32.198+0000] {dagbag.py:545} INFO - Filling up the DagBag from /opt/airflow/dags/newyork_fhv_ingestion.py
[2026-05-09T02:44:32.248+0000] {processor.py:840} INFO - DAG(s) 'newyork_fhv_ingestion' retrieved from /opt/airflow/dags/newyork_fhv_ingestion.py
[2026-05-09T02:44:32.286+0000] {logging_mixin.py:188} INFO - [2026-05-09T02:44:32.285+0000] {dag.py:3096} INFO - Sync 1 DAGs
[2026-05-09T02:44:32.304+0000] {logging_mixin.py:188} INFO - [2026-05-09T02:44:32.304+0000] {dag.py:3954} INFO - Setting next_dagrun for newyork_fhv_ingestion to None, run_after=None
[2026-05-09T02:44:32.339+0000] {processor.py:183} INFO - Processing /opt/airflow/dags/newyork_fhv_ingestion.py took 0.155 seconds
[2026-05-09T02:45:03.079+0000] {processor.py:161} INFO - Started process (PID=3581) to work on /opt/airflow/dags/newyork_fhv_ingestion.py
[2026-05-09T02:45:03.081+0000] {processor.py:830} INFO - Processing file /opt/airflow/dags/newyork_fhv_ingestion.py for tasks to queue
[2026-05-09T02:45:03.085+0000] {logging_mixin.py:188} INFO - [2026-05-09T02:45:03.084+0000] {dagbag.py:545} INFO - Filling up the DagBag from /opt/airflow/dags/newyork_fhv_ingestion.py
[2026-05-09T02:45:03.116+0000] {processor.py:840} INFO - DAG(s) 'newyork_fhv_ingestion' retrieved from /opt/airflow/dags/newyork_fhv_ingestion.py
[2026-05-09T02:45:03.146+0000] {logging_mixin.py:188} INFO - [2026-05-09T02:45:03.145+0000] {dag.py:3096} INFO - Sync 1 DAGs
[2026-05-09T02:45:03.161+0000] {logging_mixin.py:188} INFO - [2026-05-09T02:45:03.161+0000] {dag.py:3954} INFO - Setting next_dagrun for newyork_fhv_ingestion to None, run_after=None
[2026-05-09T02:45:03.183+0000] {processor.py:183} INFO - Processing /opt/airflow/dags/newyork_fhv_ingestion.py took 0.113 seconds
[2026-05-09T02:45:34.086+0000] {processor.py:161} INFO - Started process (PID=3592) to work on /opt/airflow/dags/newyork_fhv_ingestion.py
[2026-05-09T02:45:34.088+0000] {processor.py:830} INFO - Processing file /opt/airflow/dags/newyork_fhv_ingestion.py for tasks to queue
[2026-05-09T02:45:34.091+0000] {logging_mixin.py:188} INFO - [2026-05-09T02:45:34.091+0000] {dagbag.py:545} INFO - Filling up the DagBag from /opt/airflow/dags/newyork_fhv_ingestion.py
[2026-05-09T02:45:34.141+0000] {processor.py:840} INFO - DAG(s) 'newyork_fhv_ingestion' retrieved from /opt/airflow/dags/newyork_fhv_ingestion.py
[2026-05-09T02:45:34.178+0000] {logging_mixin.py:188} INFO - [2026-05-09T02:45:34.177+0000] {dag.py:3096} INFO - Sync 1 DAGs
[2026-05-09T02:45:34.201+0000] {logging_mixin.py:188} INFO - [2026-05-09T02:45:34.201+0000] {dag.py:3954} INFO - Setting next_dagrun for newyork_fhv_ingestion to None, run_after=None
[2026-05-09T02:45:34.242+0000] {processor.py:183} INFO - Processing /opt/airflow/dags/newyork_fhv_ingestion.py took 0.164 seconds
[2026-05-09T02:46:05.035+0000] {processor.py:161} INFO - Started process (PID=3603) to work on /opt/airflow/dags/newyork_fhv_ingestion.py
[2026-05-09T02:46:05.037+0000] {processor.py:830} INFO - Processing file /opt/airflow/dags/newyork_fhv_ingestion.py for tasks to queue
[2026-05-09T02:46:05.040+0000] {logging_mixin.py:188} INFO - [2026-05-09T02:46:05.040+0000] {dagbag.py:545} INFO - Filling up the DagBag from /opt/airflow/dags/newyork_fhv_ingestion.py
[2026-05-09T02:46:05.082+0000] {processor.py:840} INFO - DAG(s) 'newyork_fhv_ingestion' retrieved from /opt/airflow/dags/newyork_fhv_ingestion.py
[2026-05-09T02:46:05.124+0000] {logging_mixin.py:188} INFO - [2026-05-09T02:46:05.124+0000] {dag.py:3096} INFO - Sync 1 DAGs
[2026-05-09T02:46:05.140+0000] {logging_mixin.py:188} INFO - [2026-05-09T02:46:05.139+0000] {dag.py:3954} INFO - Setting next_dagrun for newyork_fhv_ingestion to None, run_after=None
[2026-05-09T02:46:05.174+0000] {processor.py:183} INFO - Processing /opt/airflow/dags/newyork_fhv_ingestion.py took 0.151 seconds
[2026-05-09T02:46:36.045+0000] {processor.py:161} INFO - Started process (PID=3614) to work on /opt/airflow/dags/newyork_fhv_ingestion.py
[2026-05-09T02:46:36.048+0000] {processor.py:830} INFO - Processing file /opt/airflow/dags/newyork_fhv_ingestion.py for tasks to queue
[2026-05-09T02:46:36.052+0000] {logging_mixin.py:188} INFO - [2026-05-09T02:46:36.052+0000] {dagbag.py:545} INFO - Filling up the DagBag from /opt/airflow/dags/newyork_fhv_ingestion.py
[2026-05-09T02:46:36.104+0000] {processor.py:840} INFO - DAG(s) 'newyork_fhv_ingestion' retrieved from /opt/airflow/dags/newyork_fhv_ingestion.py
[2026-05-09T02:46:36.146+0000] {logging_mixin.py:188} INFO - [2026-05-09T02:46:36.145+0000] {dag.py:3096} INFO - Sync 1 DAGs
[2026-05-09T02:46:36.167+0000] {logging_mixin.py:188} INFO - [2026-05-09T02:46:36.166+0000] {dag.py:3954} INFO - Setting next_dagrun for newyork_fhv_ingestion to None, run_after=None
[2026-05-09T02:46:36.209+0000] {processor.py:183} INFO - Processing /opt/airflow/dags/newyork_fhv_ingestion.py took 0.174 seconds
[2026-05-09T02:47:07.040+0000] {processor.py:161} INFO - Started process (PID=3625) to work on /opt/airflow/dags/newyork_fhv_ingestion.py
[2026-05-09T02:47:07.043+0000] {processor.py:830} INFO - Processing file /opt/airflow/dags/newyork_fhv_ingestion.py for tasks to queue
[2026-05-09T02:47:07.047+0000] {logging_mixin.py:188} INFO - [2026-05-09T02:47:07.047+0000] {dagbag.py:545} INFO - Filling up the DagBag from /opt/airflow/dags/newyork_fhv_ingestion.py
[2026-05-09T02:47:07.108+0000] {processor.py:840} INFO - DAG(s) 'newyork_fhv_ingestion' retrieved from /opt/airflow/dags/newyork_fhv_ingestion.py
[2026-05-09T02:47:07.148+0000] {logging_mixin.py:188} INFO - [2026-05-09T02:47:07.148+0000] {dag.py:3096} INFO - Sync 1 DAGs
[2026-05-09T02:47:07.169+0000] {logging_mixin.py:188} INFO - [2026-05-09T02:47:07.169+0000] {dag.py:3954} INFO - Setting next_dagrun for newyork_fhv_ingestion to None, run_after=None
[2026-05-09T02:47:07.201+0000] {processor.py:183} INFO - Processing /opt/airflow/dags/newyork_fhv_ingestion.py took 0.172 seconds
[2026-05-09T02:47:37.981+0000] {processor.py:161} INFO - Started process (PID=3636) to work on /opt/airflow/dags/newyork_fhv_ingestion.py
[2026-05-09T02:47:37.983+0000] {processor.py:830} INFO - Processing file /opt/airflow/dags/newyork_fhv_ingestion.py for tasks to queue
[2026-05-09T02:47:37.986+0000] {logging_mixin.py:188} INFO - [2026-05-09T02:47:37.985+0000] {dagbag.py:545} INFO - Filling up the DagBag from /opt/airflow/dags/newyork_fhv_ingestion.py
[2026-05-09T02:47:38.026+0000] {processor.py:840} INFO - DAG(s) 'newyork_fhv_ingestion' retrieved from /opt/airflow/dags/newyork_fhv_ingestion.py
[2026-05-09T02:47:38.065+0000] {logging_mixin.py:188} INFO - [2026-05-09T02:47:38.065+0000] {dag.py:3096} INFO - Sync 1 DAGs
[2026-05-09T02:47:38.086+0000] {logging_mixin.py:188} INFO - [2026-05-09T02:47:38.086+0000] {dag.py:3954} INFO - Setting next_dagrun for newyork_fhv_ingestion to None, run_after=None
[2026-05-09T02:47:38.123+0000] {processor.py:183} INFO - Processing /opt/airflow/dags/newyork_fhv_ingestion.py took 0.149 seconds
[2026-05-09T02:48:08.823+0000] {processor.py:161} INFO - Started process (PID=3647) to work on /opt/airflow/dags/newyork_fhv_ingestion.py
[2026-05-09T02:48:08.825+0000] {processor.py:830} INFO - Processing file /opt/airflow/dags/newyork_fhv_ingestion.py for tasks to queue
[2026-05-09T02:48:08.827+0000] {logging_mixin.py:188} INFO - [2026-05-09T02:48:08.827+0000] {dagbag.py:545} INFO - Filling up the DagBag from /opt/airflow/dags/newyork_fhv_ingestion.py
[2026-05-09T02:48:08.863+0000] {processor.py:840} INFO - DAG(s) 'newyork_fhv_ingestion' retrieved from /opt/airflow/dags/newyork_fhv_ingestion.py
[2026-05-09T02:48:08.886+0000] {logging_mixin.py:188} INFO - [2026-05-09T02:48:08.886+0000] {dag.py:3096} INFO - Sync 1 DAGs
[2026-05-09T02:48:08.900+0000] {logging_mixin.py:188} INFO - [2026-05-09T02:48:08.900+0000] {dag.py:3954} INFO - Setting next_dagrun for newyork_fhv_ingestion to None, run_after=None
[2026-05-09T02:48:08.921+0000] {processor.py:183} INFO - Processing /opt/airflow/dags/newyork_fhv_ingestion.py took 0.104 seconds
[2026-05-09T02:48:39.761+0000] {processor.py:161} INFO - Started process (PID=3658) to work on /opt/airflow/dags/newyork_fhv_ingestion.py
[2026-05-09T02:48:39.763+0000] {processor.py:830} INFO - Processing file /opt/airflow/dags/newyork_fhv_ingestion.py for tasks to queue
[2026-05-09T02:48:39.765+0000] {logging_mixin.py:188} INFO - [2026-05-09T02:48:39.765+0000] {dagbag.py:545} INFO - Filling up the DagBag from /opt/airflow/dags/newyork_fhv_ingestion.py
[2026-05-09T02:48:39.801+0000] {processor.py:840} INFO - DAG(s) 'newyork_fhv_ingestion' retrieved from /opt/airflow/dags/newyork_fhv_ingestion.py
[2026-05-09T02:48:39.826+0000] {logging_mixin.py:188} INFO - [2026-05-09T02:48:39.826+0000] {dag.py:3096} INFO - Sync 1 DAGs
[2026-05-09T02:48:39.841+0000] {logging_mixin.py:188} INFO - [2026-05-09T02:48:39.841+0000] {dag.py:3954} INFO - Setting next_dagrun for newyork_fhv_ingestion to None, run_after=None
[2026-05-09T02:48:39.868+0000] {processor.py:183} INFO - Processing /opt/airflow/dags/newyork_fhv_ingestion.py took 0.114 seconds
[2026-05-09T02:49:10.128+0000] {processor.py:161} INFO - Started process (PID=3669) to work on /opt/airflow/dags/newyork_fhv_ingestion.py
[2026-05-09T02:49:10.130+0000] {processor.py:830} INFO - Processing file /opt/airflow/dags/newyork_fhv_ingestion.py for tasks to queue
[2026-05-09T02:49:10.134+0000] {logging_mixin.py:188} INFO - [2026-05-09T02:49:10.133+0000] {dagbag.py:545} INFO - Filling up the DagBag from /opt/airflow/dags/newyork_fhv_ingestion.py
[2026-05-09T02:49:10.178+0000] {processor.py:840} INFO - DAG(s) 'newyork_fhv_ingestion' retrieved from /opt/airflow/dags/newyork_fhv_ingestion.py
[2026-05-09T02:49:10.219+0000] {logging_mixin.py:188} INFO - [2026-05-09T02:49:10.218+0000] {dag.py:3096} INFO - Sync 1 DAGs
[2026-05-09T02:49:10.241+0000] {logging_mixin.py:188} INFO - [2026-05-09T02:49:10.240+0000] {dag.py:3954} INFO - Setting next_dagrun for newyork_fhv_ingestion to None, run_after=None
[2026-05-09T02:49:10.280+0000] {processor.py:183} INFO - Processing /opt/airflow/dags/newyork_fhv_ingestion.py took 0.164 seconds
[2026-05-09T02:49:40.912+0000] {processor.py:161} INFO - Started process (PID=3680) to work on /opt/airflow/dags/newyork_fhv_ingestion.py
[2026-05-09T02:49:40.914+0000] {processor.py:830} INFO - Processing file /opt/airflow/dags/newyork_fhv_ingestion.py for tasks to queue
[2026-05-09T02:49:40.917+0000] {logging_mixin.py:188} INFO - [2026-05-09T02:49:40.917+0000] {dagbag.py:545} INFO - Filling up the DagBag from /opt/airflow/dags/newyork_fhv_ingestion.py
[2026-05-09T02:49:40.961+0000] {processor.py:840} INFO - DAG(s) 'newyork_fhv_ingestion' retrieved from /opt/airflow/dags/newyork_fhv_ingestion.py
[2026-05-09T02:49:40.993+0000] {logging_mixin.py:188} INFO - [2026-05-09T02:49:40.992+0000] {dag.py:3096} INFO - Sync 1 DAGs
[2026-05-09T02:49:41.008+0000] {logging_mixin.py:188} INFO - [2026-05-09T02:49:41.008+0000] {dag.py:3954} INFO - Setting next_dagrun for newyork_fhv_ingestion to None, run_after=None
[2026-05-09T02:49:41.041+0000] {processor.py:183} INFO - Processing /opt/airflow/dags/newyork_fhv_ingestion.py took 0.138 seconds
[2026-05-09T02:50:11.893+0000] {processor.py:161} INFO - Started process (PID=3691) to work on /opt/airflow/dags/newyork_fhv_ingestion.py
[2026-05-09T02:50:11.896+0000] {processor.py:830} INFO - Processing file /opt/airflow/dags/newyork_fhv_ingestion.py for tasks to queue
[2026-05-09T02:50:11.900+0000] {logging_mixin.py:188} INFO - [2026-05-09T02:50:11.899+0000] {dagbag.py:545} INFO - Filling up the DagBag from /opt/airflow/dags/newyork_fhv_ingestion.py
[2026-05-09T02:50:11.941+0000] {processor.py:840} INFO - DAG(s) 'newyork_fhv_ingestion' retrieved from /opt/airflow/dags/newyork_fhv_ingestion.py
[2026-05-09T02:50:11.981+0000] {logging_mixin.py:188} INFO - [2026-05-09T02:50:11.981+0000] {dag.py:3096} INFO - Sync 1 DAGs
[2026-05-09T02:50:12.004+0000] {logging_mixin.py:188} INFO - [2026-05-09T02:50:12.004+0000] {dag.py:3954} INFO - Setting next_dagrun for newyork_fhv_ingestion to None, run_after=None
[2026-05-09T02:50:12.037+0000] {processor.py:183} INFO - Processing /opt/airflow/dags/newyork_fhv_ingestion.py took 0.156 seconds
[2026-05-09T02:50:42.825+0000] {processor.py:161} INFO - Started process (PID=3702) to work on /opt/airflow/dags/newyork_fhv_ingestion.py
[2026-05-09T02:50:42.827+0000] {processor.py:830} INFO - Processing file /opt/airflow/dags/newyork_fhv_ingestion.py for tasks to queue
[2026-05-09T02:50:42.830+0000] {logging_mixin.py:188} INFO - [2026-05-09T02:50:42.829+0000] {dagbag.py:545} INFO - Filling up the DagBag from /opt/airflow/dags/newyork_fhv_ingestion.py
[2026-05-09T02:50:42.870+0000] {processor.py:840} INFO - DAG(s) 'newyork_fhv_ingestion' retrieved from /opt/airflow/dags/newyork_fhv_ingestion.py
[2026-05-09T02:50:42.903+0000] {logging_mixin.py:188} INFO - [2026-05-09T02:50:42.902+0000] {dag.py:3096} INFO - Sync 1 DAGs
[2026-05-09T02:50:42.919+0000] {logging_mixin.py:188} INFO - [2026-05-09T02:50:42.919+0000] {dag.py:3954} INFO - Setting next_dagrun for newyork_fhv_ingestion to None, run_after=None
[2026-05-09T02:50:42.944+0000] {processor.py:183} INFO - Processing /opt/airflow/dags/newyork_fhv_ingestion.py took 0.128 seconds
[2026-05-09T02:51:13.712+0000] {processor.py:161} INFO - Started process (PID=3713) to work on /opt/airflow/dags/newyork_fhv_ingestion.py
[2026-05-09T02:51:13.714+0000] {processor.py:830} INFO - Processing file /opt/airflow/dags/newyork_fhv_ingestion.py for tasks to queue
[2026-05-09T02:51:13.717+0000] {logging_mixin.py:188} INFO - [2026-05-09T02:51:13.717+0000] {dagbag.py:545} INFO - Filling up the DagBag from /opt/airflow/dags/newyork_fhv_ingestion.py
[2026-05-09T02:51:13.761+0000] {processor.py:840} INFO - DAG(s) 'newyork_fhv_ingestion' retrieved from /opt/airflow/dags/newyork_fhv_ingestion.py
[2026-05-09T02:51:13.792+0000] {logging_mixin.py:188} INFO - [2026-05-09T02:51:13.792+0000] {dag.py:3096} INFO - Sync 1 DAGs
[2026-05-09T02:51:13.815+0000] {logging_mixin.py:188} INFO - [2026-05-09T02:51:13.814+0000] {dag.py:3954} INFO - Setting next_dagrun for newyork_fhv_ingestion to None, run_after=None
[2026-05-09T02:51:13.856+0000] {processor.py:183} INFO - Processing /opt/airflow/dags/newyork_fhv_ingestion.py took 0.155 seconds
[2026-05-09T02:51:44.689+0000] {processor.py:161} INFO - Started process (PID=3724) to work on /opt/airflow/dags/newyork_fhv_ingestion.py
[2026-05-09T02:51:44.692+0000] {processor.py:830} INFO - Processing file /opt/airflow/dags/newyork_fhv_ingestion.py for tasks to queue
[2026-05-09T02:51:44.695+0000] {logging_mixin.py:188} INFO - [2026-05-09T02:51:44.695+0000] {dagbag.py:545} INFO - Filling up the DagBag from /opt/airflow/dags/newyork_fhv_ingestion.py
[2026-05-09T02:51:44.746+0000] {processor.py:840} INFO - DAG(s) 'newyork_fhv_ingestion' retrieved from /opt/airflow/dags/newyork_fhv_ingestion.py
[2026-05-09T02:51:44.779+0000] {logging_mixin.py:188} INFO - [2026-05-09T02:51:44.779+0000] {dag.py:3096} INFO - Sync 1 DAGs
[2026-05-09T02:51:44.800+0000] {logging_mixin.py:188} INFO - [2026-05-09T02:51:44.800+0000] {dag.py:3954} INFO - Setting next_dagrun for newyork_fhv_ingestion to None, run_after=None
[2026-05-09T02:51:44.834+0000] {processor.py:183} INFO - Processing /opt/airflow/dags/newyork_fhv_ingestion.py took 0.156 seconds
[2026-05-09T02:52:14.955+0000] {processor.py:161} INFO - Started process (PID=3735) to work on /opt/airflow/dags/newyork_fhv_ingestion.py
[2026-05-09T02:52:14.957+0000] {processor.py:830} INFO - Processing file /opt/airflow/dags/newyork_fhv_ingestion.py for tasks to queue
[2026-05-09T02:52:14.962+0000] {logging_mixin.py:188} INFO - [2026-05-09T02:52:14.961+0000] {dagbag.py:545} INFO - Filling up the DagBag from /opt/airflow/dags/newyork_fhv_ingestion.py
[2026-05-09T02:52:14.999+0000] {processor.py:840} INFO - DAG(s) 'newyork_fhv_ingestion' retrieved from /opt/airflow/dags/newyork_fhv_ingestion.py
[2026-05-09T02:52:15.033+0000] {logging_mixin.py:188} INFO - [2026-05-09T02:52:15.032+0000] {dag.py:3096} INFO - Sync 1 DAGs
[2026-05-09T02:52:15.056+0000] {logging_mixin.py:188} INFO - [2026-05-09T02:52:15.056+0000] {dag.py:3954} INFO - Setting next_dagrun for newyork_fhv_ingestion to None, run_after=None
[2026-05-09T02:52:15.096+0000] {processor.py:183} INFO - Processing /opt/airflow/dags/newyork_fhv_ingestion.py took 0.153 seconds
[2026-05-09T02:52:45.909+0000] {processor.py:161} INFO - Started process (PID=3746) to work on /opt/airflow/dags/newyork_fhv_ingestion.py
[2026-05-09T02:52:45.911+0000] {processor.py:830} INFO - Processing file /opt/airflow/dags/newyork_fhv_ingestion.py for tasks to queue
[2026-05-09T02:52:45.915+0000] {logging_mixin.py:188} INFO - [2026-05-09T02:52:45.915+0000] {dagbag.py:545} INFO - Filling up the DagBag from /opt/airflow/dags/newyork_fhv_ingestion.py
[2026-05-09T02:52:45.981+0000] {processor.py:840} INFO - DAG(s) 'newyork_fhv_ingestion' retrieved from /opt/airflow/dags/newyork_fhv_ingestion.py
[2026-05-09T02:52:46.020+0000] {logging_mixin.py:188} INFO - [2026-05-09T02:52:46.020+0000] {dag.py:3096} INFO - Sync 1 DAGs
[2026-05-09T02:52:46.037+0000] {logging_mixin.py:188} INFO - [2026-05-09T02:52:46.037+0000] {dag.py:3954} INFO - Setting next_dagrun for newyork_fhv_ingestion to None, run_after=None
[2026-05-09T02:52:46.068+0000] {processor.py:183} INFO - Processing /opt/airflow/dags/newyork_fhv_ingestion.py took 0.170 seconds
[2026-05-09T02:53:16.917+0000] {processor.py:161} INFO - Started process (PID=3757) to work on /opt/airflow/dags/newyork_fhv_ingestion.py
[2026-05-09T02:53:16.919+0000] {processor.py:830} INFO - Processing file /opt/airflow/dags/newyork_fhv_ingestion.py for tasks to queue
[2026-05-09T02:53:16.922+0000] {logging_mixin.py:188} INFO - [2026-05-09T02:53:16.922+0000] {dagbag.py:545} INFO - Filling up the DagBag from /opt/airflow/dags/newyork_fhv_ingestion.py
[2026-05-09T02:53:16.967+0000] {processor.py:840} INFO - DAG(s) 'newyork_fhv_ingestion' retrieved from /opt/airflow/dags/newyork_fhv_ingestion.py
[2026-05-09T02:53:16.997+0000] {logging_mixin.py:188} INFO - [2026-05-09T02:53:16.996+0000] {dag.py:3096} INFO - Sync 1 DAGs
[2026-05-09T02:53:17.012+0000] {logging_mixin.py:188} INFO - [2026-05-09T02:53:17.012+0000] {dag.py:3954} INFO - Setting next_dagrun for newyork_fhv_ingestion to None, run_after=None
[2026-05-09T02:53:17.035+0000] {processor.py:183} INFO - Processing /opt/airflow/dags/newyork_fhv_ingestion.py took 0.125 seconds
[2026-05-09T02:53:47.840+0000] {processor.py:161} INFO - Started process (PID=3774) to work on /opt/airflow/dags/newyork_fhv_ingestion.py
[2026-05-09T02:53:47.842+0000] {processor.py:830} INFO - Processing file /opt/airflow/dags/newyork_fhv_ingestion.py for tasks to queue
[2026-05-09T02:53:47.852+0000] {logging_mixin.py:188} INFO - [2026-05-09T02:53:47.852+0000] {dagbag.py:545} INFO - Filling up the DagBag from /opt/airflow/dags/newyork_fhv_ingestion.py
[2026-05-09T02:53:47.906+0000] {processor.py:840} INFO - DAG(s) 'newyork_fhv_ingestion' retrieved from /opt/airflow/dags/newyork_fhv_ingestion.py
[2026-05-09T02:53:47.947+0000] {logging_mixin.py:188} INFO - [2026-05-09T02:53:47.946+0000] {dag.py:3096} INFO - Sync 1 DAGs
[2026-05-09T02:53:47.970+0000] {logging_mixin.py:188} INFO - [2026-05-09T02:53:47.970+0000] {dag.py:3954} INFO - Setting next_dagrun for newyork_fhv_ingestion to None, run_after=None
[2026-05-09T02:53:48.005+0000] {processor.py:183} INFO - Processing /opt/airflow/dags/newyork_fhv_ingestion.py took 0.175 seconds
[2026-05-09T02:54:18.191+0000] {processor.py:161} INFO - Started process (PID=3785) to work on /opt/airflow/dags/newyork_fhv_ingestion.py
[2026-05-09T02:54:18.193+0000] {processor.py:830} INFO - Processing file /opt/airflow/dags/newyork_fhv_ingestion.py for tasks to queue
[2026-05-09T02:54:18.198+0000] {logging_mixin.py:188} INFO - [2026-05-09T02:54:18.197+0000] {dagbag.py:545} INFO - Filling up the DagBag from /opt/airflow/dags/newyork_fhv_ingestion.py
[2026-05-09T02:54:18.251+0000] {processor.py:840} INFO - DAG(s) 'newyork_fhv_ingestion' retrieved from /opt/airflow/dags/newyork_fhv_ingestion.py
[2026-05-09T02:54:18.290+0000] {logging_mixin.py:188} INFO - [2026-05-09T02:54:18.289+0000] {dag.py:3096} INFO - Sync 1 DAGs
[2026-05-09T02:54:18.313+0000] {logging_mixin.py:188} INFO - [2026-05-09T02:54:18.312+0000] {dag.py:3954} INFO - Setting next_dagrun for newyork_fhv_ingestion to None, run_after=None
[2026-05-09T02:54:18.355+0000] {processor.py:183} INFO - Processing /opt/airflow/dags/newyork_fhv_ingestion.py took 0.176 seconds
[2026-05-09T02:54:49.123+0000] {processor.py:161} INFO - Started process (PID=3796) to work on /opt/airflow/dags/newyork_fhv_ingestion.py
[2026-05-09T02:54:49.125+0000] {processor.py:830} INFO - Processing file /opt/airflow/dags/newyork_fhv_ingestion.py for tasks to queue
[2026-05-09T02:54:49.129+0000] {logging_mixin.py:188} INFO - [2026-05-09T02:54:49.129+0000] {dagbag.py:545} INFO - Filling up the DagBag from /opt/airflow/dags/newyork_fhv_ingestion.py
[2026-05-09T02:54:49.175+0000] {processor.py:840} INFO - DAG(s) 'newyork_fhv_ingestion' retrieved from /opt/airflow/dags/newyork_fhv_ingestion.py
[2026-05-09T02:54:49.211+0000] {logging_mixin.py:188} INFO - [2026-05-09T02:54:49.211+0000] {dag.py:3096} INFO - Sync 1 DAGs
[2026-05-09T02:54:49.230+0000] {logging_mixin.py:188} INFO - [2026-05-09T02:54:49.230+0000] {dag.py:3954} INFO - Setting next_dagrun for newyork_fhv_ingestion to None, run_after=None
[2026-05-09T02:54:49.254+0000] {processor.py:183} INFO - Processing /opt/airflow/dags/newyork_fhv_ingestion.py took 0.142 seconds
[2026-05-09T02:55:19.865+0000] {processor.py:161} INFO - Started process (PID=3807) to work on /opt/airflow/dags/newyork_fhv_ingestion.py
[2026-05-09T02:55:19.868+0000] {processor.py:830} INFO - Processing file /opt/airflow/dags/newyork_fhv_ingestion.py for tasks to queue
[2026-05-09T02:55:19.871+0000] {logging_mixin.py:188} INFO - [2026-05-09T02:55:19.871+0000] {dagbag.py:545} INFO - Filling up the DagBag from /opt/airflow/dags/newyork_fhv_ingestion.py
[2026-05-09T02:55:19.907+0000] {processor.py:840} INFO - DAG(s) 'newyork_fhv_ingestion' retrieved from /opt/airflow/dags/newyork_fhv_ingestion.py
[2026-05-09T02:55:19.936+0000] {logging_mixin.py:188} INFO - [2026-05-09T02:55:19.935+0000] {dag.py:3096} INFO - Sync 1 DAGs
[2026-05-09T02:55:19.950+0000] {logging_mixin.py:188} INFO - [2026-05-09T02:55:19.949+0000] {dag.py:3954} INFO - Setting next_dagrun for newyork_fhv_ingestion to None, run_after=None
[2026-05-09T02:55:19.974+0000] {processor.py:183} INFO - Processing /opt/airflow/dags/newyork_fhv_ingestion.py took 0.116 seconds
[2026-05-09T02:55:50.828+0000] {processor.py:161} INFO - Started process (PID=3818) to work on /opt/airflow/dags/newyork_fhv_ingestion.py
[2026-05-09T02:55:50.831+0000] {processor.py:830} INFO - Processing file /opt/airflow/dags/newyork_fhv_ingestion.py for tasks to queue
[2026-05-09T02:55:50.835+0000] {logging_mixin.py:188} INFO - [2026-05-09T02:55:50.834+0000] {dagbag.py:545} INFO - Filling up the DagBag from /opt/airflow/dags/newyork_fhv_ingestion.py
[2026-05-09T02:55:50.895+0000] {processor.py:840} INFO - DAG(s) 'newyork_fhv_ingestion' retrieved from /opt/airflow/dags/newyork_fhv_ingestion.py
[2026-05-09T02:55:50.935+0000] {logging_mixin.py:188} INFO - [2026-05-09T02:55:50.935+0000] {dag.py:3096} INFO - Sync 1 DAGs
[2026-05-09T02:55:50.952+0000] {logging_mixin.py:188} INFO - [2026-05-09T02:55:50.951+0000] {dag.py:3954} INFO - Setting next_dagrun for newyork_fhv_ingestion to None, run_after=None
[2026-05-09T02:55:50.980+0000] {processor.py:183} INFO - Processing /opt/airflow/dags/newyork_fhv_ingestion.py took 0.164 seconds
[2026-05-09T02:56:21.710+0000] {processor.py:161} INFO - Started process (PID=3829) to work on /opt/airflow/dags/newyork_fhv_ingestion.py
[2026-05-09T02:56:21.712+0000] {processor.py:830} INFO - Processing file /opt/airflow/dags/newyork_fhv_ingestion.py for tasks to queue
[2026-05-09T02:56:21.714+0000] {logging_mixin.py:188} INFO - [2026-05-09T02:56:21.714+0000] {dagbag.py:545} INFO - Filling up the DagBag from /opt/airflow/dags/newyork_fhv_ingestion.py
[2026-05-09T02:56:21.772+0000] {processor.py:840} INFO - DAG(s) 'newyork_fhv_ingestion' retrieved from /opt/airflow/dags/newyork_fhv_ingestion.py
[2026-05-09T02:56:21.797+0000] {logging_mixin.py:188} INFO - [2026-05-09T02:56:21.797+0000] {dag.py:3096} INFO - Sync 1 DAGs
[2026-05-09T02:56:21.811+0000] {logging_mixin.py:188} INFO - [2026-05-09T02:56:21.811+0000] {dag.py:3954} INFO - Setting next_dagrun for newyork_fhv_ingestion to None, run_after=None
[2026-05-09T02:56:21.837+0000] {processor.py:183} INFO - Processing /opt/airflow/dags/newyork_fhv_ingestion.py took 0.134 seconds
[2026-05-09T02:56:52.700+0000] {processor.py:161} INFO - Started process (PID=3840) to work on /opt/airflow/dags/newyork_fhv_ingestion.py
[2026-05-09T02:56:52.702+0000] {processor.py:830} INFO - Processing file /opt/airflow/dags/newyork_fhv_ingestion.py for tasks to queue
[2026-05-09T02:56:52.705+0000] {logging_mixin.py:188} INFO - [2026-05-09T02:56:52.705+0000] {dagbag.py:545} INFO - Filling up the DagBag from /opt/airflow/dags/newyork_fhv_ingestion.py
[2026-05-09T02:56:52.740+0000] {processor.py:840} INFO - DAG(s) 'newyork_fhv_ingestion' retrieved from /opt/airflow/dags/newyork_fhv_ingestion.py
[2026-05-09T02:56:52.765+0000] {logging_mixin.py:188} INFO - [2026-05-09T02:56:52.765+0000] {dag.py:3096} INFO - Sync 1 DAGs
[2026-05-09T02:56:52.780+0000] {logging_mixin.py:188} INFO - [2026-05-09T02:56:52.779+0000] {dag.py:3954} INFO - Setting next_dagrun for newyork_fhv_ingestion to None, run_after=None
[2026-05-09T02:56:52.802+0000] {processor.py:183} INFO - Processing /opt/airflow/dags/newyork_fhv_ingestion.py took 0.109 seconds
[2026-05-09T02:57:23.834+0000] {processor.py:161} INFO - Started process (PID=3851) to work on /opt/airflow/dags/newyork_fhv_ingestion.py
[2026-05-09T02:57:23.836+0000] {processor.py:830} INFO - Processing file /opt/airflow/dags/newyork_fhv_ingestion.py for tasks to queue
[2026-05-09T02:57:23.838+0000] {logging_mixin.py:188} INFO - [2026-05-09T02:57:23.838+0000] {dagbag.py:545} INFO - Filling up the DagBag from /opt/airflow/dags/newyork_fhv_ingestion.py
[2026-05-09T02:57:23.867+0000] {processor.py:840} INFO - DAG(s) 'newyork_fhv_ingestion' retrieved from /opt/airflow/dags/newyork_fhv_ingestion.py
[2026-05-09T02:57:23.891+0000] {logging_mixin.py:188} INFO - [2026-05-09T02:57:23.890+0000] {dag.py:3096} INFO - Sync 1 DAGs
[2026-05-09T02:57:23.905+0000] {logging_mixin.py:188} INFO - [2026-05-09T02:57:23.905+0000] {dag.py:3954} INFO - Setting next_dagrun for newyork_fhv_ingestion to None, run_after=None
[2026-05-09T02:57:23.933+0000] {processor.py:183} INFO - Processing /opt/airflow/dags/newyork_fhv_ingestion.py took 0.106 seconds
[2026-05-09T02:57:54.825+0000] {processor.py:161} INFO - Started process (PID=3862) to work on /opt/airflow/dags/newyork_fhv_ingestion.py
[2026-05-09T02:57:54.827+0000] {processor.py:830} INFO - Processing file /opt/airflow/dags/newyork_fhv_ingestion.py for tasks to queue
[2026-05-09T02:57:54.830+0000] {logging_mixin.py:188} INFO - [2026-05-09T02:57:54.829+0000] {dagbag.py:545} INFO - Filling up the DagBag from /opt/airflow/dags/newyork_fhv_ingestion.py
[2026-05-09T02:57:54.869+0000] {processor.py:840} INFO - DAG(s) 'newyork_fhv_ingestion' retrieved from /opt/airflow/dags/newyork_fhv_ingestion.py
[2026-05-09T02:57:54.907+0000] {logging_mixin.py:188} INFO - [2026-05-09T02:57:54.907+0000] {dag.py:3096} INFO - Sync 1 DAGs
[2026-05-09T02:57:54.932+0000] {logging_mixin.py:188} INFO - [2026-05-09T02:57:54.932+0000] {dag.py:3954} INFO - Setting next_dagrun for newyork_fhv_ingestion to None, run_after=None
[2026-05-09T02:57:54.974+0000] {processor.py:183} INFO - Processing /opt/airflow/dags/newyork_fhv_ingestion.py took 0.160 seconds
[2026-05-09T02:58:25.884+0000] {processor.py:161} INFO - Started process (PID=3873) to work on /opt/airflow/dags/newyork_fhv_ingestion.py
[2026-05-09T02:58:25.886+0000] {processor.py:830} INFO - Processing file /opt/airflow/dags/newyork_fhv_ingestion.py for tasks to queue
[2026-05-09T02:58:25.890+0000] {logging_mixin.py:188} INFO - [2026-05-09T02:58:25.890+0000] {dagbag.py:545} INFO - Filling up the DagBag from /opt/airflow/dags/newyork_fhv_ingestion.py
[2026-05-09T02:58:25.936+0000] {processor.py:840} INFO - DAG(s) 'newyork_fhv_ingestion' retrieved from /opt/airflow/dags/newyork_fhv_ingestion.py
[2026-05-09T02:58:25.961+0000] {logging_mixin.py:188} INFO - [2026-05-09T02:58:25.961+0000] {dag.py:3096} INFO - Sync 1 DAGs
[2026-05-09T02:58:25.974+0000] {logging_mixin.py:188} INFO - [2026-05-09T02:58:25.974+0000] {dag.py:3954} INFO - Setting next_dagrun for newyork_fhv_ingestion to None, run_after=None
[2026-05-09T02:58:26.001+0000] {processor.py:183} INFO - Processing /opt/airflow/dags/newyork_fhv_ingestion.py took 0.130 seconds
[2026-05-09T02:58:56.858+0000] {processor.py:161} INFO - Started process (PID=3884) to work on /opt/airflow/dags/newyork_fhv_ingestion.py
[2026-05-09T02:58:56.860+0000] {processor.py:830} INFO - Processing file /opt/airflow/dags/newyork_fhv_ingestion.py for tasks to queue
[2026-05-09T02:58:56.865+0000] {logging_mixin.py:188} INFO - [2026-05-09T02:58:56.864+0000] {dagbag.py:545} INFO - Filling up the DagBag from /opt/airflow/dags/newyork_fhv_ingestion.py
[2026-05-09T02:58:56.917+0000] {processor.py:840} INFO - DAG(s) 'newyork_fhv_ingestion' retrieved from /opt/airflow/dags/newyork_fhv_ingestion.py
[2026-05-09T02:58:56.959+0000] {logging_mixin.py:188} INFO - [2026-05-09T02:58:56.959+0000] {dag.py:3096} INFO - Sync 1 DAGs
[2026-05-09T02:58:56.981+0000] {logging_mixin.py:188} INFO - [2026-05-09T02:58:56.981+0000] {dag.py:3954} INFO - Setting next_dagrun for newyork_fhv_ingestion to None, run_after=None
[2026-05-09T02:58:57.010+0000] {processor.py:183} INFO - Processing /opt/airflow/dags/newyork_fhv_ingestion.py took 0.166 seconds
[2026-05-09T02:59:27.924+0000] {processor.py:161} INFO - Started process (PID=3895) to work on /opt/airflow/dags/newyork_fhv_ingestion.py
[2026-05-09T02:59:27.927+0000] {processor.py:830} INFO - Processing file /opt/airflow/dags/newyork_fhv_ingestion.py for tasks to queue
[2026-05-09T02:59:27.930+0000] {logging_mixin.py:188} INFO - [2026-05-09T02:59:27.930+0000] {dagbag.py:545} INFO - Filling up the DagBag from /opt/airflow/dags/newyork_fhv_ingestion.py
[2026-05-09T02:59:27.977+0000] {processor.py:840} INFO - DAG(s) 'newyork_fhv_ingestion' retrieved from /opt/airflow/dags/newyork_fhv_ingestion.py
[2026-05-09T02:59:28.009+0000] {logging_mixin.py:188} INFO - [2026-05-09T02:59:28.009+0000] {dag.py:3096} INFO - Sync 1 DAGs
[2026-05-09T02:59:28.025+0000] {logging_mixin.py:188} INFO - [2026-05-09T02:59:28.025+0000] {dag.py:3954} INFO - Setting next_dagrun for newyork_fhv_ingestion to None, run_after=None
[2026-05-09T02:59:28.052+0000] {processor.py:183} INFO - Processing /opt/airflow/dags/newyork_fhv_ingestion.py took 0.138 seconds
[2026-05-09T02:59:58.863+0000] {processor.py:161} INFO - Started process (PID=3907) to work on /opt/airflow/dags/newyork_fhv_ingestion.py
[2026-05-09T02:59:58.866+0000] {processor.py:830} INFO - Processing file /opt/airflow/dags/newyork_fhv_ingestion.py for tasks to queue
[2026-05-09T02:59:58.870+0000] {logging_mixin.py:188} INFO - [2026-05-09T02:59:58.869+0000] {dagbag.py:545} INFO - Filling up the DagBag from /opt/airflow/dags/newyork_fhv_ingestion.py
[2026-05-09T02:59:58.918+0000] {processor.py:840} INFO - DAG(s) 'newyork_fhv_ingestion' retrieved from /opt/airflow/dags/newyork_fhv_ingestion.py
[2026-05-09T02:59:58.958+0000] {logging_mixin.py:188} INFO - [2026-05-09T02:59:58.958+0000] {dag.py:3096} INFO - Sync 1 DAGs
[2026-05-09T02:59:58.982+0000] {logging_mixin.py:188} INFO - [2026-05-09T02:59:58.982+0000] {dag.py:3954} INFO - Setting next_dagrun for newyork_fhv_ingestion to None, run_after=None
[2026-05-09T02:59:59.023+0000] {processor.py:183} INFO - Processing /opt/airflow/dags/newyork_fhv_ingestion.py took 0.172 seconds
[2026-05-09T03:00:29.592+0000] {processor.py:161} INFO - Started process (PID=3918) to work on /opt/airflow/dags/newyork_fhv_ingestion.py
[2026-05-09T03:00:29.594+0000] {processor.py:830} INFO - Processing file /opt/airflow/dags/newyork_fhv_ingestion.py for tasks to queue
[2026-05-09T03:00:29.597+0000] {logging_mixin.py:188} INFO - [2026-05-09T03:00:29.597+0000] {dagbag.py:545} INFO - Filling up the DagBag from /opt/airflow/dags/newyork_fhv_ingestion.py
[2026-05-09T03:00:29.657+0000] {processor.py:840} INFO - DAG(s) 'newyork_fhv_ingestion' retrieved from /opt/airflow/dags/newyork_fhv_ingestion.py
[2026-05-09T03:00:29.690+0000] {logging_mixin.py:188} INFO - [2026-05-09T03:00:29.689+0000] {dag.py:3096} INFO - Sync 1 DAGs
[2026-05-09T03:00:29.713+0000] {logging_mixin.py:188} INFO - [2026-05-09T03:00:29.712+0000] {dag.py:3954} INFO - Setting next_dagrun for newyork_fhv_ingestion to None, run_after=None
[2026-05-09T03:00:29.744+0000] {processor.py:183} INFO - Processing /opt/airflow/dags/newyork_fhv_ingestion.py took 0.162 seconds
[2026-05-09T03:01:00.578+0000] {processor.py:161} INFO - Started process (PID=3929) to work on /opt/airflow/dags/newyork_fhv_ingestion.py
[2026-05-09T03:01:00.580+0000] {processor.py:830} INFO - Processing file /opt/airflow/dags/newyork_fhv_ingestion.py for tasks to queue
[2026-05-09T03:01:00.585+0000] {logging_mixin.py:188} INFO - [2026-05-09T03:01:00.584+0000] {dagbag.py:545} INFO - Filling up the DagBag from /opt/airflow/dags/newyork_fhv_ingestion.py
[2026-05-09T03:01:00.641+0000] {processor.py:840} INFO - DAG(s) 'newyork_fhv_ingestion' retrieved from /opt/airflow/dags/newyork_fhv_ingestion.py
[2026-05-09T03:01:00.670+0000] {logging_mixin.py:188} INFO - [2026-05-09T03:01:00.670+0000] {dag.py:3096} INFO - Sync 1 DAGs
[2026-05-09T03:01:00.691+0000] {logging_mixin.py:188} INFO - [2026-05-09T03:01:00.690+0000] {dag.py:3954} INFO - Setting next_dagrun for newyork_fhv_ingestion to None, run_after=None
[2026-05-09T03:01:00.733+0000] {processor.py:183} INFO - Processing /opt/airflow/dags/newyork_fhv_ingestion.py took 0.167 seconds
[2026-05-09T03:01:31.477+0000] {processor.py:161} INFO - Started process (PID=3940) to work on /opt/airflow/dags/newyork_fhv_ingestion.py
[2026-05-09T03:01:31.480+0000] {processor.py:830} INFO - Processing file /opt/airflow/dags/newyork_fhv_ingestion.py for tasks to queue
[2026-05-09T03:01:31.483+0000] {logging_mixin.py:188} INFO - [2026-05-09T03:01:31.482+0000] {dagbag.py:545} INFO - Filling up the DagBag from /opt/airflow/dags/newyork_fhv_ingestion.py
[2026-05-09T03:01:31.526+0000] {processor.py:840} INFO - DAG(s) 'newyork_fhv_ingestion' retrieved from /opt/airflow/dags/newyork_fhv_ingestion.py
[2026-05-09T03:01:31.563+0000] {logging_mixin.py:188} INFO - [2026-05-09T03:01:31.562+0000] {dag.py:3096} INFO - Sync 1 DAGs
[2026-05-09T03:01:31.585+0000] {logging_mixin.py:188} INFO - [2026-05-09T03:01:31.585+0000] {dag.py:3954} INFO - Setting next_dagrun for newyork_fhv_ingestion to None, run_after=None
[2026-05-09T03:01:31.626+0000] {processor.py:183} INFO - Processing /opt/airflow/dags/newyork_fhv_ingestion.py took 0.160 seconds
[2026-05-09T03:02:02.285+0000] {processor.py:161} INFO - Started process (PID=3951) to work on /opt/airflow/dags/newyork_fhv_ingestion.py
[2026-05-09T03:02:02.287+0000] {processor.py:830} INFO - Processing file /opt/airflow/dags/newyork_fhv_ingestion.py for tasks to queue
[2026-05-09T03:02:02.291+0000] {logging_mixin.py:188} INFO - [2026-05-09T03:02:02.290+0000] {dagbag.py:545} INFO - Filling up the DagBag from /opt/airflow/dags/newyork_fhv_ingestion.py
[2026-05-09T03:02:02.332+0000] {processor.py:840} INFO - DAG(s) 'newyork_fhv_ingestion' retrieved from /opt/airflow/dags/newyork_fhv_ingestion.py
[2026-05-09T03:02:02.369+0000] {logging_mixin.py:188} INFO - [2026-05-09T03:02:02.368+0000] {dag.py:3096} INFO - Sync 1 DAGs
[2026-05-09T03:02:02.386+0000] {logging_mixin.py:188} INFO - [2026-05-09T03:02:02.386+0000] {dag.py:3954} INFO - Setting next_dagrun for newyork_fhv_ingestion to None, run_after=None
[2026-05-09T03:02:02.411+0000] {processor.py:183} INFO - Processing /opt/airflow/dags/newyork_fhv_ingestion.py took 0.137 seconds
[2026-05-09T03:02:33.026+0000] {processor.py:161} INFO - Started process (PID=3962) to work on /opt/airflow/dags/newyork_fhv_ingestion.py
[2026-05-09T03:02:33.028+0000] {processor.py:830} INFO - Processing file /opt/airflow/dags/newyork_fhv_ingestion.py for tasks to queue
[2026-05-09T03:02:33.032+0000] {logging_mixin.py:188} INFO - [2026-05-09T03:02:33.032+0000] {dagbag.py:545} INFO - Filling up the DagBag from /opt/airflow/dags/newyork_fhv_ingestion.py
[2026-05-09T03:02:33.076+0000] {processor.py:840} INFO - DAG(s) 'newyork_fhv_ingestion' retrieved from /opt/airflow/dags/newyork_fhv_ingestion.py
[2026-05-09T03:02:33.103+0000] {logging_mixin.py:188} INFO - [2026-05-09T03:02:33.103+0000] {dag.py:3096} INFO - Sync 1 DAGs
[2026-05-09T03:02:33.117+0000] {logging_mixin.py:188} INFO - [2026-05-09T03:02:33.117+0000] {dag.py:3954} INFO - Setting next_dagrun for newyork_fhv_ingestion to None, run_after=None
[2026-05-09T03:02:33.142+0000] {processor.py:183} INFO - Processing /opt/airflow/dags/newyork_fhv_ingestion.py took 0.128 seconds
[2026-05-09T03:03:03.975+0000] {processor.py:161} INFO - Started process (PID=3973) to work on /opt/airflow/dags/newyork_fhv_ingestion.py
[2026-05-09T03:03:03.977+0000] {processor.py:830} INFO - Processing file /opt/airflow/dags/newyork_fhv_ingestion.py for tasks to queue
[2026-05-09T03:03:03.981+0000] {logging_mixin.py:188} INFO - [2026-05-09T03:03:03.980+0000] {dagbag.py:545} INFO - Filling up the DagBag from /opt/airflow/dags/newyork_fhv_ingestion.py
[2026-05-09T03:03:04.019+0000] {processor.py:840} INFO - DAG(s) 'newyork_fhv_ingestion' retrieved from /opt/airflow/dags/newyork_fhv_ingestion.py
[2026-05-09T03:03:04.044+0000] {logging_mixin.py:188} INFO - [2026-05-09T03:03:04.044+0000] {dag.py:3096} INFO - Sync 1 DAGs
[2026-05-09T03:03:04.060+0000] {logging_mixin.py:188} INFO - [2026-05-09T03:03:04.060+0000] {dag.py:3954} INFO - Setting next_dagrun for newyork_fhv_ingestion to None, run_after=None
[2026-05-09T03:03:04.087+0000] {processor.py:183} INFO - Processing /opt/airflow/dags/newyork_fhv_ingestion.py took 0.123 seconds
[2026-05-09T03:03:34.891+0000] {processor.py:161} INFO - Started process (PID=3984) to work on /opt/airflow/dags/newyork_fhv_ingestion.py
[2026-05-09T03:03:34.893+0000] {processor.py:830} INFO - Processing file /opt/airflow/dags/newyork_fhv_ingestion.py for tasks to queue
[2026-05-09T03:03:34.896+0000] {logging_mixin.py:188} INFO - [2026-05-09T03:03:34.895+0000] {dagbag.py:545} INFO - Filling up the DagBag from /opt/airflow/dags/newyork_fhv_ingestion.py
[2026-05-09T03:03:34.946+0000] {processor.py:840} INFO - DAG(s) 'newyork_fhv_ingestion' retrieved from /opt/airflow/dags/newyork_fhv_ingestion.py
[2026-05-09T03:03:34.980+0000] {logging_mixin.py:188} INFO - [2026-05-09T03:03:34.980+0000] {dag.py:3096} INFO - Sync 1 DAGs
[2026-05-09T03:03:35.002+0000] {logging_mixin.py:188} INFO - [2026-05-09T03:03:35.001+0000] {dag.py:3954} INFO - Setting next_dagrun for newyork_fhv_ingestion to None, run_after=None
[2026-05-09T03:03:35.030+0000] {processor.py:183} INFO - Processing /opt/airflow/dags/newyork_fhv_ingestion.py took 0.149 seconds
[2026-05-09T03:04:06.072+0000] {processor.py:161} INFO - Started process (PID=3995) to work on /opt/airflow/dags/newyork_fhv_ingestion.py
[2026-05-09T03:04:06.074+0000] {processor.py:830} INFO - Processing file /opt/airflow/dags/newyork_fhv_ingestion.py for tasks to queue
[2026-05-09T03:04:06.078+0000] {logging_mixin.py:188} INFO - [2026-05-09T03:04:06.078+0000] {dagbag.py:545} INFO - Filling up the DagBag from /opt/airflow/dags/newyork_fhv_ingestion.py
[2026-05-09T03:04:06.122+0000] {processor.py:840} INFO - DAG(s) 'newyork_fhv_ingestion' retrieved from /opt/airflow/dags/newyork_fhv_ingestion.py
[2026-05-09T03:04:06.159+0000] {logging_mixin.py:188} INFO - [2026-05-09T03:04:06.158+0000] {dag.py:3096} INFO - Sync 1 DAGs
[2026-05-09T03:04:06.186+0000] {logging_mixin.py:188} INFO - [2026-05-09T03:04:06.186+0000] {dag.py:3954} INFO - Setting next_dagrun for newyork_fhv_ingestion to None, run_after=None
[2026-05-09T03:04:06.222+0000] {processor.py:183} INFO - Processing /opt/airflow/dags/newyork_fhv_ingestion.py took 0.160 seconds
[2026-05-09T03:04:36.985+0000] {processor.py:161} INFO - Started process (PID=4006) to work on /opt/airflow/dags/newyork_fhv_ingestion.py
[2026-05-09T03:04:36.988+0000] {processor.py:830} INFO - Processing file /opt/airflow/dags/newyork_fhv_ingestion.py for tasks to queue
[2026-05-09T03:04:36.991+0000] {logging_mixin.py:188} INFO - [2026-05-09T03:04:36.991+0000] {dagbag.py:545} INFO - Filling up the DagBag from /opt/airflow/dags/newyork_fhv_ingestion.py
[2026-05-09T03:04:37.039+0000] {processor.py:840} INFO - DAG(s) 'newyork_fhv_ingestion' retrieved from /opt/airflow/dags/newyork_fhv_ingestion.py
[2026-05-09T03:04:37.076+0000] {logging_mixin.py:188} INFO - [2026-05-09T03:04:37.075+0000] {dag.py:3096} INFO - Sync 1 DAGs
[2026-05-09T03:04:37.099+0000] {logging_mixin.py:188} INFO - [2026-05-09T03:04:37.099+0000] {dag.py:3954} INFO - Setting next_dagrun for newyork_fhv_ingestion to None, run_after=None
[2026-05-09T03:04:37.143+0000] {processor.py:183} INFO - Processing /opt/airflow/dags/newyork_fhv_ingestion.py took 0.170 seconds
[2026-05-09T03:05:07.292+0000] {processor.py:161} INFO - Started process (PID=4017) to work on /opt/airflow/dags/newyork_fhv_ingestion.py
[2026-05-09T03:05:07.294+0000] {processor.py:830} INFO - Processing file /opt/airflow/dags/newyork_fhv_ingestion.py for tasks to queue
[2026-05-09T03:05:07.298+0000] {logging_mixin.py:188} INFO - [2026-05-09T03:05:07.297+0000] {dagbag.py:545} INFO - Filling up the DagBag from /opt/airflow/dags/newyork_fhv_ingestion.py
[2026-05-09T03:05:07.330+0000] {processor.py:840} INFO - DAG(s) 'newyork_fhv_ingestion' retrieved from /opt/airflow/dags/newyork_fhv_ingestion.py
[2026-05-09T03:05:07.357+0000] {logging_mixin.py:188} INFO - [2026-05-09T03:05:07.357+0000] {dag.py:3096} INFO - Sync 1 DAGs
[2026-05-09T03:05:07.373+0000] {logging_mixin.py:188} INFO - [2026-05-09T03:05:07.373+0000] {dag.py:3954} INFO - Setting next_dagrun for newyork_fhv_ingestion to None, run_after=None
[2026-05-09T03:05:07.400+0000] {processor.py:183} INFO - Processing /opt/airflow/dags/newyork_fhv_ingestion.py took 0.117 seconds
[2026-05-09T03:05:38.256+0000] {processor.py:161} INFO - Started process (PID=4028) to work on /opt/airflow/dags/newyork_fhv_ingestion.py
[2026-05-09T03:05:38.257+0000] {processor.py:830} INFO - Processing file /opt/airflow/dags/newyork_fhv_ingestion.py for tasks to queue
[2026-05-09T03:05:38.260+0000] {logging_mixin.py:188} INFO - [2026-05-09T03:05:38.260+0000] {dagbag.py:545} INFO - Filling up the DagBag from /opt/airflow/dags/newyork_fhv_ingestion.py
[2026-05-09T03:05:38.301+0000] {processor.py:840} INFO - DAG(s) 'newyork_fhv_ingestion' retrieved from /opt/airflow/dags/newyork_fhv_ingestion.py
[2026-05-09T03:05:38.324+0000] {logging_mixin.py:188} INFO - [2026-05-09T03:05:38.324+0000] {dag.py:3096} INFO - Sync 1 DAGs
[2026-05-09T03:05:38.337+0000] {logging_mixin.py:188} INFO - [2026-05-09T03:05:38.337+0000] {dag.py:3954} INFO - Setting next_dagrun for newyork_fhv_ingestion to None, run_after=None
[2026-05-09T03:05:38.363+0000] {processor.py:183} INFO - Processing /opt/airflow/dags/newyork_fhv_ingestion.py took 0.113 seconds
[2026-05-09T03:06:09.330+0000] {processor.py:161} INFO - Started process (PID=4039) to work on /opt/airflow/dags/newyork_fhv_ingestion.py
[2026-05-09T03:06:09.331+0000] {processor.py:830} INFO - Processing file /opt/airflow/dags/newyork_fhv_ingestion.py for tasks to queue
[2026-05-09T03:06:09.334+0000] {logging_mixin.py:188} INFO - [2026-05-09T03:06:09.334+0000] {dagbag.py:545} INFO - Filling up the DagBag from /opt/airflow/dags/newyork_fhv_ingestion.py
[2026-05-09T03:06:09.365+0000] {processor.py:840} INFO - DAG(s) 'newyork_fhv_ingestion' retrieved from /opt/airflow/dags/newyork_fhv_ingestion.py
[2026-05-09T03:06:09.388+0000] {logging_mixin.py:188} INFO - [2026-05-09T03:06:09.388+0000] {dag.py:3096} INFO - Sync 1 DAGs
[2026-05-09T03:06:09.403+0000] {logging_mixin.py:188} INFO - [2026-05-09T03:06:09.402+0000] {dag.py:3954} INFO - Setting next_dagrun for newyork_fhv_ingestion to None, run_after=None
[2026-05-09T03:06:09.427+0000] {processor.py:183} INFO - Processing /opt/airflow/dags/newyork_fhv_ingestion.py took 0.105 seconds
[2026-05-09T03:06:40.302+0000] {processor.py:161} INFO - Started process (PID=4050) to work on /opt/airflow/dags/newyork_fhv_ingestion.py
[2026-05-09T03:06:40.304+0000] {processor.py:830} INFO - Processing file /opt/airflow/dags/newyork_fhv_ingestion.py for tasks to queue
[2026-05-09T03:06:40.308+0000] {logging_mixin.py:188} INFO - [2026-05-09T03:06:40.307+0000] {dagbag.py:545} INFO - Filling up the DagBag from /opt/airflow/dags/newyork_fhv_ingestion.py
[2026-05-09T03:06:40.359+0000] {processor.py:840} INFO - DAG(s) 'newyork_fhv_ingestion' retrieved from /opt/airflow/dags/newyork_fhv_ingestion.py
[2026-05-09T03:06:40.381+0000] {logging_mixin.py:188} INFO - [2026-05-09T03:06:40.381+0000] {dag.py:3096} INFO - Sync 1 DAGs
[2026-05-09T03:06:40.399+0000] {logging_mixin.py:188} INFO - [2026-05-09T03:06:40.399+0000] {dag.py:3954} INFO - Setting next_dagrun for newyork_fhv_ingestion to None, run_after=None
[2026-05-09T03:06:40.437+0000] {processor.py:183} INFO - Processing /opt/airflow/dags/newyork_fhv_ingestion.py took 0.144 seconds
[2026-05-09T03:07:11.495+0000] {processor.py:161} INFO - Started process (PID=4061) to work on /opt/airflow/dags/newyork_fhv_ingestion.py
[2026-05-09T03:07:11.498+0000] {processor.py:830} INFO - Processing file /opt/airflow/dags/newyork_fhv_ingestion.py for tasks to queue
[2026-05-09T03:07:11.501+0000] {logging_mixin.py:188} INFO - [2026-05-09T03:07:11.501+0000] {dagbag.py:545} INFO - Filling up the DagBag from /opt/airflow/dags/newyork_fhv_ingestion.py
[2026-05-09T03:07:11.549+0000] {processor.py:840} INFO - DAG(s) 'newyork_fhv_ingestion' retrieved from /opt/airflow/dags/newyork_fhv_ingestion.py
[2026-05-09T03:07:11.573+0000] {logging_mixin.py:188} INFO - [2026-05-09T03:07:11.572+0000] {dag.py:3096} INFO - Sync 1 DAGs
[2026-05-09T03:07:11.586+0000] {logging_mixin.py:188} INFO - [2026-05-09T03:07:11.586+0000] {dag.py:3954} INFO - Setting next_dagrun for newyork_fhv_ingestion to None, run_after=None
[2026-05-09T03:07:11.612+0000] {processor.py:183} INFO - Processing /opt/airflow/dags/newyork_fhv_ingestion.py took 0.130 seconds
[2026-05-09T03:07:42.485+0000] {processor.py:161} INFO - Started process (PID=4072) to work on /opt/airflow/dags/newyork_fhv_ingestion.py
[2026-05-09T03:07:42.488+0000] {processor.py:830} INFO - Processing file /opt/airflow/dags/newyork_fhv_ingestion.py for tasks to queue
[2026-05-09T03:07:42.491+0000] {logging_mixin.py:188} INFO - [2026-05-09T03:07:42.491+0000] {dagbag.py:545} INFO - Filling up the DagBag from /opt/airflow/dags/newyork_fhv_ingestion.py
[2026-05-09T03:07:42.546+0000] {processor.py:840} INFO - DAG(s) 'newyork_fhv_ingestion' retrieved from /opt/airflow/dags/newyork_fhv_ingestion.py
[2026-05-09T03:07:42.583+0000] {logging_mixin.py:188} INFO - [2026-05-09T03:07:42.582+0000] {dag.py:3096} INFO - Sync 1 DAGs
[2026-05-09T03:07:42.596+0000] {logging_mixin.py:188} INFO - [2026-05-09T03:07:42.596+0000] {dag.py:3954} INFO - Setting next_dagrun for newyork_fhv_ingestion to None, run_after=None
[2026-05-09T03:07:42.626+0000] {processor.py:183} INFO - Processing /opt/airflow/dags/newyork_fhv_ingestion.py took 0.152 seconds
[2026-05-09T03:08:13.245+0000] {processor.py:161} INFO - Started process (PID=4083) to work on /opt/airflow/dags/newyork_fhv_ingestion.py
[2026-05-09T03:08:13.247+0000] {processor.py:830} INFO - Processing file /opt/airflow/dags/newyork_fhv_ingestion.py for tasks to queue
[2026-05-09T03:08:13.252+0000] {logging_mixin.py:188} INFO - [2026-05-09T03:08:13.251+0000] {dagbag.py:545} INFO - Filling up the DagBag from /opt/airflow/dags/newyork_fhv_ingestion.py
[2026-05-09T03:08:13.310+0000] {processor.py:840} INFO - DAG(s) 'newyork_fhv_ingestion' retrieved from /opt/airflow/dags/newyork_fhv_ingestion.py
[2026-05-09T03:08:13.344+0000] {logging_mixin.py:188} INFO - [2026-05-09T03:08:13.344+0000] {dag.py:3096} INFO - Sync 1 DAGs
[2026-05-09T03:08:13.367+0000] {logging_mixin.py:188} INFO - [2026-05-09T03:08:13.367+0000] {dag.py:3954} INFO - Setting next_dagrun for newyork_fhv_ingestion to None, run_after=None
[2026-05-09T03:08:13.400+0000] {processor.py:183} INFO - Processing /opt/airflow/dags/newyork_fhv_ingestion.py took 0.167 seconds
[2026-05-09T03:08:44.045+0000] {processor.py:161} INFO - Started process (PID=4094) to work on /opt/airflow/dags/newyork_fhv_ingestion.py
[2026-05-09T03:08:44.048+0000] {processor.py:830} INFO - Processing file /opt/airflow/dags/newyork_fhv_ingestion.py for tasks to queue
[2026-05-09T03:08:44.051+0000] {logging_mixin.py:188} INFO - [2026-05-09T03:08:44.051+0000] {dagbag.py:545} INFO - Filling up the DagBag from /opt/airflow/dags/newyork_fhv_ingestion.py
[2026-05-09T03:08:44.087+0000] {processor.py:840} INFO - DAG(s) 'newyork_fhv_ingestion' retrieved from /opt/airflow/dags/newyork_fhv_ingestion.py
[2026-05-09T03:08:44.122+0000] {logging_mixin.py:188} INFO - [2026-05-09T03:08:44.121+0000] {dag.py:3096} INFO - Sync 1 DAGs
[2026-05-09T03:08:44.144+0000] {logging_mixin.py:188} INFO - [2026-05-09T03:08:44.143+0000] {dag.py:3954} INFO - Setting next_dagrun for newyork_fhv_ingestion to None, run_after=None
[2026-05-09T03:08:44.171+0000] {processor.py:183} INFO - Processing /opt/airflow/dags/newyork_fhv_ingestion.py took 0.135 seconds
[2026-05-09T03:09:14.996+0000] {processor.py:161} INFO - Started process (PID=4105) to work on /opt/airflow/dags/newyork_fhv_ingestion.py
[2026-05-09T03:09:14.998+0000] {processor.py:830} INFO - Processing file /opt/airflow/dags/newyork_fhv_ingestion.py for tasks to queue
[2026-05-09T03:09:15.001+0000] {logging_mixin.py:188} INFO - [2026-05-09T03:09:15.000+0000] {dagbag.py:545} INFO - Filling up the DagBag from /opt/airflow/dags/newyork_fhv_ingestion.py
[2026-05-09T03:09:15.036+0000] {processor.py:840} INFO - DAG(s) 'newyork_fhv_ingestion' retrieved from /opt/airflow/dags/newyork_fhv_ingestion.py
[2026-05-09T03:09:15.061+0000] {logging_mixin.py:188} INFO - [2026-05-09T03:09:15.061+0000] {dag.py:3096} INFO - Sync 1 DAGs
[2026-05-09T03:09:15.075+0000] {logging_mixin.py:188} INFO - [2026-05-09T03:09:15.075+0000] {dag.py:3954} INFO - Setting next_dagrun for newyork_fhv_ingestion to None, run_after=None
[2026-05-09T03:09:15.105+0000] {processor.py:183} INFO - Processing /opt/airflow/dags/newyork_fhv_ingestion.py took 0.120 seconds
[2026-05-09T03:09:45.930+0000] {processor.py:161} INFO - Started process (PID=4116) to work on /opt/airflow/dags/newyork_fhv_ingestion.py
[2026-05-09T03:09:45.933+0000] {processor.py:830} INFO - Processing file /opt/airflow/dags/newyork_fhv_ingestion.py for tasks to queue
[2026-05-09T03:09:45.937+0000] {logging_mixin.py:188} INFO - [2026-05-09T03:09:45.936+0000] {dagbag.py:545} INFO - Filling up the DagBag from /opt/airflow/dags/newyork_fhv_ingestion.py
[2026-05-09T03:09:45.981+0000] {processor.py:840} INFO - DAG(s) 'newyork_fhv_ingestion' retrieved from /opt/airflow/dags/newyork_fhv_ingestion.py
[2026-05-09T03:09:46.015+0000] {logging_mixin.py:188} INFO - [2026-05-09T03:09:46.014+0000] {dag.py:3096} INFO - Sync 1 DAGs
[2026-05-09T03:09:46.036+0000] {logging_mixin.py:188} INFO - [2026-05-09T03:09:46.036+0000] {dag.py:3954} INFO - Setting next_dagrun for newyork_fhv_ingestion to None, run_after=None
[2026-05-09T03:09:46.080+0000] {processor.py:183} INFO - Processing /opt/airflow/dags/newyork_fhv_ingestion.py took 0.162 seconds
[2026-05-09T03:10:16.826+0000] {processor.py:161} INFO - Started process (PID=4127) to work on /opt/airflow/dags/newyork_fhv_ingestion.py
[2026-05-09T03:10:16.829+0000] {processor.py:830} INFO - Processing file /opt/airflow/dags/newyork_fhv_ingestion.py for tasks to queue
[2026-05-09T03:10:16.833+0000] {logging_mixin.py:188} INFO - [2026-05-09T03:10:16.832+0000] {dagbag.py:545} INFO - Filling up the DagBag from /opt/airflow/dags/newyork_fhv_ingestion.py
[2026-05-09T03:10:16.881+0000] {processor.py:840} INFO - DAG(s) 'newyork_fhv_ingestion' retrieved from /opt/airflow/dags/newyork_fhv_ingestion.py
[2026-05-09T03:10:16.915+0000] {logging_mixin.py:188} INFO - [2026-05-09T03:10:16.915+0000] {dag.py:3096} INFO - Sync 1 DAGs
[2026-05-09T03:10:16.939+0000] {logging_mixin.py:188} INFO - [2026-05-09T03:10:16.938+0000] {dag.py:3954} INFO - Setting next_dagrun for newyork_fhv_ingestion to None, run_after=None
[2026-05-09T03:10:16.979+0000] {processor.py:183} INFO - Processing /opt/airflow/dags/newyork_fhv_ingestion.py took 0.162 seconds
[2026-05-09T03:10:47.768+0000] {processor.py:161} INFO - Started process (PID=4138) to work on /opt/airflow/dags/newyork_fhv_ingestion.py
[2026-05-09T03:10:47.770+0000] {processor.py:830} INFO - Processing file /opt/airflow/dags/newyork_fhv_ingestion.py for tasks to queue
[2026-05-09T03:10:47.774+0000] {logging_mixin.py:188} INFO - [2026-05-09T03:10:47.774+0000] {dagbag.py:545} INFO - Filling up the DagBag from /opt/airflow/dags/newyork_fhv_ingestion.py
[2026-05-09T03:10:47.829+0000] {processor.py:840} INFO - DAG(s) 'newyork_fhv_ingestion' retrieved from /opt/airflow/dags/newyork_fhv_ingestion.py
[2026-05-09T03:10:47.862+0000] {logging_mixin.py:188} INFO - [2026-05-09T03:10:47.862+0000] {dag.py:3096} INFO - Sync 1 DAGs
[2026-05-09T03:10:47.876+0000] {logging_mixin.py:188} INFO - [2026-05-09T03:10:47.875+0000] {dag.py:3954} INFO - Setting next_dagrun for newyork_fhv_ingestion to None, run_after=None
[2026-05-09T03:10:47.901+0000] {processor.py:183} INFO - Processing /opt/airflow/dags/newyork_fhv_ingestion.py took 0.145 seconds
[2026-05-09T03:11:18.550+0000] {processor.py:161} INFO - Started process (PID=4149) to work on /opt/airflow/dags/newyork_fhv_ingestion.py
[2026-05-09T03:11:18.552+0000] {processor.py:830} INFO - Processing file /opt/airflow/dags/newyork_fhv_ingestion.py for tasks to queue
[2026-05-09T03:11:18.555+0000] {logging_mixin.py:188} INFO - [2026-05-09T03:11:18.555+0000] {dagbag.py:545} INFO - Filling up the DagBag from /opt/airflow/dags/newyork_fhv_ingestion.py
[2026-05-09T03:11:18.597+0000] {processor.py:840} INFO - DAG(s) 'newyork_fhv_ingestion' retrieved from /opt/airflow/dags/newyork_fhv_ingestion.py
[2026-05-09T03:11:18.637+0000] {logging_mixin.py:188} INFO - [2026-05-09T03:11:18.636+0000] {dag.py:3096} INFO - Sync 1 DAGs
[2026-05-09T03:11:18.653+0000] {logging_mixin.py:188} INFO - [2026-05-09T03:11:18.653+0000] {dag.py:3954} INFO - Setting next_dagrun for newyork_fhv_ingestion to None, run_after=None
[2026-05-09T03:11:18.682+0000] {processor.py:183} INFO - Processing /opt/airflow/dags/newyork_fhv_ingestion.py took 0.139 seconds
[2026-05-09T03:11:49.603+0000] {processor.py:161} INFO - Started process (PID=4160) to work on /opt/airflow/dags/newyork_fhv_ingestion.py
[2026-05-09T03:11:49.604+0000] {processor.py:830} INFO - Processing file /opt/airflow/dags/newyork_fhv_ingestion.py for tasks to queue
[2026-05-09T03:11:49.608+0000] {logging_mixin.py:188} INFO - [2026-05-09T03:11:49.608+0000] {dagbag.py:545} INFO - Filling up the DagBag from /opt/airflow/dags/newyork_fhv_ingestion.py
[2026-05-09T03:11:49.661+0000] {processor.py:840} INFO - DAG(s) 'newyork_fhv_ingestion' retrieved from /opt/airflow/dags/newyork_fhv_ingestion.py
[2026-05-09T03:11:49.703+0000] {logging_mixin.py:188} INFO - [2026-05-09T03:11:49.703+0000] {dag.py:3096} INFO - Sync 1 DAGs
[2026-05-09T03:11:49.718+0000] {logging_mixin.py:188} INFO - [2026-05-09T03:11:49.717+0000] {dag.py:3954} INFO - Setting next_dagrun for newyork_fhv_ingestion to None, run_after=None
[2026-05-09T03:11:49.742+0000] {processor.py:183} INFO - Processing /opt/airflow/dags/newyork_fhv_ingestion.py took 0.150 seconds
[2026-05-09T03:12:20.554+0000] {processor.py:161} INFO - Started process (PID=4171) to work on /opt/airflow/dags/newyork_fhv_ingestion.py
[2026-05-09T03:12:20.556+0000] {processor.py:830} INFO - Processing file /opt/airflow/dags/newyork_fhv_ingestion.py for tasks to queue
[2026-05-09T03:12:20.561+0000] {logging_mixin.py:188} INFO - [2026-05-09T03:12:20.560+0000] {dagbag.py:545} INFO - Filling up the DagBag from /opt/airflow/dags/newyork_fhv_ingestion.py
[2026-05-09T03:12:20.614+0000] {processor.py:840} INFO - DAG(s) 'newyork_fhv_ingestion' retrieved from /opt/airflow/dags/newyork_fhv_ingestion.py
[2026-05-09T03:12:20.650+0000] {logging_mixin.py:188} INFO - [2026-05-09T03:12:20.650+0000] {dag.py:3096} INFO - Sync 1 DAGs
[2026-05-09T03:12:20.668+0000] {logging_mixin.py:188} INFO - [2026-05-09T03:12:20.667+0000] {dag.py:3954} INFO - Setting next_dagrun for newyork_fhv_ingestion to None, run_after=None
[2026-05-09T03:12:20.700+0000] {processor.py:183} INFO - Processing /opt/airflow/dags/newyork_fhv_ingestion.py took 0.158 seconds
[2026-05-09T03:12:51.282+0000] {processor.py:161} INFO - Started process (PID=4188) to work on /opt/airflow/dags/newyork_fhv_ingestion.py
[2026-05-09T03:12:51.283+0000] {processor.py:830} INFO - Processing file /opt/airflow/dags/newyork_fhv_ingestion.py for tasks to queue
[2026-05-09T03:12:51.286+0000] {logging_mixin.py:188} INFO - [2026-05-09T03:12:51.285+0000] {dagbag.py:545} INFO - Filling up the DagBag from /opt/airflow/dags/newyork_fhv_ingestion.py
[2026-05-09T03:12:51.329+0000] {processor.py:840} INFO - DAG(s) 'newyork_fhv_ingestion' retrieved from /opt/airflow/dags/newyork_fhv_ingestion.py
[2026-05-09T03:12:51.360+0000] {logging_mixin.py:188} INFO - [2026-05-09T03:12:51.360+0000] {dag.py:3096} INFO - Sync 1 DAGs
[2026-05-09T03:12:51.374+0000] {logging_mixin.py:188} INFO - [2026-05-09T03:12:51.374+0000] {dag.py:3954} INFO - Setting next_dagrun for newyork_fhv_ingestion to None, run_after=None
[2026-05-09T03:12:51.400+0000] {processor.py:183} INFO - Processing /opt/airflow/dags/newyork_fhv_ingestion.py took 0.125 seconds
[2026-05-09T03:13:22.166+0000] {processor.py:161} INFO - Started process (PID=4199) to work on /opt/airflow/dags/newyork_fhv_ingestion.py
[2026-05-09T03:13:22.167+0000] {processor.py:830} INFO - Processing file /opt/airflow/dags/newyork_fhv_ingestion.py for tasks to queue
[2026-05-09T03:13:22.170+0000] {logging_mixin.py:188} INFO - [2026-05-09T03:13:22.170+0000] {dagbag.py:545} INFO - Filling up the DagBag from /opt/airflow/dags/newyork_fhv_ingestion.py
[2026-05-09T03:13:22.204+0000] {processor.py:840} INFO - DAG(s) 'newyork_fhv_ingestion' retrieved from /opt/airflow/dags/newyork_fhv_ingestion.py
[2026-05-09T03:13:22.225+0000] {logging_mixin.py:188} INFO - [2026-05-09T03:13:22.225+0000] {dag.py:3096} INFO - Sync 1 DAGs
[2026-05-09T03:13:22.239+0000] {logging_mixin.py:188} INFO - [2026-05-09T03:13:22.238+0000] {dag.py:3954} INFO - Setting next_dagrun for newyork_fhv_ingestion to None, run_after=None
[2026-05-09T03:13:22.264+0000] {processor.py:183} INFO - Processing /opt/airflow/dags/newyork_fhv_ingestion.py took 0.105 seconds
[2026-05-09T03:13:52.395+0000] {processor.py:161} INFO - Started process (PID=4210) to work on /opt/airflow/dags/newyork_fhv_ingestion.py
[2026-05-09T03:13:52.397+0000] {processor.py:830} INFO - Processing file /opt/airflow/dags/newyork_fhv_ingestion.py for tasks to queue
[2026-05-09T03:13:52.401+0000] {logging_mixin.py:188} INFO - [2026-05-09T03:13:52.401+0000] {dagbag.py:545} INFO - Filling up the DagBag from /opt/airflow/dags/newyork_fhv_ingestion.py
[2026-05-09T03:13:52.437+0000] {processor.py:840} INFO - DAG(s) 'newyork_fhv_ingestion' retrieved from /opt/airflow/dags/newyork_fhv_ingestion.py
[2026-05-09T03:13:52.473+0000] {logging_mixin.py:188} INFO - [2026-05-09T03:13:52.472+0000] {dag.py:3096} INFO - Sync 1 DAGs
[2026-05-09T03:13:52.486+0000] {logging_mixin.py:188} INFO - [2026-05-09T03:13:52.486+0000] {dag.py:3954} INFO - Setting next_dagrun for newyork_fhv_ingestion to None, run_after=None
[2026-05-09T03:13:52.510+0000] {processor.py:183} INFO - Processing /opt/airflow/dags/newyork_fhv_ingestion.py took 0.127 seconds
[2026-05-09T03:14:22.664+0000] {processor.py:161} INFO - Started process (PID=4221) to work on /opt/airflow/dags/newyork_fhv_ingestion.py
[2026-05-09T03:14:22.665+0000] {processor.py:830} INFO - Processing file /opt/airflow/dags/newyork_fhv_ingestion.py for tasks to queue
[2026-05-09T03:14:22.668+0000] {logging_mixin.py:188} INFO - [2026-05-09T03:14:22.668+0000] {dagbag.py:545} INFO - Filling up the DagBag from /opt/airflow/dags/newyork_fhv_ingestion.py
[2026-05-09T03:14:22.702+0000] {processor.py:840} INFO - DAG(s) 'newyork_fhv_ingestion' retrieved from /opt/airflow/dags/newyork_fhv_ingestion.py
[2026-05-09T03:14:22.724+0000] {logging_mixin.py:188} INFO - [2026-05-09T03:14:22.724+0000] {dag.py:3096} INFO - Sync 1 DAGs
[2026-05-09T03:14:22.739+0000] {logging_mixin.py:188} INFO - [2026-05-09T03:14:22.739+0000] {dag.py:3954} INFO - Setting next_dagrun for newyork_fhv_ingestion to None, run_after=None
[2026-05-09T03:14:22.764+0000] {processor.py:183} INFO - Processing /opt/airflow/dags/newyork_fhv_ingestion.py took 0.107 seconds
[2026-05-09T03:14:53.154+0000] {processor.py:161} INFO - Started process (PID=4232) to work on /opt/airflow/dags/newyork_fhv_ingestion.py
[2026-05-09T03:14:53.157+0000] {processor.py:830} INFO - Processing file /opt/airflow/dags/newyork_fhv_ingestion.py for tasks to queue
[2026-05-09T03:14:53.161+0000] {logging_mixin.py:188} INFO - [2026-05-09T03:14:53.160+0000] {dagbag.py:545} INFO - Filling up the DagBag from /opt/airflow/dags/newyork_fhv_ingestion.py
[2026-05-09T03:14:53.219+0000] {processor.py:840} INFO - DAG(s) 'newyork_fhv_ingestion' retrieved from /opt/airflow/dags/newyork_fhv_ingestion.py
[2026-05-09T03:14:53.271+0000] {logging_mixin.py:188} INFO - [2026-05-09T03:14:53.270+0000] {dag.py:3096} INFO - Sync 1 DAGs
[2026-05-09T03:14:53.298+0000] {logging_mixin.py:188} INFO - [2026-05-09T03:14:53.298+0000] {dag.py:3954} INFO - Setting next_dagrun for newyork_fhv_ingestion to None, run_after=None
[2026-05-09T03:14:53.352+0000] {processor.py:183} INFO - Processing /opt/airflow/dags/newyork_fhv_ingestion.py took 0.211 seconds
[2026-05-09T03:15:24.021+0000] {processor.py:161} INFO - Started process (PID=4243) to work on /opt/airflow/dags/newyork_fhv_ingestion.py
[2026-05-09T03:15:24.024+0000] {processor.py:830} INFO - Processing file /opt/airflow/dags/newyork_fhv_ingestion.py for tasks to queue
[2026-05-09T03:15:24.028+0000] {logging_mixin.py:188} INFO - [2026-05-09T03:15:24.028+0000] {dagbag.py:545} INFO - Filling up the DagBag from /opt/airflow/dags/newyork_fhv_ingestion.py
[2026-05-09T03:15:24.083+0000] {processor.py:840} INFO - DAG(s) 'newyork_fhv_ingestion' retrieved from /opt/airflow/dags/newyork_fhv_ingestion.py
[2026-05-09T03:15:24.122+0000] {logging_mixin.py:188} INFO - [2026-05-09T03:15:24.122+0000] {dag.py:3096} INFO - Sync 1 DAGs
[2026-05-09T03:15:24.154+0000] {logging_mixin.py:188} INFO - [2026-05-09T03:15:24.153+0000] {dag.py:3954} INFO - Setting next_dagrun for newyork_fhv_ingestion to None, run_after=None
[2026-05-09T03:15:24.191+0000] {processor.py:183} INFO - Processing /opt/airflow/dags/newyork_fhv_ingestion.py took 0.180 seconds
[2026-05-09T03:15:54.925+0000] {processor.py:161} INFO - Started process (PID=4254) to work on /opt/airflow/dags/newyork_fhv_ingestion.py
[2026-05-09T03:15:54.927+0000] {processor.py:830} INFO - Processing file /opt/airflow/dags/newyork_fhv_ingestion.py for tasks to queue
[2026-05-09T03:15:54.931+0000] {logging_mixin.py:188} INFO - [2026-05-09T03:15:54.930+0000] {dagbag.py:545} INFO - Filling up the DagBag from /opt/airflow/dags/newyork_fhv_ingestion.py
[2026-05-09T03:15:54.979+0000] {processor.py:840} INFO - DAG(s) 'newyork_fhv_ingestion' retrieved from /opt/airflow/dags/newyork_fhv_ingestion.py
[2026-05-09T03:15:55.012+0000] {logging_mixin.py:188} INFO - [2026-05-09T03:15:55.012+0000] {dag.py:3096} INFO - Sync 1 DAGs
[2026-05-09T03:15:55.025+0000] {logging_mixin.py:188} INFO - [2026-05-09T03:15:55.025+0000] {dag.py:3954} INFO - Setting next_dagrun for newyork_fhv_ingestion to None, run_after=None
[2026-05-09T03:15:55.059+0000] {processor.py:183} INFO - Processing /opt/airflow/dags/newyork_fhv_ingestion.py took 0.146 seconds
[2026-05-09T03:16:25.887+0000] {processor.py:161} INFO - Started process (PID=4265) to work on /opt/airflow/dags/newyork_fhv_ingestion.py
[2026-05-09T03:16:25.889+0000] {processor.py:830} INFO - Processing file /opt/airflow/dags/newyork_fhv_ingestion.py for tasks to queue
[2026-05-09T03:16:25.893+0000] {logging_mixin.py:188} INFO - [2026-05-09T03:16:25.892+0000] {dagbag.py:545} INFO - Filling up the DagBag from /opt/airflow/dags/newyork_fhv_ingestion.py
[2026-05-09T03:16:25.935+0000] {processor.py:840} INFO - DAG(s) 'newyork_fhv_ingestion' retrieved from /opt/airflow/dags/newyork_fhv_ingestion.py
[2026-05-09T03:16:25.968+0000] {logging_mixin.py:188} INFO - [2026-05-09T03:16:25.967+0000] {dag.py:3096} INFO - Sync 1 DAGs
[2026-05-09T03:16:25.984+0000] {logging_mixin.py:188} INFO - [2026-05-09T03:16:25.983+0000] {dag.py:3954} INFO - Setting next_dagrun for newyork_fhv_ingestion to None, run_after=None
[2026-05-09T03:16:26.015+0000] {processor.py:183} INFO - Processing /opt/airflow/dags/newyork_fhv_ingestion.py took 0.138 seconds
[2026-05-09T03:16:56.874+0000] {processor.py:161} INFO - Started process (PID=4276) to work on /opt/airflow/dags/newyork_fhv_ingestion.py
[2026-05-09T03:16:56.877+0000] {processor.py:830} INFO - Processing file /opt/airflow/dags/newyork_fhv_ingestion.py for tasks to queue
[2026-05-09T03:16:56.881+0000] {logging_mixin.py:188} INFO - [2026-05-09T03:16:56.881+0000] {dagbag.py:545} INFO - Filling up the DagBag from /opt/airflow/dags/newyork_fhv_ingestion.py
[2026-05-09T03:16:56.926+0000] {processor.py:840} INFO - DAG(s) 'newyork_fhv_ingestion' retrieved from /opt/airflow/dags/newyork_fhv_ingestion.py
[2026-05-09T03:16:56.966+0000] {logging_mixin.py:188} INFO - [2026-05-09T03:16:56.966+0000] {dag.py:3096} INFO - Sync 1 DAGs
[2026-05-09T03:16:56.990+0000] {logging_mixin.py:188} INFO - [2026-05-09T03:16:56.989+0000] {dag.py:3954} INFO - Setting next_dagrun for newyork_fhv_ingestion to None, run_after=None
[2026-05-09T03:16:57.035+0000] {processor.py:183} INFO - Processing /opt/airflow/dags/newyork_fhv_ingestion.py took 0.172 seconds
[2026-05-09T03:17:27.837+0000] {processor.py:161} INFO - Started process (PID=4287) to work on /opt/airflow/dags/newyork_fhv_ingestion.py
[2026-05-09T03:17:27.840+0000] {processor.py:830} INFO - Processing file /opt/airflow/dags/newyork_fhv_ingestion.py for tasks to queue
[2026-05-09T03:17:27.844+0000] {logging_mixin.py:188} INFO - [2026-05-09T03:17:27.844+0000] {dagbag.py:545} INFO - Filling up the DagBag from /opt/airflow/dags/newyork_fhv_ingestion.py
[2026-05-09T03:17:27.890+0000] {processor.py:840} INFO - DAG(s) 'newyork_fhv_ingestion' retrieved from /opt/airflow/dags/newyork_fhv_ingestion.py
[2026-05-09T03:17:27.930+0000] {logging_mixin.py:188} INFO - [2026-05-09T03:17:27.929+0000] {dag.py:3096} INFO - Sync 1 DAGs
[2026-05-09T03:17:27.951+0000] {logging_mixin.py:188} INFO - [2026-05-09T03:17:27.951+0000] {dag.py:3954} INFO - Setting next_dagrun for newyork_fhv_ingestion to None, run_after=None
[2026-05-09T03:17:27.994+0000] {processor.py:183} INFO - Processing /opt/airflow/dags/newyork_fhv_ingestion.py took 0.171 seconds
[2026-05-09T03:17:58.592+0000] {processor.py:161} INFO - Started process (PID=4299) to work on /opt/airflow/dags/newyork_fhv_ingestion.py
[2026-05-09T03:17:58.595+0000] {processor.py:830} INFO - Processing file /opt/airflow/dags/newyork_fhv_ingestion.py for tasks to queue
[2026-05-09T03:17:58.599+0000] {logging_mixin.py:188} INFO - [2026-05-09T03:17:58.599+0000] {dagbag.py:545} INFO - Filling up the DagBag from /opt/airflow/dags/newyork_fhv_ingestion.py
[2026-05-09T03:17:58.651+0000] {processor.py:840} INFO - DAG(s) 'newyork_fhv_ingestion' retrieved from /opt/airflow/dags/newyork_fhv_ingestion.py
[2026-05-09T03:17:58.694+0000] {logging_mixin.py:188} INFO - [2026-05-09T03:17:58.694+0000] {dag.py:3096} INFO - Sync 1 DAGs
[2026-05-09T03:17:58.712+0000] {logging_mixin.py:188} INFO - [2026-05-09T03:17:58.711+0000] {dag.py:3954} INFO - Setting next_dagrun for newyork_fhv_ingestion to None, run_after=None
[2026-05-09T03:17:58.738+0000] {processor.py:183} INFO - Processing /opt/airflow/dags/newyork_fhv_ingestion.py took 0.157 seconds
[2026-05-09T03:18:29.570+0000] {processor.py:161} INFO - Started process (PID=4310) to work on /opt/airflow/dags/newyork_fhv_ingestion.py
[2026-05-09T03:18:29.572+0000] {processor.py:830} INFO - Processing file /opt/airflow/dags/newyork_fhv_ingestion.py for tasks to queue
[2026-05-09T03:18:29.575+0000] {logging_mixin.py:188} INFO - [2026-05-09T03:18:29.574+0000] {dagbag.py:545} INFO - Filling up the DagBag from /opt/airflow/dags/newyork_fhv_ingestion.py
[2026-05-09T03:18:29.612+0000] {processor.py:840} INFO - DAG(s) 'newyork_fhv_ingestion' retrieved from /opt/airflow/dags/newyork_fhv_ingestion.py
[2026-05-09T03:18:29.641+0000] {logging_mixin.py:188} INFO - [2026-05-09T03:18:29.640+0000] {dag.py:3096} INFO - Sync 1 DAGs
[2026-05-09T03:18:29.654+0000] {logging_mixin.py:188} INFO - [2026-05-09T03:18:29.654+0000] {dag.py:3954} INFO - Setting next_dagrun for newyork_fhv_ingestion to None, run_after=None
[2026-05-09T03:18:29.679+0000] {processor.py:183} INFO - Processing /opt/airflow/dags/newyork_fhv_ingestion.py took 0.122 seconds
[2026-05-09T03:19:00.504+0000] {processor.py:161} INFO - Started process (PID=4321) to work on /opt/airflow/dags/newyork_fhv_ingestion.py
[2026-05-09T03:19:00.507+0000] {processor.py:830} INFO - Processing file /opt/airflow/dags/newyork_fhv_ingestion.py for tasks to queue
[2026-05-09T03:19:00.512+0000] {logging_mixin.py:188} INFO - [2026-05-09T03:19:00.511+0000] {dagbag.py:545} INFO - Filling up the DagBag from /opt/airflow/dags/newyork_fhv_ingestion.py
[2026-05-09T03:19:00.562+0000] {processor.py:840} INFO - DAG(s) 'newyork_fhv_ingestion' retrieved from /opt/airflow/dags/newyork_fhv_ingestion.py
[2026-05-09T03:19:00.604+0000] {logging_mixin.py:188} INFO - [2026-05-09T03:19:00.604+0000] {dag.py:3096} INFO - Sync 1 DAGs
[2026-05-09T03:19:00.630+0000] {logging_mixin.py:188} INFO - [2026-05-09T03:19:00.629+0000] {dag.py:3954} INFO - Setting next_dagrun for newyork_fhv_ingestion to None, run_after=None
[2026-05-09T03:19:00.677+0000] {processor.py:183} INFO - Processing /opt/airflow/dags/newyork_fhv_ingestion.py took 0.188 seconds
[2026-05-09T03:19:30.943+0000] {processor.py:161} INFO - Started process (PID=4332) to work on /opt/airflow/dags/newyork_fhv_ingestion.py
[2026-05-09T03:19:30.944+0000] {processor.py:830} INFO - Processing file /opt/airflow/dags/newyork_fhv_ingestion.py for tasks to queue
[2026-05-09T03:19:30.948+0000] {logging_mixin.py:188} INFO - [2026-05-09T03:19:30.947+0000] {dagbag.py:545} INFO - Filling up the DagBag from /opt/airflow/dags/newyork_fhv_ingestion.py
[2026-05-09T03:19:30.979+0000] {processor.py:840} INFO - DAG(s) 'newyork_fhv_ingestion' retrieved from /opt/airflow/dags/newyork_fhv_ingestion.py
[2026-05-09T03:19:31.007+0000] {logging_mixin.py:188} INFO - [2026-05-09T03:19:31.007+0000] {dag.py:3096} INFO - Sync 1 DAGs
[2026-05-09T03:19:31.024+0000] {logging_mixin.py:188} INFO - [2026-05-09T03:19:31.023+0000] {dag.py:3954} INFO - Setting next_dagrun for newyork_fhv_ingestion to None, run_after=None
[2026-05-09T03:19:31.047+0000] {processor.py:183} INFO - Processing /opt/airflow/dags/newyork_fhv_ingestion.py took 0.115 seconds
[2026-05-09T03:20:01.830+0000] {processor.py:161} INFO - Started process (PID=4343) to work on /opt/airflow/dags/newyork_fhv_ingestion.py
[2026-05-09T03:20:01.832+0000] {processor.py:830} INFO - Processing file /opt/airflow/dags/newyork_fhv_ingestion.py for tasks to queue
[2026-05-09T03:20:01.836+0000] {logging_mixin.py:188} INFO - [2026-05-09T03:20:01.836+0000] {dagbag.py:545} INFO - Filling up the DagBag from /opt/airflow/dags/newyork_fhv_ingestion.py
[2026-05-09T03:20:01.877+0000] {processor.py:840} INFO - DAG(s) 'newyork_fhv_ingestion' retrieved from /opt/airflow/dags/newyork_fhv_ingestion.py
[2026-05-09T03:20:01.908+0000] {logging_mixin.py:188} INFO - [2026-05-09T03:20:01.908+0000] {dag.py:3096} INFO - Sync 1 DAGs
[2026-05-09T03:20:01.927+0000] {logging_mixin.py:188} INFO - [2026-05-09T03:20:01.927+0000] {dag.py:3954} INFO - Setting next_dagrun for newyork_fhv_ingestion to None, run_after=None
[2026-05-09T03:20:01.956+0000] {processor.py:183} INFO - Processing /opt/airflow/dags/newyork_fhv_ingestion.py took 0.136 seconds
[2026-05-09T03:20:32.670+0000] {processor.py:161} INFO - Started process (PID=4354) to work on /opt/airflow/dags/newyork_fhv_ingestion.py
[2026-05-09T03:20:32.673+0000] {processor.py:830} INFO - Processing file /opt/airflow/dags/newyork_fhv_ingestion.py for tasks to queue
[2026-05-09T03:20:32.677+0000] {logging_mixin.py:188} INFO - [2026-05-09T03:20:32.677+0000] {dagbag.py:545} INFO - Filling up the DagBag from /opt/airflow/dags/newyork_fhv_ingestion.py
[2026-05-09T03:20:32.721+0000] {processor.py:840} INFO - DAG(s) 'newyork_fhv_ingestion' retrieved from /opt/airflow/dags/newyork_fhv_ingestion.py
[2026-05-09T03:20:32.759+0000] {logging_mixin.py:188} INFO - [2026-05-09T03:20:32.758+0000] {dag.py:3096} INFO - Sync 1 DAGs
[2026-05-09T03:20:32.775+0000] {logging_mixin.py:188} INFO - [2026-05-09T03:20:32.775+0000] {dag.py:3954} INFO - Setting next_dagrun for newyork_fhv_ingestion to None, run_after=None
[2026-05-09T03:20:32.810+0000] {processor.py:183} INFO - Processing /opt/airflow/dags/newyork_fhv_ingestion.py took 0.151 seconds
[2026-05-09T03:21:03.532+0000] {processor.py:161} INFO - Started process (PID=4365) to work on /opt/airflow/dags/newyork_fhv_ingestion.py
[2026-05-09T03:21:03.534+0000] {processor.py:830} INFO - Processing file /opt/airflow/dags/newyork_fhv_ingestion.py for tasks to queue
[2026-05-09T03:21:03.537+0000] {logging_mixin.py:188} INFO - [2026-05-09T03:21:03.536+0000] {dagbag.py:545} INFO - Filling up the DagBag from /opt/airflow/dags/newyork_fhv_ingestion.py
[2026-05-09T03:21:03.576+0000] {processor.py:840} INFO - DAG(s) 'newyork_fhv_ingestion' retrieved from /opt/airflow/dags/newyork_fhv_ingestion.py
[2026-05-09T03:21:03.599+0000] {logging_mixin.py:188} INFO - [2026-05-09T03:21:03.599+0000] {dag.py:3096} INFO - Sync 1 DAGs
[2026-05-09T03:21:03.613+0000] {logging_mixin.py:188} INFO - [2026-05-09T03:21:03.613+0000] {dag.py:3954} INFO - Setting next_dagrun for newyork_fhv_ingestion to None, run_after=None
[2026-05-09T03:21:03.636+0000] {processor.py:183} INFO - Processing /opt/airflow/dags/newyork_fhv_ingestion.py took 0.112 seconds
[2026-05-09T03:21:34.496+0000] {processor.py:161} INFO - Started process (PID=4376) to work on /opt/airflow/dags/newyork_fhv_ingestion.py
[2026-05-09T03:21:34.498+0000] {processor.py:830} INFO - Processing file /opt/airflow/dags/newyork_fhv_ingestion.py for tasks to queue
[2026-05-09T03:21:34.501+0000] {logging_mixin.py:188} INFO - [2026-05-09T03:21:34.501+0000] {dagbag.py:545} INFO - Filling up the DagBag from /opt/airflow/dags/newyork_fhv_ingestion.py
[2026-05-09T03:21:34.545+0000] {processor.py:840} INFO - DAG(s) 'newyork_fhv_ingestion' retrieved from /opt/airflow/dags/newyork_fhv_ingestion.py
[2026-05-09T03:21:34.580+0000] {logging_mixin.py:188} INFO - [2026-05-09T03:21:34.580+0000] {dag.py:3096} INFO - Sync 1 DAGs
[2026-05-09T03:21:34.599+0000] {logging_mixin.py:188} INFO - [2026-05-09T03:21:34.599+0000] {dag.py:3954} INFO - Setting next_dagrun for newyork_fhv_ingestion to None, run_after=None
[2026-05-09T03:21:34.634+0000] {processor.py:183} INFO - Processing /opt/airflow/dags/newyork_fhv_ingestion.py took 0.147 seconds
[2026-05-09T03:22:05.441+0000] {processor.py:161} INFO - Started process (PID=4387) to work on /opt/airflow/dags/newyork_fhv_ingestion.py
[2026-05-09T03:22:05.444+0000] {processor.py:830} INFO - Processing file /opt/airflow/dags/newyork_fhv_ingestion.py for tasks to queue
[2026-05-09T03:22:05.447+0000] {logging_mixin.py:188} INFO - [2026-05-09T03:22:05.446+0000] {dagbag.py:545} INFO - Filling up the DagBag from /opt/airflow/dags/newyork_fhv_ingestion.py
[2026-05-09T03:22:05.489+0000] {processor.py:840} INFO - DAG(s) 'newyork_fhv_ingestion' retrieved from /opt/airflow/dags/newyork_fhv_ingestion.py
[2026-05-09T03:22:05.525+0000] {logging_mixin.py:188} INFO - [2026-05-09T03:22:05.525+0000] {dag.py:3096} INFO - Sync 1 DAGs
[2026-05-09T03:22:05.546+0000] {logging_mixin.py:188} INFO - [2026-05-09T03:22:05.546+0000] {dag.py:3954} INFO - Setting next_dagrun for newyork_fhv_ingestion to None, run_after=None
[2026-05-09T03:22:05.584+0000] {processor.py:183} INFO - Processing /opt/airflow/dags/newyork_fhv_ingestion.py took 0.152 seconds
[2026-05-09T03:22:36.452+0000] {processor.py:161} INFO - Started process (PID=4398) to work on /opt/airflow/dags/newyork_fhv_ingestion.py
[2026-05-09T03:22:36.454+0000] {processor.py:830} INFO - Processing file /opt/airflow/dags/newyork_fhv_ingestion.py for tasks to queue
[2026-05-09T03:22:36.458+0000] {logging_mixin.py:188} INFO - [2026-05-09T03:22:36.457+0000] {dagbag.py:545} INFO - Filling up the DagBag from /opt/airflow/dags/newyork_fhv_ingestion.py
[2026-05-09T03:22:36.501+0000] {processor.py:840} INFO - DAG(s) 'newyork_fhv_ingestion' retrieved from /opt/airflow/dags/newyork_fhv_ingestion.py
[2026-05-09T03:22:36.533+0000] {logging_mixin.py:188} INFO - [2026-05-09T03:22:36.532+0000] {dag.py:3096} INFO - Sync 1 DAGs
[2026-05-09T03:22:36.555+0000] {logging_mixin.py:188} INFO - [2026-05-09T03:22:36.555+0000] {dag.py:3954} INFO - Setting next_dagrun for newyork_fhv_ingestion to None, run_after=None
[2026-05-09T03:22:36.595+0000] {processor.py:183} INFO - Processing /opt/airflow/dags/newyork_fhv_ingestion.py took 0.155 seconds
[2026-05-09T03:23:07.308+0000] {processor.py:161} INFO - Started process (PID=4409) to work on /opt/airflow/dags/newyork_fhv_ingestion.py
[2026-05-09T03:23:07.310+0000] {processor.py:830} INFO - Processing file /opt/airflow/dags/newyork_fhv_ingestion.py for tasks to queue
[2026-05-09T03:23:07.312+0000] {logging_mixin.py:188} INFO - [2026-05-09T03:23:07.312+0000] {dagbag.py:545} INFO - Filling up the DagBag from /opt/airflow/dags/newyork_fhv_ingestion.py
[2026-05-09T03:23:07.363+0000] {processor.py:840} INFO - DAG(s) 'newyork_fhv_ingestion' retrieved from /opt/airflow/dags/newyork_fhv_ingestion.py
[2026-05-09T03:23:07.386+0000] {logging_mixin.py:188} INFO - [2026-05-09T03:23:07.386+0000] {dag.py:3096} INFO - Sync 1 DAGs
[2026-05-09T03:23:07.400+0000] {logging_mixin.py:188} INFO - [2026-05-09T03:23:07.399+0000] {dag.py:3954} INFO - Setting next_dagrun for newyork_fhv_ingestion to None, run_after=None
[2026-05-09T03:23:07.424+0000] {processor.py:183} INFO - Processing /opt/airflow/dags/newyork_fhv_ingestion.py took 0.122 seconds
[2026-05-09T03:23:38.224+0000] {processor.py:161} INFO - Started process (PID=4421) to work on /opt/airflow/dags/newyork_fhv_ingestion.py
[2026-05-09T03:23:38.227+0000] {processor.py:830} INFO - Processing file /opt/airflow/dags/newyork_fhv_ingestion.py for tasks to queue
[2026-05-09T03:23:38.231+0000] {logging_mixin.py:188} INFO - [2026-05-09T03:23:38.230+0000] {dagbag.py:545} INFO - Filling up the DagBag from /opt/airflow/dags/newyork_fhv_ingestion.py
[2026-05-09T03:23:38.274+0000] {processor.py:840} INFO - DAG(s) 'newyork_fhv_ingestion' retrieved from /opt/airflow/dags/newyork_fhv_ingestion.py
[2026-05-09T03:23:38.298+0000] {logging_mixin.py:188} INFO - [2026-05-09T03:23:38.298+0000] {dag.py:3096} INFO - Sync 1 DAGs
[2026-05-09T03:23:38.313+0000] {logging_mixin.py:188} INFO - [2026-05-09T03:23:38.313+0000] {dag.py:3954} INFO - Setting next_dagrun for newyork_fhv_ingestion to None, run_after=None
[2026-05-09T03:23:38.349+0000] {processor.py:183} INFO - Processing /opt/airflow/dags/newyork_fhv_ingestion.py took 0.135 seconds
[2026-05-09T03:24:08.452+0000] {processor.py:161} INFO - Started process (PID=4432) to work on /opt/airflow/dags/newyork_fhv_ingestion.py
[2026-05-09T03:24:08.454+0000] {processor.py:830} INFO - Processing file /opt/airflow/dags/newyork_fhv_ingestion.py for tasks to queue
[2026-05-09T03:24:08.458+0000] {logging_mixin.py:188} INFO - [2026-05-09T03:24:08.457+0000] {dagbag.py:545} INFO - Filling up the DagBag from /opt/airflow/dags/newyork_fhv_ingestion.py
[2026-05-09T03:24:08.516+0000] {processor.py:840} INFO - DAG(s) 'newyork_fhv_ingestion' retrieved from /opt/airflow/dags/newyork_fhv_ingestion.py
[2026-05-09T03:24:08.549+0000] {logging_mixin.py:188} INFO - [2026-05-09T03:24:08.549+0000] {dag.py:3096} INFO - Sync 1 DAGs
[2026-05-09T03:24:08.570+0000] {logging_mixin.py:188} INFO - [2026-05-09T03:24:08.569+0000] {dag.py:3954} INFO - Setting next_dagrun for newyork_fhv_ingestion to None, run_after=None
[2026-05-09T03:24:08.609+0000] {processor.py:183} INFO - Processing /opt/airflow/dags/newyork_fhv_ingestion.py took 0.166 seconds
[2026-05-09T03:24:39.449+0000] {processor.py:161} INFO - Started process (PID=4443) to work on /opt/airflow/dags/newyork_fhv_ingestion.py
[2026-05-09T03:24:39.451+0000] {processor.py:830} INFO - Processing file /opt/airflow/dags/newyork_fhv_ingestion.py for tasks to queue
[2026-05-09T03:24:39.456+0000] {logging_mixin.py:188} INFO - [2026-05-09T03:24:39.455+0000] {dagbag.py:545} INFO - Filling up the DagBag from /opt/airflow/dags/newyork_fhv_ingestion.py
[2026-05-09T03:24:39.497+0000] {processor.py:840} INFO - DAG(s) 'newyork_fhv_ingestion' retrieved from /opt/airflow/dags/newyork_fhv_ingestion.py
[2026-05-09T03:24:39.524+0000] {logging_mixin.py:188} INFO - [2026-05-09T03:24:39.524+0000] {dag.py:3096} INFO - Sync 1 DAGs
[2026-05-09T03:24:39.540+0000] {logging_mixin.py:188} INFO - [2026-05-09T03:24:39.540+0000] {dag.py:3954} INFO - Setting next_dagrun for newyork_fhv_ingestion to None, run_after=None
[2026-05-09T03:24:39.581+0000] {processor.py:183} INFO - Processing /opt/airflow/dags/newyork_fhv_ingestion.py took 0.144 seconds
[2026-05-09T03:25:10.381+0000] {processor.py:161} INFO - Started process (PID=4454) to work on /opt/airflow/dags/newyork_fhv_ingestion.py
[2026-05-09T03:25:10.383+0000] {processor.py:830} INFO - Processing file /opt/airflow/dags/newyork_fhv_ingestion.py for tasks to queue
[2026-05-09T03:25:10.386+0000] {logging_mixin.py:188} INFO - [2026-05-09T03:25:10.386+0000] {dagbag.py:545} INFO - Filling up the DagBag from /opt/airflow/dags/newyork_fhv_ingestion.py
[2026-05-09T03:25:10.434+0000] {processor.py:840} INFO - DAG(s) 'newyork_fhv_ingestion' retrieved from /opt/airflow/dags/newyork_fhv_ingestion.py
[2026-05-09T03:25:10.468+0000] {logging_mixin.py:188} INFO - [2026-05-09T03:25:10.468+0000] {dag.py:3096} INFO - Sync 1 DAGs
[2026-05-09T03:25:10.492+0000] {logging_mixin.py:188} INFO - [2026-05-09T03:25:10.491+0000] {dag.py:3954} INFO - Setting next_dagrun for newyork_fhv_ingestion to None, run_after=None
[2026-05-09T03:25:10.534+0000] {processor.py:183} INFO - Processing /opt/airflow/dags/newyork_fhv_ingestion.py took 0.163 seconds
[2026-05-09T03:25:41.250+0000] {processor.py:161} INFO - Started process (PID=4465) to work on /opt/airflow/dags/newyork_fhv_ingestion.py
[2026-05-09T03:25:41.252+0000] {processor.py:830} INFO - Processing file /opt/airflow/dags/newyork_fhv_ingestion.py for tasks to queue
[2026-05-09T03:25:41.256+0000] {logging_mixin.py:188} INFO - [2026-05-09T03:25:41.255+0000] {dagbag.py:545} INFO - Filling up the DagBag from /opt/airflow/dags/newyork_fhv_ingestion.py
[2026-05-09T03:25:41.313+0000] {processor.py:840} INFO - DAG(s) 'newyork_fhv_ingestion' retrieved from /opt/airflow/dags/newyork_fhv_ingestion.py
[2026-05-09T03:25:41.343+0000] {logging_mixin.py:188} INFO - [2026-05-09T03:25:41.343+0000] {dag.py:3096} INFO - Sync 1 DAGs
[2026-05-09T03:25:41.361+0000] {logging_mixin.py:188} INFO - [2026-05-09T03:25:41.361+0000] {dag.py:3954} INFO - Setting next_dagrun for newyork_fhv_ingestion to None, run_after=None
[2026-05-09T03:25:41.397+0000] {processor.py:183} INFO - Processing /opt/airflow/dags/newyork_fhv_ingestion.py took 0.156 seconds
[2026-05-09T03:26:12.195+0000] {processor.py:161} INFO - Started process (PID=4476) to work on /opt/airflow/dags/newyork_fhv_ingestion.py
[2026-05-09T03:26:12.197+0000] {processor.py:830} INFO - Processing file /opt/airflow/dags/newyork_fhv_ingestion.py for tasks to queue
[2026-05-09T03:26:12.200+0000] {logging_mixin.py:188} INFO - [2026-05-09T03:26:12.200+0000] {dagbag.py:545} INFO - Filling up the DagBag from /opt/airflow/dags/newyork_fhv_ingestion.py
[2026-05-09T03:26:12.242+0000] {processor.py:840} INFO - DAG(s) 'newyork_fhv_ingestion' retrieved from /opt/airflow/dags/newyork_fhv_ingestion.py
[2026-05-09T03:26:12.271+0000] {logging_mixin.py:188} INFO - [2026-05-09T03:26:12.271+0000] {dag.py:3096} INFO - Sync 1 DAGs
[2026-05-09T03:26:12.287+0000] {logging_mixin.py:188} INFO - [2026-05-09T03:26:12.286+0000] {dag.py:3954} INFO - Setting next_dagrun for newyork_fhv_ingestion to None, run_after=None
[2026-05-09T03:26:12.311+0000] {processor.py:183} INFO - Processing /opt/airflow/dags/newyork_fhv_ingestion.py took 0.127 seconds
[2026-05-09T03:26:43.234+0000] {processor.py:161} INFO - Started process (PID=4487) to work on /opt/airflow/dags/newyork_fhv_ingestion.py
[2026-05-09T03:26:43.236+0000] {processor.py:830} INFO - Processing file /opt/airflow/dags/newyork_fhv_ingestion.py for tasks to queue
[2026-05-09T03:26:43.240+0000] {logging_mixin.py:188} INFO - [2026-05-09T03:26:43.239+0000] {dagbag.py:545} INFO - Filling up the DagBag from /opt/airflow/dags/newyork_fhv_ingestion.py
[2026-05-09T03:26:43.309+0000] {processor.py:840} INFO - DAG(s) 'newyork_fhv_ingestion' retrieved from /opt/airflow/dags/newyork_fhv_ingestion.py
[2026-05-09T03:26:43.338+0000] {logging_mixin.py:188} INFO - [2026-05-09T03:26:43.338+0000] {dag.py:3096} INFO - Sync 1 DAGs
[2026-05-09T03:26:43.351+0000] {logging_mixin.py:188} INFO - [2026-05-09T03:26:43.351+0000] {dag.py:3954} INFO - Setting next_dagrun for newyork_fhv_ingestion to None, run_after=None
[2026-05-09T03:26:43.374+0000] {processor.py:183} INFO - Processing /opt/airflow/dags/newyork_fhv_ingestion.py took 0.151 seconds
[2026-05-09T03:27:13.659+0000] {processor.py:161} INFO - Started process (PID=4498) to work on /opt/airflow/dags/newyork_fhv_ingestion.py
[2026-05-09T03:27:13.661+0000] {processor.py:830} INFO - Processing file /opt/airflow/dags/newyork_fhv_ingestion.py for tasks to queue
[2026-05-09T03:27:13.664+0000] {logging_mixin.py:188} INFO - [2026-05-09T03:27:13.664+0000] {dagbag.py:545} INFO - Filling up the DagBag from /opt/airflow/dags/newyork_fhv_ingestion.py
[2026-05-09T03:27:13.705+0000] {processor.py:840} INFO - DAG(s) 'newyork_fhv_ingestion' retrieved from /opt/airflow/dags/newyork_fhv_ingestion.py
[2026-05-09T03:27:13.742+0000] {logging_mixin.py:188} INFO - [2026-05-09T03:27:13.741+0000] {dag.py:3096} INFO - Sync 1 DAGs
[2026-05-09T03:27:13.763+0000] {logging_mixin.py:188} INFO - [2026-05-09T03:27:13.763+0000] {dag.py:3954} INFO - Setting next_dagrun for newyork_fhv_ingestion to None, run_after=None
[2026-05-09T03:27:13.805+0000] {processor.py:183} INFO - Processing /opt/airflow/dags/newyork_fhv_ingestion.py took 0.157 seconds
[2026-05-09T03:27:44.107+0000] {processor.py:161} INFO - Started process (PID=4509) to work on /opt/airflow/dags/newyork_fhv_ingestion.py
[2026-05-09T03:27:44.110+0000] {processor.py:830} INFO - Processing file /opt/airflow/dags/newyork_fhv_ingestion.py for tasks to queue
[2026-05-09T03:27:44.114+0000] {logging_mixin.py:188} INFO - [2026-05-09T03:27:44.113+0000] {dagbag.py:545} INFO - Filling up the DagBag from /opt/airflow/dags/newyork_fhv_ingestion.py
[2026-05-09T03:27:44.155+0000] {processor.py:840} INFO - DAG(s) 'newyork_fhv_ingestion' retrieved from /opt/airflow/dags/newyork_fhv_ingestion.py
[2026-05-09T03:27:44.190+0000] {logging_mixin.py:188} INFO - [2026-05-09T03:27:44.190+0000] {dag.py:3096} INFO - Sync 1 DAGs
[2026-05-09T03:27:44.214+0000] {logging_mixin.py:188} INFO - [2026-05-09T03:27:44.213+0000] {dag.py:3954} INFO - Setting next_dagrun for newyork_fhv_ingestion to None, run_after=None
[2026-05-09T03:27:44.252+0000] {processor.py:183} INFO - Processing /opt/airflow/dags/newyork_fhv_ingestion.py took 0.157 seconds
[2026-05-09T03:28:14.933+0000] {processor.py:161} INFO - Started process (PID=4520) to work on /opt/airflow/dags/newyork_fhv_ingestion.py
[2026-05-09T03:28:14.935+0000] {processor.py:830} INFO - Processing file /opt/airflow/dags/newyork_fhv_ingestion.py for tasks to queue
[2026-05-09T03:28:14.937+0000] {logging_mixin.py:188} INFO - [2026-05-09T03:28:14.937+0000] {dagbag.py:545} INFO - Filling up the DagBag from /opt/airflow/dags/newyork_fhv_ingestion.py
[2026-05-09T03:28:14.979+0000] {processor.py:840} INFO - DAG(s) 'newyork_fhv_ingestion' retrieved from /opt/airflow/dags/newyork_fhv_ingestion.py
[2026-05-09T03:28:15.012+0000] {logging_mixin.py:188} INFO - [2026-05-09T03:28:15.012+0000] {dag.py:3096} INFO - Sync 1 DAGs
[2026-05-09T03:28:15.031+0000] {logging_mixin.py:188} INFO - [2026-05-09T03:28:15.030+0000] {dag.py:3954} INFO - Setting next_dagrun for newyork_fhv_ingestion to None, run_after=None
[2026-05-09T03:28:15.062+0000] {processor.py:183} INFO - Processing /opt/airflow/dags/newyork_fhv_ingestion.py took 0.139 seconds
[2026-05-09T03:28:45.864+0000] {processor.py:161} INFO - Started process (PID=4531) to work on /opt/airflow/dags/newyork_fhv_ingestion.py
[2026-05-09T03:28:45.867+0000] {processor.py:830} INFO - Processing file /opt/airflow/dags/newyork_fhv_ingestion.py for tasks to queue
[2026-05-09T03:28:45.870+0000] {logging_mixin.py:188} INFO - [2026-05-09T03:28:45.870+0000] {dagbag.py:545} INFO - Filling up the DagBag from /opt/airflow/dags/newyork_fhv_ingestion.py
[2026-05-09T03:28:45.907+0000] {processor.py:840} INFO - DAG(s) 'newyork_fhv_ingestion' retrieved from /opt/airflow/dags/newyork_fhv_ingestion.py
[2026-05-09T03:28:45.933+0000] {logging_mixin.py:188} INFO - [2026-05-09T03:28:45.933+0000] {dag.py:3096} INFO - Sync 1 DAGs
[2026-05-09T03:28:45.947+0000] {logging_mixin.py:188} INFO - [2026-05-09T03:28:45.947+0000] {dag.py:3954} INFO - Setting next_dagrun for newyork_fhv_ingestion to None, run_after=None
[2026-05-09T03:28:45.973+0000] {processor.py:183} INFO - Processing /opt/airflow/dags/newyork_fhv_ingestion.py took 0.118 seconds
[2026-05-09T03:29:16.255+0000] {processor.py:161} INFO - Started process (PID=4542) to work on /opt/airflow/dags/newyork_fhv_ingestion.py
[2026-05-09T03:29:16.257+0000] {processor.py:830} INFO - Processing file /opt/airflow/dags/newyork_fhv_ingestion.py for tasks to queue
[2026-05-09T03:29:16.260+0000] {logging_mixin.py:188} INFO - [2026-05-09T03:29:16.260+0000] {dagbag.py:545} INFO - Filling up the DagBag from /opt/airflow/dags/newyork_fhv_ingestion.py
[2026-05-09T03:29:16.307+0000] {processor.py:840} INFO - DAG(s) 'newyork_fhv_ingestion' retrieved from /opt/airflow/dags/newyork_fhv_ingestion.py
[2026-05-09T03:29:16.344+0000] {logging_mixin.py:188} INFO - [2026-05-09T03:29:16.343+0000] {dag.py:3096} INFO - Sync 1 DAGs
[2026-05-09T03:29:16.363+0000] {logging_mixin.py:188} INFO - [2026-05-09T03:29:16.363+0000] {dag.py:3954} INFO - Setting next_dagrun for newyork_fhv_ingestion to None, run_after=None
[2026-05-09T03:29:16.393+0000] {processor.py:183} INFO - Processing /opt/airflow/dags/newyork_fhv_ingestion.py took 0.150 seconds
[2026-05-09T03:29:46.592+0000] {processor.py:161} INFO - Started process (PID=4553) to work on /opt/airflow/dags/newyork_fhv_ingestion.py
[2026-05-09T03:29:46.595+0000] {processor.py:830} INFO - Processing file /opt/airflow/dags/newyork_fhv_ingestion.py for tasks to queue
[2026-05-09T03:29:46.599+0000] {logging_mixin.py:188} INFO - [2026-05-09T03:29:46.598+0000] {dagbag.py:545} INFO - Filling up the DagBag from /opt/airflow/dags/newyork_fhv_ingestion.py
[2026-05-09T03:29:46.640+0000] {processor.py:840} INFO - DAG(s) 'newyork_fhv_ingestion' retrieved from /opt/airflow/dags/newyork_fhv_ingestion.py
[2026-05-09T03:29:46.667+0000] {logging_mixin.py:188} INFO - [2026-05-09T03:29:46.666+0000] {dag.py:3096} INFO - Sync 1 DAGs
[2026-05-09T03:29:46.682+0000] {logging_mixin.py:188} INFO - [2026-05-09T03:29:46.681+0000] {dag.py:3954} INFO - Setting next_dagrun for newyork_fhv_ingestion to None, run_after=None
[2026-05-09T03:29:46.709+0000] {processor.py:183} INFO - Processing /opt/airflow/dags/newyork_fhv_ingestion.py took 0.129 seconds
[2026-05-09T03:30:16.997+0000] {processor.py:161} INFO - Started process (PID=4564) to work on /opt/airflow/dags/newyork_fhv_ingestion.py
[2026-05-09T03:30:17.000+0000] {processor.py:830} INFO - Processing file /opt/airflow/dags/newyork_fhv_ingestion.py for tasks to queue
[2026-05-09T03:30:17.006+0000] {logging_mixin.py:188} INFO - [2026-05-09T03:30:17.005+0000] {dagbag.py:545} INFO - Filling up the DagBag from /opt/airflow/dags/newyork_fhv_ingestion.py
[2026-05-09T03:30:17.059+0000] {processor.py:840} INFO - DAG(s) 'newyork_fhv_ingestion' retrieved from /opt/airflow/dags/newyork_fhv_ingestion.py
[2026-05-09T03:30:17.091+0000] {logging_mixin.py:188} INFO - [2026-05-09T03:30:17.090+0000] {dag.py:3096} INFO - Sync 1 DAGs
[2026-05-09T03:30:17.112+0000] {logging_mixin.py:188} INFO - [2026-05-09T03:30:17.112+0000] {dag.py:3954} INFO - Setting next_dagrun for newyork_fhv_ingestion to None, run_after=None
[2026-05-09T03:30:17.155+0000] {processor.py:183} INFO - Processing /opt/airflow/dags/newyork_fhv_ingestion.py took 0.170 seconds
[2026-05-09T03:30:48.003+0000] {processor.py:161} INFO - Started process (PID=4575) to work on /opt/airflow/dags/newyork_fhv_ingestion.py
[2026-05-09T03:30:48.004+0000] {processor.py:830} INFO - Processing file /opt/airflow/dags/newyork_fhv_ingestion.py for tasks to queue
[2026-05-09T03:30:48.008+0000] {logging_mixin.py:188} INFO - [2026-05-09T03:30:48.007+0000] {dagbag.py:545} INFO - Filling up the DagBag from /opt/airflow/dags/newyork_fhv_ingestion.py
[2026-05-09T03:30:48.048+0000] {processor.py:840} INFO - DAG(s) 'newyork_fhv_ingestion' retrieved from /opt/airflow/dags/newyork_fhv_ingestion.py
[2026-05-09T03:30:48.076+0000] {logging_mixin.py:188} INFO - [2026-05-09T03:30:48.076+0000] {dag.py:3096} INFO - Sync 1 DAGs
[2026-05-09T03:30:48.106+0000] {logging_mixin.py:188} INFO - [2026-05-09T03:30:48.105+0000] {dag.py:3954} INFO - Setting next_dagrun for newyork_fhv_ingestion to None, run_after=None
[2026-05-09T03:30:48.155+0000] {processor.py:183} INFO - Processing /opt/airflow/dags/newyork_fhv_ingestion.py took 0.164 seconds
[2026-05-09T03:31:18.920+0000] {processor.py:161} INFO - Started process (PID=4586) to work on /opt/airflow/dags/newyork_fhv_ingestion.py
[2026-05-09T03:31:18.922+0000] {processor.py:830} INFO - Processing file /opt/airflow/dags/newyork_fhv_ingestion.py for tasks to queue
[2026-05-09T03:31:18.925+0000] {logging_mixin.py:188} INFO - [2026-05-09T03:31:18.924+0000] {dagbag.py:545} INFO - Filling up the DagBag from /opt/airflow/dags/newyork_fhv_ingestion.py
[2026-05-09T03:31:18.961+0000] {processor.py:840} INFO - DAG(s) 'newyork_fhv_ingestion' retrieved from /opt/airflow/dags/newyork_fhv_ingestion.py
[2026-05-09T03:31:18.996+0000] {logging_mixin.py:188} INFO - [2026-05-09T03:31:18.995+0000] {dag.py:3096} INFO - Sync 1 DAGs
[2026-05-09T03:31:19.015+0000] {logging_mixin.py:188} INFO - [2026-05-09T03:31:19.014+0000] {dag.py:3954} INFO - Setting next_dagrun for newyork_fhv_ingestion to None, run_after=None
[2026-05-09T03:31:19.041+0000] {processor.py:183} INFO - Processing /opt/airflow/dags/newyork_fhv_ingestion.py took 0.130 seconds
[2026-05-09T03:31:49.791+0000] {processor.py:161} INFO - Started process (PID=4597) to work on /opt/airflow/dags/newyork_fhv_ingestion.py
[2026-05-09T03:31:49.793+0000] {processor.py:830} INFO - Processing file /opt/airflow/dags/newyork_fhv_ingestion.py for tasks to queue
[2026-05-09T03:31:49.795+0000] {logging_mixin.py:188} INFO - [2026-05-09T03:31:49.795+0000] {dagbag.py:545} INFO - Filling up the DagBag from /opt/airflow/dags/newyork_fhv_ingestion.py
[2026-05-09T03:31:49.824+0000] {processor.py:840} INFO - DAG(s) 'newyork_fhv_ingestion' retrieved from /opt/airflow/dags/newyork_fhv_ingestion.py
[2026-05-09T03:31:49.849+0000] {logging_mixin.py:188} INFO - [2026-05-09T03:31:49.849+0000] {dag.py:3096} INFO - Sync 1 DAGs
[2026-05-09T03:31:49.863+0000] {logging_mixin.py:188} INFO - [2026-05-09T03:31:49.862+0000] {dag.py:3954} INFO - Setting next_dagrun for newyork_fhv_ingestion to None, run_after=None
[2026-05-09T03:31:49.891+0000] {processor.py:183} INFO - Processing /opt/airflow/dags/newyork_fhv_ingestion.py took 0.107 seconds
[2026-05-09T03:32:20.630+0000] {processor.py:161} INFO - Started process (PID=4608) to work on /opt/airflow/dags/newyork_fhv_ingestion.py
[2026-05-09T03:32:20.633+0000] {processor.py:830} INFO - Processing file /opt/airflow/dags/newyork_fhv_ingestion.py for tasks to queue
[2026-05-09T03:32:20.636+0000] {logging_mixin.py:188} INFO - [2026-05-09T03:32:20.635+0000] {dagbag.py:545} INFO - Filling up the DagBag from /opt/airflow/dags/newyork_fhv_ingestion.py
[2026-05-09T03:32:20.672+0000] {processor.py:840} INFO - DAG(s) 'newyork_fhv_ingestion' retrieved from /opt/airflow/dags/newyork_fhv_ingestion.py
[2026-05-09T03:32:20.698+0000] {logging_mixin.py:188} INFO - [2026-05-09T03:32:20.697+0000] {dag.py:3096} INFO - Sync 1 DAGs
[2026-05-09T03:32:20.714+0000] {logging_mixin.py:188} INFO - [2026-05-09T03:32:20.713+0000] {dag.py:3954} INFO - Setting next_dagrun for newyork_fhv_ingestion to None, run_after=None
[2026-05-09T03:32:20.748+0000] {processor.py:183} INFO - Processing /opt/airflow/dags/newyork_fhv_ingestion.py took 0.129 seconds
[2026-05-09T03:32:51.431+0000] {processor.py:161} INFO - Started process (PID=4619) to work on /opt/airflow/dags/newyork_fhv_ingestion.py
[2026-05-09T03:32:51.433+0000] {processor.py:830} INFO - Processing file /opt/airflow/dags/newyork_fhv_ingestion.py for tasks to queue
[2026-05-09T03:32:51.436+0000] {logging_mixin.py:188} INFO - [2026-05-09T03:32:51.435+0000] {dagbag.py:545} INFO - Filling up the DagBag from /opt/airflow/dags/newyork_fhv_ingestion.py
[2026-05-09T03:32:51.491+0000] {processor.py:840} INFO - DAG(s) 'newyork_fhv_ingestion' retrieved from /opt/airflow/dags/newyork_fhv_ingestion.py
[2026-05-09T03:32:51.517+0000] {logging_mixin.py:188} INFO - [2026-05-09T03:32:51.517+0000] {dag.py:3096} INFO - Sync 1 DAGs
[2026-05-09T03:32:51.530+0000] {logging_mixin.py:188} INFO - [2026-05-09T03:32:51.530+0000] {dag.py:3954} INFO - Setting next_dagrun for newyork_fhv_ingestion to None, run_after=None
[2026-05-09T03:32:51.558+0000] {processor.py:183} INFO - Processing /opt/airflow/dags/newyork_fhv_ingestion.py took 0.138 seconds
[2026-05-09T03:33:22.375+0000] {processor.py:161} INFO - Started process (PID=4630) to work on /opt/airflow/dags/newyork_fhv_ingestion.py
[2026-05-09T03:33:22.377+0000] {processor.py:830} INFO - Processing file /opt/airflow/dags/newyork_fhv_ingestion.py for tasks to queue
[2026-05-09T03:33:22.379+0000] {logging_mixin.py:188} INFO - [2026-05-09T03:33:22.379+0000] {dagbag.py:545} INFO - Filling up the DagBag from /opt/airflow/dags/newyork_fhv_ingestion.py
[2026-05-09T03:33:22.418+0000] {processor.py:840} INFO - DAG(s) 'newyork_fhv_ingestion' retrieved from /opt/airflow/dags/newyork_fhv_ingestion.py
[2026-05-09T03:33:22.442+0000] {logging_mixin.py:188} INFO - [2026-05-09T03:33:22.441+0000] {dag.py:3096} INFO - Sync 1 DAGs
[2026-05-09T03:33:22.458+0000] {logging_mixin.py:188} INFO - [2026-05-09T03:33:22.458+0000] {dag.py:3954} INFO - Setting next_dagrun for newyork_fhv_ingestion to None, run_after=None
[2026-05-09T03:33:22.483+0000] {processor.py:183} INFO - Processing /opt/airflow/dags/newyork_fhv_ingestion.py took 0.114 seconds
[2026-05-09T03:33:53.378+0000] {processor.py:161} INFO - Started process (PID=4641) to work on /opt/airflow/dags/newyork_fhv_ingestion.py
[2026-05-09T03:33:53.380+0000] {processor.py:830} INFO - Processing file /opt/airflow/dags/newyork_fhv_ingestion.py for tasks to queue
[2026-05-09T03:33:53.385+0000] {logging_mixin.py:188} INFO - [2026-05-09T03:33:53.384+0000] {dagbag.py:545} INFO - Filling up the DagBag from /opt/airflow/dags/newyork_fhv_ingestion.py
[2026-05-09T03:33:53.416+0000] {processor.py:840} INFO - DAG(s) 'newyork_fhv_ingestion' retrieved from /opt/airflow/dags/newyork_fhv_ingestion.py
[2026-05-09T03:33:53.451+0000] {logging_mixin.py:188} INFO - [2026-05-09T03:33:53.450+0000] {dag.py:3096} INFO - Sync 1 DAGs
[2026-05-09T03:33:53.476+0000] {logging_mixin.py:188} INFO - [2026-05-09T03:33:53.475+0000] {dag.py:3954} INFO - Setting next_dagrun for newyork_fhv_ingestion to None, run_after=None
[2026-05-09T03:33:53.502+0000] {processor.py:183} INFO - Processing /opt/airflow/dags/newyork_fhv_ingestion.py took 0.137 seconds
[2026-05-09T03:34:23.650+0000] {processor.py:161} INFO - Started process (PID=4652) to work on /opt/airflow/dags/newyork_fhv_ingestion.py
[2026-05-09T03:34:23.652+0000] {processor.py:830} INFO - Processing file /opt/airflow/dags/newyork_fhv_ingestion.py for tasks to queue
[2026-05-09T03:34:23.655+0000] {logging_mixin.py:188} INFO - [2026-05-09T03:34:23.655+0000] {dagbag.py:545} INFO - Filling up the DagBag from /opt/airflow/dags/newyork_fhv_ingestion.py
[2026-05-09T03:34:23.689+0000] {processor.py:840} INFO - DAG(s) 'newyork_fhv_ingestion' retrieved from /opt/airflow/dags/newyork_fhv_ingestion.py
[2026-05-09T03:34:23.710+0000] {logging_mixin.py:188} INFO - [2026-05-09T03:34:23.710+0000] {dag.py:3096} INFO - Sync 1 DAGs
[2026-05-09T03:34:23.724+0000] {logging_mixin.py:188} INFO - [2026-05-09T03:34:23.724+0000] {dag.py:3954} INFO - Setting next_dagrun for newyork_fhv_ingestion to None, run_after=None
[2026-05-09T03:34:23.748+0000] {processor.py:183} INFO - Processing /opt/airflow/dags/newyork_fhv_ingestion.py took 0.108 seconds
[2026-05-09T03:34:54.496+0000] {processor.py:161} INFO - Started process (PID=4663) to work on /opt/airflow/dags/newyork_fhv_ingestion.py
[2026-05-09T03:34:54.497+0000] {processor.py:830} INFO - Processing file /opt/airflow/dags/newyork_fhv_ingestion.py for tasks to queue
[2026-05-09T03:34:54.499+0000] {logging_mixin.py:188} INFO - [2026-05-09T03:34:54.498+0000] {dagbag.py:545} INFO - Filling up the DagBag from /opt/airflow/dags/newyork_fhv_ingestion.py
[2026-05-09T03:34:54.519+0000] {processor.py:840} INFO - DAG(s) 'newyork_fhv_ingestion' retrieved from /opt/airflow/dags/newyork_fhv_ingestion.py
[2026-05-09T03:34:54.541+0000] {logging_mixin.py:188} INFO - [2026-05-09T03:34:54.541+0000] {dag.py:3096} INFO - Sync 1 DAGs
[2026-05-09T03:34:54.555+0000] {logging_mixin.py:188} INFO - [2026-05-09T03:34:54.555+0000] {dag.py:3954} INFO - Setting next_dagrun for newyork_fhv_ingestion to None, run_after=None
[2026-05-09T03:34:54.582+0000] {processor.py:183} INFO - Processing /opt/airflow/dags/newyork_fhv_ingestion.py took 0.093 seconds
[2026-05-09T03:35:25.404+0000] {processor.py:161} INFO - Started process (PID=4674) to work on /opt/airflow/dags/newyork_fhv_ingestion.py
[2026-05-09T03:35:25.412+0000] {processor.py:830} INFO - Processing file /opt/airflow/dags/newyork_fhv_ingestion.py for tasks to queue
[2026-05-09T03:35:25.417+0000] {logging_mixin.py:188} INFO - [2026-05-09T03:35:25.416+0000] {dagbag.py:545} INFO - Filling up the DagBag from /opt/airflow/dags/newyork_fhv_ingestion.py
[2026-05-09T03:35:25.462+0000] {processor.py:840} INFO - DAG(s) 'newyork_fhv_ingestion' retrieved from /opt/airflow/dags/newyork_fhv_ingestion.py
[2026-05-09T03:35:25.492+0000] {logging_mixin.py:188} INFO - [2026-05-09T03:35:25.492+0000] {dag.py:3096} INFO - Sync 1 DAGs
[2026-05-09T03:35:25.509+0000] {logging_mixin.py:188} INFO - [2026-05-09T03:35:25.509+0000] {dag.py:3954} INFO - Setting next_dagrun for newyork_fhv_ingestion to None, run_after=None
[2026-05-09T03:35:25.537+0000] {processor.py:183} INFO - Processing /opt/airflow/dags/newyork_fhv_ingestion.py took 0.145 seconds
[2026-05-09T03:35:56.377+0000] {processor.py:161} INFO - Started process (PID=4691) to work on /opt/airflow/dags/newyork_fhv_ingestion.py
[2026-05-09T03:35:56.379+0000] {processor.py:830} INFO - Processing file /opt/airflow/dags/newyork_fhv_ingestion.py for tasks to queue
[2026-05-09T03:35:56.382+0000] {logging_mixin.py:188} INFO - [2026-05-09T03:35:56.382+0000] {dagbag.py:545} INFO - Filling up the DagBag from /opt/airflow/dags/newyork_fhv_ingestion.py
[2026-05-09T03:35:56.427+0000] {processor.py:840} INFO - DAG(s) 'newyork_fhv_ingestion' retrieved from /opt/airflow/dags/newyork_fhv_ingestion.py
[2026-05-09T03:35:56.467+0000] {logging_mixin.py:188} INFO - [2026-05-09T03:35:56.466+0000] {dag.py:3096} INFO - Sync 1 DAGs
[2026-05-09T03:35:56.488+0000] {logging_mixin.py:188} INFO - [2026-05-09T03:35:56.487+0000] {dag.py:3954} INFO - Setting next_dagrun for newyork_fhv_ingestion to None, run_after=None
[2026-05-09T03:35:56.518+0000] {processor.py:183} INFO - Processing /opt/airflow/dags/newyork_fhv_ingestion.py took 0.151 seconds
[2026-05-09T03:36:27.350+0000] {processor.py:161} INFO - Started process (PID=4702) to work on /opt/airflow/dags/newyork_fhv_ingestion.py
[2026-05-09T03:36:27.352+0000] {processor.py:830} INFO - Processing file /opt/airflow/dags/newyork_fhv_ingestion.py for tasks to queue
[2026-05-09T03:36:27.354+0000] {logging_mixin.py:188} INFO - [2026-05-09T03:36:27.353+0000] {dagbag.py:545} INFO - Filling up the DagBag from /opt/airflow/dags/newyork_fhv_ingestion.py
[2026-05-09T03:36:27.390+0000] {processor.py:840} INFO - DAG(s) 'newyork_fhv_ingestion' retrieved from /opt/airflow/dags/newyork_fhv_ingestion.py
[2026-05-09T03:36:27.413+0000] {logging_mixin.py:188} INFO - [2026-05-09T03:36:27.412+0000] {dag.py:3096} INFO - Sync 1 DAGs
[2026-05-09T03:36:27.426+0000] {logging_mixin.py:188} INFO - [2026-05-09T03:36:27.426+0000] {dag.py:3954} INFO - Setting next_dagrun for newyork_fhv_ingestion to None, run_after=None
[2026-05-09T03:36:27.452+0000] {processor.py:183} INFO - Processing /opt/airflow/dags/newyork_fhv_ingestion.py took 0.109 seconds
[2026-05-09T03:36:58.316+0000] {processor.py:161} INFO - Started process (PID=4713) to work on /opt/airflow/dags/newyork_fhv_ingestion.py
[2026-05-09T03:36:58.319+0000] {processor.py:830} INFO - Processing file /opt/airflow/dags/newyork_fhv_ingestion.py for tasks to queue
[2026-05-09T03:36:58.324+0000] {logging_mixin.py:188} INFO - [2026-05-09T03:36:58.323+0000] {dagbag.py:545} INFO - Filling up the DagBag from /opt/airflow/dags/newyork_fhv_ingestion.py
[2026-05-09T03:36:58.370+0000] {processor.py:840} INFO - DAG(s) 'newyork_fhv_ingestion' retrieved from /opt/airflow/dags/newyork_fhv_ingestion.py
[2026-05-09T03:36:58.405+0000] {logging_mixin.py:188} INFO - [2026-05-09T03:36:58.405+0000] {dag.py:3096} INFO - Sync 1 DAGs
[2026-05-09T03:36:58.423+0000] {logging_mixin.py:188} INFO - [2026-05-09T03:36:58.422+0000] {dag.py:3954} INFO - Setting next_dagrun for newyork_fhv_ingestion to None, run_after=None
[2026-05-09T03:36:58.455+0000] {processor.py:183} INFO - Processing /opt/airflow/dags/newyork_fhv_ingestion.py took 0.150 seconds
[2026-05-09T03:37:29.120+0000] {processor.py:161} INFO - Started process (PID=4724) to work on /opt/airflow/dags/newyork_fhv_ingestion.py
[2026-05-09T03:37:29.122+0000] {processor.py:830} INFO - Processing file /opt/airflow/dags/newyork_fhv_ingestion.py for tasks to queue
[2026-05-09T03:37:29.125+0000] {logging_mixin.py:188} INFO - [2026-05-09T03:37:29.125+0000] {dagbag.py:545} INFO - Filling up the DagBag from /opt/airflow/dags/newyork_fhv_ingestion.py
[2026-05-09T03:37:29.160+0000] {processor.py:840} INFO - DAG(s) 'newyork_fhv_ingestion' retrieved from /opt/airflow/dags/newyork_fhv_ingestion.py
[2026-05-09T03:37:29.189+0000] {logging_mixin.py:188} INFO - [2026-05-09T03:37:29.189+0000] {dag.py:3096} INFO - Sync 1 DAGs
[2026-05-09T03:37:29.208+0000] {logging_mixin.py:188} INFO - [2026-05-09T03:37:29.207+0000] {dag.py:3954} INFO - Setting next_dagrun for newyork_fhv_ingestion to None, run_after=None
[2026-05-09T03:37:29.236+0000] {processor.py:183} INFO - Processing /opt/airflow/dags/newyork_fhv_ingestion.py took 0.124 seconds
[2026-05-09T03:38:00.117+0000] {processor.py:161} INFO - Started process (PID=4735) to work on /opt/airflow/dags/newyork_fhv_ingestion.py
[2026-05-09T03:38:00.118+0000] {processor.py:830} INFO - Processing file /opt/airflow/dags/newyork_fhv_ingestion.py for tasks to queue
[2026-05-09T03:38:00.121+0000] {logging_mixin.py:188} INFO - [2026-05-09T03:38:00.120+0000] {dagbag.py:545} INFO - Filling up the DagBag from /opt/airflow/dags/newyork_fhv_ingestion.py
[2026-05-09T03:38:00.149+0000] {processor.py:840} INFO - DAG(s) 'newyork_fhv_ingestion' retrieved from /opt/airflow/dags/newyork_fhv_ingestion.py
[2026-05-09T03:38:00.179+0000] {logging_mixin.py:188} INFO - [2026-05-09T03:38:00.178+0000] {dag.py:3096} INFO - Sync 1 DAGs
[2026-05-09T03:38:00.194+0000] {logging_mixin.py:188} INFO - [2026-05-09T03:38:00.194+0000] {dag.py:3954} INFO - Setting next_dagrun for newyork_fhv_ingestion to None, run_after=None
[2026-05-09T03:38:00.219+0000] {processor.py:183} INFO - Processing /opt/airflow/dags/newyork_fhv_ingestion.py took 0.109 seconds
[2026-05-09T03:38:30.485+0000] {processor.py:161} INFO - Started process (PID=4746) to work on /opt/airflow/dags/newyork_fhv_ingestion.py
[2026-05-09T03:38:30.487+0000] {processor.py:830} INFO - Processing file /opt/airflow/dags/newyork_fhv_ingestion.py for tasks to queue
[2026-05-09T03:38:30.491+0000] {logging_mixin.py:188} INFO - [2026-05-09T03:38:30.490+0000] {dagbag.py:545} INFO - Filling up the DagBag from /opt/airflow/dags/newyork_fhv_ingestion.py
[2026-05-09T03:38:30.535+0000] {processor.py:840} INFO - DAG(s) 'newyork_fhv_ingestion' retrieved from /opt/airflow/dags/newyork_fhv_ingestion.py
[2026-05-09T03:38:30.569+0000] {logging_mixin.py:188} INFO - [2026-05-09T03:38:30.568+0000] {dag.py:3096} INFO - Sync 1 DAGs
[2026-05-09T03:38:30.591+0000] {logging_mixin.py:188} INFO - [2026-05-09T03:38:30.591+0000] {dag.py:3954} INFO - Setting next_dagrun for newyork_fhv_ingestion to None, run_after=None
[2026-05-09T03:38:30.636+0000] {processor.py:183} INFO - Processing /opt/airflow/dags/newyork_fhv_ingestion.py took 0.161 seconds
[2026-05-09T03:39:00.810+0000] {processor.py:161} INFO - Started process (PID=4757) to work on /opt/airflow/dags/newyork_fhv_ingestion.py
[2026-05-09T03:39:00.812+0000] {processor.py:830} INFO - Processing file /opt/airflow/dags/newyork_fhv_ingestion.py for tasks to queue
[2026-05-09T03:39:00.817+0000] {logging_mixin.py:188} INFO - [2026-05-09T03:39:00.817+0000] {dagbag.py:545} INFO - Filling up the DagBag from /opt/airflow/dags/newyork_fhv_ingestion.py
[2026-05-09T03:39:00.867+0000] {processor.py:840} INFO - DAG(s) 'newyork_fhv_ingestion' retrieved from /opt/airflow/dags/newyork_fhv_ingestion.py
[2026-05-09T03:39:00.914+0000] {logging_mixin.py:188} INFO - [2026-05-09T03:39:00.914+0000] {dag.py:3096} INFO - Sync 1 DAGs
[2026-05-09T03:39:00.934+0000] {logging_mixin.py:188} INFO - [2026-05-09T03:39:00.933+0000] {dag.py:3954} INFO - Setting next_dagrun for newyork_fhv_ingestion to None, run_after=None
[2026-05-09T03:39:00.977+0000] {processor.py:183} INFO - Processing /opt/airflow/dags/newyork_fhv_ingestion.py took 0.179 seconds
[2026-05-09T03:39:31.188+0000] {processor.py:161} INFO - Started process (PID=4768) to work on /opt/airflow/dags/newyork_fhv_ingestion.py
[2026-05-09T03:39:31.190+0000] {processor.py:830} INFO - Processing file /opt/airflow/dags/newyork_fhv_ingestion.py for tasks to queue
[2026-05-09T03:39:31.193+0000] {logging_mixin.py:188} INFO - [2026-05-09T03:39:31.192+0000] {dagbag.py:545} INFO - Filling up the DagBag from /opt/airflow/dags/newyork_fhv_ingestion.py
[2026-05-09T03:39:31.233+0000] {processor.py:840} INFO - DAG(s) 'newyork_fhv_ingestion' retrieved from /opt/airflow/dags/newyork_fhv_ingestion.py
[2026-05-09T03:39:31.259+0000] {logging_mixin.py:188} INFO - [2026-05-09T03:39:31.259+0000] {dag.py:3096} INFO - Sync 1 DAGs
[2026-05-09T03:39:31.274+0000] {logging_mixin.py:188} INFO - [2026-05-09T03:39:31.274+0000] {dag.py:3954} INFO - Setting next_dagrun for newyork_fhv_ingestion to None, run_after=None
[2026-05-09T03:39:31.301+0000] {processor.py:183} INFO - Processing /opt/airflow/dags/newyork_fhv_ingestion.py took 0.124 seconds
[2026-05-09T03:40:01.573+0000] {processor.py:161} INFO - Started process (PID=4779) to work on /opt/airflow/dags/newyork_fhv_ingestion.py
[2026-05-09T03:40:01.574+0000] {processor.py:830} INFO - Processing file /opt/airflow/dags/newyork_fhv_ingestion.py for tasks to queue
[2026-05-09T03:40:01.577+0000] {logging_mixin.py:188} INFO - [2026-05-09T03:40:01.576+0000] {dagbag.py:545} INFO - Filling up the DagBag from /opt/airflow/dags/newyork_fhv_ingestion.py
[2026-05-09T03:40:01.614+0000] {processor.py:840} INFO - DAG(s) 'newyork_fhv_ingestion' retrieved from /opt/airflow/dags/newyork_fhv_ingestion.py
[2026-05-09T03:40:01.638+0000] {logging_mixin.py:188} INFO - [2026-05-09T03:40:01.638+0000] {dag.py:3096} INFO - Sync 1 DAGs
[2026-05-09T03:40:01.653+0000] {logging_mixin.py:188} INFO - [2026-05-09T03:40:01.653+0000] {dag.py:3954} INFO - Setting next_dagrun for newyork_fhv_ingestion to None, run_after=None
[2026-05-09T03:40:01.681+0000] {processor.py:183} INFO - Processing /opt/airflow/dags/newyork_fhv_ingestion.py took 0.117 seconds
[2026-05-09T03:40:32.031+0000] {processor.py:161} INFO - Started process (PID=4790) to work on /opt/airflow/dags/newyork_fhv_ingestion.py
[2026-05-09T03:40:32.033+0000] {processor.py:830} INFO - Processing file /opt/airflow/dags/newyork_fhv_ingestion.py for tasks to queue
[2026-05-09T03:40:32.036+0000] {logging_mixin.py:188} INFO - [2026-05-09T03:40:32.036+0000] {dagbag.py:545} INFO - Filling up the DagBag from /opt/airflow/dags/newyork_fhv_ingestion.py
[2026-05-09T03:40:32.085+0000] {processor.py:840} INFO - DAG(s) 'newyork_fhv_ingestion' retrieved from /opt/airflow/dags/newyork_fhv_ingestion.py
[2026-05-09T03:40:32.119+0000] {logging_mixin.py:188} INFO - [2026-05-09T03:40:32.119+0000] {dag.py:3096} INFO - Sync 1 DAGs
[2026-05-09T03:40:32.138+0000] {logging_mixin.py:188} INFO - [2026-05-09T03:40:32.137+0000] {dag.py:3954} INFO - Setting next_dagrun for newyork_fhv_ingestion to None, run_after=None
[2026-05-09T03:40:32.178+0000] {processor.py:183} INFO - Processing /opt/airflow/dags/newyork_fhv_ingestion.py took 0.159 seconds
[2026-05-09T03:41:02.361+0000] {processor.py:161} INFO - Started process (PID=4801) to work on /opt/airflow/dags/newyork_fhv_ingestion.py
[2026-05-09T03:41:02.363+0000] {processor.py:830} INFO - Processing file /opt/airflow/dags/newyork_fhv_ingestion.py for tasks to queue
[2026-05-09T03:41:02.367+0000] {logging_mixin.py:188} INFO - [2026-05-09T03:41:02.366+0000] {dagbag.py:545} INFO - Filling up the DagBag from /opt/airflow/dags/newyork_fhv_ingestion.py
[2026-05-09T03:41:02.415+0000] {processor.py:840} INFO - DAG(s) 'newyork_fhv_ingestion' retrieved from /opt/airflow/dags/newyork_fhv_ingestion.py
[2026-05-09T03:41:02.453+0000] {logging_mixin.py:188} INFO - [2026-05-09T03:41:02.452+0000] {dag.py:3096} INFO - Sync 1 DAGs
[2026-05-09T03:41:02.474+0000] {logging_mixin.py:188} INFO - [2026-05-09T03:41:02.474+0000] {dag.py:3954} INFO - Setting next_dagrun for newyork_fhv_ingestion to None, run_after=None
[2026-05-09T03:41:02.516+0000] {processor.py:183} INFO - Processing /opt/airflow/dags/newyork_fhv_ingestion.py took 0.166 seconds
[2026-05-09T03:41:32.661+0000] {processor.py:161} INFO - Started process (PID=4812) to work on /opt/airflow/dags/newyork_fhv_ingestion.py
[2026-05-09T03:41:32.665+0000] {processor.py:830} INFO - Processing file /opt/airflow/dags/newyork_fhv_ingestion.py for tasks to queue
[2026-05-09T03:41:32.669+0000] {logging_mixin.py:188} INFO - [2026-05-09T03:41:32.669+0000] {dagbag.py:545} INFO - Filling up the DagBag from /opt/airflow/dags/newyork_fhv_ingestion.py
[2026-05-09T03:41:32.719+0000] {processor.py:840} INFO - DAG(s) 'newyork_fhv_ingestion' retrieved from /opt/airflow/dags/newyork_fhv_ingestion.py
[2026-05-09T03:41:32.766+0000] {logging_mixin.py:188} INFO - [2026-05-09T03:41:32.766+0000] {dag.py:3096} INFO - Sync 1 DAGs
[2026-05-09T03:41:32.793+0000] {logging_mixin.py:188} INFO - [2026-05-09T03:41:32.792+0000] {dag.py:3954} INFO - Setting next_dagrun for newyork_fhv_ingestion to None, run_after=None
[2026-05-09T03:41:32.840+0000] {processor.py:183} INFO - Processing /opt/airflow/dags/newyork_fhv_ingestion.py took 0.190 seconds
[2026-05-09T03:42:03.102+0000] {processor.py:161} INFO - Started process (PID=4823) to work on /opt/airflow/dags/newyork_fhv_ingestion.py
[2026-05-09T03:42:03.104+0000] {processor.py:830} INFO - Processing file /opt/airflow/dags/newyork_fhv_ingestion.py for tasks to queue
[2026-05-09T03:42:03.108+0000] {logging_mixin.py:188} INFO - [2026-05-09T03:42:03.107+0000] {dagbag.py:545} INFO - Filling up the DagBag from /opt/airflow/dags/newyork_fhv_ingestion.py
[2026-05-09T03:42:03.153+0000] {processor.py:840} INFO - DAG(s) 'newyork_fhv_ingestion' retrieved from /opt/airflow/dags/newyork_fhv_ingestion.py
[2026-05-09T03:42:03.177+0000] {logging_mixin.py:188} INFO - [2026-05-09T03:42:03.176+0000] {dag.py:3096} INFO - Sync 1 DAGs
[2026-05-09T03:42:03.190+0000] {logging_mixin.py:188} INFO - [2026-05-09T03:42:03.189+0000] {dag.py:3954} INFO - Setting next_dagrun for newyork_fhv_ingestion to None, run_after=None
[2026-05-09T03:42:03.215+0000] {processor.py:183} INFO - Processing /opt/airflow/dags/newyork_fhv_ingestion.py took 0.125 seconds
[2026-05-09T03:42:33.496+0000] {processor.py:161} INFO - Started process (PID=4834) to work on /opt/airflow/dags/newyork_fhv_ingestion.py
[2026-05-09T03:42:33.498+0000] {processor.py:830} INFO - Processing file /opt/airflow/dags/newyork_fhv_ingestion.py for tasks to queue
[2026-05-09T03:42:33.502+0000] {logging_mixin.py:188} INFO - [2026-05-09T03:42:33.501+0000] {dagbag.py:545} INFO - Filling up the DagBag from /opt/airflow/dags/newyork_fhv_ingestion.py
[2026-05-09T03:42:33.550+0000] {processor.py:840} INFO - DAG(s) 'newyork_fhv_ingestion' retrieved from /opt/airflow/dags/newyork_fhv_ingestion.py
[2026-05-09T03:42:33.592+0000] {logging_mixin.py:188} INFO - [2026-05-09T03:42:33.591+0000] {dag.py:3096} INFO - Sync 1 DAGs
[2026-05-09T03:42:33.609+0000] {logging_mixin.py:188} INFO - [2026-05-09T03:42:33.609+0000] {dag.py:3954} INFO - Setting next_dagrun for newyork_fhv_ingestion to None, run_after=None
[2026-05-09T03:42:33.638+0000] {processor.py:183} INFO - Processing /opt/airflow/dags/newyork_fhv_ingestion.py took 0.153 seconds
[2026-05-09T03:43:03.852+0000] {processor.py:161} INFO - Started process (PID=4845) to work on /opt/airflow/dags/newyork_fhv_ingestion.py
[2026-05-09T03:43:03.855+0000] {processor.py:830} INFO - Processing file /opt/airflow/dags/newyork_fhv_ingestion.py for tasks to queue
[2026-05-09T03:43:03.858+0000] {logging_mixin.py:188} INFO - [2026-05-09T03:43:03.858+0000] {dagbag.py:545} INFO - Filling up the DagBag from /opt/airflow/dags/newyork_fhv_ingestion.py
[2026-05-09T03:43:03.903+0000] {processor.py:840} INFO - DAG(s) 'newyork_fhv_ingestion' retrieved from /opt/airflow/dags/newyork_fhv_ingestion.py
[2026-05-09T03:43:03.946+0000] {logging_mixin.py:188} INFO - [2026-05-09T03:43:03.945+0000] {dag.py:3096} INFO - Sync 1 DAGs
[2026-05-09T03:43:03.972+0000] {logging_mixin.py:188} INFO - [2026-05-09T03:43:03.972+0000] {dag.py:3954} INFO - Setting next_dagrun for newyork_fhv_ingestion to None, run_after=None
[2026-05-09T03:43:04.017+0000] {processor.py:183} INFO - Processing /opt/airflow/dags/newyork_fhv_ingestion.py took 0.175 seconds
[2026-05-09T03:43:34.205+0000] {processor.py:161} INFO - Started process (PID=4856) to work on /opt/airflow/dags/newyork_fhv_ingestion.py
[2026-05-09T03:43:34.207+0000] {processor.py:830} INFO - Processing file /opt/airflow/dags/newyork_fhv_ingestion.py for tasks to queue
[2026-05-09T03:43:34.212+0000] {logging_mixin.py:188} INFO - [2026-05-09T03:43:34.211+0000] {dagbag.py:545} INFO - Filling up the DagBag from /opt/airflow/dags/newyork_fhv_ingestion.py
[2026-05-09T03:43:34.278+0000] {processor.py:840} INFO - DAG(s) 'newyork_fhv_ingestion' retrieved from /opt/airflow/dags/newyork_fhv_ingestion.py
[2026-05-09T03:43:34.313+0000] {logging_mixin.py:188} INFO - [2026-05-09T03:43:34.313+0000] {dag.py:3096} INFO - Sync 1 DAGs
[2026-05-09T03:43:34.327+0000] {logging_mixin.py:188} INFO - [2026-05-09T03:43:34.327+0000] {dag.py:3954} INFO - Setting next_dagrun for newyork_fhv_ingestion to None, run_after=None
[2026-05-09T03:43:34.354+0000] {processor.py:183} INFO - Processing /opt/airflow/dags/newyork_fhv_ingestion.py took 0.161 seconds
[2026-05-09T03:44:05.384+0000] {processor.py:161} INFO - Started process (PID=4867) to work on /opt/airflow/dags/newyork_fhv_ingestion.py
[2026-05-09T03:44:05.386+0000] {processor.py:830} INFO - Processing file /opt/airflow/dags/newyork_fhv_ingestion.py for tasks to queue
[2026-05-09T03:44:05.390+0000] {logging_mixin.py:188} INFO - [2026-05-09T03:44:05.389+0000] {dagbag.py:545} INFO - Filling up the DagBag from /opt/airflow/dags/newyork_fhv_ingestion.py
[2026-05-09T03:44:05.429+0000] {processor.py:840} INFO - DAG(s) 'newyork_fhv_ingestion' retrieved from /opt/airflow/dags/newyork_fhv_ingestion.py
[2026-05-09T03:44:05.463+0000] {logging_mixin.py:188} INFO - [2026-05-09T03:44:05.463+0000] {dag.py:3096} INFO - Sync 1 DAGs
[2026-05-09T03:44:05.484+0000] {logging_mixin.py:188} INFO - [2026-05-09T03:44:05.484+0000] {dag.py:3954} INFO - Setting next_dagrun for newyork_fhv_ingestion to None, run_after=None
[2026-05-09T03:44:05.505+0000] {processor.py:183} INFO - Processing /opt/airflow/dags/newyork_fhv_ingestion.py took 0.130 seconds
[2026-05-09T03:44:35.663+0000] {processor.py:161} INFO - Started process (PID=4878) to work on /opt/airflow/dags/newyork_fhv_ingestion.py
[2026-05-09T03:44:35.665+0000] {processor.py:830} INFO - Processing file /opt/airflow/dags/newyork_fhv_ingestion.py for tasks to queue
[2026-05-09T03:44:35.669+0000] {logging_mixin.py:188} INFO - [2026-05-09T03:44:35.668+0000] {dagbag.py:545} INFO - Filling up the DagBag from /opt/airflow/dags/newyork_fhv_ingestion.py
[2026-05-09T03:44:35.704+0000] {processor.py:840} INFO - DAG(s) 'newyork_fhv_ingestion' retrieved from /opt/airflow/dags/newyork_fhv_ingestion.py
[2026-05-09T03:44:35.744+0000] {logging_mixin.py:188} INFO - [2026-05-09T03:44:35.744+0000] {dag.py:3096} INFO - Sync 1 DAGs
[2026-05-09T03:44:35.766+0000] {logging_mixin.py:188} INFO - [2026-05-09T03:44:35.765+0000] {dag.py:3954} INFO - Setting next_dagrun for newyork_fhv_ingestion to None, run_after=None
[2026-05-09T03:44:35.802+0000] {processor.py:183} INFO - Processing /opt/airflow/dags/newyork_fhv_ingestion.py took 0.149 seconds
[2026-05-09T03:45:06.584+0000] {processor.py:161} INFO - Started process (PID=4889) to work on /opt/airflow/dags/newyork_fhv_ingestion.py
[2026-05-09T03:45:06.586+0000] {processor.py:830} INFO - Processing file /opt/airflow/dags/newyork_fhv_ingestion.py for tasks to queue
[2026-05-09T03:45:06.591+0000] {logging_mixin.py:188} INFO - [2026-05-09T03:45:06.590+0000] {dagbag.py:545} INFO - Filling up the DagBag from /opt/airflow/dags/newyork_fhv_ingestion.py
[2026-05-09T03:45:06.641+0000] {processor.py:840} INFO - DAG(s) 'newyork_fhv_ingestion' retrieved from /opt/airflow/dags/newyork_fhv_ingestion.py
[2026-05-09T03:45:06.662+0000] {logging_mixin.py:188} INFO - [2026-05-09T03:45:06.662+0000] {dag.py:3096} INFO - Sync 1 DAGs
[2026-05-09T03:45:06.675+0000] {logging_mixin.py:188} INFO - [2026-05-09T03:45:06.675+0000] {dag.py:3954} INFO - Setting next_dagrun for newyork_fhv_ingestion to None, run_after=None
[2026-05-09T03:45:06.709+0000] {processor.py:183} INFO - Processing /opt/airflow/dags/newyork_fhv_ingestion.py took 0.137 seconds
[2026-05-09T03:45:37.625+0000] {processor.py:161} INFO - Started process (PID=4900) to work on /opt/airflow/dags/newyork_fhv_ingestion.py
[2026-05-09T03:45:37.627+0000] {processor.py:830} INFO - Processing file /opt/airflow/dags/newyork_fhv_ingestion.py for tasks to queue
[2026-05-09T03:45:37.631+0000] {logging_mixin.py:188} INFO - [2026-05-09T03:45:37.631+0000] {dagbag.py:545} INFO - Filling up the DagBag from /opt/airflow/dags/newyork_fhv_ingestion.py
[2026-05-09T03:45:37.682+0000] {processor.py:840} INFO - DAG(s) 'newyork_fhv_ingestion' retrieved from /opt/airflow/dags/newyork_fhv_ingestion.py
[2026-05-09T03:45:37.714+0000] {logging_mixin.py:188} INFO - [2026-05-09T03:45:37.713+0000] {dag.py:3096} INFO - Sync 1 DAGs
[2026-05-09T03:45:37.737+0000] {logging_mixin.py:188} INFO - [2026-05-09T03:45:37.737+0000] {dag.py:3954} INFO - Setting next_dagrun for newyork_fhv_ingestion to None, run_after=None
[2026-05-09T03:45:37.777+0000] {processor.py:183} INFO - Processing /opt/airflow/dags/newyork_fhv_ingestion.py took 0.160 seconds
[2026-05-09T03:46:08.493+0000] {processor.py:161} INFO - Started process (PID=4911) to work on /opt/airflow/dags/newyork_fhv_ingestion.py
[2026-05-09T03:46:08.499+0000] {processor.py:830} INFO - Processing file /opt/airflow/dags/newyork_fhv_ingestion.py for tasks to queue
[2026-05-09T03:46:08.505+0000] {logging_mixin.py:188} INFO - [2026-05-09T03:46:08.503+0000] {dagbag.py:545} INFO - Filling up the DagBag from /opt/airflow/dags/newyork_fhv_ingestion.py
[2026-05-09T03:46:08.563+0000] {processor.py:840} INFO - DAG(s) 'newyork_fhv_ingestion' retrieved from /opt/airflow/dags/newyork_fhv_ingestion.py
[2026-05-09T03:46:08.592+0000] {logging_mixin.py:188} INFO - [2026-05-09T03:46:08.592+0000] {dag.py:3096} INFO - Sync 1 DAGs
[2026-05-09T03:46:08.607+0000] {logging_mixin.py:188} INFO - [2026-05-09T03:46:08.606+0000] {dag.py:3954} INFO - Setting next_dagrun for newyork_fhv_ingestion to None, run_after=None
[2026-05-09T03:46:08.630+0000] {processor.py:183} INFO - Processing /opt/airflow/dags/newyork_fhv_ingestion.py took 0.154 seconds
[2026-05-09T03:46:39.429+0000] {processor.py:161} INFO - Started process (PID=4922) to work on /opt/airflow/dags/newyork_fhv_ingestion.py
[2026-05-09T03:46:39.431+0000] {processor.py:830} INFO - Processing file /opt/airflow/dags/newyork_fhv_ingestion.py for tasks to queue
[2026-05-09T03:46:39.436+0000] {logging_mixin.py:188} INFO - [2026-05-09T03:46:39.435+0000] {dagbag.py:545} INFO - Filling up the DagBag from /opt/airflow/dags/newyork_fhv_ingestion.py
[2026-05-09T03:46:39.494+0000] {processor.py:840} INFO - DAG(s) 'newyork_fhv_ingestion' retrieved from /opt/airflow/dags/newyork_fhv_ingestion.py
[2026-05-09T03:46:39.532+0000] {logging_mixin.py:188} INFO - [2026-05-09T03:46:39.532+0000] {dag.py:3096} INFO - Sync 1 DAGs
[2026-05-09T03:46:39.557+0000] {logging_mixin.py:188} INFO - [2026-05-09T03:46:39.556+0000] {dag.py:3954} INFO - Setting next_dagrun for newyork_fhv_ingestion to None, run_after=None
[2026-05-09T03:46:39.606+0000] {processor.py:183} INFO - Processing /opt/airflow/dags/newyork_fhv_ingestion.py took 0.188 seconds
[2026-05-09T03:47:09.695+0000] {processor.py:161} INFO - Started process (PID=4933) to work on /opt/airflow/dags/newyork_fhv_ingestion.py
[2026-05-09T03:47:09.696+0000] {processor.py:830} INFO - Processing file /opt/airflow/dags/newyork_fhv_ingestion.py for tasks to queue
[2026-05-09T03:47:09.699+0000] {logging_mixin.py:188} INFO - [2026-05-09T03:47:09.698+0000] {dagbag.py:545} INFO - Filling up the DagBag from /opt/airflow/dags/newyork_fhv_ingestion.py
[2026-05-09T03:47:09.733+0000] {processor.py:840} INFO - DAG(s) 'newyork_fhv_ingestion' retrieved from /opt/airflow/dags/newyork_fhv_ingestion.py
[2026-05-09T03:47:09.754+0000] {logging_mixin.py:188} INFO - [2026-05-09T03:47:09.754+0000] {dag.py:3096} INFO - Sync 1 DAGs
[2026-05-09T03:47:09.768+0000] {logging_mixin.py:188} INFO - [2026-05-09T03:47:09.767+0000] {dag.py:3954} INFO - Setting next_dagrun for newyork_fhv_ingestion to None, run_after=None
[2026-05-09T03:47:09.792+0000] {processor.py:183} INFO - Processing /opt/airflow/dags/newyork_fhv_ingestion.py took 0.106 seconds
[2026-05-09T03:47:40.629+0000] {processor.py:161} INFO - Started process (PID=4944) to work on /opt/airflow/dags/newyork_fhv_ingestion.py
[2026-05-09T03:47:40.632+0000] {processor.py:830} INFO - Processing file /opt/airflow/dags/newyork_fhv_ingestion.py for tasks to queue
[2026-05-09T03:47:40.635+0000] {logging_mixin.py:188} INFO - [2026-05-09T03:47:40.635+0000] {dagbag.py:545} INFO - Filling up the DagBag from /opt/airflow/dags/newyork_fhv_ingestion.py
[2026-05-09T03:47:40.680+0000] {processor.py:840} INFO - DAG(s) 'newyork_fhv_ingestion' retrieved from /opt/airflow/dags/newyork_fhv_ingestion.py
[2026-05-09T03:47:40.710+0000] {logging_mixin.py:188} INFO - [2026-05-09T03:47:40.709+0000] {dag.py:3096} INFO - Sync 1 DAGs
[2026-05-09T03:47:40.731+0000] {logging_mixin.py:188} INFO - [2026-05-09T03:47:40.731+0000] {dag.py:3954} INFO - Setting next_dagrun for newyork_fhv_ingestion to None, run_after=None
[2026-05-09T03:47:40.771+0000] {processor.py:183} INFO - Processing /opt/airflow/dags/newyork_fhv_ingestion.py took 0.152 seconds
[2026-05-09T03:48:11.729+0000] {processor.py:161} INFO - Started process (PID=4955) to work on /opt/airflow/dags/newyork_fhv_ingestion.py
[2026-05-09T03:48:11.732+0000] {processor.py:830} INFO - Processing file /opt/airflow/dags/newyork_fhv_ingestion.py for tasks to queue
[2026-05-09T03:48:11.736+0000] {logging_mixin.py:188} INFO - [2026-05-09T03:48:11.735+0000] {dagbag.py:545} INFO - Filling up the DagBag from /opt/airflow/dags/newyork_fhv_ingestion.py
[2026-05-09T03:48:11.822+0000] {processor.py:840} INFO - DAG(s) 'newyork_fhv_ingestion' retrieved from /opt/airflow/dags/newyork_fhv_ingestion.py
[2026-05-09T03:48:11.849+0000] {logging_mixin.py:188} INFO - [2026-05-09T03:48:11.849+0000] {dag.py:3096} INFO - Sync 1 DAGs
[2026-05-09T03:48:11.875+0000] {logging_mixin.py:188} INFO - [2026-05-09T03:48:11.874+0000] {dag.py:3954} INFO - Setting next_dagrun for newyork_fhv_ingestion to None, run_after=None
[2026-05-09T03:48:11.910+0000] {processor.py:183} INFO - Processing /opt/airflow/dags/newyork_fhv_ingestion.py took 0.195 seconds
[2026-05-09T03:48:42.426+0000] {processor.py:161} INFO - Started process (PID=4966) to work on /opt/airflow/dags/newyork_fhv_ingestion.py
[2026-05-09T03:48:42.428+0000] {processor.py:830} INFO - Processing file /opt/airflow/dags/newyork_fhv_ingestion.py for tasks to queue
[2026-05-09T03:48:42.432+0000] {logging_mixin.py:188} INFO - [2026-05-09T03:48:42.431+0000] {dagbag.py:545} INFO - Filling up the DagBag from /opt/airflow/dags/newyork_fhv_ingestion.py
[2026-05-09T03:48:42.482+0000] {processor.py:840} INFO - DAG(s) 'newyork_fhv_ingestion' retrieved from /opt/airflow/dags/newyork_fhv_ingestion.py
[2026-05-09T03:48:42.519+0000] {logging_mixin.py:188} INFO - [2026-05-09T03:48:42.519+0000] {dag.py:3096} INFO - Sync 1 DAGs
[2026-05-09T03:48:42.534+0000] {logging_mixin.py:188} INFO - [2026-05-09T03:48:42.534+0000] {dag.py:3954} INFO - Setting next_dagrun for newyork_fhv_ingestion to None, run_after=None
[2026-05-09T03:48:42.555+0000] {processor.py:183} INFO - Processing /opt/airflow/dags/newyork_fhv_ingestion.py took 0.141 seconds
[2026-05-09T03:49:13.338+0000] {processor.py:161} INFO - Started process (PID=4977) to work on /opt/airflow/dags/newyork_fhv_ingestion.py
[2026-05-09T03:49:13.340+0000] {processor.py:830} INFO - Processing file /opt/airflow/dags/newyork_fhv_ingestion.py for tasks to queue
[2026-05-09T03:49:13.347+0000] {logging_mixin.py:188} INFO - [2026-05-09T03:49:13.346+0000] {dagbag.py:545} INFO - Filling up the DagBag from /opt/airflow/dags/newyork_fhv_ingestion.py
[2026-05-09T03:49:13.386+0000] {processor.py:840} INFO - DAG(s) 'newyork_fhv_ingestion' retrieved from /opt/airflow/dags/newyork_fhv_ingestion.py
[2026-05-09T03:49:13.424+0000] {logging_mixin.py:188} INFO - [2026-05-09T03:49:13.423+0000] {dag.py:3096} INFO - Sync 1 DAGs
[2026-05-09T03:49:13.448+0000] {logging_mixin.py:188} INFO - [2026-05-09T03:49:13.448+0000] {dag.py:3954} INFO - Setting next_dagrun for newyork_fhv_ingestion to None, run_after=None
[2026-05-09T03:49:13.486+0000] {processor.py:183} INFO - Processing /opt/airflow/dags/newyork_fhv_ingestion.py took 0.158 seconds
[2026-05-09T03:49:44.323+0000] {processor.py:161} INFO - Started process (PID=4988) to work on /opt/airflow/dags/newyork_fhv_ingestion.py
[2026-05-09T03:49:44.325+0000] {processor.py:830} INFO - Processing file /opt/airflow/dags/newyork_fhv_ingestion.py for tasks to queue
[2026-05-09T03:49:44.329+0000] {logging_mixin.py:188} INFO - [2026-05-09T03:49:44.329+0000] {dagbag.py:545} INFO - Filling up the DagBag from /opt/airflow/dags/newyork_fhv_ingestion.py
[2026-05-09T03:49:44.381+0000] {processor.py:840} INFO - DAG(s) 'newyork_fhv_ingestion' retrieved from /opt/airflow/dags/newyork_fhv_ingestion.py
[2026-05-09T03:49:44.419+0000] {logging_mixin.py:188} INFO - [2026-05-09T03:49:44.418+0000] {dag.py:3096} INFO - Sync 1 DAGs
[2026-05-09T03:49:44.433+0000] {logging_mixin.py:188} INFO - [2026-05-09T03:49:44.433+0000] {dag.py:3954} INFO - Setting next_dagrun for newyork_fhv_ingestion to None, run_after=None
[2026-05-09T03:49:44.464+0000] {processor.py:183} INFO - Processing /opt/airflow/dags/newyork_fhv_ingestion.py took 0.152 seconds
[2026-05-09T03:50:15.382+0000] {processor.py:161} INFO - Started process (PID=4999) to work on /opt/airflow/dags/newyork_fhv_ingestion.py
[2026-05-09T03:50:15.384+0000] {processor.py:830} INFO - Processing file /opt/airflow/dags/newyork_fhv_ingestion.py for tasks to queue
[2026-05-09T03:50:15.389+0000] {logging_mixin.py:188} INFO - [2026-05-09T03:50:15.388+0000] {dagbag.py:545} INFO - Filling up the DagBag from /opt/airflow/dags/newyork_fhv_ingestion.py
[2026-05-09T03:50:15.434+0000] {processor.py:840} INFO - DAG(s) 'newyork_fhv_ingestion' retrieved from /opt/airflow/dags/newyork_fhv_ingestion.py
[2026-05-09T03:50:15.467+0000] {logging_mixin.py:188} INFO - [2026-05-09T03:50:15.466+0000] {dag.py:3096} INFO - Sync 1 DAGs
[2026-05-09T03:50:15.487+0000] {logging_mixin.py:188} INFO - [2026-05-09T03:50:15.487+0000] {dag.py:3954} INFO - Setting next_dagrun for newyork_fhv_ingestion to None, run_after=None
[2026-05-09T03:50:15.532+0000] {processor.py:183} INFO - Processing /opt/airflow/dags/newyork_fhv_ingestion.py took 0.162 seconds
[2026-05-09T03:50:45.696+0000] {processor.py:161} INFO - Started process (PID=5010) to work on /opt/airflow/dags/newyork_fhv_ingestion.py
[2026-05-09T03:50:45.698+0000] {processor.py:830} INFO - Processing file /opt/airflow/dags/newyork_fhv_ingestion.py for tasks to queue
[2026-05-09T03:50:45.702+0000] {logging_mixin.py:188} INFO - [2026-05-09T03:50:45.701+0000] {dagbag.py:545} INFO - Filling up the DagBag from /opt/airflow/dags/newyork_fhv_ingestion.py
[2026-05-09T03:50:45.742+0000] {processor.py:840} INFO - DAG(s) 'newyork_fhv_ingestion' retrieved from /opt/airflow/dags/newyork_fhv_ingestion.py
[2026-05-09T03:50:45.767+0000] {logging_mixin.py:188} INFO - [2026-05-09T03:50:45.767+0000] {dag.py:3096} INFO - Sync 1 DAGs
[2026-05-09T03:50:45.780+0000] {logging_mixin.py:188} INFO - [2026-05-09T03:50:45.780+0000] {dag.py:3954} INFO - Setting next_dagrun for newyork_fhv_ingestion to None, run_after=None
[2026-05-09T03:50:45.806+0000] {processor.py:183} INFO - Processing /opt/airflow/dags/newyork_fhv_ingestion.py took 0.120 seconds
[2026-05-09T03:51:16.703+0000] {processor.py:161} INFO - Started process (PID=5022) to work on /opt/airflow/dags/newyork_fhv_ingestion.py
[2026-05-09T03:51:16.705+0000] {processor.py:830} INFO - Processing file /opt/airflow/dags/newyork_fhv_ingestion.py for tasks to queue
[2026-05-09T03:51:16.709+0000] {logging_mixin.py:188} INFO - [2026-05-09T03:51:16.709+0000] {dagbag.py:545} INFO - Filling up the DagBag from /opt/airflow/dags/newyork_fhv_ingestion.py
[2026-05-09T03:51:16.754+0000] {processor.py:840} INFO - DAG(s) 'newyork_fhv_ingestion' retrieved from /opt/airflow/dags/newyork_fhv_ingestion.py
[2026-05-09T03:51:16.791+0000] {logging_mixin.py:188} INFO - [2026-05-09T03:51:16.790+0000] {dag.py:3096} INFO - Sync 1 DAGs
[2026-05-09T03:51:16.815+0000] {logging_mixin.py:188} INFO - [2026-05-09T03:51:16.815+0000] {dag.py:3954} INFO - Setting next_dagrun for newyork_fhv_ingestion to None, run_after=None
[2026-05-09T03:51:16.858+0000] {processor.py:183} INFO - Processing /opt/airflow/dags/newyork_fhv_ingestion.py took 0.166 seconds
[2026-05-09T03:51:47.584+0000] {processor.py:161} INFO - Started process (PID=5033) to work on /opt/airflow/dags/newyork_fhv_ingestion.py
[2026-05-09T03:51:47.586+0000] {processor.py:830} INFO - Processing file /opt/airflow/dags/newyork_fhv_ingestion.py for tasks to queue
[2026-05-09T03:51:47.589+0000] {logging_mixin.py:188} INFO - [2026-05-09T03:51:47.589+0000] {dagbag.py:545} INFO - Filling up the DagBag from /opt/airflow/dags/newyork_fhv_ingestion.py
[2026-05-09T03:51:47.640+0000] {processor.py:840} INFO - DAG(s) 'newyork_fhv_ingestion' retrieved from /opt/airflow/dags/newyork_fhv_ingestion.py
[2026-05-09T03:51:47.679+0000] {logging_mixin.py:188} INFO - [2026-05-09T03:51:47.679+0000] {dag.py:3096} INFO - Sync 1 DAGs
[2026-05-09T03:51:47.703+0000] {logging_mixin.py:188} INFO - [2026-05-09T03:51:47.703+0000] {dag.py:3954} INFO - Setting next_dagrun for newyork_fhv_ingestion to None, run_after=None
[2026-05-09T03:51:47.731+0000] {processor.py:183} INFO - Processing /opt/airflow/dags/newyork_fhv_ingestion.py took 0.158 seconds
[2026-05-09T03:52:18.648+0000] {processor.py:161} INFO - Started process (PID=5044) to work on /opt/airflow/dags/newyork_fhv_ingestion.py
[2026-05-09T03:52:18.650+0000] {processor.py:830} INFO - Processing file /opt/airflow/dags/newyork_fhv_ingestion.py for tasks to queue
[2026-05-09T03:52:18.653+0000] {logging_mixin.py:188} INFO - [2026-05-09T03:52:18.653+0000] {dagbag.py:545} INFO - Filling up the DagBag from /opt/airflow/dags/newyork_fhv_ingestion.py
[2026-05-09T03:52:18.688+0000] {processor.py:840} INFO - DAG(s) 'newyork_fhv_ingestion' retrieved from /opt/airflow/dags/newyork_fhv_ingestion.py
[2026-05-09T03:52:18.726+0000] {logging_mixin.py:188} INFO - [2026-05-09T03:52:18.725+0000] {dag.py:3096} INFO - Sync 1 DAGs
[2026-05-09T03:52:18.742+0000] {logging_mixin.py:188} INFO - [2026-05-09T03:52:18.742+0000] {dag.py:3954} INFO - Setting next_dagrun for newyork_fhv_ingestion to None, run_after=None
[2026-05-09T03:52:18.768+0000] {processor.py:183} INFO - Processing /opt/airflow/dags/newyork_fhv_ingestion.py took 0.129 seconds
[2026-05-09T03:52:49.563+0000] {processor.py:161} INFO - Started process (PID=5055) to work on /opt/airflow/dags/newyork_fhv_ingestion.py
[2026-05-09T03:52:49.565+0000] {processor.py:830} INFO - Processing file /opt/airflow/dags/newyork_fhv_ingestion.py for tasks to queue
[2026-05-09T03:52:49.567+0000] {logging_mixin.py:188} INFO - [2026-05-09T03:52:49.567+0000] {dagbag.py:545} INFO - Filling up the DagBag from /opt/airflow/dags/newyork_fhv_ingestion.py
[2026-05-09T03:52:49.621+0000] {processor.py:840} INFO - DAG(s) 'newyork_fhv_ingestion' retrieved from /opt/airflow/dags/newyork_fhv_ingestion.py
[2026-05-09T03:52:49.651+0000] {logging_mixin.py:188} INFO - [2026-05-09T03:52:49.650+0000] {dag.py:3096} INFO - Sync 1 DAGs
[2026-05-09T03:52:49.671+0000] {logging_mixin.py:188} INFO - [2026-05-09T03:52:49.671+0000] {dag.py:3954} INFO - Setting next_dagrun for newyork_fhv_ingestion to None, run_after=None
[2026-05-09T03:52:49.697+0000] {processor.py:183} INFO - Processing /opt/airflow/dags/newyork_fhv_ingestion.py took 0.143 seconds
[2026-05-09T03:53:20.569+0000] {processor.py:161} INFO - Started process (PID=5066) to work on /opt/airflow/dags/newyork_fhv_ingestion.py
[2026-05-09T03:53:20.572+0000] {processor.py:830} INFO - Processing file /opt/airflow/dags/newyork_fhv_ingestion.py for tasks to queue
[2026-05-09T03:53:20.577+0000] {logging_mixin.py:188} INFO - [2026-05-09T03:53:20.577+0000] {dagbag.py:545} INFO - Filling up the DagBag from /opt/airflow/dags/newyork_fhv_ingestion.py
[2026-05-09T03:53:20.622+0000] {processor.py:840} INFO - DAG(s) 'newyork_fhv_ingestion' retrieved from /opt/airflow/dags/newyork_fhv_ingestion.py
[2026-05-09T03:53:20.663+0000] {logging_mixin.py:188} INFO - [2026-05-09T03:53:20.662+0000] {dag.py:3096} INFO - Sync 1 DAGs
[2026-05-09T03:53:20.680+0000] {logging_mixin.py:188} INFO - [2026-05-09T03:53:20.680+0000] {dag.py:3954} INFO - Setting next_dagrun for newyork_fhv_ingestion to None, run_after=None
[2026-05-09T03:53:20.715+0000] {processor.py:183} INFO - Processing /opt/airflow/dags/newyork_fhv_ingestion.py took 0.159 seconds
[2026-05-09T03:53:51.667+0000] {processor.py:161} INFO - Started process (PID=5077) to work on /opt/airflow/dags/newyork_fhv_ingestion.py
[2026-05-09T03:53:51.669+0000] {processor.py:830} INFO - Processing file /opt/airflow/dags/newyork_fhv_ingestion.py for tasks to queue
[2026-05-09T03:53:51.674+0000] {logging_mixin.py:188} INFO - [2026-05-09T03:53:51.673+0000] {dagbag.py:545} INFO - Filling up the DagBag from /opt/airflow/dags/newyork_fhv_ingestion.py
[2026-05-09T03:53:51.716+0000] {processor.py:840} INFO - DAG(s) 'newyork_fhv_ingestion' retrieved from /opt/airflow/dags/newyork_fhv_ingestion.py
[2026-05-09T03:53:51.754+0000] {logging_mixin.py:188} INFO - [2026-05-09T03:53:51.753+0000] {dag.py:3096} INFO - Sync 1 DAGs
[2026-05-09T03:53:51.782+0000] {logging_mixin.py:188} INFO - [2026-05-09T03:53:51.781+0000] {dag.py:3954} INFO - Setting next_dagrun for newyork_fhv_ingestion to None, run_after=None
[2026-05-09T03:53:51.814+0000] {processor.py:183} INFO - Processing /opt/airflow/dags/newyork_fhv_ingestion.py took 0.160 seconds
[2026-05-09T03:54:22.031+0000] {processor.py:161} INFO - Started process (PID=5088) to work on /opt/airflow/dags/newyork_fhv_ingestion.py
[2026-05-09T03:54:22.033+0000] {processor.py:830} INFO - Processing file /opt/airflow/dags/newyork_fhv_ingestion.py for tasks to queue
[2026-05-09T03:54:22.037+0000] {logging_mixin.py:188} INFO - [2026-05-09T03:54:22.037+0000] {dagbag.py:545} INFO - Filling up the DagBag from /opt/airflow/dags/newyork_fhv_ingestion.py
[2026-05-09T03:54:22.074+0000] {processor.py:840} INFO - DAG(s) 'newyork_fhv_ingestion' retrieved from /opt/airflow/dags/newyork_fhv_ingestion.py
[2026-05-09T03:54:22.108+0000] {logging_mixin.py:188} INFO - [2026-05-09T03:54:22.108+0000] {dag.py:3096} INFO - Sync 1 DAGs
[2026-05-09T03:54:22.129+0000] {logging_mixin.py:188} INFO - [2026-05-09T03:54:22.129+0000] {dag.py:3954} INFO - Setting next_dagrun for newyork_fhv_ingestion to None, run_after=None
[2026-05-09T03:54:22.175+0000] {processor.py:183} INFO - Processing /opt/airflow/dags/newyork_fhv_ingestion.py took 0.157 seconds
[2026-05-09T03:54:52.924+0000] {processor.py:161} INFO - Started process (PID=5099) to work on /opt/airflow/dags/newyork_fhv_ingestion.py
[2026-05-09T03:54:52.927+0000] {processor.py:830} INFO - Processing file /opt/airflow/dags/newyork_fhv_ingestion.py for tasks to queue
[2026-05-09T03:54:52.931+0000] {logging_mixin.py:188} INFO - [2026-05-09T03:54:52.931+0000] {dagbag.py:545} INFO - Filling up the DagBag from /opt/airflow/dags/newyork_fhv_ingestion.py
[2026-05-09T03:54:52.975+0000] {processor.py:840} INFO - DAG(s) 'newyork_fhv_ingestion' retrieved from /opt/airflow/dags/newyork_fhv_ingestion.py
[2026-05-09T03:54:53.014+0000] {logging_mixin.py:188} INFO - [2026-05-09T03:54:53.014+0000] {dag.py:3096} INFO - Sync 1 DAGs
[2026-05-09T03:54:53.037+0000] {logging_mixin.py:188} INFO - [2026-05-09T03:54:53.037+0000] {dag.py:3954} INFO - Setting next_dagrun for newyork_fhv_ingestion to None, run_after=None
[2026-05-09T03:54:53.086+0000] {processor.py:183} INFO - Processing /opt/airflow/dags/newyork_fhv_ingestion.py took 0.173 seconds
[2026-05-09T03:55:23.870+0000] {processor.py:161} INFO - Started process (PID=5110) to work on /opt/airflow/dags/newyork_fhv_ingestion.py
[2026-05-09T03:55:23.872+0000] {processor.py:830} INFO - Processing file /opt/airflow/dags/newyork_fhv_ingestion.py for tasks to queue
[2026-05-09T03:55:23.875+0000] {logging_mixin.py:188} INFO - [2026-05-09T03:55:23.874+0000] {dagbag.py:545} INFO - Filling up the DagBag from /opt/airflow/dags/newyork_fhv_ingestion.py
[2026-05-09T03:55:23.950+0000] {processor.py:840} INFO - DAG(s) 'newyork_fhv_ingestion' retrieved from /opt/airflow/dags/newyork_fhv_ingestion.py
[2026-05-09T03:55:23.979+0000] {logging_mixin.py:188} INFO - [2026-05-09T03:55:23.978+0000] {dag.py:3096} INFO - Sync 1 DAGs
[2026-05-09T03:55:23.992+0000] {logging_mixin.py:188} INFO - [2026-05-09T03:55:23.992+0000] {dag.py:3954} INFO - Setting next_dagrun for newyork_fhv_ingestion to None, run_after=None
[2026-05-09T03:55:24.016+0000] {processor.py:183} INFO - Processing /opt/airflow/dags/newyork_fhv_ingestion.py took 0.154 seconds
[2026-05-09T03:55:54.813+0000] {processor.py:161} INFO - Started process (PID=5121) to work on /opt/airflow/dags/newyork_fhv_ingestion.py
[2026-05-09T03:55:54.814+0000] {processor.py:830} INFO - Processing file /opt/airflow/dags/newyork_fhv_ingestion.py for tasks to queue
[2026-05-09T03:55:54.816+0000] {logging_mixin.py:188} INFO - [2026-05-09T03:55:54.816+0000] {dagbag.py:545} INFO - Filling up the DagBag from /opt/airflow/dags/newyork_fhv_ingestion.py
[2026-05-09T03:55:54.847+0000] {processor.py:840} INFO - DAG(s) 'newyork_fhv_ingestion' retrieved from /opt/airflow/dags/newyork_fhv_ingestion.py
[2026-05-09T03:55:54.870+0000] {logging_mixin.py:188} INFO - [2026-05-09T03:55:54.870+0000] {dag.py:3096} INFO - Sync 1 DAGs
[2026-05-09T03:55:54.886+0000] {logging_mixin.py:188} INFO - [2026-05-09T03:55:54.885+0000] {dag.py:3954} INFO - Setting next_dagrun for newyork_fhv_ingestion to None, run_after=None
[2026-05-09T03:55:54.911+0000] {processor.py:183} INFO - Processing /opt/airflow/dags/newyork_fhv_ingestion.py took 0.106 seconds
[2026-05-09T03:56:25.756+0000] {processor.py:161} INFO - Started process (PID=5132) to work on /opt/airflow/dags/newyork_fhv_ingestion.py
[2026-05-09T03:56:25.757+0000] {processor.py:830} INFO - Processing file /opt/airflow/dags/newyork_fhv_ingestion.py for tasks to queue
[2026-05-09T03:56:25.760+0000] {logging_mixin.py:188} INFO - [2026-05-09T03:56:25.759+0000] {dagbag.py:545} INFO - Filling up the DagBag from /opt/airflow/dags/newyork_fhv_ingestion.py
[2026-05-09T03:56:25.794+0000] {processor.py:840} INFO - DAG(s) 'newyork_fhv_ingestion' retrieved from /opt/airflow/dags/newyork_fhv_ingestion.py
[2026-05-09T03:56:25.817+0000] {logging_mixin.py:188} INFO - [2026-05-09T03:56:25.817+0000] {dag.py:3096} INFO - Sync 1 DAGs
[2026-05-09T03:56:25.833+0000] {logging_mixin.py:188} INFO - [2026-05-09T03:56:25.832+0000] {dag.py:3954} INFO - Setting next_dagrun for newyork_fhv_ingestion to None, run_after=None
[2026-05-09T03:56:25.856+0000] {processor.py:183} INFO - Processing /opt/airflow/dags/newyork_fhv_ingestion.py took 0.107 seconds
[2026-05-09T03:56:56.628+0000] {processor.py:161} INFO - Started process (PID=5143) to work on /opt/airflow/dags/newyork_fhv_ingestion.py
[2026-05-09T03:56:56.630+0000] {processor.py:830} INFO - Processing file /opt/airflow/dags/newyork_fhv_ingestion.py for tasks to queue
[2026-05-09T03:56:56.632+0000] {logging_mixin.py:188} INFO - [2026-05-09T03:56:56.632+0000] {dagbag.py:545} INFO - Filling up the DagBag from /opt/airflow/dags/newyork_fhv_ingestion.py
[2026-05-09T03:56:56.667+0000] {processor.py:840} INFO - DAG(s) 'newyork_fhv_ingestion' retrieved from /opt/airflow/dags/newyork_fhv_ingestion.py
[2026-05-09T03:56:56.701+0000] {logging_mixin.py:188} INFO - [2026-05-09T03:56:56.700+0000] {dag.py:3096} INFO - Sync 1 DAGs
[2026-05-09T03:56:56.714+0000] {logging_mixin.py:188} INFO - [2026-05-09T03:56:56.714+0000] {dag.py:3954} INFO - Setting next_dagrun for newyork_fhv_ingestion to None, run_after=None
[2026-05-09T03:56:56.749+0000] {processor.py:183} INFO - Processing /opt/airflow/dags/newyork_fhv_ingestion.py took 0.128 seconds
[2026-05-09T03:57:27.632+0000] {processor.py:161} INFO - Started process (PID=5154) to work on /opt/airflow/dags/newyork_fhv_ingestion.py
[2026-05-09T03:57:27.634+0000] {processor.py:830} INFO - Processing file /opt/airflow/dags/newyork_fhv_ingestion.py for tasks to queue
[2026-05-09T03:57:27.639+0000] {logging_mixin.py:188} INFO - [2026-05-09T03:57:27.638+0000] {dagbag.py:545} INFO - Filling up the DagBag from /opt/airflow/dags/newyork_fhv_ingestion.py
[2026-05-09T03:57:27.692+0000] {processor.py:840} INFO - DAG(s) 'newyork_fhv_ingestion' retrieved from /opt/airflow/dags/newyork_fhv_ingestion.py
[2026-05-09T03:57:27.729+0000] {logging_mixin.py:188} INFO - [2026-05-09T03:57:27.729+0000] {dag.py:3096} INFO - Sync 1 DAGs
[2026-05-09T03:57:27.743+0000] {logging_mixin.py:188} INFO - [2026-05-09T03:57:27.743+0000] {dag.py:3954} INFO - Setting next_dagrun for newyork_fhv_ingestion to None, run_after=None
[2026-05-09T03:57:27.773+0000] {processor.py:183} INFO - Processing /opt/airflow/dags/newyork_fhv_ingestion.py took 0.153 seconds
[2026-05-09T03:57:58.029+0000] {processor.py:161} INFO - Started process (PID=5165) to work on /opt/airflow/dags/newyork_fhv_ingestion.py
[2026-05-09T03:57:58.030+0000] {processor.py:830} INFO - Processing file /opt/airflow/dags/newyork_fhv_ingestion.py for tasks to queue
[2026-05-09T03:57:58.033+0000] {logging_mixin.py:188} INFO - [2026-05-09T03:57:58.032+0000] {dagbag.py:545} INFO - Filling up the DagBag from /opt/airflow/dags/newyork_fhv_ingestion.py
[2026-05-09T03:57:58.060+0000] {processor.py:840} INFO - DAG(s) 'newyork_fhv_ingestion' retrieved from /opt/airflow/dags/newyork_fhv_ingestion.py
[2026-05-09T03:57:58.082+0000] {logging_mixin.py:188} INFO - [2026-05-09T03:57:58.082+0000] {dag.py:3096} INFO - Sync 1 DAGs
[2026-05-09T03:57:58.239+0000] {logging_mixin.py:188} INFO - [2026-05-09T03:57:58.239+0000] {dag.py:3954} INFO - Setting next_dagrun for newyork_fhv_ingestion to None, run_after=None
[2026-05-09T03:57:58.261+0000] {processor.py:183} INFO - Processing /opt/airflow/dags/newyork_fhv_ingestion.py took 0.240 seconds
[2026-05-09T03:58:29.164+0000] {processor.py:161} INFO - Started process (PID=5176) to work on /opt/airflow/dags/newyork_fhv_ingestion.py
[2026-05-09T03:58:29.167+0000] {processor.py:830} INFO - Processing file /opt/airflow/dags/newyork_fhv_ingestion.py for tasks to queue
[2026-05-09T03:58:29.171+0000] {logging_mixin.py:188} INFO - [2026-05-09T03:58:29.171+0000] {dagbag.py:545} INFO - Filling up the DagBag from /opt/airflow/dags/newyork_fhv_ingestion.py
[2026-05-09T03:58:29.213+0000] {processor.py:840} INFO - DAG(s) 'newyork_fhv_ingestion' retrieved from /opt/airflow/dags/newyork_fhv_ingestion.py
[2026-05-09T03:58:29.243+0000] {logging_mixin.py:188} INFO - [2026-05-09T03:58:29.242+0000] {dag.py:3096} INFO - Sync 1 DAGs
[2026-05-09T03:58:29.260+0000] {logging_mixin.py:188} INFO - [2026-05-09T03:58:29.260+0000] {dag.py:3954} INFO - Setting next_dagrun for newyork_fhv_ingestion to None, run_after=None
[2026-05-09T03:58:29.297+0000] {processor.py:183} INFO - Processing /opt/airflow/dags/newyork_fhv_ingestion.py took 0.143 seconds
[2026-05-09T03:59:00.164+0000] {processor.py:161} INFO - Started process (PID=5187) to work on /opt/airflow/dags/newyork_fhv_ingestion.py
[2026-05-09T03:59:00.165+0000] {processor.py:830} INFO - Processing file /opt/airflow/dags/newyork_fhv_ingestion.py for tasks to queue
[2026-05-09T03:59:00.168+0000] {logging_mixin.py:188} INFO - [2026-05-09T03:59:00.167+0000] {dagbag.py:545} INFO - Filling up the DagBag from /opt/airflow/dags/newyork_fhv_ingestion.py
[2026-05-09T03:59:00.205+0000] {processor.py:840} INFO - DAG(s) 'newyork_fhv_ingestion' retrieved from /opt/airflow/dags/newyork_fhv_ingestion.py
[2026-05-09T03:59:00.230+0000] {logging_mixin.py:188} INFO - [2026-05-09T03:59:00.230+0000] {dag.py:3096} INFO - Sync 1 DAGs
[2026-05-09T03:59:00.244+0000] {logging_mixin.py:188} INFO - [2026-05-09T03:59:00.244+0000] {dag.py:3954} INFO - Setting next_dagrun for newyork_fhv_ingestion to None, run_after=None
[2026-05-09T03:59:00.268+0000] {processor.py:183} INFO - Processing /opt/airflow/dags/newyork_fhv_ingestion.py took 0.111 seconds
[2026-05-09T03:59:30.379+0000] {processor.py:161} INFO - Started process (PID=5198) to work on /opt/airflow/dags/newyork_fhv_ingestion.py
[2026-05-09T03:59:30.381+0000] {processor.py:830} INFO - Processing file /opt/airflow/dags/newyork_fhv_ingestion.py for tasks to queue
[2026-05-09T03:59:30.385+0000] {logging_mixin.py:188} INFO - [2026-05-09T03:59:30.384+0000] {dagbag.py:545} INFO - Filling up the DagBag from /opt/airflow/dags/newyork_fhv_ingestion.py
[2026-05-09T03:59:30.423+0000] {processor.py:840} INFO - DAG(s) 'newyork_fhv_ingestion' retrieved from /opt/airflow/dags/newyork_fhv_ingestion.py
[2026-05-09T03:59:30.589+0000] {logging_mixin.py:188} INFO - [2026-05-09T03:59:30.589+0000] {dag.py:3096} INFO - Sync 1 DAGs
[2026-05-09T03:59:30.602+0000] {logging_mixin.py:188} INFO - [2026-05-09T03:59:30.602+0000] {dag.py:3954} INFO - Setting next_dagrun for newyork_fhv_ingestion to None, run_after=None
[2026-05-09T03:59:30.626+0000] {processor.py:183} INFO - Processing /opt/airflow/dags/newyork_fhv_ingestion.py took 0.258 seconds
[2026-05-09T04:00:01.180+0000] {processor.py:161} INFO - Started process (PID=5216) to work on /opt/airflow/dags/newyork_fhv_ingestion.py
[2026-05-09T04:00:01.183+0000] {processor.py:830} INFO - Processing file /opt/airflow/dags/newyork_fhv_ingestion.py for tasks to queue
[2026-05-09T04:00:01.187+0000] {logging_mixin.py:188} INFO - [2026-05-09T04:00:01.187+0000] {dagbag.py:545} INFO - Filling up the DagBag from /opt/airflow/dags/newyork_fhv_ingestion.py
[2026-05-09T04:00:01.226+0000] {processor.py:840} INFO - DAG(s) 'newyork_fhv_ingestion' retrieved from /opt/airflow/dags/newyork_fhv_ingestion.py
[2026-05-09T04:00:01.252+0000] {logging_mixin.py:188} INFO - [2026-05-09T04:00:01.252+0000] {dag.py:3096} INFO - Sync 1 DAGs
[2026-05-09T04:00:01.268+0000] {logging_mixin.py:188} INFO - [2026-05-09T04:00:01.268+0000] {dag.py:3954} INFO - Setting next_dagrun for newyork_fhv_ingestion to None, run_after=None
[2026-05-09T04:00:01.299+0000] {processor.py:183} INFO - Processing /opt/airflow/dags/newyork_fhv_ingestion.py took 0.132 seconds
[2026-05-09T04:00:31.899+0000] {processor.py:161} INFO - Started process (PID=5227) to work on /opt/airflow/dags/newyork_fhv_ingestion.py
[2026-05-09T04:00:31.901+0000] {processor.py:830} INFO - Processing file /opt/airflow/dags/newyork_fhv_ingestion.py for tasks to queue
[2026-05-09T04:00:31.904+0000] {logging_mixin.py:188} INFO - [2026-05-09T04:00:31.903+0000] {dagbag.py:545} INFO - Filling up the DagBag from /opt/airflow/dags/newyork_fhv_ingestion.py
[2026-05-09T04:00:31.934+0000] {processor.py:840} INFO - DAG(s) 'newyork_fhv_ingestion' retrieved from /opt/airflow/dags/newyork_fhv_ingestion.py
[2026-05-09T04:00:31.961+0000] {logging_mixin.py:188} INFO - [2026-05-09T04:00:31.961+0000] {dag.py:3096} INFO - Sync 1 DAGs
[2026-05-09T04:00:31.975+0000] {logging_mixin.py:188} INFO - [2026-05-09T04:00:31.975+0000] {dag.py:3954} INFO - Setting next_dagrun for newyork_fhv_ingestion to None, run_after=None
[2026-05-09T04:00:32.149+0000] {processor.py:183} INFO - Processing /opt/airflow/dags/newyork_fhv_ingestion.py took 0.257 seconds
[2026-05-09T04:01:02.283+0000] {processor.py:161} INFO - Started process (PID=5238) to work on /opt/airflow/dags/newyork_fhv_ingestion.py
[2026-05-09T04:01:02.284+0000] {processor.py:830} INFO - Processing file /opt/airflow/dags/newyork_fhv_ingestion.py for tasks to queue
[2026-05-09T04:01:02.286+0000] {logging_mixin.py:188} INFO - [2026-05-09T04:01:02.286+0000] {dagbag.py:545} INFO - Filling up the DagBag from /opt/airflow/dags/newyork_fhv_ingestion.py
[2026-05-09T04:01:02.305+0000] {processor.py:840} INFO - DAG(s) 'newyork_fhv_ingestion' retrieved from /opt/airflow/dags/newyork_fhv_ingestion.py
[2026-05-09T04:01:02.471+0000] {logging_mixin.py:188} INFO - [2026-05-09T04:01:02.471+0000] {dag.py:3096} INFO - Sync 1 DAGs
[2026-05-09T04:01:02.491+0000] {logging_mixin.py:188} INFO - [2026-05-09T04:01:02.491+0000] {dag.py:3954} INFO - Setting next_dagrun for newyork_fhv_ingestion to None, run_after=None
[2026-05-09T04:01:02.521+0000] {processor.py:183} INFO - Processing /opt/airflow/dags/newyork_fhv_ingestion.py took 0.246 seconds
[2026-05-09T04:01:32.848+0000] {processor.py:161} INFO - Started process (PID=5249) to work on /opt/airflow/dags/newyork_fhv_ingestion.py
[2026-05-09T04:01:32.851+0000] {processor.py:830} INFO - Processing file /opt/airflow/dags/newyork_fhv_ingestion.py for tasks to queue
[2026-05-09T04:01:32.855+0000] {logging_mixin.py:188} INFO - [2026-05-09T04:01:32.854+0000] {dagbag.py:545} INFO - Filling up the DagBag from /opt/airflow/dags/newyork_fhv_ingestion.py
[2026-05-09T04:01:32.900+0000] {processor.py:840} INFO - DAG(s) 'newyork_fhv_ingestion' retrieved from /opt/airflow/dags/newyork_fhv_ingestion.py
[2026-05-09T04:01:32.937+0000] {logging_mixin.py:188} INFO - [2026-05-09T04:01:32.937+0000] {dag.py:3096} INFO - Sync 1 DAGs
[2026-05-09T04:01:32.957+0000] {logging_mixin.py:188} INFO - [2026-05-09T04:01:32.956+0000] {dag.py:3954} INFO - Setting next_dagrun for newyork_fhv_ingestion to None, run_after=None
[2026-05-09T04:01:32.997+0000] {processor.py:183} INFO - Processing /opt/airflow/dags/newyork_fhv_ingestion.py took 0.160 seconds
[2026-05-09T04:02:03.315+0000] {processor.py:161} INFO - Started process (PID=5260) to work on /opt/airflow/dags/newyork_fhv_ingestion.py
[2026-05-09T04:02:03.317+0000] {processor.py:830} INFO - Processing file /opt/airflow/dags/newyork_fhv_ingestion.py for tasks to queue
[2026-05-09T04:02:03.320+0000] {logging_mixin.py:188} INFO - [2026-05-09T04:02:03.319+0000] {dagbag.py:545} INFO - Filling up the DagBag from /opt/airflow/dags/newyork_fhv_ingestion.py
[2026-05-09T04:02:03.352+0000] {processor.py:840} INFO - DAG(s) 'newyork_fhv_ingestion' retrieved from /opt/airflow/dags/newyork_fhv_ingestion.py
[2026-05-09T04:02:03.388+0000] {logging_mixin.py:188} INFO - [2026-05-09T04:02:03.388+0000] {dag.py:3096} INFO - Sync 1 DAGs
[2026-05-09T04:02:03.407+0000] {logging_mixin.py:188} INFO - [2026-05-09T04:02:03.407+0000] {dag.py:3954} INFO - Setting next_dagrun for newyork_fhv_ingestion to None, run_after=None
[2026-05-09T04:02:03.592+0000] {processor.py:183} INFO - Processing /opt/airflow/dags/newyork_fhv_ingestion.py took 0.289 seconds
[2026-05-09T04:02:33.692+0000] {processor.py:161} INFO - Started process (PID=5271) to work on /opt/airflow/dags/newyork_fhv_ingestion.py
[2026-05-09T04:02:33.693+0000] {processor.py:830} INFO - Processing file /opt/airflow/dags/newyork_fhv_ingestion.py for tasks to queue
[2026-05-09T04:02:33.696+0000] {logging_mixin.py:188} INFO - [2026-05-09T04:02:33.695+0000] {dagbag.py:545} INFO - Filling up the DagBag from /opt/airflow/dags/newyork_fhv_ingestion.py
[2026-05-09T04:02:33.720+0000] {processor.py:840} INFO - DAG(s) 'newyork_fhv_ingestion' retrieved from /opt/airflow/dags/newyork_fhv_ingestion.py
[2026-05-09T04:02:33.883+0000] {logging_mixin.py:188} INFO - [2026-05-09T04:02:33.882+0000] {dag.py:3096} INFO - Sync 1 DAGs
[2026-05-09T04:02:33.895+0000] {logging_mixin.py:188} INFO - [2026-05-09T04:02:33.894+0000] {dag.py:3954} INFO - Setting next_dagrun for newyork_fhv_ingestion to None, run_after=None
[2026-05-09T04:02:33.920+0000] {processor.py:183} INFO - Processing /opt/airflow/dags/newyork_fhv_ingestion.py took 0.235 seconds
[2026-05-09T04:03:04.066+0000] {processor.py:161} INFO - Started process (PID=5282) to work on /opt/airflow/dags/newyork_fhv_ingestion.py
[2026-05-09T04:03:04.067+0000] {processor.py:830} INFO - Processing file /opt/airflow/dags/newyork_fhv_ingestion.py for tasks to queue
[2026-05-09T04:03:04.072+0000] {logging_mixin.py:188} INFO - [2026-05-09T04:03:04.071+0000] {dagbag.py:545} INFO - Filling up the DagBag from /opt/airflow/dags/newyork_fhv_ingestion.py
[2026-05-09T04:03:04.108+0000] {processor.py:840} INFO - DAG(s) 'newyork_fhv_ingestion' retrieved from /opt/airflow/dags/newyork_fhv_ingestion.py
[2026-05-09T04:03:04.131+0000] {logging_mixin.py:188} INFO - [2026-05-09T04:03:04.131+0000] {dag.py:3096} INFO - Sync 1 DAGs
[2026-05-09T04:03:04.149+0000] {logging_mixin.py:188} INFO - [2026-05-09T04:03:04.149+0000] {dag.py:3954} INFO - Setting next_dagrun for newyork_fhv_ingestion to None, run_after=None
[2026-05-09T04:03:04.178+0000] {processor.py:183} INFO - Processing /opt/airflow/dags/newyork_fhv_ingestion.py took 0.123 seconds
[2026-05-09T04:03:34.976+0000] {processor.py:161} INFO - Started process (PID=5293) to work on /opt/airflow/dags/newyork_fhv_ingestion.py
[2026-05-09T04:03:34.977+0000] {processor.py:830} INFO - Processing file /opt/airflow/dags/newyork_fhv_ingestion.py for tasks to queue
[2026-05-09T04:03:34.981+0000] {logging_mixin.py:188} INFO - [2026-05-09T04:03:34.980+0000] {dagbag.py:545} INFO - Filling up the DagBag from /opt/airflow/dags/newyork_fhv_ingestion.py
[2026-05-09T04:03:35.024+0000] {processor.py:840} INFO - DAG(s) 'newyork_fhv_ingestion' retrieved from /opt/airflow/dags/newyork_fhv_ingestion.py
[2026-05-09T04:03:35.053+0000] {logging_mixin.py:188} INFO - [2026-05-09T04:03:35.053+0000] {dag.py:3096} INFO - Sync 1 DAGs
[2026-05-09T04:03:35.068+0000] {logging_mixin.py:188} INFO - [2026-05-09T04:03:35.068+0000] {dag.py:3954} INFO - Setting next_dagrun for newyork_fhv_ingestion to None, run_after=None
[2026-05-09T04:03:35.097+0000] {processor.py:183} INFO - Processing /opt/airflow/dags/newyork_fhv_ingestion.py took 0.131 seconds
[2026-05-09T04:04:06.004+0000] {processor.py:161} INFO - Started process (PID=5304) to work on /opt/airflow/dags/newyork_fhv_ingestion.py
[2026-05-09T04:04:06.005+0000] {processor.py:830} INFO - Processing file /opt/airflow/dags/newyork_fhv_ingestion.py for tasks to queue
[2026-05-09T04:04:06.008+0000] {logging_mixin.py:188} INFO - [2026-05-09T04:04:06.007+0000] {dagbag.py:545} INFO - Filling up the DagBag from /opt/airflow/dags/newyork_fhv_ingestion.py
[2026-05-09T04:04:06.036+0000] {processor.py:840} INFO - DAG(s) 'newyork_fhv_ingestion' retrieved from /opt/airflow/dags/newyork_fhv_ingestion.py
[2026-05-09T04:04:06.057+0000] {logging_mixin.py:188} INFO - [2026-05-09T04:04:06.057+0000] {dag.py:3096} INFO - Sync 1 DAGs
[2026-05-09T04:04:06.070+0000] {logging_mixin.py:188} INFO - [2026-05-09T04:04:06.070+0000] {dag.py:3954} INFO - Setting next_dagrun for newyork_fhv_ingestion to None, run_after=None
[2026-05-09T04:04:06.091+0000] {processor.py:183} INFO - Processing /opt/airflow/dags/newyork_fhv_ingestion.py took 0.094 seconds
[2026-05-09T04:04:37.023+0000] {processor.py:161} INFO - Started process (PID=5315) to work on /opt/airflow/dags/newyork_fhv_ingestion.py
[2026-05-09T04:04:37.025+0000] {processor.py:830} INFO - Processing file /opt/airflow/dags/newyork_fhv_ingestion.py for tasks to queue
[2026-05-09T04:04:37.027+0000] {logging_mixin.py:188} INFO - [2026-05-09T04:04:37.027+0000] {dagbag.py:545} INFO - Filling up the DagBag from /opt/airflow/dags/newyork_fhv_ingestion.py
[2026-05-09T04:04:37.057+0000] {processor.py:840} INFO - DAG(s) 'newyork_fhv_ingestion' retrieved from /opt/airflow/dags/newyork_fhv_ingestion.py
[2026-05-09T04:04:37.080+0000] {logging_mixin.py:188} INFO - [2026-05-09T04:04:37.079+0000] {dag.py:3096} INFO - Sync 1 DAGs
[2026-05-09T04:04:37.094+0000] {logging_mixin.py:188} INFO - [2026-05-09T04:04:37.094+0000] {dag.py:3954} INFO - Setting next_dagrun for newyork_fhv_ingestion to None, run_after=None
[2026-05-09T04:04:37.120+0000] {processor.py:183} INFO - Processing /opt/airflow/dags/newyork_fhv_ingestion.py took 0.107 seconds
[2026-05-09T04:05:08.275+0000] {processor.py:161} INFO - Started process (PID=5326) to work on /opt/airflow/dags/newyork_fhv_ingestion.py
[2026-05-09T04:05:08.277+0000] {processor.py:830} INFO - Processing file /opt/airflow/dags/newyork_fhv_ingestion.py for tasks to queue
[2026-05-09T04:05:08.289+0000] {logging_mixin.py:188} INFO - [2026-05-09T04:05:08.288+0000] {dagbag.py:545} INFO - Filling up the DagBag from /opt/airflow/dags/newyork_fhv_ingestion.py
[2026-05-09T04:05:08.339+0000] {processor.py:840} INFO - DAG(s) 'newyork_fhv_ingestion' retrieved from /opt/airflow/dags/newyork_fhv_ingestion.py
[2026-05-09T04:05:08.375+0000] {logging_mixin.py:188} INFO - [2026-05-09T04:05:08.375+0000] {dag.py:3096} INFO - Sync 1 DAGs
[2026-05-09T04:05:08.399+0000] {logging_mixin.py:188} INFO - [2026-05-09T04:05:08.398+0000] {dag.py:3954} INFO - Setting next_dagrun for newyork_fhv_ingestion to None, run_after=None
[2026-05-09T04:05:08.439+0000] {processor.py:183} INFO - Processing /opt/airflow/dags/newyork_fhv_ingestion.py took 0.172 seconds
[2026-05-09T04:05:39.433+0000] {processor.py:161} INFO - Started process (PID=5337) to work on /opt/airflow/dags/newyork_fhv_ingestion.py
[2026-05-09T04:05:39.436+0000] {processor.py:830} INFO - Processing file /opt/airflow/dags/newyork_fhv_ingestion.py for tasks to queue
[2026-05-09T04:05:39.441+0000] {logging_mixin.py:188} INFO - [2026-05-09T04:05:39.440+0000] {dagbag.py:545} INFO - Filling up the DagBag from /opt/airflow/dags/newyork_fhv_ingestion.py
[2026-05-09T04:05:39.482+0000] {processor.py:840} INFO - DAG(s) 'newyork_fhv_ingestion' retrieved from /opt/airflow/dags/newyork_fhv_ingestion.py
[2026-05-09T04:05:39.506+0000] {logging_mixin.py:188} INFO - [2026-05-09T04:05:39.505+0000] {dag.py:3096} INFO - Sync 1 DAGs
[2026-05-09T04:05:39.520+0000] {logging_mixin.py:188} INFO - [2026-05-09T04:05:39.520+0000] {dag.py:3954} INFO - Setting next_dagrun for newyork_fhv_ingestion to None, run_after=None
[2026-05-09T04:05:39.545+0000] {processor.py:183} INFO - Processing /opt/airflow/dags/newyork_fhv_ingestion.py took 0.125 seconds
[2026-05-09T04:06:10.385+0000] {processor.py:161} INFO - Started process (PID=5348) to work on /opt/airflow/dags/newyork_fhv_ingestion.py
[2026-05-09T04:06:10.387+0000] {processor.py:830} INFO - Processing file /opt/airflow/dags/newyork_fhv_ingestion.py for tasks to queue
[2026-05-09T04:06:10.389+0000] {logging_mixin.py:188} INFO - [2026-05-09T04:06:10.389+0000] {dagbag.py:545} INFO - Filling up the DagBag from /opt/airflow/dags/newyork_fhv_ingestion.py
[2026-05-09T04:06:10.428+0000] {processor.py:840} INFO - DAG(s) 'newyork_fhv_ingestion' retrieved from /opt/airflow/dags/newyork_fhv_ingestion.py
[2026-05-09T04:06:10.454+0000] {logging_mixin.py:188} INFO - [2026-05-09T04:06:10.453+0000] {dag.py:3096} INFO - Sync 1 DAGs
[2026-05-09T04:06:10.468+0000] {logging_mixin.py:188} INFO - [2026-05-09T04:06:10.468+0000] {dag.py:3954} INFO - Setting next_dagrun for newyork_fhv_ingestion to None, run_after=None
[2026-05-09T04:06:10.490+0000] {processor.py:183} INFO - Processing /opt/airflow/dags/newyork_fhv_ingestion.py took 0.112 seconds
[2026-05-09T04:06:41.459+0000] {processor.py:161} INFO - Started process (PID=5359) to work on /opt/airflow/dags/newyork_fhv_ingestion.py
[2026-05-09T04:06:41.460+0000] {processor.py:830} INFO - Processing file /opt/airflow/dags/newyork_fhv_ingestion.py for tasks to queue
[2026-05-09T04:06:41.463+0000] {logging_mixin.py:188} INFO - [2026-05-09T04:06:41.462+0000] {dagbag.py:545} INFO - Filling up the DagBag from /opt/airflow/dags/newyork_fhv_ingestion.py
[2026-05-09T04:06:41.503+0000] {processor.py:840} INFO - DAG(s) 'newyork_fhv_ingestion' retrieved from /opt/airflow/dags/newyork_fhv_ingestion.py
[2026-05-09T04:06:41.527+0000] {logging_mixin.py:188} INFO - [2026-05-09T04:06:41.527+0000] {dag.py:3096} INFO - Sync 1 DAGs
[2026-05-09T04:06:41.542+0000] {logging_mixin.py:188} INFO - [2026-05-09T04:06:41.542+0000] {dag.py:3954} INFO - Setting next_dagrun for newyork_fhv_ingestion to None, run_after=None
[2026-05-09T04:06:41.593+0000] {processor.py:183} INFO - Processing /opt/airflow/dags/newyork_fhv_ingestion.py took 0.142 seconds
[2026-05-09T04:07:12.300+0000] {processor.py:161} INFO - Started process (PID=5370) to work on /opt/airflow/dags/newyork_fhv_ingestion.py
[2026-05-09T04:07:12.301+0000] {processor.py:830} INFO - Processing file /opt/airflow/dags/newyork_fhv_ingestion.py for tasks to queue
[2026-05-09T04:07:12.304+0000] {logging_mixin.py:188} INFO - [2026-05-09T04:07:12.304+0000] {dagbag.py:545} INFO - Filling up the DagBag from /opt/airflow/dags/newyork_fhv_ingestion.py
[2026-05-09T04:07:12.349+0000] {processor.py:840} INFO - DAG(s) 'newyork_fhv_ingestion' retrieved from /opt/airflow/dags/newyork_fhv_ingestion.py
[2026-05-09T04:07:12.386+0000] {logging_mixin.py:188} INFO - [2026-05-09T04:07:12.385+0000] {dag.py:3096} INFO - Sync 1 DAGs
[2026-05-09T04:07:12.403+0000] {logging_mixin.py:188} INFO - [2026-05-09T04:07:12.402+0000] {dag.py:3954} INFO - Setting next_dagrun for newyork_fhv_ingestion to None, run_after=None
[2026-05-09T04:07:12.434+0000] {processor.py:183} INFO - Processing /opt/airflow/dags/newyork_fhv_ingestion.py took 0.141 seconds
[2026-05-09T04:07:43.341+0000] {processor.py:161} INFO - Started process (PID=5381) to work on /opt/airflow/dags/newyork_fhv_ingestion.py
[2026-05-09T04:07:43.343+0000] {processor.py:830} INFO - Processing file /opt/airflow/dags/newyork_fhv_ingestion.py for tasks to queue
[2026-05-09T04:07:43.347+0000] {logging_mixin.py:188} INFO - [2026-05-09T04:07:43.347+0000] {dagbag.py:545} INFO - Filling up the DagBag from /opt/airflow/dags/newyork_fhv_ingestion.py
[2026-05-09T04:07:43.389+0000] {processor.py:840} INFO - DAG(s) 'newyork_fhv_ingestion' retrieved from /opt/airflow/dags/newyork_fhv_ingestion.py
[2026-05-09T04:07:43.426+0000] {logging_mixin.py:188} INFO - [2026-05-09T04:07:43.425+0000] {dag.py:3096} INFO - Sync 1 DAGs
[2026-05-09T04:07:43.441+0000] {logging_mixin.py:188} INFO - [2026-05-09T04:07:43.441+0000] {dag.py:3954} INFO - Setting next_dagrun for newyork_fhv_ingestion to None, run_after=None
[2026-05-09T04:07:43.469+0000] {processor.py:183} INFO - Processing /opt/airflow/dags/newyork_fhv_ingestion.py took 0.136 seconds
[2026-05-09T04:08:14.259+0000] {processor.py:161} INFO - Started process (PID=5392) to work on /opt/airflow/dags/newyork_fhv_ingestion.py
[2026-05-09T04:08:14.261+0000] {processor.py:830} INFO - Processing file /opt/airflow/dags/newyork_fhv_ingestion.py for tasks to queue
[2026-05-09T04:08:14.264+0000] {logging_mixin.py:188} INFO - [2026-05-09T04:08:14.263+0000] {dagbag.py:545} INFO - Filling up the DagBag from /opt/airflow/dags/newyork_fhv_ingestion.py
[2026-05-09T04:08:14.293+0000] {processor.py:840} INFO - DAG(s) 'newyork_fhv_ingestion' retrieved from /opt/airflow/dags/newyork_fhv_ingestion.py
[2026-05-09T04:08:14.321+0000] {logging_mixin.py:188} INFO - [2026-05-09T04:08:14.321+0000] {dag.py:3096} INFO - Sync 1 DAGs
[2026-05-09T04:08:14.337+0000] {logging_mixin.py:188} INFO - [2026-05-09T04:08:14.337+0000] {dag.py:3954} INFO - Setting next_dagrun for newyork_fhv_ingestion to None, run_after=None
[2026-05-09T04:08:14.360+0000] {processor.py:183} INFO - Processing /opt/airflow/dags/newyork_fhv_ingestion.py took 0.109 seconds
[2026-05-09T04:08:45.590+0000] {processor.py:161} INFO - Started process (PID=5403) to work on /opt/airflow/dags/newyork_fhv_ingestion.py
[2026-05-09T04:08:45.592+0000] {processor.py:830} INFO - Processing file /opt/airflow/dags/newyork_fhv_ingestion.py for tasks to queue
[2026-05-09T04:08:45.595+0000] {logging_mixin.py:188} INFO - [2026-05-09T04:08:45.594+0000] {dagbag.py:545} INFO - Filling up the DagBag from /opt/airflow/dags/newyork_fhv_ingestion.py
[2026-05-09T04:08:45.641+0000] {processor.py:840} INFO - DAG(s) 'newyork_fhv_ingestion' retrieved from /opt/airflow/dags/newyork_fhv_ingestion.py
[2026-05-09T04:08:45.672+0000] {logging_mixin.py:188} INFO - [2026-05-09T04:08:45.671+0000] {dag.py:3096} INFO - Sync 1 DAGs
[2026-05-09T04:08:45.689+0000] {logging_mixin.py:188} INFO - [2026-05-09T04:08:45.688+0000] {dag.py:3954} INFO - Setting next_dagrun for newyork_fhv_ingestion to None, run_after=None
[2026-05-09T04:08:45.739+0000] {processor.py:183} INFO - Processing /opt/airflow/dags/newyork_fhv_ingestion.py took 0.159 seconds
[2026-05-09T04:09:16.319+0000] {processor.py:161} INFO - Started process (PID=5414) to work on /opt/airflow/dags/newyork_fhv_ingestion.py
[2026-05-09T04:09:16.322+0000] {processor.py:830} INFO - Processing file /opt/airflow/dags/newyork_fhv_ingestion.py for tasks to queue
[2026-05-09T04:09:16.326+0000] {logging_mixin.py:188} INFO - [2026-05-09T04:09:16.325+0000] {dagbag.py:545} INFO - Filling up the DagBag from /opt/airflow/dags/newyork_fhv_ingestion.py
[2026-05-09T04:09:16.393+0000] {processor.py:840} INFO - DAG(s) 'newyork_fhv_ingestion' retrieved from /opt/airflow/dags/newyork_fhv_ingestion.py
[2026-05-09T04:09:16.431+0000] {logging_mixin.py:188} INFO - [2026-05-09T04:09:16.431+0000] {dag.py:3096} INFO - Sync 1 DAGs
[2026-05-09T04:09:16.449+0000] {logging_mixin.py:188} INFO - [2026-05-09T04:09:16.449+0000] {dag.py:3954} INFO - Setting next_dagrun for newyork_fhv_ingestion to None, run_after=None
[2026-05-09T04:09:16.510+0000] {processor.py:183} INFO - Processing /opt/airflow/dags/newyork_fhv_ingestion.py took 0.204 seconds
[2026-05-09T04:25:29.281+0000] {processor.py:161} INFO - Started process (PID=5425) to work on /opt/airflow/dags/newyork_fhv_ingestion.py
[2026-05-09T04:25:29.285+0000] {processor.py:830} INFO - Processing file /opt/airflow/dags/newyork_fhv_ingestion.py for tasks to queue
[2026-05-09T04:25:29.289+0000] {logging_mixin.py:188} INFO - [2026-05-09T04:25:29.288+0000] {dagbag.py:545} INFO - Filling up the DagBag from /opt/airflow/dags/newyork_fhv_ingestion.py
[2026-05-09T04:25:29.358+0000] {processor.py:840} INFO - DAG(s) 'newyork_fhv_ingestion' retrieved from /opt/airflow/dags/newyork_fhv_ingestion.py
[2026-05-09T04:25:29.389+0000] {logging_mixin.py:188} INFO - [2026-05-09T04:25:29.388+0000] {dag.py:3096} INFO - Sync 1 DAGs
[2026-05-09T04:25:29.408+0000] {logging_mixin.py:188} INFO - [2026-05-09T04:25:29.407+0000] {dag.py:3954} INFO - Setting next_dagrun for newyork_fhv_ingestion to None, run_after=None
[2026-05-09T04:25:29.444+0000] {processor.py:183} INFO - Processing /opt/airflow/dags/newyork_fhv_ingestion.py took 0.171 seconds
[2026-05-09T04:25:59.667+0000] {processor.py:161} INFO - Started process (PID=5436) to work on /opt/airflow/dags/newyork_fhv_ingestion.py
[2026-05-09T04:25:59.668+0000] {processor.py:830} INFO - Processing file /opt/airflow/dags/newyork_fhv_ingestion.py for tasks to queue
[2026-05-09T04:25:59.670+0000] {logging_mixin.py:188} INFO - [2026-05-09T04:25:59.669+0000] {dagbag.py:545} INFO - Filling up the DagBag from /opt/airflow/dags/newyork_fhv_ingestion.py
[2026-05-09T04:25:59.689+0000] {processor.py:840} INFO - DAG(s) 'newyork_fhv_ingestion' retrieved from /opt/airflow/dags/newyork_fhv_ingestion.py
[2026-05-09T04:25:59.705+0000] {logging_mixin.py:188} INFO - [2026-05-09T04:25:59.705+0000] {dag.py:3096} INFO - Sync 1 DAGs
[2026-05-09T04:25:59.715+0000] {logging_mixin.py:188} INFO - [2026-05-09T04:25:59.715+0000] {dag.py:3954} INFO - Setting next_dagrun for newyork_fhv_ingestion to None, run_after=None
[2026-05-09T04:25:59.733+0000] {processor.py:183} INFO - Processing /opt/airflow/dags/newyork_fhv_ingestion.py took 0.071 seconds
[2026-05-09T04:26:30.249+0000] {processor.py:161} INFO - Started process (PID=5447) to work on /opt/airflow/dags/newyork_fhv_ingestion.py
[2026-05-09T04:26:30.250+0000] {processor.py:830} INFO - Processing file /opt/airflow/dags/newyork_fhv_ingestion.py for tasks to queue
[2026-05-09T04:26:30.252+0000] {logging_mixin.py:188} INFO - [2026-05-09T04:26:30.251+0000] {dagbag.py:545} INFO - Filling up the DagBag from /opt/airflow/dags/newyork_fhv_ingestion.py
[2026-05-09T04:26:30.268+0000] {processor.py:840} INFO - DAG(s) 'newyork_fhv_ingestion' retrieved from /opt/airflow/dags/newyork_fhv_ingestion.py
[2026-05-09T04:26:30.286+0000] {logging_mixin.py:188} INFO - [2026-05-09T04:26:30.286+0000] {dag.py:3096} INFO - Sync 1 DAGs
[2026-05-09T04:26:30.297+0000] {logging_mixin.py:188} INFO - [2026-05-09T04:26:30.297+0000] {dag.py:3954} INFO - Setting next_dagrun for newyork_fhv_ingestion to None, run_after=None
[2026-05-09T04:26:30.315+0000] {processor.py:183} INFO - Processing /opt/airflow/dags/newyork_fhv_ingestion.py took 0.072 seconds
[2026-05-09T04:27:00.910+0000] {processor.py:161} INFO - Started process (PID=5458) to work on /opt/airflow/dags/newyork_fhv_ingestion.py
[2026-05-09T04:27:00.911+0000] {processor.py:830} INFO - Processing file /opt/airflow/dags/newyork_fhv_ingestion.py for tasks to queue
[2026-05-09T04:27:00.914+0000] {logging_mixin.py:188} INFO - [2026-05-09T04:27:00.914+0000] {dagbag.py:545} INFO - Filling up the DagBag from /opt/airflow/dags/newyork_fhv_ingestion.py
[2026-05-09T04:27:00.954+0000] {processor.py:840} INFO - DAG(s) 'newyork_fhv_ingestion' retrieved from /opt/airflow/dags/newyork_fhv_ingestion.py
[2026-05-09T04:27:00.995+0000] {logging_mixin.py:188} INFO - [2026-05-09T04:27:00.995+0000] {dag.py:3096} INFO - Sync 1 DAGs
[2026-05-09T04:27:01.013+0000] {logging_mixin.py:188} INFO - [2026-05-09T04:27:01.013+0000] {dag.py:3954} INFO - Setting next_dagrun for newyork_fhv_ingestion to None, run_after=None
[2026-05-09T04:27:01.037+0000] {processor.py:183} INFO - Processing /opt/airflow/dags/newyork_fhv_ingestion.py took 0.135 seconds
[2026-05-09T04:27:31.969+0000] {processor.py:161} INFO - Started process (PID=5469) to work on /opt/airflow/dags/newyork_fhv_ingestion.py
[2026-05-09T04:27:31.971+0000] {processor.py:830} INFO - Processing file /opt/airflow/dags/newyork_fhv_ingestion.py for tasks to queue
[2026-05-09T04:27:31.975+0000] {logging_mixin.py:188} INFO - [2026-05-09T04:27:31.974+0000] {dagbag.py:545} INFO - Filling up the DagBag from /opt/airflow/dags/newyork_fhv_ingestion.py
[2026-05-09T04:27:32.007+0000] {processor.py:840} INFO - DAG(s) 'newyork_fhv_ingestion' retrieved from /opt/airflow/dags/newyork_fhv_ingestion.py
[2026-05-09T04:27:32.034+0000] {logging_mixin.py:188} INFO - [2026-05-09T04:27:32.034+0000] {dag.py:3096} INFO - Sync 1 DAGs
[2026-05-09T04:27:32.052+0000] {logging_mixin.py:188} INFO - [2026-05-09T04:27:32.052+0000] {dag.py:3954} INFO - Setting next_dagrun for newyork_fhv_ingestion to None, run_after=None
[2026-05-09T04:27:32.082+0000] {processor.py:183} INFO - Processing /opt/airflow/dags/newyork_fhv_ingestion.py took 0.121 seconds
