[2026-05-09T01:04:05.819+0000] {processor.py:161} INFO - Started process (PID=1388) to work on /opt/airflow/dags/newyork_fhv_gold.py
[2026-05-09T01:04:05.836+0000] {processor.py:830} INFO - Processing file /opt/airflow/dags/newyork_fhv_gold.py for tasks to queue
[2026-05-09T01:04:05.846+0000] {logging_mixin.py:188} INFO - [2026-05-09T01:04:05.846+0000] {dagbag.py:545} INFO - Filling up the DagBag from /opt/airflow/dags/newyork_fhv_gold.py
[2026-05-09T01:04:06.560+0000] {processor.py:840} INFO - DAG(s) 'newyork_fhv_gold' retrieved from /opt/airflow/dags/newyork_fhv_gold.py
[2026-05-09T01:04:06.593+0000] {logging_mixin.py:188} INFO - [2026-05-09T01:04:06.593+0000] {dag.py:3096} INFO - Sync 1 DAGs
[2026-05-09T01:04:06.621+0000] {logging_mixin.py:188} INFO - [2026-05-09T01:04:06.621+0000] {dag.py:3954} INFO - Setting next_dagrun for newyork_fhv_gold to None, run_after=None
[2026-05-09T01:04:06.676+0000] {processor.py:183} INFO - Processing /opt/airflow/dags/newyork_fhv_gold.py took 0.864 seconds
[2026-05-09T01:04:37.130+0000] {processor.py:161} INFO - Started process (PID=1399) to work on /opt/airflow/dags/newyork_fhv_gold.py
[2026-05-09T01:04:37.131+0000] {processor.py:830} INFO - Processing file /opt/airflow/dags/newyork_fhv_gold.py for tasks to queue
[2026-05-09T01:04:37.134+0000] {logging_mixin.py:188} INFO - [2026-05-09T01:04:37.134+0000] {dagbag.py:545} INFO - Filling up the DagBag from /opt/airflow/dags/newyork_fhv_gold.py
[2026-05-09T01:04:37.154+0000] {processor.py:840} INFO - DAG(s) 'newyork_fhv_gold' retrieved from /opt/airflow/dags/newyork_fhv_gold.py
[2026-05-09T01:04:37.180+0000] {logging_mixin.py:188} INFO - [2026-05-09T01:04:37.180+0000] {dag.py:3096} INFO - Sync 1 DAGs
[2026-05-09T01:04:37.193+0000] {logging_mixin.py:188} INFO - [2026-05-09T01:04:37.193+0000] {dag.py:3954} INFO - Setting next_dagrun for newyork_fhv_gold to None, run_after=None
[2026-05-09T01:04:37.523+0000] {processor.py:183} INFO - Processing /opt/airflow/dags/newyork_fhv_gold.py took 0.401 seconds
[2026-05-09T01:05:08.140+0000] {processor.py:161} INFO - Started process (PID=1410) to work on /opt/airflow/dags/newyork_fhv_gold.py
[2026-05-09T01:05:08.141+0000] {processor.py:830} INFO - Processing file /opt/airflow/dags/newyork_fhv_gold.py for tasks to queue
[2026-05-09T01:05:08.143+0000] {logging_mixin.py:188} INFO - [2026-05-09T01:05:08.143+0000] {dagbag.py:545} INFO - Filling up the DagBag from /opt/airflow/dags/newyork_fhv_gold.py
[2026-05-09T01:05:08.156+0000] {processor.py:840} INFO - DAG(s) 'newyork_fhv_gold' retrieved from /opt/airflow/dags/newyork_fhv_gold.py
[2026-05-09T01:05:08.177+0000] {logging_mixin.py:188} INFO - [2026-05-09T01:05:08.177+0000] {dag.py:3096} INFO - Sync 1 DAGs
[2026-05-09T01:05:08.188+0000] {logging_mixin.py:188} INFO - [2026-05-09T01:05:08.188+0000] {dag.py:3954} INFO - Setting next_dagrun for newyork_fhv_gold to None, run_after=None
[2026-05-09T01:05:08.739+0000] {processor.py:183} INFO - Processing /opt/airflow/dags/newyork_fhv_gold.py took 0.605 seconds
[2026-05-09T01:05:39.213+0000] {processor.py:161} INFO - Started process (PID=1421) to work on /opt/airflow/dags/newyork_fhv_gold.py
[2026-05-09T01:05:39.215+0000] {processor.py:830} INFO - Processing file /opt/airflow/dags/newyork_fhv_gold.py for tasks to queue
[2026-05-09T01:05:39.217+0000] {logging_mixin.py:188} INFO - [2026-05-09T01:05:39.217+0000] {dagbag.py:545} INFO - Filling up the DagBag from /opt/airflow/dags/newyork_fhv_gold.py
[2026-05-09T01:05:39.255+0000] {processor.py:840} INFO - DAG(s) 'newyork_fhv_gold' retrieved from /opt/airflow/dags/newyork_fhv_gold.py
[2026-05-09T01:05:39.279+0000] {logging_mixin.py:188} INFO - [2026-05-09T01:05:39.279+0000] {dag.py:3096} INFO - Sync 1 DAGs
[2026-05-09T01:05:39.295+0000] {logging_mixin.py:188} INFO - [2026-05-09T01:05:39.294+0000] {dag.py:3954} INFO - Setting next_dagrun for newyork_fhv_gold to None, run_after=None
[2026-05-09T01:05:39.329+0000] {processor.py:183} INFO - Processing /opt/airflow/dags/newyork_fhv_gold.py took 0.125 seconds
[2026-05-09T01:06:09.713+0000] {processor.py:161} INFO - Started process (PID=1432) to work on /opt/airflow/dags/newyork_fhv_gold.py
[2026-05-09T01:06:09.715+0000] {processor.py:830} INFO - Processing file /opt/airflow/dags/newyork_fhv_gold.py for tasks to queue
[2026-05-09T01:06:09.719+0000] {logging_mixin.py:188} INFO - [2026-05-09T01:06:09.719+0000] {dagbag.py:545} INFO - Filling up the DagBag from /opt/airflow/dags/newyork_fhv_gold.py
[2026-05-09T01:06:09.797+0000] {processor.py:840} INFO - DAG(s) 'newyork_fhv_gold' retrieved from /opt/airflow/dags/newyork_fhv_gold.py
[2026-05-09T01:06:09.831+0000] {logging_mixin.py:188} INFO - [2026-05-09T01:06:09.831+0000] {dag.py:3096} INFO - Sync 1 DAGs
[2026-05-09T01:06:09.850+0000] {logging_mixin.py:188} INFO - [2026-05-09T01:06:09.850+0000] {dag.py:3954} INFO - Setting next_dagrun for newyork_fhv_gold to None, run_after=None
[2026-05-09T01:06:09.902+0000] {processor.py:183} INFO - Processing /opt/airflow/dags/newyork_fhv_gold.py took 0.201 seconds
[2026-05-09T01:06:40.872+0000] {processor.py:161} INFO - Started process (PID=1444) to work on /opt/airflow/dags/newyork_fhv_gold.py
[2026-05-09T01:06:40.874+0000] {processor.py:830} INFO - Processing file /opt/airflow/dags/newyork_fhv_gold.py for tasks to queue
[2026-05-09T01:06:40.877+0000] {logging_mixin.py:188} INFO - [2026-05-09T01:06:40.877+0000] {dagbag.py:545} INFO - Filling up the DagBag from /opt/airflow/dags/newyork_fhv_gold.py
[2026-05-09T01:06:40.920+0000] {processor.py:840} INFO - DAG(s) 'newyork_fhv_gold' retrieved from /opt/airflow/dags/newyork_fhv_gold.py
[2026-05-09T01:06:40.948+0000] {logging_mixin.py:188} INFO - [2026-05-09T01:06:40.948+0000] {dag.py:3096} INFO - Sync 1 DAGs
[2026-05-09T01:06:40.966+0000] {logging_mixin.py:188} INFO - [2026-05-09T01:06:40.966+0000] {dag.py:3954} INFO - Setting next_dagrun for newyork_fhv_gold to None, run_after=None
[2026-05-09T01:06:41.009+0000] {processor.py:183} INFO - Processing /opt/airflow/dags/newyork_fhv_gold.py took 0.146 seconds
[2026-05-09T01:07:11.915+0000] {processor.py:161} INFO - Started process (PID=1455) to work on /opt/airflow/dags/newyork_fhv_gold.py
[2026-05-09T01:07:11.917+0000] {processor.py:830} INFO - Processing file /opt/airflow/dags/newyork_fhv_gold.py for tasks to queue
[2026-05-09T01:07:11.922+0000] {logging_mixin.py:188} INFO - [2026-05-09T01:07:11.921+0000] {dagbag.py:545} INFO - Filling up the DagBag from /opt/airflow/dags/newyork_fhv_gold.py
[2026-05-09T01:07:11.954+0000] {processor.py:840} INFO - DAG(s) 'newyork_fhv_gold' retrieved from /opt/airflow/dags/newyork_fhv_gold.py
[2026-05-09T01:07:11.977+0000] {logging_mixin.py:188} INFO - [2026-05-09T01:07:11.977+0000] {dag.py:3096} INFO - Sync 1 DAGs
[2026-05-09T01:07:11.991+0000] {logging_mixin.py:188} INFO - [2026-05-09T01:07:11.991+0000] {dag.py:3954} INFO - Setting next_dagrun for newyork_fhv_gold to None, run_after=None
[2026-05-09T01:07:12.026+0000] {processor.py:183} INFO - Processing /opt/airflow/dags/newyork_fhv_gold.py took 0.126 seconds
[2026-05-09T01:07:42.138+0000] {processor.py:161} INFO - Started process (PID=1466) to work on /opt/airflow/dags/newyork_fhv_gold.py
[2026-05-09T01:07:42.141+0000] {processor.py:830} INFO - Processing file /opt/airflow/dags/newyork_fhv_gold.py for tasks to queue
[2026-05-09T01:07:42.146+0000] {logging_mixin.py:188} INFO - [2026-05-09T01:07:42.145+0000] {dagbag.py:545} INFO - Filling up the DagBag from /opt/airflow/dags/newyork_fhv_gold.py
[2026-05-09T01:07:42.185+0000] {processor.py:840} INFO - DAG(s) 'newyork_fhv_gold' retrieved from /opt/airflow/dags/newyork_fhv_gold.py
[2026-05-09T01:07:42.219+0000] {logging_mixin.py:188} INFO - [2026-05-09T01:07:42.219+0000] {dag.py:3096} INFO - Sync 1 DAGs
[2026-05-09T01:07:42.249+0000] {logging_mixin.py:188} INFO - [2026-05-09T01:07:42.249+0000] {dag.py:3954} INFO - Setting next_dagrun for newyork_fhv_gold to None, run_after=None
[2026-05-09T01:07:42.292+0000] {processor.py:183} INFO - Processing /opt/airflow/dags/newyork_fhv_gold.py took 0.163 seconds
[2026-05-09T01:08:13.192+0000] {processor.py:161} INFO - Started process (PID=1477) to work on /opt/airflow/dags/newyork_fhv_gold.py
[2026-05-09T01:08:13.195+0000] {processor.py:830} INFO - Processing file /opt/airflow/dags/newyork_fhv_gold.py for tasks to queue
[2026-05-09T01:08:13.199+0000] {logging_mixin.py:188} INFO - [2026-05-09T01:08:13.198+0000] {dagbag.py:545} INFO - Filling up the DagBag from /opt/airflow/dags/newyork_fhv_gold.py
[2026-05-09T01:08:13.236+0000] {processor.py:840} INFO - DAG(s) 'newyork_fhv_gold' retrieved from /opt/airflow/dags/newyork_fhv_gold.py
[2026-05-09T01:08:13.263+0000] {logging_mixin.py:188} INFO - [2026-05-09T01:08:13.263+0000] {dag.py:3096} INFO - Sync 1 DAGs
[2026-05-09T01:08:13.277+0000] {logging_mixin.py:188} INFO - [2026-05-09T01:08:13.277+0000] {dag.py:3954} INFO - Setting next_dagrun for newyork_fhv_gold to None, run_after=None
[2026-05-09T01:08:13.305+0000] {processor.py:183} INFO - Processing /opt/airflow/dags/newyork_fhv_gold.py took 0.127 seconds
[2026-05-09T01:08:43.422+0000] {processor.py:161} INFO - Started process (PID=1487) to work on /opt/airflow/dags/newyork_fhv_gold.py
[2026-05-09T01:08:43.424+0000] {processor.py:830} INFO - Processing file /opt/airflow/dags/newyork_fhv_gold.py for tasks to queue
[2026-05-09T01:08:43.428+0000] {logging_mixin.py:188} INFO - [2026-05-09T01:08:43.428+0000] {dagbag.py:545} INFO - Filling up the DagBag from /opt/airflow/dags/newyork_fhv_gold.py
[2026-05-09T01:08:43.483+0000] {processor.py:840} INFO - DAG(s) 'newyork_fhv_gold' retrieved from /opt/airflow/dags/newyork_fhv_gold.py
[2026-05-09T01:08:43.510+0000] {logging_mixin.py:188} INFO - [2026-05-09T01:08:43.509+0000] {dag.py:3096} INFO - Sync 1 DAGs
[2026-05-09T01:08:43.525+0000] {logging_mixin.py:188} INFO - [2026-05-09T01:08:43.525+0000] {dag.py:3954} INFO - Setting next_dagrun for newyork_fhv_gold to None, run_after=None
[2026-05-09T01:08:43.561+0000] {processor.py:183} INFO - Processing /opt/airflow/dags/newyork_fhv_gold.py took 0.151 seconds
[2026-05-09T01:09:13.680+0000] {processor.py:161} INFO - Started process (PID=1498) to work on /opt/airflow/dags/newyork_fhv_gold.py
[2026-05-09T01:09:13.682+0000] {processor.py:830} INFO - Processing file /opt/airflow/dags/newyork_fhv_gold.py for tasks to queue
[2026-05-09T01:09:13.685+0000] {logging_mixin.py:188} INFO - [2026-05-09T01:09:13.685+0000] {dagbag.py:545} INFO - Filling up the DagBag from /opt/airflow/dags/newyork_fhv_gold.py
[2026-05-09T01:09:13.746+0000] {processor.py:840} INFO - DAG(s) 'newyork_fhv_gold' retrieved from /opt/airflow/dags/newyork_fhv_gold.py
[2026-05-09T01:09:13.786+0000] {logging_mixin.py:188} INFO - [2026-05-09T01:09:13.786+0000] {dag.py:3096} INFO - Sync 1 DAGs
[2026-05-09T01:09:13.803+0000] {logging_mixin.py:188} INFO - [2026-05-09T01:09:13.803+0000] {dag.py:3954} INFO - Setting next_dagrun for newyork_fhv_gold to None, run_after=None
[2026-05-09T01:09:13.826+0000] {processor.py:183} INFO - Processing /opt/airflow/dags/newyork_fhv_gold.py took 0.157 seconds
[2026-05-09T01:09:44.751+0000] {processor.py:161} INFO - Started process (PID=1509) to work on /opt/airflow/dags/newyork_fhv_gold.py
[2026-05-09T01:09:44.754+0000] {processor.py:830} INFO - Processing file /opt/airflow/dags/newyork_fhv_gold.py for tasks to queue
[2026-05-09T01:09:44.758+0000] {logging_mixin.py:188} INFO - [2026-05-09T01:09:44.758+0000] {dagbag.py:545} INFO - Filling up the DagBag from /opt/airflow/dags/newyork_fhv_gold.py
[2026-05-09T01:09:44.796+0000] {processor.py:840} INFO - DAG(s) 'newyork_fhv_gold' retrieved from /opt/airflow/dags/newyork_fhv_gold.py
[2026-05-09T01:09:44.829+0000] {logging_mixin.py:188} INFO - [2026-05-09T01:09:44.828+0000] {dag.py:3096} INFO - Sync 1 DAGs
[2026-05-09T01:09:44.849+0000] {logging_mixin.py:188} INFO - [2026-05-09T01:09:44.848+0000] {dag.py:3954} INFO - Setting next_dagrun for newyork_fhv_gold to None, run_after=None
[2026-05-09T01:09:44.882+0000] {processor.py:183} INFO - Processing /opt/airflow/dags/newyork_fhv_gold.py took 0.142 seconds
[2026-05-09T01:10:15.711+0000] {processor.py:161} INFO - Started process (PID=1520) to work on /opt/airflow/dags/newyork_fhv_gold.py
[2026-05-09T01:10:15.712+0000] {processor.py:830} INFO - Processing file /opt/airflow/dags/newyork_fhv_gold.py for tasks to queue
[2026-05-09T01:10:15.717+0000] {logging_mixin.py:188} INFO - [2026-05-09T01:10:15.716+0000] {dagbag.py:545} INFO - Filling up the DagBag from /opt/airflow/dags/newyork_fhv_gold.py
[2026-05-09T01:10:15.752+0000] {processor.py:840} INFO - DAG(s) 'newyork_fhv_gold' retrieved from /opt/airflow/dags/newyork_fhv_gold.py
[2026-05-09T01:10:15.779+0000] {logging_mixin.py:188} INFO - [2026-05-09T01:10:15.778+0000] {dag.py:3096} INFO - Sync 1 DAGs
[2026-05-09T01:10:15.793+0000] {logging_mixin.py:188} INFO - [2026-05-09T01:10:15.792+0000] {dag.py:3954} INFO - Setting next_dagrun for newyork_fhv_gold to None, run_after=None
[2026-05-09T01:10:15.820+0000] {processor.py:183} INFO - Processing /opt/airflow/dags/newyork_fhv_gold.py took 0.117 seconds
[2026-05-09T01:10:46.695+0000] {processor.py:161} INFO - Started process (PID=1531) to work on /opt/airflow/dags/newyork_fhv_gold.py
[2026-05-09T01:10:46.700+0000] {processor.py:830} INFO - Processing file /opt/airflow/dags/newyork_fhv_gold.py for tasks to queue
[2026-05-09T01:10:46.705+0000] {logging_mixin.py:188} INFO - [2026-05-09T01:10:46.704+0000] {dagbag.py:545} INFO - Filling up the DagBag from /opt/airflow/dags/newyork_fhv_gold.py
[2026-05-09T01:10:46.748+0000] {processor.py:840} INFO - DAG(s) 'newyork_fhv_gold' retrieved from /opt/airflow/dags/newyork_fhv_gold.py
[2026-05-09T01:10:46.776+0000] {logging_mixin.py:188} INFO - [2026-05-09T01:10:46.776+0000] {dag.py:3096} INFO - Sync 1 DAGs
[2026-05-09T01:10:46.796+0000] {logging_mixin.py:188} INFO - [2026-05-09T01:10:46.795+0000] {dag.py:3954} INFO - Setting next_dagrun for newyork_fhv_gold to None, run_after=None
[2026-05-09T01:10:46.824+0000] {processor.py:183} INFO - Processing /opt/airflow/dags/newyork_fhv_gold.py took 0.145 seconds
[2026-05-09T01:11:17.614+0000] {processor.py:161} INFO - Started process (PID=1542) to work on /opt/airflow/dags/newyork_fhv_gold.py
[2026-05-09T01:11:17.615+0000] {processor.py:830} INFO - Processing file /opt/airflow/dags/newyork_fhv_gold.py for tasks to queue
[2026-05-09T01:11:17.621+0000] {logging_mixin.py:188} INFO - [2026-05-09T01:11:17.620+0000] {dagbag.py:545} INFO - Filling up the DagBag from /opt/airflow/dags/newyork_fhv_gold.py
[2026-05-09T01:11:17.664+0000] {processor.py:840} INFO - DAG(s) 'newyork_fhv_gold' retrieved from /opt/airflow/dags/newyork_fhv_gold.py
[2026-05-09T01:11:17.699+0000] {logging_mixin.py:188} INFO - [2026-05-09T01:11:17.698+0000] {dag.py:3096} INFO - Sync 1 DAGs
[2026-05-09T01:11:17.717+0000] {logging_mixin.py:188} INFO - [2026-05-09T01:11:17.717+0000] {dag.py:3954} INFO - Setting next_dagrun for newyork_fhv_gold to None, run_after=None
[2026-05-09T01:11:17.751+0000] {processor.py:183} INFO - Processing /opt/airflow/dags/newyork_fhv_gold.py took 0.146 seconds
[2026-05-09T01:11:48.822+0000] {processor.py:161} INFO - Started process (PID=1553) to work on /opt/airflow/dags/newyork_fhv_gold.py
[2026-05-09T01:11:48.825+0000] {processor.py:830} INFO - Processing file /opt/airflow/dags/newyork_fhv_gold.py for tasks to queue
[2026-05-09T01:11:48.828+0000] {logging_mixin.py:188} INFO - [2026-05-09T01:11:48.828+0000] {dagbag.py:545} INFO - Filling up the DagBag from /opt/airflow/dags/newyork_fhv_gold.py
[2026-05-09T01:11:48.873+0000] {processor.py:840} INFO - DAG(s) 'newyork_fhv_gold' retrieved from /opt/airflow/dags/newyork_fhv_gold.py
[2026-05-09T01:11:48.898+0000] {logging_mixin.py:188} INFO - [2026-05-09T01:11:48.898+0000] {dag.py:3096} INFO - Sync 1 DAGs
[2026-05-09T01:11:48.915+0000] {logging_mixin.py:188} INFO - [2026-05-09T01:11:48.914+0000] {dag.py:3954} INFO - Setting next_dagrun for newyork_fhv_gold to None, run_after=None
[2026-05-09T01:11:48.941+0000] {processor.py:183} INFO - Processing /opt/airflow/dags/newyork_fhv_gold.py took 0.130 seconds
[2026-05-09T01:12:19.814+0000] {processor.py:161} INFO - Started process (PID=1564) to work on /opt/airflow/dags/newyork_fhv_gold.py
[2026-05-09T01:12:19.815+0000] {processor.py:830} INFO - Processing file /opt/airflow/dags/newyork_fhv_gold.py for tasks to queue
[2026-05-09T01:12:19.817+0000] {logging_mixin.py:188} INFO - [2026-05-09T01:12:19.817+0000] {dagbag.py:545} INFO - Filling up the DagBag from /opt/airflow/dags/newyork_fhv_gold.py
[2026-05-09T01:12:19.838+0000] {processor.py:840} INFO - DAG(s) 'newyork_fhv_gold' retrieved from /opt/airflow/dags/newyork_fhv_gold.py
[2026-05-09T01:12:19.860+0000] {logging_mixin.py:188} INFO - [2026-05-09T01:12:19.860+0000] {dag.py:3096} INFO - Sync 1 DAGs
[2026-05-09T01:12:19.874+0000] {logging_mixin.py:188} INFO - [2026-05-09T01:12:19.873+0000] {dag.py:3954} INFO - Setting next_dagrun for newyork_fhv_gold to None, run_after=None
[2026-05-09T01:12:19.897+0000] {processor.py:183} INFO - Processing /opt/airflow/dags/newyork_fhv_gold.py took 0.091 seconds
[2026-05-09T01:12:50.495+0000] {processor.py:161} INFO - Started process (PID=1575) to work on /opt/airflow/dags/newyork_fhv_gold.py
[2026-05-09T01:12:50.497+0000] {processor.py:830} INFO - Processing file /opt/airflow/dags/newyork_fhv_gold.py for tasks to queue
[2026-05-09T01:12:50.500+0000] {logging_mixin.py:188} INFO - [2026-05-09T01:12:50.499+0000] {dagbag.py:545} INFO - Filling up the DagBag from /opt/airflow/dags/newyork_fhv_gold.py
[2026-05-09T01:12:50.518+0000] {processor.py:840} INFO - DAG(s) 'newyork_fhv_gold' retrieved from /opt/airflow/dags/newyork_fhv_gold.py
[2026-05-09T01:12:50.539+0000] {logging_mixin.py:188} INFO - [2026-05-09T01:12:50.539+0000] {dag.py:3096} INFO - Sync 1 DAGs
[2026-05-09T01:12:50.554+0000] {logging_mixin.py:188} INFO - [2026-05-09T01:12:50.554+0000] {dag.py:3954} INFO - Setting next_dagrun for newyork_fhv_gold to None, run_after=None
[2026-05-09T01:12:50.577+0000] {processor.py:183} INFO - Processing /opt/airflow/dags/newyork_fhv_gold.py took 0.088 seconds
[2026-05-09T01:13:21.532+0000] {processor.py:161} INFO - Started process (PID=1586) to work on /opt/airflow/dags/newyork_fhv_gold.py
[2026-05-09T01:13:21.534+0000] {processor.py:830} INFO - Processing file /opt/airflow/dags/newyork_fhv_gold.py for tasks to queue
[2026-05-09T01:13:21.538+0000] {logging_mixin.py:188} INFO - [2026-05-09T01:13:21.537+0000] {dagbag.py:545} INFO - Filling up the DagBag from /opt/airflow/dags/newyork_fhv_gold.py
[2026-05-09T01:13:21.585+0000] {processor.py:840} INFO - DAG(s) 'newyork_fhv_gold' retrieved from /opt/airflow/dags/newyork_fhv_gold.py
[2026-05-09T01:13:21.623+0000] {logging_mixin.py:188} INFO - [2026-05-09T01:13:21.622+0000] {dag.py:3096} INFO - Sync 1 DAGs
[2026-05-09T01:13:21.639+0000] {logging_mixin.py:188} INFO - [2026-05-09T01:13:21.639+0000] {dag.py:3954} INFO - Setting next_dagrun for newyork_fhv_gold to None, run_after=None
[2026-05-09T01:13:21.667+0000] {processor.py:183} INFO - Processing /opt/airflow/dags/newyork_fhv_gold.py took 0.143 seconds
[2026-05-09T01:13:52.311+0000] {processor.py:161} INFO - Started process (PID=1597) to work on /opt/airflow/dags/newyork_fhv_gold.py
[2026-05-09T01:13:52.314+0000] {processor.py:830} INFO - Processing file /opt/airflow/dags/newyork_fhv_gold.py for tasks to queue
[2026-05-09T01:13:52.317+0000] {logging_mixin.py:188} INFO - [2026-05-09T01:13:52.316+0000] {dagbag.py:545} INFO - Filling up the DagBag from /opt/airflow/dags/newyork_fhv_gold.py
[2026-05-09T01:13:52.357+0000] {processor.py:840} INFO - DAG(s) 'newyork_fhv_gold' retrieved from /opt/airflow/dags/newyork_fhv_gold.py
[2026-05-09T01:13:52.401+0000] {logging_mixin.py:188} INFO - [2026-05-09T01:13:52.400+0000] {dag.py:3096} INFO - Sync 1 DAGs
[2026-05-09T01:13:52.419+0000] {logging_mixin.py:188} INFO - [2026-05-09T01:13:52.419+0000] {dag.py:3954} INFO - Setting next_dagrun for newyork_fhv_gold to None, run_after=None
[2026-05-09T01:13:52.452+0000] {processor.py:183} INFO - Processing /opt/airflow/dags/newyork_fhv_gold.py took 0.151 seconds
[2026-05-09T01:14:22.552+0000] {processor.py:161} INFO - Started process (PID=1608) to work on /opt/airflow/dags/newyork_fhv_gold.py
[2026-05-09T01:14:22.553+0000] {processor.py:830} INFO - Processing file /opt/airflow/dags/newyork_fhv_gold.py for tasks to queue
[2026-05-09T01:14:22.556+0000] {logging_mixin.py:188} INFO - [2026-05-09T01:14:22.556+0000] {dagbag.py:545} INFO - Filling up the DagBag from /opt/airflow/dags/newyork_fhv_gold.py
[2026-05-09T01:14:22.595+0000] {processor.py:840} INFO - DAG(s) 'newyork_fhv_gold' retrieved from /opt/airflow/dags/newyork_fhv_gold.py
[2026-05-09T01:14:22.631+0000] {logging_mixin.py:188} INFO - [2026-05-09T01:14:22.630+0000] {dag.py:3096} INFO - Sync 1 DAGs
[2026-05-09T01:14:22.660+0000] {logging_mixin.py:188} INFO - [2026-05-09T01:14:22.660+0000] {dag.py:3954} INFO - Setting next_dagrun for newyork_fhv_gold to None, run_after=None
[2026-05-09T01:14:22.707+0000] {processor.py:183} INFO - Processing /opt/airflow/dags/newyork_fhv_gold.py took 0.164 seconds
[2026-05-09T01:14:52.831+0000] {processor.py:161} INFO - Started process (PID=1619) to work on /opt/airflow/dags/newyork_fhv_gold.py
[2026-05-09T01:14:52.832+0000] {processor.py:830} INFO - Processing file /opt/airflow/dags/newyork_fhv_gold.py for tasks to queue
[2026-05-09T01:14:52.835+0000] {logging_mixin.py:188} INFO - [2026-05-09T01:14:52.835+0000] {dagbag.py:545} INFO - Filling up the DagBag from /opt/airflow/dags/newyork_fhv_gold.py
[2026-05-09T01:14:52.867+0000] {processor.py:840} INFO - DAG(s) 'newyork_fhv_gold' retrieved from /opt/airflow/dags/newyork_fhv_gold.py
[2026-05-09T01:14:52.889+0000] {logging_mixin.py:188} INFO - [2026-05-09T01:14:52.889+0000] {dag.py:3096} INFO - Sync 1 DAGs
[2026-05-09T01:14:52.902+0000] {logging_mixin.py:188} INFO - [2026-05-09T01:14:52.901+0000] {dag.py:3954} INFO - Setting next_dagrun for newyork_fhv_gold to None, run_after=None
[2026-05-09T01:14:52.937+0000] {processor.py:183} INFO - Processing /opt/airflow/dags/newyork_fhv_gold.py took 0.114 seconds
[2026-05-09T01:15:23.903+0000] {processor.py:161} INFO - Started process (PID=1630) to work on /opt/airflow/dags/newyork_fhv_gold.py
[2026-05-09T01:15:23.905+0000] {processor.py:830} INFO - Processing file /opt/airflow/dags/newyork_fhv_gold.py for tasks to queue
[2026-05-09T01:15:23.908+0000] {logging_mixin.py:188} INFO - [2026-05-09T01:15:23.907+0000] {dagbag.py:545} INFO - Filling up the DagBag from /opt/airflow/dags/newyork_fhv_gold.py
[2026-05-09T01:15:23.948+0000] {processor.py:840} INFO - DAG(s) 'newyork_fhv_gold' retrieved from /opt/airflow/dags/newyork_fhv_gold.py
[2026-05-09T01:15:23.978+0000] {logging_mixin.py:188} INFO - [2026-05-09T01:15:23.978+0000] {dag.py:3096} INFO - Sync 1 DAGs
[2026-05-09T01:15:23.994+0000] {logging_mixin.py:188} INFO - [2026-05-09T01:15:23.994+0000] {dag.py:3954} INFO - Setting next_dagrun for newyork_fhv_gold to None, run_after=None
[2026-05-09T01:15:24.018+0000] {processor.py:183} INFO - Processing /opt/airflow/dags/newyork_fhv_gold.py took 0.124 seconds
[2026-05-09T01:15:54.797+0000] {processor.py:161} INFO - Started process (PID=1641) to work on /opt/airflow/dags/newyork_fhv_gold.py
[2026-05-09T01:15:54.799+0000] {processor.py:830} INFO - Processing file /opt/airflow/dags/newyork_fhv_gold.py for tasks to queue
[2026-05-09T01:15:54.802+0000] {logging_mixin.py:188} INFO - [2026-05-09T01:15:54.801+0000] {dagbag.py:545} INFO - Filling up the DagBag from /opt/airflow/dags/newyork_fhv_gold.py
[2026-05-09T01:15:54.838+0000] {processor.py:840} INFO - DAG(s) 'newyork_fhv_gold' retrieved from /opt/airflow/dags/newyork_fhv_gold.py
[2026-05-09T01:15:54.862+0000] {logging_mixin.py:188} INFO - [2026-05-09T01:15:54.862+0000] {dag.py:3096} INFO - Sync 1 DAGs
[2026-05-09T01:15:54.876+0000] {logging_mixin.py:188} INFO - [2026-05-09T01:15:54.876+0000] {dag.py:3954} INFO - Setting next_dagrun for newyork_fhv_gold to None, run_after=None
[2026-05-09T01:15:54.904+0000] {processor.py:183} INFO - Processing /opt/airflow/dags/newyork_fhv_gold.py took 0.115 seconds
[2026-05-09T01:16:25.700+0000] {processor.py:161} INFO - Started process (PID=1652) to work on /opt/airflow/dags/newyork_fhv_gold.py
[2026-05-09T01:16:25.703+0000] {processor.py:830} INFO - Processing file /opt/airflow/dags/newyork_fhv_gold.py for tasks to queue
[2026-05-09T01:16:25.707+0000] {logging_mixin.py:188} INFO - [2026-05-09T01:16:25.706+0000] {dagbag.py:545} INFO - Filling up the DagBag from /opt/airflow/dags/newyork_fhv_gold.py
[2026-05-09T01:16:25.761+0000] {processor.py:840} INFO - DAG(s) 'newyork_fhv_gold' retrieved from /opt/airflow/dags/newyork_fhv_gold.py
[2026-05-09T01:16:25.802+0000] {logging_mixin.py:188} INFO - [2026-05-09T01:16:25.802+0000] {dag.py:3096} INFO - Sync 1 DAGs
[2026-05-09T01:16:25.817+0000] {logging_mixin.py:188} INFO - [2026-05-09T01:16:25.816+0000] {dag.py:3954} INFO - Setting next_dagrun for newyork_fhv_gold to None, run_after=None
[2026-05-09T01:16:25.845+0000] {processor.py:183} INFO - Processing /opt/airflow/dags/newyork_fhv_gold.py took 0.154 seconds
[2026-05-09T01:16:56.662+0000] {processor.py:161} INFO - Started process (PID=1663) to work on /opt/airflow/dags/newyork_fhv_gold.py
[2026-05-09T01:16:56.664+0000] {processor.py:830} INFO - Processing file /opt/airflow/dags/newyork_fhv_gold.py for tasks to queue
[2026-05-09T01:16:56.668+0000] {logging_mixin.py:188} INFO - [2026-05-09T01:16:56.667+0000] {dagbag.py:545} INFO - Filling up the DagBag from /opt/airflow/dags/newyork_fhv_gold.py
[2026-05-09T01:16:56.721+0000] {processor.py:840} INFO - DAG(s) 'newyork_fhv_gold' retrieved from /opt/airflow/dags/newyork_fhv_gold.py
[2026-05-09T01:16:56.760+0000] {logging_mixin.py:188} INFO - [2026-05-09T01:16:56.760+0000] {dag.py:3096} INFO - Sync 1 DAGs
[2026-05-09T01:16:56.775+0000] {logging_mixin.py:188} INFO - [2026-05-09T01:16:56.775+0000] {dag.py:3954} INFO - Setting next_dagrun for newyork_fhv_gold to None, run_after=None
[2026-05-09T01:16:56.810+0000] {processor.py:183} INFO - Processing /opt/airflow/dags/newyork_fhv_gold.py took 0.159 seconds
[2026-05-09T01:17:27.494+0000] {processor.py:161} INFO - Started process (PID=1674) to work on /opt/airflow/dags/newyork_fhv_gold.py
[2026-05-09T01:17:27.495+0000] {processor.py:830} INFO - Processing file /opt/airflow/dags/newyork_fhv_gold.py for tasks to queue
[2026-05-09T01:17:27.499+0000] {logging_mixin.py:188} INFO - [2026-05-09T01:17:27.498+0000] {dagbag.py:545} INFO - Filling up the DagBag from /opt/airflow/dags/newyork_fhv_gold.py
[2026-05-09T01:17:27.525+0000] {processor.py:840} INFO - DAG(s) 'newyork_fhv_gold' retrieved from /opt/airflow/dags/newyork_fhv_gold.py
[2026-05-09T01:17:27.552+0000] {logging_mixin.py:188} INFO - [2026-05-09T01:17:27.552+0000] {dag.py:3096} INFO - Sync 1 DAGs
[2026-05-09T01:17:27.567+0000] {logging_mixin.py:188} INFO - [2026-05-09T01:17:27.567+0000] {dag.py:3954} INFO - Setting next_dagrun for newyork_fhv_gold to None, run_after=None
[2026-05-09T01:17:27.593+0000] {processor.py:183} INFO - Processing /opt/airflow/dags/newyork_fhv_gold.py took 0.109 seconds
[2026-05-09T01:17:58.233+0000] {processor.py:161} INFO - Started process (PID=1685) to work on /opt/airflow/dags/newyork_fhv_gold.py
[2026-05-09T01:17:58.235+0000] {processor.py:830} INFO - Processing file /opt/airflow/dags/newyork_fhv_gold.py for tasks to queue
[2026-05-09T01:17:58.239+0000] {logging_mixin.py:188} INFO - [2026-05-09T01:17:58.238+0000] {dagbag.py:545} INFO - Filling up the DagBag from /opt/airflow/dags/newyork_fhv_gold.py
[2026-05-09T01:17:58.276+0000] {processor.py:840} INFO - DAG(s) 'newyork_fhv_gold' retrieved from /opt/airflow/dags/newyork_fhv_gold.py
[2026-05-09T01:17:58.299+0000] {logging_mixin.py:188} INFO - [2026-05-09T01:17:58.299+0000] {dag.py:3096} INFO - Sync 1 DAGs
[2026-05-09T01:17:58.313+0000] {logging_mixin.py:188} INFO - [2026-05-09T01:17:58.313+0000] {dag.py:3954} INFO - Setting next_dagrun for newyork_fhv_gold to None, run_after=None
[2026-05-09T01:17:58.339+0000] {processor.py:183} INFO - Processing /opt/airflow/dags/newyork_fhv_gold.py took 0.112 seconds
[2026-05-09T01:18:28.474+0000] {processor.py:161} INFO - Started process (PID=1696) to work on /opt/airflow/dags/newyork_fhv_gold.py
[2026-05-09T01:18:28.476+0000] {processor.py:830} INFO - Processing file /opt/airflow/dags/newyork_fhv_gold.py for tasks to queue
[2026-05-09T01:18:28.479+0000] {logging_mixin.py:188} INFO - [2026-05-09T01:18:28.478+0000] {dagbag.py:545} INFO - Filling up the DagBag from /opt/airflow/dags/newyork_fhv_gold.py
[2026-05-09T01:18:28.516+0000] {processor.py:840} INFO - DAG(s) 'newyork_fhv_gold' retrieved from /opt/airflow/dags/newyork_fhv_gold.py
[2026-05-09T01:18:28.542+0000] {logging_mixin.py:188} INFO - [2026-05-09T01:18:28.542+0000] {dag.py:3096} INFO - Sync 1 DAGs
[2026-05-09T01:18:28.561+0000] {logging_mixin.py:188} INFO - [2026-05-09T01:18:28.561+0000] {dag.py:3954} INFO - Setting next_dagrun for newyork_fhv_gold to None, run_after=None
[2026-05-09T01:18:28.586+0000] {processor.py:183} INFO - Processing /opt/airflow/dags/newyork_fhv_gold.py took 0.121 seconds
[2026-05-09T01:18:59.121+0000] {processor.py:161} INFO - Started process (PID=1707) to work on /opt/airflow/dags/newyork_fhv_gold.py
[2026-05-09T01:18:59.123+0000] {processor.py:830} INFO - Processing file /opt/airflow/dags/newyork_fhv_gold.py for tasks to queue
[2026-05-09T01:18:59.126+0000] {logging_mixin.py:188} INFO - [2026-05-09T01:18:59.126+0000] {dagbag.py:545} INFO - Filling up the DagBag from /opt/airflow/dags/newyork_fhv_gold.py
[2026-05-09T01:18:59.170+0000] {processor.py:840} INFO - DAG(s) 'newyork_fhv_gold' retrieved from /opt/airflow/dags/newyork_fhv_gold.py
[2026-05-09T01:18:59.195+0000] {logging_mixin.py:188} INFO - [2026-05-09T01:18:59.195+0000] {dag.py:3096} INFO - Sync 1 DAGs
[2026-05-09T01:18:59.208+0000] {logging_mixin.py:188} INFO - [2026-05-09T01:18:59.208+0000] {dag.py:3954} INFO - Setting next_dagrun for newyork_fhv_gold to None, run_after=None
[2026-05-09T01:18:59.233+0000] {processor.py:183} INFO - Processing /opt/airflow/dags/newyork_fhv_gold.py took 0.122 seconds
[2026-05-09T01:19:29.987+0000] {processor.py:161} INFO - Started process (PID=1718) to work on /opt/airflow/dags/newyork_fhv_gold.py
[2026-05-09T01:19:29.990+0000] {processor.py:830} INFO - Processing file /opt/airflow/dags/newyork_fhv_gold.py for tasks to queue
[2026-05-09T01:19:29.996+0000] {logging_mixin.py:188} INFO - [2026-05-09T01:19:29.996+0000] {dagbag.py:545} INFO - Filling up the DagBag from /opt/airflow/dags/newyork_fhv_gold.py
[2026-05-09T01:19:30.069+0000] {processor.py:840} INFO - DAG(s) 'newyork_fhv_gold' retrieved from /opt/airflow/dags/newyork_fhv_gold.py
[2026-05-09T01:19:30.112+0000] {logging_mixin.py:188} INFO - [2026-05-09T01:19:30.112+0000] {dag.py:3096} INFO - Sync 1 DAGs
[2026-05-09T01:19:30.143+0000] {logging_mixin.py:188} INFO - [2026-05-09T01:19:30.142+0000] {dag.py:3954} INFO - Setting next_dagrun for newyork_fhv_gold to None, run_after=None
[2026-05-09T01:19:30.195+0000] {processor.py:183} INFO - Processing /opt/airflow/dags/newyork_fhv_gold.py took 0.221 seconds
[2026-05-09T01:20:00.826+0000] {processor.py:161} INFO - Started process (PID=1736) to work on /opt/airflow/dags/newyork_fhv_gold.py
[2026-05-09T01:20:00.828+0000] {processor.py:830} INFO - Processing file /opt/airflow/dags/newyork_fhv_gold.py for tasks to queue
[2026-05-09T01:20:00.831+0000] {logging_mixin.py:188} INFO - [2026-05-09T01:20:00.831+0000] {dagbag.py:545} INFO - Filling up the DagBag from /opt/airflow/dags/newyork_fhv_gold.py
[2026-05-09T01:20:00.853+0000] {processor.py:840} INFO - DAG(s) 'newyork_fhv_gold' retrieved from /opt/airflow/dags/newyork_fhv_gold.py
[2026-05-09T01:20:00.874+0000] {logging_mixin.py:188} INFO - [2026-05-09T01:20:00.873+0000] {dag.py:3096} INFO - Sync 1 DAGs
[2026-05-09T01:20:00.888+0000] {logging_mixin.py:188} INFO - [2026-05-09T01:20:00.887+0000] {dag.py:3954} INFO - Setting next_dagrun for newyork_fhv_gold to None, run_after=None
[2026-05-09T01:20:00.916+0000] {processor.py:183} INFO - Processing /opt/airflow/dags/newyork_fhv_gold.py took 0.102 seconds
[2026-05-09T01:20:31.074+0000] {processor.py:161} INFO - Started process (PID=1747) to work on /opt/airflow/dags/newyork_fhv_gold.py
[2026-05-09T01:20:31.082+0000] {processor.py:830} INFO - Processing file /opt/airflow/dags/newyork_fhv_gold.py for tasks to queue
[2026-05-09T01:20:31.088+0000] {logging_mixin.py:188} INFO - [2026-05-09T01:20:31.087+0000] {dagbag.py:545} INFO - Filling up the DagBag from /opt/airflow/dags/newyork_fhv_gold.py
[2026-05-09T01:20:31.159+0000] {processor.py:840} INFO - DAG(s) 'newyork_fhv_gold' retrieved from /opt/airflow/dags/newyork_fhv_gold.py
[2026-05-09T01:20:31.187+0000] {logging_mixin.py:188} INFO - [2026-05-09T01:20:31.187+0000] {dag.py:3096} INFO - Sync 1 DAGs
[2026-05-09T01:20:31.201+0000] {logging_mixin.py:188} INFO - [2026-05-09T01:20:31.201+0000] {dag.py:3954} INFO - Setting next_dagrun for newyork_fhv_gold to None, run_after=None
[2026-05-09T01:20:31.226+0000] {processor.py:183} INFO - Processing /opt/airflow/dags/newyork_fhv_gold.py took 0.168 seconds
[2026-05-09T01:21:01.534+0000] {processor.py:161} INFO - Started process (PID=1758) to work on /opt/airflow/dags/newyork_fhv_gold.py
[2026-05-09T01:21:01.537+0000] {processor.py:830} INFO - Processing file /opt/airflow/dags/newyork_fhv_gold.py for tasks to queue
[2026-05-09T01:21:01.542+0000] {logging_mixin.py:188} INFO - [2026-05-09T01:21:01.541+0000] {dagbag.py:545} INFO - Filling up the DagBag from /opt/airflow/dags/newyork_fhv_gold.py
[2026-05-09T01:21:01.605+0000] {processor.py:840} INFO - DAG(s) 'newyork_fhv_gold' retrieved from /opt/airflow/dags/newyork_fhv_gold.py
[2026-05-09T01:21:01.647+0000] {logging_mixin.py:188} INFO - [2026-05-09T01:21:01.646+0000] {dag.py:3096} INFO - Sync 1 DAGs
[2026-05-09T01:21:01.671+0000] {logging_mixin.py:188} INFO - [2026-05-09T01:21:01.670+0000] {dag.py:3954} INFO - Setting next_dagrun for newyork_fhv_gold to None, run_after=None
[2026-05-09T01:21:01.705+0000] {processor.py:183} INFO - Processing /opt/airflow/dags/newyork_fhv_gold.py took 0.183 seconds
[2026-05-09T01:21:31.983+0000] {processor.py:161} INFO - Started process (PID=1769) to work on /opt/airflow/dags/newyork_fhv_gold.py
[2026-05-09T01:21:31.988+0000] {processor.py:830} INFO - Processing file /opt/airflow/dags/newyork_fhv_gold.py for tasks to queue
[2026-05-09T01:21:31.995+0000] {logging_mixin.py:188} INFO - [2026-05-09T01:21:31.994+0000] {dagbag.py:545} INFO - Filling up the DagBag from /opt/airflow/dags/newyork_fhv_gold.py
[2026-05-09T01:21:32.041+0000] {processor.py:840} INFO - DAG(s) 'newyork_fhv_gold' retrieved from /opt/airflow/dags/newyork_fhv_gold.py
[2026-05-09T01:21:32.066+0000] {logging_mixin.py:188} INFO - [2026-05-09T01:21:32.066+0000] {dag.py:3096} INFO - Sync 1 DAGs
[2026-05-09T01:21:32.080+0000] {logging_mixin.py:188} INFO - [2026-05-09T01:21:32.080+0000] {dag.py:3954} INFO - Setting next_dagrun for newyork_fhv_gold to None, run_after=None
[2026-05-09T01:21:32.106+0000] {processor.py:183} INFO - Processing /opt/airflow/dags/newyork_fhv_gold.py took 0.131 seconds
[2026-05-09T01:22:02.333+0000] {processor.py:161} INFO - Started process (PID=1780) to work on /opt/airflow/dags/newyork_fhv_gold.py
[2026-05-09T01:22:02.335+0000] {processor.py:830} INFO - Processing file /opt/airflow/dags/newyork_fhv_gold.py for tasks to queue
[2026-05-09T01:22:02.339+0000] {logging_mixin.py:188} INFO - [2026-05-09T01:22:02.338+0000] {dagbag.py:545} INFO - Filling up the DagBag from /opt/airflow/dags/newyork_fhv_gold.py
[2026-05-09T01:22:02.370+0000] {processor.py:840} INFO - DAG(s) 'newyork_fhv_gold' retrieved from /opt/airflow/dags/newyork_fhv_gold.py
[2026-05-09T01:22:02.397+0000] {logging_mixin.py:188} INFO - [2026-05-09T01:22:02.396+0000] {dag.py:3096} INFO - Sync 1 DAGs
[2026-05-09T01:22:02.411+0000] {logging_mixin.py:188} INFO - [2026-05-09T01:22:02.410+0000] {dag.py:3954} INFO - Setting next_dagrun for newyork_fhv_gold to None, run_after=None
[2026-05-09T01:22:02.434+0000] {processor.py:183} INFO - Processing /opt/airflow/dags/newyork_fhv_gold.py took 0.110 seconds
[2026-05-09T01:22:32.548+0000] {processor.py:161} INFO - Started process (PID=1791) to work on /opt/airflow/dags/newyork_fhv_gold.py
[2026-05-09T01:22:32.550+0000] {processor.py:830} INFO - Processing file /opt/airflow/dags/newyork_fhv_gold.py for tasks to queue
[2026-05-09T01:22:32.553+0000] {logging_mixin.py:188} INFO - [2026-05-09T01:22:32.553+0000] {dagbag.py:545} INFO - Filling up the DagBag from /opt/airflow/dags/newyork_fhv_gold.py
[2026-05-09T01:22:32.600+0000] {processor.py:840} INFO - DAG(s) 'newyork_fhv_gold' retrieved from /opt/airflow/dags/newyork_fhv_gold.py
[2026-05-09T01:22:32.635+0000] {logging_mixin.py:188} INFO - [2026-05-09T01:22:32.634+0000] {dag.py:3096} INFO - Sync 1 DAGs
[2026-05-09T01:22:32.655+0000] {logging_mixin.py:188} INFO - [2026-05-09T01:22:32.654+0000] {dag.py:3954} INFO - Setting next_dagrun for newyork_fhv_gold to None, run_after=None
[2026-05-09T01:22:32.695+0000] {processor.py:183} INFO - Processing /opt/airflow/dags/newyork_fhv_gold.py took 0.155 seconds
[2026-05-09T01:23:03.140+0000] {processor.py:161} INFO - Started process (PID=1802) to work on /opt/airflow/dags/newyork_fhv_gold.py
[2026-05-09T01:23:03.145+0000] {processor.py:830} INFO - Processing file /opt/airflow/dags/newyork_fhv_gold.py for tasks to queue
[2026-05-09T01:23:03.152+0000] {logging_mixin.py:188} INFO - [2026-05-09T01:23:03.151+0000] {dagbag.py:545} INFO - Filling up the DagBag from /opt/airflow/dags/newyork_fhv_gold.py
[2026-05-09T01:23:03.224+0000] {processor.py:840} INFO - DAG(s) 'newyork_fhv_gold' retrieved from /opt/airflow/dags/newyork_fhv_gold.py
[2026-05-09T01:23:03.257+0000] {logging_mixin.py:188} INFO - [2026-05-09T01:23:03.257+0000] {dag.py:3096} INFO - Sync 1 DAGs
[2026-05-09T01:23:03.279+0000] {logging_mixin.py:188} INFO - [2026-05-09T01:23:03.278+0000] {dag.py:3954} INFO - Setting next_dagrun for newyork_fhv_gold to None, run_after=None
[2026-05-09T01:23:03.319+0000] {processor.py:183} INFO - Processing /opt/airflow/dags/newyork_fhv_gold.py took 0.193 seconds
[2026-05-09T01:23:33.411+0000] {processor.py:161} INFO - Started process (PID=1813) to work on /opt/airflow/dags/newyork_fhv_gold.py
[2026-05-09T01:23:33.415+0000] {processor.py:830} INFO - Processing file /opt/airflow/dags/newyork_fhv_gold.py for tasks to queue
[2026-05-09T01:23:33.418+0000] {logging_mixin.py:188} INFO - [2026-05-09T01:23:33.417+0000] {dagbag.py:545} INFO - Filling up the DagBag from /opt/airflow/dags/newyork_fhv_gold.py
[2026-05-09T01:23:33.455+0000] {processor.py:840} INFO - DAG(s) 'newyork_fhv_gold' retrieved from /opt/airflow/dags/newyork_fhv_gold.py
[2026-05-09T01:23:33.488+0000] {logging_mixin.py:188} INFO - [2026-05-09T01:23:33.488+0000] {dag.py:3096} INFO - Sync 1 DAGs
[2026-05-09T01:23:33.503+0000] {logging_mixin.py:188} INFO - [2026-05-09T01:23:33.502+0000] {dag.py:3954} INFO - Setting next_dagrun for newyork_fhv_gold to None, run_after=None
[2026-05-09T01:23:33.526+0000] {processor.py:183} INFO - Processing /opt/airflow/dags/newyork_fhv_gold.py took 0.123 seconds
[2026-05-09T01:24:04.125+0000] {processor.py:161} INFO - Started process (PID=1824) to work on /opt/airflow/dags/newyork_fhv_gold.py
[2026-05-09T01:24:04.126+0000] {processor.py:830} INFO - Processing file /opt/airflow/dags/newyork_fhv_gold.py for tasks to queue
[2026-05-09T01:24:04.130+0000] {logging_mixin.py:188} INFO - [2026-05-09T01:24:04.129+0000] {dagbag.py:545} INFO - Filling up the DagBag from /opt/airflow/dags/newyork_fhv_gold.py
[2026-05-09T01:24:04.177+0000] {processor.py:840} INFO - DAG(s) 'newyork_fhv_gold' retrieved from /opt/airflow/dags/newyork_fhv_gold.py
[2026-05-09T01:24:04.221+0000] {logging_mixin.py:188} INFO - [2026-05-09T01:24:04.221+0000] {dag.py:3096} INFO - Sync 1 DAGs
[2026-05-09T01:24:04.244+0000] {logging_mixin.py:188} INFO - [2026-05-09T01:24:04.244+0000] {dag.py:3954} INFO - Setting next_dagrun for newyork_fhv_gold to None, run_after=None
[2026-05-09T01:24:04.288+0000] {processor.py:183} INFO - Processing /opt/airflow/dags/newyork_fhv_gold.py took 0.172 seconds
[2026-05-09T01:24:34.442+0000] {processor.py:161} INFO - Started process (PID=1835) to work on /opt/airflow/dags/newyork_fhv_gold.py
[2026-05-09T01:24:34.444+0000] {processor.py:830} INFO - Processing file /opt/airflow/dags/newyork_fhv_gold.py for tasks to queue
[2026-05-09T01:24:34.449+0000] {logging_mixin.py:188} INFO - [2026-05-09T01:24:34.448+0000] {dagbag.py:545} INFO - Filling up the DagBag from /opt/airflow/dags/newyork_fhv_gold.py
[2026-05-09T01:24:34.518+0000] {processor.py:840} INFO - DAG(s) 'newyork_fhv_gold' retrieved from /opt/airflow/dags/newyork_fhv_gold.py
[2026-05-09T01:24:34.559+0000] {logging_mixin.py:188} INFO - [2026-05-09T01:24:34.558+0000] {dag.py:3096} INFO - Sync 1 DAGs
[2026-05-09T01:24:34.583+0000] {logging_mixin.py:188} INFO - [2026-05-09T01:24:34.582+0000] {dag.py:3954} INFO - Setting next_dagrun for newyork_fhv_gold to None, run_after=None
[2026-05-09T01:24:34.627+0000] {processor.py:183} INFO - Processing /opt/airflow/dags/newyork_fhv_gold.py took 0.200 seconds
[2026-05-09T01:25:04.938+0000] {processor.py:161} INFO - Started process (PID=1846) to work on /opt/airflow/dags/newyork_fhv_gold.py
[2026-05-09T01:25:04.940+0000] {processor.py:830} INFO - Processing file /opt/airflow/dags/newyork_fhv_gold.py for tasks to queue
[2026-05-09T01:25:04.943+0000] {logging_mixin.py:188} INFO - [2026-05-09T01:25:04.943+0000] {dagbag.py:545} INFO - Filling up the DagBag from /opt/airflow/dags/newyork_fhv_gold.py
[2026-05-09T01:25:04.980+0000] {processor.py:840} INFO - DAG(s) 'newyork_fhv_gold' retrieved from /opt/airflow/dags/newyork_fhv_gold.py
[2026-05-09T01:25:05.008+0000] {logging_mixin.py:188} INFO - [2026-05-09T01:25:05.008+0000] {dag.py:3096} INFO - Sync 1 DAGs
[2026-05-09T01:25:05.026+0000] {logging_mixin.py:188} INFO - [2026-05-09T01:25:05.025+0000] {dag.py:3954} INFO - Setting next_dagrun for newyork_fhv_gold to None, run_after=None
[2026-05-09T01:25:05.052+0000] {processor.py:183} INFO - Processing /opt/airflow/dags/newyork_fhv_gold.py took 0.123 seconds
[2026-05-09T01:25:35.184+0000] {processor.py:161} INFO - Started process (PID=1857) to work on /opt/airflow/dags/newyork_fhv_gold.py
[2026-05-09T01:25:35.187+0000] {processor.py:830} INFO - Processing file /opt/airflow/dags/newyork_fhv_gold.py for tasks to queue
[2026-05-09T01:25:35.190+0000] {logging_mixin.py:188} INFO - [2026-05-09T01:25:35.189+0000] {dagbag.py:545} INFO - Filling up the DagBag from /opt/airflow/dags/newyork_fhv_gold.py
[2026-05-09T01:25:35.243+0000] {processor.py:840} INFO - DAG(s) 'newyork_fhv_gold' retrieved from /opt/airflow/dags/newyork_fhv_gold.py
[2026-05-09T01:25:35.271+0000] {logging_mixin.py:188} INFO - [2026-05-09T01:25:35.271+0000] {dag.py:3096} INFO - Sync 1 DAGs
[2026-05-09T01:25:35.286+0000] {logging_mixin.py:188} INFO - [2026-05-09T01:25:35.286+0000] {dag.py:3954} INFO - Setting next_dagrun for newyork_fhv_gold to None, run_after=None
[2026-05-09T01:25:35.309+0000] {processor.py:183} INFO - Processing /opt/airflow/dags/newyork_fhv_gold.py took 0.133 seconds
[2026-05-09T01:26:05.585+0000] {processor.py:161} INFO - Started process (PID=1868) to work on /opt/airflow/dags/newyork_fhv_gold.py
[2026-05-09T01:26:05.588+0000] {processor.py:830} INFO - Processing file /opt/airflow/dags/newyork_fhv_gold.py for tasks to queue
[2026-05-09T01:26:05.592+0000] {logging_mixin.py:188} INFO - [2026-05-09T01:26:05.592+0000] {dagbag.py:545} INFO - Filling up the DagBag from /opt/airflow/dags/newyork_fhv_gold.py
[2026-05-09T01:26:05.635+0000] {processor.py:840} INFO - DAG(s) 'newyork_fhv_gold' retrieved from /opt/airflow/dags/newyork_fhv_gold.py
[2026-05-09T01:26:05.665+0000] {logging_mixin.py:188} INFO - [2026-05-09T01:26:05.664+0000] {dag.py:3096} INFO - Sync 1 DAGs
[2026-05-09T01:26:05.695+0000] {logging_mixin.py:188} INFO - [2026-05-09T01:26:05.695+0000] {dag.py:3954} INFO - Setting next_dagrun for newyork_fhv_gold to None, run_after=None
[2026-05-09T01:26:05.733+0000] {processor.py:183} INFO - Processing /opt/airflow/dags/newyork_fhv_gold.py took 0.164 seconds
[2026-05-09T01:26:36.525+0000] {processor.py:161} INFO - Started process (PID=1879) to work on /opt/airflow/dags/newyork_fhv_gold.py
[2026-05-09T01:26:36.528+0000] {processor.py:830} INFO - Processing file /opt/airflow/dags/newyork_fhv_gold.py for tasks to queue
[2026-05-09T01:26:36.532+0000] {logging_mixin.py:188} INFO - [2026-05-09T01:26:36.531+0000] {dagbag.py:545} INFO - Filling up the DagBag from /opt/airflow/dags/newyork_fhv_gold.py
[2026-05-09T01:26:36.584+0000] {processor.py:840} INFO - DAG(s) 'newyork_fhv_gold' retrieved from /opt/airflow/dags/newyork_fhv_gold.py
[2026-05-09T01:26:36.612+0000] {logging_mixin.py:188} INFO - [2026-05-09T01:26:36.612+0000] {dag.py:3096} INFO - Sync 1 DAGs
[2026-05-09T01:26:36.637+0000] {logging_mixin.py:188} INFO - [2026-05-09T01:26:36.636+0000] {dag.py:3954} INFO - Setting next_dagrun for newyork_fhv_gold to None, run_after=None
[2026-05-09T01:26:36.682+0000] {processor.py:183} INFO - Processing /opt/airflow/dags/newyork_fhv_gold.py took 0.167 seconds
[2026-05-09T01:27:07.445+0000] {processor.py:161} INFO - Started process (PID=1890) to work on /opt/airflow/dags/newyork_fhv_gold.py
[2026-05-09T01:27:07.446+0000] {processor.py:830} INFO - Processing file /opt/airflow/dags/newyork_fhv_gold.py for tasks to queue
[2026-05-09T01:27:07.449+0000] {logging_mixin.py:188} INFO - [2026-05-09T01:27:07.448+0000] {dagbag.py:545} INFO - Filling up the DagBag from /opt/airflow/dags/newyork_fhv_gold.py
[2026-05-09T01:27:07.479+0000] {processor.py:840} INFO - DAG(s) 'newyork_fhv_gold' retrieved from /opt/airflow/dags/newyork_fhv_gold.py
[2026-05-09T01:27:07.501+0000] {logging_mixin.py:188} INFO - [2026-05-09T01:27:07.501+0000] {dag.py:3096} INFO - Sync 1 DAGs
[2026-05-09T01:27:07.514+0000] {logging_mixin.py:188} INFO - [2026-05-09T01:27:07.514+0000] {dag.py:3954} INFO - Setting next_dagrun for newyork_fhv_gold to None, run_after=None
[2026-05-09T01:27:07.539+0000] {processor.py:183} INFO - Processing /opt/airflow/dags/newyork_fhv_gold.py took 0.100 seconds
[2026-05-09T01:27:37.633+0000] {processor.py:161} INFO - Started process (PID=1901) to work on /opt/airflow/dags/newyork_fhv_gold.py
[2026-05-09T01:27:37.636+0000] {processor.py:830} INFO - Processing file /opt/airflow/dags/newyork_fhv_gold.py for tasks to queue
[2026-05-09T01:27:37.639+0000] {logging_mixin.py:188} INFO - [2026-05-09T01:27:37.639+0000] {dagbag.py:545} INFO - Filling up the DagBag from /opt/airflow/dags/newyork_fhv_gold.py
[2026-05-09T01:27:37.695+0000] {processor.py:840} INFO - DAG(s) 'newyork_fhv_gold' retrieved from /opt/airflow/dags/newyork_fhv_gold.py
[2026-05-09T01:27:37.734+0000] {logging_mixin.py:188} INFO - [2026-05-09T01:27:37.734+0000] {dag.py:3096} INFO - Sync 1 DAGs
[2026-05-09T01:27:37.758+0000] {logging_mixin.py:188} INFO - [2026-05-09T01:27:37.758+0000] {dag.py:3954} INFO - Setting next_dagrun for newyork_fhv_gold to None, run_after=None
[2026-05-09T01:27:37.799+0000] {processor.py:183} INFO - Processing /opt/airflow/dags/newyork_fhv_gold.py took 0.178 seconds
[2026-05-09T01:28:08.652+0000] {processor.py:161} INFO - Started process (PID=1912) to work on /opt/airflow/dags/newyork_fhv_gold.py
[2026-05-09T01:28:08.653+0000] {processor.py:830} INFO - Processing file /opt/airflow/dags/newyork_fhv_gold.py for tasks to queue
[2026-05-09T01:28:08.656+0000] {logging_mixin.py:188} INFO - [2026-05-09T01:28:08.656+0000] {dagbag.py:545} INFO - Filling up the DagBag from /opt/airflow/dags/newyork_fhv_gold.py
[2026-05-09T01:28:08.699+0000] {processor.py:840} INFO - DAG(s) 'newyork_fhv_gold' retrieved from /opt/airflow/dags/newyork_fhv_gold.py
[2026-05-09T01:28:08.732+0000] {logging_mixin.py:188} INFO - [2026-05-09T01:28:08.732+0000] {dag.py:3096} INFO - Sync 1 DAGs
[2026-05-09T01:28:08.748+0000] {logging_mixin.py:188} INFO - [2026-05-09T01:28:08.748+0000] {dag.py:3954} INFO - Setting next_dagrun for newyork_fhv_gold to None, run_after=None
[2026-05-09T01:28:08.778+0000] {processor.py:183} INFO - Processing /opt/airflow/dags/newyork_fhv_gold.py took 0.135 seconds
[2026-05-09T01:28:39.117+0000] {processor.py:161} INFO - Started process (PID=1923) to work on /opt/airflow/dags/newyork_fhv_gold.py
[2026-05-09T01:28:39.120+0000] {processor.py:830} INFO - Processing file /opt/airflow/dags/newyork_fhv_gold.py for tasks to queue
[2026-05-09T01:28:39.123+0000] {logging_mixin.py:188} INFO - [2026-05-09T01:28:39.123+0000] {dagbag.py:545} INFO - Filling up the DagBag from /opt/airflow/dags/newyork_fhv_gold.py
[2026-05-09T01:28:39.173+0000] {processor.py:840} INFO - DAG(s) 'newyork_fhv_gold' retrieved from /opt/airflow/dags/newyork_fhv_gold.py
[2026-05-09T01:28:39.199+0000] {logging_mixin.py:188} INFO - [2026-05-09T01:28:39.199+0000] {dag.py:3096} INFO - Sync 1 DAGs
[2026-05-09T01:28:39.214+0000] {logging_mixin.py:188} INFO - [2026-05-09T01:28:39.214+0000] {dag.py:3954} INFO - Setting next_dagrun for newyork_fhv_gold to None, run_after=None
[2026-05-09T01:28:39.245+0000] {processor.py:183} INFO - Processing /opt/airflow/dags/newyork_fhv_gold.py took 0.140 seconds
[2026-05-09T01:29:09.407+0000] {processor.py:161} INFO - Started process (PID=1934) to work on /opt/airflow/dags/newyork_fhv_gold.py
[2026-05-09T01:29:09.410+0000] {processor.py:830} INFO - Processing file /opt/airflow/dags/newyork_fhv_gold.py for tasks to queue
[2026-05-09T01:29:09.414+0000] {logging_mixin.py:188} INFO - [2026-05-09T01:29:09.413+0000] {dagbag.py:545} INFO - Filling up the DagBag from /opt/airflow/dags/newyork_fhv_gold.py
[2026-05-09T01:29:09.457+0000] {processor.py:840} INFO - DAG(s) 'newyork_fhv_gold' retrieved from /opt/airflow/dags/newyork_fhv_gold.py
[2026-05-09T01:29:09.486+0000] {logging_mixin.py:188} INFO - [2026-05-09T01:29:09.486+0000] {dag.py:3096} INFO - Sync 1 DAGs
[2026-05-09T01:29:09.502+0000] {logging_mixin.py:188} INFO - [2026-05-09T01:29:09.502+0000] {dag.py:3954} INFO - Setting next_dagrun for newyork_fhv_gold to None, run_after=None
[2026-05-09T01:29:09.529+0000] {processor.py:183} INFO - Processing /opt/airflow/dags/newyork_fhv_gold.py took 0.134 seconds
[2026-05-09T01:29:39.584+0000] {processor.py:161} INFO - Started process (PID=1946) to work on /opt/airflow/dags/newyork_fhv_gold.py
[2026-05-09T01:29:39.586+0000] {processor.py:830} INFO - Processing file /opt/airflow/dags/newyork_fhv_gold.py for tasks to queue
[2026-05-09T01:29:39.589+0000] {logging_mixin.py:188} INFO - [2026-05-09T01:29:39.588+0000] {dagbag.py:545} INFO - Filling up the DagBag from /opt/airflow/dags/newyork_fhv_gold.py
[2026-05-09T01:29:39.616+0000] {processor.py:840} INFO - DAG(s) 'newyork_fhv_gold' retrieved from /opt/airflow/dags/newyork_fhv_gold.py
[2026-05-09T01:29:39.645+0000] {logging_mixin.py:188} INFO - [2026-05-09T01:29:39.644+0000] {dag.py:3096} INFO - Sync 1 DAGs
[2026-05-09T01:29:39.660+0000] {logging_mixin.py:188} INFO - [2026-05-09T01:29:39.660+0000] {dag.py:3954} INFO - Setting next_dagrun for newyork_fhv_gold to None, run_after=None
[2026-05-09T01:29:39.690+0000] {processor.py:183} INFO - Processing /opt/airflow/dags/newyork_fhv_gold.py took 0.114 seconds
[2026-05-09T01:30:09.837+0000] {processor.py:161} INFO - Started process (PID=1957) to work on /opt/airflow/dags/newyork_fhv_gold.py
[2026-05-09T01:30:09.839+0000] {processor.py:830} INFO - Processing file /opt/airflow/dags/newyork_fhv_gold.py for tasks to queue
[2026-05-09T01:30:09.842+0000] {logging_mixin.py:188} INFO - [2026-05-09T01:30:09.841+0000] {dagbag.py:545} INFO - Filling up the DagBag from /opt/airflow/dags/newyork_fhv_gold.py
[2026-05-09T01:30:09.886+0000] {processor.py:840} INFO - DAG(s) 'newyork_fhv_gold' retrieved from /opt/airflow/dags/newyork_fhv_gold.py
[2026-05-09T01:30:09.933+0000] {logging_mixin.py:188} INFO - [2026-05-09T01:30:09.932+0000] {dag.py:3096} INFO - Sync 1 DAGs
[2026-05-09T01:30:09.956+0000] {logging_mixin.py:188} INFO - [2026-05-09T01:30:09.956+0000] {dag.py:3954} INFO - Setting next_dagrun for newyork_fhv_gold to None, run_after=None
[2026-05-09T01:30:09.997+0000] {processor.py:183} INFO - Processing /opt/airflow/dags/newyork_fhv_gold.py took 0.166 seconds
[2026-05-09T01:30:40.283+0000] {processor.py:161} INFO - Started process (PID=1968) to work on /opt/airflow/dags/newyork_fhv_gold.py
[2026-05-09T01:30:40.285+0000] {processor.py:830} INFO - Processing file /opt/airflow/dags/newyork_fhv_gold.py for tasks to queue
[2026-05-09T01:30:40.290+0000] {logging_mixin.py:188} INFO - [2026-05-09T01:30:40.289+0000] {dagbag.py:545} INFO - Filling up the DagBag from /opt/airflow/dags/newyork_fhv_gold.py
[2026-05-09T01:30:40.334+0000] {processor.py:840} INFO - DAG(s) 'newyork_fhv_gold' retrieved from /opt/airflow/dags/newyork_fhv_gold.py
[2026-05-09T01:30:40.376+0000] {logging_mixin.py:188} INFO - [2026-05-09T01:30:40.375+0000] {dag.py:3096} INFO - Sync 1 DAGs
[2026-05-09T01:30:40.400+0000] {logging_mixin.py:188} INFO - [2026-05-09T01:30:40.400+0000] {dag.py:3954} INFO - Setting next_dagrun for newyork_fhv_gold to None, run_after=None
[2026-05-09T01:30:40.444+0000] {processor.py:183} INFO - Processing /opt/airflow/dags/newyork_fhv_gold.py took 0.176 seconds
[2026-05-09T01:31:11.328+0000] {processor.py:161} INFO - Started process (PID=1979) to work on /opt/airflow/dags/newyork_fhv_gold.py
[2026-05-09T01:31:11.329+0000] {processor.py:830} INFO - Processing file /opt/airflow/dags/newyork_fhv_gold.py for tasks to queue
[2026-05-09T01:31:11.332+0000] {logging_mixin.py:188} INFO - [2026-05-09T01:31:11.332+0000] {dagbag.py:545} INFO - Filling up the DagBag from /opt/airflow/dags/newyork_fhv_gold.py
[2026-05-09T01:31:11.359+0000] {processor.py:840} INFO - DAG(s) 'newyork_fhv_gold' retrieved from /opt/airflow/dags/newyork_fhv_gold.py
[2026-05-09T01:31:11.384+0000] {logging_mixin.py:188} INFO - [2026-05-09T01:31:11.383+0000] {dag.py:3096} INFO - Sync 1 DAGs
[2026-05-09T01:31:11.398+0000] {logging_mixin.py:188} INFO - [2026-05-09T01:31:11.398+0000] {dag.py:3954} INFO - Setting next_dagrun for newyork_fhv_gold to None, run_after=None
[2026-05-09T01:31:11.423+0000] {processor.py:183} INFO - Processing /opt/airflow/dags/newyork_fhv_gold.py took 0.103 seconds
[2026-05-09T01:31:41.597+0000] {processor.py:161} INFO - Started process (PID=1990) to work on /opt/airflow/dags/newyork_fhv_gold.py
[2026-05-09T01:31:41.598+0000] {processor.py:830} INFO - Processing file /opt/airflow/dags/newyork_fhv_gold.py for tasks to queue
[2026-05-09T01:31:41.601+0000] {logging_mixin.py:188} INFO - [2026-05-09T01:31:41.600+0000] {dagbag.py:545} INFO - Filling up the DagBag from /opt/airflow/dags/newyork_fhv_gold.py
[2026-05-09T01:31:41.643+0000] {processor.py:840} INFO - DAG(s) 'newyork_fhv_gold' retrieved from /opt/airflow/dags/newyork_fhv_gold.py
[2026-05-09T01:31:41.667+0000] {logging_mixin.py:188} INFO - [2026-05-09T01:31:41.666+0000] {dag.py:3096} INFO - Sync 1 DAGs
[2026-05-09T01:31:41.680+0000] {logging_mixin.py:188} INFO - [2026-05-09T01:31:41.680+0000] {dag.py:3954} INFO - Setting next_dagrun for newyork_fhv_gold to None, run_after=None
[2026-05-09T01:31:41.706+0000] {processor.py:183} INFO - Processing /opt/airflow/dags/newyork_fhv_gold.py took 0.116 seconds
[2026-05-09T01:32:12.501+0000] {processor.py:161} INFO - Started process (PID=2001) to work on /opt/airflow/dags/newyork_fhv_gold.py
[2026-05-09T01:32:12.502+0000] {processor.py:830} INFO - Processing file /opt/airflow/dags/newyork_fhv_gold.py for tasks to queue
[2026-05-09T01:32:12.505+0000] {logging_mixin.py:188} INFO - [2026-05-09T01:32:12.504+0000] {dagbag.py:545} INFO - Filling up the DagBag from /opt/airflow/dags/newyork_fhv_gold.py
[2026-05-09T01:32:12.541+0000] {processor.py:840} INFO - DAG(s) 'newyork_fhv_gold' retrieved from /opt/airflow/dags/newyork_fhv_gold.py
[2026-05-09T01:32:12.567+0000] {logging_mixin.py:188} INFO - [2026-05-09T01:32:12.567+0000] {dag.py:3096} INFO - Sync 1 DAGs
[2026-05-09T01:32:12.583+0000] {logging_mixin.py:188} INFO - [2026-05-09T01:32:12.582+0000] {dag.py:3954} INFO - Setting next_dagrun for newyork_fhv_gold to None, run_after=None
[2026-05-09T01:32:12.609+0000] {processor.py:183} INFO - Processing /opt/airflow/dags/newyork_fhv_gold.py took 0.120 seconds
[2026-05-09T01:32:43.394+0000] {processor.py:161} INFO - Started process (PID=2012) to work on /opt/airflow/dags/newyork_fhv_gold.py
[2026-05-09T01:32:43.396+0000] {processor.py:830} INFO - Processing file /opt/airflow/dags/newyork_fhv_gold.py for tasks to queue
[2026-05-09T01:32:43.400+0000] {logging_mixin.py:188} INFO - [2026-05-09T01:32:43.399+0000] {dagbag.py:545} INFO - Filling up the DagBag from /opt/airflow/dags/newyork_fhv_gold.py
[2026-05-09T01:32:43.440+0000] {processor.py:840} INFO - DAG(s) 'newyork_fhv_gold' retrieved from /opt/airflow/dags/newyork_fhv_gold.py
[2026-05-09T01:32:43.481+0000] {logging_mixin.py:188} INFO - [2026-05-09T01:32:43.481+0000] {dag.py:3096} INFO - Sync 1 DAGs
[2026-05-09T01:32:43.509+0000] {logging_mixin.py:188} INFO - [2026-05-09T01:32:43.508+0000] {dag.py:3954} INFO - Setting next_dagrun for newyork_fhv_gold to None, run_after=None
[2026-05-09T01:32:43.551+0000] {processor.py:183} INFO - Processing /opt/airflow/dags/newyork_fhv_gold.py took 0.168 seconds
[2026-05-09T01:33:14.333+0000] {processor.py:161} INFO - Started process (PID=2023) to work on /opt/airflow/dags/newyork_fhv_gold.py
[2026-05-09T01:33:14.336+0000] {processor.py:830} INFO - Processing file /opt/airflow/dags/newyork_fhv_gold.py for tasks to queue
[2026-05-09T01:33:14.338+0000] {logging_mixin.py:188} INFO - [2026-05-09T01:33:14.338+0000] {dagbag.py:545} INFO - Filling up the DagBag from /opt/airflow/dags/newyork_fhv_gold.py
[2026-05-09T01:33:14.377+0000] {processor.py:840} INFO - DAG(s) 'newyork_fhv_gold' retrieved from /opt/airflow/dags/newyork_fhv_gold.py
[2026-05-09T01:33:14.405+0000] {logging_mixin.py:188} INFO - [2026-05-09T01:33:14.404+0000] {dag.py:3096} INFO - Sync 1 DAGs
[2026-05-09T01:33:14.418+0000] {logging_mixin.py:188} INFO - [2026-05-09T01:33:14.418+0000] {dag.py:3954} INFO - Setting next_dagrun for newyork_fhv_gold to None, run_after=None
[2026-05-09T01:33:14.446+0000] {processor.py:183} INFO - Processing /opt/airflow/dags/newyork_fhv_gold.py took 0.120 seconds
[2026-05-09T01:33:45.265+0000] {processor.py:161} INFO - Started process (PID=2034) to work on /opt/airflow/dags/newyork_fhv_gold.py
[2026-05-09T01:33:45.268+0000] {processor.py:830} INFO - Processing file /opt/airflow/dags/newyork_fhv_gold.py for tasks to queue
[2026-05-09T01:33:45.272+0000] {logging_mixin.py:188} INFO - [2026-05-09T01:33:45.271+0000] {dagbag.py:545} INFO - Filling up the DagBag from /opt/airflow/dags/newyork_fhv_gold.py
[2026-05-09T01:33:45.322+0000] {processor.py:840} INFO - DAG(s) 'newyork_fhv_gold' retrieved from /opt/airflow/dags/newyork_fhv_gold.py
[2026-05-09T01:33:45.358+0000] {logging_mixin.py:188} INFO - [2026-05-09T01:33:45.357+0000] {dag.py:3096} INFO - Sync 1 DAGs
[2026-05-09T01:33:45.375+0000] {logging_mixin.py:188} INFO - [2026-05-09T01:33:45.374+0000] {dag.py:3954} INFO - Setting next_dagrun for newyork_fhv_gold to None, run_after=None
[2026-05-09T01:33:45.409+0000] {processor.py:183} INFO - Processing /opt/airflow/dags/newyork_fhv_gold.py took 0.155 seconds
[2026-05-09T01:34:15.537+0000] {processor.py:161} INFO - Started process (PID=2045) to work on /opt/airflow/dags/newyork_fhv_gold.py
[2026-05-09T01:34:15.538+0000] {processor.py:830} INFO - Processing file /opt/airflow/dags/newyork_fhv_gold.py for tasks to queue
[2026-05-09T01:34:15.541+0000] {logging_mixin.py:188} INFO - [2026-05-09T01:34:15.540+0000] {dagbag.py:545} INFO - Filling up the DagBag from /opt/airflow/dags/newyork_fhv_gold.py
[2026-05-09T01:34:15.584+0000] {processor.py:840} INFO - DAG(s) 'newyork_fhv_gold' retrieved from /opt/airflow/dags/newyork_fhv_gold.py
[2026-05-09T01:34:15.607+0000] {logging_mixin.py:188} INFO - [2026-05-09T01:34:15.607+0000] {dag.py:3096} INFO - Sync 1 DAGs
[2026-05-09T01:34:15.622+0000] {logging_mixin.py:188} INFO - [2026-05-09T01:34:15.621+0000] {dag.py:3954} INFO - Setting next_dagrun for newyork_fhv_gold to None, run_after=None
[2026-05-09T01:34:15.661+0000] {processor.py:183} INFO - Processing /opt/airflow/dags/newyork_fhv_gold.py took 0.133 seconds
[2026-05-09T01:34:46.541+0000] {processor.py:161} INFO - Started process (PID=2056) to work on /opt/airflow/dags/newyork_fhv_gold.py
[2026-05-09T01:34:46.543+0000] {processor.py:830} INFO - Processing file /opt/airflow/dags/newyork_fhv_gold.py for tasks to queue
[2026-05-09T01:34:46.548+0000] {logging_mixin.py:188} INFO - [2026-05-09T01:34:46.547+0000] {dagbag.py:545} INFO - Filling up the DagBag from /opt/airflow/dags/newyork_fhv_gold.py
[2026-05-09T01:34:46.587+0000] {processor.py:840} INFO - DAG(s) 'newyork_fhv_gold' retrieved from /opt/airflow/dags/newyork_fhv_gold.py
[2026-05-09T01:34:46.617+0000] {logging_mixin.py:188} INFO - [2026-05-09T01:34:46.616+0000] {dag.py:3096} INFO - Sync 1 DAGs
[2026-05-09T01:34:46.631+0000] {logging_mixin.py:188} INFO - [2026-05-09T01:34:46.631+0000] {dag.py:3954} INFO - Setting next_dagrun for newyork_fhv_gold to None, run_after=None
[2026-05-09T01:34:46.656+0000] {processor.py:183} INFO - Processing /opt/airflow/dags/newyork_fhv_gold.py took 0.125 seconds
[2026-05-09T01:35:17.505+0000] {processor.py:161} INFO - Started process (PID=2068) to work on /opt/airflow/dags/newyork_fhv_gold.py
[2026-05-09T01:35:17.507+0000] {processor.py:830} INFO - Processing file /opt/airflow/dags/newyork_fhv_gold.py for tasks to queue
[2026-05-09T01:35:17.509+0000] {logging_mixin.py:188} INFO - [2026-05-09T01:35:17.509+0000] {dagbag.py:545} INFO - Filling up the DagBag from /opt/airflow/dags/newyork_fhv_gold.py
[2026-05-09T01:35:17.538+0000] {processor.py:840} INFO - DAG(s) 'newyork_fhv_gold' retrieved from /opt/airflow/dags/newyork_fhv_gold.py
[2026-05-09T01:35:17.565+0000] {logging_mixin.py:188} INFO - [2026-05-09T01:35:17.565+0000] {dag.py:3096} INFO - Sync 1 DAGs
[2026-05-09T01:35:17.580+0000] {logging_mixin.py:188} INFO - [2026-05-09T01:35:17.580+0000] {dag.py:3954} INFO - Setting next_dagrun for newyork_fhv_gold to None, run_after=None
[2026-05-09T01:35:17.609+0000] {processor.py:183} INFO - Processing /opt/airflow/dags/newyork_fhv_gold.py took 0.111 seconds
[2026-05-09T01:35:48.439+0000] {processor.py:161} INFO - Started process (PID=2079) to work on /opt/airflow/dags/newyork_fhv_gold.py
[2026-05-09T01:35:48.441+0000] {processor.py:830} INFO - Processing file /opt/airflow/dags/newyork_fhv_gold.py for tasks to queue
[2026-05-09T01:35:48.445+0000] {logging_mixin.py:188} INFO - [2026-05-09T01:35:48.444+0000] {dagbag.py:545} INFO - Filling up the DagBag from /opt/airflow/dags/newyork_fhv_gold.py
[2026-05-09T01:35:48.483+0000] {processor.py:840} INFO - DAG(s) 'newyork_fhv_gold' retrieved from /opt/airflow/dags/newyork_fhv_gold.py
[2026-05-09T01:35:48.507+0000] {logging_mixin.py:188} INFO - [2026-05-09T01:35:48.507+0000] {dag.py:3096} INFO - Sync 1 DAGs
[2026-05-09T01:35:48.522+0000] {logging_mixin.py:188} INFO - [2026-05-09T01:35:48.522+0000] {dag.py:3954} INFO - Setting next_dagrun for newyork_fhv_gold to None, run_after=None
[2026-05-09T01:35:48.549+0000] {processor.py:183} INFO - Processing /opt/airflow/dags/newyork_fhv_gold.py took 0.119 seconds
[2026-05-09T01:36:18.666+0000] {processor.py:161} INFO - Started process (PID=2090) to work on /opt/airflow/dags/newyork_fhv_gold.py
[2026-05-09T01:36:18.667+0000] {processor.py:830} INFO - Processing file /opt/airflow/dags/newyork_fhv_gold.py for tasks to queue
[2026-05-09T01:36:18.671+0000] {logging_mixin.py:188} INFO - [2026-05-09T01:36:18.670+0000] {dagbag.py:545} INFO - Filling up the DagBag from /opt/airflow/dags/newyork_fhv_gold.py
[2026-05-09T01:36:18.716+0000] {processor.py:840} INFO - DAG(s) 'newyork_fhv_gold' retrieved from /opt/airflow/dags/newyork_fhv_gold.py
[2026-05-09T01:36:18.747+0000] {logging_mixin.py:188} INFO - [2026-05-09T01:36:18.746+0000] {dag.py:3096} INFO - Sync 1 DAGs
[2026-05-09T01:36:18.762+0000] {logging_mixin.py:188} INFO - [2026-05-09T01:36:18.762+0000] {dag.py:3954} INFO - Setting next_dagrun for newyork_fhv_gold to None, run_after=None
[2026-05-09T01:36:18.791+0000] {processor.py:183} INFO - Processing /opt/airflow/dags/newyork_fhv_gold.py took 0.134 seconds
[2026-05-09T01:36:49.657+0000] {processor.py:161} INFO - Started process (PID=2101) to work on /opt/airflow/dags/newyork_fhv_gold.py
[2026-05-09T01:36:49.659+0000] {processor.py:830} INFO - Processing file /opt/airflow/dags/newyork_fhv_gold.py for tasks to queue
[2026-05-09T01:36:49.663+0000] {logging_mixin.py:188} INFO - [2026-05-09T01:36:49.662+0000] {dagbag.py:545} INFO - Filling up the DagBag from /opt/airflow/dags/newyork_fhv_gold.py
[2026-05-09T01:36:49.694+0000] {processor.py:840} INFO - DAG(s) 'newyork_fhv_gold' retrieved from /opt/airflow/dags/newyork_fhv_gold.py
[2026-05-09T01:36:49.729+0000] {logging_mixin.py:188} INFO - [2026-05-09T01:36:49.729+0000] {dag.py:3096} INFO - Sync 1 DAGs
[2026-05-09T01:36:49.749+0000] {logging_mixin.py:188} INFO - [2026-05-09T01:36:49.749+0000] {dag.py:3954} INFO - Setting next_dagrun for newyork_fhv_gold to None, run_after=None
[2026-05-09T01:36:49.778+0000] {processor.py:183} INFO - Processing /opt/airflow/dags/newyork_fhv_gold.py took 0.130 seconds
[2026-05-09T01:37:20.664+0000] {processor.py:161} INFO - Started process (PID=2112) to work on /opt/airflow/dags/newyork_fhv_gold.py
[2026-05-09T01:37:20.667+0000] {processor.py:830} INFO - Processing file /opt/airflow/dags/newyork_fhv_gold.py for tasks to queue
[2026-05-09T01:37:20.671+0000] {logging_mixin.py:188} INFO - [2026-05-09T01:37:20.670+0000] {dagbag.py:545} INFO - Filling up the DagBag from /opt/airflow/dags/newyork_fhv_gold.py
[2026-05-09T01:37:20.718+0000] {processor.py:840} INFO - DAG(s) 'newyork_fhv_gold' retrieved from /opt/airflow/dags/newyork_fhv_gold.py
[2026-05-09T01:37:20.743+0000] {logging_mixin.py:188} INFO - [2026-05-09T01:37:20.743+0000] {dag.py:3096} INFO - Sync 1 DAGs
[2026-05-09T01:37:20.757+0000] {logging_mixin.py:188} INFO - [2026-05-09T01:37:20.756+0000] {dag.py:3954} INFO - Setting next_dagrun for newyork_fhv_gold to None, run_after=None
[2026-05-09T01:37:20.786+0000] {processor.py:183} INFO - Processing /opt/airflow/dags/newyork_fhv_gold.py took 0.133 seconds
[2026-05-09T01:37:51.585+0000] {processor.py:161} INFO - Started process (PID=2123) to work on /opt/airflow/dags/newyork_fhv_gold.py
[2026-05-09T01:37:51.587+0000] {processor.py:830} INFO - Processing file /opt/airflow/dags/newyork_fhv_gold.py for tasks to queue
[2026-05-09T01:37:51.590+0000] {logging_mixin.py:188} INFO - [2026-05-09T01:37:51.589+0000] {dagbag.py:545} INFO - Filling up the DagBag from /opt/airflow/dags/newyork_fhv_gold.py
[2026-05-09T01:37:51.634+0000] {processor.py:840} INFO - DAG(s) 'newyork_fhv_gold' retrieved from /opt/airflow/dags/newyork_fhv_gold.py
[2026-05-09T01:37:51.671+0000] {logging_mixin.py:188} INFO - [2026-05-09T01:37:51.671+0000] {dag.py:3096} INFO - Sync 1 DAGs
[2026-05-09T01:37:51.686+0000] {logging_mixin.py:188} INFO - [2026-05-09T01:37:51.685+0000] {dag.py:3954} INFO - Setting next_dagrun for newyork_fhv_gold to None, run_after=None
[2026-05-09T01:37:51.717+0000] {processor.py:183} INFO - Processing /opt/airflow/dags/newyork_fhv_gold.py took 0.142 seconds
[2026-05-09T01:38:22.589+0000] {processor.py:161} INFO - Started process (PID=2134) to work on /opt/airflow/dags/newyork_fhv_gold.py
[2026-05-09T01:38:22.592+0000] {processor.py:830} INFO - Processing file /opt/airflow/dags/newyork_fhv_gold.py for tasks to queue
[2026-05-09T01:38:22.597+0000] {logging_mixin.py:188} INFO - [2026-05-09T01:38:22.596+0000] {dagbag.py:545} INFO - Filling up the DagBag from /opt/airflow/dags/newyork_fhv_gold.py
[2026-05-09T01:38:22.651+0000] {processor.py:840} INFO - DAG(s) 'newyork_fhv_gold' retrieved from /opt/airflow/dags/newyork_fhv_gold.py
[2026-05-09T01:38:22.676+0000] {logging_mixin.py:188} INFO - [2026-05-09T01:38:22.676+0000] {dag.py:3096} INFO - Sync 1 DAGs
[2026-05-09T01:38:22.690+0000] {logging_mixin.py:188} INFO - [2026-05-09T01:38:22.690+0000] {dag.py:3954} INFO - Setting next_dagrun for newyork_fhv_gold to None, run_after=None
[2026-05-09T01:38:23.230+0000] {processor.py:183} INFO - Processing /opt/airflow/dags/newyork_fhv_gold.py took 0.656 seconds
[2026-05-09T01:38:53.440+0000] {processor.py:161} INFO - Started process (PID=2145) to work on /opt/airflow/dags/newyork_fhv_gold.py
[2026-05-09T01:38:53.442+0000] {processor.py:830} INFO - Processing file /opt/airflow/dags/newyork_fhv_gold.py for tasks to queue
[2026-05-09T01:38:53.445+0000] {logging_mixin.py:188} INFO - [2026-05-09T01:38:53.444+0000] {dagbag.py:545} INFO - Filling up the DagBag from /opt/airflow/dags/newyork_fhv_gold.py
[2026-05-09T01:38:53.484+0000] {processor.py:840} INFO - DAG(s) 'newyork_fhv_gold' retrieved from /opt/airflow/dags/newyork_fhv_gold.py
[2026-05-09T01:38:53.507+0000] {logging_mixin.py:188} INFO - [2026-05-09T01:38:53.506+0000] {dag.py:3096} INFO - Sync 1 DAGs
[2026-05-09T01:38:53.522+0000] {logging_mixin.py:188} INFO - [2026-05-09T01:38:53.522+0000] {dag.py:3954} INFO - Setting next_dagrun for newyork_fhv_gold to None, run_after=None
[2026-05-09T01:38:53.550+0000] {processor.py:183} INFO - Processing /opt/airflow/dags/newyork_fhv_gold.py took 0.119 seconds
[2026-05-09T01:39:23.672+0000] {processor.py:161} INFO - Started process (PID=2156) to work on /opt/airflow/dags/newyork_fhv_gold.py
[2026-05-09T01:39:23.675+0000] {processor.py:830} INFO - Processing file /opt/airflow/dags/newyork_fhv_gold.py for tasks to queue
[2026-05-09T01:39:23.679+0000] {logging_mixin.py:188} INFO - [2026-05-09T01:39:23.679+0000] {dagbag.py:545} INFO - Filling up the DagBag from /opt/airflow/dags/newyork_fhv_gold.py
[2026-05-09T01:39:23.740+0000] {processor.py:840} INFO - DAG(s) 'newyork_fhv_gold' retrieved from /opt/airflow/dags/newyork_fhv_gold.py
[2026-05-09T01:39:23.779+0000] {logging_mixin.py:188} INFO - [2026-05-09T01:39:23.778+0000] {dag.py:3096} INFO - Sync 1 DAGs
[2026-05-09T01:39:23.801+0000] {logging_mixin.py:188} INFO - [2026-05-09T01:39:23.800+0000] {dag.py:3954} INFO - Setting next_dagrun for newyork_fhv_gold to None, run_after=None
[2026-05-09T01:39:23.837+0000] {processor.py:183} INFO - Processing /opt/airflow/dags/newyork_fhv_gold.py took 0.180 seconds
[2026-05-09T01:39:53.992+0000] {processor.py:161} INFO - Started process (PID=2167) to work on /opt/airflow/dags/newyork_fhv_gold.py
[2026-05-09T01:39:53.993+0000] {processor.py:830} INFO - Processing file /opt/airflow/dags/newyork_fhv_gold.py for tasks to queue
[2026-05-09T01:39:53.996+0000] {logging_mixin.py:188} INFO - [2026-05-09T01:39:53.996+0000] {dagbag.py:545} INFO - Filling up the DagBag from /opt/airflow/dags/newyork_fhv_gold.py
[2026-05-09T01:39:54.029+0000] {processor.py:840} INFO - DAG(s) 'newyork_fhv_gold' retrieved from /opt/airflow/dags/newyork_fhv_gold.py
[2026-05-09T01:39:54.058+0000] {logging_mixin.py:188} INFO - [2026-05-09T01:39:54.057+0000] {dag.py:3096} INFO - Sync 1 DAGs
[2026-05-09T01:39:54.075+0000] {logging_mixin.py:188} INFO - [2026-05-09T01:39:54.074+0000] {dag.py:3954} INFO - Setting next_dagrun for newyork_fhv_gold to None, run_after=None
[2026-05-09T01:39:54.403+0000] {processor.py:183} INFO - Processing /opt/airflow/dags/newyork_fhv_gold.py took 0.420 seconds
[2026-05-09T01:40:24.837+0000] {processor.py:161} INFO - Started process (PID=2178) to work on /opt/airflow/dags/newyork_fhv_gold.py
[2026-05-09T01:40:24.839+0000] {processor.py:830} INFO - Processing file /opt/airflow/dags/newyork_fhv_gold.py for tasks to queue
[2026-05-09T01:40:24.842+0000] {logging_mixin.py:188} INFO - [2026-05-09T01:40:24.841+0000] {dagbag.py:545} INFO - Filling up the DagBag from /opt/airflow/dags/newyork_fhv_gold.py
[2026-05-09T01:40:24.870+0000] {processor.py:840} INFO - DAG(s) 'newyork_fhv_gold' retrieved from /opt/airflow/dags/newyork_fhv_gold.py
[2026-05-09T01:40:24.900+0000] {logging_mixin.py:188} INFO - [2026-05-09T01:40:24.900+0000] {dag.py:3096} INFO - Sync 1 DAGs
[2026-05-09T01:40:24.919+0000] {logging_mixin.py:188} INFO - [2026-05-09T01:40:24.919+0000] {dag.py:3954} INFO - Setting next_dagrun for newyork_fhv_gold to None, run_after=None
[2026-05-09T01:40:24.950+0000] {processor.py:183} INFO - Processing /opt/airflow/dags/newyork_fhv_gold.py took 0.120 seconds
[2026-05-09T01:40:55.863+0000] {processor.py:161} INFO - Started process (PID=2189) to work on /opt/airflow/dags/newyork_fhv_gold.py
[2026-05-09T01:40:55.866+0000] {processor.py:830} INFO - Processing file /opt/airflow/dags/newyork_fhv_gold.py for tasks to queue
[2026-05-09T01:40:55.869+0000] {logging_mixin.py:188} INFO - [2026-05-09T01:40:55.869+0000] {dagbag.py:545} INFO - Filling up the DagBag from /opt/airflow/dags/newyork_fhv_gold.py
[2026-05-09T01:40:55.902+0000] {processor.py:840} INFO - DAG(s) 'newyork_fhv_gold' retrieved from /opt/airflow/dags/newyork_fhv_gold.py
[2026-05-09T01:40:55.925+0000] {logging_mixin.py:188} INFO - [2026-05-09T01:40:55.925+0000] {dag.py:3096} INFO - Sync 1 DAGs
[2026-05-09T01:40:55.940+0000] {logging_mixin.py:188} INFO - [2026-05-09T01:40:55.939+0000] {dag.py:3954} INFO - Setting next_dagrun for newyork_fhv_gold to None, run_after=None
[2026-05-09T01:40:55.962+0000] {processor.py:183} INFO - Processing /opt/airflow/dags/newyork_fhv_gold.py took 0.114 seconds
[2026-05-09T01:41:26.925+0000] {processor.py:161} INFO - Started process (PID=2200) to work on /opt/airflow/dags/newyork_fhv_gold.py
[2026-05-09T01:41:26.928+0000] {processor.py:830} INFO - Processing file /opt/airflow/dags/newyork_fhv_gold.py for tasks to queue
[2026-05-09T01:41:26.934+0000] {logging_mixin.py:188} INFO - [2026-05-09T01:41:26.933+0000] {dagbag.py:545} INFO - Filling up the DagBag from /opt/airflow/dags/newyork_fhv_gold.py
[2026-05-09T01:41:26.987+0000] {processor.py:840} INFO - DAG(s) 'newyork_fhv_gold' retrieved from /opt/airflow/dags/newyork_fhv_gold.py
[2026-05-09T01:41:27.024+0000] {logging_mixin.py:188} INFO - [2026-05-09T01:41:27.024+0000] {dag.py:3096} INFO - Sync 1 DAGs
[2026-05-09T01:41:27.043+0000] {logging_mixin.py:188} INFO - [2026-05-09T01:41:27.042+0000] {dag.py:3954} INFO - Setting next_dagrun for newyork_fhv_gold to None, run_after=None
[2026-05-09T01:41:27.291+0000] {processor.py:183} INFO - Processing /opt/airflow/dags/newyork_fhv_gold.py took 0.381 seconds
[2026-05-09T01:41:57.588+0000] {processor.py:161} INFO - Started process (PID=2211) to work on /opt/airflow/dags/newyork_fhv_gold.py
[2026-05-09T01:41:57.590+0000] {processor.py:830} INFO - Processing file /opt/airflow/dags/newyork_fhv_gold.py for tasks to queue
[2026-05-09T01:41:57.593+0000] {logging_mixin.py:188} INFO - [2026-05-09T01:41:57.593+0000] {dagbag.py:545} INFO - Filling up the DagBag from /opt/airflow/dags/newyork_fhv_gold.py
[2026-05-09T01:41:57.635+0000] {processor.py:840} INFO - DAG(s) 'newyork_fhv_gold' retrieved from /opt/airflow/dags/newyork_fhv_gold.py
[2026-05-09T01:41:57.660+0000] {logging_mixin.py:188} INFO - [2026-05-09T01:41:57.660+0000] {dag.py:3096} INFO - Sync 1 DAGs
[2026-05-09T01:41:57.676+0000] {logging_mixin.py:188} INFO - [2026-05-09T01:41:57.676+0000] {dag.py:3954} INFO - Setting next_dagrun for newyork_fhv_gold to None, run_after=None
[2026-05-09T01:41:57.706+0000] {processor.py:183} INFO - Processing /opt/airflow/dags/newyork_fhv_gold.py took 0.129 seconds
[2026-05-09T01:42:28.495+0000] {processor.py:161} INFO - Started process (PID=2222) to work on /opt/airflow/dags/newyork_fhv_gold.py
[2026-05-09T01:42:28.496+0000] {processor.py:830} INFO - Processing file /opt/airflow/dags/newyork_fhv_gold.py for tasks to queue
[2026-05-09T01:42:28.499+0000] {logging_mixin.py:188} INFO - [2026-05-09T01:42:28.498+0000] {dagbag.py:545} INFO - Filling up the DagBag from /opt/airflow/dags/newyork_fhv_gold.py
[2026-05-09T01:42:28.521+0000] {processor.py:840} INFO - DAG(s) 'newyork_fhv_gold' retrieved from /opt/airflow/dags/newyork_fhv_gold.py
[2026-05-09T01:42:28.544+0000] {logging_mixin.py:188} INFO - [2026-05-09T01:42:28.543+0000] {dag.py:3096} INFO - Sync 1 DAGs
[2026-05-09T01:42:28.559+0000] {logging_mixin.py:188} INFO - [2026-05-09T01:42:28.559+0000] {dag.py:3954} INFO - Setting next_dagrun for newyork_fhv_gold to None, run_after=None
[2026-05-09T01:42:28.586+0000] {processor.py:183} INFO - Processing /opt/airflow/dags/newyork_fhv_gold.py took 0.099 seconds
[2026-05-09T01:42:59.506+0000] {processor.py:161} INFO - Started process (PID=2233) to work on /opt/airflow/dags/newyork_fhv_gold.py
[2026-05-09T01:42:59.508+0000] {processor.py:830} INFO - Processing file /opt/airflow/dags/newyork_fhv_gold.py for tasks to queue
[2026-05-09T01:42:59.513+0000] {logging_mixin.py:188} INFO - [2026-05-09T01:42:59.512+0000] {dagbag.py:545} INFO - Filling up the DagBag from /opt/airflow/dags/newyork_fhv_gold.py
[2026-05-09T01:42:59.559+0000] {processor.py:840} INFO - DAG(s) 'newyork_fhv_gold' retrieved from /opt/airflow/dags/newyork_fhv_gold.py
[2026-05-09T01:42:59.596+0000] {logging_mixin.py:188} INFO - [2026-05-09T01:42:59.596+0000] {dag.py:3096} INFO - Sync 1 DAGs
[2026-05-09T01:42:59.616+0000] {logging_mixin.py:188} INFO - [2026-05-09T01:42:59.616+0000] {dag.py:3954} INFO - Setting next_dagrun for newyork_fhv_gold to None, run_after=None
[2026-05-09T01:42:59.859+0000] {processor.py:183} INFO - Processing /opt/airflow/dags/newyork_fhv_gold.py took 0.366 seconds
[2026-05-09T01:43:30.548+0000] {processor.py:161} INFO - Started process (PID=2244) to work on /opt/airflow/dags/newyork_fhv_gold.py
[2026-05-09T01:43:30.551+0000] {processor.py:830} INFO - Processing file /opt/airflow/dags/newyork_fhv_gold.py for tasks to queue
[2026-05-09T01:43:30.555+0000] {logging_mixin.py:188} INFO - [2026-05-09T01:43:30.554+0000] {dagbag.py:545} INFO - Filling up the DagBag from /opt/airflow/dags/newyork_fhv_gold.py
[2026-05-09T01:43:30.598+0000] {processor.py:840} INFO - DAG(s) 'newyork_fhv_gold' retrieved from /opt/airflow/dags/newyork_fhv_gold.py
[2026-05-09T01:43:30.820+0000] {logging_mixin.py:188} INFO - [2026-05-09T01:43:30.820+0000] {dag.py:3096} INFO - Sync 1 DAGs
[2026-05-09T01:43:30.833+0000] {logging_mixin.py:188} INFO - [2026-05-09T01:43:30.832+0000] {dag.py:3954} INFO - Setting next_dagrun for newyork_fhv_gold to None, run_after=None
[2026-05-09T01:43:30.861+0000] {processor.py:183} INFO - Processing /opt/airflow/dags/newyork_fhv_gold.py took 0.323 seconds
[2026-05-09T01:44:01.203+0000] {processor.py:161} INFO - Started process (PID=2255) to work on /opt/airflow/dags/newyork_fhv_gold.py
[2026-05-09T01:44:01.206+0000] {processor.py:830} INFO - Processing file /opt/airflow/dags/newyork_fhv_gold.py for tasks to queue
[2026-05-09T01:44:01.211+0000] {logging_mixin.py:188} INFO - [2026-05-09T01:44:01.210+0000] {dagbag.py:545} INFO - Filling up the DagBag from /opt/airflow/dags/newyork_fhv_gold.py
[2026-05-09T01:44:01.256+0000] {processor.py:840} INFO - DAG(s) 'newyork_fhv_gold' retrieved from /opt/airflow/dags/newyork_fhv_gold.py
[2026-05-09T01:44:01.292+0000] {logging_mixin.py:188} INFO - [2026-05-09T01:44:01.292+0000] {dag.py:3096} INFO - Sync 1 DAGs
[2026-05-09T01:44:01.309+0000] {logging_mixin.py:188} INFO - [2026-05-09T01:44:01.308+0000] {dag.py:3954} INFO - Setting next_dagrun for newyork_fhv_gold to None, run_after=None
[2026-05-09T01:44:01.337+0000] {processor.py:183} INFO - Processing /opt/airflow/dags/newyork_fhv_gold.py took 0.147 seconds
[2026-05-09T01:44:32.229+0000] {processor.py:161} INFO - Started process (PID=2266) to work on /opt/airflow/dags/newyork_fhv_gold.py
[2026-05-09T01:44:32.232+0000] {processor.py:830} INFO - Processing file /opt/airflow/dags/newyork_fhv_gold.py for tasks to queue
[2026-05-09T01:44:32.236+0000] {logging_mixin.py:188} INFO - [2026-05-09T01:44:32.236+0000] {dagbag.py:545} INFO - Filling up the DagBag from /opt/airflow/dags/newyork_fhv_gold.py
[2026-05-09T01:44:32.270+0000] {processor.py:840} INFO - DAG(s) 'newyork_fhv_gold' retrieved from /opt/airflow/dags/newyork_fhv_gold.py
[2026-05-09T01:44:32.298+0000] {logging_mixin.py:188} INFO - [2026-05-09T01:44:32.298+0000] {dag.py:3096} INFO - Sync 1 DAGs
[2026-05-09T01:44:32.315+0000] {logging_mixin.py:188} INFO - [2026-05-09T01:44:32.315+0000] {dag.py:3954} INFO - Setting next_dagrun for newyork_fhv_gold to None, run_after=None
[2026-05-09T01:44:32.340+0000] {processor.py:183} INFO - Processing /opt/airflow/dags/newyork_fhv_gold.py took 0.125 seconds
[2026-05-09T01:45:03.196+0000] {processor.py:161} INFO - Started process (PID=2277) to work on /opt/airflow/dags/newyork_fhv_gold.py
[2026-05-09T01:45:03.199+0000] {processor.py:830} INFO - Processing file /opt/airflow/dags/newyork_fhv_gold.py for tasks to queue
[2026-05-09T01:45:03.202+0000] {logging_mixin.py:188} INFO - [2026-05-09T01:45:03.202+0000] {dagbag.py:545} INFO - Filling up the DagBag from /opt/airflow/dags/newyork_fhv_gold.py
[2026-05-09T01:45:03.238+0000] {processor.py:840} INFO - DAG(s) 'newyork_fhv_gold' retrieved from /opt/airflow/dags/newyork_fhv_gold.py
[2026-05-09T01:45:03.264+0000] {logging_mixin.py:188} INFO - [2026-05-09T01:45:03.264+0000] {dag.py:3096} INFO - Sync 1 DAGs
[2026-05-09T01:45:03.281+0000] {logging_mixin.py:188} INFO - [2026-05-09T01:45:03.281+0000] {dag.py:3954} INFO - Setting next_dagrun for newyork_fhv_gold to None, run_after=None
[2026-05-09T01:45:03.309+0000] {processor.py:183} INFO - Processing /opt/airflow/dags/newyork_fhv_gold.py took 0.125 seconds
[2026-05-09T01:45:34.093+0000] {processor.py:161} INFO - Started process (PID=2288) to work on /opt/airflow/dags/newyork_fhv_gold.py
[2026-05-09T01:45:34.094+0000] {processor.py:830} INFO - Processing file /opt/airflow/dags/newyork_fhv_gold.py for tasks to queue
[2026-05-09T01:45:34.098+0000] {logging_mixin.py:188} INFO - [2026-05-09T01:45:34.097+0000] {dagbag.py:545} INFO - Filling up the DagBag from /opt/airflow/dags/newyork_fhv_gold.py
[2026-05-09T01:45:34.133+0000] {processor.py:840} INFO - DAG(s) 'newyork_fhv_gold' retrieved from /opt/airflow/dags/newyork_fhv_gold.py
[2026-05-09T01:45:34.165+0000] {logging_mixin.py:188} INFO - [2026-05-09T01:45:34.164+0000] {dag.py:3096} INFO - Sync 1 DAGs
[2026-05-09T01:45:34.191+0000] {logging_mixin.py:188} INFO - [2026-05-09T01:45:34.191+0000] {dag.py:3954} INFO - Setting next_dagrun for newyork_fhv_gold to None, run_after=None
[2026-05-09T01:45:34.229+0000] {processor.py:183} INFO - Processing /opt/airflow/dags/newyork_fhv_gold.py took 0.145 seconds
[2026-05-09T01:46:05.099+0000] {processor.py:161} INFO - Started process (PID=2299) to work on /opt/airflow/dags/newyork_fhv_gold.py
[2026-05-09T01:46:05.101+0000] {processor.py:830} INFO - Processing file /opt/airflow/dags/newyork_fhv_gold.py for tasks to queue
[2026-05-09T01:46:05.105+0000] {logging_mixin.py:188} INFO - [2026-05-09T01:46:05.105+0000] {dagbag.py:545} INFO - Filling up the DagBag from /opt/airflow/dags/newyork_fhv_gold.py
[2026-05-09T01:46:05.150+0000] {processor.py:840} INFO - DAG(s) 'newyork_fhv_gold' retrieved from /opt/airflow/dags/newyork_fhv_gold.py
[2026-05-09T01:46:05.178+0000] {logging_mixin.py:188} INFO - [2026-05-09T01:46:05.178+0000] {dag.py:3096} INFO - Sync 1 DAGs
[2026-05-09T01:46:05.198+0000] {logging_mixin.py:188} INFO - [2026-05-09T01:46:05.198+0000] {dag.py:3954} INFO - Setting next_dagrun for newyork_fhv_gold to None, run_after=None
[2026-05-09T01:46:05.238+0000] {processor.py:183} INFO - Processing /opt/airflow/dags/newyork_fhv_gold.py took 0.150 seconds
[2026-05-09T01:46:36.151+0000] {processor.py:161} INFO - Started process (PID=2310) to work on /opt/airflow/dags/newyork_fhv_gold.py
[2026-05-09T01:46:36.153+0000] {processor.py:830} INFO - Processing file /opt/airflow/dags/newyork_fhv_gold.py for tasks to queue
[2026-05-09T01:46:36.159+0000] {logging_mixin.py:188} INFO - [2026-05-09T01:46:36.159+0000] {dagbag.py:545} INFO - Filling up the DagBag from /opt/airflow/dags/newyork_fhv_gold.py
[2026-05-09T01:46:36.238+0000] {processor.py:840} INFO - DAG(s) 'newyork_fhv_gold' retrieved from /opt/airflow/dags/newyork_fhv_gold.py
[2026-05-09T01:46:36.271+0000] {logging_mixin.py:188} INFO - [2026-05-09T01:46:36.271+0000] {dag.py:3096} INFO - Sync 1 DAGs
[2026-05-09T01:46:36.290+0000] {logging_mixin.py:188} INFO - [2026-05-09T01:46:36.290+0000] {dag.py:3954} INFO - Setting next_dagrun for newyork_fhv_gold to None, run_after=None
[2026-05-09T01:46:36.325+0000] {processor.py:183} INFO - Processing /opt/airflow/dags/newyork_fhv_gold.py took 0.184 seconds
[2026-05-09T01:47:06.404+0000] {processor.py:161} INFO - Started process (PID=2327) to work on /opt/airflow/dags/newyork_fhv_gold.py
[2026-05-09T01:47:06.405+0000] {processor.py:830} INFO - Processing file /opt/airflow/dags/newyork_fhv_gold.py for tasks to queue
[2026-05-09T01:47:06.410+0000] {logging_mixin.py:188} INFO - [2026-05-09T01:47:06.409+0000] {dagbag.py:545} INFO - Filling up the DagBag from /opt/airflow/dags/newyork_fhv_gold.py
[2026-05-09T01:47:06.455+0000] {processor.py:840} INFO - DAG(s) 'newyork_fhv_gold' retrieved from /opt/airflow/dags/newyork_fhv_gold.py
[2026-05-09T01:47:06.487+0000] {logging_mixin.py:188} INFO - [2026-05-09T01:47:06.486+0000] {dag.py:3096} INFO - Sync 1 DAGs
[2026-05-09T01:47:06.519+0000] {logging_mixin.py:188} INFO - [2026-05-09T01:47:06.519+0000] {dag.py:3954} INFO - Setting next_dagrun for newyork_fhv_gold to None, run_after=None
[2026-05-09T01:47:06.548+0000] {processor.py:183} INFO - Processing /opt/airflow/dags/newyork_fhv_gold.py took 0.154 seconds
[2026-05-09T01:47:36.822+0000] {processor.py:161} INFO - Started process (PID=2338) to work on /opt/airflow/dags/newyork_fhv_gold.py
[2026-05-09T01:47:36.824+0000] {processor.py:830} INFO - Processing file /opt/airflow/dags/newyork_fhv_gold.py for tasks to queue
[2026-05-09T01:47:36.826+0000] {logging_mixin.py:188} INFO - [2026-05-09T01:47:36.826+0000] {dagbag.py:545} INFO - Filling up the DagBag from /opt/airflow/dags/newyork_fhv_gold.py
[2026-05-09T01:47:36.861+0000] {processor.py:840} INFO - DAG(s) 'newyork_fhv_gold' retrieved from /opt/airflow/dags/newyork_fhv_gold.py
[2026-05-09T01:47:36.893+0000] {logging_mixin.py:188} INFO - [2026-05-09T01:47:36.892+0000] {dag.py:3096} INFO - Sync 1 DAGs
[2026-05-09T01:47:36.912+0000] {logging_mixin.py:188} INFO - [2026-05-09T01:47:36.912+0000] {dag.py:3954} INFO - Setting next_dagrun for newyork_fhv_gold to None, run_after=None
[2026-05-09T01:47:36.945+0000] {processor.py:183} INFO - Processing /opt/airflow/dags/newyork_fhv_gold.py took 0.134 seconds
[2026-05-09T01:48:07.182+0000] {processor.py:161} INFO - Started process (PID=2349) to work on /opt/airflow/dags/newyork_fhv_gold.py
[2026-05-09T01:48:07.185+0000] {processor.py:830} INFO - Processing file /opt/airflow/dags/newyork_fhv_gold.py for tasks to queue
[2026-05-09T01:48:07.190+0000] {logging_mixin.py:188} INFO - [2026-05-09T01:48:07.189+0000] {dagbag.py:545} INFO - Filling up the DagBag from /opt/airflow/dags/newyork_fhv_gold.py
[2026-05-09T01:48:07.247+0000] {processor.py:840} INFO - DAG(s) 'newyork_fhv_gold' retrieved from /opt/airflow/dags/newyork_fhv_gold.py
[2026-05-09T01:48:07.287+0000] {logging_mixin.py:188} INFO - [2026-05-09T01:48:07.286+0000] {dag.py:3096} INFO - Sync 1 DAGs
[2026-05-09T01:48:07.307+0000] {logging_mixin.py:188} INFO - [2026-05-09T01:48:07.307+0000] {dag.py:3954} INFO - Setting next_dagrun for newyork_fhv_gold to None, run_after=None
[2026-05-09T01:48:07.331+0000] {processor.py:183} INFO - Processing /opt/airflow/dags/newyork_fhv_gold.py took 0.158 seconds
[2026-05-09T01:48:37.887+0000] {processor.py:161} INFO - Started process (PID=2360) to work on /opt/airflow/dags/newyork_fhv_gold.py
[2026-05-09T01:48:37.890+0000] {processor.py:830} INFO - Processing file /opt/airflow/dags/newyork_fhv_gold.py for tasks to queue
[2026-05-09T01:48:37.896+0000] {logging_mixin.py:188} INFO - [2026-05-09T01:48:37.895+0000] {dagbag.py:545} INFO - Filling up the DagBag from /opt/airflow/dags/newyork_fhv_gold.py
[2026-05-09T01:48:37.940+0000] {processor.py:840} INFO - DAG(s) 'newyork_fhv_gold' retrieved from /opt/airflow/dags/newyork_fhv_gold.py
[2026-05-09T01:48:37.981+0000] {logging_mixin.py:188} INFO - [2026-05-09T01:48:37.981+0000] {dag.py:3096} INFO - Sync 1 DAGs
[2026-05-09T01:48:38.008+0000] {logging_mixin.py:188} INFO - [2026-05-09T01:48:38.008+0000] {dag.py:3954} INFO - Setting next_dagrun for newyork_fhv_gold to None, run_after=None
[2026-05-09T01:48:38.048+0000] {processor.py:183} INFO - Processing /opt/airflow/dags/newyork_fhv_gold.py took 0.173 seconds
[2026-05-09T01:49:08.206+0000] {processor.py:161} INFO - Started process (PID=2371) to work on /opt/airflow/dags/newyork_fhv_gold.py
[2026-05-09T01:49:08.208+0000] {processor.py:830} INFO - Processing file /opt/airflow/dags/newyork_fhv_gold.py for tasks to queue
[2026-05-09T01:49:08.214+0000] {logging_mixin.py:188} INFO - [2026-05-09T01:49:08.213+0000] {dagbag.py:545} INFO - Filling up the DagBag from /opt/airflow/dags/newyork_fhv_gold.py
[2026-05-09T01:49:08.277+0000] {processor.py:840} INFO - DAG(s) 'newyork_fhv_gold' retrieved from /opt/airflow/dags/newyork_fhv_gold.py
[2026-05-09T01:49:08.315+0000] {logging_mixin.py:188} INFO - [2026-05-09T01:49:08.315+0000] {dag.py:3096} INFO - Sync 1 DAGs
[2026-05-09T01:49:08.341+0000] {logging_mixin.py:188} INFO - [2026-05-09T01:49:08.341+0000] {dag.py:3954} INFO - Setting next_dagrun for newyork_fhv_gold to None, run_after=None
[2026-05-09T01:49:08.399+0000] {processor.py:183} INFO - Processing /opt/airflow/dags/newyork_fhv_gold.py took 0.203 seconds
[2026-05-09T01:49:39.399+0000] {processor.py:161} INFO - Started process (PID=2382) to work on /opt/airflow/dags/newyork_fhv_gold.py
[2026-05-09T01:49:39.401+0000] {processor.py:830} INFO - Processing file /opt/airflow/dags/newyork_fhv_gold.py for tasks to queue
[2026-05-09T01:49:39.405+0000] {logging_mixin.py:188} INFO - [2026-05-09T01:49:39.405+0000] {dagbag.py:545} INFO - Filling up the DagBag from /opt/airflow/dags/newyork_fhv_gold.py
[2026-05-09T01:49:39.463+0000] {processor.py:840} INFO - DAG(s) 'newyork_fhv_gold' retrieved from /opt/airflow/dags/newyork_fhv_gold.py
[2026-05-09T01:49:39.499+0000] {logging_mixin.py:188} INFO - [2026-05-09T01:49:39.499+0000] {dag.py:3096} INFO - Sync 1 DAGs
[2026-05-09T01:49:39.524+0000] {logging_mixin.py:188} INFO - [2026-05-09T01:49:39.523+0000] {dag.py:3954} INFO - Setting next_dagrun for newyork_fhv_gold to None, run_after=None
[2026-05-09T01:49:39.556+0000] {processor.py:183} INFO - Processing /opt/airflow/dags/newyork_fhv_gold.py took 0.171 seconds
[2026-05-09T01:50:09.700+0000] {processor.py:161} INFO - Started process (PID=2393) to work on /opt/airflow/dags/newyork_fhv_gold.py
[2026-05-09T01:50:09.702+0000] {processor.py:830} INFO - Processing file /opt/airflow/dags/newyork_fhv_gold.py for tasks to queue
[2026-05-09T01:50:09.706+0000] {logging_mixin.py:188} INFO - [2026-05-09T01:50:09.706+0000] {dagbag.py:545} INFO - Filling up the DagBag from /opt/airflow/dags/newyork_fhv_gold.py
[2026-05-09T01:50:09.758+0000] {processor.py:840} INFO - DAG(s) 'newyork_fhv_gold' retrieved from /opt/airflow/dags/newyork_fhv_gold.py
[2026-05-09T01:50:09.792+0000] {logging_mixin.py:188} INFO - [2026-05-09T01:50:09.792+0000] {dag.py:3096} INFO - Sync 1 DAGs
[2026-05-09T01:50:09.812+0000] {logging_mixin.py:188} INFO - [2026-05-09T01:50:09.811+0000] {dag.py:3954} INFO - Setting next_dagrun for newyork_fhv_gold to None, run_after=None
[2026-05-09T01:50:09.850+0000] {processor.py:183} INFO - Processing /opt/airflow/dags/newyork_fhv_gold.py took 0.161 seconds
[2026-05-09T01:50:40.106+0000] {processor.py:161} INFO - Started process (PID=2404) to work on /opt/airflow/dags/newyork_fhv_gold.py
[2026-05-09T01:50:40.108+0000] {processor.py:830} INFO - Processing file /opt/airflow/dags/newyork_fhv_gold.py for tasks to queue
[2026-05-09T01:50:40.112+0000] {logging_mixin.py:188} INFO - [2026-05-09T01:50:40.111+0000] {dagbag.py:545} INFO - Filling up the DagBag from /opt/airflow/dags/newyork_fhv_gold.py
[2026-05-09T01:50:40.165+0000] {processor.py:840} INFO - DAG(s) 'newyork_fhv_gold' retrieved from /opt/airflow/dags/newyork_fhv_gold.py
[2026-05-09T01:50:40.207+0000] {logging_mixin.py:188} INFO - [2026-05-09T01:50:40.206+0000] {dag.py:3096} INFO - Sync 1 DAGs
[2026-05-09T01:50:40.230+0000] {logging_mixin.py:188} INFO - [2026-05-09T01:50:40.230+0000] {dag.py:3954} INFO - Setting next_dagrun for newyork_fhv_gold to None, run_after=None
[2026-05-09T01:50:40.265+0000] {processor.py:183} INFO - Processing /opt/airflow/dags/newyork_fhv_gold.py took 0.170 seconds
[2026-05-09T01:51:10.416+0000] {processor.py:161} INFO - Started process (PID=2415) to work on /opt/airflow/dags/newyork_fhv_gold.py
[2026-05-09T01:51:10.418+0000] {processor.py:830} INFO - Processing file /opt/airflow/dags/newyork_fhv_gold.py for tasks to queue
[2026-05-09T01:51:10.422+0000] {logging_mixin.py:188} INFO - [2026-05-09T01:51:10.421+0000] {dagbag.py:545} INFO - Filling up the DagBag from /opt/airflow/dags/newyork_fhv_gold.py
[2026-05-09T01:51:10.478+0000] {processor.py:840} INFO - DAG(s) 'newyork_fhv_gold' retrieved from /opt/airflow/dags/newyork_fhv_gold.py
[2026-05-09T01:51:10.513+0000] {logging_mixin.py:188} INFO - [2026-05-09T01:51:10.512+0000] {dag.py:3096} INFO - Sync 1 DAGs
[2026-05-09T01:51:10.531+0000] {logging_mixin.py:188} INFO - [2026-05-09T01:51:10.530+0000] {dag.py:3954} INFO - Setting next_dagrun for newyork_fhv_gold to None, run_after=None
[2026-05-09T01:51:10.561+0000] {processor.py:183} INFO - Processing /opt/airflow/dags/newyork_fhv_gold.py took 0.159 seconds
[2026-05-09T01:51:40.824+0000] {processor.py:161} INFO - Started process (PID=2426) to work on /opt/airflow/dags/newyork_fhv_gold.py
[2026-05-09T01:51:40.827+0000] {processor.py:830} INFO - Processing file /opt/airflow/dags/newyork_fhv_gold.py for tasks to queue
[2026-05-09T01:51:40.832+0000] {logging_mixin.py:188} INFO - [2026-05-09T01:51:40.832+0000] {dagbag.py:545} INFO - Filling up the DagBag from /opt/airflow/dags/newyork_fhv_gold.py
[2026-05-09T01:51:40.887+0000] {processor.py:840} INFO - DAG(s) 'newyork_fhv_gold' retrieved from /opt/airflow/dags/newyork_fhv_gold.py
[2026-05-09T01:51:40.923+0000] {logging_mixin.py:188} INFO - [2026-05-09T01:51:40.922+0000] {dag.py:3096} INFO - Sync 1 DAGs
[2026-05-09T01:51:40.945+0000] {logging_mixin.py:188} INFO - [2026-05-09T01:51:40.944+0000] {dag.py:3954} INFO - Setting next_dagrun for newyork_fhv_gold to None, run_after=None
[2026-05-09T01:51:40.982+0000] {processor.py:183} INFO - Processing /opt/airflow/dags/newyork_fhv_gold.py took 0.168 seconds
[2026-05-09T01:52:11.158+0000] {processor.py:161} INFO - Started process (PID=2437) to work on /opt/airflow/dags/newyork_fhv_gold.py
[2026-05-09T01:52:11.161+0000] {processor.py:830} INFO - Processing file /opt/airflow/dags/newyork_fhv_gold.py for tasks to queue
[2026-05-09T01:52:11.166+0000] {logging_mixin.py:188} INFO - [2026-05-09T01:52:11.165+0000] {dagbag.py:545} INFO - Filling up the DagBag from /opt/airflow/dags/newyork_fhv_gold.py
[2026-05-09T01:52:11.219+0000] {processor.py:840} INFO - DAG(s) 'newyork_fhv_gold' retrieved from /opt/airflow/dags/newyork_fhv_gold.py
[2026-05-09T01:52:11.249+0000] {logging_mixin.py:188} INFO - [2026-05-09T01:52:11.248+0000] {dag.py:3096} INFO - Sync 1 DAGs
[2026-05-09T01:52:11.281+0000] {logging_mixin.py:188} INFO - [2026-05-09T01:52:11.280+0000] {dag.py:3954} INFO - Setting next_dagrun for newyork_fhv_gold to None, run_after=None
[2026-05-09T01:52:11.328+0000] {processor.py:183} INFO - Processing /opt/airflow/dags/newyork_fhv_gold.py took 0.183 seconds
[2026-05-09T01:52:42.247+0000] {processor.py:161} INFO - Started process (PID=2448) to work on /opt/airflow/dags/newyork_fhv_gold.py
[2026-05-09T01:52:42.250+0000] {processor.py:830} INFO - Processing file /opt/airflow/dags/newyork_fhv_gold.py for tasks to queue
[2026-05-09T01:52:42.256+0000] {logging_mixin.py:188} INFO - [2026-05-09T01:52:42.255+0000] {dagbag.py:545} INFO - Filling up the DagBag from /opt/airflow/dags/newyork_fhv_gold.py
[2026-05-09T01:52:42.308+0000] {processor.py:840} INFO - DAG(s) 'newyork_fhv_gold' retrieved from /opt/airflow/dags/newyork_fhv_gold.py
[2026-05-09T01:52:42.344+0000] {logging_mixin.py:188} INFO - [2026-05-09T01:52:42.344+0000] {dag.py:3096} INFO - Sync 1 DAGs
[2026-05-09T01:52:42.365+0000] {logging_mixin.py:188} INFO - [2026-05-09T01:52:42.365+0000] {dag.py:3954} INFO - Setting next_dagrun for newyork_fhv_gold to None, run_after=None
[2026-05-09T01:52:42.391+0000] {processor.py:183} INFO - Processing /opt/airflow/dags/newyork_fhv_gold.py took 0.158 seconds
[2026-05-09T01:53:12.578+0000] {processor.py:161} INFO - Started process (PID=2459) to work on /opt/airflow/dags/newyork_fhv_gold.py
[2026-05-09T01:53:12.581+0000] {processor.py:830} INFO - Processing file /opt/airflow/dags/newyork_fhv_gold.py for tasks to queue
[2026-05-09T01:53:12.585+0000] {logging_mixin.py:188} INFO - [2026-05-09T01:53:12.584+0000] {dagbag.py:545} INFO - Filling up the DagBag from /opt/airflow/dags/newyork_fhv_gold.py
[2026-05-09T01:53:12.640+0000] {processor.py:840} INFO - DAG(s) 'newyork_fhv_gold' retrieved from /opt/airflow/dags/newyork_fhv_gold.py
[2026-05-09T01:53:12.676+0000] {logging_mixin.py:188} INFO - [2026-05-09T01:53:12.675+0000] {dag.py:3096} INFO - Sync 1 DAGs
[2026-05-09T01:53:12.698+0000] {logging_mixin.py:188} INFO - [2026-05-09T01:53:12.698+0000] {dag.py:3954} INFO - Setting next_dagrun for newyork_fhv_gold to None, run_after=None
[2026-05-09T01:53:12.733+0000] {processor.py:183} INFO - Processing /opt/airflow/dags/newyork_fhv_gold.py took 0.167 seconds
[2026-05-09T01:53:42.976+0000] {processor.py:161} INFO - Started process (PID=2470) to work on /opt/airflow/dags/newyork_fhv_gold.py
[2026-05-09T01:53:42.978+0000] {processor.py:830} INFO - Processing file /opt/airflow/dags/newyork_fhv_gold.py for tasks to queue
[2026-05-09T01:53:42.982+0000] {logging_mixin.py:188} INFO - [2026-05-09T01:53:42.981+0000] {dagbag.py:545} INFO - Filling up the DagBag from /opt/airflow/dags/newyork_fhv_gold.py
[2026-05-09T01:53:43.036+0000] {processor.py:840} INFO - DAG(s) 'newyork_fhv_gold' retrieved from /opt/airflow/dags/newyork_fhv_gold.py
[2026-05-09T01:53:43.072+0000] {logging_mixin.py:188} INFO - [2026-05-09T01:53:43.071+0000] {dag.py:3096} INFO - Sync 1 DAGs
[2026-05-09T01:53:43.087+0000] {logging_mixin.py:188} INFO - [2026-05-09T01:53:43.086+0000] {dag.py:3954} INFO - Setting next_dagrun for newyork_fhv_gold to None, run_after=None
[2026-05-09T01:53:43.116+0000] {processor.py:183} INFO - Processing /opt/airflow/dags/newyork_fhv_gold.py took 0.149 seconds
[2026-05-09T01:54:13.518+0000] {processor.py:161} INFO - Started process (PID=2481) to work on /opt/airflow/dags/newyork_fhv_gold.py
[2026-05-09T01:54:13.520+0000] {processor.py:830} INFO - Processing file /opt/airflow/dags/newyork_fhv_gold.py for tasks to queue
[2026-05-09T01:54:13.528+0000] {logging_mixin.py:188} INFO - [2026-05-09T01:54:13.527+0000] {dagbag.py:545} INFO - Filling up the DagBag from /opt/airflow/dags/newyork_fhv_gold.py
[2026-05-09T01:54:13.579+0000] {processor.py:840} INFO - DAG(s) 'newyork_fhv_gold' retrieved from /opt/airflow/dags/newyork_fhv_gold.py
[2026-05-09T01:54:13.608+0000] {logging_mixin.py:188} INFO - [2026-05-09T01:54:13.607+0000] {dag.py:3096} INFO - Sync 1 DAGs
[2026-05-09T01:54:13.631+0000] {logging_mixin.py:188} INFO - [2026-05-09T01:54:13.630+0000] {dag.py:3954} INFO - Setting next_dagrun for newyork_fhv_gold to None, run_after=None
[2026-05-09T01:54:13.663+0000] {processor.py:183} INFO - Processing /opt/airflow/dags/newyork_fhv_gold.py took 0.157 seconds
[2026-05-09T01:54:43.823+0000] {processor.py:161} INFO - Started process (PID=2492) to work on /opt/airflow/dags/newyork_fhv_gold.py
[2026-05-09T01:54:43.826+0000] {processor.py:830} INFO - Processing file /opt/airflow/dags/newyork_fhv_gold.py for tasks to queue
[2026-05-09T01:54:43.831+0000] {logging_mixin.py:188} INFO - [2026-05-09T01:54:43.830+0000] {dagbag.py:545} INFO - Filling up the DagBag from /opt/airflow/dags/newyork_fhv_gold.py
[2026-05-09T01:54:43.874+0000] {processor.py:840} INFO - DAG(s) 'newyork_fhv_gold' retrieved from /opt/airflow/dags/newyork_fhv_gold.py
[2026-05-09T01:54:43.903+0000] {logging_mixin.py:188} INFO - [2026-05-09T01:54:43.903+0000] {dag.py:3096} INFO - Sync 1 DAGs
[2026-05-09T01:54:43.918+0000] {logging_mixin.py:188} INFO - [2026-05-09T01:54:43.918+0000] {dag.py:3954} INFO - Setting next_dagrun for newyork_fhv_gold to None, run_after=None
[2026-05-09T01:54:43.943+0000] {processor.py:183} INFO - Processing /opt/airflow/dags/newyork_fhv_gold.py took 0.130 seconds
[2026-05-09T01:55:14.354+0000] {processor.py:161} INFO - Started process (PID=2503) to work on /opt/airflow/dags/newyork_fhv_gold.py
[2026-05-09T01:55:14.357+0000] {processor.py:830} INFO - Processing file /opt/airflow/dags/newyork_fhv_gold.py for tasks to queue
[2026-05-09T01:55:14.360+0000] {logging_mixin.py:188} INFO - [2026-05-09T01:55:14.360+0000] {dagbag.py:545} INFO - Filling up the DagBag from /opt/airflow/dags/newyork_fhv_gold.py
[2026-05-09T01:55:14.405+0000] {processor.py:840} INFO - DAG(s) 'newyork_fhv_gold' retrieved from /opt/airflow/dags/newyork_fhv_gold.py
[2026-05-09T01:55:14.439+0000] {logging_mixin.py:188} INFO - [2026-05-09T01:55:14.438+0000] {dag.py:3096} INFO - Sync 1 DAGs
[2026-05-09T01:55:14.462+0000] {logging_mixin.py:188} INFO - [2026-05-09T01:55:14.462+0000] {dag.py:3954} INFO - Setting next_dagrun for newyork_fhv_gold to None, run_after=None
[2026-05-09T01:55:14.502+0000] {processor.py:183} INFO - Processing /opt/airflow/dags/newyork_fhv_gold.py took 0.156 seconds
[2026-05-09T01:55:44.789+0000] {processor.py:161} INFO - Started process (PID=2514) to work on /opt/airflow/dags/newyork_fhv_gold.py
[2026-05-09T01:55:44.792+0000] {processor.py:830} INFO - Processing file /opt/airflow/dags/newyork_fhv_gold.py for tasks to queue
[2026-05-09T01:55:44.796+0000] {logging_mixin.py:188} INFO - [2026-05-09T01:55:44.795+0000] {dagbag.py:545} INFO - Filling up the DagBag from /opt/airflow/dags/newyork_fhv_gold.py
[2026-05-09T01:55:44.843+0000] {processor.py:840} INFO - DAG(s) 'newyork_fhv_gold' retrieved from /opt/airflow/dags/newyork_fhv_gold.py
[2026-05-09T01:55:44.879+0000] {logging_mixin.py:188} INFO - [2026-05-09T01:55:44.879+0000] {dag.py:3096} INFO - Sync 1 DAGs
[2026-05-09T01:55:44.903+0000] {logging_mixin.py:188} INFO - [2026-05-09T01:55:44.902+0000] {dag.py:3954} INFO - Setting next_dagrun for newyork_fhv_gold to None, run_after=None
[2026-05-09T01:55:44.942+0000] {processor.py:183} INFO - Processing /opt/airflow/dags/newyork_fhv_gold.py took 0.164 seconds
[2026-05-09T01:56:15.199+0000] {processor.py:161} INFO - Started process (PID=2525) to work on /opt/airflow/dags/newyork_fhv_gold.py
[2026-05-09T01:56:15.201+0000] {processor.py:830} INFO - Processing file /opt/airflow/dags/newyork_fhv_gold.py for tasks to queue
[2026-05-09T01:56:15.208+0000] {logging_mixin.py:188} INFO - [2026-05-09T01:56:15.208+0000] {dagbag.py:545} INFO - Filling up the DagBag from /opt/airflow/dags/newyork_fhv_gold.py
[2026-05-09T01:56:15.249+0000] {processor.py:840} INFO - DAG(s) 'newyork_fhv_gold' retrieved from /opt/airflow/dags/newyork_fhv_gold.py
[2026-05-09T01:56:15.276+0000] {logging_mixin.py:188} INFO - [2026-05-09T01:56:15.276+0000] {dag.py:3096} INFO - Sync 1 DAGs
[2026-05-09T01:56:15.290+0000] {logging_mixin.py:188} INFO - [2026-05-09T01:56:15.290+0000] {dag.py:3954} INFO - Setting next_dagrun for newyork_fhv_gold to None, run_after=None
[2026-05-09T01:56:15.322+0000] {processor.py:183} INFO - Processing /opt/airflow/dags/newyork_fhv_gold.py took 0.131 seconds
[2026-05-09T01:56:45.432+0000] {processor.py:161} INFO - Started process (PID=2536) to work on /opt/airflow/dags/newyork_fhv_gold.py
[2026-05-09T01:56:45.435+0000] {processor.py:830} INFO - Processing file /opt/airflow/dags/newyork_fhv_gold.py for tasks to queue
[2026-05-09T01:56:45.439+0000] {logging_mixin.py:188} INFO - [2026-05-09T01:56:45.438+0000] {dagbag.py:545} INFO - Filling up the DagBag from /opt/airflow/dags/newyork_fhv_gold.py
[2026-05-09T01:56:45.489+0000] {processor.py:840} INFO - DAG(s) 'newyork_fhv_gold' retrieved from /opt/airflow/dags/newyork_fhv_gold.py
[2026-05-09T01:56:45.535+0000] {logging_mixin.py:188} INFO - [2026-05-09T01:56:45.534+0000] {dag.py:3096} INFO - Sync 1 DAGs
[2026-05-09T01:56:45.564+0000] {logging_mixin.py:188} INFO - [2026-05-09T01:56:45.563+0000] {dag.py:3954} INFO - Setting next_dagrun for newyork_fhv_gold to None, run_after=None
[2026-05-09T01:56:45.619+0000] {processor.py:183} INFO - Processing /opt/airflow/dags/newyork_fhv_gold.py took 0.202 seconds
[2026-05-09T01:57:15.794+0000] {processor.py:161} INFO - Started process (PID=2547) to work on /opt/airflow/dags/newyork_fhv_gold.py
[2026-05-09T01:57:15.796+0000] {processor.py:830} INFO - Processing file /opt/airflow/dags/newyork_fhv_gold.py for tasks to queue
[2026-05-09T01:57:15.799+0000] {logging_mixin.py:188} INFO - [2026-05-09T01:57:15.799+0000] {dagbag.py:545} INFO - Filling up the DagBag from /opt/airflow/dags/newyork_fhv_gold.py
[2026-05-09T01:57:15.831+0000] {processor.py:840} INFO - DAG(s) 'newyork_fhv_gold' retrieved from /opt/airflow/dags/newyork_fhv_gold.py
[2026-05-09T01:57:15.858+0000] {logging_mixin.py:188} INFO - [2026-05-09T01:57:15.858+0000] {dag.py:3096} INFO - Sync 1 DAGs
[2026-05-09T01:57:15.928+0000] {logging_mixin.py:188} INFO - [2026-05-09T01:57:15.927+0000] {dag.py:3954} INFO - Setting next_dagrun for newyork_fhv_gold to None, run_after=None
[2026-05-09T01:57:16.048+0000] {processor.py:183} INFO - Processing /opt/airflow/dags/newyork_fhv_gold.py took 0.262 seconds
[2026-05-09T01:57:46.839+0000] {processor.py:161} INFO - Started process (PID=2558) to work on /opt/airflow/dags/newyork_fhv_gold.py
[2026-05-09T01:57:46.842+0000] {processor.py:830} INFO - Processing file /opt/airflow/dags/newyork_fhv_gold.py for tasks to queue
[2026-05-09T01:57:46.847+0000] {logging_mixin.py:188} INFO - [2026-05-09T01:57:46.846+0000] {dagbag.py:545} INFO - Filling up the DagBag from /opt/airflow/dags/newyork_fhv_gold.py
[2026-05-09T01:57:46.911+0000] {processor.py:840} INFO - DAG(s) 'newyork_fhv_gold' retrieved from /opt/airflow/dags/newyork_fhv_gold.py
[2026-05-09T01:57:46.941+0000] {logging_mixin.py:188} INFO - [2026-05-09T01:57:46.941+0000] {dag.py:3096} INFO - Sync 1 DAGs
[2026-05-09T01:57:46.960+0000] {logging_mixin.py:188} INFO - [2026-05-09T01:57:46.960+0000] {dag.py:3954} INFO - Setting next_dagrun for newyork_fhv_gold to None, run_after=None
[2026-05-09T01:57:47.001+0000] {processor.py:183} INFO - Processing /opt/airflow/dags/newyork_fhv_gold.py took 0.179 seconds
[2026-05-09T01:58:17.811+0000] {processor.py:161} INFO - Started process (PID=2569) to work on /opt/airflow/dags/newyork_fhv_gold.py
[2026-05-09T01:58:17.814+0000] {processor.py:830} INFO - Processing file /opt/airflow/dags/newyork_fhv_gold.py for tasks to queue
[2026-05-09T01:58:17.820+0000] {logging_mixin.py:188} INFO - [2026-05-09T01:58:17.819+0000] {dagbag.py:545} INFO - Filling up the DagBag from /opt/airflow/dags/newyork_fhv_gold.py
[2026-05-09T01:58:17.880+0000] {processor.py:840} INFO - DAG(s) 'newyork_fhv_gold' retrieved from /opt/airflow/dags/newyork_fhv_gold.py
[2026-05-09T01:58:17.913+0000] {logging_mixin.py:188} INFO - [2026-05-09T01:58:17.912+0000] {dag.py:3096} INFO - Sync 1 DAGs
[2026-05-09T01:58:17.931+0000] {logging_mixin.py:188} INFO - [2026-05-09T01:58:17.930+0000] {dag.py:3954} INFO - Setting next_dagrun for newyork_fhv_gold to None, run_after=None
[2026-05-09T01:58:17.959+0000] {processor.py:183} INFO - Processing /opt/airflow/dags/newyork_fhv_gold.py took 0.163 seconds
[2026-05-09T01:58:48.102+0000] {processor.py:161} INFO - Started process (PID=2581) to work on /opt/airflow/dags/newyork_fhv_gold.py
[2026-05-09T01:58:48.106+0000] {processor.py:830} INFO - Processing file /opt/airflow/dags/newyork_fhv_gold.py for tasks to queue
[2026-05-09T01:58:48.110+0000] {logging_mixin.py:188} INFO - [2026-05-09T01:58:48.110+0000] {dagbag.py:545} INFO - Filling up the DagBag from /opt/airflow/dags/newyork_fhv_gold.py
[2026-05-09T01:58:48.169+0000] {processor.py:840} INFO - DAG(s) 'newyork_fhv_gold' retrieved from /opt/airflow/dags/newyork_fhv_gold.py
[2026-05-09T01:58:48.211+0000] {logging_mixin.py:188} INFO - [2026-05-09T01:58:48.211+0000] {dag.py:3096} INFO - Sync 1 DAGs
[2026-05-09T01:58:48.233+0000] {logging_mixin.py:188} INFO - [2026-05-09T01:58:48.233+0000] {dag.py:3954} INFO - Setting next_dagrun for newyork_fhv_gold to None, run_after=None
[2026-05-09T01:58:48.284+0000] {processor.py:183} INFO - Processing /opt/airflow/dags/newyork_fhv_gold.py took 0.194 seconds
[2026-05-09T01:59:18.698+0000] {processor.py:161} INFO - Started process (PID=2592) to work on /opt/airflow/dags/newyork_fhv_gold.py
[2026-05-09T01:59:18.701+0000] {processor.py:830} INFO - Processing file /opt/airflow/dags/newyork_fhv_gold.py for tasks to queue
[2026-05-09T01:59:18.705+0000] {logging_mixin.py:188} INFO - [2026-05-09T01:59:18.705+0000] {dagbag.py:545} INFO - Filling up the DagBag from /opt/airflow/dags/newyork_fhv_gold.py
[2026-05-09T01:59:18.755+0000] {processor.py:840} INFO - DAG(s) 'newyork_fhv_gold' retrieved from /opt/airflow/dags/newyork_fhv_gold.py
[2026-05-09T01:59:18.791+0000] {logging_mixin.py:188} INFO - [2026-05-09T01:59:18.791+0000] {dag.py:3096} INFO - Sync 1 DAGs
[2026-05-09T01:59:18.808+0000] {logging_mixin.py:188} INFO - [2026-05-09T01:59:18.808+0000] {dag.py:3954} INFO - Setting next_dagrun for newyork_fhv_gold to None, run_after=None
[2026-05-09T01:59:18.839+0000] {processor.py:183} INFO - Processing /opt/airflow/dags/newyork_fhv_gold.py took 0.155 seconds
[2026-05-09T01:59:48.956+0000] {processor.py:161} INFO - Started process (PID=2603) to work on /opt/airflow/dags/newyork_fhv_gold.py
[2026-05-09T01:59:48.957+0000] {processor.py:830} INFO - Processing file /opt/airflow/dags/newyork_fhv_gold.py for tasks to queue
[2026-05-09T01:59:48.959+0000] {logging_mixin.py:188} INFO - [2026-05-09T01:59:48.959+0000] {dagbag.py:545} INFO - Filling up the DagBag from /opt/airflow/dags/newyork_fhv_gold.py
[2026-05-09T01:59:48.984+0000] {processor.py:840} INFO - DAG(s) 'newyork_fhv_gold' retrieved from /opt/airflow/dags/newyork_fhv_gold.py
[2026-05-09T01:59:49.004+0000] {logging_mixin.py:188} INFO - [2026-05-09T01:59:49.004+0000] {dag.py:3096} INFO - Sync 1 DAGs
[2026-05-09T01:59:49.016+0000] {logging_mixin.py:188} INFO - [2026-05-09T01:59:49.016+0000] {dag.py:3954} INFO - Setting next_dagrun for newyork_fhv_gold to None, run_after=None
[2026-05-09T01:59:49.037+0000] {processor.py:183} INFO - Processing /opt/airflow/dags/newyork_fhv_gold.py took 0.086 seconds
[2026-05-09T02:00:20.451+0000] {processor.py:161} INFO - Started process (PID=2608) to work on /opt/airflow/dags/newyork_fhv_gold.py
[2026-05-09T02:00:20.453+0000] {processor.py:830} INFO - Processing file /opt/airflow/dags/newyork_fhv_gold.py for tasks to queue
[2026-05-09T02:00:20.455+0000] {logging_mixin.py:188} INFO - [2026-05-09T02:00:20.455+0000] {dagbag.py:545} INFO - Filling up the DagBag from /opt/airflow/dags/newyork_fhv_gold.py
[2026-05-09T02:00:20.483+0000] {processor.py:840} INFO - DAG(s) 'newyork_fhv_gold' retrieved from /opt/airflow/dags/newyork_fhv_gold.py
[2026-05-09T02:00:20.507+0000] {logging_mixin.py:188} INFO - [2026-05-09T02:00:20.506+0000] {dag.py:3096} INFO - Sync 1 DAGs
[2026-05-09T02:00:20.521+0000] {logging_mixin.py:188} INFO - [2026-05-09T02:00:20.521+0000] {dag.py:3954} INFO - Setting next_dagrun for newyork_fhv_gold to None, run_after=None
[2026-05-09T02:00:20.562+0000] {processor.py:183} INFO - Processing /opt/airflow/dags/newyork_fhv_gold.py took 0.118 seconds
[2026-05-09T02:00:51.011+0000] {processor.py:161} INFO - Started process (PID=2618) to work on /opt/airflow/dags/newyork_fhv_gold.py
[2026-05-09T02:00:51.012+0000] {processor.py:830} INFO - Processing file /opt/airflow/dags/newyork_fhv_gold.py for tasks to queue
[2026-05-09T02:00:51.015+0000] {logging_mixin.py:188} INFO - [2026-05-09T02:00:51.014+0000] {dagbag.py:545} INFO - Filling up the DagBag from /opt/airflow/dags/newyork_fhv_gold.py
[2026-05-09T02:00:51.046+0000] {processor.py:840} INFO - DAG(s) 'newyork_fhv_gold' retrieved from /opt/airflow/dags/newyork_fhv_gold.py
[2026-05-09T02:00:51.072+0000] {logging_mixin.py:188} INFO - [2026-05-09T02:00:51.071+0000] {dag.py:3096} INFO - Sync 1 DAGs
[2026-05-09T02:00:51.089+0000] {logging_mixin.py:188} INFO - [2026-05-09T02:00:51.089+0000] {dag.py:3954} INFO - Setting next_dagrun for newyork_fhv_gold to None, run_after=None
[2026-05-09T02:00:51.111+0000] {processor.py:183} INFO - Processing /opt/airflow/dags/newyork_fhv_gold.py took 0.107 seconds
[2026-05-09T02:01:21.623+0000] {processor.py:161} INFO - Started process (PID=2629) to work on /opt/airflow/dags/newyork_fhv_gold.py
[2026-05-09T02:01:21.625+0000] {processor.py:830} INFO - Processing file /opt/airflow/dags/newyork_fhv_gold.py for tasks to queue
[2026-05-09T02:01:21.627+0000] {logging_mixin.py:188} INFO - [2026-05-09T02:01:21.626+0000] {dagbag.py:545} INFO - Filling up the DagBag from /opt/airflow/dags/newyork_fhv_gold.py
[2026-05-09T02:01:21.651+0000] {processor.py:840} INFO - DAG(s) 'newyork_fhv_gold' retrieved from /opt/airflow/dags/newyork_fhv_gold.py
[2026-05-09T02:01:21.670+0000] {logging_mixin.py:188} INFO - [2026-05-09T02:01:21.670+0000] {dag.py:3096} INFO - Sync 1 DAGs
[2026-05-09T02:01:21.685+0000] {logging_mixin.py:188} INFO - [2026-05-09T02:01:21.684+0000] {dag.py:3954} INFO - Setting next_dagrun for newyork_fhv_gold to None, run_after=None
[2026-05-09T02:01:21.713+0000] {processor.py:183} INFO - Processing /opt/airflow/dags/newyork_fhv_gold.py took 0.095 seconds
[2026-05-09T02:01:52.349+0000] {processor.py:161} INFO - Started process (PID=2640) to work on /opt/airflow/dags/newyork_fhv_gold.py
[2026-05-09T02:01:52.351+0000] {processor.py:830} INFO - Processing file /opt/airflow/dags/newyork_fhv_gold.py for tasks to queue
[2026-05-09T02:01:52.355+0000] {logging_mixin.py:188} INFO - [2026-05-09T02:01:52.355+0000] {dagbag.py:545} INFO - Filling up the DagBag from /opt/airflow/dags/newyork_fhv_gold.py
[2026-05-09T02:01:52.396+0000] {processor.py:840} INFO - DAG(s) 'newyork_fhv_gold' retrieved from /opt/airflow/dags/newyork_fhv_gold.py
[2026-05-09T02:01:52.426+0000] {logging_mixin.py:188} INFO - [2026-05-09T02:01:52.426+0000] {dag.py:3096} INFO - Sync 1 DAGs
[2026-05-09T02:01:52.441+0000] {logging_mixin.py:188} INFO - [2026-05-09T02:01:52.441+0000] {dag.py:3954} INFO - Setting next_dagrun for newyork_fhv_gold to None, run_after=None
[2026-05-09T02:01:52.468+0000] {processor.py:183} INFO - Processing /opt/airflow/dags/newyork_fhv_gold.py took 0.129 seconds
[2026-05-09T02:02:23.294+0000] {processor.py:161} INFO - Started process (PID=2651) to work on /opt/airflow/dags/newyork_fhv_gold.py
[2026-05-09T02:02:23.296+0000] {processor.py:830} INFO - Processing file /opt/airflow/dags/newyork_fhv_gold.py for tasks to queue
[2026-05-09T02:02:23.301+0000] {logging_mixin.py:188} INFO - [2026-05-09T02:02:23.300+0000] {dagbag.py:545} INFO - Filling up the DagBag from /opt/airflow/dags/newyork_fhv_gold.py
[2026-05-09T02:02:23.368+0000] {processor.py:840} INFO - DAG(s) 'newyork_fhv_gold' retrieved from /opt/airflow/dags/newyork_fhv_gold.py
[2026-05-09T02:02:23.401+0000] {logging_mixin.py:188} INFO - [2026-05-09T02:02:23.401+0000] {dag.py:3096} INFO - Sync 1 DAGs
[2026-05-09T02:02:23.445+0000] {logging_mixin.py:188} INFO - [2026-05-09T02:02:23.444+0000] {dag.py:3954} INFO - Setting next_dagrun for newyork_fhv_gold to None, run_after=None
[2026-05-09T02:02:23.487+0000] {processor.py:183} INFO - Processing /opt/airflow/dags/newyork_fhv_gold.py took 0.206 seconds
[2026-05-09T02:02:53.690+0000] {processor.py:161} INFO - Started process (PID=2662) to work on /opt/airflow/dags/newyork_fhv_gold.py
[2026-05-09T02:02:53.692+0000] {processor.py:830} INFO - Processing file /opt/airflow/dags/newyork_fhv_gold.py for tasks to queue
[2026-05-09T02:02:53.696+0000] {logging_mixin.py:188} INFO - [2026-05-09T02:02:53.695+0000] {dagbag.py:545} INFO - Filling up the DagBag from /opt/airflow/dags/newyork_fhv_gold.py
[2026-05-09T02:02:53.746+0000] {processor.py:840} INFO - DAG(s) 'newyork_fhv_gold' retrieved from /opt/airflow/dags/newyork_fhv_gold.py
[2026-05-09T02:02:53.772+0000] {logging_mixin.py:188} INFO - [2026-05-09T02:02:53.772+0000] {dag.py:3096} INFO - Sync 1 DAGs
[2026-05-09T02:02:53.786+0000] {logging_mixin.py:188} INFO - [2026-05-09T02:02:53.786+0000] {dag.py:3954} INFO - Setting next_dagrun for newyork_fhv_gold to None, run_after=None
[2026-05-09T02:02:53.814+0000] {processor.py:183} INFO - Processing /opt/airflow/dags/newyork_fhv_gold.py took 0.137 seconds
[2026-05-09T02:03:24.045+0000] {processor.py:161} INFO - Started process (PID=2673) to work on /opt/airflow/dags/newyork_fhv_gold.py
[2026-05-09T02:03:24.048+0000] {processor.py:830} INFO - Processing file /opt/airflow/dags/newyork_fhv_gold.py for tasks to queue
[2026-05-09T02:03:24.052+0000] {logging_mixin.py:188} INFO - [2026-05-09T02:03:24.051+0000] {dagbag.py:545} INFO - Filling up the DagBag from /opt/airflow/dags/newyork_fhv_gold.py
[2026-05-09T02:03:24.107+0000] {processor.py:840} INFO - DAG(s) 'newyork_fhv_gold' retrieved from /opt/airflow/dags/newyork_fhv_gold.py
[2026-05-09T02:03:24.141+0000] {logging_mixin.py:188} INFO - [2026-05-09T02:03:24.141+0000] {dag.py:3096} INFO - Sync 1 DAGs
[2026-05-09T02:03:24.159+0000] {logging_mixin.py:188} INFO - [2026-05-09T02:03:24.159+0000] {dag.py:3954} INFO - Setting next_dagrun for newyork_fhv_gold to None, run_after=None
[2026-05-09T02:03:24.203+0000] {processor.py:183} INFO - Processing /opt/airflow/dags/newyork_fhv_gold.py took 0.170 seconds
[2026-05-09T02:03:55.130+0000] {processor.py:161} INFO - Started process (PID=2684) to work on /opt/airflow/dags/newyork_fhv_gold.py
[2026-05-09T02:03:55.132+0000] {processor.py:830} INFO - Processing file /opt/airflow/dags/newyork_fhv_gold.py for tasks to queue
[2026-05-09T02:03:55.136+0000] {logging_mixin.py:188} INFO - [2026-05-09T02:03:55.135+0000] {dagbag.py:545} INFO - Filling up the DagBag from /opt/airflow/dags/newyork_fhv_gold.py
[2026-05-09T02:03:55.178+0000] {processor.py:840} INFO - DAG(s) 'newyork_fhv_gold' retrieved from /opt/airflow/dags/newyork_fhv_gold.py
[2026-05-09T02:03:55.204+0000] {logging_mixin.py:188} INFO - [2026-05-09T02:03:55.203+0000] {dag.py:3096} INFO - Sync 1 DAGs
[2026-05-09T02:03:55.218+0000] {logging_mixin.py:188} INFO - [2026-05-09T02:03:55.218+0000] {dag.py:3954} INFO - Setting next_dagrun for newyork_fhv_gold to None, run_after=None
[2026-05-09T02:03:55.246+0000] {processor.py:183} INFO - Processing /opt/airflow/dags/newyork_fhv_gold.py took 0.129 seconds
[2026-05-09T02:04:25.460+0000] {processor.py:161} INFO - Started process (PID=2695) to work on /opt/airflow/dags/newyork_fhv_gold.py
[2026-05-09T02:04:25.462+0000] {processor.py:830} INFO - Processing file /opt/airflow/dags/newyork_fhv_gold.py for tasks to queue
[2026-05-09T02:04:25.464+0000] {logging_mixin.py:188} INFO - [2026-05-09T02:04:25.464+0000] {dagbag.py:545} INFO - Filling up the DagBag from /opt/airflow/dags/newyork_fhv_gold.py
[2026-05-09T02:04:25.484+0000] {processor.py:840} INFO - DAG(s) 'newyork_fhv_gold' retrieved from /opt/airflow/dags/newyork_fhv_gold.py
[2026-05-09T02:04:25.504+0000] {logging_mixin.py:188} INFO - [2026-05-09T02:04:25.504+0000] {dag.py:3096} INFO - Sync 1 DAGs
[2026-05-09T02:04:25.518+0000] {logging_mixin.py:188} INFO - [2026-05-09T02:04:25.518+0000] {dag.py:3954} INFO - Setting next_dagrun for newyork_fhv_gold to None, run_after=None
[2026-05-09T02:04:25.544+0000] {processor.py:183} INFO - Processing /opt/airflow/dags/newyork_fhv_gold.py took 0.093 seconds
[2026-05-09T02:04:55.876+0000] {processor.py:161} INFO - Started process (PID=2706) to work on /opt/airflow/dags/newyork_fhv_gold.py
[2026-05-09T02:04:55.878+0000] {processor.py:830} INFO - Processing file /opt/airflow/dags/newyork_fhv_gold.py for tasks to queue
[2026-05-09T02:04:55.881+0000] {logging_mixin.py:188} INFO - [2026-05-09T02:04:55.881+0000] {dagbag.py:545} INFO - Filling up the DagBag from /opt/airflow/dags/newyork_fhv_gold.py
[2026-05-09T02:04:55.928+0000] {processor.py:840} INFO - DAG(s) 'newyork_fhv_gold' retrieved from /opt/airflow/dags/newyork_fhv_gold.py
[2026-05-09T02:04:55.954+0000] {logging_mixin.py:188} INFO - [2026-05-09T02:04:55.953+0000] {dag.py:3096} INFO - Sync 1 DAGs
[2026-05-09T02:04:55.968+0000] {logging_mixin.py:188} INFO - [2026-05-09T02:04:55.968+0000] {dag.py:3954} INFO - Setting next_dagrun for newyork_fhv_gold to None, run_after=None
[2026-05-09T02:04:55.997+0000] {processor.py:183} INFO - Processing /opt/airflow/dags/newyork_fhv_gold.py took 0.132 seconds
[2026-05-09T02:05:26.137+0000] {processor.py:161} INFO - Started process (PID=2717) to work on /opt/airflow/dags/newyork_fhv_gold.py
[2026-05-09T02:05:26.139+0000] {processor.py:830} INFO - Processing file /opt/airflow/dags/newyork_fhv_gold.py for tasks to queue
[2026-05-09T02:05:26.142+0000] {logging_mixin.py:188} INFO - [2026-05-09T02:05:26.141+0000] {dagbag.py:545} INFO - Filling up the DagBag from /opt/airflow/dags/newyork_fhv_gold.py
[2026-05-09T02:05:26.166+0000] {processor.py:840} INFO - DAG(s) 'newyork_fhv_gold' retrieved from /opt/airflow/dags/newyork_fhv_gold.py
[2026-05-09T02:05:26.189+0000] {logging_mixin.py:188} INFO - [2026-05-09T02:05:26.189+0000] {dag.py:3096} INFO - Sync 1 DAGs
[2026-05-09T02:05:26.203+0000] {logging_mixin.py:188} INFO - [2026-05-09T02:05:26.203+0000] {dag.py:3954} INFO - Setting next_dagrun for newyork_fhv_gold to None, run_after=None
[2026-05-09T02:05:26.229+0000] {processor.py:183} INFO - Processing /opt/airflow/dags/newyork_fhv_gold.py took 0.102 seconds
[2026-05-09T02:05:56.368+0000] {processor.py:161} INFO - Started process (PID=2728) to work on /opt/airflow/dags/newyork_fhv_gold.py
[2026-05-09T02:05:56.370+0000] {processor.py:830} INFO - Processing file /opt/airflow/dags/newyork_fhv_gold.py for tasks to queue
[2026-05-09T02:05:56.373+0000] {logging_mixin.py:188} INFO - [2026-05-09T02:05:56.372+0000] {dagbag.py:545} INFO - Filling up the DagBag from /opt/airflow/dags/newyork_fhv_gold.py
[2026-05-09T02:05:56.420+0000] {processor.py:840} INFO - DAG(s) 'newyork_fhv_gold' retrieved from /opt/airflow/dags/newyork_fhv_gold.py
[2026-05-09T02:05:56.449+0000] {logging_mixin.py:188} INFO - [2026-05-09T02:05:56.448+0000] {dag.py:3096} INFO - Sync 1 DAGs
[2026-05-09T02:05:56.465+0000] {logging_mixin.py:188} INFO - [2026-05-09T02:05:56.464+0000] {dag.py:3954} INFO - Setting next_dagrun for newyork_fhv_gold to None, run_after=None
[2026-05-09T02:05:56.495+0000] {processor.py:183} INFO - Processing /opt/airflow/dags/newyork_fhv_gold.py took 0.139 seconds
[2026-05-09T02:06:27.360+0000] {processor.py:161} INFO - Started process (PID=2739) to work on /opt/airflow/dags/newyork_fhv_gold.py
[2026-05-09T02:06:27.362+0000] {processor.py:830} INFO - Processing file /opt/airflow/dags/newyork_fhv_gold.py for tasks to queue
[2026-05-09T02:06:27.365+0000] {logging_mixin.py:188} INFO - [2026-05-09T02:06:27.364+0000] {dagbag.py:545} INFO - Filling up the DagBag from /opt/airflow/dags/newyork_fhv_gold.py
[2026-05-09T02:06:27.401+0000] {processor.py:840} INFO - DAG(s) 'newyork_fhv_gold' retrieved from /opt/airflow/dags/newyork_fhv_gold.py
[2026-05-09T02:06:27.432+0000] {logging_mixin.py:188} INFO - [2026-05-09T02:06:27.432+0000] {dag.py:3096} INFO - Sync 1 DAGs
[2026-05-09T02:06:27.447+0000] {logging_mixin.py:188} INFO - [2026-05-09T02:06:27.447+0000] {dag.py:3954} INFO - Setting next_dagrun for newyork_fhv_gold to None, run_after=None
[2026-05-09T02:06:27.475+0000] {processor.py:183} INFO - Processing /opt/airflow/dags/newyork_fhv_gold.py took 0.123 seconds
[2026-05-09T02:06:58.385+0000] {processor.py:161} INFO - Started process (PID=2750) to work on /opt/airflow/dags/newyork_fhv_gold.py
[2026-05-09T02:06:58.388+0000] {processor.py:830} INFO - Processing file /opt/airflow/dags/newyork_fhv_gold.py for tasks to queue
[2026-05-09T02:06:58.391+0000] {logging_mixin.py:188} INFO - [2026-05-09T02:06:58.391+0000] {dagbag.py:545} INFO - Filling up the DagBag from /opt/airflow/dags/newyork_fhv_gold.py
[2026-05-09T02:06:58.432+0000] {processor.py:840} INFO - DAG(s) 'newyork_fhv_gold' retrieved from /opt/airflow/dags/newyork_fhv_gold.py
[2026-05-09T02:06:58.453+0000] {logging_mixin.py:188} INFO - [2026-05-09T02:06:58.453+0000] {dag.py:3096} INFO - Sync 1 DAGs
[2026-05-09T02:06:58.467+0000] {logging_mixin.py:188} INFO - [2026-05-09T02:06:58.466+0000] {dag.py:3954} INFO - Setting next_dagrun for newyork_fhv_gold to None, run_after=None
[2026-05-09T02:06:58.494+0000] {processor.py:183} INFO - Processing /opt/airflow/dags/newyork_fhv_gold.py took 0.117 seconds
[2026-05-09T02:07:29.411+0000] {processor.py:161} INFO - Started process (PID=2761) to work on /opt/airflow/dags/newyork_fhv_gold.py
[2026-05-09T02:07:29.413+0000] {processor.py:830} INFO - Processing file /opt/airflow/dags/newyork_fhv_gold.py for tasks to queue
[2026-05-09T02:07:29.416+0000] {logging_mixin.py:188} INFO - [2026-05-09T02:07:29.416+0000] {dagbag.py:545} INFO - Filling up the DagBag from /opt/airflow/dags/newyork_fhv_gold.py
[2026-05-09T02:07:29.457+0000] {processor.py:840} INFO - DAG(s) 'newyork_fhv_gold' retrieved from /opt/airflow/dags/newyork_fhv_gold.py
[2026-05-09T02:07:29.491+0000] {logging_mixin.py:188} INFO - [2026-05-09T02:07:29.491+0000] {dag.py:3096} INFO - Sync 1 DAGs
[2026-05-09T02:07:29.506+0000] {logging_mixin.py:188} INFO - [2026-05-09T02:07:29.505+0000] {dag.py:3954} INFO - Setting next_dagrun for newyork_fhv_gold to None, run_after=None
[2026-05-09T02:07:29.532+0000] {processor.py:183} INFO - Processing /opt/airflow/dags/newyork_fhv_gold.py took 0.132 seconds
[2026-05-09T02:07:59.679+0000] {processor.py:161} INFO - Started process (PID=2772) to work on /opt/airflow/dags/newyork_fhv_gold.py
[2026-05-09T02:07:59.681+0000] {processor.py:830} INFO - Processing file /opt/airflow/dags/newyork_fhv_gold.py for tasks to queue
[2026-05-09T02:07:59.686+0000] {logging_mixin.py:188} INFO - [2026-05-09T02:07:59.685+0000] {dagbag.py:545} INFO - Filling up the DagBag from /opt/airflow/dags/newyork_fhv_gold.py
[2026-05-09T02:07:59.731+0000] {processor.py:840} INFO - DAG(s) 'newyork_fhv_gold' retrieved from /opt/airflow/dags/newyork_fhv_gold.py
[2026-05-09T02:07:59.767+0000] {logging_mixin.py:188} INFO - [2026-05-09T02:07:59.766+0000] {dag.py:3096} INFO - Sync 1 DAGs
[2026-05-09T02:07:59.789+0000] {logging_mixin.py:188} INFO - [2026-05-09T02:07:59.789+0000] {dag.py:3954} INFO - Setting next_dagrun for newyork_fhv_gold to None, run_after=None
[2026-05-09T02:07:59.824+0000] {processor.py:183} INFO - Processing /opt/airflow/dags/newyork_fhv_gold.py took 0.157 seconds
[2026-05-09T02:08:30.014+0000] {processor.py:161} INFO - Started process (PID=2784) to work on /opt/airflow/dags/newyork_fhv_gold.py
[2026-05-09T02:08:30.017+0000] {processor.py:830} INFO - Processing file /opt/airflow/dags/newyork_fhv_gold.py for tasks to queue
[2026-05-09T02:08:30.022+0000] {logging_mixin.py:188} INFO - [2026-05-09T02:08:30.021+0000] {dagbag.py:545} INFO - Filling up the DagBag from /opt/airflow/dags/newyork_fhv_gold.py
[2026-05-09T02:08:30.111+0000] {processor.py:840} INFO - DAG(s) 'newyork_fhv_gold' retrieved from /opt/airflow/dags/newyork_fhv_gold.py
[2026-05-09T02:08:30.152+0000] {logging_mixin.py:188} INFO - [2026-05-09T02:08:30.152+0000] {dag.py:3096} INFO - Sync 1 DAGs
[2026-05-09T02:08:30.176+0000] {logging_mixin.py:188} INFO - [2026-05-09T02:08:30.175+0000] {dag.py:3954} INFO - Setting next_dagrun for newyork_fhv_gold to None, run_after=None
[2026-05-09T02:08:30.209+0000] {processor.py:183} INFO - Processing /opt/airflow/dags/newyork_fhv_gold.py took 0.207 seconds
[2026-05-09T02:09:00.530+0000] {processor.py:161} INFO - Started process (PID=2795) to work on /opt/airflow/dags/newyork_fhv_gold.py
[2026-05-09T02:09:00.533+0000] {processor.py:830} INFO - Processing file /opt/airflow/dags/newyork_fhv_gold.py for tasks to queue
[2026-05-09T02:09:00.537+0000] {logging_mixin.py:188} INFO - [2026-05-09T02:09:00.536+0000] {dagbag.py:545} INFO - Filling up the DagBag from /opt/airflow/dags/newyork_fhv_gold.py
[2026-05-09T02:09:00.588+0000] {processor.py:840} INFO - DAG(s) 'newyork_fhv_gold' retrieved from /opt/airflow/dags/newyork_fhv_gold.py
[2026-05-09T02:09:00.619+0000] {logging_mixin.py:188} INFO - [2026-05-09T02:09:00.619+0000] {dag.py:3096} INFO - Sync 1 DAGs
[2026-05-09T02:09:00.636+0000] {logging_mixin.py:188} INFO - [2026-05-09T02:09:00.636+0000] {dag.py:3954} INFO - Setting next_dagrun for newyork_fhv_gold to None, run_after=None
[2026-05-09T02:09:00.669+0000] {processor.py:183} INFO - Processing /opt/airflow/dags/newyork_fhv_gold.py took 0.149 seconds
[2026-05-09T02:09:31.497+0000] {processor.py:161} INFO - Started process (PID=2807) to work on /opt/airflow/dags/newyork_fhv_gold.py
[2026-05-09T02:09:31.499+0000] {processor.py:830} INFO - Processing file /opt/airflow/dags/newyork_fhv_gold.py for tasks to queue
[2026-05-09T02:09:31.503+0000] {logging_mixin.py:188} INFO - [2026-05-09T02:09:31.502+0000] {dagbag.py:545} INFO - Filling up the DagBag from /opt/airflow/dags/newyork_fhv_gold.py
[2026-05-09T02:09:31.539+0000] {processor.py:840} INFO - DAG(s) 'newyork_fhv_gold' retrieved from /opt/airflow/dags/newyork_fhv_gold.py
[2026-05-09T02:09:31.565+0000] {logging_mixin.py:188} INFO - [2026-05-09T02:09:31.564+0000] {dag.py:3096} INFO - Sync 1 DAGs
[2026-05-09T02:09:31.578+0000] {logging_mixin.py:188} INFO - [2026-05-09T02:09:31.578+0000] {dag.py:3954} INFO - Setting next_dagrun for newyork_fhv_gold to None, run_after=None
[2026-05-09T02:09:31.606+0000] {processor.py:183} INFO - Processing /opt/airflow/dags/newyork_fhv_gold.py took 0.121 seconds
[2026-05-09T02:10:02.458+0000] {processor.py:161} INFO - Started process (PID=2818) to work on /opt/airflow/dags/newyork_fhv_gold.py
[2026-05-09T02:10:02.460+0000] {processor.py:830} INFO - Processing file /opt/airflow/dags/newyork_fhv_gold.py for tasks to queue
[2026-05-09T02:10:02.463+0000] {logging_mixin.py:188} INFO - [2026-05-09T02:10:02.463+0000] {dagbag.py:545} INFO - Filling up the DagBag from /opt/airflow/dags/newyork_fhv_gold.py
[2026-05-09T02:10:02.516+0000] {processor.py:840} INFO - DAG(s) 'newyork_fhv_gold' retrieved from /opt/airflow/dags/newyork_fhv_gold.py
[2026-05-09T02:10:02.545+0000] {logging_mixin.py:188} INFO - [2026-05-09T02:10:02.545+0000] {dag.py:3096} INFO - Sync 1 DAGs
[2026-05-09T02:10:02.560+0000] {logging_mixin.py:188} INFO - [2026-05-09T02:10:02.560+0000] {dag.py:3954} INFO - Setting next_dagrun for newyork_fhv_gold to None, run_after=None
[2026-05-09T02:10:02.588+0000] {processor.py:183} INFO - Processing /opt/airflow/dags/newyork_fhv_gold.py took 0.138 seconds
[2026-05-09T02:10:33.490+0000] {processor.py:161} INFO - Started process (PID=2829) to work on /opt/airflow/dags/newyork_fhv_gold.py
[2026-05-09T02:10:33.494+0000] {processor.py:830} INFO - Processing file /opt/airflow/dags/newyork_fhv_gold.py for tasks to queue
[2026-05-09T02:10:33.497+0000] {logging_mixin.py:188} INFO - [2026-05-09T02:10:33.497+0000] {dagbag.py:545} INFO - Filling up the DagBag from /opt/airflow/dags/newyork_fhv_gold.py
[2026-05-09T02:10:33.541+0000] {processor.py:840} INFO - DAG(s) 'newyork_fhv_gold' retrieved from /opt/airflow/dags/newyork_fhv_gold.py
[2026-05-09T02:10:33.578+0000] {logging_mixin.py:188} INFO - [2026-05-09T02:10:33.578+0000] {dag.py:3096} INFO - Sync 1 DAGs
[2026-05-09T02:10:33.596+0000] {logging_mixin.py:188} INFO - [2026-05-09T02:10:33.596+0000] {dag.py:3954} INFO - Setting next_dagrun for newyork_fhv_gold to None, run_after=None
[2026-05-09T02:10:33.627+0000] {processor.py:183} INFO - Processing /opt/airflow/dags/newyork_fhv_gold.py took 0.145 seconds
[2026-05-09T02:11:04.341+0000] {processor.py:161} INFO - Started process (PID=2840) to work on /opt/airflow/dags/newyork_fhv_gold.py
[2026-05-09T02:11:04.343+0000] {processor.py:830} INFO - Processing file /opt/airflow/dags/newyork_fhv_gold.py for tasks to queue
[2026-05-09T02:11:04.347+0000] {logging_mixin.py:188} INFO - [2026-05-09T02:11:04.346+0000] {dagbag.py:545} INFO - Filling up the DagBag from /opt/airflow/dags/newyork_fhv_gold.py
[2026-05-09T02:11:04.394+0000] {processor.py:840} INFO - DAG(s) 'newyork_fhv_gold' retrieved from /opt/airflow/dags/newyork_fhv_gold.py
[2026-05-09T02:11:04.430+0000] {logging_mixin.py:188} INFO - [2026-05-09T02:11:04.430+0000] {dag.py:3096} INFO - Sync 1 DAGs
[2026-05-09T02:11:04.447+0000] {logging_mixin.py:188} INFO - [2026-05-09T02:11:04.446+0000] {dag.py:3954} INFO - Setting next_dagrun for newyork_fhv_gold to None, run_after=None
[2026-05-09T02:11:04.479+0000] {processor.py:183} INFO - Processing /opt/airflow/dags/newyork_fhv_gold.py took 0.148 seconds
[2026-05-09T02:11:35.446+0000] {processor.py:161} INFO - Started process (PID=2851) to work on /opt/airflow/dags/newyork_fhv_gold.py
[2026-05-09T02:11:35.449+0000] {processor.py:830} INFO - Processing file /opt/airflow/dags/newyork_fhv_gold.py for tasks to queue
[2026-05-09T02:11:35.454+0000] {logging_mixin.py:188} INFO - [2026-05-09T02:11:35.453+0000] {dagbag.py:545} INFO - Filling up the DagBag from /opt/airflow/dags/newyork_fhv_gold.py
[2026-05-09T02:11:35.502+0000] {processor.py:840} INFO - DAG(s) 'newyork_fhv_gold' retrieved from /opt/airflow/dags/newyork_fhv_gold.py
[2026-05-09T02:11:35.530+0000] {logging_mixin.py:188} INFO - [2026-05-09T02:11:35.530+0000] {dag.py:3096} INFO - Sync 1 DAGs
[2026-05-09T02:11:35.544+0000] {logging_mixin.py:188} INFO - [2026-05-09T02:11:35.544+0000] {dag.py:3954} INFO - Setting next_dagrun for newyork_fhv_gold to None, run_after=None
[2026-05-09T02:11:35.572+0000] {processor.py:183} INFO - Processing /opt/airflow/dags/newyork_fhv_gold.py took 0.136 seconds
[2026-05-09T02:12:06.386+0000] {processor.py:161} INFO - Started process (PID=2862) to work on /opt/airflow/dags/newyork_fhv_gold.py
[2026-05-09T02:12:06.388+0000] {processor.py:830} INFO - Processing file /opt/airflow/dags/newyork_fhv_gold.py for tasks to queue
[2026-05-09T02:12:06.391+0000] {logging_mixin.py:188} INFO - [2026-05-09T02:12:06.391+0000] {dagbag.py:545} INFO - Filling up the DagBag from /opt/airflow/dags/newyork_fhv_gold.py
[2026-05-09T02:12:06.427+0000] {processor.py:840} INFO - DAG(s) 'newyork_fhv_gold' retrieved from /opt/airflow/dags/newyork_fhv_gold.py
[2026-05-09T02:12:06.454+0000] {logging_mixin.py:188} INFO - [2026-05-09T02:12:06.454+0000] {dag.py:3096} INFO - Sync 1 DAGs
[2026-05-09T02:12:06.470+0000] {logging_mixin.py:188} INFO - [2026-05-09T02:12:06.470+0000] {dag.py:3954} INFO - Setting next_dagrun for newyork_fhv_gold to None, run_after=None
[2026-05-09T02:12:06.499+0000] {processor.py:183} INFO - Processing /opt/airflow/dags/newyork_fhv_gold.py took 0.122 seconds
[2026-05-09T02:12:36.657+0000] {processor.py:161} INFO - Started process (PID=2873) to work on /opt/airflow/dags/newyork_fhv_gold.py
[2026-05-09T02:12:36.660+0000] {processor.py:830} INFO - Processing file /opt/airflow/dags/newyork_fhv_gold.py for tasks to queue
[2026-05-09T02:12:36.663+0000] {logging_mixin.py:188} INFO - [2026-05-09T02:12:36.663+0000] {dagbag.py:545} INFO - Filling up the DagBag from /opt/airflow/dags/newyork_fhv_gold.py
[2026-05-09T02:12:36.692+0000] {processor.py:840} INFO - DAG(s) 'newyork_fhv_gold' retrieved from /opt/airflow/dags/newyork_fhv_gold.py
[2026-05-09T02:12:36.716+0000] {logging_mixin.py:188} INFO - [2026-05-09T02:12:36.716+0000] {dag.py:3096} INFO - Sync 1 DAGs
[2026-05-09T02:12:36.730+0000] {logging_mixin.py:188} INFO - [2026-05-09T02:12:36.730+0000] {dag.py:3954} INFO - Setting next_dagrun for newyork_fhv_gold to None, run_after=None
[2026-05-09T02:12:36.758+0000] {processor.py:183} INFO - Processing /opt/airflow/dags/newyork_fhv_gold.py took 0.112 seconds
[2026-05-09T02:13:07.549+0000] {processor.py:161} INFO - Started process (PID=2884) to work on /opt/airflow/dags/newyork_fhv_gold.py
[2026-05-09T02:13:07.551+0000] {processor.py:830} INFO - Processing file /opt/airflow/dags/newyork_fhv_gold.py for tasks to queue
[2026-05-09T02:13:07.554+0000] {logging_mixin.py:188} INFO - [2026-05-09T02:13:07.553+0000] {dagbag.py:545} INFO - Filling up the DagBag from /opt/airflow/dags/newyork_fhv_gold.py
[2026-05-09T02:13:07.586+0000] {processor.py:840} INFO - DAG(s) 'newyork_fhv_gold' retrieved from /opt/airflow/dags/newyork_fhv_gold.py
[2026-05-09T02:13:07.610+0000] {logging_mixin.py:188} INFO - [2026-05-09T02:13:07.610+0000] {dag.py:3096} INFO - Sync 1 DAGs
[2026-05-09T02:13:07.624+0000] {logging_mixin.py:188} INFO - [2026-05-09T02:13:07.623+0000] {dag.py:3954} INFO - Setting next_dagrun for newyork_fhv_gold to None, run_after=None
[2026-05-09T02:13:07.650+0000] {processor.py:183} INFO - Processing /opt/airflow/dags/newyork_fhv_gold.py took 0.112 seconds
[2026-05-09T02:13:38.497+0000] {processor.py:161} INFO - Started process (PID=2895) to work on /opt/airflow/dags/newyork_fhv_gold.py
[2026-05-09T02:13:38.499+0000] {processor.py:830} INFO - Processing file /opt/airflow/dags/newyork_fhv_gold.py for tasks to queue
[2026-05-09T02:13:38.503+0000] {logging_mixin.py:188} INFO - [2026-05-09T02:13:38.503+0000] {dagbag.py:545} INFO - Filling up the DagBag from /opt/airflow/dags/newyork_fhv_gold.py
[2026-05-09T02:13:38.543+0000] {processor.py:840} INFO - DAG(s) 'newyork_fhv_gold' retrieved from /opt/airflow/dags/newyork_fhv_gold.py
[2026-05-09T02:13:38.566+0000] {logging_mixin.py:188} INFO - [2026-05-09T02:13:38.566+0000] {dag.py:3096} INFO - Sync 1 DAGs
[2026-05-09T02:13:38.580+0000] {logging_mixin.py:188} INFO - [2026-05-09T02:13:38.580+0000] {dag.py:3954} INFO - Setting next_dagrun for newyork_fhv_gold to None, run_after=None
[2026-05-09T02:13:38.611+0000] {processor.py:183} INFO - Processing /opt/airflow/dags/newyork_fhv_gold.py took 0.126 seconds
[2026-05-09T02:14:09.625+0000] {processor.py:161} INFO - Started process (PID=2912) to work on /opt/airflow/dags/newyork_fhv_gold.py
[2026-05-09T02:14:09.626+0000] {processor.py:830} INFO - Processing file /opt/airflow/dags/newyork_fhv_gold.py for tasks to queue
[2026-05-09T02:14:09.629+0000] {logging_mixin.py:188} INFO - [2026-05-09T02:14:09.629+0000] {dagbag.py:545} INFO - Filling up the DagBag from /opt/airflow/dags/newyork_fhv_gold.py
[2026-05-09T02:14:09.668+0000] {processor.py:840} INFO - DAG(s) 'newyork_fhv_gold' retrieved from /opt/airflow/dags/newyork_fhv_gold.py
[2026-05-09T02:14:09.693+0000] {logging_mixin.py:188} INFO - [2026-05-09T02:14:09.693+0000] {dag.py:3096} INFO - Sync 1 DAGs
[2026-05-09T02:14:09.708+0000] {logging_mixin.py:188} INFO - [2026-05-09T02:14:09.707+0000] {dag.py:3954} INFO - Setting next_dagrun for newyork_fhv_gold to None, run_after=None
[2026-05-09T02:14:09.735+0000] {processor.py:183} INFO - Processing /opt/airflow/dags/newyork_fhv_gold.py took 0.118 seconds
[2026-05-09T02:14:40.579+0000] {processor.py:161} INFO - Started process (PID=2923) to work on /opt/airflow/dags/newyork_fhv_gold.py
[2026-05-09T02:14:40.581+0000] {processor.py:830} INFO - Processing file /opt/airflow/dags/newyork_fhv_gold.py for tasks to queue
[2026-05-09T02:14:40.584+0000] {logging_mixin.py:188} INFO - [2026-05-09T02:14:40.583+0000] {dagbag.py:545} INFO - Filling up the DagBag from /opt/airflow/dags/newyork_fhv_gold.py
[2026-05-09T02:14:40.617+0000] {processor.py:840} INFO - DAG(s) 'newyork_fhv_gold' retrieved from /opt/airflow/dags/newyork_fhv_gold.py
[2026-05-09T02:14:40.645+0000] {logging_mixin.py:188} INFO - [2026-05-09T02:14:40.645+0000] {dag.py:3096} INFO - Sync 1 DAGs
[2026-05-09T02:14:40.659+0000] {logging_mixin.py:188} INFO - [2026-05-09T02:14:40.659+0000] {dag.py:3954} INFO - Setting next_dagrun for newyork_fhv_gold to None, run_after=None
[2026-05-09T02:14:40.684+0000] {processor.py:183} INFO - Processing /opt/airflow/dags/newyork_fhv_gold.py took 0.114 seconds
[2026-05-09T02:15:11.458+0000] {processor.py:161} INFO - Started process (PID=2934) to work on /opt/airflow/dags/newyork_fhv_gold.py
[2026-05-09T02:15:11.460+0000] {processor.py:830} INFO - Processing file /opt/airflow/dags/newyork_fhv_gold.py for tasks to queue
[2026-05-09T02:15:11.465+0000] {logging_mixin.py:188} INFO - [2026-05-09T02:15:11.464+0000] {dagbag.py:545} INFO - Filling up the DagBag from /opt/airflow/dags/newyork_fhv_gold.py
[2026-05-09T02:15:11.502+0000] {processor.py:840} INFO - DAG(s) 'newyork_fhv_gold' retrieved from /opt/airflow/dags/newyork_fhv_gold.py
[2026-05-09T02:15:11.532+0000] {logging_mixin.py:188} INFO - [2026-05-09T02:15:11.532+0000] {dag.py:3096} INFO - Sync 1 DAGs
[2026-05-09T02:15:11.552+0000] {logging_mixin.py:188} INFO - [2026-05-09T02:15:11.552+0000] {dag.py:3954} INFO - Setting next_dagrun for newyork_fhv_gold to None, run_after=None
[2026-05-09T02:15:11.588+0000] {processor.py:183} INFO - Processing /opt/airflow/dags/newyork_fhv_gold.py took 0.141 seconds
[2026-05-09T02:15:42.566+0000] {processor.py:161} INFO - Started process (PID=2945) to work on /opt/airflow/dags/newyork_fhv_gold.py
[2026-05-09T02:15:42.568+0000] {processor.py:830} INFO - Processing file /opt/airflow/dags/newyork_fhv_gold.py for tasks to queue
[2026-05-09T02:15:42.573+0000] {logging_mixin.py:188} INFO - [2026-05-09T02:15:42.572+0000] {dagbag.py:545} INFO - Filling up the DagBag from /opt/airflow/dags/newyork_fhv_gold.py
[2026-05-09T02:15:42.616+0000] {processor.py:840} INFO - DAG(s) 'newyork_fhv_gold' retrieved from /opt/airflow/dags/newyork_fhv_gold.py
[2026-05-09T02:15:42.648+0000] {logging_mixin.py:188} INFO - [2026-05-09T02:15:42.648+0000] {dag.py:3096} INFO - Sync 1 DAGs
[2026-05-09T02:15:42.664+0000] {logging_mixin.py:188} INFO - [2026-05-09T02:15:42.664+0000] {dag.py:3954} INFO - Setting next_dagrun for newyork_fhv_gold to None, run_after=None
[2026-05-09T02:15:42.693+0000] {processor.py:183} INFO - Processing /opt/airflow/dags/newyork_fhv_gold.py took 0.138 seconds
[2026-05-09T02:16:13.431+0000] {processor.py:161} INFO - Started process (PID=2956) to work on /opt/airflow/dags/newyork_fhv_gold.py
[2026-05-09T02:16:13.432+0000] {processor.py:830} INFO - Processing file /opt/airflow/dags/newyork_fhv_gold.py for tasks to queue
[2026-05-09T02:16:13.435+0000] {logging_mixin.py:188} INFO - [2026-05-09T02:16:13.434+0000] {dagbag.py:545} INFO - Filling up the DagBag from /opt/airflow/dags/newyork_fhv_gold.py
[2026-05-09T02:16:13.472+0000] {processor.py:840} INFO - DAG(s) 'newyork_fhv_gold' retrieved from /opt/airflow/dags/newyork_fhv_gold.py
[2026-05-09T02:16:13.494+0000] {logging_mixin.py:188} INFO - [2026-05-09T02:16:13.494+0000] {dag.py:3096} INFO - Sync 1 DAGs
[2026-05-09T02:16:13.508+0000] {logging_mixin.py:188} INFO - [2026-05-09T02:16:13.508+0000] {dag.py:3954} INFO - Setting next_dagrun for newyork_fhv_gold to None, run_after=None
[2026-05-09T02:16:13.538+0000] {processor.py:183} INFO - Processing /opt/airflow/dags/newyork_fhv_gold.py took 0.114 seconds
[2026-05-09T02:16:44.250+0000] {processor.py:161} INFO - Started process (PID=2967) to work on /opt/airflow/dags/newyork_fhv_gold.py
[2026-05-09T02:16:44.252+0000] {processor.py:830} INFO - Processing file /opt/airflow/dags/newyork_fhv_gold.py for tasks to queue
[2026-05-09T02:16:44.257+0000] {logging_mixin.py:188} INFO - [2026-05-09T02:16:44.257+0000] {dagbag.py:545} INFO - Filling up the DagBag from /opt/airflow/dags/newyork_fhv_gold.py
[2026-05-09T02:16:44.304+0000] {processor.py:840} INFO - DAG(s) 'newyork_fhv_gold' retrieved from /opt/airflow/dags/newyork_fhv_gold.py
[2026-05-09T02:16:44.330+0000] {logging_mixin.py:188} INFO - [2026-05-09T02:16:44.330+0000] {dag.py:3096} INFO - Sync 1 DAGs
[2026-05-09T02:16:44.346+0000] {logging_mixin.py:188} INFO - [2026-05-09T02:16:44.346+0000] {dag.py:3954} INFO - Setting next_dagrun for newyork_fhv_gold to None, run_after=None
[2026-05-09T02:16:44.378+0000] {processor.py:183} INFO - Processing /opt/airflow/dags/newyork_fhv_gold.py took 0.142 seconds
[2026-05-09T02:17:15.198+0000] {processor.py:161} INFO - Started process (PID=2978) to work on /opt/airflow/dags/newyork_fhv_gold.py
[2026-05-09T02:17:15.199+0000] {processor.py:830} INFO - Processing file /opt/airflow/dags/newyork_fhv_gold.py for tasks to queue
[2026-05-09T02:17:15.202+0000] {logging_mixin.py:188} INFO - [2026-05-09T02:17:15.201+0000] {dagbag.py:545} INFO - Filling up the DagBag from /opt/airflow/dags/newyork_fhv_gold.py
[2026-05-09T02:17:15.223+0000] {processor.py:840} INFO - DAG(s) 'newyork_fhv_gold' retrieved from /opt/airflow/dags/newyork_fhv_gold.py
[2026-05-09T02:17:15.245+0000] {logging_mixin.py:188} INFO - [2026-05-09T02:17:15.245+0000] {dag.py:3096} INFO - Sync 1 DAGs
[2026-05-09T02:17:15.260+0000] {logging_mixin.py:188} INFO - [2026-05-09T02:17:15.260+0000] {dag.py:3954} INFO - Setting next_dagrun for newyork_fhv_gold to None, run_after=None
[2026-05-09T02:17:15.286+0000] {processor.py:183} INFO - Processing /opt/airflow/dags/newyork_fhv_gold.py took 0.097 seconds
[2026-05-09T02:17:46.128+0000] {processor.py:161} INFO - Started process (PID=2989) to work on /opt/airflow/dags/newyork_fhv_gold.py
[2026-05-09T02:17:46.130+0000] {processor.py:830} INFO - Processing file /opt/airflow/dags/newyork_fhv_gold.py for tasks to queue
[2026-05-09T02:17:46.133+0000] {logging_mixin.py:188} INFO - [2026-05-09T02:17:46.133+0000] {dagbag.py:545} INFO - Filling up the DagBag from /opt/airflow/dags/newyork_fhv_gold.py
[2026-05-09T02:17:46.185+0000] {processor.py:840} INFO - DAG(s) 'newyork_fhv_gold' retrieved from /opt/airflow/dags/newyork_fhv_gold.py
[2026-05-09T02:17:46.210+0000] {logging_mixin.py:188} INFO - [2026-05-09T02:17:46.210+0000] {dag.py:3096} INFO - Sync 1 DAGs
[2026-05-09T02:17:46.223+0000] {logging_mixin.py:188} INFO - [2026-05-09T02:17:46.223+0000] {dag.py:3954} INFO - Setting next_dagrun for newyork_fhv_gold to None, run_after=None
[2026-05-09T02:17:46.252+0000] {processor.py:183} INFO - Processing /opt/airflow/dags/newyork_fhv_gold.py took 0.132 seconds
[2026-05-09T02:18:17.088+0000] {processor.py:161} INFO - Started process (PID=3000) to work on /opt/airflow/dags/newyork_fhv_gold.py
[2026-05-09T02:18:17.090+0000] {processor.py:830} INFO - Processing file /opt/airflow/dags/newyork_fhv_gold.py for tasks to queue
[2026-05-09T02:18:17.095+0000] {logging_mixin.py:188} INFO - [2026-05-09T02:18:17.094+0000] {dagbag.py:545} INFO - Filling up the DagBag from /opt/airflow/dags/newyork_fhv_gold.py
[2026-05-09T02:18:17.152+0000] {processor.py:840} INFO - DAG(s) 'newyork_fhv_gold' retrieved from /opt/airflow/dags/newyork_fhv_gold.py
[2026-05-09T02:18:17.181+0000] {logging_mixin.py:188} INFO - [2026-05-09T02:18:17.181+0000] {dag.py:3096} INFO - Sync 1 DAGs
[2026-05-09T02:18:17.195+0000] {logging_mixin.py:188} INFO - [2026-05-09T02:18:17.195+0000] {dag.py:3954} INFO - Setting next_dagrun for newyork_fhv_gold to None, run_after=None
[2026-05-09T02:18:17.221+0000] {processor.py:183} INFO - Processing /opt/airflow/dags/newyork_fhv_gold.py took 0.146 seconds
[2026-05-09T02:18:47.866+0000] {processor.py:161} INFO - Started process (PID=3011) to work on /opt/airflow/dags/newyork_fhv_gold.py
[2026-05-09T02:18:47.868+0000] {processor.py:830} INFO - Processing file /opt/airflow/dags/newyork_fhv_gold.py for tasks to queue
[2026-05-09T02:18:47.872+0000] {logging_mixin.py:188} INFO - [2026-05-09T02:18:47.872+0000] {dagbag.py:545} INFO - Filling up the DagBag from /opt/airflow/dags/newyork_fhv_gold.py
[2026-05-09T02:18:47.920+0000] {processor.py:840} INFO - DAG(s) 'newyork_fhv_gold' retrieved from /opt/airflow/dags/newyork_fhv_gold.py
[2026-05-09T02:18:47.957+0000] {logging_mixin.py:188} INFO - [2026-05-09T02:18:47.957+0000] {dag.py:3096} INFO - Sync 1 DAGs
[2026-05-09T02:18:47.971+0000] {logging_mixin.py:188} INFO - [2026-05-09T02:18:47.971+0000] {dag.py:3954} INFO - Setting next_dagrun for newyork_fhv_gold to None, run_after=None
[2026-05-09T02:18:47.995+0000] {processor.py:183} INFO - Processing /opt/airflow/dags/newyork_fhv_gold.py took 0.141 seconds
[2026-05-09T02:19:18.133+0000] {processor.py:161} INFO - Started process (PID=3022) to work on /opt/airflow/dags/newyork_fhv_gold.py
[2026-05-09T02:19:18.135+0000] {processor.py:830} INFO - Processing file /opt/airflow/dags/newyork_fhv_gold.py for tasks to queue
[2026-05-09T02:19:18.139+0000] {logging_mixin.py:188} INFO - [2026-05-09T02:19:18.138+0000] {dagbag.py:545} INFO - Filling up the DagBag from /opt/airflow/dags/newyork_fhv_gold.py
[2026-05-09T02:19:18.182+0000] {processor.py:840} INFO - DAG(s) 'newyork_fhv_gold' retrieved from /opt/airflow/dags/newyork_fhv_gold.py
[2026-05-09T02:19:18.222+0000] {logging_mixin.py:188} INFO - [2026-05-09T02:19:18.222+0000] {dag.py:3096} INFO - Sync 1 DAGs
[2026-05-09T02:19:18.246+0000] {logging_mixin.py:188} INFO - [2026-05-09T02:19:18.246+0000] {dag.py:3954} INFO - Setting next_dagrun for newyork_fhv_gold to None, run_after=None
[2026-05-09T02:19:18.293+0000] {processor.py:183} INFO - Processing /opt/airflow/dags/newyork_fhv_gold.py took 0.173 seconds
[2026-05-09T02:19:49.066+0000] {processor.py:161} INFO - Started process (PID=3031) to work on /opt/airflow/dags/newyork_fhv_gold.py
[2026-05-09T02:19:49.068+0000] {processor.py:830} INFO - Processing file /opt/airflow/dags/newyork_fhv_gold.py for tasks to queue
[2026-05-09T02:19:49.072+0000] {logging_mixin.py:188} INFO - [2026-05-09T02:19:49.071+0000] {dagbag.py:545} INFO - Filling up the DagBag from /opt/airflow/dags/newyork_fhv_gold.py
[2026-05-09T02:19:49.117+0000] {processor.py:840} INFO - DAG(s) 'newyork_fhv_gold' retrieved from /opt/airflow/dags/newyork_fhv_gold.py
[2026-05-09T02:19:49.143+0000] {logging_mixin.py:188} INFO - [2026-05-09T02:19:49.143+0000] {dag.py:3096} INFO - Sync 1 DAGs
[2026-05-09T02:19:49.157+0000] {logging_mixin.py:188} INFO - [2026-05-09T02:19:49.157+0000] {dag.py:3954} INFO - Setting next_dagrun for newyork_fhv_gold to None, run_after=None
[2026-05-09T02:19:49.182+0000] {processor.py:183} INFO - Processing /opt/airflow/dags/newyork_fhv_gold.py took 0.127 seconds
[2026-05-09T02:20:19.277+0000] {processor.py:161} INFO - Started process (PID=3042) to work on /opt/airflow/dags/newyork_fhv_gold.py
[2026-05-09T02:20:19.279+0000] {processor.py:830} INFO - Processing file /opt/airflow/dags/newyork_fhv_gold.py for tasks to queue
[2026-05-09T02:20:19.283+0000] {logging_mixin.py:188} INFO - [2026-05-09T02:20:19.282+0000] {dagbag.py:545} INFO - Filling up the DagBag from /opt/airflow/dags/newyork_fhv_gold.py
[2026-05-09T02:20:19.316+0000] {processor.py:840} INFO - DAG(s) 'newyork_fhv_gold' retrieved from /opt/airflow/dags/newyork_fhv_gold.py
[2026-05-09T02:20:19.353+0000] {logging_mixin.py:188} INFO - [2026-05-09T02:20:19.353+0000] {dag.py:3096} INFO - Sync 1 DAGs
[2026-05-09T02:20:19.377+0000] {logging_mixin.py:188} INFO - [2026-05-09T02:20:19.376+0000] {dag.py:3954} INFO - Setting next_dagrun for newyork_fhv_gold to None, run_after=None
[2026-05-09T02:20:19.422+0000] {processor.py:183} INFO - Processing /opt/airflow/dags/newyork_fhv_gold.py took 0.157 seconds
[2026-05-09T02:20:50.175+0000] {processor.py:161} INFO - Started process (PID=3053) to work on /opt/airflow/dags/newyork_fhv_gold.py
[2026-05-09T02:20:50.179+0000] {processor.py:830} INFO - Processing file /opt/airflow/dags/newyork_fhv_gold.py for tasks to queue
[2026-05-09T02:20:50.182+0000] {logging_mixin.py:188} INFO - [2026-05-09T02:20:50.181+0000] {dagbag.py:545} INFO - Filling up the DagBag from /opt/airflow/dags/newyork_fhv_gold.py
[2026-05-09T02:20:50.218+0000] {processor.py:840} INFO - DAG(s) 'newyork_fhv_gold' retrieved from /opt/airflow/dags/newyork_fhv_gold.py
[2026-05-09T02:20:50.245+0000] {logging_mixin.py:188} INFO - [2026-05-09T02:20:50.244+0000] {dag.py:3096} INFO - Sync 1 DAGs
[2026-05-09T02:20:50.260+0000] {logging_mixin.py:188} INFO - [2026-05-09T02:20:50.259+0000] {dag.py:3954} INFO - Setting next_dagrun for newyork_fhv_gold to None, run_after=None
[2026-05-09T02:20:50.282+0000] {processor.py:183} INFO - Processing /opt/airflow/dags/newyork_fhv_gold.py took 0.115 seconds
[2026-05-09T02:21:21.005+0000] {processor.py:161} INFO - Started process (PID=3064) to work on /opt/airflow/dags/newyork_fhv_gold.py
[2026-05-09T02:21:21.008+0000] {processor.py:830} INFO - Processing file /opt/airflow/dags/newyork_fhv_gold.py for tasks to queue
[2026-05-09T02:21:21.012+0000] {logging_mixin.py:188} INFO - [2026-05-09T02:21:21.011+0000] {dagbag.py:545} INFO - Filling up the DagBag from /opt/airflow/dags/newyork_fhv_gold.py
[2026-05-09T02:21:21.052+0000] {processor.py:840} INFO - DAG(s) 'newyork_fhv_gold' retrieved from /opt/airflow/dags/newyork_fhv_gold.py
[2026-05-09T02:21:21.076+0000] {logging_mixin.py:188} INFO - [2026-05-09T02:21:21.076+0000] {dag.py:3096} INFO - Sync 1 DAGs
[2026-05-09T02:21:21.093+0000] {logging_mixin.py:188} INFO - [2026-05-09T02:21:21.092+0000] {dag.py:3954} INFO - Setting next_dagrun for newyork_fhv_gold to None, run_after=None
[2026-05-09T02:21:21.123+0000] {processor.py:183} INFO - Processing /opt/airflow/dags/newyork_fhv_gold.py took 0.129 seconds
[2026-05-09T02:21:51.911+0000] {processor.py:161} INFO - Started process (PID=3075) to work on /opt/airflow/dags/newyork_fhv_gold.py
[2026-05-09T02:21:51.912+0000] {processor.py:830} INFO - Processing file /opt/airflow/dags/newyork_fhv_gold.py for tasks to queue
[2026-05-09T02:21:51.916+0000] {logging_mixin.py:188} INFO - [2026-05-09T02:21:51.915+0000] {dagbag.py:545} INFO - Filling up the DagBag from /opt/airflow/dags/newyork_fhv_gold.py
[2026-05-09T02:21:51.948+0000] {processor.py:840} INFO - DAG(s) 'newyork_fhv_gold' retrieved from /opt/airflow/dags/newyork_fhv_gold.py
[2026-05-09T02:21:51.970+0000] {logging_mixin.py:188} INFO - [2026-05-09T02:21:51.970+0000] {dag.py:3096} INFO - Sync 1 DAGs
[2026-05-09T02:21:51.985+0000] {logging_mixin.py:188} INFO - [2026-05-09T02:21:51.985+0000] {dag.py:3954} INFO - Setting next_dagrun for newyork_fhv_gold to None, run_after=None
[2026-05-09T02:21:52.010+0000] {processor.py:183} INFO - Processing /opt/airflow/dags/newyork_fhv_gold.py took 0.108 seconds
[2026-05-09T02:22:22.771+0000] {processor.py:161} INFO - Started process (PID=3087) to work on /opt/airflow/dags/newyork_fhv_gold.py
[2026-05-09T02:22:22.773+0000] {processor.py:830} INFO - Processing file /opt/airflow/dags/newyork_fhv_gold.py for tasks to queue
[2026-05-09T02:22:22.776+0000] {logging_mixin.py:188} INFO - [2026-05-09T02:22:22.776+0000] {dagbag.py:545} INFO - Filling up the DagBag from /opt/airflow/dags/newyork_fhv_gold.py
[2026-05-09T02:22:22.797+0000] {processor.py:840} INFO - DAG(s) 'newyork_fhv_gold' retrieved from /opt/airflow/dags/newyork_fhv_gold.py
[2026-05-09T02:22:22.822+0000] {logging_mixin.py:188} INFO - [2026-05-09T02:22:22.822+0000] {dag.py:3096} INFO - Sync 1 DAGs
[2026-05-09T02:22:22.839+0000] {logging_mixin.py:188} INFO - [2026-05-09T02:22:22.839+0000] {dag.py:3954} INFO - Setting next_dagrun for newyork_fhv_gold to None, run_after=None
[2026-05-09T02:22:22.867+0000] {processor.py:183} INFO - Processing /opt/airflow/dags/newyork_fhv_gold.py took 0.106 seconds
[2026-05-09T02:22:53.611+0000] {processor.py:161} INFO - Started process (PID=3098) to work on /opt/airflow/dags/newyork_fhv_gold.py
[2026-05-09T02:22:53.612+0000] {processor.py:830} INFO - Processing file /opt/airflow/dags/newyork_fhv_gold.py for tasks to queue
[2026-05-09T02:22:53.616+0000] {logging_mixin.py:188} INFO - [2026-05-09T02:22:53.615+0000] {dagbag.py:545} INFO - Filling up the DagBag from /opt/airflow/dags/newyork_fhv_gold.py
[2026-05-09T02:22:53.649+0000] {processor.py:840} INFO - DAG(s) 'newyork_fhv_gold' retrieved from /opt/airflow/dags/newyork_fhv_gold.py
[2026-05-09T02:22:53.680+0000] {logging_mixin.py:188} INFO - [2026-05-09T02:22:53.680+0000] {dag.py:3096} INFO - Sync 1 DAGs
[2026-05-09T02:22:53.696+0000] {logging_mixin.py:188} INFO - [2026-05-09T02:22:53.696+0000] {dag.py:3954} INFO - Setting next_dagrun for newyork_fhv_gold to None, run_after=None
[2026-05-09T02:22:53.725+0000] {processor.py:183} INFO - Processing /opt/airflow/dags/newyork_fhv_gold.py took 0.125 seconds
[2026-05-09T02:23:24.638+0000] {processor.py:161} INFO - Started process (PID=3109) to work on /opt/airflow/dags/newyork_fhv_gold.py
[2026-05-09T02:23:24.641+0000] {processor.py:830} INFO - Processing file /opt/airflow/dags/newyork_fhv_gold.py for tasks to queue
[2026-05-09T02:23:24.646+0000] {logging_mixin.py:188} INFO - [2026-05-09T02:23:24.645+0000] {dagbag.py:545} INFO - Filling up the DagBag from /opt/airflow/dags/newyork_fhv_gold.py
[2026-05-09T02:23:24.700+0000] {processor.py:840} INFO - DAG(s) 'newyork_fhv_gold' retrieved from /opt/airflow/dags/newyork_fhv_gold.py
[2026-05-09T02:23:24.737+0000] {logging_mixin.py:188} INFO - [2026-05-09T02:23:24.737+0000] {dag.py:3096} INFO - Sync 1 DAGs
[2026-05-09T02:23:24.759+0000] {logging_mixin.py:188} INFO - [2026-05-09T02:23:24.759+0000] {dag.py:3954} INFO - Setting next_dagrun for newyork_fhv_gold to None, run_after=None
[2026-05-09T02:23:24.796+0000] {processor.py:183} INFO - Processing /opt/airflow/dags/newyork_fhv_gold.py took 0.170 seconds
[2026-05-09T02:23:55.013+0000] {processor.py:161} INFO - Started process (PID=3120) to work on /opt/airflow/dags/newyork_fhv_gold.py
[2026-05-09T02:23:55.015+0000] {processor.py:830} INFO - Processing file /opt/airflow/dags/newyork_fhv_gold.py for tasks to queue
[2026-05-09T02:23:55.022+0000] {logging_mixin.py:188} INFO - [2026-05-09T02:23:55.021+0000] {dagbag.py:545} INFO - Filling up the DagBag from /opt/airflow/dags/newyork_fhv_gold.py
[2026-05-09T02:23:55.051+0000] {processor.py:840} INFO - DAG(s) 'newyork_fhv_gold' retrieved from /opt/airflow/dags/newyork_fhv_gold.py
[2026-05-09T02:23:55.087+0000] {logging_mixin.py:188} INFO - [2026-05-09T02:23:55.086+0000] {dag.py:3096} INFO - Sync 1 DAGs
[2026-05-09T02:23:55.104+0000] {logging_mixin.py:188} INFO - [2026-05-09T02:23:55.104+0000] {dag.py:3954} INFO - Setting next_dagrun for newyork_fhv_gold to None, run_after=None
[2026-05-09T02:23:55.133+0000] {processor.py:183} INFO - Processing /opt/airflow/dags/newyork_fhv_gold.py took 0.129 seconds
[2026-05-09T02:24:26.185+0000] {processor.py:161} INFO - Started process (PID=3131) to work on /opt/airflow/dags/newyork_fhv_gold.py
[2026-05-09T02:24:26.186+0000] {processor.py:830} INFO - Processing file /opt/airflow/dags/newyork_fhv_gold.py for tasks to queue
[2026-05-09T02:24:26.189+0000] {logging_mixin.py:188} INFO - [2026-05-09T02:24:26.188+0000] {dagbag.py:545} INFO - Filling up the DagBag from /opt/airflow/dags/newyork_fhv_gold.py
[2026-05-09T02:24:26.210+0000] {processor.py:840} INFO - DAG(s) 'newyork_fhv_gold' retrieved from /opt/airflow/dags/newyork_fhv_gold.py
[2026-05-09T02:24:26.233+0000] {logging_mixin.py:188} INFO - [2026-05-09T02:24:26.233+0000] {dag.py:3096} INFO - Sync 1 DAGs
[2026-05-09T02:24:26.249+0000] {logging_mixin.py:188} INFO - [2026-05-09T02:24:26.249+0000] {dag.py:3954} INFO - Setting next_dagrun for newyork_fhv_gold to None, run_after=None
[2026-05-09T02:24:26.274+0000] {processor.py:183} INFO - Processing /opt/airflow/dags/newyork_fhv_gold.py took 0.098 seconds
[2026-05-09T02:24:57.149+0000] {processor.py:161} INFO - Started process (PID=3142) to work on /opt/airflow/dags/newyork_fhv_gold.py
[2026-05-09T02:24:57.151+0000] {processor.py:830} INFO - Processing file /opt/airflow/dags/newyork_fhv_gold.py for tasks to queue
[2026-05-09T02:24:57.154+0000] {logging_mixin.py:188} INFO - [2026-05-09T02:24:57.153+0000] {dagbag.py:545} INFO - Filling up the DagBag from /opt/airflow/dags/newyork_fhv_gold.py
[2026-05-09T02:24:57.174+0000] {processor.py:840} INFO - DAG(s) 'newyork_fhv_gold' retrieved from /opt/airflow/dags/newyork_fhv_gold.py
[2026-05-09T02:24:57.200+0000] {logging_mixin.py:188} INFO - [2026-05-09T02:24:57.200+0000] {dag.py:3096} INFO - Sync 1 DAGs
[2026-05-09T02:24:57.215+0000] {logging_mixin.py:188} INFO - [2026-05-09T02:24:57.215+0000] {dag.py:3954} INFO - Setting next_dagrun for newyork_fhv_gold to None, run_after=None
[2026-05-09T02:24:57.245+0000] {processor.py:183} INFO - Processing /opt/airflow/dags/newyork_fhv_gold.py took 0.107 seconds
[2026-05-09T02:25:28.121+0000] {processor.py:161} INFO - Started process (PID=3153) to work on /opt/airflow/dags/newyork_fhv_gold.py
[2026-05-09T02:25:28.123+0000] {processor.py:830} INFO - Processing file /opt/airflow/dags/newyork_fhv_gold.py for tasks to queue
[2026-05-09T02:25:28.125+0000] {logging_mixin.py:188} INFO - [2026-05-09T02:25:28.124+0000] {dagbag.py:545} INFO - Filling up the DagBag from /opt/airflow/dags/newyork_fhv_gold.py
[2026-05-09T02:25:28.159+0000] {processor.py:840} INFO - DAG(s) 'newyork_fhv_gold' retrieved from /opt/airflow/dags/newyork_fhv_gold.py
[2026-05-09T02:25:28.197+0000] {logging_mixin.py:188} INFO - [2026-05-09T02:25:28.197+0000] {dag.py:3096} INFO - Sync 1 DAGs
[2026-05-09T02:25:28.218+0000] {logging_mixin.py:188} INFO - [2026-05-09T02:25:28.218+0000] {dag.py:3954} INFO - Setting next_dagrun for newyork_fhv_gold to None, run_after=None
[2026-05-09T02:25:28.247+0000] {processor.py:183} INFO - Processing /opt/airflow/dags/newyork_fhv_gold.py took 0.134 seconds
[2026-05-09T02:25:59.086+0000] {processor.py:161} INFO - Started process (PID=3164) to work on /opt/airflow/dags/newyork_fhv_gold.py
[2026-05-09T02:25:59.088+0000] {processor.py:830} INFO - Processing file /opt/airflow/dags/newyork_fhv_gold.py for tasks to queue
[2026-05-09T02:25:59.091+0000] {logging_mixin.py:188} INFO - [2026-05-09T02:25:59.091+0000] {dagbag.py:545} INFO - Filling up the DagBag from /opt/airflow/dags/newyork_fhv_gold.py
[2026-05-09T02:25:59.130+0000] {processor.py:840} INFO - DAG(s) 'newyork_fhv_gold' retrieved from /opt/airflow/dags/newyork_fhv_gold.py
[2026-05-09T02:25:59.156+0000] {logging_mixin.py:188} INFO - [2026-05-09T02:25:59.156+0000] {dag.py:3096} INFO - Sync 1 DAGs
[2026-05-09T02:25:59.172+0000] {logging_mixin.py:188} INFO - [2026-05-09T02:25:59.171+0000] {dag.py:3954} INFO - Setting next_dagrun for newyork_fhv_gold to None, run_after=None
[2026-05-09T02:25:59.199+0000] {processor.py:183} INFO - Processing /opt/airflow/dags/newyork_fhv_gold.py took 0.120 seconds
[2026-05-09T02:26:30.062+0000] {processor.py:161} INFO - Started process (PID=3175) to work on /opt/airflow/dags/newyork_fhv_gold.py
[2026-05-09T02:26:30.065+0000] {processor.py:830} INFO - Processing file /opt/airflow/dags/newyork_fhv_gold.py for tasks to queue
[2026-05-09T02:26:30.068+0000] {logging_mixin.py:188} INFO - [2026-05-09T02:26:30.068+0000] {dagbag.py:545} INFO - Filling up the DagBag from /opt/airflow/dags/newyork_fhv_gold.py
[2026-05-09T02:26:30.090+0000] {processor.py:840} INFO - DAG(s) 'newyork_fhv_gold' retrieved from /opt/airflow/dags/newyork_fhv_gold.py
[2026-05-09T02:26:30.112+0000] {logging_mixin.py:188} INFO - [2026-05-09T02:26:30.112+0000] {dag.py:3096} INFO - Sync 1 DAGs
[2026-05-09T02:26:30.126+0000] {logging_mixin.py:188} INFO - [2026-05-09T02:26:30.126+0000] {dag.py:3954} INFO - Setting next_dagrun for newyork_fhv_gold to None, run_after=None
[2026-05-09T02:26:30.151+0000] {processor.py:183} INFO - Processing /opt/airflow/dags/newyork_fhv_gold.py took 0.098 seconds
[2026-05-09T02:27:00.255+0000] {processor.py:161} INFO - Started process (PID=3186) to work on /opt/airflow/dags/newyork_fhv_gold.py
[2026-05-09T02:27:00.258+0000] {processor.py:830} INFO - Processing file /opt/airflow/dags/newyork_fhv_gold.py for tasks to queue
[2026-05-09T02:27:00.262+0000] {logging_mixin.py:188} INFO - [2026-05-09T02:27:00.261+0000] {dagbag.py:545} INFO - Filling up the DagBag from /opt/airflow/dags/newyork_fhv_gold.py
[2026-05-09T02:27:00.321+0000] {processor.py:840} INFO - DAG(s) 'newyork_fhv_gold' retrieved from /opt/airflow/dags/newyork_fhv_gold.py
[2026-05-09T02:27:00.356+0000] {logging_mixin.py:188} INFO - [2026-05-09T02:27:00.356+0000] {dag.py:3096} INFO - Sync 1 DAGs
[2026-05-09T02:27:00.369+0000] {logging_mixin.py:188} INFO - [2026-05-09T02:27:00.369+0000] {dag.py:3954} INFO - Setting next_dagrun for newyork_fhv_gold to None, run_after=None
[2026-05-09T02:27:00.399+0000] {processor.py:183} INFO - Processing /opt/airflow/dags/newyork_fhv_gold.py took 0.155 seconds
[2026-05-09T02:27:30.525+0000] {processor.py:161} INFO - Started process (PID=3197) to work on /opt/airflow/dags/newyork_fhv_gold.py
[2026-05-09T02:27:30.527+0000] {processor.py:830} INFO - Processing file /opt/airflow/dags/newyork_fhv_gold.py for tasks to queue
[2026-05-09T02:27:30.531+0000] {logging_mixin.py:188} INFO - [2026-05-09T02:27:30.531+0000] {dagbag.py:545} INFO - Filling up the DagBag from /opt/airflow/dags/newyork_fhv_gold.py
[2026-05-09T02:27:30.576+0000] {processor.py:840} INFO - DAG(s) 'newyork_fhv_gold' retrieved from /opt/airflow/dags/newyork_fhv_gold.py
[2026-05-09T02:27:30.613+0000] {logging_mixin.py:188} INFO - [2026-05-09T02:27:30.612+0000] {dag.py:3096} INFO - Sync 1 DAGs
[2026-05-09T02:27:30.638+0000] {logging_mixin.py:188} INFO - [2026-05-09T02:27:30.638+0000] {dag.py:3954} INFO - Setting next_dagrun for newyork_fhv_gold to None, run_after=None
[2026-05-09T02:27:30.679+0000] {processor.py:183} INFO - Processing /opt/airflow/dags/newyork_fhv_gold.py took 0.165 seconds
[2026-05-09T02:28:01.497+0000] {processor.py:161} INFO - Started process (PID=3208) to work on /opt/airflow/dags/newyork_fhv_gold.py
[2026-05-09T02:28:01.504+0000] {processor.py:830} INFO - Processing file /opt/airflow/dags/newyork_fhv_gold.py for tasks to queue
[2026-05-09T02:28:01.508+0000] {logging_mixin.py:188} INFO - [2026-05-09T02:28:01.507+0000] {dagbag.py:545} INFO - Filling up the DagBag from /opt/airflow/dags/newyork_fhv_gold.py
[2026-05-09T02:28:01.552+0000] {processor.py:840} INFO - DAG(s) 'newyork_fhv_gold' retrieved from /opt/airflow/dags/newyork_fhv_gold.py
[2026-05-09T02:28:01.579+0000] {logging_mixin.py:188} INFO - [2026-05-09T02:28:01.579+0000] {dag.py:3096} INFO - Sync 1 DAGs
[2026-05-09T02:28:01.596+0000] {logging_mixin.py:188} INFO - [2026-05-09T02:28:01.596+0000] {dag.py:3954} INFO - Setting next_dagrun for newyork_fhv_gold to None, run_after=None
[2026-05-09T02:28:01.628+0000] {processor.py:183} INFO - Processing /opt/airflow/dags/newyork_fhv_gold.py took 0.142 seconds
[2026-05-09T02:28:32.340+0000] {processor.py:161} INFO - Started process (PID=3219) to work on /opt/airflow/dags/newyork_fhv_gold.py
[2026-05-09T02:28:32.341+0000] {processor.py:830} INFO - Processing file /opt/airflow/dags/newyork_fhv_gold.py for tasks to queue
[2026-05-09T02:28:32.344+0000] {logging_mixin.py:188} INFO - [2026-05-09T02:28:32.343+0000] {dagbag.py:545} INFO - Filling up the DagBag from /opt/airflow/dags/newyork_fhv_gold.py
[2026-05-09T02:28:32.383+0000] {processor.py:840} INFO - DAG(s) 'newyork_fhv_gold' retrieved from /opt/airflow/dags/newyork_fhv_gold.py
[2026-05-09T02:28:32.408+0000] {logging_mixin.py:188} INFO - [2026-05-09T02:28:32.408+0000] {dag.py:3096} INFO - Sync 1 DAGs
[2026-05-09T02:28:32.423+0000] {logging_mixin.py:188} INFO - [2026-05-09T02:28:32.423+0000] {dag.py:3954} INFO - Setting next_dagrun for newyork_fhv_gold to None, run_after=None
[2026-05-09T02:28:32.449+0000] {processor.py:183} INFO - Processing /opt/airflow/dags/newyork_fhv_gold.py took 0.121 seconds
[2026-05-09T02:29:03.421+0000] {processor.py:161} INFO - Started process (PID=3230) to work on /opt/airflow/dags/newyork_fhv_gold.py
[2026-05-09T02:29:03.422+0000] {processor.py:830} INFO - Processing file /opt/airflow/dags/newyork_fhv_gold.py for tasks to queue
[2026-05-09T02:29:03.425+0000] {logging_mixin.py:188} INFO - [2026-05-09T02:29:03.424+0000] {dagbag.py:545} INFO - Filling up the DagBag from /opt/airflow/dags/newyork_fhv_gold.py
[2026-05-09T02:29:03.460+0000] {processor.py:840} INFO - DAG(s) 'newyork_fhv_gold' retrieved from /opt/airflow/dags/newyork_fhv_gold.py
[2026-05-09T02:29:03.485+0000] {logging_mixin.py:188} INFO - [2026-05-09T02:29:03.485+0000] {dag.py:3096} INFO - Sync 1 DAGs
[2026-05-09T02:29:03.499+0000] {logging_mixin.py:188} INFO - [2026-05-09T02:29:03.499+0000] {dag.py:3954} INFO - Setting next_dagrun for newyork_fhv_gold to None, run_after=None
[2026-05-09T02:29:03.530+0000] {processor.py:183} INFO - Processing /opt/airflow/dags/newyork_fhv_gold.py took 0.119 seconds
[2026-05-09T02:29:34.310+0000] {processor.py:161} INFO - Started process (PID=3241) to work on /opt/airflow/dags/newyork_fhv_gold.py
[2026-05-09T02:29:34.312+0000] {processor.py:830} INFO - Processing file /opt/airflow/dags/newyork_fhv_gold.py for tasks to queue
[2026-05-09T02:29:34.315+0000] {logging_mixin.py:188} INFO - [2026-05-09T02:29:34.314+0000] {dagbag.py:545} INFO - Filling up the DagBag from /opt/airflow/dags/newyork_fhv_gold.py
[2026-05-09T02:29:34.353+0000] {processor.py:840} INFO - DAG(s) 'newyork_fhv_gold' retrieved from /opt/airflow/dags/newyork_fhv_gold.py
[2026-05-09T02:29:34.378+0000] {logging_mixin.py:188} INFO - [2026-05-09T02:29:34.377+0000] {dag.py:3096} INFO - Sync 1 DAGs
[2026-05-09T02:29:34.393+0000] {logging_mixin.py:188} INFO - [2026-05-09T02:29:34.392+0000] {dag.py:3954} INFO - Setting next_dagrun for newyork_fhv_gold to None, run_after=None
[2026-05-09T02:29:34.420+0000] {processor.py:183} INFO - Processing /opt/airflow/dags/newyork_fhv_gold.py took 0.117 seconds
[2026-05-09T02:30:05.253+0000] {processor.py:161} INFO - Started process (PID=3252) to work on /opt/airflow/dags/newyork_fhv_gold.py
[2026-05-09T02:30:05.256+0000] {processor.py:830} INFO - Processing file /opt/airflow/dags/newyork_fhv_gold.py for tasks to queue
[2026-05-09T02:30:05.259+0000] {logging_mixin.py:188} INFO - [2026-05-09T02:30:05.259+0000] {dagbag.py:545} INFO - Filling up the DagBag from /opt/airflow/dags/newyork_fhv_gold.py
[2026-05-09T02:30:05.300+0000] {processor.py:840} INFO - DAG(s) 'newyork_fhv_gold' retrieved from /opt/airflow/dags/newyork_fhv_gold.py
[2026-05-09T02:30:05.325+0000] {logging_mixin.py:188} INFO - [2026-05-09T02:30:05.324+0000] {dag.py:3096} INFO - Sync 1 DAGs
[2026-05-09T02:30:05.341+0000] {logging_mixin.py:188} INFO - [2026-05-09T02:30:05.341+0000] {dag.py:3954} INFO - Setting next_dagrun for newyork_fhv_gold to None, run_after=None
[2026-05-09T02:30:05.385+0000] {processor.py:183} INFO - Processing /opt/airflow/dags/newyork_fhv_gold.py took 0.142 seconds
[2026-05-09T02:30:36.206+0000] {processor.py:161} INFO - Started process (PID=3263) to work on /opt/airflow/dags/newyork_fhv_gold.py
[2026-05-09T02:30:36.207+0000] {processor.py:830} INFO - Processing file /opt/airflow/dags/newyork_fhv_gold.py for tasks to queue
[2026-05-09T02:30:36.210+0000] {logging_mixin.py:188} INFO - [2026-05-09T02:30:36.210+0000] {dagbag.py:545} INFO - Filling up the DagBag from /opt/airflow/dags/newyork_fhv_gold.py
[2026-05-09T02:30:36.238+0000] {processor.py:840} INFO - DAG(s) 'newyork_fhv_gold' retrieved from /opt/airflow/dags/newyork_fhv_gold.py
[2026-05-09T02:30:36.265+0000] {logging_mixin.py:188} INFO - [2026-05-09T02:30:36.264+0000] {dag.py:3096} INFO - Sync 1 DAGs
[2026-05-09T02:30:36.280+0000] {logging_mixin.py:188} INFO - [2026-05-09T02:30:36.280+0000] {dag.py:3954} INFO - Setting next_dagrun for newyork_fhv_gold to None, run_after=None
[2026-05-09T02:30:36.310+0000] {processor.py:183} INFO - Processing /opt/airflow/dags/newyork_fhv_gold.py took 0.114 seconds
[2026-05-09T02:31:07.079+0000] {processor.py:161} INFO - Started process (PID=3274) to work on /opt/airflow/dags/newyork_fhv_gold.py
[2026-05-09T02:31:07.081+0000] {processor.py:830} INFO - Processing file /opt/airflow/dags/newyork_fhv_gold.py for tasks to queue
[2026-05-09T02:31:07.086+0000] {logging_mixin.py:188} INFO - [2026-05-09T02:31:07.085+0000] {dagbag.py:545} INFO - Filling up the DagBag from /opt/airflow/dags/newyork_fhv_gold.py
[2026-05-09T02:31:07.144+0000] {processor.py:840} INFO - DAG(s) 'newyork_fhv_gold' retrieved from /opt/airflow/dags/newyork_fhv_gold.py
[2026-05-09T02:31:07.174+0000] {logging_mixin.py:188} INFO - [2026-05-09T02:31:07.174+0000] {dag.py:3096} INFO - Sync 1 DAGs
[2026-05-09T02:31:07.192+0000] {logging_mixin.py:188} INFO - [2026-05-09T02:31:07.191+0000] {dag.py:3954} INFO - Setting next_dagrun for newyork_fhv_gold to None, run_after=None
[2026-05-09T02:31:07.225+0000] {processor.py:183} INFO - Processing /opt/airflow/dags/newyork_fhv_gold.py took 0.159 seconds
[2026-05-09T02:31:38.063+0000] {processor.py:161} INFO - Started process (PID=3285) to work on /opt/airflow/dags/newyork_fhv_gold.py
[2026-05-09T02:31:38.064+0000] {processor.py:830} INFO - Processing file /opt/airflow/dags/newyork_fhv_gold.py for tasks to queue
[2026-05-09T02:31:38.068+0000] {logging_mixin.py:188} INFO - [2026-05-09T02:31:38.068+0000] {dagbag.py:545} INFO - Filling up the DagBag from /opt/airflow/dags/newyork_fhv_gold.py
[2026-05-09T02:31:38.107+0000] {processor.py:840} INFO - DAG(s) 'newyork_fhv_gold' retrieved from /opt/airflow/dags/newyork_fhv_gold.py
[2026-05-09T02:31:38.144+0000] {logging_mixin.py:188} INFO - [2026-05-09T02:31:38.144+0000] {dag.py:3096} INFO - Sync 1 DAGs
[2026-05-09T02:31:38.163+0000] {logging_mixin.py:188} INFO - [2026-05-09T02:31:38.163+0000] {dag.py:3954} INFO - Setting next_dagrun for newyork_fhv_gold to None, run_after=None
[2026-05-09T02:31:38.192+0000] {processor.py:183} INFO - Processing /opt/airflow/dags/newyork_fhv_gold.py took 0.141 seconds
[2026-05-09T02:32:09.073+0000] {processor.py:161} INFO - Started process (PID=3296) to work on /opt/airflow/dags/newyork_fhv_gold.py
[2026-05-09T02:32:09.076+0000] {processor.py:830} INFO - Processing file /opt/airflow/dags/newyork_fhv_gold.py for tasks to queue
[2026-05-09T02:32:09.083+0000] {logging_mixin.py:188} INFO - [2026-05-09T02:32:09.082+0000] {dagbag.py:545} INFO - Filling up the DagBag from /opt/airflow/dags/newyork_fhv_gold.py
[2026-05-09T02:32:09.136+0000] {processor.py:840} INFO - DAG(s) 'newyork_fhv_gold' retrieved from /opt/airflow/dags/newyork_fhv_gold.py
[2026-05-09T02:32:09.165+0000] {logging_mixin.py:188} INFO - [2026-05-09T02:32:09.165+0000] {dag.py:3096} INFO - Sync 1 DAGs
[2026-05-09T02:32:09.181+0000] {logging_mixin.py:188} INFO - [2026-05-09T02:32:09.181+0000] {dag.py:3954} INFO - Setting next_dagrun for newyork_fhv_gold to None, run_after=None
[2026-05-09T02:32:09.217+0000] {processor.py:183} INFO - Processing /opt/airflow/dags/newyork_fhv_gold.py took 0.156 seconds
[2026-05-09T02:32:40.262+0000] {processor.py:161} INFO - Started process (PID=3307) to work on /opt/airflow/dags/newyork_fhv_gold.py
[2026-05-09T02:32:40.263+0000] {processor.py:830} INFO - Processing file /opt/airflow/dags/newyork_fhv_gold.py for tasks to queue
[2026-05-09T02:32:40.266+0000] {logging_mixin.py:188} INFO - [2026-05-09T02:32:40.265+0000] {dagbag.py:545} INFO - Filling up the DagBag from /opt/airflow/dags/newyork_fhv_gold.py
[2026-05-09T02:32:40.297+0000] {processor.py:840} INFO - DAG(s) 'newyork_fhv_gold' retrieved from /opt/airflow/dags/newyork_fhv_gold.py
[2026-05-09T02:32:40.321+0000] {logging_mixin.py:188} INFO - [2026-05-09T02:32:40.320+0000] {dag.py:3096} INFO - Sync 1 DAGs
[2026-05-09T02:32:40.334+0000] {logging_mixin.py:188} INFO - [2026-05-09T02:32:40.334+0000] {dag.py:3954} INFO - Setting next_dagrun for newyork_fhv_gold to None, run_after=None
[2026-05-09T02:32:40.363+0000] {processor.py:183} INFO - Processing /opt/airflow/dags/newyork_fhv_gold.py took 0.110 seconds
[2026-05-09T02:33:11.095+0000] {processor.py:161} INFO - Started process (PID=3318) to work on /opt/airflow/dags/newyork_fhv_gold.py
[2026-05-09T02:33:11.097+0000] {processor.py:830} INFO - Processing file /opt/airflow/dags/newyork_fhv_gold.py for tasks to queue
[2026-05-09T02:33:11.099+0000] {logging_mixin.py:188} INFO - [2026-05-09T02:33:11.099+0000] {dagbag.py:545} INFO - Filling up the DagBag from /opt/airflow/dags/newyork_fhv_gold.py
[2026-05-09T02:33:11.134+0000] {processor.py:840} INFO - DAG(s) 'newyork_fhv_gold' retrieved from /opt/airflow/dags/newyork_fhv_gold.py
[2026-05-09T02:33:11.157+0000] {logging_mixin.py:188} INFO - [2026-05-09T02:33:11.157+0000] {dag.py:3096} INFO - Sync 1 DAGs
[2026-05-09T02:33:11.172+0000] {logging_mixin.py:188} INFO - [2026-05-09T02:33:11.172+0000] {dag.py:3954} INFO - Setting next_dagrun for newyork_fhv_gold to None, run_after=None
[2026-05-09T02:33:11.197+0000] {processor.py:183} INFO - Processing /opt/airflow/dags/newyork_fhv_gold.py took 0.108 seconds
[2026-05-09T02:33:42.130+0000] {processor.py:161} INFO - Started process (PID=3329) to work on /opt/airflow/dags/newyork_fhv_gold.py
[2026-05-09T02:33:42.132+0000] {processor.py:830} INFO - Processing file /opt/airflow/dags/newyork_fhv_gold.py for tasks to queue
[2026-05-09T02:33:42.135+0000] {logging_mixin.py:188} INFO - [2026-05-09T02:33:42.134+0000] {dagbag.py:545} INFO - Filling up the DagBag from /opt/airflow/dags/newyork_fhv_gold.py
[2026-05-09T02:33:42.172+0000] {processor.py:840} INFO - DAG(s) 'newyork_fhv_gold' retrieved from /opt/airflow/dags/newyork_fhv_gold.py
[2026-05-09T02:33:42.207+0000] {logging_mixin.py:188} INFO - [2026-05-09T02:33:42.207+0000] {dag.py:3096} INFO - Sync 1 DAGs
[2026-05-09T02:33:42.234+0000] {logging_mixin.py:188} INFO - [2026-05-09T02:33:42.233+0000] {dag.py:3954} INFO - Setting next_dagrun for newyork_fhv_gold to None, run_after=None
[2026-05-09T02:33:42.275+0000] {processor.py:183} INFO - Processing /opt/airflow/dags/newyork_fhv_gold.py took 0.156 seconds
[2026-05-09T02:34:13.327+0000] {processor.py:161} INFO - Started process (PID=3340) to work on /opt/airflow/dags/newyork_fhv_gold.py
[2026-05-09T02:34:13.329+0000] {processor.py:830} INFO - Processing file /opt/airflow/dags/newyork_fhv_gold.py for tasks to queue
[2026-05-09T02:34:13.332+0000] {logging_mixin.py:188} INFO - [2026-05-09T02:34:13.331+0000] {dagbag.py:545} INFO - Filling up the DagBag from /opt/airflow/dags/newyork_fhv_gold.py
[2026-05-09T02:34:13.360+0000] {processor.py:840} INFO - DAG(s) 'newyork_fhv_gold' retrieved from /opt/airflow/dags/newyork_fhv_gold.py
[2026-05-09T02:34:13.394+0000] {logging_mixin.py:188} INFO - [2026-05-09T02:34:13.394+0000] {dag.py:3096} INFO - Sync 1 DAGs
[2026-05-09T02:34:13.413+0000] {logging_mixin.py:188} INFO - [2026-05-09T02:34:13.412+0000] {dag.py:3954} INFO - Setting next_dagrun for newyork_fhv_gold to None, run_after=None
[2026-05-09T02:34:13.443+0000] {processor.py:183} INFO - Processing /opt/airflow/dags/newyork_fhv_gold.py took 0.126 seconds
[2026-05-09T02:34:44.275+0000] {processor.py:161} INFO - Started process (PID=3358) to work on /opt/airflow/dags/newyork_fhv_gold.py
[2026-05-09T02:34:44.276+0000] {processor.py:830} INFO - Processing file /opt/airflow/dags/newyork_fhv_gold.py for tasks to queue
[2026-05-09T02:34:44.278+0000] {logging_mixin.py:188} INFO - [2026-05-09T02:34:44.278+0000] {dagbag.py:545} INFO - Filling up the DagBag from /opt/airflow/dags/newyork_fhv_gold.py
[2026-05-09T02:34:44.309+0000] {processor.py:840} INFO - DAG(s) 'newyork_fhv_gold' retrieved from /opt/airflow/dags/newyork_fhv_gold.py
[2026-05-09T02:34:44.332+0000] {logging_mixin.py:188} INFO - [2026-05-09T02:34:44.332+0000] {dag.py:3096} INFO - Sync 1 DAGs
[2026-05-09T02:34:44.346+0000] {logging_mixin.py:188} INFO - [2026-05-09T02:34:44.346+0000] {dag.py:3954} INFO - Setting next_dagrun for newyork_fhv_gold to None, run_after=None
[2026-05-09T02:34:44.377+0000] {processor.py:183} INFO - Processing /opt/airflow/dags/newyork_fhv_gold.py took 0.110 seconds
[2026-05-09T02:35:15.222+0000] {processor.py:161} INFO - Started process (PID=3369) to work on /opt/airflow/dags/newyork_fhv_gold.py
[2026-05-09T02:35:15.223+0000] {processor.py:830} INFO - Processing file /opt/airflow/dags/newyork_fhv_gold.py for tasks to queue
[2026-05-09T02:35:15.227+0000] {logging_mixin.py:188} INFO - [2026-05-09T02:35:15.227+0000] {dagbag.py:545} INFO - Filling up the DagBag from /opt/airflow/dags/newyork_fhv_gold.py
[2026-05-09T02:35:15.285+0000] {processor.py:840} INFO - DAG(s) 'newyork_fhv_gold' retrieved from /opt/airflow/dags/newyork_fhv_gold.py
[2026-05-09T02:35:15.318+0000] {logging_mixin.py:188} INFO - [2026-05-09T02:35:15.318+0000] {dag.py:3096} INFO - Sync 1 DAGs
[2026-05-09T02:35:15.336+0000] {logging_mixin.py:188} INFO - [2026-05-09T02:35:15.335+0000] {dag.py:3954} INFO - Setting next_dagrun for newyork_fhv_gold to None, run_after=None
[2026-05-09T02:35:15.361+0000] {processor.py:183} INFO - Processing /opt/airflow/dags/newyork_fhv_gold.py took 0.153 seconds
[2026-05-09T02:35:45.476+0000] {processor.py:161} INFO - Started process (PID=3380) to work on /opt/airflow/dags/newyork_fhv_gold.py
[2026-05-09T02:35:45.479+0000] {processor.py:830} INFO - Processing file /opt/airflow/dags/newyork_fhv_gold.py for tasks to queue
[2026-05-09T02:35:45.483+0000] {logging_mixin.py:188} INFO - [2026-05-09T02:35:45.482+0000] {dagbag.py:545} INFO - Filling up the DagBag from /opt/airflow/dags/newyork_fhv_gold.py
[2026-05-09T02:35:45.531+0000] {processor.py:840} INFO - DAG(s) 'newyork_fhv_gold' retrieved from /opt/airflow/dags/newyork_fhv_gold.py
[2026-05-09T02:35:45.560+0000] {logging_mixin.py:188} INFO - [2026-05-09T02:35:45.560+0000] {dag.py:3096} INFO - Sync 1 DAGs
[2026-05-09T02:35:45.577+0000] {logging_mixin.py:188} INFO - [2026-05-09T02:35:45.577+0000] {dag.py:3954} INFO - Setting next_dagrun for newyork_fhv_gold to None, run_after=None
[2026-05-09T02:35:45.610+0000] {processor.py:183} INFO - Processing /opt/airflow/dags/newyork_fhv_gold.py took 0.144 seconds
[2026-05-09T02:36:16.495+0000] {processor.py:161} INFO - Started process (PID=3391) to work on /opt/airflow/dags/newyork_fhv_gold.py
[2026-05-09T02:36:16.498+0000] {processor.py:830} INFO - Processing file /opt/airflow/dags/newyork_fhv_gold.py for tasks to queue
[2026-05-09T02:36:16.502+0000] {logging_mixin.py:188} INFO - [2026-05-09T02:36:16.501+0000] {dagbag.py:545} INFO - Filling up the DagBag from /opt/airflow/dags/newyork_fhv_gold.py
[2026-05-09T02:36:16.550+0000] {processor.py:840} INFO - DAG(s) 'newyork_fhv_gold' retrieved from /opt/airflow/dags/newyork_fhv_gold.py
[2026-05-09T02:36:16.585+0000] {logging_mixin.py:188} INFO - [2026-05-09T02:36:16.584+0000] {dag.py:3096} INFO - Sync 1 DAGs
[2026-05-09T02:36:16.601+0000] {logging_mixin.py:188} INFO - [2026-05-09T02:36:16.600+0000] {dag.py:3954} INFO - Setting next_dagrun for newyork_fhv_gold to None, run_after=None
[2026-05-09T02:36:16.629+0000] {processor.py:183} INFO - Processing /opt/airflow/dags/newyork_fhv_gold.py took 0.144 seconds
[2026-05-09T02:36:47.546+0000] {processor.py:161} INFO - Started process (PID=3402) to work on /opt/airflow/dags/newyork_fhv_gold.py
[2026-05-09T02:36:47.548+0000] {processor.py:830} INFO - Processing file /opt/airflow/dags/newyork_fhv_gold.py for tasks to queue
[2026-05-09T02:36:47.551+0000] {logging_mixin.py:188} INFO - [2026-05-09T02:36:47.550+0000] {dagbag.py:545} INFO - Filling up the DagBag from /opt/airflow/dags/newyork_fhv_gold.py
[2026-05-09T02:36:47.590+0000] {processor.py:840} INFO - DAG(s) 'newyork_fhv_gold' retrieved from /opt/airflow/dags/newyork_fhv_gold.py
[2026-05-09T02:36:47.622+0000] {logging_mixin.py:188} INFO - [2026-05-09T02:36:47.622+0000] {dag.py:3096} INFO - Sync 1 DAGs
[2026-05-09T02:36:47.639+0000] {logging_mixin.py:188} INFO - [2026-05-09T02:36:47.638+0000] {dag.py:3954} INFO - Setting next_dagrun for newyork_fhv_gold to None, run_after=None
[2026-05-09T02:36:47.666+0000] {processor.py:183} INFO - Processing /opt/airflow/dags/newyork_fhv_gold.py took 0.127 seconds
[2026-05-09T02:37:18.463+0000] {processor.py:161} INFO - Started process (PID=3413) to work on /opt/airflow/dags/newyork_fhv_gold.py
[2026-05-09T02:37:18.464+0000] {processor.py:830} INFO - Processing file /opt/airflow/dags/newyork_fhv_gold.py for tasks to queue
[2026-05-09T02:37:18.467+0000] {logging_mixin.py:188} INFO - [2026-05-09T02:37:18.466+0000] {dagbag.py:545} INFO - Filling up the DagBag from /opt/airflow/dags/newyork_fhv_gold.py
[2026-05-09T02:37:18.491+0000] {processor.py:840} INFO - DAG(s) 'newyork_fhv_gold' retrieved from /opt/airflow/dags/newyork_fhv_gold.py
[2026-05-09T02:37:18.517+0000] {logging_mixin.py:188} INFO - [2026-05-09T02:37:18.517+0000] {dag.py:3096} INFO - Sync 1 DAGs
[2026-05-09T02:37:18.536+0000] {logging_mixin.py:188} INFO - [2026-05-09T02:37:18.536+0000] {dag.py:3954} INFO - Setting next_dagrun for newyork_fhv_gold to None, run_after=None
[2026-05-09T02:37:18.566+0000] {processor.py:183} INFO - Processing /opt/airflow/dags/newyork_fhv_gold.py took 0.110 seconds
[2026-05-09T02:37:49.344+0000] {processor.py:161} INFO - Started process (PID=3424) to work on /opt/airflow/dags/newyork_fhv_gold.py
[2026-05-09T02:37:49.347+0000] {processor.py:830} INFO - Processing file /opt/airflow/dags/newyork_fhv_gold.py for tasks to queue
[2026-05-09T02:37:49.350+0000] {logging_mixin.py:188} INFO - [2026-05-09T02:37:49.349+0000] {dagbag.py:545} INFO - Filling up the DagBag from /opt/airflow/dags/newyork_fhv_gold.py
[2026-05-09T02:37:49.395+0000] {processor.py:840} INFO - DAG(s) 'newyork_fhv_gold' retrieved from /opt/airflow/dags/newyork_fhv_gold.py
[2026-05-09T02:37:49.426+0000] {logging_mixin.py:188} INFO - [2026-05-09T02:37:49.426+0000] {dag.py:3096} INFO - Sync 1 DAGs
[2026-05-09T02:37:49.441+0000] {logging_mixin.py:188} INFO - [2026-05-09T02:37:49.440+0000] {dag.py:3954} INFO - Setting next_dagrun for newyork_fhv_gold to None, run_after=None
[2026-05-09T02:37:49.468+0000] {processor.py:183} INFO - Processing /opt/airflow/dags/newyork_fhv_gold.py took 0.134 seconds
[2026-05-09T02:38:20.333+0000] {processor.py:161} INFO - Started process (PID=3435) to work on /opt/airflow/dags/newyork_fhv_gold.py
[2026-05-09T02:38:20.335+0000] {processor.py:830} INFO - Processing file /opt/airflow/dags/newyork_fhv_gold.py for tasks to queue
[2026-05-09T02:38:20.337+0000] {logging_mixin.py:188} INFO - [2026-05-09T02:38:20.337+0000] {dagbag.py:545} INFO - Filling up the DagBag from /opt/airflow/dags/newyork_fhv_gold.py
[2026-05-09T02:38:20.385+0000] {processor.py:840} INFO - DAG(s) 'newyork_fhv_gold' retrieved from /opt/airflow/dags/newyork_fhv_gold.py
[2026-05-09T02:38:20.412+0000] {logging_mixin.py:188} INFO - [2026-05-09T02:38:20.411+0000] {dag.py:3096} INFO - Sync 1 DAGs
[2026-05-09T02:38:20.430+0000] {logging_mixin.py:188} INFO - [2026-05-09T02:38:20.430+0000] {dag.py:3954} INFO - Setting next_dagrun for newyork_fhv_gold to None, run_after=None
[2026-05-09T02:38:20.456+0000] {processor.py:183} INFO - Processing /opt/airflow/dags/newyork_fhv_gold.py took 0.130 seconds
[2026-05-09T02:38:51.266+0000] {processor.py:161} INFO - Started process (PID=3446) to work on /opt/airflow/dags/newyork_fhv_gold.py
[2026-05-09T02:38:51.268+0000] {processor.py:830} INFO - Processing file /opt/airflow/dags/newyork_fhv_gold.py for tasks to queue
[2026-05-09T02:38:51.271+0000] {logging_mixin.py:188} INFO - [2026-05-09T02:38:51.271+0000] {dagbag.py:545} INFO - Filling up the DagBag from /opt/airflow/dags/newyork_fhv_gold.py
[2026-05-09T02:38:51.317+0000] {processor.py:840} INFO - DAG(s) 'newyork_fhv_gold' retrieved from /opt/airflow/dags/newyork_fhv_gold.py
[2026-05-09T02:38:51.351+0000] {logging_mixin.py:188} INFO - [2026-05-09T02:38:51.351+0000] {dag.py:3096} INFO - Sync 1 DAGs
[2026-05-09T02:38:51.374+0000] {logging_mixin.py:188} INFO - [2026-05-09T02:38:51.373+0000] {dag.py:3954} INFO - Setting next_dagrun for newyork_fhv_gold to None, run_after=None
[2026-05-09T02:38:51.405+0000] {processor.py:183} INFO - Processing /opt/airflow/dags/newyork_fhv_gold.py took 0.149 seconds
[2026-05-09T02:39:21.561+0000] {processor.py:161} INFO - Started process (PID=3457) to work on /opt/airflow/dags/newyork_fhv_gold.py
[2026-05-09T02:39:21.563+0000] {processor.py:830} INFO - Processing file /opt/airflow/dags/newyork_fhv_gold.py for tasks to queue
[2026-05-09T02:39:21.566+0000] {logging_mixin.py:188} INFO - [2026-05-09T02:39:21.566+0000] {dagbag.py:545} INFO - Filling up the DagBag from /opt/airflow/dags/newyork_fhv_gold.py
[2026-05-09T02:39:21.600+0000] {processor.py:840} INFO - DAG(s) 'newyork_fhv_gold' retrieved from /opt/airflow/dags/newyork_fhv_gold.py
[2026-05-09T02:39:21.630+0000] {logging_mixin.py:188} INFO - [2026-05-09T02:39:21.629+0000] {dag.py:3096} INFO - Sync 1 DAGs
[2026-05-09T02:39:21.645+0000] {logging_mixin.py:188} INFO - [2026-05-09T02:39:21.644+0000] {dag.py:3954} INFO - Setting next_dagrun for newyork_fhv_gold to None, run_after=None
[2026-05-09T02:39:21.677+0000] {processor.py:183} INFO - Processing /opt/airflow/dags/newyork_fhv_gold.py took 0.124 seconds
[2026-05-09T02:39:52.582+0000] {processor.py:161} INFO - Started process (PID=3468) to work on /opt/airflow/dags/newyork_fhv_gold.py
[2026-05-09T02:39:52.584+0000] {processor.py:830} INFO - Processing file /opt/airflow/dags/newyork_fhv_gold.py for tasks to queue
[2026-05-09T02:39:52.588+0000] {logging_mixin.py:188} INFO - [2026-05-09T02:39:52.588+0000] {dagbag.py:545} INFO - Filling up the DagBag from /opt/airflow/dags/newyork_fhv_gold.py
[2026-05-09T02:39:52.634+0000] {processor.py:840} INFO - DAG(s) 'newyork_fhv_gold' retrieved from /opt/airflow/dags/newyork_fhv_gold.py
[2026-05-09T02:39:52.668+0000] {logging_mixin.py:188} INFO - [2026-05-09T02:39:52.668+0000] {dag.py:3096} INFO - Sync 1 DAGs
[2026-05-09T02:39:52.690+0000] {logging_mixin.py:188} INFO - [2026-05-09T02:39:52.690+0000] {dag.py:3954} INFO - Setting next_dagrun for newyork_fhv_gold to None, run_after=None
[2026-05-09T02:39:52.726+0000] {processor.py:183} INFO - Processing /opt/airflow/dags/newyork_fhv_gold.py took 0.152 seconds
[2026-05-09T02:40:23.598+0000] {processor.py:161} INFO - Started process (PID=3479) to work on /opt/airflow/dags/newyork_fhv_gold.py
[2026-05-09T02:40:23.601+0000] {processor.py:830} INFO - Processing file /opt/airflow/dags/newyork_fhv_gold.py for tasks to queue
[2026-05-09T02:40:23.605+0000] {logging_mixin.py:188} INFO - [2026-05-09T02:40:23.604+0000] {dagbag.py:545} INFO - Filling up the DagBag from /opt/airflow/dags/newyork_fhv_gold.py
[2026-05-09T02:40:23.656+0000] {processor.py:840} INFO - DAG(s) 'newyork_fhv_gold' retrieved from /opt/airflow/dags/newyork_fhv_gold.py
[2026-05-09T02:40:23.686+0000] {logging_mixin.py:188} INFO - [2026-05-09T02:40:23.686+0000] {dag.py:3096} INFO - Sync 1 DAGs
[2026-05-09T02:40:23.700+0000] {logging_mixin.py:188} INFO - [2026-05-09T02:40:23.700+0000] {dag.py:3954} INFO - Setting next_dagrun for newyork_fhv_gold to None, run_after=None
[2026-05-09T02:40:23.730+0000] {processor.py:183} INFO - Processing /opt/airflow/dags/newyork_fhv_gold.py took 0.143 seconds
[2026-05-09T02:40:54.451+0000] {processor.py:161} INFO - Started process (PID=3490) to work on /opt/airflow/dags/newyork_fhv_gold.py
[2026-05-09T02:40:54.453+0000] {processor.py:830} INFO - Processing file /opt/airflow/dags/newyork_fhv_gold.py for tasks to queue
[2026-05-09T02:40:54.456+0000] {logging_mixin.py:188} INFO - [2026-05-09T02:40:54.456+0000] {dagbag.py:545} INFO - Filling up the DagBag from /opt/airflow/dags/newyork_fhv_gold.py
[2026-05-09T02:40:54.500+0000] {processor.py:840} INFO - DAG(s) 'newyork_fhv_gold' retrieved from /opt/airflow/dags/newyork_fhv_gold.py
[2026-05-09T02:40:54.527+0000] {logging_mixin.py:188} INFO - [2026-05-09T02:40:54.527+0000] {dag.py:3096} INFO - Sync 1 DAGs
[2026-05-09T02:40:54.541+0000] {logging_mixin.py:188} INFO - [2026-05-09T02:40:54.541+0000] {dag.py:3954} INFO - Setting next_dagrun for newyork_fhv_gold to None, run_after=None
[2026-05-09T02:40:54.570+0000] {processor.py:183} INFO - Processing /opt/airflow/dags/newyork_fhv_gold.py took 0.128 seconds
[2026-05-09T02:41:25.550+0000] {processor.py:161} INFO - Started process (PID=3501) to work on /opt/airflow/dags/newyork_fhv_gold.py
[2026-05-09T02:41:25.553+0000] {processor.py:830} INFO - Processing file /opt/airflow/dags/newyork_fhv_gold.py for tasks to queue
[2026-05-09T02:41:25.558+0000] {logging_mixin.py:188} INFO - [2026-05-09T02:41:25.557+0000] {dagbag.py:545} INFO - Filling up the DagBag from /opt/airflow/dags/newyork_fhv_gold.py
[2026-05-09T02:41:25.613+0000] {processor.py:840} INFO - DAG(s) 'newyork_fhv_gold' retrieved from /opt/airflow/dags/newyork_fhv_gold.py
[2026-05-09T02:41:25.644+0000] {logging_mixin.py:188} INFO - [2026-05-09T02:41:25.644+0000] {dag.py:3096} INFO - Sync 1 DAGs
[2026-05-09T02:41:25.660+0000] {logging_mixin.py:188} INFO - [2026-05-09T02:41:25.660+0000] {dag.py:3954} INFO - Setting next_dagrun for newyork_fhv_gold to None, run_after=None
[2026-05-09T02:41:25.693+0000] {processor.py:183} INFO - Processing /opt/airflow/dags/newyork_fhv_gold.py took 0.156 seconds
[2026-05-09T02:41:56.507+0000] {processor.py:161} INFO - Started process (PID=3511) to work on /opt/airflow/dags/newyork_fhv_gold.py
[2026-05-09T02:41:56.509+0000] {processor.py:830} INFO - Processing file /opt/airflow/dags/newyork_fhv_gold.py for tasks to queue
[2026-05-09T02:41:56.512+0000] {logging_mixin.py:188} INFO - [2026-05-09T02:41:56.512+0000] {dagbag.py:545} INFO - Filling up the DagBag from /opt/airflow/dags/newyork_fhv_gold.py
[2026-05-09T02:41:56.560+0000] {processor.py:840} INFO - DAG(s) 'newyork_fhv_gold' retrieved from /opt/airflow/dags/newyork_fhv_gold.py
[2026-05-09T02:41:56.588+0000] {logging_mixin.py:188} INFO - [2026-05-09T02:41:56.587+0000] {dag.py:3096} INFO - Sync 1 DAGs
[2026-05-09T02:41:56.604+0000] {logging_mixin.py:188} INFO - [2026-05-09T02:41:56.604+0000] {dag.py:3954} INFO - Setting next_dagrun for newyork_fhv_gold to None, run_after=None
[2026-05-09T02:41:56.634+0000] {processor.py:183} INFO - Processing /opt/airflow/dags/newyork_fhv_gold.py took 0.136 seconds
[2026-05-09T02:42:27.505+0000] {processor.py:161} INFO - Started process (PID=3522) to work on /opt/airflow/dags/newyork_fhv_gold.py
[2026-05-09T02:42:27.508+0000] {processor.py:830} INFO - Processing file /opt/airflow/dags/newyork_fhv_gold.py for tasks to queue
[2026-05-09T02:42:27.511+0000] {logging_mixin.py:188} INFO - [2026-05-09T02:42:27.510+0000] {dagbag.py:545} INFO - Filling up the DagBag from /opt/airflow/dags/newyork_fhv_gold.py
[2026-05-09T02:42:27.539+0000] {processor.py:840} INFO - DAG(s) 'newyork_fhv_gold' retrieved from /opt/airflow/dags/newyork_fhv_gold.py
[2026-05-09T02:42:27.567+0000] {logging_mixin.py:188} INFO - [2026-05-09T02:42:27.567+0000] {dag.py:3096} INFO - Sync 1 DAGs
[2026-05-09T02:42:27.582+0000] {logging_mixin.py:188} INFO - [2026-05-09T02:42:27.582+0000] {dag.py:3954} INFO - Setting next_dagrun for newyork_fhv_gold to None, run_after=None
[2026-05-09T02:42:27.611+0000] {processor.py:183} INFO - Processing /opt/airflow/dags/newyork_fhv_gold.py took 0.117 seconds
[2026-05-09T02:42:58.407+0000] {processor.py:161} INFO - Started process (PID=3533) to work on /opt/airflow/dags/newyork_fhv_gold.py
[2026-05-09T02:42:58.410+0000] {processor.py:830} INFO - Processing file /opt/airflow/dags/newyork_fhv_gold.py for tasks to queue
[2026-05-09T02:42:58.414+0000] {logging_mixin.py:188} INFO - [2026-05-09T02:42:58.413+0000] {dagbag.py:545} INFO - Filling up the DagBag from /opt/airflow/dags/newyork_fhv_gold.py
[2026-05-09T02:42:58.461+0000] {processor.py:840} INFO - DAG(s) 'newyork_fhv_gold' retrieved from /opt/airflow/dags/newyork_fhv_gold.py
[2026-05-09T02:42:58.490+0000] {logging_mixin.py:188} INFO - [2026-05-09T02:42:58.490+0000] {dag.py:3096} INFO - Sync 1 DAGs
[2026-05-09T02:42:58.504+0000] {logging_mixin.py:188} INFO - [2026-05-09T02:42:58.504+0000] {dag.py:3954} INFO - Setting next_dagrun for newyork_fhv_gold to None, run_after=None
[2026-05-09T02:42:58.533+0000] {processor.py:183} INFO - Processing /opt/airflow/dags/newyork_fhv_gold.py took 0.138 seconds
[2026-05-09T02:43:29.365+0000] {processor.py:161} INFO - Started process (PID=3544) to work on /opt/airflow/dags/newyork_fhv_gold.py
[2026-05-09T02:43:29.367+0000] {processor.py:830} INFO - Processing file /opt/airflow/dags/newyork_fhv_gold.py for tasks to queue
[2026-05-09T02:43:29.369+0000] {logging_mixin.py:188} INFO - [2026-05-09T02:43:29.369+0000] {dagbag.py:545} INFO - Filling up the DagBag from /opt/airflow/dags/newyork_fhv_gold.py
[2026-05-09T02:43:29.412+0000] {processor.py:840} INFO - DAG(s) 'newyork_fhv_gold' retrieved from /opt/airflow/dags/newyork_fhv_gold.py
[2026-05-09T02:43:29.446+0000] {logging_mixin.py:188} INFO - [2026-05-09T02:43:29.446+0000] {dag.py:3096} INFO - Sync 1 DAGs
[2026-05-09T02:43:29.465+0000] {logging_mixin.py:188} INFO - [2026-05-09T02:43:29.465+0000] {dag.py:3954} INFO - Setting next_dagrun for newyork_fhv_gold to None, run_after=None
[2026-05-09T02:43:29.503+0000] {processor.py:183} INFO - Processing /opt/airflow/dags/newyork_fhv_gold.py took 0.148 seconds
[2026-05-09T02:44:00.099+0000] {processor.py:161} INFO - Started process (PID=3555) to work on /opt/airflow/dags/newyork_fhv_gold.py
[2026-05-09T02:44:00.102+0000] {processor.py:830} INFO - Processing file /opt/airflow/dags/newyork_fhv_gold.py for tasks to queue
[2026-05-09T02:44:00.105+0000] {logging_mixin.py:188} INFO - [2026-05-09T02:44:00.105+0000] {dagbag.py:545} INFO - Filling up the DagBag from /opt/airflow/dags/newyork_fhv_gold.py
[2026-05-09T02:44:00.146+0000] {processor.py:840} INFO - DAG(s) 'newyork_fhv_gold' retrieved from /opt/airflow/dags/newyork_fhv_gold.py
[2026-05-09T02:44:00.169+0000] {logging_mixin.py:188} INFO - [2026-05-09T02:44:00.169+0000] {dag.py:3096} INFO - Sync 1 DAGs
[2026-05-09T02:44:00.182+0000] {logging_mixin.py:188} INFO - [2026-05-09T02:44:00.182+0000] {dag.py:3954} INFO - Setting next_dagrun for newyork_fhv_gold to None, run_after=None
[2026-05-09T02:44:00.209+0000] {processor.py:183} INFO - Processing /opt/airflow/dags/newyork_fhv_gold.py took 0.120 seconds
[2026-05-09T02:44:30.994+0000] {processor.py:161} INFO - Started process (PID=3566) to work on /opt/airflow/dags/newyork_fhv_gold.py
[2026-05-09T02:44:30.995+0000] {processor.py:830} INFO - Processing file /opt/airflow/dags/newyork_fhv_gold.py for tasks to queue
[2026-05-09T02:44:30.998+0000] {logging_mixin.py:188} INFO - [2026-05-09T02:44:30.997+0000] {dagbag.py:545} INFO - Filling up the DagBag from /opt/airflow/dags/newyork_fhv_gold.py
[2026-05-09T02:44:31.019+0000] {processor.py:840} INFO - DAG(s) 'newyork_fhv_gold' retrieved from /opt/airflow/dags/newyork_fhv_gold.py
[2026-05-09T02:44:31.045+0000] {logging_mixin.py:188} INFO - [2026-05-09T02:44:31.045+0000] {dag.py:3096} INFO - Sync 1 DAGs
[2026-05-09T02:44:31.062+0000] {logging_mixin.py:188} INFO - [2026-05-09T02:44:31.061+0000] {dag.py:3954} INFO - Setting next_dagrun for newyork_fhv_gold to None, run_after=None
[2026-05-09T02:44:31.089+0000] {processor.py:183} INFO - Processing /opt/airflow/dags/newyork_fhv_gold.py took 0.104 seconds
[2026-05-09T02:45:01.683+0000] {processor.py:161} INFO - Started process (PID=3577) to work on /opt/airflow/dags/newyork_fhv_gold.py
[2026-05-09T02:45:01.685+0000] {processor.py:830} INFO - Processing file /opt/airflow/dags/newyork_fhv_gold.py for tasks to queue
[2026-05-09T02:45:01.687+0000] {logging_mixin.py:188} INFO - [2026-05-09T02:45:01.687+0000] {dagbag.py:545} INFO - Filling up the DagBag from /opt/airflow/dags/newyork_fhv_gold.py
[2026-05-09T02:45:01.706+0000] {processor.py:840} INFO - DAG(s) 'newyork_fhv_gold' retrieved from /opt/airflow/dags/newyork_fhv_gold.py
[2026-05-09T02:45:01.728+0000] {logging_mixin.py:188} INFO - [2026-05-09T02:45:01.728+0000] {dag.py:3096} INFO - Sync 1 DAGs
[2026-05-09T02:45:01.744+0000] {logging_mixin.py:188} INFO - [2026-05-09T02:45:01.743+0000] {dag.py:3954} INFO - Setting next_dagrun for newyork_fhv_gold to None, run_after=None
[2026-05-09T02:45:01.769+0000] {processor.py:183} INFO - Processing /opt/airflow/dags/newyork_fhv_gold.py took 0.094 seconds
[2026-05-09T02:45:32.691+0000] {processor.py:161} INFO - Started process (PID=3588) to work on /opt/airflow/dags/newyork_fhv_gold.py
[2026-05-09T02:45:32.692+0000] {processor.py:830} INFO - Processing file /opt/airflow/dags/newyork_fhv_gold.py for tasks to queue
[2026-05-09T02:45:32.695+0000] {logging_mixin.py:188} INFO - [2026-05-09T02:45:32.694+0000] {dagbag.py:545} INFO - Filling up the DagBag from /opt/airflow/dags/newyork_fhv_gold.py
[2026-05-09T02:45:32.736+0000] {processor.py:840} INFO - DAG(s) 'newyork_fhv_gold' retrieved from /opt/airflow/dags/newyork_fhv_gold.py
[2026-05-09T02:45:32.765+0000] {logging_mixin.py:188} INFO - [2026-05-09T02:45:32.765+0000] {dag.py:3096} INFO - Sync 1 DAGs
[2026-05-09T02:45:32.778+0000] {logging_mixin.py:188} INFO - [2026-05-09T02:45:32.778+0000] {dag.py:3954} INFO - Setting next_dagrun for newyork_fhv_gold to None, run_after=None
[2026-05-09T02:45:32.811+0000] {processor.py:183} INFO - Processing /opt/airflow/dags/newyork_fhv_gold.py took 0.127 seconds
[2026-05-09T02:46:03.617+0000] {processor.py:161} INFO - Started process (PID=3599) to work on /opt/airflow/dags/newyork_fhv_gold.py
[2026-05-09T02:46:03.620+0000] {processor.py:830} INFO - Processing file /opt/airflow/dags/newyork_fhv_gold.py for tasks to queue
[2026-05-09T02:46:03.623+0000] {logging_mixin.py:188} INFO - [2026-05-09T02:46:03.623+0000] {dagbag.py:545} INFO - Filling up the DagBag from /opt/airflow/dags/newyork_fhv_gold.py
[2026-05-09T02:46:03.654+0000] {processor.py:840} INFO - DAG(s) 'newyork_fhv_gold' retrieved from /opt/airflow/dags/newyork_fhv_gold.py
[2026-05-09T02:46:03.676+0000] {logging_mixin.py:188} INFO - [2026-05-09T02:46:03.675+0000] {dag.py:3096} INFO - Sync 1 DAGs
[2026-05-09T02:46:03.690+0000] {logging_mixin.py:188} INFO - [2026-05-09T02:46:03.690+0000] {dag.py:3954} INFO - Setting next_dagrun for newyork_fhv_gold to None, run_after=None
[2026-05-09T02:46:03.716+0000] {processor.py:183} INFO - Processing /opt/airflow/dags/newyork_fhv_gold.py took 0.109 seconds
[2026-05-09T02:46:34.637+0000] {processor.py:161} INFO - Started process (PID=3610) to work on /opt/airflow/dags/newyork_fhv_gold.py
[2026-05-09T02:46:34.640+0000] {processor.py:830} INFO - Processing file /opt/airflow/dags/newyork_fhv_gold.py for tasks to queue
[2026-05-09T02:46:34.641+0000] {logging_mixin.py:188} INFO - [2026-05-09T02:46:34.640+0000] {dagbag.py:545} INFO - Filling up the DagBag from /opt/airflow/dags/newyork_fhv_gold.py
[2026-05-09T02:46:34.678+0000] {processor.py:840} INFO - DAG(s) 'newyork_fhv_gold' retrieved from /opt/airflow/dags/newyork_fhv_gold.py
[2026-05-09T02:46:34.702+0000] {logging_mixin.py:188} INFO - [2026-05-09T02:46:34.702+0000] {dag.py:3096} INFO - Sync 1 DAGs
[2026-05-09T02:46:34.716+0000] {logging_mixin.py:188} INFO - [2026-05-09T02:46:34.716+0000] {dag.py:3954} INFO - Setting next_dagrun for newyork_fhv_gold to None, run_after=None
[2026-05-09T02:46:34.743+0000] {processor.py:183} INFO - Processing /opt/airflow/dags/newyork_fhv_gold.py took 0.115 seconds
[2026-05-09T02:47:05.612+0000] {processor.py:161} INFO - Started process (PID=3621) to work on /opt/airflow/dags/newyork_fhv_gold.py
[2026-05-09T02:47:05.614+0000] {processor.py:830} INFO - Processing file /opt/airflow/dags/newyork_fhv_gold.py for tasks to queue
[2026-05-09T02:47:05.619+0000] {logging_mixin.py:188} INFO - [2026-05-09T02:47:05.618+0000] {dagbag.py:545} INFO - Filling up the DagBag from /opt/airflow/dags/newyork_fhv_gold.py
[2026-05-09T02:47:05.656+0000] {processor.py:840} INFO - DAG(s) 'newyork_fhv_gold' retrieved from /opt/airflow/dags/newyork_fhv_gold.py
[2026-05-09T02:47:05.698+0000] {logging_mixin.py:188} INFO - [2026-05-09T02:47:05.697+0000] {dag.py:3096} INFO - Sync 1 DAGs
[2026-05-09T02:47:05.720+0000] {logging_mixin.py:188} INFO - [2026-05-09T02:47:05.720+0000] {dag.py:3954} INFO - Setting next_dagrun for newyork_fhv_gold to None, run_after=None
[2026-05-09T02:47:05.749+0000] {processor.py:183} INFO - Processing /opt/airflow/dags/newyork_fhv_gold.py took 0.149 seconds
[2026-05-09T02:47:36.600+0000] {processor.py:161} INFO - Started process (PID=3632) to work on /opt/airflow/dags/newyork_fhv_gold.py
[2026-05-09T02:47:36.602+0000] {processor.py:830} INFO - Processing file /opt/airflow/dags/newyork_fhv_gold.py for tasks to queue
[2026-05-09T02:47:36.605+0000] {logging_mixin.py:188} INFO - [2026-05-09T02:47:36.605+0000] {dagbag.py:545} INFO - Filling up the DagBag from /opt/airflow/dags/newyork_fhv_gold.py
[2026-05-09T02:47:36.643+0000] {processor.py:840} INFO - DAG(s) 'newyork_fhv_gold' retrieved from /opt/airflow/dags/newyork_fhv_gold.py
[2026-05-09T02:47:36.670+0000] {logging_mixin.py:188} INFO - [2026-05-09T02:47:36.670+0000] {dag.py:3096} INFO - Sync 1 DAGs
[2026-05-09T02:47:36.686+0000] {logging_mixin.py:188} INFO - [2026-05-09T02:47:36.686+0000] {dag.py:3954} INFO - Setting next_dagrun for newyork_fhv_gold to None, run_after=None
[2026-05-09T02:47:36.716+0000] {processor.py:183} INFO - Processing /opt/airflow/dags/newyork_fhv_gold.py took 0.128 seconds
[2026-05-09T02:48:07.509+0000] {processor.py:161} INFO - Started process (PID=3643) to work on /opt/airflow/dags/newyork_fhv_gold.py
[2026-05-09T02:48:07.511+0000] {processor.py:830} INFO - Processing file /opt/airflow/dags/newyork_fhv_gold.py for tasks to queue
[2026-05-09T02:48:07.515+0000] {logging_mixin.py:188} INFO - [2026-05-09T02:48:07.514+0000] {dagbag.py:545} INFO - Filling up the DagBag from /opt/airflow/dags/newyork_fhv_gold.py
[2026-05-09T02:48:07.547+0000] {processor.py:840} INFO - DAG(s) 'newyork_fhv_gold' retrieved from /opt/airflow/dags/newyork_fhv_gold.py
[2026-05-09T02:48:07.570+0000] {logging_mixin.py:188} INFO - [2026-05-09T02:48:07.570+0000] {dag.py:3096} INFO - Sync 1 DAGs
[2026-05-09T02:48:07.584+0000] {logging_mixin.py:188} INFO - [2026-05-09T02:48:07.583+0000] {dag.py:3954} INFO - Setting next_dagrun for newyork_fhv_gold to None, run_after=None
[2026-05-09T02:48:07.606+0000] {processor.py:183} INFO - Processing /opt/airflow/dags/newyork_fhv_gold.py took 0.104 seconds
[2026-05-09T02:48:38.361+0000] {processor.py:161} INFO - Started process (PID=3654) to work on /opt/airflow/dags/newyork_fhv_gold.py
[2026-05-09T02:48:38.364+0000] {processor.py:830} INFO - Processing file /opt/airflow/dags/newyork_fhv_gold.py for tasks to queue
[2026-05-09T02:48:38.368+0000] {logging_mixin.py:188} INFO - [2026-05-09T02:48:38.367+0000] {dagbag.py:545} INFO - Filling up the DagBag from /opt/airflow/dags/newyork_fhv_gold.py
[2026-05-09T02:48:38.421+0000] {processor.py:840} INFO - DAG(s) 'newyork_fhv_gold' retrieved from /opt/airflow/dags/newyork_fhv_gold.py
[2026-05-09T02:48:38.454+0000] {logging_mixin.py:188} INFO - [2026-05-09T02:48:38.453+0000] {dag.py:3096} INFO - Sync 1 DAGs
[2026-05-09T02:48:38.471+0000] {logging_mixin.py:188} INFO - [2026-05-09T02:48:38.470+0000] {dag.py:3954} INFO - Setting next_dagrun for newyork_fhv_gold to None, run_after=None
[2026-05-09T02:48:38.497+0000] {processor.py:183} INFO - Processing /opt/airflow/dags/newyork_fhv_gold.py took 0.144 seconds
[2026-05-09T02:49:08.638+0000] {processor.py:161} INFO - Started process (PID=3665) to work on /opt/airflow/dags/newyork_fhv_gold.py
[2026-05-09T02:49:08.640+0000] {processor.py:830} INFO - Processing file /opt/airflow/dags/newyork_fhv_gold.py for tasks to queue
[2026-05-09T02:49:08.645+0000] {logging_mixin.py:188} INFO - [2026-05-09T02:49:08.644+0000] {dagbag.py:545} INFO - Filling up the DagBag from /opt/airflow/dags/newyork_fhv_gold.py
[2026-05-09T02:49:08.688+0000] {processor.py:840} INFO - DAG(s) 'newyork_fhv_gold' retrieved from /opt/airflow/dags/newyork_fhv_gold.py
[2026-05-09T02:49:08.728+0000] {logging_mixin.py:188} INFO - [2026-05-09T02:49:08.728+0000] {dag.py:3096} INFO - Sync 1 DAGs
[2026-05-09T02:49:08.756+0000] {logging_mixin.py:188} INFO - [2026-05-09T02:49:08.755+0000] {dag.py:3954} INFO - Setting next_dagrun for newyork_fhv_gold to None, run_after=None
[2026-05-09T02:49:08.798+0000] {processor.py:183} INFO - Processing /opt/airflow/dags/newyork_fhv_gold.py took 0.171 seconds
[2026-05-09T02:49:39.648+0000] {processor.py:161} INFO - Started process (PID=3676) to work on /opt/airflow/dags/newyork_fhv_gold.py
[2026-05-09T02:49:39.649+0000] {processor.py:830} INFO - Processing file /opt/airflow/dags/newyork_fhv_gold.py for tasks to queue
[2026-05-09T02:49:39.652+0000] {logging_mixin.py:188} INFO - [2026-05-09T02:49:39.652+0000] {dagbag.py:545} INFO - Filling up the DagBag from /opt/airflow/dags/newyork_fhv_gold.py
[2026-05-09T02:49:39.685+0000] {processor.py:840} INFO - DAG(s) 'newyork_fhv_gold' retrieved from /opt/airflow/dags/newyork_fhv_gold.py
[2026-05-09T02:49:39.708+0000] {logging_mixin.py:188} INFO - [2026-05-09T02:49:39.707+0000] {dag.py:3096} INFO - Sync 1 DAGs
[2026-05-09T02:49:39.721+0000] {logging_mixin.py:188} INFO - [2026-05-09T02:49:39.721+0000] {dag.py:3954} INFO - Setting next_dagrun for newyork_fhv_gold to None, run_after=None
[2026-05-09T02:49:39.751+0000] {processor.py:183} INFO - Processing /opt/airflow/dags/newyork_fhv_gold.py took 0.113 seconds
[2026-05-09T02:50:10.530+0000] {processor.py:161} INFO - Started process (PID=3687) to work on /opt/airflow/dags/newyork_fhv_gold.py
[2026-05-09T02:50:10.532+0000] {processor.py:830} INFO - Processing file /opt/airflow/dags/newyork_fhv_gold.py for tasks to queue
[2026-05-09T02:50:10.536+0000] {logging_mixin.py:188} INFO - [2026-05-09T02:50:10.536+0000] {dagbag.py:545} INFO - Filling up the DagBag from /opt/airflow/dags/newyork_fhv_gold.py
[2026-05-09T02:50:10.581+0000] {processor.py:840} INFO - DAG(s) 'newyork_fhv_gold' retrieved from /opt/airflow/dags/newyork_fhv_gold.py
[2026-05-09T02:50:10.609+0000] {logging_mixin.py:188} INFO - [2026-05-09T02:50:10.609+0000] {dag.py:3096} INFO - Sync 1 DAGs
[2026-05-09T02:50:10.625+0000] {logging_mixin.py:188} INFO - [2026-05-09T02:50:10.625+0000] {dag.py:3954} INFO - Setting next_dagrun for newyork_fhv_gold to None, run_after=None
[2026-05-09T02:50:10.658+0000] {processor.py:183} INFO - Processing /opt/airflow/dags/newyork_fhv_gold.py took 0.140 seconds
[2026-05-09T02:50:41.424+0000] {processor.py:161} INFO - Started process (PID=3698) to work on /opt/airflow/dags/newyork_fhv_gold.py
[2026-05-09T02:50:41.426+0000] {processor.py:830} INFO - Processing file /opt/airflow/dags/newyork_fhv_gold.py for tasks to queue
[2026-05-09T02:50:41.428+0000] {logging_mixin.py:188} INFO - [2026-05-09T02:50:41.428+0000] {dagbag.py:545} INFO - Filling up the DagBag from /opt/airflow/dags/newyork_fhv_gold.py
[2026-05-09T02:50:41.478+0000] {processor.py:840} INFO - DAG(s) 'newyork_fhv_gold' retrieved from /opt/airflow/dags/newyork_fhv_gold.py
[2026-05-09T02:50:41.503+0000] {logging_mixin.py:188} INFO - [2026-05-09T02:50:41.503+0000] {dag.py:3096} INFO - Sync 1 DAGs
[2026-05-09T02:50:41.518+0000] {logging_mixin.py:188} INFO - [2026-05-09T02:50:41.517+0000] {dag.py:3954} INFO - Setting next_dagrun for newyork_fhv_gold to None, run_after=None
[2026-05-09T02:50:41.547+0000] {processor.py:183} INFO - Processing /opt/airflow/dags/newyork_fhv_gold.py took 0.134 seconds
[2026-05-09T02:51:12.374+0000] {processor.py:161} INFO - Started process (PID=3709) to work on /opt/airflow/dags/newyork_fhv_gold.py
[2026-05-09T02:51:12.375+0000] {processor.py:830} INFO - Processing file /opt/airflow/dags/newyork_fhv_gold.py for tasks to queue
[2026-05-09T02:51:12.378+0000] {logging_mixin.py:188} INFO - [2026-05-09T02:51:12.377+0000] {dagbag.py:545} INFO - Filling up the DagBag from /opt/airflow/dags/newyork_fhv_gold.py
[2026-05-09T02:51:12.401+0000] {processor.py:840} INFO - DAG(s) 'newyork_fhv_gold' retrieved from /opt/airflow/dags/newyork_fhv_gold.py
[2026-05-09T02:51:12.423+0000] {logging_mixin.py:188} INFO - [2026-05-09T02:51:12.423+0000] {dag.py:3096} INFO - Sync 1 DAGs
[2026-05-09T02:51:12.441+0000] {logging_mixin.py:188} INFO - [2026-05-09T02:51:12.441+0000] {dag.py:3954} INFO - Setting next_dagrun for newyork_fhv_gold to None, run_after=None
[2026-05-09T02:51:12.465+0000] {processor.py:183} INFO - Processing /opt/airflow/dags/newyork_fhv_gold.py took 0.099 seconds
[2026-05-09T02:51:43.226+0000] {processor.py:161} INFO - Started process (PID=3720) to work on /opt/airflow/dags/newyork_fhv_gold.py
[2026-05-09T02:51:43.228+0000] {processor.py:830} INFO - Processing file /opt/airflow/dags/newyork_fhv_gold.py for tasks to queue
[2026-05-09T02:51:43.231+0000] {logging_mixin.py:188} INFO - [2026-05-09T02:51:43.231+0000] {dagbag.py:545} INFO - Filling up the DagBag from /opt/airflow/dags/newyork_fhv_gold.py
[2026-05-09T02:51:43.269+0000] {processor.py:840} INFO - DAG(s) 'newyork_fhv_gold' retrieved from /opt/airflow/dags/newyork_fhv_gold.py
[2026-05-09T02:51:43.300+0000] {logging_mixin.py:188} INFO - [2026-05-09T02:51:43.299+0000] {dag.py:3096} INFO - Sync 1 DAGs
[2026-05-09T02:51:43.326+0000] {logging_mixin.py:188} INFO - [2026-05-09T02:51:43.326+0000] {dag.py:3954} INFO - Setting next_dagrun for newyork_fhv_gold to None, run_after=None
[2026-05-09T02:51:43.362+0000] {processor.py:183} INFO - Processing /opt/airflow/dags/newyork_fhv_gold.py took 0.144 seconds
[2026-05-09T02:52:13.460+0000] {processor.py:161} INFO - Started process (PID=3731) to work on /opt/airflow/dags/newyork_fhv_gold.py
[2026-05-09T02:52:13.462+0000] {processor.py:830} INFO - Processing file /opt/airflow/dags/newyork_fhv_gold.py for tasks to queue
[2026-05-09T02:52:13.464+0000] {logging_mixin.py:188} INFO - [2026-05-09T02:52:13.464+0000] {dagbag.py:545} INFO - Filling up the DagBag from /opt/airflow/dags/newyork_fhv_gold.py
[2026-05-09T02:52:13.497+0000] {processor.py:840} INFO - DAG(s) 'newyork_fhv_gold' retrieved from /opt/airflow/dags/newyork_fhv_gold.py
[2026-05-09T02:52:13.536+0000] {logging_mixin.py:188} INFO - [2026-05-09T02:52:13.536+0000] {dag.py:3096} INFO - Sync 1 DAGs
[2026-05-09T02:52:13.552+0000] {logging_mixin.py:188} INFO - [2026-05-09T02:52:13.552+0000] {dag.py:3954} INFO - Setting next_dagrun for newyork_fhv_gold to None, run_after=None
[2026-05-09T02:52:13.585+0000] {processor.py:183} INFO - Processing /opt/airflow/dags/newyork_fhv_gold.py took 0.133 seconds
[2026-05-09T02:52:44.474+0000] {processor.py:161} INFO - Started process (PID=3742) to work on /opt/airflow/dags/newyork_fhv_gold.py
[2026-05-09T02:52:44.477+0000] {processor.py:830} INFO - Processing file /opt/airflow/dags/newyork_fhv_gold.py for tasks to queue
[2026-05-09T02:52:44.481+0000] {logging_mixin.py:188} INFO - [2026-05-09T02:52:44.480+0000] {dagbag.py:545} INFO - Filling up the DagBag from /opt/airflow/dags/newyork_fhv_gold.py
[2026-05-09T02:52:44.525+0000] {processor.py:840} INFO - DAG(s) 'newyork_fhv_gold' retrieved from /opt/airflow/dags/newyork_fhv_gold.py
[2026-05-09T02:52:44.559+0000] {logging_mixin.py:188} INFO - [2026-05-09T02:52:44.558+0000] {dag.py:3096} INFO - Sync 1 DAGs
[2026-05-09T02:52:44.581+0000] {logging_mixin.py:188} INFO - [2026-05-09T02:52:44.580+0000] {dag.py:3954} INFO - Setting next_dagrun for newyork_fhv_gold to None, run_after=None
[2026-05-09T02:52:44.621+0000] {processor.py:183} INFO - Processing /opt/airflow/dags/newyork_fhv_gold.py took 0.158 seconds
[2026-05-09T02:53:15.462+0000] {processor.py:161} INFO - Started process (PID=3753) to work on /opt/airflow/dags/newyork_fhv_gold.py
[2026-05-09T02:53:15.472+0000] {processor.py:830} INFO - Processing file /opt/airflow/dags/newyork_fhv_gold.py for tasks to queue
[2026-05-09T02:53:15.479+0000] {logging_mixin.py:188} INFO - [2026-05-09T02:53:15.478+0000] {dagbag.py:545} INFO - Filling up the DagBag from /opt/airflow/dags/newyork_fhv_gold.py
[2026-05-09T02:53:15.522+0000] {processor.py:840} INFO - DAG(s) 'newyork_fhv_gold' retrieved from /opt/airflow/dags/newyork_fhv_gold.py
[2026-05-09T02:53:15.551+0000] {logging_mixin.py:188} INFO - [2026-05-09T02:53:15.551+0000] {dag.py:3096} INFO - Sync 1 DAGs
[2026-05-09T02:53:15.564+0000] {logging_mixin.py:188} INFO - [2026-05-09T02:53:15.564+0000] {dag.py:3954} INFO - Setting next_dagrun for newyork_fhv_gold to None, run_after=None
[2026-05-09T02:53:15.594+0000] {processor.py:183} INFO - Processing /opt/airflow/dags/newyork_fhv_gold.py took 0.143 seconds
[2026-05-09T02:53:46.422+0000] {processor.py:161} INFO - Started process (PID=3764) to work on /opt/airflow/dags/newyork_fhv_gold.py
[2026-05-09T02:53:46.425+0000] {processor.py:830} INFO - Processing file /opt/airflow/dags/newyork_fhv_gold.py for tasks to queue
[2026-05-09T02:53:46.430+0000] {logging_mixin.py:188} INFO - [2026-05-09T02:53:46.429+0000] {dagbag.py:545} INFO - Filling up the DagBag from /opt/airflow/dags/newyork_fhv_gold.py
[2026-05-09T02:53:46.485+0000] {processor.py:840} INFO - DAG(s) 'newyork_fhv_gold' retrieved from /opt/airflow/dags/newyork_fhv_gold.py
[2026-05-09T02:53:46.511+0000] {logging_mixin.py:188} INFO - [2026-05-09T02:53:46.511+0000] {dag.py:3096} INFO - Sync 1 DAGs
[2026-05-09T02:53:46.528+0000] {logging_mixin.py:188} INFO - [2026-05-09T02:53:46.528+0000] {dag.py:3954} INFO - Setting next_dagrun for newyork_fhv_gold to None, run_after=None
[2026-05-09T02:53:46.562+0000] {processor.py:183} INFO - Processing /opt/airflow/dags/newyork_fhv_gold.py took 0.153 seconds
[2026-05-09T02:54:16.767+0000] {processor.py:161} INFO - Started process (PID=3775) to work on /opt/airflow/dags/newyork_fhv_gold.py
[2026-05-09T02:54:16.769+0000] {processor.py:830} INFO - Processing file /opt/airflow/dags/newyork_fhv_gold.py for tasks to queue
[2026-05-09T02:54:16.773+0000] {logging_mixin.py:188} INFO - [2026-05-09T02:54:16.772+0000] {dagbag.py:545} INFO - Filling up the DagBag from /opt/airflow/dags/newyork_fhv_gold.py
[2026-05-09T02:54:16.813+0000] {processor.py:840} INFO - DAG(s) 'newyork_fhv_gold' retrieved from /opt/airflow/dags/newyork_fhv_gold.py
[2026-05-09T02:54:16.847+0000] {logging_mixin.py:188} INFO - [2026-05-09T02:54:16.847+0000] {dag.py:3096} INFO - Sync 1 DAGs
[2026-05-09T02:54:16.864+0000] {logging_mixin.py:188} INFO - [2026-05-09T02:54:16.864+0000] {dag.py:3954} INFO - Setting next_dagrun for newyork_fhv_gold to None, run_after=None
[2026-05-09T02:54:16.895+0000] {processor.py:183} INFO - Processing /opt/airflow/dags/newyork_fhv_gold.py took 0.137 seconds
[2026-05-09T02:54:47.723+0000] {processor.py:161} INFO - Started process (PID=3792) to work on /opt/airflow/dags/newyork_fhv_gold.py
[2026-05-09T02:54:47.725+0000] {processor.py:830} INFO - Processing file /opt/airflow/dags/newyork_fhv_gold.py for tasks to queue
[2026-05-09T02:54:47.729+0000] {logging_mixin.py:188} INFO - [2026-05-09T02:54:47.728+0000] {dagbag.py:545} INFO - Filling up the DagBag from /opt/airflow/dags/newyork_fhv_gold.py
[2026-05-09T02:54:47.776+0000] {processor.py:840} INFO - DAG(s) 'newyork_fhv_gold' retrieved from /opt/airflow/dags/newyork_fhv_gold.py
[2026-05-09T02:54:47.804+0000] {logging_mixin.py:188} INFO - [2026-05-09T02:54:47.803+0000] {dag.py:3096} INFO - Sync 1 DAGs
[2026-05-09T02:54:47.818+0000] {logging_mixin.py:188} INFO - [2026-05-09T02:54:47.818+0000] {dag.py:3954} INFO - Setting next_dagrun for newyork_fhv_gold to None, run_after=None
[2026-05-09T02:54:47.847+0000] {processor.py:183} INFO - Processing /opt/airflow/dags/newyork_fhv_gold.py took 0.136 seconds
[2026-05-09T02:55:18.649+0000] {processor.py:161} INFO - Started process (PID=3803) to work on /opt/airflow/dags/newyork_fhv_gold.py
[2026-05-09T02:55:18.652+0000] {processor.py:830} INFO - Processing file /opt/airflow/dags/newyork_fhv_gold.py for tasks to queue
[2026-05-09T02:55:18.656+0000] {logging_mixin.py:188} INFO - [2026-05-09T02:55:18.656+0000] {dagbag.py:545} INFO - Filling up the DagBag from /opt/airflow/dags/newyork_fhv_gold.py
[2026-05-09T02:55:18.698+0000] {processor.py:840} INFO - DAG(s) 'newyork_fhv_gold' retrieved from /opt/airflow/dags/newyork_fhv_gold.py
[2026-05-09T02:55:18.725+0000] {logging_mixin.py:188} INFO - [2026-05-09T02:55:18.724+0000] {dag.py:3096} INFO - Sync 1 DAGs
[2026-05-09T02:55:18.741+0000] {logging_mixin.py:188} INFO - [2026-05-09T02:55:18.741+0000] {dag.py:3954} INFO - Setting next_dagrun for newyork_fhv_gold to None, run_after=None
[2026-05-09T02:55:18.769+0000] {processor.py:183} INFO - Processing /opt/airflow/dags/newyork_fhv_gold.py took 0.132 seconds
[2026-05-09T02:55:49.400+0000] {processor.py:161} INFO - Started process (PID=3814) to work on /opt/airflow/dags/newyork_fhv_gold.py
[2026-05-09T02:55:49.402+0000] {processor.py:830} INFO - Processing file /opt/airflow/dags/newyork_fhv_gold.py for tasks to queue
[2026-05-09T02:55:49.406+0000] {logging_mixin.py:188} INFO - [2026-05-09T02:55:49.405+0000] {dagbag.py:545} INFO - Filling up the DagBag from /opt/airflow/dags/newyork_fhv_gold.py
[2026-05-09T02:55:49.446+0000] {processor.py:840} INFO - DAG(s) 'newyork_fhv_gold' retrieved from /opt/airflow/dags/newyork_fhv_gold.py
[2026-05-09T02:55:49.476+0000] {logging_mixin.py:188} INFO - [2026-05-09T02:55:49.476+0000] {dag.py:3096} INFO - Sync 1 DAGs
[2026-05-09T02:55:49.492+0000] {logging_mixin.py:188} INFO - [2026-05-09T02:55:49.492+0000] {dag.py:3954} INFO - Setting next_dagrun for newyork_fhv_gold to None, run_after=None
[2026-05-09T02:55:49.523+0000] {processor.py:183} INFO - Processing /opt/airflow/dags/newyork_fhv_gold.py took 0.131 seconds
[2026-05-09T02:56:20.353+0000] {processor.py:161} INFO - Started process (PID=3825) to work on /opt/airflow/dags/newyork_fhv_gold.py
[2026-05-09T02:56:20.355+0000] {processor.py:830} INFO - Processing file /opt/airflow/dags/newyork_fhv_gold.py for tasks to queue
[2026-05-09T02:56:20.358+0000] {logging_mixin.py:188} INFO - [2026-05-09T02:56:20.357+0000] {dagbag.py:545} INFO - Filling up the DagBag from /opt/airflow/dags/newyork_fhv_gold.py
[2026-05-09T02:56:20.400+0000] {processor.py:840} INFO - DAG(s) 'newyork_fhv_gold' retrieved from /opt/airflow/dags/newyork_fhv_gold.py
[2026-05-09T02:56:20.434+0000] {logging_mixin.py:188} INFO - [2026-05-09T02:56:20.434+0000] {dag.py:3096} INFO - Sync 1 DAGs
[2026-05-09T02:56:20.450+0000] {logging_mixin.py:188} INFO - [2026-05-09T02:56:20.449+0000] {dag.py:3954} INFO - Setting next_dagrun for newyork_fhv_gold to None, run_after=None
[2026-05-09T02:56:20.482+0000] {processor.py:183} INFO - Processing /opt/airflow/dags/newyork_fhv_gold.py took 0.137 seconds
[2026-05-09T02:56:51.255+0000] {processor.py:161} INFO - Started process (PID=3836) to work on /opt/airflow/dags/newyork_fhv_gold.py
[2026-05-09T02:56:51.257+0000] {processor.py:830} INFO - Processing file /opt/airflow/dags/newyork_fhv_gold.py for tasks to queue
[2026-05-09T02:56:51.259+0000] {logging_mixin.py:188} INFO - [2026-05-09T02:56:51.259+0000] {dagbag.py:545} INFO - Filling up the DagBag from /opt/airflow/dags/newyork_fhv_gold.py
[2026-05-09T02:56:51.292+0000] {processor.py:840} INFO - DAG(s) 'newyork_fhv_gold' retrieved from /opt/airflow/dags/newyork_fhv_gold.py
[2026-05-09T02:56:51.324+0000] {logging_mixin.py:188} INFO - [2026-05-09T02:56:51.323+0000] {dag.py:3096} INFO - Sync 1 DAGs
[2026-05-09T02:56:51.348+0000] {logging_mixin.py:188} INFO - [2026-05-09T02:56:51.348+0000] {dag.py:3954} INFO - Setting next_dagrun for newyork_fhv_gold to None, run_after=None
[2026-05-09T02:56:51.425+0000] {processor.py:183} INFO - Processing /opt/airflow/dags/newyork_fhv_gold.py took 0.177 seconds
[2026-05-09T02:57:22.362+0000] {processor.py:161} INFO - Started process (PID=3847) to work on /opt/airflow/dags/newyork_fhv_gold.py
[2026-05-09T02:57:22.365+0000] {processor.py:830} INFO - Processing file /opt/airflow/dags/newyork_fhv_gold.py for tasks to queue
[2026-05-09T02:57:22.369+0000] {logging_mixin.py:188} INFO - [2026-05-09T02:57:22.368+0000] {dagbag.py:545} INFO - Filling up the DagBag from /opt/airflow/dags/newyork_fhv_gold.py
[2026-05-09T02:57:22.425+0000] {processor.py:840} INFO - DAG(s) 'newyork_fhv_gold' retrieved from /opt/airflow/dags/newyork_fhv_gold.py
[2026-05-09T02:57:22.459+0000] {logging_mixin.py:188} INFO - [2026-05-09T02:57:22.459+0000] {dag.py:3096} INFO - Sync 1 DAGs
[2026-05-09T02:57:22.479+0000] {logging_mixin.py:188} INFO - [2026-05-09T02:57:22.479+0000] {dag.py:3954} INFO - Setting next_dagrun for newyork_fhv_gold to None, run_after=None
[2026-05-09T02:57:22.510+0000] {processor.py:183} INFO - Processing /opt/airflow/dags/newyork_fhv_gold.py took 0.162 seconds
[2026-05-09T02:57:53.419+0000] {processor.py:161} INFO - Started process (PID=3858) to work on /opt/airflow/dags/newyork_fhv_gold.py
[2026-05-09T02:57:53.422+0000] {processor.py:830} INFO - Processing file /opt/airflow/dags/newyork_fhv_gold.py for tasks to queue
[2026-05-09T02:57:53.428+0000] {logging_mixin.py:188} INFO - [2026-05-09T02:57:53.426+0000] {dagbag.py:545} INFO - Filling up the DagBag from /opt/airflow/dags/newyork_fhv_gold.py
[2026-05-09T02:57:53.478+0000] {processor.py:840} INFO - DAG(s) 'newyork_fhv_gold' retrieved from /opt/airflow/dags/newyork_fhv_gold.py
[2026-05-09T02:57:53.517+0000] {logging_mixin.py:188} INFO - [2026-05-09T02:57:53.516+0000] {dag.py:3096} INFO - Sync 1 DAGs
[2026-05-09T02:57:53.539+0000] {logging_mixin.py:188} INFO - [2026-05-09T02:57:53.539+0000] {dag.py:3954} INFO - Setting next_dagrun for newyork_fhv_gold to None, run_after=None
[2026-05-09T02:57:53.574+0000] {processor.py:183} INFO - Processing /opt/airflow/dags/newyork_fhv_gold.py took 0.168 seconds
[2026-05-09T02:58:24.437+0000] {processor.py:161} INFO - Started process (PID=3869) to work on /opt/airflow/dags/newyork_fhv_gold.py
[2026-05-09T02:58:24.439+0000] {processor.py:830} INFO - Processing file /opt/airflow/dags/newyork_fhv_gold.py for tasks to queue
[2026-05-09T02:58:24.443+0000] {logging_mixin.py:188} INFO - [2026-05-09T02:58:24.443+0000] {dagbag.py:545} INFO - Filling up the DagBag from /opt/airflow/dags/newyork_fhv_gold.py
[2026-05-09T02:58:24.482+0000] {processor.py:840} INFO - DAG(s) 'newyork_fhv_gold' retrieved from /opt/airflow/dags/newyork_fhv_gold.py
[2026-05-09T02:58:24.514+0000] {logging_mixin.py:188} INFO - [2026-05-09T02:58:24.514+0000] {dag.py:3096} INFO - Sync 1 DAGs
[2026-05-09T02:58:24.529+0000] {logging_mixin.py:188} INFO - [2026-05-09T02:58:24.529+0000] {dag.py:3954} INFO - Setting next_dagrun for newyork_fhv_gold to None, run_after=None
[2026-05-09T02:58:24.556+0000] {processor.py:183} INFO - Processing /opt/airflow/dags/newyork_fhv_gold.py took 0.125 seconds
[2026-05-09T02:58:55.492+0000] {processor.py:161} INFO - Started process (PID=3880) to work on /opt/airflow/dags/newyork_fhv_gold.py
[2026-05-09T02:58:55.494+0000] {processor.py:830} INFO - Processing file /opt/airflow/dags/newyork_fhv_gold.py for tasks to queue
[2026-05-09T02:58:55.496+0000] {logging_mixin.py:188} INFO - [2026-05-09T02:58:55.496+0000] {dagbag.py:545} INFO - Filling up the DagBag from /opt/airflow/dags/newyork_fhv_gold.py
[2026-05-09T02:58:55.539+0000] {processor.py:840} INFO - DAG(s) 'newyork_fhv_gold' retrieved from /opt/airflow/dags/newyork_fhv_gold.py
[2026-05-09T02:58:55.573+0000] {logging_mixin.py:188} INFO - [2026-05-09T02:58:55.572+0000] {dag.py:3096} INFO - Sync 1 DAGs
[2026-05-09T02:58:55.588+0000] {logging_mixin.py:188} INFO - [2026-05-09T02:58:55.588+0000] {dag.py:3954} INFO - Setting next_dagrun for newyork_fhv_gold to None, run_after=None
[2026-05-09T02:58:55.619+0000] {processor.py:183} INFO - Processing /opt/airflow/dags/newyork_fhv_gold.py took 0.136 seconds
[2026-05-09T02:59:26.537+0000] {processor.py:161} INFO - Started process (PID=3891) to work on /opt/airflow/dags/newyork_fhv_gold.py
[2026-05-09T02:59:26.540+0000] {processor.py:830} INFO - Processing file /opt/airflow/dags/newyork_fhv_gold.py for tasks to queue
[2026-05-09T02:59:26.544+0000] {logging_mixin.py:188} INFO - [2026-05-09T02:59:26.543+0000] {dagbag.py:545} INFO - Filling up the DagBag from /opt/airflow/dags/newyork_fhv_gold.py
[2026-05-09T02:59:26.594+0000] {processor.py:840} INFO - DAG(s) 'newyork_fhv_gold' retrieved from /opt/airflow/dags/newyork_fhv_gold.py
[2026-05-09T02:59:26.621+0000] {logging_mixin.py:188} INFO - [2026-05-09T02:59:26.621+0000] {dag.py:3096} INFO - Sync 1 DAGs
[2026-05-09T02:59:26.635+0000] {logging_mixin.py:188} INFO - [2026-05-09T02:59:26.635+0000] {dag.py:3954} INFO - Setting next_dagrun for newyork_fhv_gold to None, run_after=None
[2026-05-09T02:59:26.669+0000] {processor.py:183} INFO - Processing /opt/airflow/dags/newyork_fhv_gold.py took 0.142 seconds
[2026-05-09T02:59:57.426+0000] {processor.py:161} INFO - Started process (PID=3903) to work on /opt/airflow/dags/newyork_fhv_gold.py
[2026-05-09T02:59:57.428+0000] {processor.py:830} INFO - Processing file /opt/airflow/dags/newyork_fhv_gold.py for tasks to queue
[2026-05-09T02:59:57.431+0000] {logging_mixin.py:188} INFO - [2026-05-09T02:59:57.430+0000] {dagbag.py:545} INFO - Filling up the DagBag from /opt/airflow/dags/newyork_fhv_gold.py
[2026-05-09T02:59:57.452+0000] {processor.py:840} INFO - DAG(s) 'newyork_fhv_gold' retrieved from /opt/airflow/dags/newyork_fhv_gold.py
[2026-05-09T02:59:57.479+0000] {logging_mixin.py:188} INFO - [2026-05-09T02:59:57.479+0000] {dag.py:3096} INFO - Sync 1 DAGs
[2026-05-09T02:59:57.495+0000] {logging_mixin.py:188} INFO - [2026-05-09T02:59:57.495+0000] {dag.py:3954} INFO - Setting next_dagrun for newyork_fhv_gold to None, run_after=None
[2026-05-09T02:59:57.524+0000] {processor.py:183} INFO - Processing /opt/airflow/dags/newyork_fhv_gold.py took 0.104 seconds
[2026-05-09T03:00:28.361+0000] {processor.py:161} INFO - Started process (PID=3914) to work on /opt/airflow/dags/newyork_fhv_gold.py
[2026-05-09T03:00:28.362+0000] {processor.py:830} INFO - Processing file /opt/airflow/dags/newyork_fhv_gold.py for tasks to queue
[2026-05-09T03:00:28.365+0000] {logging_mixin.py:188} INFO - [2026-05-09T03:00:28.365+0000] {dagbag.py:545} INFO - Filling up the DagBag from /opt/airflow/dags/newyork_fhv_gold.py
[2026-05-09T03:00:28.420+0000] {processor.py:840} INFO - DAG(s) 'newyork_fhv_gold' retrieved from /opt/airflow/dags/newyork_fhv_gold.py
[2026-05-09T03:00:28.450+0000] {logging_mixin.py:188} INFO - [2026-05-09T03:00:28.450+0000] {dag.py:3096} INFO - Sync 1 DAGs
[2026-05-09T03:00:28.468+0000] {logging_mixin.py:188} INFO - [2026-05-09T03:00:28.468+0000] {dag.py:3954} INFO - Setting next_dagrun for newyork_fhv_gold to None, run_after=None
[2026-05-09T03:00:28.497+0000] {processor.py:183} INFO - Processing /opt/airflow/dags/newyork_fhv_gold.py took 0.148 seconds
[2026-05-09T03:00:59.200+0000] {processor.py:161} INFO - Started process (PID=3925) to work on /opt/airflow/dags/newyork_fhv_gold.py
[2026-05-09T03:00:59.203+0000] {processor.py:830} INFO - Processing file /opt/airflow/dags/newyork_fhv_gold.py for tasks to queue
[2026-05-09T03:00:59.209+0000] {logging_mixin.py:188} INFO - [2026-05-09T03:00:59.208+0000] {dagbag.py:545} INFO - Filling up the DagBag from /opt/airflow/dags/newyork_fhv_gold.py
[2026-05-09T03:00:59.258+0000] {processor.py:840} INFO - DAG(s) 'newyork_fhv_gold' retrieved from /opt/airflow/dags/newyork_fhv_gold.py
[2026-05-09T03:00:59.283+0000] {logging_mixin.py:188} INFO - [2026-05-09T03:00:59.283+0000] {dag.py:3096} INFO - Sync 1 DAGs
[2026-05-09T03:00:59.302+0000] {logging_mixin.py:188} INFO - [2026-05-09T03:00:59.302+0000] {dag.py:3954} INFO - Setting next_dagrun for newyork_fhv_gold to None, run_after=None
[2026-05-09T03:00:59.332+0000] {processor.py:183} INFO - Processing /opt/airflow/dags/newyork_fhv_gold.py took 0.144 seconds
[2026-05-09T03:01:30.071+0000] {processor.py:161} INFO - Started process (PID=3936) to work on /opt/airflow/dags/newyork_fhv_gold.py
[2026-05-09T03:01:30.073+0000] {processor.py:830} INFO - Processing file /opt/airflow/dags/newyork_fhv_gold.py for tasks to queue
[2026-05-09T03:01:30.076+0000] {logging_mixin.py:188} INFO - [2026-05-09T03:01:30.076+0000] {dagbag.py:545} INFO - Filling up the DagBag from /opt/airflow/dags/newyork_fhv_gold.py
[2026-05-09T03:01:30.098+0000] {processor.py:840} INFO - DAG(s) 'newyork_fhv_gold' retrieved from /opt/airflow/dags/newyork_fhv_gold.py
[2026-05-09T03:01:30.122+0000] {logging_mixin.py:188} INFO - [2026-05-09T03:01:30.122+0000] {dag.py:3096} INFO - Sync 1 DAGs
[2026-05-09T03:01:30.135+0000] {logging_mixin.py:188} INFO - [2026-05-09T03:01:30.135+0000] {dag.py:3954} INFO - Setting next_dagrun for newyork_fhv_gold to None, run_after=None
[2026-05-09T03:01:30.164+0000] {processor.py:183} INFO - Processing /opt/airflow/dags/newyork_fhv_gold.py took 0.103 seconds
[2026-05-09T03:02:01.004+0000] {processor.py:161} INFO - Started process (PID=3947) to work on /opt/airflow/dags/newyork_fhv_gold.py
[2026-05-09T03:02:01.006+0000] {processor.py:830} INFO - Processing file /opt/airflow/dags/newyork_fhv_gold.py for tasks to queue
[2026-05-09T03:02:01.009+0000] {logging_mixin.py:188} INFO - [2026-05-09T03:02:01.009+0000] {dagbag.py:545} INFO - Filling up the DagBag from /opt/airflow/dags/newyork_fhv_gold.py
[2026-05-09T03:02:01.038+0000] {processor.py:840} INFO - DAG(s) 'newyork_fhv_gold' retrieved from /opt/airflow/dags/newyork_fhv_gold.py
[2026-05-09T03:02:01.063+0000] {logging_mixin.py:188} INFO - [2026-05-09T03:02:01.063+0000] {dag.py:3096} INFO - Sync 1 DAGs
[2026-05-09T03:02:01.078+0000] {logging_mixin.py:188} INFO - [2026-05-09T03:02:01.078+0000] {dag.py:3954} INFO - Setting next_dagrun for newyork_fhv_gold to None, run_after=None
[2026-05-09T03:02:01.107+0000] {processor.py:183} INFO - Processing /opt/airflow/dags/newyork_fhv_gold.py took 0.114 seconds
[2026-05-09T03:02:31.746+0000] {processor.py:161} INFO - Started process (PID=3958) to work on /opt/airflow/dags/newyork_fhv_gold.py
[2026-05-09T03:02:31.747+0000] {processor.py:830} INFO - Processing file /opt/airflow/dags/newyork_fhv_gold.py for tasks to queue
[2026-05-09T03:02:31.749+0000] {logging_mixin.py:188} INFO - [2026-05-09T03:02:31.749+0000] {dagbag.py:545} INFO - Filling up the DagBag from /opt/airflow/dags/newyork_fhv_gold.py
[2026-05-09T03:02:31.795+0000] {processor.py:840} INFO - DAG(s) 'newyork_fhv_gold' retrieved from /opt/airflow/dags/newyork_fhv_gold.py
[2026-05-09T03:02:31.826+0000] {logging_mixin.py:188} INFO - [2026-05-09T03:02:31.826+0000] {dag.py:3096} INFO - Sync 1 DAGs
[2026-05-09T03:02:31.840+0000] {logging_mixin.py:188} INFO - [2026-05-09T03:02:31.840+0000] {dag.py:3954} INFO - Setting next_dagrun for newyork_fhv_gold to None, run_after=None
[2026-05-09T03:02:31.869+0000] {processor.py:183} INFO - Processing /opt/airflow/dags/newyork_fhv_gold.py took 0.130 seconds
[2026-05-09T03:03:02.542+0000] {processor.py:161} INFO - Started process (PID=3969) to work on /opt/airflow/dags/newyork_fhv_gold.py
[2026-05-09T03:03:02.544+0000] {processor.py:830} INFO - Processing file /opt/airflow/dags/newyork_fhv_gold.py for tasks to queue
[2026-05-09T03:03:02.547+0000] {logging_mixin.py:188} INFO - [2026-05-09T03:03:02.547+0000] {dagbag.py:545} INFO - Filling up the DagBag from /opt/airflow/dags/newyork_fhv_gold.py
[2026-05-09T03:03:02.591+0000] {processor.py:840} INFO - DAG(s) 'newyork_fhv_gold' retrieved from /opt/airflow/dags/newyork_fhv_gold.py
[2026-05-09T03:03:02.630+0000] {logging_mixin.py:188} INFO - [2026-05-09T03:03:02.630+0000] {dag.py:3096} INFO - Sync 1 DAGs
[2026-05-09T03:03:02.647+0000] {logging_mixin.py:188} INFO - [2026-05-09T03:03:02.647+0000] {dag.py:3954} INFO - Setting next_dagrun for newyork_fhv_gold to None, run_after=None
[2026-05-09T03:03:02.676+0000] {processor.py:183} INFO - Processing /opt/airflow/dags/newyork_fhv_gold.py took 0.145 seconds
[2026-05-09T03:03:33.482+0000] {processor.py:161} INFO - Started process (PID=3980) to work on /opt/airflow/dags/newyork_fhv_gold.py
[2026-05-09T03:03:33.485+0000] {processor.py:830} INFO - Processing file /opt/airflow/dags/newyork_fhv_gold.py for tasks to queue
[2026-05-09T03:03:33.489+0000] {logging_mixin.py:188} INFO - [2026-05-09T03:03:33.488+0000] {dagbag.py:545} INFO - Filling up the DagBag from /opt/airflow/dags/newyork_fhv_gold.py
[2026-05-09T03:03:33.521+0000] {processor.py:840} INFO - DAG(s) 'newyork_fhv_gold' retrieved from /opt/airflow/dags/newyork_fhv_gold.py
[2026-05-09T03:03:33.551+0000] {logging_mixin.py:188} INFO - [2026-05-09T03:03:33.551+0000] {dag.py:3096} INFO - Sync 1 DAGs
[2026-05-09T03:03:33.565+0000] {logging_mixin.py:188} INFO - [2026-05-09T03:03:33.564+0000] {dag.py:3954} INFO - Setting next_dagrun for newyork_fhv_gold to None, run_after=None
[2026-05-09T03:03:33.595+0000] {processor.py:183} INFO - Processing /opt/airflow/dags/newyork_fhv_gold.py took 0.124 seconds
[2026-05-09T03:04:04.608+0000] {processor.py:161} INFO - Started process (PID=3991) to work on /opt/airflow/dags/newyork_fhv_gold.py
[2026-05-09T03:04:04.610+0000] {processor.py:830} INFO - Processing file /opt/airflow/dags/newyork_fhv_gold.py for tasks to queue
[2026-05-09T03:04:04.617+0000] {logging_mixin.py:188} INFO - [2026-05-09T03:04:04.617+0000] {dagbag.py:545} INFO - Filling up the DagBag from /opt/airflow/dags/newyork_fhv_gold.py
[2026-05-09T03:04:04.655+0000] {processor.py:840} INFO - DAG(s) 'newyork_fhv_gold' retrieved from /opt/airflow/dags/newyork_fhv_gold.py
[2026-05-09T03:04:04.683+0000] {logging_mixin.py:188} INFO - [2026-05-09T03:04:04.683+0000] {dag.py:3096} INFO - Sync 1 DAGs
[2026-05-09T03:04:04.697+0000] {logging_mixin.py:188} INFO - [2026-05-09T03:04:04.697+0000] {dag.py:3954} INFO - Setting next_dagrun for newyork_fhv_gold to None, run_after=None
[2026-05-09T03:04:04.723+0000] {processor.py:183} INFO - Processing /opt/airflow/dags/newyork_fhv_gold.py took 0.125 seconds
[2026-05-09T03:04:35.533+0000] {processor.py:161} INFO - Started process (PID=4002) to work on /opt/airflow/dags/newyork_fhv_gold.py
[2026-05-09T03:04:35.535+0000] {processor.py:830} INFO - Processing file /opt/airflow/dags/newyork_fhv_gold.py for tasks to queue
[2026-05-09T03:04:35.538+0000] {logging_mixin.py:188} INFO - [2026-05-09T03:04:35.538+0000] {dagbag.py:545} INFO - Filling up the DagBag from /opt/airflow/dags/newyork_fhv_gold.py
[2026-05-09T03:04:35.581+0000] {processor.py:840} INFO - DAG(s) 'newyork_fhv_gold' retrieved from /opt/airflow/dags/newyork_fhv_gold.py
[2026-05-09T03:04:35.606+0000] {logging_mixin.py:188} INFO - [2026-05-09T03:04:35.605+0000] {dag.py:3096} INFO - Sync 1 DAGs
[2026-05-09T03:04:35.621+0000] {logging_mixin.py:188} INFO - [2026-05-09T03:04:35.621+0000] {dag.py:3954} INFO - Setting next_dagrun for newyork_fhv_gold to None, run_after=None
[2026-05-09T03:04:35.647+0000] {processor.py:183} INFO - Processing /opt/airflow/dags/newyork_fhv_gold.py took 0.122 seconds
[2026-05-09T03:05:05.749+0000] {processor.py:161} INFO - Started process (PID=4013) to work on /opt/airflow/dags/newyork_fhv_gold.py
[2026-05-09T03:05:05.752+0000] {processor.py:830} INFO - Processing file /opt/airflow/dags/newyork_fhv_gold.py for tasks to queue
[2026-05-09T03:05:05.756+0000] {logging_mixin.py:188} INFO - [2026-05-09T03:05:05.755+0000] {dagbag.py:545} INFO - Filling up the DagBag from /opt/airflow/dags/newyork_fhv_gold.py
[2026-05-09T03:05:05.807+0000] {processor.py:840} INFO - DAG(s) 'newyork_fhv_gold' retrieved from /opt/airflow/dags/newyork_fhv_gold.py
[2026-05-09T03:05:05.843+0000] {logging_mixin.py:188} INFO - [2026-05-09T03:05:05.842+0000] {dag.py:3096} INFO - Sync 1 DAGs
[2026-05-09T03:05:05.858+0000] {logging_mixin.py:188} INFO - [2026-05-09T03:05:05.858+0000] {dag.py:3954} INFO - Setting next_dagrun for newyork_fhv_gold to None, run_after=None
[2026-05-09T03:05:05.882+0000] {processor.py:183} INFO - Processing /opt/airflow/dags/newyork_fhv_gold.py took 0.141 seconds
[2026-05-09T03:05:36.844+0000] {processor.py:161} INFO - Started process (PID=4024) to work on /opt/airflow/dags/newyork_fhv_gold.py
[2026-05-09T03:05:36.846+0000] {processor.py:830} INFO - Processing file /opt/airflow/dags/newyork_fhv_gold.py for tasks to queue
[2026-05-09T03:05:36.851+0000] {logging_mixin.py:188} INFO - [2026-05-09T03:05:36.850+0000] {dagbag.py:545} INFO - Filling up the DagBag from /opt/airflow/dags/newyork_fhv_gold.py
[2026-05-09T03:05:36.904+0000] {processor.py:840} INFO - DAG(s) 'newyork_fhv_gold' retrieved from /opt/airflow/dags/newyork_fhv_gold.py
[2026-05-09T03:05:36.940+0000] {logging_mixin.py:188} INFO - [2026-05-09T03:05:36.939+0000] {dag.py:3096} INFO - Sync 1 DAGs
[2026-05-09T03:05:36.956+0000] {logging_mixin.py:188} INFO - [2026-05-09T03:05:36.956+0000] {dag.py:3954} INFO - Setting next_dagrun for newyork_fhv_gold to None, run_after=None
[2026-05-09T03:05:36.986+0000] {processor.py:183} INFO - Processing /opt/airflow/dags/newyork_fhv_gold.py took 0.151 seconds
[2026-05-09T03:06:07.912+0000] {processor.py:161} INFO - Started process (PID=4035) to work on /opt/airflow/dags/newyork_fhv_gold.py
[2026-05-09T03:06:07.915+0000] {processor.py:830} INFO - Processing file /opt/airflow/dags/newyork_fhv_gold.py for tasks to queue
[2026-05-09T03:06:07.918+0000] {logging_mixin.py:188} INFO - [2026-05-09T03:06:07.918+0000] {dagbag.py:545} INFO - Filling up the DagBag from /opt/airflow/dags/newyork_fhv_gold.py
[2026-05-09T03:06:07.975+0000] {processor.py:840} INFO - DAG(s) 'newyork_fhv_gold' retrieved from /opt/airflow/dags/newyork_fhv_gold.py
[2026-05-09T03:06:08.003+0000] {logging_mixin.py:188} INFO - [2026-05-09T03:06:08.003+0000] {dag.py:3096} INFO - Sync 1 DAGs
[2026-05-09T03:06:08.021+0000] {logging_mixin.py:188} INFO - [2026-05-09T03:06:08.021+0000] {dag.py:3954} INFO - Setting next_dagrun for newyork_fhv_gold to None, run_after=None
[2026-05-09T03:06:08.059+0000] {processor.py:183} INFO - Processing /opt/airflow/dags/newyork_fhv_gold.py took 0.157 seconds
[2026-05-09T03:06:38.917+0000] {processor.py:161} INFO - Started process (PID=4046) to work on /opt/airflow/dags/newyork_fhv_gold.py
[2026-05-09T03:06:38.920+0000] {processor.py:830} INFO - Processing file /opt/airflow/dags/newyork_fhv_gold.py for tasks to queue
[2026-05-09T03:06:38.923+0000] {logging_mixin.py:188} INFO - [2026-05-09T03:06:38.922+0000] {dagbag.py:545} INFO - Filling up the DagBag from /opt/airflow/dags/newyork_fhv_gold.py
[2026-05-09T03:06:38.967+0000] {processor.py:840} INFO - DAG(s) 'newyork_fhv_gold' retrieved from /opt/airflow/dags/newyork_fhv_gold.py
[2026-05-09T03:06:38.995+0000] {logging_mixin.py:188} INFO - [2026-05-09T03:06:38.994+0000] {dag.py:3096} INFO - Sync 1 DAGs
[2026-05-09T03:06:39.013+0000] {logging_mixin.py:188} INFO - [2026-05-09T03:06:39.012+0000] {dag.py:3954} INFO - Setting next_dagrun for newyork_fhv_gold to None, run_after=None
[2026-05-09T03:06:39.043+0000] {processor.py:183} INFO - Processing /opt/airflow/dags/newyork_fhv_gold.py took 0.134 seconds
[2026-05-09T03:07:09.843+0000] {processor.py:161} INFO - Started process (PID=4057) to work on /opt/airflow/dags/newyork_fhv_gold.py
[2026-05-09T03:07:09.844+0000] {processor.py:830} INFO - Processing file /opt/airflow/dags/newyork_fhv_gold.py for tasks to queue
[2026-05-09T03:07:09.847+0000] {logging_mixin.py:188} INFO - [2026-05-09T03:07:09.847+0000] {dagbag.py:545} INFO - Filling up the DagBag from /opt/airflow/dags/newyork_fhv_gold.py
[2026-05-09T03:07:09.888+0000] {processor.py:840} INFO - DAG(s) 'newyork_fhv_gold' retrieved from /opt/airflow/dags/newyork_fhv_gold.py
[2026-05-09T03:07:09.912+0000] {logging_mixin.py:188} INFO - [2026-05-09T03:07:09.912+0000] {dag.py:3096} INFO - Sync 1 DAGs
[2026-05-09T03:07:09.928+0000] {logging_mixin.py:188} INFO - [2026-05-09T03:07:09.928+0000] {dag.py:3954} INFO - Setting next_dagrun for newyork_fhv_gold to None, run_after=None
[2026-05-09T03:07:09.954+0000] {processor.py:183} INFO - Processing /opt/airflow/dags/newyork_fhv_gold.py took 0.120 seconds
[2026-05-09T03:07:40.034+0000] {processor.py:161} INFO - Started process (PID=4068) to work on /opt/airflow/dags/newyork_fhv_gold.py
[2026-05-09T03:07:40.036+0000] {processor.py:830} INFO - Processing file /opt/airflow/dags/newyork_fhv_gold.py for tasks to queue
[2026-05-09T03:07:40.038+0000] {logging_mixin.py:188} INFO - [2026-05-09T03:07:40.038+0000] {dagbag.py:545} INFO - Filling up the DagBag from /opt/airflow/dags/newyork_fhv_gold.py
[2026-05-09T03:07:40.068+0000] {processor.py:840} INFO - DAG(s) 'newyork_fhv_gold' retrieved from /opt/airflow/dags/newyork_fhv_gold.py
[2026-05-09T03:07:40.093+0000] {logging_mixin.py:188} INFO - [2026-05-09T03:07:40.093+0000] {dag.py:3096} INFO - Sync 1 DAGs
[2026-05-09T03:07:40.106+0000] {logging_mixin.py:188} INFO - [2026-05-09T03:07:40.106+0000] {dag.py:3954} INFO - Setting next_dagrun for newyork_fhv_gold to None, run_after=None
[2026-05-09T03:07:40.138+0000] {processor.py:183} INFO - Processing /opt/airflow/dags/newyork_fhv_gold.py took 0.112 seconds
[2026-05-09T03:08:10.943+0000] {processor.py:161} INFO - Started process (PID=4079) to work on /opt/airflow/dags/newyork_fhv_gold.py
[2026-05-09T03:08:10.946+0000] {processor.py:830} INFO - Processing file /opt/airflow/dags/newyork_fhv_gold.py for tasks to queue
[2026-05-09T03:08:10.950+0000] {logging_mixin.py:188} INFO - [2026-05-09T03:08:10.949+0000] {dagbag.py:545} INFO - Filling up the DagBag from /opt/airflow/dags/newyork_fhv_gold.py
[2026-05-09T03:08:10.990+0000] {processor.py:840} INFO - DAG(s) 'newyork_fhv_gold' retrieved from /opt/airflow/dags/newyork_fhv_gold.py
[2026-05-09T03:08:11.016+0000] {logging_mixin.py:188} INFO - [2026-05-09T03:08:11.016+0000] {dag.py:3096} INFO - Sync 1 DAGs
[2026-05-09T03:08:11.032+0000] {logging_mixin.py:188} INFO - [2026-05-09T03:08:11.031+0000] {dag.py:3954} INFO - Setting next_dagrun for newyork_fhv_gold to None, run_after=None
[2026-05-09T03:08:11.064+0000] {processor.py:183} INFO - Processing /opt/airflow/dags/newyork_fhv_gold.py took 0.131 seconds
[2026-05-09T03:08:41.765+0000] {processor.py:161} INFO - Started process (PID=4090) to work on /opt/airflow/dags/newyork_fhv_gold.py
[2026-05-09T03:08:41.767+0000] {processor.py:830} INFO - Processing file /opt/airflow/dags/newyork_fhv_gold.py for tasks to queue
[2026-05-09T03:08:41.769+0000] {logging_mixin.py:188} INFO - [2026-05-09T03:08:41.769+0000] {dagbag.py:545} INFO - Filling up the DagBag from /opt/airflow/dags/newyork_fhv_gold.py
[2026-05-09T03:08:41.794+0000] {processor.py:840} INFO - DAG(s) 'newyork_fhv_gold' retrieved from /opt/airflow/dags/newyork_fhv_gold.py
[2026-05-09T03:08:41.819+0000] {logging_mixin.py:188} INFO - [2026-05-09T03:08:41.819+0000] {dag.py:3096} INFO - Sync 1 DAGs
[2026-05-09T03:08:41.836+0000] {logging_mixin.py:188} INFO - [2026-05-09T03:08:41.836+0000] {dag.py:3954} INFO - Setting next_dagrun for newyork_fhv_gold to None, run_after=None
[2026-05-09T03:08:41.863+0000] {processor.py:183} INFO - Processing /opt/airflow/dags/newyork_fhv_gold.py took 0.106 seconds
[2026-05-09T03:09:12.535+0000] {processor.py:161} INFO - Started process (PID=4101) to work on /opt/airflow/dags/newyork_fhv_gold.py
[2026-05-09T03:09:12.537+0000] {processor.py:830} INFO - Processing file /opt/airflow/dags/newyork_fhv_gold.py for tasks to queue
[2026-05-09T03:09:12.541+0000] {logging_mixin.py:188} INFO - [2026-05-09T03:09:12.540+0000] {dagbag.py:545} INFO - Filling up the DagBag from /opt/airflow/dags/newyork_fhv_gold.py
[2026-05-09T03:09:12.583+0000] {processor.py:840} INFO - DAG(s) 'newyork_fhv_gold' retrieved from /opt/airflow/dags/newyork_fhv_gold.py
[2026-05-09T03:09:12.609+0000] {logging_mixin.py:188} INFO - [2026-05-09T03:09:12.609+0000] {dag.py:3096} INFO - Sync 1 DAGs
[2026-05-09T03:09:12.628+0000] {logging_mixin.py:188} INFO - [2026-05-09T03:09:12.628+0000] {dag.py:3954} INFO - Setting next_dagrun for newyork_fhv_gold to None, run_after=None
[2026-05-09T03:09:12.658+0000] {processor.py:183} INFO - Processing /opt/airflow/dags/newyork_fhv_gold.py took 0.134 seconds
[2026-05-09T03:09:43.482+0000] {processor.py:161} INFO - Started process (PID=4112) to work on /opt/airflow/dags/newyork_fhv_gold.py
[2026-05-09T03:09:43.485+0000] {processor.py:830} INFO - Processing file /opt/airflow/dags/newyork_fhv_gold.py for tasks to queue
[2026-05-09T03:09:43.489+0000] {logging_mixin.py:188} INFO - [2026-05-09T03:09:43.488+0000] {dagbag.py:545} INFO - Filling up the DagBag from /opt/airflow/dags/newyork_fhv_gold.py
[2026-05-09T03:09:43.515+0000] {processor.py:840} INFO - DAG(s) 'newyork_fhv_gold' retrieved from /opt/airflow/dags/newyork_fhv_gold.py
[2026-05-09T03:09:43.538+0000] {logging_mixin.py:188} INFO - [2026-05-09T03:09:43.538+0000] {dag.py:3096} INFO - Sync 1 DAGs
[2026-05-09T03:09:43.552+0000] {logging_mixin.py:188} INFO - [2026-05-09T03:09:43.552+0000] {dag.py:3954} INFO - Setting next_dagrun for newyork_fhv_gold to None, run_after=None
[2026-05-09T03:09:43.582+0000] {processor.py:183} INFO - Processing /opt/airflow/dags/newyork_fhv_gold.py took 0.109 seconds
[2026-05-09T03:10:14.421+0000] {processor.py:161} INFO - Started process (PID=4123) to work on /opt/airflow/dags/newyork_fhv_gold.py
[2026-05-09T03:10:14.422+0000] {processor.py:830} INFO - Processing file /opt/airflow/dags/newyork_fhv_gold.py for tasks to queue
[2026-05-09T03:10:14.425+0000] {logging_mixin.py:188} INFO - [2026-05-09T03:10:14.425+0000] {dagbag.py:545} INFO - Filling up the DagBag from /opt/airflow/dags/newyork_fhv_gold.py
[2026-05-09T03:10:14.464+0000] {processor.py:840} INFO - DAG(s) 'newyork_fhv_gold' retrieved from /opt/airflow/dags/newyork_fhv_gold.py
[2026-05-09T03:10:14.496+0000] {logging_mixin.py:188} INFO - [2026-05-09T03:10:14.496+0000] {dag.py:3096} INFO - Sync 1 DAGs
[2026-05-09T03:10:14.514+0000] {logging_mixin.py:188} INFO - [2026-05-09T03:10:14.514+0000] {dag.py:3954} INFO - Setting next_dagrun for newyork_fhv_gold to None, run_after=None
[2026-05-09T03:10:14.543+0000] {processor.py:183} INFO - Processing /opt/airflow/dags/newyork_fhv_gold.py took 0.132 seconds
[2026-05-09T03:10:45.332+0000] {processor.py:161} INFO - Started process (PID=4134) to work on /opt/airflow/dags/newyork_fhv_gold.py
[2026-05-09T03:10:45.334+0000] {processor.py:830} INFO - Processing file /opt/airflow/dags/newyork_fhv_gold.py for tasks to queue
[2026-05-09T03:10:45.336+0000] {logging_mixin.py:188} INFO - [2026-05-09T03:10:45.336+0000] {dagbag.py:545} INFO - Filling up the DagBag from /opt/airflow/dags/newyork_fhv_gold.py
[2026-05-09T03:10:45.356+0000] {processor.py:840} INFO - DAG(s) 'newyork_fhv_gold' retrieved from /opt/airflow/dags/newyork_fhv_gold.py
[2026-05-09T03:10:45.383+0000] {logging_mixin.py:188} INFO - [2026-05-09T03:10:45.382+0000] {dag.py:3096} INFO - Sync 1 DAGs
[2026-05-09T03:10:45.396+0000] {logging_mixin.py:188} INFO - [2026-05-09T03:10:45.396+0000] {dag.py:3954} INFO - Setting next_dagrun for newyork_fhv_gold to None, run_after=None
[2026-05-09T03:10:45.422+0000] {processor.py:183} INFO - Processing /opt/airflow/dags/newyork_fhv_gold.py took 0.102 seconds
[2026-05-09T03:11:16.170+0000] {processor.py:161} INFO - Started process (PID=4145) to work on /opt/airflow/dags/newyork_fhv_gold.py
[2026-05-09T03:11:16.172+0000] {processor.py:830} INFO - Processing file /opt/airflow/dags/newyork_fhv_gold.py for tasks to queue
[2026-05-09T03:11:16.175+0000] {logging_mixin.py:188} INFO - [2026-05-09T03:11:16.175+0000] {dagbag.py:545} INFO - Filling up the DagBag from /opt/airflow/dags/newyork_fhv_gold.py
[2026-05-09T03:11:16.197+0000] {processor.py:840} INFO - DAG(s) 'newyork_fhv_gold' retrieved from /opt/airflow/dags/newyork_fhv_gold.py
[2026-05-09T03:11:16.227+0000] {logging_mixin.py:188} INFO - [2026-05-09T03:11:16.227+0000] {dag.py:3096} INFO - Sync 1 DAGs
[2026-05-09T03:11:16.244+0000] {logging_mixin.py:188} INFO - [2026-05-09T03:11:16.244+0000] {dag.py:3954} INFO - Setting next_dagrun for newyork_fhv_gold to None, run_after=None
[2026-05-09T03:11:16.277+0000] {processor.py:183} INFO - Processing /opt/airflow/dags/newyork_fhv_gold.py took 0.115 seconds
[2026-05-09T03:11:47.100+0000] {processor.py:161} INFO - Started process (PID=4156) to work on /opt/airflow/dags/newyork_fhv_gold.py
[2026-05-09T03:11:47.102+0000] {processor.py:830} INFO - Processing file /opt/airflow/dags/newyork_fhv_gold.py for tasks to queue
[2026-05-09T03:11:47.106+0000] {logging_mixin.py:188} INFO - [2026-05-09T03:11:47.105+0000] {dagbag.py:545} INFO - Filling up the DagBag from /opt/airflow/dags/newyork_fhv_gold.py
[2026-05-09T03:11:47.153+0000] {processor.py:840} INFO - DAG(s) 'newyork_fhv_gold' retrieved from /opt/airflow/dags/newyork_fhv_gold.py
[2026-05-09T03:11:47.183+0000] {logging_mixin.py:188} INFO - [2026-05-09T03:11:47.182+0000] {dag.py:3096} INFO - Sync 1 DAGs
[2026-05-09T03:11:47.205+0000] {logging_mixin.py:188} INFO - [2026-05-09T03:11:47.204+0000] {dag.py:3954} INFO - Setting next_dagrun for newyork_fhv_gold to None, run_after=None
[2026-05-09T03:11:47.236+0000] {processor.py:183} INFO - Processing /opt/airflow/dags/newyork_fhv_gold.py took 0.149 seconds
[2026-05-09T03:12:18.140+0000] {processor.py:161} INFO - Started process (PID=4167) to work on /opt/airflow/dags/newyork_fhv_gold.py
[2026-05-09T03:12:18.143+0000] {processor.py:830} INFO - Processing file /opt/airflow/dags/newyork_fhv_gold.py for tasks to queue
[2026-05-09T03:12:18.147+0000] {logging_mixin.py:188} INFO - [2026-05-09T03:12:18.147+0000] {dagbag.py:545} INFO - Filling up the DagBag from /opt/airflow/dags/newyork_fhv_gold.py
[2026-05-09T03:12:18.187+0000] {processor.py:840} INFO - DAG(s) 'newyork_fhv_gold' retrieved from /opt/airflow/dags/newyork_fhv_gold.py
[2026-05-09T03:12:18.216+0000] {logging_mixin.py:188} INFO - [2026-05-09T03:12:18.215+0000] {dag.py:3096} INFO - Sync 1 DAGs
[2026-05-09T03:12:18.231+0000] {logging_mixin.py:188} INFO - [2026-05-09T03:12:18.231+0000] {dag.py:3954} INFO - Setting next_dagrun for newyork_fhv_gold to None, run_after=None
[2026-05-09T03:12:18.259+0000] {processor.py:183} INFO - Processing /opt/airflow/dags/newyork_fhv_gold.py took 0.133 seconds
[2026-05-09T03:12:49.025+0000] {processor.py:161} INFO - Started process (PID=4178) to work on /opt/airflow/dags/newyork_fhv_gold.py
[2026-05-09T03:12:49.027+0000] {processor.py:830} INFO - Processing file /opt/airflow/dags/newyork_fhv_gold.py for tasks to queue
[2026-05-09T03:12:49.030+0000] {logging_mixin.py:188} INFO - [2026-05-09T03:12:49.029+0000] {dagbag.py:545} INFO - Filling up the DagBag from /opt/airflow/dags/newyork_fhv_gold.py
[2026-05-09T03:12:49.067+0000] {processor.py:840} INFO - DAG(s) 'newyork_fhv_gold' retrieved from /opt/airflow/dags/newyork_fhv_gold.py
[2026-05-09T03:12:49.093+0000] {logging_mixin.py:188} INFO - [2026-05-09T03:12:49.093+0000] {dag.py:3096} INFO - Sync 1 DAGs
[2026-05-09T03:12:49.109+0000] {logging_mixin.py:188} INFO - [2026-05-09T03:12:49.108+0000] {dag.py:3954} INFO - Setting next_dagrun for newyork_fhv_gold to None, run_after=None
[2026-05-09T03:12:49.141+0000] {processor.py:183} INFO - Processing /opt/airflow/dags/newyork_fhv_gold.py took 0.123 seconds
[2026-05-09T03:13:19.791+0000] {processor.py:161} INFO - Started process (PID=4189) to work on /opt/airflow/dags/newyork_fhv_gold.py
[2026-05-09T03:13:19.794+0000] {processor.py:830} INFO - Processing file /opt/airflow/dags/newyork_fhv_gold.py for tasks to queue
[2026-05-09T03:13:19.797+0000] {logging_mixin.py:188} INFO - [2026-05-09T03:13:19.797+0000] {dagbag.py:545} INFO - Filling up the DagBag from /opt/airflow/dags/newyork_fhv_gold.py
[2026-05-09T03:13:19.850+0000] {processor.py:840} INFO - DAG(s) 'newyork_fhv_gold' retrieved from /opt/airflow/dags/newyork_fhv_gold.py
[2026-05-09T03:13:19.877+0000] {logging_mixin.py:188} INFO - [2026-05-09T03:13:19.877+0000] {dag.py:3096} INFO - Sync 1 DAGs
[2026-05-09T03:13:19.892+0000] {logging_mixin.py:188} INFO - [2026-05-09T03:13:19.892+0000] {dag.py:3954} INFO - Setting next_dagrun for newyork_fhv_gold to None, run_after=None
[2026-05-09T03:13:19.922+0000] {processor.py:183} INFO - Processing /opt/airflow/dags/newyork_fhv_gold.py took 0.142 seconds
[2026-05-09T03:13:50.676+0000] {processor.py:161} INFO - Started process (PID=4200) to work on /opt/airflow/dags/newyork_fhv_gold.py
[2026-05-09T03:13:50.678+0000] {processor.py:830} INFO - Processing file /opt/airflow/dags/newyork_fhv_gold.py for tasks to queue
[2026-05-09T03:13:50.681+0000] {logging_mixin.py:188} INFO - [2026-05-09T03:13:50.680+0000] {dagbag.py:545} INFO - Filling up the DagBag from /opt/airflow/dags/newyork_fhv_gold.py
[2026-05-09T03:13:50.724+0000] {processor.py:840} INFO - DAG(s) 'newyork_fhv_gold' retrieved from /opt/airflow/dags/newyork_fhv_gold.py
[2026-05-09T03:13:50.757+0000] {logging_mixin.py:188} INFO - [2026-05-09T03:13:50.756+0000] {dag.py:3096} INFO - Sync 1 DAGs
[2026-05-09T03:13:50.777+0000] {logging_mixin.py:188} INFO - [2026-05-09T03:13:50.777+0000] {dag.py:3954} INFO - Setting next_dagrun for newyork_fhv_gold to None, run_after=None
[2026-05-09T03:13:51.034+0000] {processor.py:183} INFO - Processing /opt/airflow/dags/newyork_fhv_gold.py took 0.370 seconds
[2026-05-09T03:14:21.100+0000] {processor.py:161} INFO - Started process (PID=4211) to work on /opt/airflow/dags/newyork_fhv_gold.py
[2026-05-09T03:14:21.101+0000] {processor.py:830} INFO - Processing file /opt/airflow/dags/newyork_fhv_gold.py for tasks to queue
[2026-05-09T03:14:21.105+0000] {logging_mixin.py:188} INFO - [2026-05-09T03:14:21.104+0000] {dagbag.py:545} INFO - Filling up the DagBag from /opt/airflow/dags/newyork_fhv_gold.py
[2026-05-09T03:14:21.130+0000] {processor.py:840} INFO - DAG(s) 'newyork_fhv_gold' retrieved from /opt/airflow/dags/newyork_fhv_gold.py
[2026-05-09T03:14:21.155+0000] {logging_mixin.py:188} INFO - [2026-05-09T03:14:21.155+0000] {dag.py:3096} INFO - Sync 1 DAGs
[2026-05-09T03:14:21.172+0000] {logging_mixin.py:188} INFO - [2026-05-09T03:14:21.171+0000] {dag.py:3954} INFO - Setting next_dagrun for newyork_fhv_gold to None, run_after=None
[2026-05-09T03:14:21.198+0000] {processor.py:183} INFO - Processing /opt/airflow/dags/newyork_fhv_gold.py took 0.105 seconds
[2026-05-09T03:14:51.291+0000] {processor.py:161} INFO - Started process (PID=4222) to work on /opt/airflow/dags/newyork_fhv_gold.py
[2026-05-09T03:14:51.293+0000] {processor.py:830} INFO - Processing file /opt/airflow/dags/newyork_fhv_gold.py for tasks to queue
[2026-05-09T03:14:51.298+0000] {logging_mixin.py:188} INFO - [2026-05-09T03:14:51.297+0000] {dagbag.py:545} INFO - Filling up the DagBag from /opt/airflow/dags/newyork_fhv_gold.py
[2026-05-09T03:14:51.328+0000] {processor.py:840} INFO - DAG(s) 'newyork_fhv_gold' retrieved from /opt/airflow/dags/newyork_fhv_gold.py
[2026-05-09T03:14:51.365+0000] {logging_mixin.py:188} INFO - [2026-05-09T03:14:51.364+0000] {dag.py:3096} INFO - Sync 1 DAGs
[2026-05-09T03:14:51.384+0000] {logging_mixin.py:188} INFO - [2026-05-09T03:14:51.384+0000] {dag.py:3954} INFO - Setting next_dagrun for newyork_fhv_gold to None, run_after=None
[2026-05-09T03:14:51.423+0000] {processor.py:183} INFO - Processing /opt/airflow/dags/newyork_fhv_gold.py took 0.144 seconds
[2026-05-09T03:15:21.620+0000] {processor.py:161} INFO - Started process (PID=4233) to work on /opt/airflow/dags/newyork_fhv_gold.py
[2026-05-09T03:15:21.622+0000] {processor.py:830} INFO - Processing file /opt/airflow/dags/newyork_fhv_gold.py for tasks to queue
[2026-05-09T03:15:21.626+0000] {logging_mixin.py:188} INFO - [2026-05-09T03:15:21.626+0000] {dagbag.py:545} INFO - Filling up the DagBag from /opt/airflow/dags/newyork_fhv_gold.py
[2026-05-09T03:15:21.664+0000] {processor.py:840} INFO - DAG(s) 'newyork_fhv_gold' retrieved from /opt/airflow/dags/newyork_fhv_gold.py
[2026-05-09T03:15:21.688+0000] {logging_mixin.py:188} INFO - [2026-05-09T03:15:21.687+0000] {dag.py:3096} INFO - Sync 1 DAGs
[2026-05-09T03:15:21.705+0000] {logging_mixin.py:188} INFO - [2026-05-09T03:15:21.704+0000] {dag.py:3954} INFO - Setting next_dagrun for newyork_fhv_gold to None, run_after=None
[2026-05-09T03:15:21.732+0000] {processor.py:183} INFO - Processing /opt/airflow/dags/newyork_fhv_gold.py took 0.127 seconds
[2026-05-09T03:15:52.500+0000] {processor.py:161} INFO - Started process (PID=4250) to work on /opt/airflow/dags/newyork_fhv_gold.py
[2026-05-09T03:15:52.502+0000] {processor.py:830} INFO - Processing file /opt/airflow/dags/newyork_fhv_gold.py for tasks to queue
[2026-05-09T03:15:52.506+0000] {logging_mixin.py:188} INFO - [2026-05-09T03:15:52.505+0000] {dagbag.py:545} INFO - Filling up the DagBag from /opt/airflow/dags/newyork_fhv_gold.py
[2026-05-09T03:15:52.531+0000] {processor.py:840} INFO - DAG(s) 'newyork_fhv_gold' retrieved from /opt/airflow/dags/newyork_fhv_gold.py
[2026-05-09T03:15:52.554+0000] {logging_mixin.py:188} INFO - [2026-05-09T03:15:52.554+0000] {dag.py:3096} INFO - Sync 1 DAGs
[2026-05-09T03:15:52.568+0000] {logging_mixin.py:188} INFO - [2026-05-09T03:15:52.568+0000] {dag.py:3954} INFO - Setting next_dagrun for newyork_fhv_gold to None, run_after=None
[2026-05-09T03:15:52.595+0000] {processor.py:183} INFO - Processing /opt/airflow/dags/newyork_fhv_gold.py took 0.107 seconds
[2026-05-09T03:16:23.452+0000] {processor.py:161} INFO - Started process (PID=4261) to work on /opt/airflow/dags/newyork_fhv_gold.py
[2026-05-09T03:16:23.453+0000] {processor.py:830} INFO - Processing file /opt/airflow/dags/newyork_fhv_gold.py for tasks to queue
[2026-05-09T03:16:23.456+0000] {logging_mixin.py:188} INFO - [2026-05-09T03:16:23.456+0000] {dagbag.py:545} INFO - Filling up the DagBag from /opt/airflow/dags/newyork_fhv_gold.py
[2026-05-09T03:16:23.495+0000] {processor.py:840} INFO - DAG(s) 'newyork_fhv_gold' retrieved from /opt/airflow/dags/newyork_fhv_gold.py
[2026-05-09T03:16:23.519+0000] {logging_mixin.py:188} INFO - [2026-05-09T03:16:23.518+0000] {dag.py:3096} INFO - Sync 1 DAGs
[2026-05-09T03:16:23.533+0000] {logging_mixin.py:188} INFO - [2026-05-09T03:16:23.533+0000] {dag.py:3954} INFO - Setting next_dagrun for newyork_fhv_gold to None, run_after=None
[2026-05-09T03:16:23.561+0000] {processor.py:183} INFO - Processing /opt/airflow/dags/newyork_fhv_gold.py took 0.119 seconds
[2026-05-09T03:16:54.363+0000] {processor.py:161} INFO - Started process (PID=4272) to work on /opt/airflow/dags/newyork_fhv_gold.py
[2026-05-09T03:16:54.364+0000] {processor.py:830} INFO - Processing file /opt/airflow/dags/newyork_fhv_gold.py for tasks to queue
[2026-05-09T03:16:54.368+0000] {logging_mixin.py:188} INFO - [2026-05-09T03:16:54.367+0000] {dagbag.py:545} INFO - Filling up the DagBag from /opt/airflow/dags/newyork_fhv_gold.py
[2026-05-09T03:16:54.406+0000] {processor.py:840} INFO - DAG(s) 'newyork_fhv_gold' retrieved from /opt/airflow/dags/newyork_fhv_gold.py
[2026-05-09T03:16:54.436+0000] {logging_mixin.py:188} INFO - [2026-05-09T03:16:54.436+0000] {dag.py:3096} INFO - Sync 1 DAGs
[2026-05-09T03:16:54.456+0000] {logging_mixin.py:188} INFO - [2026-05-09T03:16:54.456+0000] {dag.py:3954} INFO - Setting next_dagrun for newyork_fhv_gold to None, run_after=None
[2026-05-09T03:16:54.497+0000] {processor.py:183} INFO - Processing /opt/airflow/dags/newyork_fhv_gold.py took 0.142 seconds
[2026-05-09T03:17:25.365+0000] {processor.py:161} INFO - Started process (PID=4283) to work on /opt/airflow/dags/newyork_fhv_gold.py
[2026-05-09T03:17:25.367+0000] {processor.py:830} INFO - Processing file /opt/airflow/dags/newyork_fhv_gold.py for tasks to queue
[2026-05-09T03:17:25.371+0000] {logging_mixin.py:188} INFO - [2026-05-09T03:17:25.370+0000] {dagbag.py:545} INFO - Filling up the DagBag from /opt/airflow/dags/newyork_fhv_gold.py
[2026-05-09T03:17:25.421+0000] {processor.py:840} INFO - DAG(s) 'newyork_fhv_gold' retrieved from /opt/airflow/dags/newyork_fhv_gold.py
[2026-05-09T03:17:25.447+0000] {logging_mixin.py:188} INFO - [2026-05-09T03:17:25.447+0000] {dag.py:3096} INFO - Sync 1 DAGs
[2026-05-09T03:17:25.461+0000] {logging_mixin.py:188} INFO - [2026-05-09T03:17:25.461+0000] {dag.py:3954} INFO - Setting next_dagrun for newyork_fhv_gold to None, run_after=None
[2026-05-09T03:17:25.491+0000] {processor.py:183} INFO - Processing /opt/airflow/dags/newyork_fhv_gold.py took 0.138 seconds
[2026-05-09T03:17:56.314+0000] {processor.py:161} INFO - Started process (PID=4295) to work on /opt/airflow/dags/newyork_fhv_gold.py
[2026-05-09T03:17:56.315+0000] {processor.py:830} INFO - Processing file /opt/airflow/dags/newyork_fhv_gold.py for tasks to queue
[2026-05-09T03:17:56.318+0000] {logging_mixin.py:188} INFO - [2026-05-09T03:17:56.317+0000] {dagbag.py:545} INFO - Filling up the DagBag from /opt/airflow/dags/newyork_fhv_gold.py
[2026-05-09T03:17:56.359+0000] {processor.py:840} INFO - DAG(s) 'newyork_fhv_gold' retrieved from /opt/airflow/dags/newyork_fhv_gold.py
[2026-05-09T03:17:56.390+0000] {logging_mixin.py:188} INFO - [2026-05-09T03:17:56.389+0000] {dag.py:3096} INFO - Sync 1 DAGs
[2026-05-09T03:17:56.404+0000] {logging_mixin.py:188} INFO - [2026-05-09T03:17:56.403+0000] {dag.py:3954} INFO - Setting next_dagrun for newyork_fhv_gold to None, run_after=None
[2026-05-09T03:17:56.432+0000] {processor.py:183} INFO - Processing /opt/airflow/dags/newyork_fhv_gold.py took 0.126 seconds
[2026-05-09T03:18:27.109+0000] {processor.py:161} INFO - Started process (PID=4306) to work on /opt/airflow/dags/newyork_fhv_gold.py
[2026-05-09T03:18:27.111+0000] {processor.py:830} INFO - Processing file /opt/airflow/dags/newyork_fhv_gold.py for tasks to queue
[2026-05-09T03:18:27.115+0000] {logging_mixin.py:188} INFO - [2026-05-09T03:18:27.115+0000] {dagbag.py:545} INFO - Filling up the DagBag from /opt/airflow/dags/newyork_fhv_gold.py
[2026-05-09T03:18:27.161+0000] {processor.py:840} INFO - DAG(s) 'newyork_fhv_gold' retrieved from /opt/airflow/dags/newyork_fhv_gold.py
[2026-05-09T03:18:27.188+0000] {logging_mixin.py:188} INFO - [2026-05-09T03:18:27.187+0000] {dag.py:3096} INFO - Sync 1 DAGs
[2026-05-09T03:18:27.202+0000] {logging_mixin.py:188} INFO - [2026-05-09T03:18:27.202+0000] {dag.py:3954} INFO - Setting next_dagrun for newyork_fhv_gold to None, run_after=None
[2026-05-09T03:18:27.230+0000] {processor.py:183} INFO - Processing /opt/airflow/dags/newyork_fhv_gold.py took 0.128 seconds
[2026-05-09T03:18:58.058+0000] {processor.py:161} INFO - Started process (PID=4317) to work on /opt/airflow/dags/newyork_fhv_gold.py
[2026-05-09T03:18:58.061+0000] {processor.py:830} INFO - Processing file /opt/airflow/dags/newyork_fhv_gold.py for tasks to queue
[2026-05-09T03:18:58.065+0000] {logging_mixin.py:188} INFO - [2026-05-09T03:18:58.065+0000] {dagbag.py:545} INFO - Filling up the DagBag from /opt/airflow/dags/newyork_fhv_gold.py
[2026-05-09T03:18:58.119+0000] {processor.py:840} INFO - DAG(s) 'newyork_fhv_gold' retrieved from /opt/airflow/dags/newyork_fhv_gold.py
[2026-05-09T03:18:58.154+0000] {logging_mixin.py:188} INFO - [2026-05-09T03:18:58.154+0000] {dag.py:3096} INFO - Sync 1 DAGs
[2026-05-09T03:18:58.170+0000] {logging_mixin.py:188} INFO - [2026-05-09T03:18:58.170+0000] {dag.py:3954} INFO - Setting next_dagrun for newyork_fhv_gold to None, run_after=None
[2026-05-09T03:18:58.198+0000] {processor.py:183} INFO - Processing /opt/airflow/dags/newyork_fhv_gold.py took 0.151 seconds
[2026-05-09T03:19:28.557+0000] {processor.py:161} INFO - Started process (PID=4328) to work on /opt/airflow/dags/newyork_fhv_gold.py
[2026-05-09T03:19:28.559+0000] {processor.py:830} INFO - Processing file /opt/airflow/dags/newyork_fhv_gold.py for tasks to queue
[2026-05-09T03:19:28.563+0000] {logging_mixin.py:188} INFO - [2026-05-09T03:19:28.562+0000] {dagbag.py:545} INFO - Filling up the DagBag from /opt/airflow/dags/newyork_fhv_gold.py
[2026-05-09T03:19:28.590+0000] {processor.py:840} INFO - DAG(s) 'newyork_fhv_gold' retrieved from /opt/airflow/dags/newyork_fhv_gold.py
[2026-05-09T03:19:28.619+0000] {logging_mixin.py:188} INFO - [2026-05-09T03:19:28.619+0000] {dag.py:3096} INFO - Sync 1 DAGs
[2026-05-09T03:19:28.633+0000] {logging_mixin.py:188} INFO - [2026-05-09T03:19:28.633+0000] {dag.py:3954} INFO - Setting next_dagrun for newyork_fhv_gold to None, run_after=None
[2026-05-09T03:19:28.659+0000] {processor.py:183} INFO - Processing /opt/airflow/dags/newyork_fhv_gold.py took 0.114 seconds
[2026-05-09T03:19:59.424+0000] {processor.py:161} INFO - Started process (PID=4339) to work on /opt/airflow/dags/newyork_fhv_gold.py
[2026-05-09T03:19:59.426+0000] {processor.py:830} INFO - Processing file /opt/airflow/dags/newyork_fhv_gold.py for tasks to queue
[2026-05-09T03:19:59.431+0000] {logging_mixin.py:188} INFO - [2026-05-09T03:19:59.430+0000] {dagbag.py:545} INFO - Filling up the DagBag from /opt/airflow/dags/newyork_fhv_gold.py
[2026-05-09T03:19:59.459+0000] {processor.py:840} INFO - DAG(s) 'newyork_fhv_gold' retrieved from /opt/airflow/dags/newyork_fhv_gold.py
[2026-05-09T03:19:59.484+0000] {logging_mixin.py:188} INFO - [2026-05-09T03:19:59.483+0000] {dag.py:3096} INFO - Sync 1 DAGs
[2026-05-09T03:19:59.497+0000] {logging_mixin.py:188} INFO - [2026-05-09T03:19:59.497+0000] {dag.py:3954} INFO - Setting next_dagrun for newyork_fhv_gold to None, run_after=None
[2026-05-09T03:19:59.522+0000] {processor.py:183} INFO - Processing /opt/airflow/dags/newyork_fhv_gold.py took 0.106 seconds
[2026-05-09T03:20:30.301+0000] {processor.py:161} INFO - Started process (PID=4350) to work on /opt/airflow/dags/newyork_fhv_gold.py
[2026-05-09T03:20:30.302+0000] {processor.py:830} INFO - Processing file /opt/airflow/dags/newyork_fhv_gold.py for tasks to queue
[2026-05-09T03:20:30.305+0000] {logging_mixin.py:188} INFO - [2026-05-09T03:20:30.304+0000] {dagbag.py:545} INFO - Filling up the DagBag from /opt/airflow/dags/newyork_fhv_gold.py
[2026-05-09T03:20:30.326+0000] {processor.py:840} INFO - DAG(s) 'newyork_fhv_gold' retrieved from /opt/airflow/dags/newyork_fhv_gold.py
[2026-05-09T03:20:30.350+0000] {logging_mixin.py:188} INFO - [2026-05-09T03:20:30.350+0000] {dag.py:3096} INFO - Sync 1 DAGs
[2026-05-09T03:20:30.365+0000] {logging_mixin.py:188} INFO - [2026-05-09T03:20:30.365+0000] {dag.py:3954} INFO - Setting next_dagrun for newyork_fhv_gold to None, run_after=None
[2026-05-09T03:20:30.392+0000] {processor.py:183} INFO - Processing /opt/airflow/dags/newyork_fhv_gold.py took 0.101 seconds
[2026-05-09T03:21:01.161+0000] {processor.py:161} INFO - Started process (PID=4361) to work on /opt/airflow/dags/newyork_fhv_gold.py
[2026-05-09T03:21:01.163+0000] {processor.py:830} INFO - Processing file /opt/airflow/dags/newyork_fhv_gold.py for tasks to queue
[2026-05-09T03:21:01.166+0000] {logging_mixin.py:188} INFO - [2026-05-09T03:21:01.165+0000] {dagbag.py:545} INFO - Filling up the DagBag from /opt/airflow/dags/newyork_fhv_gold.py
[2026-05-09T03:21:01.207+0000] {processor.py:840} INFO - DAG(s) 'newyork_fhv_gold' retrieved from /opt/airflow/dags/newyork_fhv_gold.py
[2026-05-09T03:21:01.234+0000] {logging_mixin.py:188} INFO - [2026-05-09T03:21:01.233+0000] {dag.py:3096} INFO - Sync 1 DAGs
[2026-05-09T03:21:01.248+0000] {logging_mixin.py:188} INFO - [2026-05-09T03:21:01.248+0000] {dag.py:3954} INFO - Setting next_dagrun for newyork_fhv_gold to None, run_after=None
[2026-05-09T03:21:01.272+0000] {processor.py:183} INFO - Processing /opt/airflow/dags/newyork_fhv_gold.py took 0.118 seconds
[2026-05-09T03:21:32.108+0000] {processor.py:161} INFO - Started process (PID=4372) to work on /opt/airflow/dags/newyork_fhv_gold.py
[2026-05-09T03:21:32.110+0000] {processor.py:830} INFO - Processing file /opt/airflow/dags/newyork_fhv_gold.py for tasks to queue
[2026-05-09T03:21:32.112+0000] {logging_mixin.py:188} INFO - [2026-05-09T03:21:32.112+0000] {dagbag.py:545} INFO - Filling up the DagBag from /opt/airflow/dags/newyork_fhv_gold.py
[2026-05-09T03:21:32.151+0000] {processor.py:840} INFO - DAG(s) 'newyork_fhv_gold' retrieved from /opt/airflow/dags/newyork_fhv_gold.py
[2026-05-09T03:21:32.175+0000] {logging_mixin.py:188} INFO - [2026-05-09T03:21:32.175+0000] {dag.py:3096} INFO - Sync 1 DAGs
[2026-05-09T03:21:32.188+0000] {logging_mixin.py:188} INFO - [2026-05-09T03:21:32.188+0000] {dag.py:3954} INFO - Setting next_dagrun for newyork_fhv_gold to None, run_after=None
[2026-05-09T03:21:32.214+0000] {processor.py:183} INFO - Processing /opt/airflow/dags/newyork_fhv_gold.py took 0.115 seconds
[2026-05-09T03:22:02.994+0000] {processor.py:161} INFO - Started process (PID=4383) to work on /opt/airflow/dags/newyork_fhv_gold.py
[2026-05-09T03:22:02.999+0000] {processor.py:830} INFO - Processing file /opt/airflow/dags/newyork_fhv_gold.py for tasks to queue
[2026-05-09T03:22:03.006+0000] {logging_mixin.py:188} INFO - [2026-05-09T03:22:03.006+0000] {dagbag.py:545} INFO - Filling up the DagBag from /opt/airflow/dags/newyork_fhv_gold.py
[2026-05-09T03:22:03.049+0000] {processor.py:840} INFO - DAG(s) 'newyork_fhv_gold' retrieved from /opt/airflow/dags/newyork_fhv_gold.py
[2026-05-09T03:22:03.077+0000] {logging_mixin.py:188} INFO - [2026-05-09T03:22:03.077+0000] {dag.py:3096} INFO - Sync 1 DAGs
[2026-05-09T03:22:03.092+0000] {logging_mixin.py:188} INFO - [2026-05-09T03:22:03.092+0000] {dag.py:3954} INFO - Setting next_dagrun for newyork_fhv_gold to None, run_after=None
[2026-05-09T03:22:03.120+0000] {processor.py:183} INFO - Processing /opt/airflow/dags/newyork_fhv_gold.py took 0.136 seconds
[2026-05-09T03:22:33.948+0000] {processor.py:161} INFO - Started process (PID=4394) to work on /opt/airflow/dags/newyork_fhv_gold.py
[2026-05-09T03:22:33.953+0000] {processor.py:830} INFO - Processing file /opt/airflow/dags/newyork_fhv_gold.py for tasks to queue
[2026-05-09T03:22:33.955+0000] {logging_mixin.py:188} INFO - [2026-05-09T03:22:33.955+0000] {dagbag.py:545} INFO - Filling up the DagBag from /opt/airflow/dags/newyork_fhv_gold.py
[2026-05-09T03:22:33.992+0000] {processor.py:840} INFO - DAG(s) 'newyork_fhv_gold' retrieved from /opt/airflow/dags/newyork_fhv_gold.py
[2026-05-09T03:22:34.018+0000] {logging_mixin.py:188} INFO - [2026-05-09T03:22:34.018+0000] {dag.py:3096} INFO - Sync 1 DAGs
[2026-05-09T03:22:34.035+0000] {logging_mixin.py:188} INFO - [2026-05-09T03:22:34.035+0000] {dag.py:3954} INFO - Setting next_dagrun for newyork_fhv_gold to None, run_after=None
[2026-05-09T03:22:34.063+0000] {processor.py:183} INFO - Processing /opt/airflow/dags/newyork_fhv_gold.py took 0.123 seconds
[2026-05-09T03:23:04.937+0000] {processor.py:161} INFO - Started process (PID=4405) to work on /opt/airflow/dags/newyork_fhv_gold.py
[2026-05-09T03:23:04.938+0000] {processor.py:830} INFO - Processing file /opt/airflow/dags/newyork_fhv_gold.py for tasks to queue
[2026-05-09T03:23:04.942+0000] {logging_mixin.py:188} INFO - [2026-05-09T03:23:04.941+0000] {dagbag.py:545} INFO - Filling up the DagBag from /opt/airflow/dags/newyork_fhv_gold.py
[2026-05-09T03:23:04.982+0000] {processor.py:840} INFO - DAG(s) 'newyork_fhv_gold' retrieved from /opt/airflow/dags/newyork_fhv_gold.py
[2026-05-09T03:23:05.010+0000] {logging_mixin.py:188} INFO - [2026-05-09T03:23:05.009+0000] {dag.py:3096} INFO - Sync 1 DAGs
[2026-05-09T03:23:05.026+0000] {logging_mixin.py:188} INFO - [2026-05-09T03:23:05.025+0000] {dag.py:3954} INFO - Setting next_dagrun for newyork_fhv_gold to None, run_after=None
[2026-05-09T03:23:05.052+0000] {processor.py:183} INFO - Processing /opt/airflow/dags/newyork_fhv_gold.py took 0.125 seconds
[2026-05-09T03:23:35.770+0000] {processor.py:161} INFO - Started process (PID=4417) to work on /opt/airflow/dags/newyork_fhv_gold.py
[2026-05-09T03:23:35.771+0000] {processor.py:830} INFO - Processing file /opt/airflow/dags/newyork_fhv_gold.py for tasks to queue
[2026-05-09T03:23:35.774+0000] {logging_mixin.py:188} INFO - [2026-05-09T03:23:35.773+0000] {dagbag.py:545} INFO - Filling up the DagBag from /opt/airflow/dags/newyork_fhv_gold.py
[2026-05-09T03:23:35.794+0000] {processor.py:840} INFO - DAG(s) 'newyork_fhv_gold' retrieved from /opt/airflow/dags/newyork_fhv_gold.py
[2026-05-09T03:23:35.817+0000] {logging_mixin.py:188} INFO - [2026-05-09T03:23:35.817+0000] {dag.py:3096} INFO - Sync 1 DAGs
[2026-05-09T03:23:35.842+0000] {logging_mixin.py:188} INFO - [2026-05-09T03:23:35.841+0000] {dag.py:3954} INFO - Setting next_dagrun for newyork_fhv_gold to None, run_after=None
[2026-05-09T03:23:35.867+0000] {processor.py:183} INFO - Processing /opt/airflow/dags/newyork_fhv_gold.py took 0.105 seconds
[2026-05-09T03:24:06.034+0000] {processor.py:161} INFO - Started process (PID=4428) to work on /opt/airflow/dags/newyork_fhv_gold.py
[2026-05-09T03:24:06.037+0000] {processor.py:830} INFO - Processing file /opt/airflow/dags/newyork_fhv_gold.py for tasks to queue
[2026-05-09T03:24:06.040+0000] {logging_mixin.py:188} INFO - [2026-05-09T03:24:06.040+0000] {dagbag.py:545} INFO - Filling up the DagBag from /opt/airflow/dags/newyork_fhv_gold.py
[2026-05-09T03:24:06.067+0000] {processor.py:840} INFO - DAG(s) 'newyork_fhv_gold' retrieved from /opt/airflow/dags/newyork_fhv_gold.py
[2026-05-09T03:24:06.090+0000] {logging_mixin.py:188} INFO - [2026-05-09T03:24:06.090+0000] {dag.py:3096} INFO - Sync 1 DAGs
[2026-05-09T03:24:06.104+0000] {logging_mixin.py:188} INFO - [2026-05-09T03:24:06.103+0000] {dag.py:3954} INFO - Setting next_dagrun for newyork_fhv_gold to None, run_after=None
[2026-05-09T03:24:06.133+0000] {processor.py:183} INFO - Processing /opt/airflow/dags/newyork_fhv_gold.py took 0.108 seconds
[2026-05-09T03:24:36.983+0000] {processor.py:161} INFO - Started process (PID=4439) to work on /opt/airflow/dags/newyork_fhv_gold.py
[2026-05-09T03:24:36.985+0000] {processor.py:830} INFO - Processing file /opt/airflow/dags/newyork_fhv_gold.py for tasks to queue
[2026-05-09T03:24:36.990+0000] {logging_mixin.py:188} INFO - [2026-05-09T03:24:36.989+0000] {dagbag.py:545} INFO - Filling up the DagBag from /opt/airflow/dags/newyork_fhv_gold.py
[2026-05-09T03:24:37.047+0000] {processor.py:840} INFO - DAG(s) 'newyork_fhv_gold' retrieved from /opt/airflow/dags/newyork_fhv_gold.py
[2026-05-09T03:24:37.083+0000] {logging_mixin.py:188} INFO - [2026-05-09T03:24:37.082+0000] {dag.py:3096} INFO - Sync 1 DAGs
[2026-05-09T03:24:37.102+0000] {logging_mixin.py:188} INFO - [2026-05-09T03:24:37.102+0000] {dag.py:3954} INFO - Setting next_dagrun for newyork_fhv_gold to None, run_after=None
[2026-05-09T03:24:37.142+0000] {processor.py:183} INFO - Processing /opt/airflow/dags/newyork_fhv_gold.py took 0.173 seconds
[2026-05-09T03:25:07.949+0000] {processor.py:161} INFO - Started process (PID=4450) to work on /opt/airflow/dags/newyork_fhv_gold.py
[2026-05-09T03:25:07.951+0000] {processor.py:830} INFO - Processing file /opt/airflow/dags/newyork_fhv_gold.py for tasks to queue
[2026-05-09T03:25:07.955+0000] {logging_mixin.py:188} INFO - [2026-05-09T03:25:07.954+0000] {dagbag.py:545} INFO - Filling up the DagBag from /opt/airflow/dags/newyork_fhv_gold.py
[2026-05-09T03:25:08.001+0000] {processor.py:840} INFO - DAG(s) 'newyork_fhv_gold' retrieved from /opt/airflow/dags/newyork_fhv_gold.py
[2026-05-09T03:25:08.044+0000] {logging_mixin.py:188} INFO - [2026-05-09T03:25:08.044+0000] {dag.py:3096} INFO - Sync 1 DAGs
[2026-05-09T03:25:08.069+0000] {logging_mixin.py:188} INFO - [2026-05-09T03:25:08.069+0000] {dag.py:3954} INFO - Setting next_dagrun for newyork_fhv_gold to None, run_after=None
[2026-05-09T03:25:08.097+0000] {processor.py:183} INFO - Processing /opt/airflow/dags/newyork_fhv_gold.py took 0.159 seconds
[2026-05-09T03:25:38.821+0000] {processor.py:161} INFO - Started process (PID=4461) to work on /opt/airflow/dags/newyork_fhv_gold.py
[2026-05-09T03:25:38.824+0000] {processor.py:830} INFO - Processing file /opt/airflow/dags/newyork_fhv_gold.py for tasks to queue
[2026-05-09T03:25:38.827+0000] {logging_mixin.py:188} INFO - [2026-05-09T03:25:38.827+0000] {dagbag.py:545} INFO - Filling up the DagBag from /opt/airflow/dags/newyork_fhv_gold.py
[2026-05-09T03:25:38.884+0000] {processor.py:840} INFO - DAG(s) 'newyork_fhv_gold' retrieved from /opt/airflow/dags/newyork_fhv_gold.py
[2026-05-09T03:25:38.918+0000] {logging_mixin.py:188} INFO - [2026-05-09T03:25:38.917+0000] {dag.py:3096} INFO - Sync 1 DAGs
[2026-05-09T03:25:38.935+0000] {logging_mixin.py:188} INFO - [2026-05-09T03:25:38.935+0000] {dag.py:3954} INFO - Setting next_dagrun for newyork_fhv_gold to None, run_after=None
[2026-05-09T03:25:38.963+0000] {processor.py:183} INFO - Processing /opt/airflow/dags/newyork_fhv_gold.py took 0.153 seconds
[2026-05-09T03:26:09.782+0000] {processor.py:161} INFO - Started process (PID=4472) to work on /opt/airflow/dags/newyork_fhv_gold.py
[2026-05-09T03:26:09.786+0000] {processor.py:830} INFO - Processing file /opt/airflow/dags/newyork_fhv_gold.py for tasks to queue
[2026-05-09T03:26:09.790+0000] {logging_mixin.py:188} INFO - [2026-05-09T03:26:09.789+0000] {dagbag.py:545} INFO - Filling up the DagBag from /opt/airflow/dags/newyork_fhv_gold.py
[2026-05-09T03:26:09.833+0000] {processor.py:840} INFO - DAG(s) 'newyork_fhv_gold' retrieved from /opt/airflow/dags/newyork_fhv_gold.py
[2026-05-09T03:26:09.868+0000] {logging_mixin.py:188} INFO - [2026-05-09T03:26:09.868+0000] {dag.py:3096} INFO - Sync 1 DAGs
[2026-05-09T03:26:09.884+0000] {logging_mixin.py:188} INFO - [2026-05-09T03:26:09.883+0000] {dag.py:3954} INFO - Setting next_dagrun for newyork_fhv_gold to None, run_after=None
[2026-05-09T03:26:09.909+0000] {processor.py:183} INFO - Processing /opt/airflow/dags/newyork_fhv_gold.py took 0.142 seconds
[2026-05-09T03:26:40.736+0000] {processor.py:161} INFO - Started process (PID=4483) to work on /opt/airflow/dags/newyork_fhv_gold.py
[2026-05-09T03:26:40.739+0000] {processor.py:830} INFO - Processing file /opt/airflow/dags/newyork_fhv_gold.py for tasks to queue
[2026-05-09T03:26:40.743+0000] {logging_mixin.py:188} INFO - [2026-05-09T03:26:40.742+0000] {dagbag.py:545} INFO - Filling up the DagBag from /opt/airflow/dags/newyork_fhv_gold.py
[2026-05-09T03:26:40.786+0000] {processor.py:840} INFO - DAG(s) 'newyork_fhv_gold' retrieved from /opt/airflow/dags/newyork_fhv_gold.py
[2026-05-09T03:26:40.814+0000] {logging_mixin.py:188} INFO - [2026-05-09T03:26:40.814+0000] {dag.py:3096} INFO - Sync 1 DAGs
[2026-05-09T03:26:40.829+0000] {logging_mixin.py:188} INFO - [2026-05-09T03:26:40.829+0000] {dag.py:3954} INFO - Setting next_dagrun for newyork_fhv_gold to None, run_after=None
[2026-05-09T03:26:40.856+0000] {processor.py:183} INFO - Processing /opt/airflow/dags/newyork_fhv_gold.py took 0.132 seconds
[2026-05-09T03:27:10.972+0000] {processor.py:161} INFO - Started process (PID=4494) to work on /opt/airflow/dags/newyork_fhv_gold.py
[2026-05-09T03:27:10.975+0000] {processor.py:830} INFO - Processing file /opt/airflow/dags/newyork_fhv_gold.py for tasks to queue
[2026-05-09T03:27:10.978+0000] {logging_mixin.py:188} INFO - [2026-05-09T03:27:10.977+0000] {dagbag.py:545} INFO - Filling up the DagBag from /opt/airflow/dags/newyork_fhv_gold.py
[2026-05-09T03:27:11.029+0000] {processor.py:840} INFO - DAG(s) 'newyork_fhv_gold' retrieved from /opt/airflow/dags/newyork_fhv_gold.py
[2026-05-09T03:27:11.061+0000] {logging_mixin.py:188} INFO - [2026-05-09T03:27:11.061+0000] {dag.py:3096} INFO - Sync 1 DAGs
[2026-05-09T03:27:11.076+0000] {logging_mixin.py:188} INFO - [2026-05-09T03:27:11.075+0000] {dag.py:3954} INFO - Setting next_dagrun for newyork_fhv_gold to None, run_after=None
[2026-05-09T03:27:11.101+0000] {processor.py:183} INFO - Processing /opt/airflow/dags/newyork_fhv_gold.py took 0.141 seconds
[2026-05-09T03:27:41.340+0000] {processor.py:161} INFO - Started process (PID=4505) to work on /opt/airflow/dags/newyork_fhv_gold.py
[2026-05-09T03:27:41.343+0000] {processor.py:830} INFO - Processing file /opt/airflow/dags/newyork_fhv_gold.py for tasks to queue
[2026-05-09T03:27:41.347+0000] {logging_mixin.py:188} INFO - [2026-05-09T03:27:41.346+0000] {dagbag.py:545} INFO - Filling up the DagBag from /opt/airflow/dags/newyork_fhv_gold.py
[2026-05-09T03:27:41.398+0000] {processor.py:840} INFO - DAG(s) 'newyork_fhv_gold' retrieved from /opt/airflow/dags/newyork_fhv_gold.py
[2026-05-09T03:27:41.428+0000] {logging_mixin.py:188} INFO - [2026-05-09T03:27:41.428+0000] {dag.py:3096} INFO - Sync 1 DAGs
[2026-05-09T03:27:41.442+0000] {logging_mixin.py:188} INFO - [2026-05-09T03:27:41.442+0000] {dag.py:3954} INFO - Setting next_dagrun for newyork_fhv_gold to None, run_after=None
[2026-05-09T03:27:41.468+0000] {processor.py:183} INFO - Processing /opt/airflow/dags/newyork_fhv_gold.py took 0.139 seconds
[2026-05-09T03:28:11.624+0000] {processor.py:161} INFO - Started process (PID=4516) to work on /opt/airflow/dags/newyork_fhv_gold.py
[2026-05-09T03:28:11.626+0000] {processor.py:830} INFO - Processing file /opt/airflow/dags/newyork_fhv_gold.py for tasks to queue
[2026-05-09T03:28:11.630+0000] {logging_mixin.py:188} INFO - [2026-05-09T03:28:11.629+0000] {dagbag.py:545} INFO - Filling up the DagBag from /opt/airflow/dags/newyork_fhv_gold.py
[2026-05-09T03:28:11.678+0000] {processor.py:840} INFO - DAG(s) 'newyork_fhv_gold' retrieved from /opt/airflow/dags/newyork_fhv_gold.py
[2026-05-09T03:28:11.702+0000] {logging_mixin.py:188} INFO - [2026-05-09T03:28:11.701+0000] {dag.py:3096} INFO - Sync 1 DAGs
[2026-05-09T03:28:11.715+0000] {logging_mixin.py:188} INFO - [2026-05-09T03:28:11.715+0000] {dag.py:3954} INFO - Setting next_dagrun for newyork_fhv_gold to None, run_after=None
[2026-05-09T03:28:11.741+0000] {processor.py:183} INFO - Processing /opt/airflow/dags/newyork_fhv_gold.py took 0.128 seconds
[2026-05-09T03:28:42.512+0000] {processor.py:161} INFO - Started process (PID=4527) to work on /opt/airflow/dags/newyork_fhv_gold.py
[2026-05-09T03:28:42.514+0000] {processor.py:830} INFO - Processing file /opt/airflow/dags/newyork_fhv_gold.py for tasks to queue
[2026-05-09T03:28:42.516+0000] {logging_mixin.py:188} INFO - [2026-05-09T03:28:42.516+0000] {dagbag.py:545} INFO - Filling up the DagBag from /opt/airflow/dags/newyork_fhv_gold.py
[2026-05-09T03:28:42.557+0000] {processor.py:840} INFO - DAG(s) 'newyork_fhv_gold' retrieved from /opt/airflow/dags/newyork_fhv_gold.py
[2026-05-09T03:28:42.588+0000] {logging_mixin.py:188} INFO - [2026-05-09T03:28:42.588+0000] {dag.py:3096} INFO - Sync 1 DAGs
[2026-05-09T03:28:42.605+0000] {logging_mixin.py:188} INFO - [2026-05-09T03:28:42.604+0000] {dag.py:3954} INFO - Setting next_dagrun for newyork_fhv_gold to None, run_after=None
[2026-05-09T03:28:42.636+0000] {processor.py:183} INFO - Processing /opt/airflow/dags/newyork_fhv_gold.py took 0.130 seconds
[2026-05-09T03:29:12.754+0000] {processor.py:161} INFO - Started process (PID=4538) to work on /opt/airflow/dags/newyork_fhv_gold.py
[2026-05-09T03:29:12.756+0000] {processor.py:830} INFO - Processing file /opt/airflow/dags/newyork_fhv_gold.py for tasks to queue
[2026-05-09T03:29:12.760+0000] {logging_mixin.py:188} INFO - [2026-05-09T03:29:12.760+0000] {dagbag.py:545} INFO - Filling up the DagBag from /opt/airflow/dags/newyork_fhv_gold.py
[2026-05-09T03:29:12.807+0000] {processor.py:840} INFO - DAG(s) 'newyork_fhv_gold' retrieved from /opt/airflow/dags/newyork_fhv_gold.py
[2026-05-09T03:29:12.839+0000] {logging_mixin.py:188} INFO - [2026-05-09T03:29:12.839+0000] {dag.py:3096} INFO - Sync 1 DAGs
[2026-05-09T03:29:12.854+0000] {logging_mixin.py:188} INFO - [2026-05-09T03:29:12.854+0000] {dag.py:3954} INFO - Setting next_dagrun for newyork_fhv_gold to None, run_after=None
[2026-05-09T03:29:12.881+0000] {processor.py:183} INFO - Processing /opt/airflow/dags/newyork_fhv_gold.py took 0.137 seconds
[2026-05-09T03:29:43.030+0000] {processor.py:161} INFO - Started process (PID=4549) to work on /opt/airflow/dags/newyork_fhv_gold.py
[2026-05-09T03:29:43.038+0000] {processor.py:830} INFO - Processing file /opt/airflow/dags/newyork_fhv_gold.py for tasks to queue
[2026-05-09T03:29:43.042+0000] {logging_mixin.py:188} INFO - [2026-05-09T03:29:43.042+0000] {dagbag.py:545} INFO - Filling up the DagBag from /opt/airflow/dags/newyork_fhv_gold.py
[2026-05-09T03:29:43.128+0000] {processor.py:840} INFO - DAG(s) 'newyork_fhv_gold' retrieved from /opt/airflow/dags/newyork_fhv_gold.py
[2026-05-09T03:29:43.158+0000] {logging_mixin.py:188} INFO - [2026-05-09T03:29:43.158+0000] {dag.py:3096} INFO - Sync 1 DAGs
[2026-05-09T03:29:43.172+0000] {logging_mixin.py:188} INFO - [2026-05-09T03:29:43.172+0000] {dag.py:3954} INFO - Setting next_dagrun for newyork_fhv_gold to None, run_after=None
[2026-05-09T03:29:43.203+0000] {processor.py:183} INFO - Processing /opt/airflow/dags/newyork_fhv_gold.py took 0.183 seconds
[2026-05-09T03:30:13.294+0000] {processor.py:161} INFO - Started process (PID=4560) to work on /opt/airflow/dags/newyork_fhv_gold.py
[2026-05-09T03:30:13.296+0000] {processor.py:830} INFO - Processing file /opt/airflow/dags/newyork_fhv_gold.py for tasks to queue
[2026-05-09T03:30:13.299+0000] {logging_mixin.py:188} INFO - [2026-05-09T03:30:13.299+0000] {dagbag.py:545} INFO - Filling up the DagBag from /opt/airflow/dags/newyork_fhv_gold.py
[2026-05-09T03:30:13.366+0000] {processor.py:840} INFO - DAG(s) 'newyork_fhv_gold' retrieved from /opt/airflow/dags/newyork_fhv_gold.py
[2026-05-09T03:30:13.392+0000] {logging_mixin.py:188} INFO - [2026-05-09T03:30:13.392+0000] {dag.py:3096} INFO - Sync 1 DAGs
[2026-05-09T03:30:13.410+0000] {logging_mixin.py:188} INFO - [2026-05-09T03:30:13.409+0000] {dag.py:3954} INFO - Setting next_dagrun for newyork_fhv_gold to None, run_after=None
[2026-05-09T03:30:13.442+0000] {processor.py:183} INFO - Processing /opt/airflow/dags/newyork_fhv_gold.py took 0.155 seconds
[2026-05-09T03:30:43.664+0000] {processor.py:161} INFO - Started process (PID=4571) to work on /opt/airflow/dags/newyork_fhv_gold.py
[2026-05-09T03:30:43.666+0000] {processor.py:830} INFO - Processing file /opt/airflow/dags/newyork_fhv_gold.py for tasks to queue
[2026-05-09T03:30:43.669+0000] {logging_mixin.py:188} INFO - [2026-05-09T03:30:43.668+0000] {dagbag.py:545} INFO - Filling up the DagBag from /opt/airflow/dags/newyork_fhv_gold.py
[2026-05-09T03:30:43.716+0000] {processor.py:840} INFO - DAG(s) 'newyork_fhv_gold' retrieved from /opt/airflow/dags/newyork_fhv_gold.py
[2026-05-09T03:30:43.745+0000] {logging_mixin.py:188} INFO - [2026-05-09T03:30:43.745+0000] {dag.py:3096} INFO - Sync 1 DAGs
[2026-05-09T03:30:43.767+0000] {logging_mixin.py:188} INFO - [2026-05-09T03:30:43.767+0000] {dag.py:3954} INFO - Setting next_dagrun for newyork_fhv_gold to None, run_after=None
[2026-05-09T03:30:43.804+0000] {processor.py:183} INFO - Processing /opt/airflow/dags/newyork_fhv_gold.py took 0.151 seconds
[2026-05-09T03:31:14.608+0000] {processor.py:161} INFO - Started process (PID=4582) to work on /opt/airflow/dags/newyork_fhv_gold.py
[2026-05-09T03:31:14.610+0000] {processor.py:830} INFO - Processing file /opt/airflow/dags/newyork_fhv_gold.py for tasks to queue
[2026-05-09T03:31:14.613+0000] {logging_mixin.py:188} INFO - [2026-05-09T03:31:14.613+0000] {dagbag.py:545} INFO - Filling up the DagBag from /opt/airflow/dags/newyork_fhv_gold.py
[2026-05-09T03:31:14.633+0000] {processor.py:840} INFO - DAG(s) 'newyork_fhv_gold' retrieved from /opt/airflow/dags/newyork_fhv_gold.py
[2026-05-09T03:31:14.656+0000] {logging_mixin.py:188} INFO - [2026-05-09T03:31:14.656+0000] {dag.py:3096} INFO - Sync 1 DAGs
[2026-05-09T03:31:14.669+0000] {logging_mixin.py:188} INFO - [2026-05-09T03:31:14.669+0000] {dag.py:3954} INFO - Setting next_dagrun for newyork_fhv_gold to None, run_after=None
[2026-05-09T03:31:14.697+0000] {processor.py:183} INFO - Processing /opt/airflow/dags/newyork_fhv_gold.py took 0.096 seconds
[2026-05-09T03:31:45.497+0000] {processor.py:161} INFO - Started process (PID=4593) to work on /opt/airflow/dags/newyork_fhv_gold.py
[2026-05-09T03:31:45.499+0000] {processor.py:830} INFO - Processing file /opt/airflow/dags/newyork_fhv_gold.py for tasks to queue
[2026-05-09T03:31:45.503+0000] {logging_mixin.py:188} INFO - [2026-05-09T03:31:45.502+0000] {dagbag.py:545} INFO - Filling up the DagBag from /opt/airflow/dags/newyork_fhv_gold.py
[2026-05-09T03:31:45.533+0000] {processor.py:840} INFO - DAG(s) 'newyork_fhv_gold' retrieved from /opt/airflow/dags/newyork_fhv_gold.py
[2026-05-09T03:31:45.557+0000] {logging_mixin.py:188} INFO - [2026-05-09T03:31:45.557+0000] {dag.py:3096} INFO - Sync 1 DAGs
[2026-05-09T03:31:45.572+0000] {logging_mixin.py:188} INFO - [2026-05-09T03:31:45.572+0000] {dag.py:3954} INFO - Setting next_dagrun for newyork_fhv_gold to None, run_after=None
[2026-05-09T03:31:45.600+0000] {processor.py:183} INFO - Processing /opt/airflow/dags/newyork_fhv_gold.py took 0.111 seconds
[2026-05-09T03:32:16.298+0000] {processor.py:161} INFO - Started process (PID=4604) to work on /opt/airflow/dags/newyork_fhv_gold.py
[2026-05-09T03:32:16.300+0000] {processor.py:830} INFO - Processing file /opt/airflow/dags/newyork_fhv_gold.py for tasks to queue
[2026-05-09T03:32:16.302+0000] {logging_mixin.py:188} INFO - [2026-05-09T03:32:16.302+0000] {dagbag.py:545} INFO - Filling up the DagBag from /opt/airflow/dags/newyork_fhv_gold.py
[2026-05-09T03:32:16.347+0000] {processor.py:840} INFO - DAG(s) 'newyork_fhv_gold' retrieved from /opt/airflow/dags/newyork_fhv_gold.py
[2026-05-09T03:32:16.373+0000] {logging_mixin.py:188} INFO - [2026-05-09T03:32:16.373+0000] {dag.py:3096} INFO - Sync 1 DAGs
[2026-05-09T03:32:16.387+0000] {logging_mixin.py:188} INFO - [2026-05-09T03:32:16.387+0000] {dag.py:3954} INFO - Setting next_dagrun for newyork_fhv_gold to None, run_after=None
[2026-05-09T03:32:16.414+0000] {processor.py:183} INFO - Processing /opt/airflow/dags/newyork_fhv_gold.py took 0.125 seconds
[2026-05-09T03:32:47.104+0000] {processor.py:161} INFO - Started process (PID=4615) to work on /opt/airflow/dags/newyork_fhv_gold.py
[2026-05-09T03:32:47.106+0000] {processor.py:830} INFO - Processing file /opt/airflow/dags/newyork_fhv_gold.py for tasks to queue
[2026-05-09T03:32:47.109+0000] {logging_mixin.py:188} INFO - [2026-05-09T03:32:47.109+0000] {dagbag.py:545} INFO - Filling up the DagBag from /opt/airflow/dags/newyork_fhv_gold.py
[2026-05-09T03:32:47.140+0000] {processor.py:840} INFO - DAG(s) 'newyork_fhv_gold' retrieved from /opt/airflow/dags/newyork_fhv_gold.py
[2026-05-09T03:32:47.163+0000] {logging_mixin.py:188} INFO - [2026-05-09T03:32:47.163+0000] {dag.py:3096} INFO - Sync 1 DAGs
[2026-05-09T03:32:47.177+0000] {logging_mixin.py:188} INFO - [2026-05-09T03:32:47.176+0000] {dag.py:3954} INFO - Setting next_dagrun for newyork_fhv_gold to None, run_after=None
[2026-05-09T03:32:47.203+0000] {processor.py:183} INFO - Processing /opt/airflow/dags/newyork_fhv_gold.py took 0.108 seconds
[2026-05-09T03:33:18.039+0000] {processor.py:161} INFO - Started process (PID=4626) to work on /opt/airflow/dags/newyork_fhv_gold.py
[2026-05-09T03:33:18.042+0000] {processor.py:830} INFO - Processing file /opt/airflow/dags/newyork_fhv_gold.py for tasks to queue
[2026-05-09T03:33:18.046+0000] {logging_mixin.py:188} INFO - [2026-05-09T03:33:18.045+0000] {dagbag.py:545} INFO - Filling up the DagBag from /opt/airflow/dags/newyork_fhv_gold.py
[2026-05-09T03:33:18.090+0000] {processor.py:840} INFO - DAG(s) 'newyork_fhv_gold' retrieved from /opt/airflow/dags/newyork_fhv_gold.py
[2026-05-09T03:33:18.123+0000] {logging_mixin.py:188} INFO - [2026-05-09T03:33:18.122+0000] {dag.py:3096} INFO - Sync 1 DAGs
[2026-05-09T03:33:18.141+0000] {logging_mixin.py:188} INFO - [2026-05-09T03:33:18.140+0000] {dag.py:3954} INFO - Setting next_dagrun for newyork_fhv_gold to None, run_after=None
[2026-05-09T03:33:18.169+0000] {processor.py:183} INFO - Processing /opt/airflow/dags/newyork_fhv_gold.py took 0.142 seconds
[2026-05-09T03:33:49.027+0000] {processor.py:161} INFO - Started process (PID=4637) to work on /opt/airflow/dags/newyork_fhv_gold.py
[2026-05-09T03:33:49.030+0000] {processor.py:830} INFO - Processing file /opt/airflow/dags/newyork_fhv_gold.py for tasks to queue
[2026-05-09T03:33:49.034+0000] {logging_mixin.py:188} INFO - [2026-05-09T03:33:49.033+0000] {dagbag.py:545} INFO - Filling up the DagBag from /opt/airflow/dags/newyork_fhv_gold.py
[2026-05-09T03:33:49.076+0000] {processor.py:840} INFO - DAG(s) 'newyork_fhv_gold' retrieved from /opt/airflow/dags/newyork_fhv_gold.py
[2026-05-09T03:33:49.103+0000] {logging_mixin.py:188} INFO - [2026-05-09T03:33:49.102+0000] {dag.py:3096} INFO - Sync 1 DAGs
[2026-05-09T03:33:49.116+0000] {logging_mixin.py:188} INFO - [2026-05-09T03:33:49.116+0000] {dag.py:3954} INFO - Setting next_dagrun for newyork_fhv_gold to None, run_after=None
[2026-05-09T03:33:49.143+0000] {processor.py:183} INFO - Processing /opt/airflow/dags/newyork_fhv_gold.py took 0.125 seconds
[2026-05-09T03:34:20.094+0000] {processor.py:161} INFO - Started process (PID=4648) to work on /opt/airflow/dags/newyork_fhv_gold.py
[2026-05-09T03:34:20.096+0000] {processor.py:830} INFO - Processing file /opt/airflow/dags/newyork_fhv_gold.py for tasks to queue
[2026-05-09T03:34:20.101+0000] {logging_mixin.py:188} INFO - [2026-05-09T03:34:20.100+0000] {dagbag.py:545} INFO - Filling up the DagBag from /opt/airflow/dags/newyork_fhv_gold.py
[2026-05-09T03:34:20.157+0000] {processor.py:840} INFO - DAG(s) 'newyork_fhv_gold' retrieved from /opt/airflow/dags/newyork_fhv_gold.py
[2026-05-09T03:34:20.191+0000] {logging_mixin.py:188} INFO - [2026-05-09T03:34:20.191+0000] {dag.py:3096} INFO - Sync 1 DAGs
[2026-05-09T03:34:20.207+0000] {logging_mixin.py:188} INFO - [2026-05-09T03:34:20.207+0000] {dag.py:3954} INFO - Setting next_dagrun for newyork_fhv_gold to None, run_after=None
[2026-05-09T03:34:20.237+0000] {processor.py:183} INFO - Processing /opt/airflow/dags/newyork_fhv_gold.py took 0.155 seconds
[2026-05-09T03:34:51.260+0000] {processor.py:161} INFO - Started process (PID=4659) to work on /opt/airflow/dags/newyork_fhv_gold.py
[2026-05-09T03:34:51.263+0000] {processor.py:830} INFO - Processing file /opt/airflow/dags/newyork_fhv_gold.py for tasks to queue
[2026-05-09T03:34:51.267+0000] {logging_mixin.py:188} INFO - [2026-05-09T03:34:51.267+0000] {dagbag.py:545} INFO - Filling up the DagBag from /opt/airflow/dags/newyork_fhv_gold.py
[2026-05-09T03:34:51.312+0000] {processor.py:840} INFO - DAG(s) 'newyork_fhv_gold' retrieved from /opt/airflow/dags/newyork_fhv_gold.py
[2026-05-09T03:34:51.336+0000] {logging_mixin.py:188} INFO - [2026-05-09T03:34:51.336+0000] {dag.py:3096} INFO - Sync 1 DAGs
[2026-05-09T03:34:51.351+0000] {logging_mixin.py:188} INFO - [2026-05-09T03:34:51.350+0000] {dag.py:3954} INFO - Setting next_dagrun for newyork_fhv_gold to None, run_after=None
[2026-05-09T03:34:51.379+0000] {processor.py:183} INFO - Processing /opt/airflow/dags/newyork_fhv_gold.py took 0.134 seconds
[2026-05-09T03:35:22.110+0000] {processor.py:161} INFO - Started process (PID=4670) to work on /opt/airflow/dags/newyork_fhv_gold.py
[2026-05-09T03:35:22.112+0000] {processor.py:830} INFO - Processing file /opt/airflow/dags/newyork_fhv_gold.py for tasks to queue
[2026-05-09T03:35:22.116+0000] {logging_mixin.py:188} INFO - [2026-05-09T03:35:22.116+0000] {dagbag.py:545} INFO - Filling up the DagBag from /opt/airflow/dags/newyork_fhv_gold.py
[2026-05-09T03:35:22.149+0000] {processor.py:840} INFO - DAG(s) 'newyork_fhv_gold' retrieved from /opt/airflow/dags/newyork_fhv_gold.py
[2026-05-09T03:35:22.172+0000] {logging_mixin.py:188} INFO - [2026-05-09T03:35:22.172+0000] {dag.py:3096} INFO - Sync 1 DAGs
[2026-05-09T03:35:22.186+0000] {logging_mixin.py:188} INFO - [2026-05-09T03:35:22.186+0000] {dag.py:3954} INFO - Setting next_dagrun for newyork_fhv_gold to None, run_after=None
[2026-05-09T03:35:22.213+0000] {processor.py:183} INFO - Processing /opt/airflow/dags/newyork_fhv_gold.py took 0.113 seconds
[2026-05-09T03:35:53.037+0000] {processor.py:161} INFO - Started process (PID=4681) to work on /opt/airflow/dags/newyork_fhv_gold.py
[2026-05-09T03:35:53.040+0000] {processor.py:830} INFO - Processing file /opt/airflow/dags/newyork_fhv_gold.py for tasks to queue
[2026-05-09T03:35:53.044+0000] {logging_mixin.py:188} INFO - [2026-05-09T03:35:53.043+0000] {dagbag.py:545} INFO - Filling up the DagBag from /opt/airflow/dags/newyork_fhv_gold.py
[2026-05-09T03:35:53.094+0000] {processor.py:840} INFO - DAG(s) 'newyork_fhv_gold' retrieved from /opt/airflow/dags/newyork_fhv_gold.py
[2026-05-09T03:35:53.125+0000] {logging_mixin.py:188} INFO - [2026-05-09T03:35:53.124+0000] {dag.py:3096} INFO - Sync 1 DAGs
[2026-05-09T03:35:53.139+0000] {logging_mixin.py:188} INFO - [2026-05-09T03:35:53.139+0000] {dag.py:3954} INFO - Setting next_dagrun for newyork_fhv_gold to None, run_after=None
[2026-05-09T03:35:53.169+0000] {processor.py:183} INFO - Processing /opt/airflow/dags/newyork_fhv_gold.py took 0.143 seconds
[2026-05-09T03:36:24.076+0000] {processor.py:161} INFO - Started process (PID=4692) to work on /opt/airflow/dags/newyork_fhv_gold.py
[2026-05-09T03:36:24.079+0000] {processor.py:830} INFO - Processing file /opt/airflow/dags/newyork_fhv_gold.py for tasks to queue
[2026-05-09T03:36:24.083+0000] {logging_mixin.py:188} INFO - [2026-05-09T03:36:24.082+0000] {dagbag.py:545} INFO - Filling up the DagBag from /opt/airflow/dags/newyork_fhv_gold.py
[2026-05-09T03:36:24.128+0000] {processor.py:840} INFO - DAG(s) 'newyork_fhv_gold' retrieved from /opt/airflow/dags/newyork_fhv_gold.py
[2026-05-09T03:36:24.150+0000] {logging_mixin.py:188} INFO - [2026-05-09T03:36:24.149+0000] {dag.py:3096} INFO - Sync 1 DAGs
[2026-05-09T03:36:24.164+0000] {logging_mixin.py:188} INFO - [2026-05-09T03:36:24.164+0000] {dag.py:3954} INFO - Setting next_dagrun for newyork_fhv_gold to None, run_after=None
[2026-05-09T03:36:24.193+0000] {processor.py:183} INFO - Processing /opt/airflow/dags/newyork_fhv_gold.py took 0.125 seconds
[2026-05-09T03:36:55.021+0000] {processor.py:161} INFO - Started process (PID=4703) to work on /opt/airflow/dags/newyork_fhv_gold.py
[2026-05-09T03:36:55.024+0000] {processor.py:830} INFO - Processing file /opt/airflow/dags/newyork_fhv_gold.py for tasks to queue
[2026-05-09T03:36:55.028+0000] {logging_mixin.py:188} INFO - [2026-05-09T03:36:55.027+0000] {dagbag.py:545} INFO - Filling up the DagBag from /opt/airflow/dags/newyork_fhv_gold.py
[2026-05-09T03:36:55.061+0000] {processor.py:840} INFO - DAG(s) 'newyork_fhv_gold' retrieved from /opt/airflow/dags/newyork_fhv_gold.py
[2026-05-09T03:36:55.086+0000] {logging_mixin.py:188} INFO - [2026-05-09T03:36:55.085+0000] {dag.py:3096} INFO - Sync 1 DAGs
[2026-05-09T03:36:55.099+0000] {logging_mixin.py:188} INFO - [2026-05-09T03:36:55.099+0000] {dag.py:3954} INFO - Setting next_dagrun for newyork_fhv_gold to None, run_after=None
[2026-05-09T03:36:55.124+0000] {processor.py:183} INFO - Processing /opt/airflow/dags/newyork_fhv_gold.py took 0.115 seconds
[2026-05-09T03:37:25.854+0000] {processor.py:161} INFO - Started process (PID=4714) to work on /opt/airflow/dags/newyork_fhv_gold.py
[2026-05-09T03:37:25.856+0000] {processor.py:830} INFO - Processing file /opt/airflow/dags/newyork_fhv_gold.py for tasks to queue
[2026-05-09T03:37:25.859+0000] {logging_mixin.py:188} INFO - [2026-05-09T03:37:25.859+0000] {dagbag.py:545} INFO - Filling up the DagBag from /opt/airflow/dags/newyork_fhv_gold.py
[2026-05-09T03:37:25.887+0000] {processor.py:840} INFO - DAG(s) 'newyork_fhv_gold' retrieved from /opt/airflow/dags/newyork_fhv_gold.py
[2026-05-09T03:37:25.909+0000] {logging_mixin.py:188} INFO - [2026-05-09T03:37:25.909+0000] {dag.py:3096} INFO - Sync 1 DAGs
[2026-05-09T03:37:25.922+0000] {logging_mixin.py:188} INFO - [2026-05-09T03:37:25.922+0000] {dag.py:3954} INFO - Setting next_dagrun for newyork_fhv_gold to None, run_after=None
[2026-05-09T03:37:25.949+0000] {processor.py:183} INFO - Processing /opt/airflow/dags/newyork_fhv_gold.py took 0.103 seconds
[2026-05-09T03:37:56.791+0000] {processor.py:161} INFO - Started process (PID=4731) to work on /opt/airflow/dags/newyork_fhv_gold.py
[2026-05-09T03:37:56.793+0000] {processor.py:830} INFO - Processing file /opt/airflow/dags/newyork_fhv_gold.py for tasks to queue
[2026-05-09T03:37:56.797+0000] {logging_mixin.py:188} INFO - [2026-05-09T03:37:56.796+0000] {dagbag.py:545} INFO - Filling up the DagBag from /opt/airflow/dags/newyork_fhv_gold.py
[2026-05-09T03:37:56.835+0000] {processor.py:840} INFO - DAG(s) 'newyork_fhv_gold' retrieved from /opt/airflow/dags/newyork_fhv_gold.py
[2026-05-09T03:37:56.868+0000] {logging_mixin.py:188} INFO - [2026-05-09T03:37:56.867+0000] {dag.py:3096} INFO - Sync 1 DAGs
[2026-05-09T03:37:56.882+0000] {logging_mixin.py:188} INFO - [2026-05-09T03:37:56.882+0000] {dag.py:3954} INFO - Setting next_dagrun for newyork_fhv_gold to None, run_after=None
[2026-05-09T03:37:56.911+0000] {processor.py:183} INFO - Processing /opt/airflow/dags/newyork_fhv_gold.py took 0.131 seconds
[2026-05-09T03:38:27.859+0000] {processor.py:161} INFO - Started process (PID=4742) to work on /opt/airflow/dags/newyork_fhv_gold.py
[2026-05-09T03:38:27.862+0000] {processor.py:830} INFO - Processing file /opt/airflow/dags/newyork_fhv_gold.py for tasks to queue
[2026-05-09T03:38:27.866+0000] {logging_mixin.py:188} INFO - [2026-05-09T03:38:27.865+0000] {dagbag.py:545} INFO - Filling up the DagBag from /opt/airflow/dags/newyork_fhv_gold.py
[2026-05-09T03:38:27.917+0000] {processor.py:840} INFO - DAG(s) 'newyork_fhv_gold' retrieved from /opt/airflow/dags/newyork_fhv_gold.py
[2026-05-09T03:38:27.953+0000] {logging_mixin.py:188} INFO - [2026-05-09T03:38:27.953+0000] {dag.py:3096} INFO - Sync 1 DAGs
[2026-05-09T03:38:27.974+0000] {logging_mixin.py:188} INFO - [2026-05-09T03:38:27.974+0000] {dag.py:3954} INFO - Setting next_dagrun for newyork_fhv_gold to None, run_after=None
[2026-05-09T03:38:28.015+0000] {processor.py:183} INFO - Processing /opt/airflow/dags/newyork_fhv_gold.py took 0.163 seconds
[2026-05-09T03:38:58.245+0000] {processor.py:161} INFO - Started process (PID=4753) to work on /opt/airflow/dags/newyork_fhv_gold.py
[2026-05-09T03:38:58.249+0000] {processor.py:830} INFO - Processing file /opt/airflow/dags/newyork_fhv_gold.py for tasks to queue
[2026-05-09T03:38:58.255+0000] {logging_mixin.py:188} INFO - [2026-05-09T03:38:58.254+0000] {dagbag.py:545} INFO - Filling up the DagBag from /opt/airflow/dags/newyork_fhv_gold.py
[2026-05-09T03:38:58.306+0000] {processor.py:840} INFO - DAG(s) 'newyork_fhv_gold' retrieved from /opt/airflow/dags/newyork_fhv_gold.py
[2026-05-09T03:38:58.338+0000] {logging_mixin.py:188} INFO - [2026-05-09T03:38:58.337+0000] {dag.py:3096} INFO - Sync 1 DAGs
[2026-05-09T03:38:58.356+0000] {logging_mixin.py:188} INFO - [2026-05-09T03:38:58.356+0000] {dag.py:3954} INFO - Setting next_dagrun for newyork_fhv_gold to None, run_after=None
[2026-05-09T03:38:58.393+0000] {processor.py:183} INFO - Processing /opt/airflow/dags/newyork_fhv_gold.py took 0.164 seconds
[2026-05-09T03:39:28.700+0000] {processor.py:161} INFO - Started process (PID=4764) to work on /opt/airflow/dags/newyork_fhv_gold.py
[2026-05-09T03:39:28.703+0000] {processor.py:830} INFO - Processing file /opt/airflow/dags/newyork_fhv_gold.py for tasks to queue
[2026-05-09T03:39:28.707+0000] {logging_mixin.py:188} INFO - [2026-05-09T03:39:28.706+0000] {dagbag.py:545} INFO - Filling up the DagBag from /opt/airflow/dags/newyork_fhv_gold.py
[2026-05-09T03:39:28.753+0000] {processor.py:840} INFO - DAG(s) 'newyork_fhv_gold' retrieved from /opt/airflow/dags/newyork_fhv_gold.py
[2026-05-09T03:39:28.787+0000] {logging_mixin.py:188} INFO - [2026-05-09T03:39:28.786+0000] {dag.py:3096} INFO - Sync 1 DAGs
[2026-05-09T03:39:28.809+0000] {logging_mixin.py:188} INFO - [2026-05-09T03:39:28.809+0000] {dag.py:3954} INFO - Setting next_dagrun for newyork_fhv_gold to None, run_after=None
[2026-05-09T03:39:28.849+0000] {processor.py:183} INFO - Processing /opt/airflow/dags/newyork_fhv_gold.py took 0.158 seconds
[2026-05-09T03:39:59.016+0000] {processor.py:161} INFO - Started process (PID=4775) to work on /opt/airflow/dags/newyork_fhv_gold.py
[2026-05-09T03:39:59.019+0000] {processor.py:830} INFO - Processing file /opt/airflow/dags/newyork_fhv_gold.py for tasks to queue
[2026-05-09T03:39:59.023+0000] {logging_mixin.py:188} INFO - [2026-05-09T03:39:59.023+0000] {dagbag.py:545} INFO - Filling up the DagBag from /opt/airflow/dags/newyork_fhv_gold.py
[2026-05-09T03:39:59.068+0000] {processor.py:840} INFO - DAG(s) 'newyork_fhv_gold' retrieved from /opt/airflow/dags/newyork_fhv_gold.py
[2026-05-09T03:39:59.108+0000] {logging_mixin.py:188} INFO - [2026-05-09T03:39:59.108+0000] {dag.py:3096} INFO - Sync 1 DAGs
[2026-05-09T03:39:59.137+0000] {logging_mixin.py:188} INFO - [2026-05-09T03:39:59.137+0000] {dag.py:3954} INFO - Setting next_dagrun for newyork_fhv_gold to None, run_after=None
[2026-05-09T03:39:59.176+0000] {processor.py:183} INFO - Processing /opt/airflow/dags/newyork_fhv_gold.py took 0.172 seconds
[2026-05-09T03:40:29.476+0000] {processor.py:161} INFO - Started process (PID=4786) to work on /opt/airflow/dags/newyork_fhv_gold.py
[2026-05-09T03:40:29.478+0000] {processor.py:830} INFO - Processing file /opt/airflow/dags/newyork_fhv_gold.py for tasks to queue
[2026-05-09T03:40:29.483+0000] {logging_mixin.py:188} INFO - [2026-05-09T03:40:29.482+0000] {dagbag.py:545} INFO - Filling up the DagBag from /opt/airflow/dags/newyork_fhv_gold.py
[2026-05-09T03:40:29.530+0000] {processor.py:840} INFO - DAG(s) 'newyork_fhv_gold' retrieved from /opt/airflow/dags/newyork_fhv_gold.py
[2026-05-09T03:40:29.563+0000] {logging_mixin.py:188} INFO - [2026-05-09T03:40:29.563+0000] {dag.py:3096} INFO - Sync 1 DAGs
[2026-05-09T03:40:29.585+0000] {logging_mixin.py:188} INFO - [2026-05-09T03:40:29.585+0000] {dag.py:3954} INFO - Setting next_dagrun for newyork_fhv_gold to None, run_after=None
[2026-05-09T03:40:29.617+0000] {processor.py:183} INFO - Processing /opt/airflow/dags/newyork_fhv_gold.py took 0.150 seconds
[2026-05-09T03:40:59.848+0000] {processor.py:161} INFO - Started process (PID=4797) to work on /opt/airflow/dags/newyork_fhv_gold.py
[2026-05-09T03:40:59.851+0000] {processor.py:830} INFO - Processing file /opt/airflow/dags/newyork_fhv_gold.py for tasks to queue
[2026-05-09T03:40:59.855+0000] {logging_mixin.py:188} INFO - [2026-05-09T03:40:59.855+0000] {dagbag.py:545} INFO - Filling up the DagBag from /opt/airflow/dags/newyork_fhv_gold.py
[2026-05-09T03:40:59.901+0000] {processor.py:840} INFO - DAG(s) 'newyork_fhv_gold' retrieved from /opt/airflow/dags/newyork_fhv_gold.py
[2026-05-09T03:40:59.935+0000] {logging_mixin.py:188} INFO - [2026-05-09T03:40:59.935+0000] {dag.py:3096} INFO - Sync 1 DAGs
[2026-05-09T03:40:59.952+0000] {logging_mixin.py:188} INFO - [2026-05-09T03:40:59.952+0000] {dag.py:3954} INFO - Setting next_dagrun for newyork_fhv_gold to None, run_after=None
[2026-05-09T03:40:59.985+0000] {processor.py:183} INFO - Processing /opt/airflow/dags/newyork_fhv_gold.py took 0.151 seconds
[2026-05-09T03:41:30.149+0000] {processor.py:161} INFO - Started process (PID=4808) to work on /opt/airflow/dags/newyork_fhv_gold.py
[2026-05-09T03:41:30.152+0000] {processor.py:830} INFO - Processing file /opt/airflow/dags/newyork_fhv_gold.py for tasks to queue
[2026-05-09T03:41:30.156+0000] {logging_mixin.py:188} INFO - [2026-05-09T03:41:30.156+0000] {dagbag.py:545} INFO - Filling up the DagBag from /opt/airflow/dags/newyork_fhv_gold.py
[2026-05-09T03:41:30.200+0000] {processor.py:840} INFO - DAG(s) 'newyork_fhv_gold' retrieved from /opt/airflow/dags/newyork_fhv_gold.py
[2026-05-09T03:41:30.228+0000] {logging_mixin.py:188} INFO - [2026-05-09T03:41:30.228+0000] {dag.py:3096} INFO - Sync 1 DAGs
[2026-05-09T03:41:30.243+0000] {logging_mixin.py:188} INFO - [2026-05-09T03:41:30.243+0000] {dag.py:3954} INFO - Setting next_dagrun for newyork_fhv_gold to None, run_after=None
[2026-05-09T03:41:30.274+0000] {processor.py:183} INFO - Processing /opt/airflow/dags/newyork_fhv_gold.py took 0.135 seconds
[2026-05-09T03:42:00.604+0000] {processor.py:161} INFO - Started process (PID=4819) to work on /opt/airflow/dags/newyork_fhv_gold.py
[2026-05-09T03:42:00.606+0000] {processor.py:830} INFO - Processing file /opt/airflow/dags/newyork_fhv_gold.py for tasks to queue
[2026-05-09T03:42:00.611+0000] {logging_mixin.py:188} INFO - [2026-05-09T03:42:00.610+0000] {dagbag.py:545} INFO - Filling up the DagBag from /opt/airflow/dags/newyork_fhv_gold.py
[2026-05-09T03:42:00.660+0000] {processor.py:840} INFO - DAG(s) 'newyork_fhv_gold' retrieved from /opt/airflow/dags/newyork_fhv_gold.py
[2026-05-09T03:42:00.693+0000] {logging_mixin.py:188} INFO - [2026-05-09T03:42:00.692+0000] {dag.py:3096} INFO - Sync 1 DAGs
[2026-05-09T03:42:00.709+0000] {logging_mixin.py:188} INFO - [2026-05-09T03:42:00.708+0000] {dag.py:3954} INFO - Setting next_dagrun for newyork_fhv_gold to None, run_after=None
[2026-05-09T03:42:00.740+0000] {processor.py:183} INFO - Processing /opt/airflow/dags/newyork_fhv_gold.py took 0.146 seconds
[2026-05-09T03:42:30.982+0000] {processor.py:161} INFO - Started process (PID=4830) to work on /opt/airflow/dags/newyork_fhv_gold.py
[2026-05-09T03:42:30.985+0000] {processor.py:830} INFO - Processing file /opt/airflow/dags/newyork_fhv_gold.py for tasks to queue
[2026-05-09T03:42:30.990+0000] {logging_mixin.py:188} INFO - [2026-05-09T03:42:30.989+0000] {dagbag.py:545} INFO - Filling up the DagBag from /opt/airflow/dags/newyork_fhv_gold.py
[2026-05-09T03:42:31.044+0000] {processor.py:840} INFO - DAG(s) 'newyork_fhv_gold' retrieved from /opt/airflow/dags/newyork_fhv_gold.py
[2026-05-09T03:42:31.081+0000] {logging_mixin.py:188} INFO - [2026-05-09T03:42:31.081+0000] {dag.py:3096} INFO - Sync 1 DAGs
[2026-05-09T03:42:31.098+0000] {logging_mixin.py:188} INFO - [2026-05-09T03:42:31.098+0000] {dag.py:3954} INFO - Setting next_dagrun for newyork_fhv_gold to None, run_after=None
[2026-05-09T03:42:31.136+0000] {processor.py:183} INFO - Processing /opt/airflow/dags/newyork_fhv_gold.py took 0.165 seconds
[2026-05-09T03:43:01.310+0000] {processor.py:161} INFO - Started process (PID=4841) to work on /opt/airflow/dags/newyork_fhv_gold.py
[2026-05-09T03:43:01.312+0000] {processor.py:830} INFO - Processing file /opt/airflow/dags/newyork_fhv_gold.py for tasks to queue
[2026-05-09T03:43:01.316+0000] {logging_mixin.py:188} INFO - [2026-05-09T03:43:01.316+0000] {dagbag.py:545} INFO - Filling up the DagBag from /opt/airflow/dags/newyork_fhv_gold.py
[2026-05-09T03:43:01.361+0000] {processor.py:840} INFO - DAG(s) 'newyork_fhv_gold' retrieved from /opt/airflow/dags/newyork_fhv_gold.py
[2026-05-09T03:43:01.392+0000] {logging_mixin.py:188} INFO - [2026-05-09T03:43:01.392+0000] {dag.py:3096} INFO - Sync 1 DAGs
[2026-05-09T03:43:01.408+0000] {logging_mixin.py:188} INFO - [2026-05-09T03:43:01.408+0000] {dag.py:3954} INFO - Setting next_dagrun for newyork_fhv_gold to None, run_after=None
[2026-05-09T03:43:01.438+0000] {processor.py:183} INFO - Processing /opt/airflow/dags/newyork_fhv_gold.py took 0.138 seconds
[2026-05-09T03:43:31.730+0000] {processor.py:161} INFO - Started process (PID=4852) to work on /opt/airflow/dags/newyork_fhv_gold.py
[2026-05-09T03:43:31.733+0000] {processor.py:830} INFO - Processing file /opt/airflow/dags/newyork_fhv_gold.py for tasks to queue
[2026-05-09T03:43:31.736+0000] {logging_mixin.py:188} INFO - [2026-05-09T03:43:31.735+0000] {dagbag.py:545} INFO - Filling up the DagBag from /opt/airflow/dags/newyork_fhv_gold.py
[2026-05-09T03:43:31.776+0000] {processor.py:840} INFO - DAG(s) 'newyork_fhv_gold' retrieved from /opt/airflow/dags/newyork_fhv_gold.py
[2026-05-09T03:43:31.810+0000] {logging_mixin.py:188} INFO - [2026-05-09T03:43:31.809+0000] {dag.py:3096} INFO - Sync 1 DAGs
[2026-05-09T03:43:31.830+0000] {logging_mixin.py:188} INFO - [2026-05-09T03:43:31.830+0000] {dag.py:3954} INFO - Setting next_dagrun for newyork_fhv_gold to None, run_after=None
[2026-05-09T03:43:31.857+0000] {processor.py:183} INFO - Processing /opt/airflow/dags/newyork_fhv_gold.py took 0.139 seconds
[2026-05-09T03:44:02.774+0000] {processor.py:161} INFO - Started process (PID=4863) to work on /opt/airflow/dags/newyork_fhv_gold.py
[2026-05-09T03:44:02.775+0000] {processor.py:830} INFO - Processing file /opt/airflow/dags/newyork_fhv_gold.py for tasks to queue
[2026-05-09T03:44:02.778+0000] {logging_mixin.py:188} INFO - [2026-05-09T03:44:02.778+0000] {dagbag.py:545} INFO - Filling up the DagBag from /opt/airflow/dags/newyork_fhv_gold.py
[2026-05-09T03:44:02.821+0000] {processor.py:840} INFO - DAG(s) 'newyork_fhv_gold' retrieved from /opt/airflow/dags/newyork_fhv_gold.py
[2026-05-09T03:44:02.851+0000] {logging_mixin.py:188} INFO - [2026-05-09T03:44:02.851+0000] {dag.py:3096} INFO - Sync 1 DAGs
[2026-05-09T03:44:02.866+0000] {logging_mixin.py:188} INFO - [2026-05-09T03:44:02.866+0000] {dag.py:3954} INFO - Setting next_dagrun for newyork_fhv_gold to None, run_after=None
[2026-05-09T03:44:02.891+0000] {processor.py:183} INFO - Processing /opt/airflow/dags/newyork_fhv_gold.py took 0.124 seconds
[2026-05-09T03:44:33.150+0000] {processor.py:161} INFO - Started process (PID=4874) to work on /opt/airflow/dags/newyork_fhv_gold.py
[2026-05-09T03:44:33.153+0000] {processor.py:830} INFO - Processing file /opt/airflow/dags/newyork_fhv_gold.py for tasks to queue
[2026-05-09T03:44:33.157+0000] {logging_mixin.py:188} INFO - [2026-05-09T03:44:33.156+0000] {dagbag.py:545} INFO - Filling up the DagBag from /opt/airflow/dags/newyork_fhv_gold.py
[2026-05-09T03:44:33.208+0000] {processor.py:840} INFO - DAG(s) 'newyork_fhv_gold' retrieved from /opt/airflow/dags/newyork_fhv_gold.py
[2026-05-09T03:44:33.239+0000] {logging_mixin.py:188} INFO - [2026-05-09T03:44:33.238+0000] {dag.py:3096} INFO - Sync 1 DAGs
[2026-05-09T03:44:33.253+0000] {logging_mixin.py:188} INFO - [2026-05-09T03:44:33.253+0000] {dag.py:3954} INFO - Setting next_dagrun for newyork_fhv_gold to None, run_after=None
[2026-05-09T03:44:33.286+0000] {processor.py:183} INFO - Processing /opt/airflow/dags/newyork_fhv_gold.py took 0.147 seconds
[2026-05-09T03:45:04.139+0000] {processor.py:161} INFO - Started process (PID=4885) to work on /opt/airflow/dags/newyork_fhv_gold.py
[2026-05-09T03:45:04.142+0000] {processor.py:830} INFO - Processing file /opt/airflow/dags/newyork_fhv_gold.py for tasks to queue
[2026-05-09T03:45:04.147+0000] {logging_mixin.py:188} INFO - [2026-05-09T03:45:04.146+0000] {dagbag.py:545} INFO - Filling up the DagBag from /opt/airflow/dags/newyork_fhv_gold.py
[2026-05-09T03:45:04.197+0000] {processor.py:840} INFO - DAG(s) 'newyork_fhv_gold' retrieved from /opt/airflow/dags/newyork_fhv_gold.py
[2026-05-09T03:45:04.224+0000] {logging_mixin.py:188} INFO - [2026-05-09T03:45:04.224+0000] {dag.py:3096} INFO - Sync 1 DAGs
[2026-05-09T03:45:04.243+0000] {logging_mixin.py:188} INFO - [2026-05-09T03:45:04.242+0000] {dag.py:3954} INFO - Setting next_dagrun for newyork_fhv_gold to None, run_after=None
[2026-05-09T03:45:04.271+0000] {processor.py:183} INFO - Processing /opt/airflow/dags/newyork_fhv_gold.py took 0.146 seconds
[2026-05-09T03:45:35.105+0000] {processor.py:161} INFO - Started process (PID=4896) to work on /opt/airflow/dags/newyork_fhv_gold.py
[2026-05-09T03:45:35.107+0000] {processor.py:830} INFO - Processing file /opt/airflow/dags/newyork_fhv_gold.py for tasks to queue
[2026-05-09T03:45:35.110+0000] {logging_mixin.py:188} INFO - [2026-05-09T03:45:35.110+0000] {dagbag.py:545} INFO - Filling up the DagBag from /opt/airflow/dags/newyork_fhv_gold.py
[2026-05-09T03:45:35.150+0000] {processor.py:840} INFO - DAG(s) 'newyork_fhv_gold' retrieved from /opt/airflow/dags/newyork_fhv_gold.py
[2026-05-09T03:45:35.177+0000] {logging_mixin.py:188} INFO - [2026-05-09T03:45:35.176+0000] {dag.py:3096} INFO - Sync 1 DAGs
[2026-05-09T03:45:35.191+0000] {logging_mixin.py:188} INFO - [2026-05-09T03:45:35.191+0000] {dag.py:3954} INFO - Setting next_dagrun for newyork_fhv_gold to None, run_after=None
[2026-05-09T03:45:35.221+0000] {processor.py:183} INFO - Processing /opt/airflow/dags/newyork_fhv_gold.py took 0.125 seconds
[2026-05-09T03:46:06.094+0000] {processor.py:161} INFO - Started process (PID=4907) to work on /opt/airflow/dags/newyork_fhv_gold.py
[2026-05-09T03:46:06.096+0000] {processor.py:830} INFO - Processing file /opt/airflow/dags/newyork_fhv_gold.py for tasks to queue
[2026-05-09T03:46:06.098+0000] {logging_mixin.py:188} INFO - [2026-05-09T03:46:06.098+0000] {dagbag.py:545} INFO - Filling up the DagBag from /opt/airflow/dags/newyork_fhv_gold.py
[2026-05-09T03:46:06.129+0000] {processor.py:840} INFO - DAG(s) 'newyork_fhv_gold' retrieved from /opt/airflow/dags/newyork_fhv_gold.py
[2026-05-09T03:46:06.156+0000] {logging_mixin.py:188} INFO - [2026-05-09T03:46:06.156+0000] {dag.py:3096} INFO - Sync 1 DAGs
[2026-05-09T03:46:06.173+0000] {logging_mixin.py:188} INFO - [2026-05-09T03:46:06.173+0000] {dag.py:3954} INFO - Setting next_dagrun for newyork_fhv_gold to None, run_after=None
[2026-05-09T03:46:06.203+0000] {processor.py:183} INFO - Processing /opt/airflow/dags/newyork_fhv_gold.py took 0.116 seconds
[2026-05-09T03:46:36.982+0000] {processor.py:161} INFO - Started process (PID=4918) to work on /opt/airflow/dags/newyork_fhv_gold.py
[2026-05-09T03:46:36.983+0000] {processor.py:830} INFO - Processing file /opt/airflow/dags/newyork_fhv_gold.py for tasks to queue
[2026-05-09T03:46:36.987+0000] {logging_mixin.py:188} INFO - [2026-05-09T03:46:36.986+0000] {dagbag.py:545} INFO - Filling up the DagBag from /opt/airflow/dags/newyork_fhv_gold.py
[2026-05-09T03:46:37.031+0000] {processor.py:840} INFO - DAG(s) 'newyork_fhv_gold' retrieved from /opt/airflow/dags/newyork_fhv_gold.py
[2026-05-09T03:46:37.063+0000] {logging_mixin.py:188} INFO - [2026-05-09T03:46:37.063+0000] {dag.py:3096} INFO - Sync 1 DAGs
[2026-05-09T03:46:37.080+0000] {logging_mixin.py:188} INFO - [2026-05-09T03:46:37.079+0000] {dag.py:3954} INFO - Setting next_dagrun for newyork_fhv_gold to None, run_after=None
[2026-05-09T03:46:37.107+0000] {processor.py:183} INFO - Processing /opt/airflow/dags/newyork_fhv_gold.py took 0.132 seconds
[2026-05-09T03:47:07.285+0000] {processor.py:161} INFO - Started process (PID=4929) to work on /opt/airflow/dags/newyork_fhv_gold.py
[2026-05-09T03:47:07.288+0000] {processor.py:830} INFO - Processing file /opt/airflow/dags/newyork_fhv_gold.py for tasks to queue
[2026-05-09T03:47:07.292+0000] {logging_mixin.py:188} INFO - [2026-05-09T03:47:07.291+0000] {dagbag.py:545} INFO - Filling up the DagBag from /opt/airflow/dags/newyork_fhv_gold.py
[2026-05-09T03:47:07.341+0000] {processor.py:840} INFO - DAG(s) 'newyork_fhv_gold' retrieved from /opt/airflow/dags/newyork_fhv_gold.py
[2026-05-09T03:47:07.378+0000] {logging_mixin.py:188} INFO - [2026-05-09T03:47:07.377+0000] {dag.py:3096} INFO - Sync 1 DAGs
[2026-05-09T03:47:07.395+0000] {logging_mixin.py:188} INFO - [2026-05-09T03:47:07.395+0000] {dag.py:3954} INFO - Setting next_dagrun for newyork_fhv_gold to None, run_after=None
[2026-05-09T03:47:07.424+0000] {processor.py:183} INFO - Processing /opt/airflow/dags/newyork_fhv_gold.py took 0.151 seconds
[2026-05-09T03:47:38.189+0000] {processor.py:161} INFO - Started process (PID=4940) to work on /opt/airflow/dags/newyork_fhv_gold.py
[2026-05-09T03:47:38.191+0000] {processor.py:830} INFO - Processing file /opt/airflow/dags/newyork_fhv_gold.py for tasks to queue
[2026-05-09T03:47:38.194+0000] {logging_mixin.py:188} INFO - [2026-05-09T03:47:38.193+0000] {dagbag.py:545} INFO - Filling up the DagBag from /opt/airflow/dags/newyork_fhv_gold.py
[2026-05-09T03:47:38.236+0000] {processor.py:840} INFO - DAG(s) 'newyork_fhv_gold' retrieved from /opt/airflow/dags/newyork_fhv_gold.py
[2026-05-09T03:47:38.270+0000] {logging_mixin.py:188} INFO - [2026-05-09T03:47:38.269+0000] {dag.py:3096} INFO - Sync 1 DAGs
[2026-05-09T03:47:38.297+0000] {logging_mixin.py:188} INFO - [2026-05-09T03:47:38.296+0000] {dag.py:3954} INFO - Setting next_dagrun for newyork_fhv_gold to None, run_after=None
[2026-05-09T03:47:38.330+0000] {processor.py:183} INFO - Processing /opt/airflow/dags/newyork_fhv_gold.py took 0.149 seconds
[2026-05-09T03:48:09.195+0000] {processor.py:161} INFO - Started process (PID=4951) to work on /opt/airflow/dags/newyork_fhv_gold.py
[2026-05-09T03:48:09.197+0000] {processor.py:830} INFO - Processing file /opt/airflow/dags/newyork_fhv_gold.py for tasks to queue
[2026-05-09T03:48:09.201+0000] {logging_mixin.py:188} INFO - [2026-05-09T03:48:09.200+0000] {dagbag.py:545} INFO - Filling up the DagBag from /opt/airflow/dags/newyork_fhv_gold.py
[2026-05-09T03:48:09.251+0000] {processor.py:840} INFO - DAG(s) 'newyork_fhv_gold' retrieved from /opt/airflow/dags/newyork_fhv_gold.py
[2026-05-09T03:48:09.292+0000] {logging_mixin.py:188} INFO - [2026-05-09T03:48:09.292+0000] {dag.py:3096} INFO - Sync 1 DAGs
[2026-05-09T03:48:09.312+0000] {logging_mixin.py:188} INFO - [2026-05-09T03:48:09.312+0000] {dag.py:3954} INFO - Setting next_dagrun for newyork_fhv_gold to None, run_after=None
[2026-05-09T03:48:09.347+0000] {processor.py:183} INFO - Processing /opt/airflow/dags/newyork_fhv_gold.py took 0.162 seconds
[2026-05-09T03:48:40.152+0000] {processor.py:161} INFO - Started process (PID=4962) to work on /opt/airflow/dags/newyork_fhv_gold.py
[2026-05-09T03:48:40.156+0000] {processor.py:830} INFO - Processing file /opt/airflow/dags/newyork_fhv_gold.py for tasks to queue
[2026-05-09T03:48:40.162+0000] {logging_mixin.py:188} INFO - [2026-05-09T03:48:40.161+0000] {dagbag.py:545} INFO - Filling up the DagBag from /opt/airflow/dags/newyork_fhv_gold.py
[2026-05-09T03:48:40.204+0000] {processor.py:840} INFO - DAG(s) 'newyork_fhv_gold' retrieved from /opt/airflow/dags/newyork_fhv_gold.py
[2026-05-09T03:48:40.227+0000] {logging_mixin.py:188} INFO - [2026-05-09T03:48:40.226+0000] {dag.py:3096} INFO - Sync 1 DAGs
[2026-05-09T03:48:40.241+0000] {logging_mixin.py:188} INFO - [2026-05-09T03:48:40.241+0000] {dag.py:3954} INFO - Setting next_dagrun for newyork_fhv_gold to None, run_after=None
[2026-05-09T03:48:40.272+0000] {processor.py:183} INFO - Processing /opt/airflow/dags/newyork_fhv_gold.py took 0.132 seconds
[2026-05-09T03:49:10.908+0000] {processor.py:161} INFO - Started process (PID=4973) to work on /opt/airflow/dags/newyork_fhv_gold.py
[2026-05-09T03:49:10.909+0000] {processor.py:830} INFO - Processing file /opt/airflow/dags/newyork_fhv_gold.py for tasks to queue
[2026-05-09T03:49:10.912+0000] {logging_mixin.py:188} INFO - [2026-05-09T03:49:10.912+0000] {dagbag.py:545} INFO - Filling up the DagBag from /opt/airflow/dags/newyork_fhv_gold.py
[2026-05-09T03:49:10.955+0000] {processor.py:840} INFO - DAG(s) 'newyork_fhv_gold' retrieved from /opt/airflow/dags/newyork_fhv_gold.py
[2026-05-09T03:49:10.984+0000] {logging_mixin.py:188} INFO - [2026-05-09T03:49:10.984+0000] {dag.py:3096} INFO - Sync 1 DAGs
[2026-05-09T03:49:11.000+0000] {logging_mixin.py:188} INFO - [2026-05-09T03:49:11.000+0000] {dag.py:3954} INFO - Setting next_dagrun for newyork_fhv_gold to None, run_after=None
[2026-05-09T03:49:11.029+0000] {processor.py:183} INFO - Processing /opt/airflow/dags/newyork_fhv_gold.py took 0.128 seconds
[2026-05-09T03:49:41.886+0000] {processor.py:161} INFO - Started process (PID=4984) to work on /opt/airflow/dags/newyork_fhv_gold.py
[2026-05-09T03:49:41.888+0000] {processor.py:830} INFO - Processing file /opt/airflow/dags/newyork_fhv_gold.py for tasks to queue
[2026-05-09T03:49:41.892+0000] {logging_mixin.py:188} INFO - [2026-05-09T03:49:41.891+0000] {dagbag.py:545} INFO - Filling up the DagBag from /opt/airflow/dags/newyork_fhv_gold.py
[2026-05-09T03:49:41.936+0000] {processor.py:840} INFO - DAG(s) 'newyork_fhv_gold' retrieved from /opt/airflow/dags/newyork_fhv_gold.py
[2026-05-09T03:49:41.966+0000] {logging_mixin.py:188} INFO - [2026-05-09T03:49:41.965+0000] {dag.py:3096} INFO - Sync 1 DAGs
[2026-05-09T03:49:41.980+0000] {logging_mixin.py:188} INFO - [2026-05-09T03:49:41.980+0000] {dag.py:3954} INFO - Setting next_dagrun for newyork_fhv_gold to None, run_after=None
[2026-05-09T03:49:42.010+0000] {processor.py:183} INFO - Processing /opt/airflow/dags/newyork_fhv_gold.py took 0.133 seconds
[2026-05-09T03:50:12.918+0000] {processor.py:161} INFO - Started process (PID=4995) to work on /opt/airflow/dags/newyork_fhv_gold.py
[2026-05-09T03:50:12.920+0000] {processor.py:830} INFO - Processing file /opt/airflow/dags/newyork_fhv_gold.py for tasks to queue
[2026-05-09T03:50:12.924+0000] {logging_mixin.py:188} INFO - [2026-05-09T03:50:12.923+0000] {dagbag.py:545} INFO - Filling up the DagBag from /opt/airflow/dags/newyork_fhv_gold.py
[2026-05-09T03:50:12.964+0000] {processor.py:840} INFO - DAG(s) 'newyork_fhv_gold' retrieved from /opt/airflow/dags/newyork_fhv_gold.py
[2026-05-09T03:50:12.998+0000] {logging_mixin.py:188} INFO - [2026-05-09T03:50:12.997+0000] {dag.py:3096} INFO - Sync 1 DAGs
[2026-05-09T03:50:13.017+0000] {logging_mixin.py:188} INFO - [2026-05-09T03:50:13.017+0000] {dag.py:3954} INFO - Setting next_dagrun for newyork_fhv_gold to None, run_after=None
[2026-05-09T03:50:13.046+0000] {processor.py:183} INFO - Processing /opt/airflow/dags/newyork_fhv_gold.py took 0.138 seconds
[2026-05-09T03:50:43.163+0000] {processor.py:161} INFO - Started process (PID=5006) to work on /opt/airflow/dags/newyork_fhv_gold.py
[2026-05-09T03:50:43.165+0000] {processor.py:830} INFO - Processing file /opt/airflow/dags/newyork_fhv_gold.py for tasks to queue
[2026-05-09T03:50:43.167+0000] {logging_mixin.py:188} INFO - [2026-05-09T03:50:43.167+0000] {dagbag.py:545} INFO - Filling up the DagBag from /opt/airflow/dags/newyork_fhv_gold.py
[2026-05-09T03:50:43.211+0000] {processor.py:840} INFO - DAG(s) 'newyork_fhv_gold' retrieved from /opt/airflow/dags/newyork_fhv_gold.py
[2026-05-09T03:50:43.236+0000] {logging_mixin.py:188} INFO - [2026-05-09T03:50:43.236+0000] {dag.py:3096} INFO - Sync 1 DAGs
[2026-05-09T03:50:43.251+0000] {logging_mixin.py:188} INFO - [2026-05-09T03:50:43.250+0000] {dag.py:3954} INFO - Setting next_dagrun for newyork_fhv_gold to None, run_after=None
[2026-05-09T03:50:43.280+0000] {processor.py:183} INFO - Processing /opt/airflow/dags/newyork_fhv_gold.py took 0.125 seconds
[2026-05-09T03:51:14.257+0000] {processor.py:161} INFO - Started process (PID=5018) to work on /opt/airflow/dags/newyork_fhv_gold.py
[2026-05-09T03:51:14.262+0000] {processor.py:830} INFO - Processing file /opt/airflow/dags/newyork_fhv_gold.py for tasks to queue
[2026-05-09T03:51:14.266+0000] {logging_mixin.py:188} INFO - [2026-05-09T03:51:14.265+0000] {dagbag.py:545} INFO - Filling up the DagBag from /opt/airflow/dags/newyork_fhv_gold.py
[2026-05-09T03:51:14.313+0000] {processor.py:840} INFO - DAG(s) 'newyork_fhv_gold' retrieved from /opt/airflow/dags/newyork_fhv_gold.py
[2026-05-09T03:51:14.338+0000] {logging_mixin.py:188} INFO - [2026-05-09T03:51:14.338+0000] {dag.py:3096} INFO - Sync 1 DAGs
[2026-05-09T03:51:14.351+0000] {logging_mixin.py:188} INFO - [2026-05-09T03:51:14.351+0000] {dag.py:3954} INFO - Setting next_dagrun for newyork_fhv_gold to None, run_after=None
[2026-05-09T03:51:14.382+0000] {processor.py:183} INFO - Processing /opt/airflow/dags/newyork_fhv_gold.py took 0.135 seconds
[2026-05-09T03:51:45.146+0000] {processor.py:161} INFO - Started process (PID=5029) to work on /opt/airflow/dags/newyork_fhv_gold.py
[2026-05-09T03:51:45.148+0000] {processor.py:830} INFO - Processing file /opt/airflow/dags/newyork_fhv_gold.py for tasks to queue
[2026-05-09T03:51:45.154+0000] {logging_mixin.py:188} INFO - [2026-05-09T03:51:45.154+0000] {dagbag.py:545} INFO - Filling up the DagBag from /opt/airflow/dags/newyork_fhv_gold.py
[2026-05-09T03:51:45.191+0000] {processor.py:840} INFO - DAG(s) 'newyork_fhv_gold' retrieved from /opt/airflow/dags/newyork_fhv_gold.py
[2026-05-09T03:51:45.218+0000] {logging_mixin.py:188} INFO - [2026-05-09T03:51:45.218+0000] {dag.py:3096} INFO - Sync 1 DAGs
[2026-05-09T03:51:45.234+0000] {logging_mixin.py:188} INFO - [2026-05-09T03:51:45.234+0000] {dag.py:3954} INFO - Setting next_dagrun for newyork_fhv_gold to None, run_after=None
[2026-05-09T03:51:45.261+0000] {processor.py:183} INFO - Processing /opt/airflow/dags/newyork_fhv_gold.py took 0.123 seconds
[2026-05-09T03:52:16.148+0000] {processor.py:161} INFO - Started process (PID=5040) to work on /opt/airflow/dags/newyork_fhv_gold.py
[2026-05-09T03:52:16.151+0000] {processor.py:830} INFO - Processing file /opt/airflow/dags/newyork_fhv_gold.py for tasks to queue
[2026-05-09T03:52:16.155+0000] {logging_mixin.py:188} INFO - [2026-05-09T03:52:16.155+0000] {dagbag.py:545} INFO - Filling up the DagBag from /opt/airflow/dags/newyork_fhv_gold.py
[2026-05-09T03:52:16.200+0000] {processor.py:840} INFO - DAG(s) 'newyork_fhv_gold' retrieved from /opt/airflow/dags/newyork_fhv_gold.py
[2026-05-09T03:52:16.237+0000] {logging_mixin.py:188} INFO - [2026-05-09T03:52:16.237+0000] {dag.py:3096} INFO - Sync 1 DAGs
[2026-05-09T03:52:16.264+0000] {logging_mixin.py:188} INFO - [2026-05-09T03:52:16.264+0000] {dag.py:3954} INFO - Setting next_dagrun for newyork_fhv_gold to None, run_after=None
[2026-05-09T03:52:16.310+0000] {processor.py:183} INFO - Processing /opt/airflow/dags/newyork_fhv_gold.py took 0.172 seconds
[2026-05-09T03:52:47.122+0000] {processor.py:161} INFO - Started process (PID=5051) to work on /opt/airflow/dags/newyork_fhv_gold.py
[2026-05-09T03:52:47.123+0000] {processor.py:830} INFO - Processing file /opt/airflow/dags/newyork_fhv_gold.py for tasks to queue
[2026-05-09T03:52:47.127+0000] {logging_mixin.py:188} INFO - [2026-05-09T03:52:47.126+0000] {dagbag.py:545} INFO - Filling up the DagBag from /opt/airflow/dags/newyork_fhv_gold.py
[2026-05-09T03:52:47.150+0000] {processor.py:840} INFO - DAG(s) 'newyork_fhv_gold' retrieved from /opt/airflow/dags/newyork_fhv_gold.py
[2026-05-09T03:52:47.174+0000] {logging_mixin.py:188} INFO - [2026-05-09T03:52:47.174+0000] {dag.py:3096} INFO - Sync 1 DAGs
[2026-05-09T03:52:47.188+0000] {logging_mixin.py:188} INFO - [2026-05-09T03:52:47.188+0000] {dag.py:3954} INFO - Setting next_dagrun for newyork_fhv_gold to None, run_after=None
[2026-05-09T03:52:47.216+0000] {processor.py:183} INFO - Processing /opt/airflow/dags/newyork_fhv_gold.py took 0.103 seconds
[2026-05-09T03:53:18.032+0000] {processor.py:161} INFO - Started process (PID=5062) to work on /opt/airflow/dags/newyork_fhv_gold.py
[2026-05-09T03:53:18.034+0000] {processor.py:830} INFO - Processing file /opt/airflow/dags/newyork_fhv_gold.py for tasks to queue
[2026-05-09T03:53:18.038+0000] {logging_mixin.py:188} INFO - [2026-05-09T03:53:18.038+0000] {dagbag.py:545} INFO - Filling up the DagBag from /opt/airflow/dags/newyork_fhv_gold.py
[2026-05-09T03:53:18.081+0000] {processor.py:840} INFO - DAG(s) 'newyork_fhv_gold' retrieved from /opt/airflow/dags/newyork_fhv_gold.py
[2026-05-09T03:53:18.113+0000] {logging_mixin.py:188} INFO - [2026-05-09T03:53:18.113+0000] {dag.py:3096} INFO - Sync 1 DAGs
[2026-05-09T03:53:18.128+0000] {logging_mixin.py:188} INFO - [2026-05-09T03:53:18.128+0000] {dag.py:3954} INFO - Setting next_dagrun for newyork_fhv_gold to None, run_after=None
[2026-05-09T03:53:18.156+0000] {processor.py:183} INFO - Processing /opt/airflow/dags/newyork_fhv_gold.py took 0.136 seconds
[2026-05-09T03:53:49.176+0000] {processor.py:161} INFO - Started process (PID=5073) to work on /opt/airflow/dags/newyork_fhv_gold.py
[2026-05-09T03:53:49.179+0000] {processor.py:830} INFO - Processing file /opt/airflow/dags/newyork_fhv_gold.py for tasks to queue
[2026-05-09T03:53:49.182+0000] {logging_mixin.py:188} INFO - [2026-05-09T03:53:49.182+0000] {dagbag.py:545} INFO - Filling up the DagBag from /opt/airflow/dags/newyork_fhv_gold.py
[2026-05-09T03:53:49.230+0000] {processor.py:840} INFO - DAG(s) 'newyork_fhv_gold' retrieved from /opt/airflow/dags/newyork_fhv_gold.py
[2026-05-09T03:53:49.266+0000] {logging_mixin.py:188} INFO - [2026-05-09T03:53:49.265+0000] {dag.py:3096} INFO - Sync 1 DAGs
[2026-05-09T03:53:49.296+0000] {logging_mixin.py:188} INFO - [2026-05-09T03:53:49.295+0000] {dag.py:3954} INFO - Setting next_dagrun for newyork_fhv_gold to None, run_after=None
[2026-05-09T03:53:49.340+0000] {processor.py:183} INFO - Processing /opt/airflow/dags/newyork_fhv_gold.py took 0.176 seconds
[2026-05-09T03:54:19.561+0000] {processor.py:161} INFO - Started process (PID=5084) to work on /opt/airflow/dags/newyork_fhv_gold.py
[2026-05-09T03:54:19.563+0000] {processor.py:830} INFO - Processing file /opt/airflow/dags/newyork_fhv_gold.py for tasks to queue
[2026-05-09T03:54:19.566+0000] {logging_mixin.py:188} INFO - [2026-05-09T03:54:19.566+0000] {dagbag.py:545} INFO - Filling up the DagBag from /opt/airflow/dags/newyork_fhv_gold.py
[2026-05-09T03:54:19.618+0000] {processor.py:840} INFO - DAG(s) 'newyork_fhv_gold' retrieved from /opt/airflow/dags/newyork_fhv_gold.py
[2026-05-09T03:54:19.644+0000] {logging_mixin.py:188} INFO - [2026-05-09T03:54:19.644+0000] {dag.py:3096} INFO - Sync 1 DAGs
[2026-05-09T03:54:19.662+0000] {logging_mixin.py:188} INFO - [2026-05-09T03:54:19.662+0000] {dag.py:3954} INFO - Setting next_dagrun for newyork_fhv_gold to None, run_after=None
[2026-05-09T03:54:19.689+0000] {processor.py:183} INFO - Processing /opt/airflow/dags/newyork_fhv_gold.py took 0.140 seconds
[2026-05-09T03:54:50.522+0000] {processor.py:161} INFO - Started process (PID=5095) to work on /opt/airflow/dags/newyork_fhv_gold.py
[2026-05-09T03:54:50.524+0000] {processor.py:830} INFO - Processing file /opt/airflow/dags/newyork_fhv_gold.py for tasks to queue
[2026-05-09T03:54:50.528+0000] {logging_mixin.py:188} INFO - [2026-05-09T03:54:50.527+0000] {dagbag.py:545} INFO - Filling up the DagBag from /opt/airflow/dags/newyork_fhv_gold.py
[2026-05-09T03:54:50.565+0000] {processor.py:840} INFO - DAG(s) 'newyork_fhv_gold' retrieved from /opt/airflow/dags/newyork_fhv_gold.py
[2026-05-09T03:54:50.588+0000] {logging_mixin.py:188} INFO - [2026-05-09T03:54:50.588+0000] {dag.py:3096} INFO - Sync 1 DAGs
[2026-05-09T03:54:50.795+0000] {logging_mixin.py:188} INFO - [2026-05-09T03:54:50.795+0000] {dag.py:3954} INFO - Setting next_dagrun for newyork_fhv_gold to None, run_after=None
[2026-05-09T03:54:50.820+0000] {processor.py:183} INFO - Processing /opt/airflow/dags/newyork_fhv_gold.py took 0.309 seconds
[2026-05-09T03:55:21.419+0000] {processor.py:161} INFO - Started process (PID=5106) to work on /opt/airflow/dags/newyork_fhv_gold.py
[2026-05-09T03:55:21.421+0000] {processor.py:830} INFO - Processing file /opt/airflow/dags/newyork_fhv_gold.py for tasks to queue
[2026-05-09T03:55:21.424+0000] {logging_mixin.py:188} INFO - [2026-05-09T03:55:21.424+0000] {dagbag.py:545} INFO - Filling up the DagBag from /opt/airflow/dags/newyork_fhv_gold.py
[2026-05-09T03:55:21.471+0000] {processor.py:840} INFO - DAG(s) 'newyork_fhv_gold' retrieved from /opt/airflow/dags/newyork_fhv_gold.py
[2026-05-09T03:55:21.498+0000] {logging_mixin.py:188} INFO - [2026-05-09T03:55:21.498+0000] {dag.py:3096} INFO - Sync 1 DAGs
[2026-05-09T03:55:21.517+0000] {logging_mixin.py:188} INFO - [2026-05-09T03:55:21.516+0000] {dag.py:3954} INFO - Setting next_dagrun for newyork_fhv_gold to None, run_after=None
[2026-05-09T03:55:21.545+0000] {processor.py:183} INFO - Processing /opt/airflow/dags/newyork_fhv_gold.py took 0.133 seconds
[2026-05-09T03:55:52.425+0000] {processor.py:161} INFO - Started process (PID=5117) to work on /opt/airflow/dags/newyork_fhv_gold.py
[2026-05-09T03:55:52.427+0000] {processor.py:830} INFO - Processing file /opt/airflow/dags/newyork_fhv_gold.py for tasks to queue
[2026-05-09T03:55:52.430+0000] {logging_mixin.py:188} INFO - [2026-05-09T03:55:52.430+0000] {dagbag.py:545} INFO - Filling up the DagBag from /opt/airflow/dags/newyork_fhv_gold.py
[2026-05-09T03:55:52.478+0000] {processor.py:840} INFO - DAG(s) 'newyork_fhv_gold' retrieved from /opt/airflow/dags/newyork_fhv_gold.py
[2026-05-09T03:55:52.510+0000] {logging_mixin.py:188} INFO - [2026-05-09T03:55:52.509+0000] {dag.py:3096} INFO - Sync 1 DAGs
[2026-05-09T03:55:52.524+0000] {logging_mixin.py:188} INFO - [2026-05-09T03:55:52.524+0000] {dag.py:3954} INFO - Setting next_dagrun for newyork_fhv_gold to None, run_after=None
[2026-05-09T03:55:52.555+0000] {processor.py:183} INFO - Processing /opt/airflow/dags/newyork_fhv_gold.py took 0.137 seconds
[2026-05-09T03:56:23.268+0000] {processor.py:161} INFO - Started process (PID=5128) to work on /opt/airflow/dags/newyork_fhv_gold.py
[2026-05-09T03:56:23.270+0000] {processor.py:830} INFO - Processing file /opt/airflow/dags/newyork_fhv_gold.py for tasks to queue
[2026-05-09T03:56:23.273+0000] {logging_mixin.py:188} INFO - [2026-05-09T03:56:23.273+0000] {dagbag.py:545} INFO - Filling up the DagBag from /opt/airflow/dags/newyork_fhv_gold.py
[2026-05-09T03:56:23.300+0000] {processor.py:840} INFO - DAG(s) 'newyork_fhv_gold' retrieved from /opt/airflow/dags/newyork_fhv_gold.py
[2026-05-09T03:56:23.322+0000] {logging_mixin.py:188} INFO - [2026-05-09T03:56:23.322+0000] {dag.py:3096} INFO - Sync 1 DAGs
[2026-05-09T03:56:23.482+0000] {logging_mixin.py:188} INFO - [2026-05-09T03:56:23.482+0000] {dag.py:3954} INFO - Setting next_dagrun for newyork_fhv_gold to None, run_after=None
[2026-05-09T03:56:23.510+0000] {processor.py:183} INFO - Processing /opt/airflow/dags/newyork_fhv_gold.py took 0.251 seconds
[2026-05-09T03:56:54.362+0000] {processor.py:161} INFO - Started process (PID=5139) to work on /opt/airflow/dags/newyork_fhv_gold.py
[2026-05-09T03:56:54.363+0000] {processor.py:830} INFO - Processing file /opt/airflow/dags/newyork_fhv_gold.py for tasks to queue
[2026-05-09T03:56:54.366+0000] {logging_mixin.py:188} INFO - [2026-05-09T03:56:54.365+0000] {dagbag.py:545} INFO - Filling up the DagBag from /opt/airflow/dags/newyork_fhv_gold.py
[2026-05-09T03:56:54.386+0000] {processor.py:840} INFO - DAG(s) 'newyork_fhv_gold' retrieved from /opt/airflow/dags/newyork_fhv_gold.py
[2026-05-09T03:56:54.412+0000] {logging_mixin.py:188} INFO - [2026-05-09T03:56:54.411+0000] {dag.py:3096} INFO - Sync 1 DAGs
[2026-05-09T03:56:54.428+0000] {logging_mixin.py:188} INFO - [2026-05-09T03:56:54.428+0000] {dag.py:3954} INFO - Setting next_dagrun for newyork_fhv_gold to None, run_after=None
[2026-05-09T03:56:54.455+0000] {processor.py:183} INFO - Processing /opt/airflow/dags/newyork_fhv_gold.py took 0.100 seconds
[2026-05-09T03:57:25.138+0000] {processor.py:161} INFO - Started process (PID=5150) to work on /opt/airflow/dags/newyork_fhv_gold.py
[2026-05-09T03:57:25.140+0000] {processor.py:830} INFO - Processing file /opt/airflow/dags/newyork_fhv_gold.py for tasks to queue
[2026-05-09T03:57:25.143+0000] {logging_mixin.py:188} INFO - [2026-05-09T03:57:25.142+0000] {dagbag.py:545} INFO - Filling up the DagBag from /opt/airflow/dags/newyork_fhv_gold.py
[2026-05-09T03:57:25.184+0000] {processor.py:840} INFO - DAG(s) 'newyork_fhv_gold' retrieved from /opt/airflow/dags/newyork_fhv_gold.py
[2026-05-09T03:57:25.218+0000] {logging_mixin.py:188} INFO - [2026-05-09T03:57:25.218+0000] {dag.py:3096} INFO - Sync 1 DAGs
[2026-05-09T03:57:25.234+0000] {logging_mixin.py:188} INFO - [2026-05-09T03:57:25.233+0000] {dag.py:3954} INFO - Setting next_dagrun for newyork_fhv_gold to None, run_after=None
[2026-05-09T03:57:25.261+0000] {processor.py:183} INFO - Processing /opt/airflow/dags/newyork_fhv_gold.py took 0.133 seconds
[2026-05-09T03:57:56.132+0000] {processor.py:161} INFO - Started process (PID=5161) to work on /opt/airflow/dags/newyork_fhv_gold.py
[2026-05-09T03:57:56.134+0000] {processor.py:830} INFO - Processing file /opt/airflow/dags/newyork_fhv_gold.py for tasks to queue
[2026-05-09T03:57:56.138+0000] {logging_mixin.py:188} INFO - [2026-05-09T03:57:56.138+0000] {dagbag.py:545} INFO - Filling up the DagBag from /opt/airflow/dags/newyork_fhv_gold.py
[2026-05-09T03:57:56.172+0000] {processor.py:840} INFO - DAG(s) 'newyork_fhv_gold' retrieved from /opt/airflow/dags/newyork_fhv_gold.py
[2026-05-09T03:57:56.199+0000] {logging_mixin.py:188} INFO - [2026-05-09T03:57:56.199+0000] {dag.py:3096} INFO - Sync 1 DAGs
[2026-05-09T03:57:56.422+0000] {logging_mixin.py:188} INFO - [2026-05-09T03:57:56.421+0000] {dag.py:3954} INFO - Setting next_dagrun for newyork_fhv_gold to None, run_after=None
[2026-05-09T03:57:56.454+0000] {processor.py:183} INFO - Processing /opt/airflow/dags/newyork_fhv_gold.py took 0.334 seconds
[2026-05-09T03:58:26.552+0000] {processor.py:161} INFO - Started process (PID=5172) to work on /opt/airflow/dags/newyork_fhv_gold.py
[2026-05-09T03:58:26.553+0000] {processor.py:830} INFO - Processing file /opt/airflow/dags/newyork_fhv_gold.py for tasks to queue
[2026-05-09T03:58:26.556+0000] {logging_mixin.py:188} INFO - [2026-05-09T03:58:26.555+0000] {dagbag.py:545} INFO - Filling up the DagBag from /opt/airflow/dags/newyork_fhv_gold.py
[2026-05-09T03:58:26.586+0000] {processor.py:840} INFO - DAG(s) 'newyork_fhv_gold' retrieved from /opt/airflow/dags/newyork_fhv_gold.py
[2026-05-09T03:58:26.615+0000] {logging_mixin.py:188} INFO - [2026-05-09T03:58:26.615+0000] {dag.py:3096} INFO - Sync 1 DAGs
[2026-05-09T03:58:26.634+0000] {logging_mixin.py:188} INFO - [2026-05-09T03:58:26.634+0000] {dag.py:3954} INFO - Setting next_dagrun for newyork_fhv_gold to None, run_after=None
[2026-05-09T03:58:26.885+0000] {processor.py:183} INFO - Processing /opt/airflow/dags/newyork_fhv_gold.py took 0.343 seconds
[2026-05-09T03:58:57.857+0000] {processor.py:161} INFO - Started process (PID=5183) to work on /opt/airflow/dags/newyork_fhv_gold.py
[2026-05-09T03:58:57.860+0000] {processor.py:830} INFO - Processing file /opt/airflow/dags/newyork_fhv_gold.py for tasks to queue
[2026-05-09T03:58:57.862+0000] {logging_mixin.py:188} INFO - [2026-05-09T03:58:57.862+0000] {dagbag.py:545} INFO - Filling up the DagBag from /opt/airflow/dags/newyork_fhv_gold.py
[2026-05-09T03:58:57.899+0000] {processor.py:840} INFO - DAG(s) 'newyork_fhv_gold' retrieved from /opt/airflow/dags/newyork_fhv_gold.py
[2026-05-09T03:58:57.922+0000] {logging_mixin.py:188} INFO - [2026-05-09T03:58:57.922+0000] {dag.py:3096} INFO - Sync 1 DAGs
[2026-05-09T03:58:57.936+0000] {logging_mixin.py:188} INFO - [2026-05-09T03:58:57.936+0000] {dag.py:3954} INFO - Setting next_dagrun for newyork_fhv_gold to None, run_after=None
[2026-05-09T03:58:57.965+0000] {processor.py:183} INFO - Processing /opt/airflow/dags/newyork_fhv_gold.py took 0.116 seconds
[2026-05-09T03:59:28.976+0000] {processor.py:161} INFO - Started process (PID=5194) to work on /opt/airflow/dags/newyork_fhv_gold.py
[2026-05-09T03:59:28.983+0000] {processor.py:830} INFO - Processing file /opt/airflow/dags/newyork_fhv_gold.py for tasks to queue
[2026-05-09T03:59:28.986+0000] {logging_mixin.py:188} INFO - [2026-05-09T03:59:28.985+0000] {dagbag.py:545} INFO - Filling up the DagBag from /opt/airflow/dags/newyork_fhv_gold.py
[2026-05-09T03:59:29.019+0000] {processor.py:840} INFO - DAG(s) 'newyork_fhv_gold' retrieved from /opt/airflow/dags/newyork_fhv_gold.py
[2026-05-09T03:59:29.041+0000] {logging_mixin.py:188} INFO - [2026-05-09T03:59:29.040+0000] {dag.py:3096} INFO - Sync 1 DAGs
[2026-05-09T03:59:29.217+0000] {logging_mixin.py:188} INFO - [2026-05-09T03:59:29.216+0000] {dag.py:3954} INFO - Setting next_dagrun for newyork_fhv_gold to None, run_after=None
[2026-05-09T03:59:29.244+0000] {processor.py:183} INFO - Processing /opt/airflow/dags/newyork_fhv_gold.py took 0.276 seconds
[2026-05-09T03:59:59.905+0000] {processor.py:161} INFO - Started process (PID=5206) to work on /opt/airflow/dags/newyork_fhv_gold.py
[2026-05-09T03:59:59.907+0000] {processor.py:830} INFO - Processing file /opt/airflow/dags/newyork_fhv_gold.py for tasks to queue
[2026-05-09T03:59:59.910+0000] {logging_mixin.py:188} INFO - [2026-05-09T03:59:59.910+0000] {dagbag.py:545} INFO - Filling up the DagBag from /opt/airflow/dags/newyork_fhv_gold.py
[2026-05-09T03:59:59.960+0000] {processor.py:840} INFO - DAG(s) 'newyork_fhv_gold' retrieved from /opt/airflow/dags/newyork_fhv_gold.py
[2026-05-09T04:00:00.003+0000] {logging_mixin.py:188} INFO - [2026-05-09T04:00:00.003+0000] {dag.py:3096} INFO - Sync 1 DAGs
[2026-05-09T04:00:00.027+0000] {logging_mixin.py:188} INFO - [2026-05-09T04:00:00.027+0000] {dag.py:3954} INFO - Setting next_dagrun for newyork_fhv_gold to None, run_after=None
[2026-05-09T04:00:00.057+0000] {processor.py:183} INFO - Processing /opt/airflow/dags/newyork_fhv_gold.py took 0.160 seconds
[2026-05-09T04:00:30.712+0000] {processor.py:161} INFO - Started process (PID=5217) to work on /opt/airflow/dags/newyork_fhv_gold.py
[2026-05-09T04:00:30.714+0000] {processor.py:830} INFO - Processing file /opt/airflow/dags/newyork_fhv_gold.py for tasks to queue
[2026-05-09T04:00:30.716+0000] {logging_mixin.py:188} INFO - [2026-05-09T04:00:30.716+0000] {dagbag.py:545} INFO - Filling up the DagBag from /opt/airflow/dags/newyork_fhv_gold.py
[2026-05-09T04:00:30.739+0000] {processor.py:840} INFO - DAG(s) 'newyork_fhv_gold' retrieved from /opt/airflow/dags/newyork_fhv_gold.py
[2026-05-09T04:00:30.764+0000] {logging_mixin.py:188} INFO - [2026-05-09T04:00:30.763+0000] {dag.py:3096} INFO - Sync 1 DAGs
[2026-05-09T04:00:30.777+0000] {logging_mixin.py:188} INFO - [2026-05-09T04:00:30.777+0000] {dag.py:3954} INFO - Setting next_dagrun for newyork_fhv_gold to None, run_after=None
[2026-05-09T04:00:30.805+0000] {processor.py:183} INFO - Processing /opt/airflow/dags/newyork_fhv_gold.py took 0.099 seconds
[2026-05-09T04:01:01.537+0000] {processor.py:161} INFO - Started process (PID=5234) to work on /opt/airflow/dags/newyork_fhv_gold.py
[2026-05-09T04:01:01.540+0000] {processor.py:830} INFO - Processing file /opt/airflow/dags/newyork_fhv_gold.py for tasks to queue
[2026-05-09T04:01:01.543+0000] {logging_mixin.py:188} INFO - [2026-05-09T04:01:01.542+0000] {dagbag.py:545} INFO - Filling up the DagBag from /opt/airflow/dags/newyork_fhv_gold.py
[2026-05-09T04:01:01.583+0000] {processor.py:840} INFO - DAG(s) 'newyork_fhv_gold' retrieved from /opt/airflow/dags/newyork_fhv_gold.py
[2026-05-09T04:01:01.607+0000] {logging_mixin.py:188} INFO - [2026-05-09T04:01:01.606+0000] {dag.py:3096} INFO - Sync 1 DAGs
[2026-05-09T04:01:01.776+0000] {logging_mixin.py:188} INFO - [2026-05-09T04:01:01.776+0000] {dag.py:3954} INFO - Setting next_dagrun for newyork_fhv_gold to None, run_after=None
[2026-05-09T04:01:01.801+0000] {processor.py:183} INFO - Processing /opt/airflow/dags/newyork_fhv_gold.py took 0.272 seconds
[2026-05-09T04:01:32.133+0000] {processor.py:161} INFO - Started process (PID=5245) to work on /opt/airflow/dags/newyork_fhv_gold.py
[2026-05-09T04:01:32.136+0000] {processor.py:830} INFO - Processing file /opt/airflow/dags/newyork_fhv_gold.py for tasks to queue
[2026-05-09T04:01:32.140+0000] {logging_mixin.py:188} INFO - [2026-05-09T04:01:32.139+0000] {dagbag.py:545} INFO - Filling up the DagBag from /opt/airflow/dags/newyork_fhv_gold.py
[2026-05-09T04:01:32.191+0000] {processor.py:840} INFO - DAG(s) 'newyork_fhv_gold' retrieved from /opt/airflow/dags/newyork_fhv_gold.py
[2026-05-09T04:01:32.216+0000] {logging_mixin.py:188} INFO - [2026-05-09T04:01:32.216+0000] {dag.py:3096} INFO - Sync 1 DAGs
[2026-05-09T04:01:32.231+0000] {logging_mixin.py:188} INFO - [2026-05-09T04:01:32.230+0000] {dag.py:3954} INFO - Setting next_dagrun for newyork_fhv_gold to None, run_after=None
[2026-05-09T04:01:32.259+0000] {processor.py:183} INFO - Processing /opt/airflow/dags/newyork_fhv_gold.py took 0.141 seconds
[2026-05-09T04:02:02.529+0000] {processor.py:161} INFO - Started process (PID=5256) to work on /opt/airflow/dags/newyork_fhv_gold.py
[2026-05-09T04:02:02.531+0000] {processor.py:830} INFO - Processing file /opt/airflow/dags/newyork_fhv_gold.py for tasks to queue
[2026-05-09T04:02:02.535+0000] {logging_mixin.py:188} INFO - [2026-05-09T04:02:02.535+0000] {dagbag.py:545} INFO - Filling up the DagBag from /opt/airflow/dags/newyork_fhv_gold.py
[2026-05-09T04:02:02.559+0000] {processor.py:840} INFO - DAG(s) 'newyork_fhv_gold' retrieved from /opt/airflow/dags/newyork_fhv_gold.py
[2026-05-09T04:02:02.580+0000] {logging_mixin.py:188} INFO - [2026-05-09T04:02:02.580+0000] {dag.py:3096} INFO - Sync 1 DAGs
[2026-05-09T04:02:02.595+0000] {logging_mixin.py:188} INFO - [2026-05-09T04:02:02.595+0000] {dag.py:3954} INFO - Setting next_dagrun for newyork_fhv_gold to None, run_after=None
[2026-05-09T04:02:02.622+0000] {processor.py:183} INFO - Processing /opt/airflow/dags/newyork_fhv_gold.py took 0.104 seconds
[2026-05-09T04:02:32.928+0000] {processor.py:161} INFO - Started process (PID=5267) to work on /opt/airflow/dags/newyork_fhv_gold.py
[2026-05-09T04:02:32.930+0000] {processor.py:830} INFO - Processing file /opt/airflow/dags/newyork_fhv_gold.py for tasks to queue
[2026-05-09T04:02:32.935+0000] {logging_mixin.py:188} INFO - [2026-05-09T04:02:32.934+0000] {dagbag.py:545} INFO - Filling up the DagBag from /opt/airflow/dags/newyork_fhv_gold.py
[2026-05-09T04:02:32.982+0000] {processor.py:840} INFO - DAG(s) 'newyork_fhv_gold' retrieved from /opt/airflow/dags/newyork_fhv_gold.py
[2026-05-09T04:02:33.008+0000] {logging_mixin.py:188} INFO - [2026-05-09T04:02:33.008+0000] {dag.py:3096} INFO - Sync 1 DAGs
[2026-05-09T04:02:33.171+0000] {logging_mixin.py:188} INFO - [2026-05-09T04:02:33.171+0000] {dag.py:3954} INFO - Setting next_dagrun for newyork_fhv_gold to None, run_after=None
[2026-05-09T04:02:33.193+0000] {processor.py:183} INFO - Processing /opt/airflow/dags/newyork_fhv_gold.py took 0.278 seconds
[2026-05-09T04:03:03.601+0000] {processor.py:161} INFO - Started process (PID=5278) to work on /opt/airflow/dags/newyork_fhv_gold.py
[2026-05-09T04:03:03.604+0000] {processor.py:830} INFO - Processing file /opt/airflow/dags/newyork_fhv_gold.py for tasks to queue
[2026-05-09T04:03:03.609+0000] {logging_mixin.py:188} INFO - [2026-05-09T04:03:03.608+0000] {dagbag.py:545} INFO - Filling up the DagBag from /opt/airflow/dags/newyork_fhv_gold.py
[2026-05-09T04:03:03.648+0000] {processor.py:840} INFO - DAG(s) 'newyork_fhv_gold' retrieved from /opt/airflow/dags/newyork_fhv_gold.py
[2026-05-09T04:03:03.679+0000] {logging_mixin.py:188} INFO - [2026-05-09T04:03:03.679+0000] {dag.py:3096} INFO - Sync 1 DAGs
[2026-05-09T04:03:03.697+0000] {logging_mixin.py:188} INFO - [2026-05-09T04:03:03.696+0000] {dag.py:3954} INFO - Setting next_dagrun for newyork_fhv_gold to None, run_after=None
[2026-05-09T04:03:03.728+0000] {processor.py:183} INFO - Processing /opt/airflow/dags/newyork_fhv_gold.py took 0.139 seconds
[2026-05-09T04:03:34.638+0000] {processor.py:161} INFO - Started process (PID=5289) to work on /opt/airflow/dags/newyork_fhv_gold.py
[2026-05-09T04:03:34.639+0000] {processor.py:830} INFO - Processing file /opt/airflow/dags/newyork_fhv_gold.py for tasks to queue
[2026-05-09T04:03:34.642+0000] {logging_mixin.py:188} INFO - [2026-05-09T04:03:34.641+0000] {dagbag.py:545} INFO - Filling up the DagBag from /opt/airflow/dags/newyork_fhv_gold.py
[2026-05-09T04:03:34.664+0000] {processor.py:840} INFO - DAG(s) 'newyork_fhv_gold' retrieved from /opt/airflow/dags/newyork_fhv_gold.py
[2026-05-09T04:03:34.690+0000] {logging_mixin.py:188} INFO - [2026-05-09T04:03:34.689+0000] {dag.py:3096} INFO - Sync 1 DAGs
[2026-05-09T04:03:34.703+0000] {logging_mixin.py:188} INFO - [2026-05-09T04:03:34.703+0000] {dag.py:3954} INFO - Setting next_dagrun for newyork_fhv_gold to None, run_after=None
[2026-05-09T04:03:34.732+0000] {processor.py:183} INFO - Processing /opt/airflow/dags/newyork_fhv_gold.py took 0.103 seconds
[2026-05-09T04:04:05.696+0000] {processor.py:161} INFO - Started process (PID=5300) to work on /opt/airflow/dags/newyork_fhv_gold.py
[2026-05-09T04:04:05.698+0000] {processor.py:830} INFO - Processing file /opt/airflow/dags/newyork_fhv_gold.py for tasks to queue
[2026-05-09T04:04:05.701+0000] {logging_mixin.py:188} INFO - [2026-05-09T04:04:05.701+0000] {dagbag.py:545} INFO - Filling up the DagBag from /opt/airflow/dags/newyork_fhv_gold.py
[2026-05-09T04:04:05.733+0000] {processor.py:840} INFO - DAG(s) 'newyork_fhv_gold' retrieved from /opt/airflow/dags/newyork_fhv_gold.py
[2026-05-09T04:04:05.759+0000] {logging_mixin.py:188} INFO - [2026-05-09T04:04:05.758+0000] {dag.py:3096} INFO - Sync 1 DAGs
[2026-05-09T04:04:05.774+0000] {logging_mixin.py:188} INFO - [2026-05-09T04:04:05.774+0000] {dag.py:3954} INFO - Setting next_dagrun for newyork_fhv_gold to None, run_after=None
[2026-05-09T04:04:05.801+0000] {processor.py:183} INFO - Processing /opt/airflow/dags/newyork_fhv_gold.py took 0.114 seconds
[2026-05-09T04:04:36.659+0000] {processor.py:161} INFO - Started process (PID=5311) to work on /opt/airflow/dags/newyork_fhv_gold.py
[2026-05-09T04:04:36.662+0000] {processor.py:830} INFO - Processing file /opt/airflow/dags/newyork_fhv_gold.py for tasks to queue
[2026-05-09T04:04:36.667+0000] {logging_mixin.py:188} INFO - [2026-05-09T04:04:36.666+0000] {dagbag.py:545} INFO - Filling up the DagBag from /opt/airflow/dags/newyork_fhv_gold.py
[2026-05-09T04:04:36.705+0000] {processor.py:840} INFO - DAG(s) 'newyork_fhv_gold' retrieved from /opt/airflow/dags/newyork_fhv_gold.py
[2026-05-09T04:04:36.737+0000] {logging_mixin.py:188} INFO - [2026-05-09T04:04:36.736+0000] {dag.py:3096} INFO - Sync 1 DAGs
[2026-05-09T04:04:36.761+0000] {logging_mixin.py:188} INFO - [2026-05-09T04:04:36.761+0000] {dag.py:3954} INFO - Setting next_dagrun for newyork_fhv_gold to None, run_after=None
[2026-05-09T04:04:36.801+0000] {processor.py:183} INFO - Processing /opt/airflow/dags/newyork_fhv_gold.py took 0.151 seconds
[2026-05-09T04:05:07.677+0000] {processor.py:161} INFO - Started process (PID=5322) to work on /opt/airflow/dags/newyork_fhv_gold.py
[2026-05-09T04:05:07.679+0000] {processor.py:830} INFO - Processing file /opt/airflow/dags/newyork_fhv_gold.py for tasks to queue
[2026-05-09T04:05:07.682+0000] {logging_mixin.py:188} INFO - [2026-05-09T04:05:07.682+0000] {dagbag.py:545} INFO - Filling up the DagBag from /opt/airflow/dags/newyork_fhv_gold.py
[2026-05-09T04:05:07.703+0000] {processor.py:840} INFO - DAG(s) 'newyork_fhv_gold' retrieved from /opt/airflow/dags/newyork_fhv_gold.py
[2026-05-09T04:05:07.727+0000] {logging_mixin.py:188} INFO - [2026-05-09T04:05:07.727+0000] {dag.py:3096} INFO - Sync 1 DAGs
[2026-05-09T04:05:07.742+0000] {logging_mixin.py:188} INFO - [2026-05-09T04:05:07.742+0000] {dag.py:3954} INFO - Setting next_dagrun for newyork_fhv_gold to None, run_after=None
[2026-05-09T04:05:07.991+0000] {processor.py:183} INFO - Processing /opt/airflow/dags/newyork_fhv_gold.py took 0.322 seconds
[2026-05-09T04:05:38.918+0000] {processor.py:161} INFO - Started process (PID=5333) to work on /opt/airflow/dags/newyork_fhv_gold.py
[2026-05-09T04:05:38.920+0000] {processor.py:830} INFO - Processing file /opt/airflow/dags/newyork_fhv_gold.py for tasks to queue
[2026-05-09T04:05:38.924+0000] {logging_mixin.py:188} INFO - [2026-05-09T04:05:38.924+0000] {dagbag.py:545} INFO - Filling up the DagBag from /opt/airflow/dags/newyork_fhv_gold.py
[2026-05-09T04:05:38.982+0000] {processor.py:840} INFO - DAG(s) 'newyork_fhv_gold' retrieved from /opt/airflow/dags/newyork_fhv_gold.py
[2026-05-09T04:05:39.017+0000] {logging_mixin.py:188} INFO - [2026-05-09T04:05:39.017+0000] {dag.py:3096} INFO - Sync 1 DAGs
[2026-05-09T04:05:39.031+0000] {logging_mixin.py:188} INFO - [2026-05-09T04:05:39.031+0000] {dag.py:3954} INFO - Setting next_dagrun for newyork_fhv_gold to None, run_after=None
[2026-05-09T04:05:39.060+0000] {processor.py:183} INFO - Processing /opt/airflow/dags/newyork_fhv_gold.py took 0.154 seconds
[2026-05-09T04:06:09.989+0000] {processor.py:161} INFO - Started process (PID=5344) to work on /opt/airflow/dags/newyork_fhv_gold.py
[2026-05-09T04:06:09.991+0000] {processor.py:830} INFO - Processing file /opt/airflow/dags/newyork_fhv_gold.py for tasks to queue
[2026-05-09T04:06:09.994+0000] {logging_mixin.py:188} INFO - [2026-05-09T04:06:09.994+0000] {dagbag.py:545} INFO - Filling up the DagBag from /opt/airflow/dags/newyork_fhv_gold.py
[2026-05-09T04:06:10.033+0000] {processor.py:840} INFO - DAG(s) 'newyork_fhv_gold' retrieved from /opt/airflow/dags/newyork_fhv_gold.py
[2026-05-09T04:06:10.059+0000] {logging_mixin.py:188} INFO - [2026-05-09T04:06:10.058+0000] {dag.py:3096} INFO - Sync 1 DAGs
[2026-05-09T04:06:10.074+0000] {logging_mixin.py:188} INFO - [2026-05-09T04:06:10.073+0000] {dag.py:3954} INFO - Setting next_dagrun for newyork_fhv_gold to None, run_after=None
[2026-05-09T04:06:10.101+0000] {processor.py:183} INFO - Processing /opt/airflow/dags/newyork_fhv_gold.py took 0.121 seconds
[2026-05-09T04:06:40.995+0000] {processor.py:161} INFO - Started process (PID=5355) to work on /opt/airflow/dags/newyork_fhv_gold.py
[2026-05-09T04:06:41.000+0000] {processor.py:830} INFO - Processing file /opt/airflow/dags/newyork_fhv_gold.py for tasks to queue
[2026-05-09T04:06:41.004+0000] {logging_mixin.py:188} INFO - [2026-05-09T04:06:41.003+0000] {dagbag.py:545} INFO - Filling up the DagBag from /opt/airflow/dags/newyork_fhv_gold.py
[2026-05-09T04:06:41.071+0000] {processor.py:840} INFO - DAG(s) 'newyork_fhv_gold' retrieved from /opt/airflow/dags/newyork_fhv_gold.py
[2026-05-09T04:06:41.098+0000] {logging_mixin.py:188} INFO - [2026-05-09T04:06:41.097+0000] {dag.py:3096} INFO - Sync 1 DAGs
[2026-05-09T04:06:41.116+0000] {logging_mixin.py:188} INFO - [2026-05-09T04:06:41.116+0000] {dag.py:3954} INFO - Setting next_dagrun for newyork_fhv_gold to None, run_after=None
[2026-05-09T04:06:41.153+0000] {processor.py:183} INFO - Processing /opt/airflow/dags/newyork_fhv_gold.py took 0.170 seconds
[2026-05-09T04:07:11.980+0000] {processor.py:161} INFO - Started process (PID=5366) to work on /opt/airflow/dags/newyork_fhv_gold.py
[2026-05-09T04:07:11.982+0000] {processor.py:830} INFO - Processing file /opt/airflow/dags/newyork_fhv_gold.py for tasks to queue
[2026-05-09T04:07:11.985+0000] {logging_mixin.py:188} INFO - [2026-05-09T04:07:11.985+0000] {dagbag.py:545} INFO - Filling up the DagBag from /opt/airflow/dags/newyork_fhv_gold.py
[2026-05-09T04:07:12.012+0000] {processor.py:840} INFO - DAG(s) 'newyork_fhv_gold' retrieved from /opt/airflow/dags/newyork_fhv_gold.py
[2026-05-09T04:07:12.034+0000] {logging_mixin.py:188} INFO - [2026-05-09T04:07:12.034+0000] {dag.py:3096} INFO - Sync 1 DAGs
[2026-05-09T04:07:12.047+0000] {logging_mixin.py:188} INFO - [2026-05-09T04:07:12.047+0000] {dag.py:3954} INFO - Setting next_dagrun for newyork_fhv_gold to None, run_after=None
[2026-05-09T04:07:12.072+0000] {processor.py:183} INFO - Processing /opt/airflow/dags/newyork_fhv_gold.py took 0.102 seconds
[2026-05-09T04:07:42.898+0000] {processor.py:161} INFO - Started process (PID=5377) to work on /opt/airflow/dags/newyork_fhv_gold.py
[2026-05-09T04:07:42.901+0000] {processor.py:830} INFO - Processing file /opt/airflow/dags/newyork_fhv_gold.py for tasks to queue
[2026-05-09T04:07:42.906+0000] {logging_mixin.py:188} INFO - [2026-05-09T04:07:42.906+0000] {dagbag.py:545} INFO - Filling up the DagBag from /opt/airflow/dags/newyork_fhv_gold.py
[2026-05-09T04:07:42.966+0000] {processor.py:840} INFO - DAG(s) 'newyork_fhv_gold' retrieved from /opt/airflow/dags/newyork_fhv_gold.py
[2026-05-09T04:07:43.000+0000] {logging_mixin.py:188} INFO - [2026-05-09T04:07:43.000+0000] {dag.py:3096} INFO - Sync 1 DAGs
[2026-05-09T04:07:43.016+0000] {logging_mixin.py:188} INFO - [2026-05-09T04:07:43.016+0000] {dag.py:3954} INFO - Setting next_dagrun for newyork_fhv_gold to None, run_after=None
[2026-05-09T04:07:43.047+0000] {processor.py:183} INFO - Processing /opt/airflow/dags/newyork_fhv_gold.py took 0.164 seconds
[2026-05-09T04:08:13.912+0000] {processor.py:161} INFO - Started process (PID=5388) to work on /opt/airflow/dags/newyork_fhv_gold.py
[2026-05-09T04:08:13.914+0000] {processor.py:830} INFO - Processing file /opt/airflow/dags/newyork_fhv_gold.py for tasks to queue
[2026-05-09T04:08:13.918+0000] {logging_mixin.py:188} INFO - [2026-05-09T04:08:13.918+0000] {dagbag.py:545} INFO - Filling up the DagBag from /opt/airflow/dags/newyork_fhv_gold.py
[2026-05-09T04:08:13.943+0000] {processor.py:840} INFO - DAG(s) 'newyork_fhv_gold' retrieved from /opt/airflow/dags/newyork_fhv_gold.py
[2026-05-09T04:08:13.970+0000] {logging_mixin.py:188} INFO - [2026-05-09T04:08:13.970+0000] {dag.py:3096} INFO - Sync 1 DAGs
[2026-05-09T04:08:13.987+0000] {logging_mixin.py:188} INFO - [2026-05-09T04:08:13.987+0000] {dag.py:3954} INFO - Setting next_dagrun for newyork_fhv_gold to None, run_after=None
[2026-05-09T04:08:14.015+0000] {processor.py:183} INFO - Processing /opt/airflow/dags/newyork_fhv_gold.py took 0.113 seconds
[2026-05-09T04:08:45.063+0000] {processor.py:161} INFO - Started process (PID=5399) to work on /opt/airflow/dags/newyork_fhv_gold.py
[2026-05-09T04:08:45.064+0000] {processor.py:830} INFO - Processing file /opt/airflow/dags/newyork_fhv_gold.py for tasks to queue
[2026-05-09T04:08:45.068+0000] {logging_mixin.py:188} INFO - [2026-05-09T04:08:45.067+0000] {dagbag.py:545} INFO - Filling up the DagBag from /opt/airflow/dags/newyork_fhv_gold.py
[2026-05-09T04:08:45.110+0000] {processor.py:840} INFO - DAG(s) 'newyork_fhv_gold' retrieved from /opt/airflow/dags/newyork_fhv_gold.py
[2026-05-09T04:08:45.140+0000] {logging_mixin.py:188} INFO - [2026-05-09T04:08:45.140+0000] {dag.py:3096} INFO - Sync 1 DAGs
[2026-05-09T04:08:45.158+0000] {logging_mixin.py:188} INFO - [2026-05-09T04:08:45.157+0000] {dag.py:3954} INFO - Setting next_dagrun for newyork_fhv_gold to None, run_after=None
[2026-05-09T04:08:45.186+0000] {processor.py:183} INFO - Processing /opt/airflow/dags/newyork_fhv_gold.py took 0.137 seconds
[2026-05-09T04:09:15.663+0000] {processor.py:161} INFO - Started process (PID=5410) to work on /opt/airflow/dags/newyork_fhv_gold.py
[2026-05-09T04:09:15.665+0000] {processor.py:830} INFO - Processing file /opt/airflow/dags/newyork_fhv_gold.py for tasks to queue
[2026-05-09T04:09:15.669+0000] {logging_mixin.py:188} INFO - [2026-05-09T04:09:15.668+0000] {dagbag.py:545} INFO - Filling up the DagBag from /opt/airflow/dags/newyork_fhv_gold.py
[2026-05-09T04:09:15.725+0000] {processor.py:840} INFO - DAG(s) 'newyork_fhv_gold' retrieved from /opt/airflow/dags/newyork_fhv_gold.py
[2026-05-09T04:09:15.760+0000] {logging_mixin.py:188} INFO - [2026-05-09T04:09:15.760+0000] {dag.py:3096} INFO - Sync 1 DAGs
[2026-05-09T04:09:15.777+0000] {logging_mixin.py:188} INFO - [2026-05-09T04:09:15.777+0000] {dag.py:3954} INFO - Setting next_dagrun for newyork_fhv_gold to None, run_after=None
[2026-05-09T04:09:15.836+0000] {processor.py:183} INFO - Processing /opt/airflow/dags/newyork_fhv_gold.py took 0.182 seconds
[2026-05-09T04:25:28.808+0000] {processor.py:161} INFO - Started process (PID=5421) to work on /opt/airflow/dags/newyork_fhv_gold.py
[2026-05-09T04:25:28.810+0000] {processor.py:830} INFO - Processing file /opt/airflow/dags/newyork_fhv_gold.py for tasks to queue
[2026-05-09T04:25:28.815+0000] {logging_mixin.py:188} INFO - [2026-05-09T04:25:28.814+0000] {dagbag.py:545} INFO - Filling up the DagBag from /opt/airflow/dags/newyork_fhv_gold.py
[2026-05-09T04:25:28.848+0000] {processor.py:840} INFO - DAG(s) 'newyork_fhv_gold' retrieved from /opt/airflow/dags/newyork_fhv_gold.py
[2026-05-09T04:25:28.880+0000] {logging_mixin.py:188} INFO - [2026-05-09T04:25:28.880+0000] {dag.py:3096} INFO - Sync 1 DAGs
[2026-05-09T04:25:28.902+0000] {logging_mixin.py:188} INFO - [2026-05-09T04:25:28.901+0000] {dag.py:3954} INFO - Setting next_dagrun for newyork_fhv_gold to None, run_after=None
[2026-05-09T04:25:28.935+0000] {processor.py:183} INFO - Processing /opt/airflow/dags/newyork_fhv_gold.py took 0.137 seconds
[2026-05-09T04:25:59.459+0000] {processor.py:161} INFO - Started process (PID=5432) to work on /opt/airflow/dags/newyork_fhv_gold.py
[2026-05-09T04:25:59.460+0000] {processor.py:830} INFO - Processing file /opt/airflow/dags/newyork_fhv_gold.py for tasks to queue
[2026-05-09T04:25:59.461+0000] {logging_mixin.py:188} INFO - [2026-05-09T04:25:59.461+0000] {dagbag.py:545} INFO - Filling up the DagBag from /opt/airflow/dags/newyork_fhv_gold.py
[2026-05-09T04:25:59.476+0000] {processor.py:840} INFO - DAG(s) 'newyork_fhv_gold' retrieved from /opt/airflow/dags/newyork_fhv_gold.py
[2026-05-09T04:25:59.495+0000] {logging_mixin.py:188} INFO - [2026-05-09T04:25:59.495+0000] {dag.py:3096} INFO - Sync 1 DAGs
[2026-05-09T04:25:59.508+0000] {logging_mixin.py:188} INFO - [2026-05-09T04:25:59.507+0000] {dag.py:3954} INFO - Setting next_dagrun for newyork_fhv_gold to None, run_after=None
[2026-05-09T04:25:59.527+0000] {processor.py:183} INFO - Processing /opt/airflow/dags/newyork_fhv_gold.py took 0.074 seconds
[2026-05-09T04:26:30.037+0000] {processor.py:161} INFO - Started process (PID=5443) to work on /opt/airflow/dags/newyork_fhv_gold.py
[2026-05-09T04:26:30.037+0000] {processor.py:830} INFO - Processing file /opt/airflow/dags/newyork_fhv_gold.py for tasks to queue
[2026-05-09T04:26:30.039+0000] {logging_mixin.py:188} INFO - [2026-05-09T04:26:30.039+0000] {dagbag.py:545} INFO - Filling up the DagBag from /opt/airflow/dags/newyork_fhv_gold.py
[2026-05-09T04:26:30.054+0000] {processor.py:840} INFO - DAG(s) 'newyork_fhv_gold' retrieved from /opt/airflow/dags/newyork_fhv_gold.py
[2026-05-09T04:26:30.070+0000] {logging_mixin.py:188} INFO - [2026-05-09T04:26:30.070+0000] {dag.py:3096} INFO - Sync 1 DAGs
[2026-05-09T04:26:30.082+0000] {logging_mixin.py:188} INFO - [2026-05-09T04:26:30.082+0000] {dag.py:3954} INFO - Setting next_dagrun for newyork_fhv_gold to None, run_after=None
[2026-05-09T04:26:30.102+0000] {processor.py:183} INFO - Processing /opt/airflow/dags/newyork_fhv_gold.py took 0.071 seconds
[2026-05-09T04:27:00.571+0000] {processor.py:161} INFO - Started process (PID=5454) to work on /opt/airflow/dags/newyork_fhv_gold.py
[2026-05-09T04:27:00.573+0000] {processor.py:830} INFO - Processing file /opt/airflow/dags/newyork_fhv_gold.py for tasks to queue
[2026-05-09T04:27:00.576+0000] {logging_mixin.py:188} INFO - [2026-05-09T04:27:00.576+0000] {dagbag.py:545} INFO - Filling up the DagBag from /opt/airflow/dags/newyork_fhv_gold.py
[2026-05-09T04:27:00.600+0000] {processor.py:840} INFO - DAG(s) 'newyork_fhv_gold' retrieved from /opt/airflow/dags/newyork_fhv_gold.py
[2026-05-09T04:27:00.632+0000] {logging_mixin.py:188} INFO - [2026-05-09T04:27:00.632+0000] {dag.py:3096} INFO - Sync 1 DAGs
[2026-05-09T04:27:00.649+0000] {logging_mixin.py:188} INFO - [2026-05-09T04:27:00.648+0000] {dag.py:3954} INFO - Setting next_dagrun for newyork_fhv_gold to None, run_after=None
[2026-05-09T04:27:00.675+0000] {processor.py:183} INFO - Processing /opt/airflow/dags/newyork_fhv_gold.py took 0.116 seconds
[2026-05-09T04:27:31.638+0000] {processor.py:161} INFO - Started process (PID=5465) to work on /opt/airflow/dags/newyork_fhv_gold.py
[2026-05-09T04:27:31.640+0000] {processor.py:830} INFO - Processing file /opt/airflow/dags/newyork_fhv_gold.py for tasks to queue
[2026-05-09T04:27:31.643+0000] {logging_mixin.py:188} INFO - [2026-05-09T04:27:31.643+0000] {dagbag.py:545} INFO - Filling up the DagBag from /opt/airflow/dags/newyork_fhv_gold.py
[2026-05-09T04:27:31.674+0000] {processor.py:840} INFO - DAG(s) 'newyork_fhv_gold' retrieved from /opt/airflow/dags/newyork_fhv_gold.py
[2026-05-09T04:27:31.706+0000] {logging_mixin.py:188} INFO - [2026-05-09T04:27:31.705+0000] {dag.py:3096} INFO - Sync 1 DAGs
[2026-05-09T04:27:31.724+0000] {logging_mixin.py:188} INFO - [2026-05-09T04:27:31.724+0000] {dag.py:3954} INFO - Setting next_dagrun for newyork_fhv_gold to None, run_after=None
[2026-05-09T04:27:31.752+0000] {processor.py:183} INFO - Processing /opt/airflow/dags/newyork_fhv_gold.py took 0.122 seconds
