[2026-05-09T01:04:05.818+0000] {processor.py:161} INFO - Started process (PID=1389) to work on /opt/airflow/dags/newyork_fhv_pipeline.py
[2026-05-09T01:04:05.836+0000] {processor.py:830} INFO - Processing file /opt/airflow/dags/newyork_fhv_pipeline.py for tasks to queue
[2026-05-09T01:04:05.846+0000] {logging_mixin.py:188} INFO - [2026-05-09T01:04:05.846+0000] {dagbag.py:545} INFO - Filling up the DagBag from /opt/airflow/dags/newyork_fhv_pipeline.py
[2026-05-09T01:04:06.556+0000] {processor.py:840} INFO - DAG(s) 'newyork_fhv_pipeline' retrieved from /opt/airflow/dags/newyork_fhv_pipeline.py
[2026-05-09T01:04:06.594+0000] {logging_mixin.py:188} INFO - [2026-05-09T01:04:06.593+0000] {dag.py:3096} INFO - Sync 1 DAGs
[2026-05-09T01:04:06.634+0000] {logging_mixin.py:188} INFO - [2026-05-09T01:04:06.633+0000] {dag.py:3954} INFO - Setting next_dagrun for newyork_fhv_pipeline to 2026-05-01 00:00:00+00:00, run_after=2026-06-01 00:00:00+00:00
[2026-05-09T01:04:06.683+0000] {processor.py:183} INFO - Processing /opt/airflow/dags/newyork_fhv_pipeline.py took 0.874 seconds
[2026-05-09T01:04:37.134+0000] {processor.py:161} INFO - Started process (PID=1400) to work on /opt/airflow/dags/newyork_fhv_pipeline.py
[2026-05-09T01:04:37.135+0000] {processor.py:830} INFO - Processing file /opt/airflow/dags/newyork_fhv_pipeline.py for tasks to queue
[2026-05-09T01:04:37.137+0000] {logging_mixin.py:188} INFO - [2026-05-09T01:04:37.137+0000] {dagbag.py:545} INFO - Filling up the DagBag from /opt/airflow/dags/newyork_fhv_pipeline.py
[2026-05-09T01:04:37.156+0000] {processor.py:840} INFO - DAG(s) 'newyork_fhv_pipeline' retrieved from /opt/airflow/dags/newyork_fhv_pipeline.py
[2026-05-09T01:04:37.180+0000] {logging_mixin.py:188} INFO - [2026-05-09T01:04:37.180+0000] {dag.py:3096} INFO - Sync 1 DAGs
[2026-05-09T01:04:37.203+0000] {logging_mixin.py:188} INFO - [2026-05-09T01:04:37.202+0000] {dag.py:3954} INFO - Setting next_dagrun for newyork_fhv_pipeline to 2026-05-01 00:00:00+00:00, run_after=2026-06-01 00:00:00+00:00
[2026-05-09T01:04:37.699+0000] {processor.py:183} INFO - Processing /opt/airflow/dags/newyork_fhv_pipeline.py took 0.570 seconds
[2026-05-09T01:05:08.147+0000] {processor.py:161} INFO - Started process (PID=1411) to work on /opt/airflow/dags/newyork_fhv_pipeline.py
[2026-05-09T01:05:08.148+0000] {processor.py:830} INFO - Processing file /opt/airflow/dags/newyork_fhv_pipeline.py for tasks to queue
[2026-05-09T01:05:08.150+0000] {logging_mixin.py:188} INFO - [2026-05-09T01:05:08.149+0000] {dagbag.py:545} INFO - Filling up the DagBag from /opt/airflow/dags/newyork_fhv_pipeline.py
[2026-05-09T01:05:08.168+0000] {processor.py:840} INFO - DAG(s) 'newyork_fhv_pipeline' retrieved from /opt/airflow/dags/newyork_fhv_pipeline.py
[2026-05-09T01:05:08.187+0000] {logging_mixin.py:188} INFO - [2026-05-09T01:05:08.187+0000] {dag.py:3096} INFO - Sync 1 DAGs
[2026-05-09T01:05:08.208+0000] {logging_mixin.py:188} INFO - [2026-05-09T01:05:08.208+0000] {dag.py:3954} INFO - Setting next_dagrun for newyork_fhv_pipeline to 2026-05-01 00:00:00+00:00, run_after=2026-06-01 00:00:00+00:00
[2026-05-09T01:05:09.088+0000] {processor.py:183} INFO - Processing /opt/airflow/dags/newyork_fhv_pipeline.py took 0.947 seconds
[2026-05-09T01:05:39.219+0000] {processor.py:161} INFO - Started process (PID=1422) to work on /opt/airflow/dags/newyork_fhv_pipeline.py
[2026-05-09T01:05:39.221+0000] {processor.py:830} INFO - Processing file /opt/airflow/dags/newyork_fhv_pipeline.py for tasks to queue
[2026-05-09T01:05:39.223+0000] {logging_mixin.py:188} INFO - [2026-05-09T01:05:39.223+0000] {dagbag.py:545} INFO - Filling up the DagBag from /opt/airflow/dags/newyork_fhv_pipeline.py
[2026-05-09T01:05:39.261+0000] {processor.py:840} INFO - DAG(s) 'newyork_fhv_pipeline' retrieved from /opt/airflow/dags/newyork_fhv_pipeline.py
[2026-05-09T01:05:39.286+0000] {logging_mixin.py:188} INFO - [2026-05-09T01:05:39.286+0000] {dag.py:3096} INFO - Sync 1 DAGs
[2026-05-09T01:05:39.319+0000] {logging_mixin.py:188} INFO - [2026-05-09T01:05:39.319+0000] {dag.py:3954} INFO - Setting next_dagrun for newyork_fhv_pipeline to 2026-05-01 00:00:00+00:00, run_after=2026-06-01 00:00:00+00:00
[2026-05-09T01:05:39.361+0000] {processor.py:183} INFO - Processing /opt/airflow/dags/newyork_fhv_pipeline.py took 0.148 seconds
[2026-05-09T01:06:09.723+0000] {processor.py:161} INFO - Started process (PID=1433) to work on /opt/airflow/dags/newyork_fhv_pipeline.py
[2026-05-09T01:06:09.748+0000] {processor.py:830} INFO - Processing file /opt/airflow/dags/newyork_fhv_pipeline.py for tasks to queue
[2026-05-09T01:06:09.754+0000] {logging_mixin.py:188} INFO - [2026-05-09T01:06:09.753+0000] {dagbag.py:545} INFO - Filling up the DagBag from /opt/airflow/dags/newyork_fhv_pipeline.py
[2026-05-09T01:06:09.809+0000] {processor.py:840} INFO - DAG(s) 'newyork_fhv_pipeline' retrieved from /opt/airflow/dags/newyork_fhv_pipeline.py
[2026-05-09T01:06:09.843+0000] {logging_mixin.py:188} INFO - [2026-05-09T01:06:09.843+0000] {dag.py:3096} INFO - Sync 1 DAGs
[2026-05-09T01:06:09.889+0000] {logging_mixin.py:188} INFO - [2026-05-09T01:06:09.888+0000] {dag.py:3954} INFO - Setting next_dagrun for newyork_fhv_pipeline to 2026-05-01 00:00:00+00:00, run_after=2026-06-01 00:00:00+00:00
[2026-05-09T01:06:09.964+0000] {processor.py:183} INFO - Processing /opt/airflow/dags/newyork_fhv_pipeline.py took 0.252 seconds
[2026-05-09T01:06:40.887+0000] {processor.py:161} INFO - Started process (PID=1445) to work on /opt/airflow/dags/newyork_fhv_pipeline.py
[2026-05-09T01:06:40.890+0000] {processor.py:830} INFO - Processing file /opt/airflow/dags/newyork_fhv_pipeline.py for tasks to queue
[2026-05-09T01:06:40.893+0000] {logging_mixin.py:188} INFO - [2026-05-09T01:06:40.893+0000] {dagbag.py:545} INFO - Filling up the DagBag from /opt/airflow/dags/newyork_fhv_pipeline.py
[2026-05-09T01:06:40.933+0000] {processor.py:840} INFO - DAG(s) 'newyork_fhv_pipeline' retrieved from /opt/airflow/dags/newyork_fhv_pipeline.py
[2026-05-09T01:06:40.967+0000] {logging_mixin.py:188} INFO - [2026-05-09T01:06:40.966+0000] {dag.py:3096} INFO - Sync 1 DAGs
[2026-05-09T01:06:41.012+0000] {logging_mixin.py:188} INFO - [2026-05-09T01:06:41.011+0000] {dag.py:3954} INFO - Setting next_dagrun for newyork_fhv_pipeline to 2026-05-01 00:00:00+00:00, run_after=2026-06-01 00:00:00+00:00
[2026-05-09T01:06:41.060+0000] {processor.py:183} INFO - Processing /opt/airflow/dags/newyork_fhv_pipeline.py took 0.182 seconds
[2026-05-09T01:07:11.933+0000] {processor.py:161} INFO - Started process (PID=1456) to work on /opt/airflow/dags/newyork_fhv_pipeline.py
[2026-05-09T01:07:11.935+0000] {processor.py:830} INFO - Processing file /opt/airflow/dags/newyork_fhv_pipeline.py for tasks to queue
[2026-05-09T01:07:11.937+0000] {logging_mixin.py:188} INFO - [2026-05-09T01:07:11.936+0000] {dagbag.py:545} INFO - Filling up the DagBag from /opt/airflow/dags/newyork_fhv_pipeline.py
[2026-05-09T01:07:11.970+0000] {processor.py:840} INFO - DAG(s) 'newyork_fhv_pipeline' retrieved from /opt/airflow/dags/newyork_fhv_pipeline.py
[2026-05-09T01:07:11.995+0000] {logging_mixin.py:188} INFO - [2026-05-09T01:07:11.995+0000] {dag.py:3096} INFO - Sync 1 DAGs
[2026-05-09T01:07:12.027+0000] {logging_mixin.py:188} INFO - [2026-05-09T01:07:12.026+0000] {dag.py:3954} INFO - Setting next_dagrun for newyork_fhv_pipeline to 2026-05-01 00:00:00+00:00, run_after=2026-06-01 00:00:00+00:00
[2026-05-09T01:07:12.058+0000] {processor.py:183} INFO - Processing /opt/airflow/dags/newyork_fhv_pipeline.py took 0.135 seconds
[2026-05-09T01:07:42.150+0000] {processor.py:161} INFO - Started process (PID=1467) to work on /opt/airflow/dags/newyork_fhv_pipeline.py
[2026-05-09T01:07:42.152+0000] {processor.py:830} INFO - Processing file /opt/airflow/dags/newyork_fhv_pipeline.py for tasks to queue
[2026-05-09T01:07:42.156+0000] {logging_mixin.py:188} INFO - [2026-05-09T01:07:42.155+0000] {dagbag.py:545} INFO - Filling up the DagBag from /opt/airflow/dags/newyork_fhv_pipeline.py
[2026-05-09T01:07:42.200+0000] {processor.py:840} INFO - DAG(s) 'newyork_fhv_pipeline' retrieved from /opt/airflow/dags/newyork_fhv_pipeline.py
[2026-05-09T01:07:42.242+0000] {logging_mixin.py:188} INFO - [2026-05-09T01:07:42.241+0000] {dag.py:3096} INFO - Sync 1 DAGs
[2026-05-09T01:07:42.294+0000] {logging_mixin.py:188} INFO - [2026-05-09T01:07:42.294+0000] {dag.py:3954} INFO - Setting next_dagrun for newyork_fhv_pipeline to 2026-05-01 00:00:00+00:00, run_after=2026-06-01 00:00:00+00:00
[2026-05-09T01:07:42.340+0000] {processor.py:183} INFO - Processing /opt/airflow/dags/newyork_fhv_pipeline.py took 0.201 seconds
[2026-05-09T01:08:13.205+0000] {processor.py:161} INFO - Started process (PID=1478) to work on /opt/airflow/dags/newyork_fhv_pipeline.py
[2026-05-09T01:08:13.207+0000] {processor.py:830} INFO - Processing file /opt/airflow/dags/newyork_fhv_pipeline.py for tasks to queue
[2026-05-09T01:08:13.210+0000] {logging_mixin.py:188} INFO - [2026-05-09T01:08:13.210+0000] {dagbag.py:545} INFO - Filling up the DagBag from /opt/airflow/dags/newyork_fhv_pipeline.py
[2026-05-09T01:08:13.247+0000] {processor.py:840} INFO - DAG(s) 'newyork_fhv_pipeline' retrieved from /opt/airflow/dags/newyork_fhv_pipeline.py
[2026-05-09T01:08:13.274+0000] {logging_mixin.py:188} INFO - [2026-05-09T01:08:13.274+0000] {dag.py:3096} INFO - Sync 1 DAGs
[2026-05-09T01:08:13.298+0000] {logging_mixin.py:188} INFO - [2026-05-09T01:08:13.298+0000] {dag.py:3954} INFO - Setting next_dagrun for newyork_fhv_pipeline to 2026-05-01 00:00:00+00:00, run_after=2026-06-01 00:00:00+00:00
[2026-05-09T01:08:13.323+0000] {processor.py:183} INFO - Processing /opt/airflow/dags/newyork_fhv_pipeline.py took 0.130 seconds
[2026-05-09T01:08:43.673+0000] {processor.py:161} INFO - Started process (PID=1488) to work on /opt/airflow/dags/newyork_fhv_pipeline.py
[2026-05-09T01:08:43.675+0000] {processor.py:830} INFO - Processing file /opt/airflow/dags/newyork_fhv_pipeline.py for tasks to queue
[2026-05-09T01:08:43.678+0000] {logging_mixin.py:188} INFO - [2026-05-09T01:08:43.678+0000] {dagbag.py:545} INFO - Filling up the DagBag from /opt/airflow/dags/newyork_fhv_pipeline.py
[2026-05-09T01:08:43.721+0000] {processor.py:840} INFO - DAG(s) 'newyork_fhv_pipeline' retrieved from /opt/airflow/dags/newyork_fhv_pipeline.py
[2026-05-09T01:08:43.759+0000] {logging_mixin.py:188} INFO - [2026-05-09T01:08:43.759+0000] {dag.py:3096} INFO - Sync 1 DAGs
[2026-05-09T01:08:43.783+0000] {logging_mixin.py:188} INFO - [2026-05-09T01:08:43.783+0000] {dag.py:3954} INFO - Setting next_dagrun for newyork_fhv_pipeline to 2026-05-01 00:00:00+00:00, run_after=2026-06-01 00:00:00+00:00
[2026-05-09T01:08:43.812+0000] {processor.py:183} INFO - Processing /opt/airflow/dags/newyork_fhv_pipeline.py took 0.152 seconds
[2026-05-09T01:09:13.914+0000] {processor.py:161} INFO - Started process (PID=1499) to work on /opt/airflow/dags/newyork_fhv_pipeline.py
[2026-05-09T01:09:13.916+0000] {processor.py:830} INFO - Processing file /opt/airflow/dags/newyork_fhv_pipeline.py for tasks to queue
[2026-05-09T01:09:13.920+0000] {logging_mixin.py:188} INFO - [2026-05-09T01:09:13.919+0000] {dagbag.py:545} INFO - Filling up the DagBag from /opt/airflow/dags/newyork_fhv_pipeline.py
[2026-05-09T01:09:13.970+0000] {processor.py:840} INFO - DAG(s) 'newyork_fhv_pipeline' retrieved from /opt/airflow/dags/newyork_fhv_pipeline.py
[2026-05-09T01:09:14.004+0000] {logging_mixin.py:188} INFO - [2026-05-09T01:09:14.004+0000] {dag.py:3096} INFO - Sync 1 DAGs
[2026-05-09T01:09:14.031+0000] {logging_mixin.py:188} INFO - [2026-05-09T01:09:14.031+0000] {dag.py:3954} INFO - Setting next_dagrun for newyork_fhv_pipeline to 2026-05-01 00:00:00+00:00, run_after=2026-06-01 00:00:00+00:00
[2026-05-09T01:09:14.075+0000] {processor.py:183} INFO - Processing /opt/airflow/dags/newyork_fhv_pipeline.py took 0.173 seconds
[2026-05-09T01:09:44.765+0000] {processor.py:161} INFO - Started process (PID=1510) to work on /opt/airflow/dags/newyork_fhv_pipeline.py
[2026-05-09T01:09:44.768+0000] {processor.py:830} INFO - Processing file /opt/airflow/dags/newyork_fhv_pipeline.py for tasks to queue
[2026-05-09T01:09:44.771+0000] {logging_mixin.py:188} INFO - [2026-05-09T01:09:44.771+0000] {dagbag.py:545} INFO - Filling up the DagBag from /opt/airflow/dags/newyork_fhv_pipeline.py
[2026-05-09T01:09:44.815+0000] {processor.py:840} INFO - DAG(s) 'newyork_fhv_pipeline' retrieved from /opt/airflow/dags/newyork_fhv_pipeline.py
[2026-05-09T01:09:44.851+0000] {logging_mixin.py:188} INFO - [2026-05-09T01:09:44.850+0000] {dag.py:3096} INFO - Sync 1 DAGs
[2026-05-09T01:09:44.883+0000] {logging_mixin.py:188} INFO - [2026-05-09T01:09:44.883+0000] {dag.py:3954} INFO - Setting next_dagrun for newyork_fhv_pipeline to 2026-05-01 00:00:00+00:00, run_after=2026-06-01 00:00:00+00:00
[2026-05-09T01:09:44.914+0000] {processor.py:183} INFO - Processing /opt/airflow/dags/newyork_fhv_pipeline.py took 0.158 seconds
[2026-05-09T01:10:15.722+0000] {processor.py:161} INFO - Started process (PID=1521) to work on /opt/airflow/dags/newyork_fhv_pipeline.py
[2026-05-09T01:10:15.723+0000] {processor.py:830} INFO - Processing file /opt/airflow/dags/newyork_fhv_pipeline.py for tasks to queue
[2026-05-09T01:10:15.727+0000] {logging_mixin.py:188} INFO - [2026-05-09T01:10:15.725+0000] {dagbag.py:545} INFO - Filling up the DagBag from /opt/airflow/dags/newyork_fhv_pipeline.py
[2026-05-09T01:10:15.764+0000] {processor.py:840} INFO - DAG(s) 'newyork_fhv_pipeline' retrieved from /opt/airflow/dags/newyork_fhv_pipeline.py
[2026-05-09T01:10:15.790+0000] {logging_mixin.py:188} INFO - [2026-05-09T01:10:15.790+0000] {dag.py:3096} INFO - Sync 1 DAGs
[2026-05-09T01:10:15.816+0000] {logging_mixin.py:188} INFO - [2026-05-09T01:10:15.816+0000] {dag.py:3954} INFO - Setting next_dagrun for newyork_fhv_pipeline to 2026-05-01 00:00:00+00:00, run_after=2026-06-01 00:00:00+00:00
[2026-05-09T01:10:15.841+0000] {processor.py:183} INFO - Processing /opt/airflow/dags/newyork_fhv_pipeline.py took 0.127 seconds
[2026-05-09T01:10:46.718+0000] {processor.py:161} INFO - Started process (PID=1532) to work on /opt/airflow/dags/newyork_fhv_pipeline.py
[2026-05-09T01:10:46.720+0000] {processor.py:830} INFO - Processing file /opt/airflow/dags/newyork_fhv_pipeline.py for tasks to queue
[2026-05-09T01:10:46.724+0000] {logging_mixin.py:188} INFO - [2026-05-09T01:10:46.723+0000] {dagbag.py:545} INFO - Filling up the DagBag from /opt/airflow/dags/newyork_fhv_pipeline.py
[2026-05-09T01:10:46.766+0000] {processor.py:840} INFO - DAG(s) 'newyork_fhv_pipeline' retrieved from /opt/airflow/dags/newyork_fhv_pipeline.py
[2026-05-09T01:10:46.794+0000] {logging_mixin.py:188} INFO - [2026-05-09T01:10:46.794+0000] {dag.py:3096} INFO - Sync 1 DAGs
[2026-05-09T01:10:46.825+0000] {logging_mixin.py:188} INFO - [2026-05-09T01:10:46.824+0000] {dag.py:3954} INFO - Setting next_dagrun for newyork_fhv_pipeline to 2026-05-01 00:00:00+00:00, run_after=2026-06-01 00:00:00+00:00
[2026-05-09T01:10:46.856+0000] {processor.py:183} INFO - Processing /opt/airflow/dags/newyork_fhv_pipeline.py took 0.151 seconds
[2026-05-09T01:11:17.620+0000] {processor.py:161} INFO - Started process (PID=1543) to work on /opt/airflow/dags/newyork_fhv_pipeline.py
[2026-05-09T01:11:17.624+0000] {processor.py:830} INFO - Processing file /opt/airflow/dags/newyork_fhv_pipeline.py for tasks to queue
[2026-05-09T01:11:17.629+0000] {logging_mixin.py:188} INFO - [2026-05-09T01:11:17.628+0000] {dagbag.py:545} INFO - Filling up the DagBag from /opt/airflow/dags/newyork_fhv_pipeline.py
[2026-05-09T01:11:17.677+0000] {processor.py:840} INFO - DAG(s) 'newyork_fhv_pipeline' retrieved from /opt/airflow/dags/newyork_fhv_pipeline.py
[2026-05-09T01:11:17.710+0000] {logging_mixin.py:188} INFO - [2026-05-09T01:11:17.710+0000] {dag.py:3096} INFO - Sync 1 DAGs
[2026-05-09T01:11:17.749+0000] {logging_mixin.py:188} INFO - [2026-05-09T01:11:17.749+0000] {dag.py:3954} INFO - Setting next_dagrun for newyork_fhv_pipeline to 2026-05-01 00:00:00+00:00, run_after=2026-06-01 00:00:00+00:00
[2026-05-09T01:11:17.778+0000] {processor.py:183} INFO - Processing /opt/airflow/dags/newyork_fhv_pipeline.py took 0.167 seconds
[2026-05-09T01:11:48.833+0000] {processor.py:161} INFO - Started process (PID=1554) to work on /opt/airflow/dags/newyork_fhv_pipeline.py
[2026-05-09T01:11:48.834+0000] {processor.py:830} INFO - Processing file /opt/airflow/dags/newyork_fhv_pipeline.py for tasks to queue
[2026-05-09T01:11:48.838+0000] {logging_mixin.py:188} INFO - [2026-05-09T01:11:48.837+0000] {dagbag.py:545} INFO - Filling up the DagBag from /opt/airflow/dags/newyork_fhv_pipeline.py
[2026-05-09T01:11:48.881+0000] {processor.py:840} INFO - DAG(s) 'newyork_fhv_pipeline' retrieved from /opt/airflow/dags/newyork_fhv_pipeline.py
[2026-05-09T01:11:48.906+0000] {logging_mixin.py:188} INFO - [2026-05-09T01:11:48.906+0000] {dag.py:3096} INFO - Sync 1 DAGs
[2026-05-09T01:11:48.934+0000] {logging_mixin.py:188} INFO - [2026-05-09T01:11:48.934+0000] {dag.py:3954} INFO - Setting next_dagrun for newyork_fhv_pipeline to 2026-05-01 00:00:00+00:00, run_after=2026-06-01 00:00:00+00:00
[2026-05-09T01:11:48.964+0000] {processor.py:183} INFO - Processing /opt/airflow/dags/newyork_fhv_pipeline.py took 0.139 seconds
[2026-05-09T01:12:19.820+0000] {processor.py:161} INFO - Started process (PID=1565) to work on /opt/airflow/dags/newyork_fhv_pipeline.py
[2026-05-09T01:12:19.822+0000] {processor.py:830} INFO - Processing file /opt/airflow/dags/newyork_fhv_pipeline.py for tasks to queue
[2026-05-09T01:12:19.824+0000] {logging_mixin.py:188} INFO - [2026-05-09T01:12:19.824+0000] {dagbag.py:545} INFO - Filling up the DagBag from /opt/airflow/dags/newyork_fhv_pipeline.py
[2026-05-09T01:12:19.845+0000] {processor.py:840} INFO - DAG(s) 'newyork_fhv_pipeline' retrieved from /opt/airflow/dags/newyork_fhv_pipeline.py
[2026-05-09T01:12:19.868+0000] {logging_mixin.py:188} INFO - [2026-05-09T01:12:19.867+0000] {dag.py:3096} INFO - Sync 1 DAGs
[2026-05-09T01:12:19.892+0000] {logging_mixin.py:188} INFO - [2026-05-09T01:12:19.892+0000] {dag.py:3954} INFO - Setting next_dagrun for newyork_fhv_pipeline to 2026-05-01 00:00:00+00:00, run_after=2026-06-01 00:00:00+00:00
[2026-05-09T01:12:19.913+0000] {processor.py:183} INFO - Processing /opt/airflow/dags/newyork_fhv_pipeline.py took 0.099 seconds
[2026-05-09T01:12:50.506+0000] {processor.py:161} INFO - Started process (PID=1576) to work on /opt/airflow/dags/newyork_fhv_pipeline.py
[2026-05-09T01:12:50.507+0000] {processor.py:830} INFO - Processing file /opt/airflow/dags/newyork_fhv_pipeline.py for tasks to queue
[2026-05-09T01:12:50.509+0000] {logging_mixin.py:188} INFO - [2026-05-09T01:12:50.509+0000] {dagbag.py:545} INFO - Filling up the DagBag from /opt/airflow/dags/newyork_fhv_pipeline.py
[2026-05-09T01:12:50.539+0000] {processor.py:840} INFO - DAG(s) 'newyork_fhv_pipeline' retrieved from /opt/airflow/dags/newyork_fhv_pipeline.py
[2026-05-09T01:12:50.563+0000] {logging_mixin.py:188} INFO - [2026-05-09T01:12:50.563+0000] {dag.py:3096} INFO - Sync 1 DAGs
[2026-05-09T01:12:50.588+0000] {logging_mixin.py:188} INFO - [2026-05-09T01:12:50.588+0000] {dag.py:3954} INFO - Setting next_dagrun for newyork_fhv_pipeline to 2026-05-01 00:00:00+00:00, run_after=2026-06-01 00:00:00+00:00
[2026-05-09T01:12:50.634+0000] {processor.py:183} INFO - Processing /opt/airflow/dags/newyork_fhv_pipeline.py took 0.135 seconds
[2026-05-09T01:13:21.539+0000] {processor.py:161} INFO - Started process (PID=1587) to work on /opt/airflow/dags/newyork_fhv_pipeline.py
[2026-05-09T01:13:21.541+0000] {processor.py:830} INFO - Processing file /opt/airflow/dags/newyork_fhv_pipeline.py for tasks to queue
[2026-05-09T01:13:21.544+0000] {logging_mixin.py:188} INFO - [2026-05-09T01:13:21.544+0000] {dagbag.py:545} INFO - Filling up the DagBag from /opt/airflow/dags/newyork_fhv_pipeline.py
[2026-05-09T01:13:21.599+0000] {processor.py:840} INFO - DAG(s) 'newyork_fhv_pipeline' retrieved from /opt/airflow/dags/newyork_fhv_pipeline.py
[2026-05-09T01:13:21.635+0000] {logging_mixin.py:188} INFO - [2026-05-09T01:13:21.635+0000] {dag.py:3096} INFO - Sync 1 DAGs
[2026-05-09T01:13:21.661+0000] {logging_mixin.py:188} INFO - [2026-05-09T01:13:21.660+0000] {dag.py:3954} INFO - Setting next_dagrun for newyork_fhv_pipeline to 2026-05-01 00:00:00+00:00, run_after=2026-06-01 00:00:00+00:00
[2026-05-09T01:13:21.685+0000] {processor.py:183} INFO - Processing /opt/airflow/dags/newyork_fhv_pipeline.py took 0.153 seconds
[2026-05-09T01:13:52.328+0000] {processor.py:161} INFO - Started process (PID=1598) to work on /opt/airflow/dags/newyork_fhv_pipeline.py
[2026-05-09T01:13:52.329+0000] {processor.py:830} INFO - Processing file /opt/airflow/dags/newyork_fhv_pipeline.py for tasks to queue
[2026-05-09T01:13:52.332+0000] {logging_mixin.py:188} INFO - [2026-05-09T01:13:52.331+0000] {dagbag.py:545} INFO - Filling up the DagBag from /opt/airflow/dags/newyork_fhv_pipeline.py
[2026-05-09T01:13:52.396+0000] {processor.py:840} INFO - DAG(s) 'newyork_fhv_pipeline' retrieved from /opt/airflow/dags/newyork_fhv_pipeline.py
[2026-05-09T01:13:52.435+0000] {logging_mixin.py:188} INFO - [2026-05-09T01:13:52.435+0000] {dag.py:3096} INFO - Sync 1 DAGs
[2026-05-09T01:13:52.472+0000] {logging_mixin.py:188} INFO - [2026-05-09T01:13:52.472+0000] {dag.py:3954} INFO - Setting next_dagrun for newyork_fhv_pipeline to 2026-05-01 00:00:00+00:00, run_after=2026-06-01 00:00:00+00:00
[2026-05-09T01:13:52.500+0000] {processor.py:183} INFO - Processing /opt/airflow/dags/newyork_fhv_pipeline.py took 0.183 seconds
[2026-05-09T01:14:22.608+0000] {processor.py:161} INFO - Started process (PID=1609) to work on /opt/airflow/dags/newyork_fhv_pipeline.py
[2026-05-09T01:14:22.610+0000] {processor.py:830} INFO - Processing file /opt/airflow/dags/newyork_fhv_pipeline.py for tasks to queue
[2026-05-09T01:14:22.613+0000] {logging_mixin.py:188} INFO - [2026-05-09T01:14:22.613+0000] {dagbag.py:545} INFO - Filling up the DagBag from /opt/airflow/dags/newyork_fhv_pipeline.py
[2026-05-09T01:14:22.662+0000] {processor.py:840} INFO - DAG(s) 'newyork_fhv_pipeline' retrieved from /opt/airflow/dags/newyork_fhv_pipeline.py
[2026-05-09T01:14:22.708+0000] {logging_mixin.py:188} INFO - [2026-05-09T01:14:22.708+0000] {dag.py:3096} INFO - Sync 1 DAGs
[2026-05-09T01:14:22.744+0000] {logging_mixin.py:188} INFO - [2026-05-09T01:14:22.744+0000] {dag.py:3954} INFO - Setting next_dagrun for newyork_fhv_pipeline to 2026-05-01 00:00:00+00:00, run_after=2026-06-01 00:00:00+00:00
[2026-05-09T01:14:22.775+0000] {processor.py:183} INFO - Processing /opt/airflow/dags/newyork_fhv_pipeline.py took 0.176 seconds
[2026-05-09T01:14:53.031+0000] {processor.py:161} INFO - Started process (PID=1620) to work on /opt/airflow/dags/newyork_fhv_pipeline.py
[2026-05-09T01:14:53.033+0000] {processor.py:830} INFO - Processing file /opt/airflow/dags/newyork_fhv_pipeline.py for tasks to queue
[2026-05-09T01:14:53.038+0000] {logging_mixin.py:188} INFO - [2026-05-09T01:14:53.037+0000] {dagbag.py:545} INFO - Filling up the DagBag from /opt/airflow/dags/newyork_fhv_pipeline.py
[2026-05-09T01:14:53.115+0000] {processor.py:840} INFO - DAG(s) 'newyork_fhv_pipeline' retrieved from /opt/airflow/dags/newyork_fhv_pipeline.py
[2026-05-09T01:14:53.155+0000] {logging_mixin.py:188} INFO - [2026-05-09T01:14:53.155+0000] {dag.py:3096} INFO - Sync 1 DAGs
[2026-05-09T01:14:53.190+0000] {logging_mixin.py:188} INFO - [2026-05-09T01:14:53.190+0000] {dag.py:3954} INFO - Setting next_dagrun for newyork_fhv_pipeline to 2026-05-01 00:00:00+00:00, run_after=2026-06-01 00:00:00+00:00
[2026-05-09T01:14:53.226+0000] {processor.py:183} INFO - Processing /opt/airflow/dags/newyork_fhv_pipeline.py took 0.206 seconds
[2026-05-09T01:15:23.912+0000] {processor.py:161} INFO - Started process (PID=1631) to work on /opt/airflow/dags/newyork_fhv_pipeline.py
[2026-05-09T01:15:23.914+0000] {processor.py:830} INFO - Processing file /opt/airflow/dags/newyork_fhv_pipeline.py for tasks to queue
[2026-05-09T01:15:23.919+0000] {logging_mixin.py:188} INFO - [2026-05-09T01:15:23.918+0000] {dagbag.py:545} INFO - Filling up the DagBag from /opt/airflow/dags/newyork_fhv_pipeline.py
[2026-05-09T01:15:23.962+0000] {processor.py:840} INFO - DAG(s) 'newyork_fhv_pipeline' retrieved from /opt/airflow/dags/newyork_fhv_pipeline.py
[2026-05-09T01:15:23.988+0000] {logging_mixin.py:188} INFO - [2026-05-09T01:15:23.988+0000] {dag.py:3096} INFO - Sync 1 DAGs
[2026-05-09T01:15:24.016+0000] {logging_mixin.py:188} INFO - [2026-05-09T01:15:24.015+0000] {dag.py:3954} INFO - Setting next_dagrun for newyork_fhv_pipeline to 2026-05-01 00:00:00+00:00, run_after=2026-06-01 00:00:00+00:00
[2026-05-09T01:15:24.041+0000] {processor.py:183} INFO - Processing /opt/airflow/dags/newyork_fhv_pipeline.py took 0.136 seconds
[2026-05-09T01:15:54.807+0000] {processor.py:161} INFO - Started process (PID=1642) to work on /opt/airflow/dags/newyork_fhv_pipeline.py
[2026-05-09T01:15:54.809+0000] {processor.py:830} INFO - Processing file /opt/airflow/dags/newyork_fhv_pipeline.py for tasks to queue
[2026-05-09T01:15:54.811+0000] {logging_mixin.py:188} INFO - [2026-05-09T01:15:54.811+0000] {dagbag.py:545} INFO - Filling up the DagBag from /opt/airflow/dags/newyork_fhv_pipeline.py
[2026-05-09T01:15:54.846+0000] {processor.py:840} INFO - DAG(s) 'newyork_fhv_pipeline' retrieved from /opt/airflow/dags/newyork_fhv_pipeline.py
[2026-05-09T01:15:54.871+0000] {logging_mixin.py:188} INFO - [2026-05-09T01:15:54.871+0000] {dag.py:3096} INFO - Sync 1 DAGs
[2026-05-09T01:15:54.894+0000] {logging_mixin.py:188} INFO - [2026-05-09T01:15:54.894+0000] {dag.py:3954} INFO - Setting next_dagrun for newyork_fhv_pipeline to 2026-05-01 00:00:00+00:00, run_after=2026-06-01 00:00:00+00:00
[2026-05-09T01:15:54.920+0000] {processor.py:183} INFO - Processing /opt/airflow/dags/newyork_fhv_pipeline.py took 0.119 seconds
[2026-05-09T01:16:25.714+0000] {processor.py:161} INFO - Started process (PID=1653) to work on /opt/airflow/dags/newyork_fhv_pipeline.py
[2026-05-09T01:16:25.716+0000] {processor.py:830} INFO - Processing file /opt/airflow/dags/newyork_fhv_pipeline.py for tasks to queue
[2026-05-09T01:16:25.720+0000] {logging_mixin.py:188} INFO - [2026-05-09T01:16:25.719+0000] {dagbag.py:545} INFO - Filling up the DagBag from /opt/airflow/dags/newyork_fhv_pipeline.py
[2026-05-09T01:16:25.775+0000] {processor.py:840} INFO - DAG(s) 'newyork_fhv_pipeline' retrieved from /opt/airflow/dags/newyork_fhv_pipeline.py
[2026-05-09T01:16:25.812+0000] {logging_mixin.py:188} INFO - [2026-05-09T01:16:25.811+0000] {dag.py:3096} INFO - Sync 1 DAGs
[2026-05-09T01:16:25.837+0000] {logging_mixin.py:188} INFO - [2026-05-09T01:16:25.837+0000] {dag.py:3954} INFO - Setting next_dagrun for newyork_fhv_pipeline to 2026-05-01 00:00:00+00:00, run_after=2026-06-01 00:00:00+00:00
[2026-05-09T01:16:25.869+0000] {processor.py:183} INFO - Processing /opt/airflow/dags/newyork_fhv_pipeline.py took 0.165 seconds
[2026-05-09T01:16:56.675+0000] {processor.py:161} INFO - Started process (PID=1664) to work on /opt/airflow/dags/newyork_fhv_pipeline.py
[2026-05-09T01:16:56.678+0000] {processor.py:830} INFO - Processing file /opt/airflow/dags/newyork_fhv_pipeline.py for tasks to queue
[2026-05-09T01:16:56.682+0000] {logging_mixin.py:188} INFO - [2026-05-09T01:16:56.681+0000] {dagbag.py:545} INFO - Filling up the DagBag from /opt/airflow/dags/newyork_fhv_pipeline.py
[2026-05-09T01:16:56.742+0000] {processor.py:840} INFO - DAG(s) 'newyork_fhv_pipeline' retrieved from /opt/airflow/dags/newyork_fhv_pipeline.py
[2026-05-09T01:16:56.773+0000] {logging_mixin.py:188} INFO - [2026-05-09T01:16:56.773+0000] {dag.py:3096} INFO - Sync 1 DAGs
[2026-05-09T01:16:56.799+0000] {logging_mixin.py:188} INFO - [2026-05-09T01:16:56.798+0000] {dag.py:3954} INFO - Setting next_dagrun for newyork_fhv_pipeline to 2026-05-01 00:00:00+00:00, run_after=2026-06-01 00:00:00+00:00
[2026-05-09T01:16:56.822+0000] {processor.py:183} INFO - Processing /opt/airflow/dags/newyork_fhv_pipeline.py took 0.157 seconds
[2026-05-09T01:17:27.506+0000] {processor.py:161} INFO - Started process (PID=1675) to work on /opt/airflow/dags/newyork_fhv_pipeline.py
[2026-05-09T01:17:27.508+0000] {processor.py:830} INFO - Processing file /opt/airflow/dags/newyork_fhv_pipeline.py for tasks to queue
[2026-05-09T01:17:27.511+0000] {logging_mixin.py:188} INFO - [2026-05-09T01:17:27.510+0000] {dagbag.py:545} INFO - Filling up the DagBag from /opt/airflow/dags/newyork_fhv_pipeline.py
[2026-05-09T01:17:27.541+0000] {processor.py:840} INFO - DAG(s) 'newyork_fhv_pipeline' retrieved from /opt/airflow/dags/newyork_fhv_pipeline.py
[2026-05-09T01:17:27.568+0000] {logging_mixin.py:188} INFO - [2026-05-09T01:17:27.567+0000] {dag.py:3096} INFO - Sync 1 DAGs
[2026-05-09T01:17:27.591+0000] {logging_mixin.py:188} INFO - [2026-05-09T01:17:27.590+0000] {dag.py:3954} INFO - Setting next_dagrun for newyork_fhv_pipeline to 2026-05-01 00:00:00+00:00, run_after=2026-06-01 00:00:00+00:00
[2026-05-09T01:17:27.613+0000] {processor.py:183} INFO - Processing /opt/airflow/dags/newyork_fhv_pipeline.py took 0.117 seconds
[2026-05-09T01:17:58.244+0000] {processor.py:161} INFO - Started process (PID=1686) to work on /opt/airflow/dags/newyork_fhv_pipeline.py
[2026-05-09T01:17:58.246+0000] {processor.py:830} INFO - Processing file /opt/airflow/dags/newyork_fhv_pipeline.py for tasks to queue
[2026-05-09T01:17:58.249+0000] {logging_mixin.py:188} INFO - [2026-05-09T01:17:58.248+0000] {dagbag.py:545} INFO - Filling up the DagBag from /opt/airflow/dags/newyork_fhv_pipeline.py
[2026-05-09T01:17:58.286+0000] {processor.py:840} INFO - DAG(s) 'newyork_fhv_pipeline' retrieved from /opt/airflow/dags/newyork_fhv_pipeline.py
[2026-05-09T01:17:58.311+0000] {logging_mixin.py:188} INFO - [2026-05-09T01:17:58.310+0000] {dag.py:3096} INFO - Sync 1 DAGs
[2026-05-09T01:17:58.337+0000] {logging_mixin.py:188} INFO - [2026-05-09T01:17:58.336+0000] {dag.py:3954} INFO - Setting next_dagrun for newyork_fhv_pipeline to 2026-05-01 00:00:00+00:00, run_after=2026-06-01 00:00:00+00:00
[2026-05-09T01:17:58.361+0000] {processor.py:183} INFO - Processing /opt/airflow/dags/newyork_fhv_pipeline.py took 0.124 seconds
[2026-05-09T01:18:28.487+0000] {processor.py:161} INFO - Started process (PID=1697) to work on /opt/airflow/dags/newyork_fhv_pipeline.py
[2026-05-09T01:18:28.489+0000] {processor.py:830} INFO - Processing file /opt/airflow/dags/newyork_fhv_pipeline.py for tasks to queue
[2026-05-09T01:18:28.492+0000] {logging_mixin.py:188} INFO - [2026-05-09T01:18:28.492+0000] {dagbag.py:545} INFO - Filling up the DagBag from /opt/airflow/dags/newyork_fhv_pipeline.py
[2026-05-09T01:18:28.534+0000] {processor.py:840} INFO - DAG(s) 'newyork_fhv_pipeline' retrieved from /opt/airflow/dags/newyork_fhv_pipeline.py
[2026-05-09T01:18:28.568+0000] {logging_mixin.py:188} INFO - [2026-05-09T01:18:28.567+0000] {dag.py:3096} INFO - Sync 1 DAGs
[2026-05-09T01:18:28.594+0000] {logging_mixin.py:188} INFO - [2026-05-09T01:18:28.594+0000] {dag.py:3954} INFO - Setting next_dagrun for newyork_fhv_pipeline to 2026-05-01 00:00:00+00:00, run_after=2026-06-01 00:00:00+00:00
[2026-05-09T01:18:28.615+0000] {processor.py:183} INFO - Processing /opt/airflow/dags/newyork_fhv_pipeline.py took 0.136 seconds
[2026-05-09T01:18:59.131+0000] {processor.py:161} INFO - Started process (PID=1708) to work on /opt/airflow/dags/newyork_fhv_pipeline.py
[2026-05-09T01:18:59.133+0000] {processor.py:830} INFO - Processing file /opt/airflow/dags/newyork_fhv_pipeline.py for tasks to queue
[2026-05-09T01:18:59.136+0000] {logging_mixin.py:188} INFO - [2026-05-09T01:18:59.136+0000] {dagbag.py:545} INFO - Filling up the DagBag from /opt/airflow/dags/newyork_fhv_pipeline.py
[2026-05-09T01:18:59.179+0000] {processor.py:840} INFO - DAG(s) 'newyork_fhv_pipeline' retrieved from /opt/airflow/dags/newyork_fhv_pipeline.py
[2026-05-09T01:18:59.204+0000] {logging_mixin.py:188} INFO - [2026-05-09T01:18:59.203+0000] {dag.py:3096} INFO - Sync 1 DAGs
[2026-05-09T01:18:59.227+0000] {logging_mixin.py:188} INFO - [2026-05-09T01:18:59.227+0000] {dag.py:3954} INFO - Setting next_dagrun for newyork_fhv_pipeline to 2026-05-01 00:00:00+00:00, run_after=2026-06-01 00:00:00+00:00
[2026-05-09T01:18:59.250+0000] {processor.py:183} INFO - Processing /opt/airflow/dags/newyork_fhv_pipeline.py took 0.126 seconds
[2026-05-09T01:19:30.011+0000] {processor.py:161} INFO - Started process (PID=1719) to work on /opt/airflow/dags/newyork_fhv_pipeline.py
[2026-05-09T01:19:30.016+0000] {processor.py:830} INFO - Processing file /opt/airflow/dags/newyork_fhv_pipeline.py for tasks to queue
[2026-05-09T01:19:30.024+0000] {logging_mixin.py:188} INFO - [2026-05-09T01:19:30.023+0000] {dagbag.py:545} INFO - Filling up the DagBag from /opt/airflow/dags/newyork_fhv_pipeline.py
[2026-05-09T01:19:30.081+0000] {processor.py:840} INFO - DAG(s) 'newyork_fhv_pipeline' retrieved from /opt/airflow/dags/newyork_fhv_pipeline.py
[2026-05-09T01:19:30.126+0000] {logging_mixin.py:188} INFO - [2026-05-09T01:19:30.125+0000] {dag.py:3096} INFO - Sync 1 DAGs
[2026-05-09T01:19:30.178+0000] {logging_mixin.py:188} INFO - [2026-05-09T01:19:30.177+0000] {dag.py:3954} INFO - Setting next_dagrun for newyork_fhv_pipeline to 2026-05-01 00:00:00+00:00, run_after=2026-06-01 00:00:00+00:00
[2026-05-09T01:19:30.226+0000] {processor.py:183} INFO - Processing /opt/airflow/dags/newyork_fhv_pipeline.py took 0.228 seconds
[2026-05-09T01:20:00.837+0000] {processor.py:161} INFO - Started process (PID=1737) to work on /opt/airflow/dags/newyork_fhv_pipeline.py
[2026-05-09T01:20:00.838+0000] {processor.py:830} INFO - Processing file /opt/airflow/dags/newyork_fhv_pipeline.py for tasks to queue
[2026-05-09T01:20:00.841+0000] {logging_mixin.py:188} INFO - [2026-05-09T01:20:00.840+0000] {dagbag.py:545} INFO - Filling up the DagBag from /opt/airflow/dags/newyork_fhv_pipeline.py
[2026-05-09T01:20:00.863+0000] {processor.py:840} INFO - DAG(s) 'newyork_fhv_pipeline' retrieved from /opt/airflow/dags/newyork_fhv_pipeline.py
[2026-05-09T01:20:00.887+0000] {logging_mixin.py:188} INFO - [2026-05-09T01:20:00.886+0000] {dag.py:3096} INFO - Sync 1 DAGs
[2026-05-09T01:20:00.911+0000] {logging_mixin.py:188} INFO - [2026-05-09T01:20:00.911+0000] {dag.py:3954} INFO - Setting next_dagrun for newyork_fhv_pipeline to 2026-05-01 00:00:00+00:00, run_after=2026-06-01 00:00:00+00:00
[2026-05-09T01:20:00.935+0000] {processor.py:183} INFO - Processing /opt/airflow/dags/newyork_fhv_pipeline.py took 0.105 seconds
[2026-05-09T01:20:31.178+0000] {processor.py:161} INFO - Started process (PID=1748) to work on /opt/airflow/dags/newyork_fhv_pipeline.py
[2026-05-09T01:20:31.180+0000] {processor.py:830} INFO - Processing file /opt/airflow/dags/newyork_fhv_pipeline.py for tasks to queue
[2026-05-09T01:20:31.183+0000] {logging_mixin.py:188} INFO - [2026-05-09T01:20:31.183+0000] {dagbag.py:545} INFO - Filling up the DagBag from /opt/airflow/dags/newyork_fhv_pipeline.py
[2026-05-09T01:20:31.228+0000] {processor.py:840} INFO - DAG(s) 'newyork_fhv_pipeline' retrieved from /opt/airflow/dags/newyork_fhv_pipeline.py
[2026-05-09T01:20:31.268+0000] {logging_mixin.py:188} INFO - [2026-05-09T01:20:31.267+0000] {dag.py:3096} INFO - Sync 1 DAGs
[2026-05-09T01:20:31.311+0000] {logging_mixin.py:188} INFO - [2026-05-09T01:20:31.311+0000] {dag.py:3954} INFO - Setting next_dagrun for newyork_fhv_pipeline to 2026-05-01 00:00:00+00:00, run_after=2026-06-01 00:00:00+00:00
[2026-05-09T01:20:31.352+0000] {processor.py:183} INFO - Processing /opt/airflow/dags/newyork_fhv_pipeline.py took 0.181 seconds
[2026-05-09T01:21:01.555+0000] {processor.py:161} INFO - Started process (PID=1759) to work on /opt/airflow/dags/newyork_fhv_pipeline.py
[2026-05-09T01:21:01.558+0000] {processor.py:830} INFO - Processing file /opt/airflow/dags/newyork_fhv_pipeline.py for tasks to queue
[2026-05-09T01:21:01.563+0000] {logging_mixin.py:188} INFO - [2026-05-09T01:21:01.562+0000] {dagbag.py:545} INFO - Filling up the DagBag from /opt/airflow/dags/newyork_fhv_pipeline.py
[2026-05-09T01:21:01.622+0000] {processor.py:840} INFO - DAG(s) 'newyork_fhv_pipeline' retrieved from /opt/airflow/dags/newyork_fhv_pipeline.py
[2026-05-09T01:21:01.668+0000] {logging_mixin.py:188} INFO - [2026-05-09T01:21:01.667+0000] {dag.py:3096} INFO - Sync 1 DAGs
[2026-05-09T01:21:01.705+0000] {logging_mixin.py:188} INFO - [2026-05-09T01:21:01.705+0000] {dag.py:3954} INFO - Setting next_dagrun for newyork_fhv_pipeline to 2026-05-01 00:00:00+00:00, run_after=2026-06-01 00:00:00+00:00
[2026-05-09T01:21:01.737+0000] {processor.py:183} INFO - Processing /opt/airflow/dags/newyork_fhv_pipeline.py took 0.197 seconds
[2026-05-09T01:21:32.001+0000] {processor.py:161} INFO - Started process (PID=1770) to work on /opt/airflow/dags/newyork_fhv_pipeline.py
[2026-05-09T01:21:32.004+0000] {processor.py:830} INFO - Processing file /opt/airflow/dags/newyork_fhv_pipeline.py for tasks to queue
[2026-05-09T01:21:32.008+0000] {logging_mixin.py:188} INFO - [2026-05-09T01:21:32.008+0000] {dagbag.py:545} INFO - Filling up the DagBag from /opt/airflow/dags/newyork_fhv_pipeline.py
[2026-05-09T01:21:32.053+0000] {processor.py:840} INFO - DAG(s) 'newyork_fhv_pipeline' retrieved from /opt/airflow/dags/newyork_fhv_pipeline.py
[2026-05-09T01:21:32.078+0000] {logging_mixin.py:188} INFO - [2026-05-09T01:21:32.077+0000] {dag.py:3096} INFO - Sync 1 DAGs
[2026-05-09T01:21:32.103+0000] {logging_mixin.py:188} INFO - [2026-05-09T01:21:32.103+0000] {dag.py:3954} INFO - Setting next_dagrun for newyork_fhv_pipeline to 2026-05-01 00:00:00+00:00, run_after=2026-06-01 00:00:00+00:00
[2026-05-09T01:21:32.136+0000] {processor.py:183} INFO - Processing /opt/airflow/dags/newyork_fhv_pipeline.py took 0.146 seconds
[2026-05-09T01:22:02.345+0000] {processor.py:161} INFO - Started process (PID=1781) to work on /opt/airflow/dags/newyork_fhv_pipeline.py
[2026-05-09T01:22:02.347+0000] {processor.py:830} INFO - Processing file /opt/airflow/dags/newyork_fhv_pipeline.py for tasks to queue
[2026-05-09T01:22:02.350+0000] {logging_mixin.py:188} INFO - [2026-05-09T01:22:02.349+0000] {dagbag.py:545} INFO - Filling up the DagBag from /opt/airflow/dags/newyork_fhv_pipeline.py
[2026-05-09T01:22:02.382+0000] {processor.py:840} INFO - DAG(s) 'newyork_fhv_pipeline' retrieved from /opt/airflow/dags/newyork_fhv_pipeline.py
[2026-05-09T01:22:02.409+0000] {logging_mixin.py:188} INFO - [2026-05-09T01:22:02.408+0000] {dag.py:3096} INFO - Sync 1 DAGs
[2026-05-09T01:22:02.433+0000] {logging_mixin.py:188} INFO - [2026-05-09T01:22:02.433+0000] {dag.py:3954} INFO - Setting next_dagrun for newyork_fhv_pipeline to 2026-05-01 00:00:00+00:00, run_after=2026-06-01 00:00:00+00:00
[2026-05-09T01:22:02.466+0000] {processor.py:183} INFO - Processing /opt/airflow/dags/newyork_fhv_pipeline.py took 0.129 seconds
[2026-05-09T01:22:32.684+0000] {processor.py:161} INFO - Started process (PID=1792) to work on /opt/airflow/dags/newyork_fhv_pipeline.py
[2026-05-09T01:22:32.686+0000] {processor.py:830} INFO - Processing file /opt/airflow/dags/newyork_fhv_pipeline.py for tasks to queue
[2026-05-09T01:22:32.690+0000] {logging_mixin.py:188} INFO - [2026-05-09T01:22:32.689+0000] {dagbag.py:545} INFO - Filling up the DagBag from /opt/airflow/dags/newyork_fhv_pipeline.py
[2026-05-09T01:22:32.737+0000] {processor.py:840} INFO - DAG(s) 'newyork_fhv_pipeline' retrieved from /opt/airflow/dags/newyork_fhv_pipeline.py
[2026-05-09T01:22:32.761+0000] {logging_mixin.py:188} INFO - [2026-05-09T01:22:32.761+0000] {dag.py:3096} INFO - Sync 1 DAGs
[2026-05-09T01:22:32.785+0000] {logging_mixin.py:188} INFO - [2026-05-09T01:22:32.785+0000] {dag.py:3954} INFO - Setting next_dagrun for newyork_fhv_pipeline to 2026-05-01 00:00:00+00:00, run_after=2026-06-01 00:00:00+00:00
[2026-05-09T01:22:32.818+0000] {processor.py:183} INFO - Processing /opt/airflow/dags/newyork_fhv_pipeline.py took 0.143 seconds
[2026-05-09T01:23:03.169+0000] {processor.py:161} INFO - Started process (PID=1803) to work on /opt/airflow/dags/newyork_fhv_pipeline.py
[2026-05-09T01:23:03.172+0000] {processor.py:830} INFO - Processing file /opt/airflow/dags/newyork_fhv_pipeline.py for tasks to queue
[2026-05-09T01:23:03.176+0000] {logging_mixin.py:188} INFO - [2026-05-09T01:23:03.175+0000] {dagbag.py:545} INFO - Filling up the DagBag from /opt/airflow/dags/newyork_fhv_pipeline.py
[2026-05-09T01:23:03.241+0000] {processor.py:840} INFO - DAG(s) 'newyork_fhv_pipeline' retrieved from /opt/airflow/dags/newyork_fhv_pipeline.py
[2026-05-09T01:23:03.277+0000] {logging_mixin.py:188} INFO - [2026-05-09T01:23:03.277+0000] {dag.py:3096} INFO - Sync 1 DAGs
[2026-05-09T01:23:03.314+0000] {logging_mixin.py:188} INFO - [2026-05-09T01:23:03.314+0000] {dag.py:3954} INFO - Setting next_dagrun for newyork_fhv_pipeline to 2026-05-01 00:00:00+00:00, run_after=2026-06-01 00:00:00+00:00
[2026-05-09T01:23:03.359+0000] {processor.py:183} INFO - Processing /opt/airflow/dags/newyork_fhv_pipeline.py took 0.205 seconds
[2026-05-09T01:23:33.525+0000] {processor.py:161} INFO - Started process (PID=1814) to work on /opt/airflow/dags/newyork_fhv_pipeline.py
[2026-05-09T01:23:33.527+0000] {processor.py:830} INFO - Processing file /opt/airflow/dags/newyork_fhv_pipeline.py for tasks to queue
[2026-05-09T01:23:33.530+0000] {logging_mixin.py:188} INFO - [2026-05-09T01:23:33.529+0000] {dagbag.py:545} INFO - Filling up the DagBag from /opt/airflow/dags/newyork_fhv_pipeline.py
[2026-05-09T01:23:33.578+0000] {processor.py:840} INFO - DAG(s) 'newyork_fhv_pipeline' retrieved from /opt/airflow/dags/newyork_fhv_pipeline.py
[2026-05-09T01:23:33.602+0000] {logging_mixin.py:188} INFO - [2026-05-09T01:23:33.601+0000] {dag.py:3096} INFO - Sync 1 DAGs
[2026-05-09T01:23:33.625+0000] {logging_mixin.py:188} INFO - [2026-05-09T01:23:33.625+0000] {dag.py:3954} INFO - Setting next_dagrun for newyork_fhv_pipeline to 2026-05-01 00:00:00+00:00, run_after=2026-06-01 00:00:00+00:00
[2026-05-09T01:23:33.653+0000] {processor.py:183} INFO - Processing /opt/airflow/dags/newyork_fhv_pipeline.py took 0.134 seconds
[2026-05-09T01:24:04.134+0000] {processor.py:161} INFO - Started process (PID=1825) to work on /opt/airflow/dags/newyork_fhv_pipeline.py
[2026-05-09T01:24:04.137+0000] {processor.py:830} INFO - Processing file /opt/airflow/dags/newyork_fhv_pipeline.py for tasks to queue
[2026-05-09T01:24:04.140+0000] {logging_mixin.py:188} INFO - [2026-05-09T01:24:04.139+0000] {dagbag.py:545} INFO - Filling up the DagBag from /opt/airflow/dags/newyork_fhv_pipeline.py
[2026-05-09T01:24:04.191+0000] {processor.py:840} INFO - DAG(s) 'newyork_fhv_pipeline' retrieved from /opt/airflow/dags/newyork_fhv_pipeline.py
[2026-05-09T01:24:04.238+0000] {logging_mixin.py:188} INFO - [2026-05-09T01:24:04.238+0000] {dag.py:3096} INFO - Sync 1 DAGs
[2026-05-09T01:24:04.283+0000] {logging_mixin.py:188} INFO - [2026-05-09T01:24:04.282+0000] {dag.py:3954} INFO - Setting next_dagrun for newyork_fhv_pipeline to 2026-05-01 00:00:00+00:00, run_after=2026-06-01 00:00:00+00:00
[2026-05-09T01:24:04.320+0000] {processor.py:183} INFO - Processing /opt/airflow/dags/newyork_fhv_pipeline.py took 0.195 seconds
[2026-05-09T01:24:34.624+0000] {processor.py:161} INFO - Started process (PID=1836) to work on /opt/airflow/dags/newyork_fhv_pipeline.py
[2026-05-09T01:24:34.627+0000] {processor.py:830} INFO - Processing file /opt/airflow/dags/newyork_fhv_pipeline.py for tasks to queue
[2026-05-09T01:24:34.630+0000] {logging_mixin.py:188} INFO - [2026-05-09T01:24:34.630+0000] {dagbag.py:545} INFO - Filling up the DagBag from /opt/airflow/dags/newyork_fhv_pipeline.py
[2026-05-09T01:24:34.675+0000] {processor.py:840} INFO - DAG(s) 'newyork_fhv_pipeline' retrieved from /opt/airflow/dags/newyork_fhv_pipeline.py
[2026-05-09T01:24:34.707+0000] {logging_mixin.py:188} INFO - [2026-05-09T01:24:34.707+0000] {dag.py:3096} INFO - Sync 1 DAGs
[2026-05-09T01:24:34.749+0000] {logging_mixin.py:188} INFO - [2026-05-09T01:24:34.748+0000] {dag.py:3954} INFO - Setting next_dagrun for newyork_fhv_pipeline to 2026-05-01 00:00:00+00:00, run_after=2026-06-01 00:00:00+00:00
[2026-05-09T01:24:34.788+0000] {processor.py:183} INFO - Processing /opt/airflow/dags/newyork_fhv_pipeline.py took 0.176 seconds
[2026-05-09T01:25:04.948+0000] {processor.py:161} INFO - Started process (PID=1847) to work on /opt/airflow/dags/newyork_fhv_pipeline.py
[2026-05-09T01:25:04.950+0000] {processor.py:830} INFO - Processing file /opt/airflow/dags/newyork_fhv_pipeline.py for tasks to queue
[2026-05-09T01:25:04.953+0000] {logging_mixin.py:188} INFO - [2026-05-09T01:25:04.953+0000] {dagbag.py:545} INFO - Filling up the DagBag from /opt/airflow/dags/newyork_fhv_pipeline.py
[2026-05-09T01:25:04.997+0000] {processor.py:840} INFO - DAG(s) 'newyork_fhv_pipeline' retrieved from /opt/airflow/dags/newyork_fhv_pipeline.py
[2026-05-09T01:25:05.028+0000] {logging_mixin.py:188} INFO - [2026-05-09T01:25:05.028+0000] {dag.py:3096} INFO - Sync 1 DAGs
[2026-05-09T01:25:05.054+0000] {logging_mixin.py:188} INFO - [2026-05-09T01:25:05.053+0000] {dag.py:3954} INFO - Setting next_dagrun for newyork_fhv_pipeline to 2026-05-01 00:00:00+00:00, run_after=2026-06-01 00:00:00+00:00
[2026-05-09T01:25:05.079+0000] {processor.py:183} INFO - Processing /opt/airflow/dags/newyork_fhv_pipeline.py took 0.140 seconds
[2026-05-09T01:25:35.198+0000] {processor.py:161} INFO - Started process (PID=1858) to work on /opt/airflow/dags/newyork_fhv_pipeline.py
[2026-05-09T01:25:35.204+0000] {processor.py:830} INFO - Processing file /opt/airflow/dags/newyork_fhv_pipeline.py for tasks to queue
[2026-05-09T01:25:35.211+0000] {logging_mixin.py:188} INFO - [2026-05-09T01:25:35.210+0000] {dagbag.py:545} INFO - Filling up the DagBag from /opt/airflow/dags/newyork_fhv_pipeline.py
[2026-05-09T01:25:35.252+0000] {processor.py:840} INFO - DAG(s) 'newyork_fhv_pipeline' retrieved from /opt/airflow/dags/newyork_fhv_pipeline.py
[2026-05-09T01:25:35.278+0000] {logging_mixin.py:188} INFO - [2026-05-09T01:25:35.278+0000] {dag.py:3096} INFO - Sync 1 DAGs
[2026-05-09T01:25:35.304+0000] {logging_mixin.py:188} INFO - [2026-05-09T01:25:35.304+0000] {dag.py:3954} INFO - Setting next_dagrun for newyork_fhv_pipeline to 2026-05-01 00:00:00+00:00, run_after=2026-06-01 00:00:00+00:00
[2026-05-09T01:25:35.330+0000] {processor.py:183} INFO - Processing /opt/airflow/dags/newyork_fhv_pipeline.py took 0.142 seconds
[2026-05-09T01:26:05.598+0000] {processor.py:161} INFO - Started process (PID=1869) to work on /opt/airflow/dags/newyork_fhv_pipeline.py
[2026-05-09T01:26:05.600+0000] {processor.py:830} INFO - Processing file /opt/airflow/dags/newyork_fhv_pipeline.py for tasks to queue
[2026-05-09T01:26:05.604+0000] {logging_mixin.py:188} INFO - [2026-05-09T01:26:05.603+0000] {dagbag.py:545} INFO - Filling up the DagBag from /opt/airflow/dags/newyork_fhv_pipeline.py
[2026-05-09T01:26:05.648+0000] {processor.py:840} INFO - DAG(s) 'newyork_fhv_pipeline' retrieved from /opt/airflow/dags/newyork_fhv_pipeline.py
[2026-05-09T01:26:05.694+0000] {logging_mixin.py:188} INFO - [2026-05-09T01:26:05.693+0000] {dag.py:3096} INFO - Sync 1 DAGs
[2026-05-09T01:26:05.735+0000] {logging_mixin.py:188} INFO - [2026-05-09T01:26:05.735+0000] {dag.py:3954} INFO - Setting next_dagrun for newyork_fhv_pipeline to 2026-05-01 00:00:00+00:00, run_after=2026-06-01 00:00:00+00:00
[2026-05-09T01:26:05.775+0000] {processor.py:183} INFO - Processing /opt/airflow/dags/newyork_fhv_pipeline.py took 0.186 seconds
[2026-05-09T01:26:36.542+0000] {processor.py:161} INFO - Started process (PID=1880) to work on /opt/airflow/dags/newyork_fhv_pipeline.py
[2026-05-09T01:26:36.544+0000] {processor.py:830} INFO - Processing file /opt/airflow/dags/newyork_fhv_pipeline.py for tasks to queue
[2026-05-09T01:26:36.548+0000] {logging_mixin.py:188} INFO - [2026-05-09T01:26:36.548+0000] {dagbag.py:545} INFO - Filling up the DagBag from /opt/airflow/dags/newyork_fhv_pipeline.py
[2026-05-09T01:26:36.601+0000] {processor.py:840} INFO - DAG(s) 'newyork_fhv_pipeline' retrieved from /opt/airflow/dags/newyork_fhv_pipeline.py
[2026-05-09T01:26:36.637+0000] {logging_mixin.py:188} INFO - [2026-05-09T01:26:36.636+0000] {dag.py:3096} INFO - Sync 1 DAGs
[2026-05-09T01:26:36.679+0000] {logging_mixin.py:188} INFO - [2026-05-09T01:26:36.679+0000] {dag.py:3954} INFO - Setting next_dagrun for newyork_fhv_pipeline to 2026-05-01 00:00:00+00:00, run_after=2026-06-01 00:00:00+00:00
[2026-05-09T01:26:36.710+0000] {processor.py:183} INFO - Processing /opt/airflow/dags/newyork_fhv_pipeline.py took 0.179 seconds
[2026-05-09T01:27:07.450+0000] {processor.py:161} INFO - Started process (PID=1891) to work on /opt/airflow/dags/newyork_fhv_pipeline.py
[2026-05-09T01:27:07.451+0000] {processor.py:830} INFO - Processing file /opt/airflow/dags/newyork_fhv_pipeline.py for tasks to queue
[2026-05-09T01:27:07.455+0000] {logging_mixin.py:188} INFO - [2026-05-09T01:27:07.455+0000] {dagbag.py:545} INFO - Filling up the DagBag from /opt/airflow/dags/newyork_fhv_pipeline.py
[2026-05-09T01:27:07.488+0000] {processor.py:840} INFO - DAG(s) 'newyork_fhv_pipeline' retrieved from /opt/airflow/dags/newyork_fhv_pipeline.py
[2026-05-09T01:27:07.512+0000] {logging_mixin.py:188} INFO - [2026-05-09T01:27:07.512+0000] {dag.py:3096} INFO - Sync 1 DAGs
[2026-05-09T01:27:07.535+0000] {logging_mixin.py:188} INFO - [2026-05-09T01:27:07.535+0000] {dag.py:3954} INFO - Setting next_dagrun for newyork_fhv_pipeline to 2026-05-01 00:00:00+00:00, run_after=2026-06-01 00:00:00+00:00
[2026-05-09T01:27:07.559+0000] {processor.py:183} INFO - Processing /opt/airflow/dags/newyork_fhv_pipeline.py took 0.116 seconds
[2026-05-09T01:27:37.913+0000] {processor.py:161} INFO - Started process (PID=1902) to work on /opt/airflow/dags/newyork_fhv_pipeline.py
[2026-05-09T01:27:37.916+0000] {processor.py:830} INFO - Processing file /opt/airflow/dags/newyork_fhv_pipeline.py for tasks to queue
[2026-05-09T01:27:37.920+0000] {logging_mixin.py:188} INFO - [2026-05-09T01:27:37.920+0000] {dagbag.py:545} INFO - Filling up the DagBag from /opt/airflow/dags/newyork_fhv_pipeline.py
[2026-05-09T01:27:37.987+0000] {processor.py:840} INFO - DAG(s) 'newyork_fhv_pipeline' retrieved from /opt/airflow/dags/newyork_fhv_pipeline.py
[2026-05-09T01:27:38.021+0000] {logging_mixin.py:188} INFO - [2026-05-09T01:27:38.021+0000] {dag.py:3096} INFO - Sync 1 DAGs
[2026-05-09T01:27:38.047+0000] {logging_mixin.py:188} INFO - [2026-05-09T01:27:38.046+0000] {dag.py:3954} INFO - Setting next_dagrun for newyork_fhv_pipeline to 2026-05-01 00:00:00+00:00, run_after=2026-06-01 00:00:00+00:00
[2026-05-09T01:27:38.079+0000] {processor.py:183} INFO - Processing /opt/airflow/dags/newyork_fhv_pipeline.py took 0.179 seconds
[2026-05-09T01:28:08.661+0000] {processor.py:161} INFO - Started process (PID=1913) to work on /opt/airflow/dags/newyork_fhv_pipeline.py
[2026-05-09T01:28:08.665+0000] {processor.py:830} INFO - Processing file /opt/airflow/dags/newyork_fhv_pipeline.py for tasks to queue
[2026-05-09T01:28:08.667+0000] {logging_mixin.py:188} INFO - [2026-05-09T01:28:08.667+0000] {dagbag.py:545} INFO - Filling up the DagBag from /opt/airflow/dags/newyork_fhv_pipeline.py
[2026-05-09T01:28:08.713+0000] {processor.py:840} INFO - DAG(s) 'newyork_fhv_pipeline' retrieved from /opt/airflow/dags/newyork_fhv_pipeline.py
[2026-05-09T01:28:08.739+0000] {logging_mixin.py:188} INFO - [2026-05-09T01:28:08.739+0000] {dag.py:3096} INFO - Sync 1 DAGs
[2026-05-09T01:28:08.767+0000] {logging_mixin.py:188} INFO - [2026-05-09T01:28:08.766+0000] {dag.py:3954} INFO - Setting next_dagrun for newyork_fhv_pipeline to 2026-05-01 00:00:00+00:00, run_after=2026-06-01 00:00:00+00:00
[2026-05-09T01:28:08.794+0000] {processor.py:183} INFO - Processing /opt/airflow/dags/newyork_fhv_pipeline.py took 0.139 seconds
[2026-05-09T01:28:39.128+0000] {processor.py:161} INFO - Started process (PID=1924) to work on /opt/airflow/dags/newyork_fhv_pipeline.py
[2026-05-09T01:28:39.130+0000] {processor.py:830} INFO - Processing file /opt/airflow/dags/newyork_fhv_pipeline.py for tasks to queue
[2026-05-09T01:28:39.134+0000] {logging_mixin.py:188} INFO - [2026-05-09T01:28:39.133+0000] {dagbag.py:545} INFO - Filling up the DagBag from /opt/airflow/dags/newyork_fhv_pipeline.py
[2026-05-09T01:28:39.186+0000] {processor.py:840} INFO - DAG(s) 'newyork_fhv_pipeline' retrieved from /opt/airflow/dags/newyork_fhv_pipeline.py
[2026-05-09T01:28:39.212+0000] {logging_mixin.py:188} INFO - [2026-05-09T01:28:39.211+0000] {dag.py:3096} INFO - Sync 1 DAGs
[2026-05-09T01:28:39.238+0000] {logging_mixin.py:188} INFO - [2026-05-09T01:28:39.237+0000] {dag.py:3954} INFO - Setting next_dagrun for newyork_fhv_pipeline to 2026-05-01 00:00:00+00:00, run_after=2026-06-01 00:00:00+00:00
[2026-05-09T01:28:39.265+0000] {processor.py:183} INFO - Processing /opt/airflow/dags/newyork_fhv_pipeline.py took 0.146 seconds
[2026-05-09T01:29:09.423+0000] {processor.py:161} INFO - Started process (PID=1935) to work on /opt/airflow/dags/newyork_fhv_pipeline.py
[2026-05-09T01:29:09.425+0000] {processor.py:830} INFO - Processing file /opt/airflow/dags/newyork_fhv_pipeline.py for tasks to queue
[2026-05-09T01:29:09.429+0000] {logging_mixin.py:188} INFO - [2026-05-09T01:29:09.428+0000] {dagbag.py:545} INFO - Filling up the DagBag from /opt/airflow/dags/newyork_fhv_pipeline.py
[2026-05-09T01:29:09.472+0000] {processor.py:840} INFO - DAG(s) 'newyork_fhv_pipeline' retrieved from /opt/airflow/dags/newyork_fhv_pipeline.py
[2026-05-09T01:29:09.501+0000] {logging_mixin.py:188} INFO - [2026-05-09T01:29:09.500+0000] {dag.py:3096} INFO - Sync 1 DAGs
[2026-05-09T01:29:09.528+0000] {logging_mixin.py:188} INFO - [2026-05-09T01:29:09.528+0000] {dag.py:3954} INFO - Setting next_dagrun for newyork_fhv_pipeline to 2026-05-01 00:00:00+00:00, run_after=2026-06-01 00:00:00+00:00
[2026-05-09T01:29:09.555+0000] {processor.py:183} INFO - Processing /opt/airflow/dags/newyork_fhv_pipeline.py took 0.142 seconds
[2026-05-09T01:29:39.768+0000] {processor.py:161} INFO - Started process (PID=1947) to work on /opt/airflow/dags/newyork_fhv_pipeline.py
[2026-05-09T01:29:39.770+0000] {processor.py:830} INFO - Processing file /opt/airflow/dags/newyork_fhv_pipeline.py for tasks to queue
[2026-05-09T01:29:39.773+0000] {logging_mixin.py:188} INFO - [2026-05-09T01:29:39.773+0000] {dagbag.py:545} INFO - Filling up the DagBag from /opt/airflow/dags/newyork_fhv_pipeline.py
[2026-05-09T01:29:39.823+0000] {processor.py:840} INFO - DAG(s) 'newyork_fhv_pipeline' retrieved from /opt/airflow/dags/newyork_fhv_pipeline.py
[2026-05-09T01:29:39.852+0000] {logging_mixin.py:188} INFO - [2026-05-09T01:29:39.851+0000] {dag.py:3096} INFO - Sync 1 DAGs
[2026-05-09T01:29:39.878+0000] {logging_mixin.py:188} INFO - [2026-05-09T01:29:39.878+0000] {dag.py:3954} INFO - Setting next_dagrun for newyork_fhv_pipeline to 2026-05-01 00:00:00+00:00, run_after=2026-06-01 00:00:00+00:00
[2026-05-09T01:29:39.903+0000] {processor.py:183} INFO - Processing /opt/airflow/dags/newyork_fhv_pipeline.py took 0.143 seconds
[2026-05-09T01:30:10.096+0000] {processor.py:161} INFO - Started process (PID=1958) to work on /opt/airflow/dags/newyork_fhv_pipeline.py
[2026-05-09T01:30:10.099+0000] {processor.py:830} INFO - Processing file /opt/airflow/dags/newyork_fhv_pipeline.py for tasks to queue
[2026-05-09T01:30:10.104+0000] {logging_mixin.py:188} INFO - [2026-05-09T01:30:10.103+0000] {dagbag.py:545} INFO - Filling up the DagBag from /opt/airflow/dags/newyork_fhv_pipeline.py
[2026-05-09T01:30:10.166+0000] {processor.py:840} INFO - DAG(s) 'newyork_fhv_pipeline' retrieved from /opt/airflow/dags/newyork_fhv_pipeline.py
[2026-05-09T01:30:10.195+0000] {logging_mixin.py:188} INFO - [2026-05-09T01:30:10.195+0000] {dag.py:3096} INFO - Sync 1 DAGs
[2026-05-09T01:30:10.223+0000] {logging_mixin.py:188} INFO - [2026-05-09T01:30:10.223+0000] {dag.py:3954} INFO - Setting next_dagrun for newyork_fhv_pipeline to 2026-05-01 00:00:00+00:00, run_after=2026-06-01 00:00:00+00:00
[2026-05-09T01:30:10.259+0000] {processor.py:183} INFO - Processing /opt/airflow/dags/newyork_fhv_pipeline.py took 0.175 seconds
[2026-05-09T01:30:40.530+0000] {processor.py:161} INFO - Started process (PID=1969) to work on /opt/airflow/dags/newyork_fhv_pipeline.py
[2026-05-09T01:30:40.531+0000] {processor.py:830} INFO - Processing file /opt/airflow/dags/newyork_fhv_pipeline.py for tasks to queue
[2026-05-09T01:30:40.534+0000] {logging_mixin.py:188} INFO - [2026-05-09T01:30:40.534+0000] {dagbag.py:545} INFO - Filling up the DagBag from /opt/airflow/dags/newyork_fhv_pipeline.py
[2026-05-09T01:30:40.569+0000] {processor.py:840} INFO - DAG(s) 'newyork_fhv_pipeline' retrieved from /opt/airflow/dags/newyork_fhv_pipeline.py
[2026-05-09T01:30:40.598+0000] {logging_mixin.py:188} INFO - [2026-05-09T01:30:40.598+0000] {dag.py:3096} INFO - Sync 1 DAGs
[2026-05-09T01:30:40.628+0000] {logging_mixin.py:188} INFO - [2026-05-09T01:30:40.628+0000] {dag.py:3954} INFO - Setting next_dagrun for newyork_fhv_pipeline to 2026-05-01 00:00:00+00:00, run_after=2026-06-01 00:00:00+00:00
[2026-05-09T01:30:40.656+0000] {processor.py:183} INFO - Processing /opt/airflow/dags/newyork_fhv_pipeline.py took 0.137 seconds
[2026-05-09T01:31:11.337+0000] {processor.py:161} INFO - Started process (PID=1980) to work on /opt/airflow/dags/newyork_fhv_pipeline.py
[2026-05-09T01:31:11.339+0000] {processor.py:830} INFO - Processing file /opt/airflow/dags/newyork_fhv_pipeline.py for tasks to queue
[2026-05-09T01:31:11.342+0000] {logging_mixin.py:188} INFO - [2026-05-09T01:31:11.341+0000] {dagbag.py:545} INFO - Filling up the DagBag from /opt/airflow/dags/newyork_fhv_pipeline.py
[2026-05-09T01:31:11.366+0000] {processor.py:840} INFO - DAG(s) 'newyork_fhv_pipeline' retrieved from /opt/airflow/dags/newyork_fhv_pipeline.py
[2026-05-09T01:31:11.392+0000] {logging_mixin.py:188} INFO - [2026-05-09T01:31:11.392+0000] {dag.py:3096} INFO - Sync 1 DAGs
[2026-05-09T01:31:11.418+0000] {logging_mixin.py:188} INFO - [2026-05-09T01:31:11.418+0000] {dag.py:3954} INFO - Setting next_dagrun for newyork_fhv_pipeline to 2026-05-01 00:00:00+00:00, run_after=2026-06-01 00:00:00+00:00
[2026-05-09T01:31:11.442+0000] {processor.py:183} INFO - Processing /opt/airflow/dags/newyork_fhv_pipeline.py took 0.113 seconds
[2026-05-09T01:31:41.605+0000] {processor.py:161} INFO - Started process (PID=1991) to work on /opt/airflow/dags/newyork_fhv_pipeline.py
[2026-05-09T01:31:41.607+0000] {processor.py:830} INFO - Processing file /opt/airflow/dags/newyork_fhv_pipeline.py for tasks to queue
[2026-05-09T01:31:41.610+0000] {logging_mixin.py:188} INFO - [2026-05-09T01:31:41.610+0000] {dagbag.py:545} INFO - Filling up the DagBag from /opt/airflow/dags/newyork_fhv_pipeline.py
[2026-05-09T01:31:41.647+0000] {processor.py:840} INFO - DAG(s) 'newyork_fhv_pipeline' retrieved from /opt/airflow/dags/newyork_fhv_pipeline.py
[2026-05-09T01:31:41.673+0000] {logging_mixin.py:188} INFO - [2026-05-09T01:31:41.673+0000] {dag.py:3096} INFO - Sync 1 DAGs
[2026-05-09T01:31:41.695+0000] {logging_mixin.py:188} INFO - [2026-05-09T01:31:41.695+0000] {dag.py:3954} INFO - Setting next_dagrun for newyork_fhv_pipeline to 2026-05-01 00:00:00+00:00, run_after=2026-06-01 00:00:00+00:00
[2026-05-09T01:31:41.725+0000] {processor.py:183} INFO - Processing /opt/airflow/dags/newyork_fhv_pipeline.py took 0.127 seconds
[2026-05-09T01:32:12.514+0000] {processor.py:161} INFO - Started process (PID=2002) to work on /opt/airflow/dags/newyork_fhv_pipeline.py
[2026-05-09T01:32:12.515+0000] {processor.py:830} INFO - Processing file /opt/airflow/dags/newyork_fhv_pipeline.py for tasks to queue
[2026-05-09T01:32:12.518+0000] {logging_mixin.py:188} INFO - [2026-05-09T01:32:12.518+0000] {dagbag.py:545} INFO - Filling up the DagBag from /opt/airflow/dags/newyork_fhv_pipeline.py
[2026-05-09T01:32:12.557+0000] {processor.py:840} INFO - DAG(s) 'newyork_fhv_pipeline' retrieved from /opt/airflow/dags/newyork_fhv_pipeline.py
[2026-05-09T01:32:12.582+0000] {logging_mixin.py:188} INFO - [2026-05-09T01:32:12.582+0000] {dag.py:3096} INFO - Sync 1 DAGs
[2026-05-09T01:32:12.610+0000] {logging_mixin.py:188} INFO - [2026-05-09T01:32:12.609+0000] {dag.py:3954} INFO - Setting next_dagrun for newyork_fhv_pipeline to 2026-05-01 00:00:00+00:00, run_after=2026-06-01 00:00:00+00:00
[2026-05-09T01:32:12.631+0000] {processor.py:183} INFO - Processing /opt/airflow/dags/newyork_fhv_pipeline.py took 0.128 seconds
[2026-05-09T01:32:43.401+0000] {processor.py:161} INFO - Started process (PID=2013) to work on /opt/airflow/dags/newyork_fhv_pipeline.py
[2026-05-09T01:32:43.403+0000] {processor.py:830} INFO - Processing file /opt/airflow/dags/newyork_fhv_pipeline.py for tasks to queue
[2026-05-09T01:32:43.407+0000] {logging_mixin.py:188} INFO - [2026-05-09T01:32:43.407+0000] {dagbag.py:545} INFO - Filling up the DagBag from /opt/airflow/dags/newyork_fhv_pipeline.py
[2026-05-09T01:32:43.452+0000] {processor.py:840} INFO - DAG(s) 'newyork_fhv_pipeline' retrieved from /opt/airflow/dags/newyork_fhv_pipeline.py
[2026-05-09T01:32:43.495+0000] {logging_mixin.py:188} INFO - [2026-05-09T01:32:43.495+0000] {dag.py:3096} INFO - Sync 1 DAGs
[2026-05-09T01:32:43.543+0000] {logging_mixin.py:188} INFO - [2026-05-09T01:32:43.543+0000] {dag.py:3954} INFO - Setting next_dagrun for newyork_fhv_pipeline to 2026-05-01 00:00:00+00:00, run_after=2026-06-01 00:00:00+00:00
[2026-05-09T01:32:43.592+0000] {processor.py:183} INFO - Processing /opt/airflow/dags/newyork_fhv_pipeline.py took 0.200 seconds
[2026-05-09T01:33:14.343+0000] {processor.py:161} INFO - Started process (PID=2024) to work on /opt/airflow/dags/newyork_fhv_pipeline.py
[2026-05-09T01:33:14.344+0000] {processor.py:830} INFO - Processing file /opt/airflow/dags/newyork_fhv_pipeline.py for tasks to queue
[2026-05-09T01:33:14.347+0000] {logging_mixin.py:188} INFO - [2026-05-09T01:33:14.347+0000] {dagbag.py:545} INFO - Filling up the DagBag from /opt/airflow/dags/newyork_fhv_pipeline.py
[2026-05-09T01:33:14.391+0000] {processor.py:840} INFO - DAG(s) 'newyork_fhv_pipeline' retrieved from /opt/airflow/dags/newyork_fhv_pipeline.py
[2026-05-09T01:33:14.420+0000] {logging_mixin.py:188} INFO - [2026-05-09T01:33:14.420+0000] {dag.py:3096} INFO - Sync 1 DAGs
[2026-05-09T01:33:14.446+0000] {logging_mixin.py:188} INFO - [2026-05-09T01:33:14.446+0000] {dag.py:3954} INFO - Setting next_dagrun for newyork_fhv_pipeline to 2026-05-01 00:00:00+00:00, run_after=2026-06-01 00:00:00+00:00
[2026-05-09T01:33:14.470+0000] {processor.py:183} INFO - Processing /opt/airflow/dags/newyork_fhv_pipeline.py took 0.133 seconds
[2026-05-09T01:33:45.280+0000] {processor.py:161} INFO - Started process (PID=2035) to work on /opt/airflow/dags/newyork_fhv_pipeline.py
[2026-05-09T01:33:45.283+0000] {processor.py:830} INFO - Processing file /opt/airflow/dags/newyork_fhv_pipeline.py for tasks to queue
[2026-05-09T01:33:45.287+0000] {logging_mixin.py:188} INFO - [2026-05-09T01:33:45.286+0000] {dagbag.py:545} INFO - Filling up the DagBag from /opt/airflow/dags/newyork_fhv_pipeline.py
[2026-05-09T01:33:45.341+0000] {processor.py:840} INFO - DAG(s) 'newyork_fhv_pipeline' retrieved from /opt/airflow/dags/newyork_fhv_pipeline.py
[2026-05-09T01:33:45.372+0000] {logging_mixin.py:188} INFO - [2026-05-09T01:33:45.371+0000] {dag.py:3096} INFO - Sync 1 DAGs
[2026-05-09T01:33:45.402+0000] {logging_mixin.py:188} INFO - [2026-05-09T01:33:45.402+0000] {dag.py:3954} INFO - Setting next_dagrun for newyork_fhv_pipeline to 2026-05-01 00:00:00+00:00, run_after=2026-06-01 00:00:00+00:00
[2026-05-09T01:33:45.442+0000] {processor.py:183} INFO - Processing /opt/airflow/dags/newyork_fhv_pipeline.py took 0.171 seconds
[2026-05-09T01:34:15.544+0000] {processor.py:161} INFO - Started process (PID=2046) to work on /opt/airflow/dags/newyork_fhv_pipeline.py
[2026-05-09T01:34:15.546+0000] {processor.py:830} INFO - Processing file /opt/airflow/dags/newyork_fhv_pipeline.py for tasks to queue
[2026-05-09T01:34:15.548+0000] {logging_mixin.py:188} INFO - [2026-05-09T01:34:15.547+0000] {dagbag.py:545} INFO - Filling up the DagBag from /opt/airflow/dags/newyork_fhv_pipeline.py
[2026-05-09T01:34:15.593+0000] {processor.py:840} INFO - DAG(s) 'newyork_fhv_pipeline' retrieved from /opt/airflow/dags/newyork_fhv_pipeline.py
[2026-05-09T01:34:15.618+0000] {logging_mixin.py:188} INFO - [2026-05-09T01:34:15.618+0000] {dag.py:3096} INFO - Sync 1 DAGs
[2026-05-09T01:34:15.655+0000] {logging_mixin.py:188} INFO - [2026-05-09T01:34:15.654+0000] {dag.py:3954} INFO - Setting next_dagrun for newyork_fhv_pipeline to 2026-05-01 00:00:00+00:00, run_after=2026-06-01 00:00:00+00:00
[2026-05-09T01:34:15.682+0000] {processor.py:183} INFO - Processing /opt/airflow/dags/newyork_fhv_pipeline.py took 0.144 seconds
[2026-05-09T01:34:46.553+0000] {processor.py:161} INFO - Started process (PID=2057) to work on /opt/airflow/dags/newyork_fhv_pipeline.py
[2026-05-09T01:34:46.555+0000] {processor.py:830} INFO - Processing file /opt/airflow/dags/newyork_fhv_pipeline.py for tasks to queue
[2026-05-09T01:34:46.558+0000] {logging_mixin.py:188} INFO - [2026-05-09T01:34:46.557+0000] {dagbag.py:545} INFO - Filling up the DagBag from /opt/airflow/dags/newyork_fhv_pipeline.py
[2026-05-09T01:34:46.601+0000] {processor.py:840} INFO - DAG(s) 'newyork_fhv_pipeline' retrieved from /opt/airflow/dags/newyork_fhv_pipeline.py
[2026-05-09T01:34:46.630+0000] {logging_mixin.py:188} INFO - [2026-05-09T01:34:46.630+0000] {dag.py:3096} INFO - Sync 1 DAGs
[2026-05-09T01:34:46.656+0000] {logging_mixin.py:188} INFO - [2026-05-09T01:34:46.655+0000] {dag.py:3954} INFO - Setting next_dagrun for newyork_fhv_pipeline to 2026-05-01 00:00:00+00:00, run_after=2026-06-01 00:00:00+00:00
[2026-05-09T01:34:46.685+0000] {processor.py:183} INFO - Processing /opt/airflow/dags/newyork_fhv_pipeline.py took 0.140 seconds
[2026-05-09T01:35:17.516+0000] {processor.py:161} INFO - Started process (PID=2069) to work on /opt/airflow/dags/newyork_fhv_pipeline.py
[2026-05-09T01:35:17.518+0000] {processor.py:830} INFO - Processing file /opt/airflow/dags/newyork_fhv_pipeline.py for tasks to queue
[2026-05-09T01:35:17.520+0000] {logging_mixin.py:188} INFO - [2026-05-09T01:35:17.520+0000] {dagbag.py:545} INFO - Filling up the DagBag from /opt/airflow/dags/newyork_fhv_pipeline.py
[2026-05-09T01:35:17.550+0000] {processor.py:840} INFO - DAG(s) 'newyork_fhv_pipeline' retrieved from /opt/airflow/dags/newyork_fhv_pipeline.py
[2026-05-09T01:35:17.577+0000] {logging_mixin.py:188} INFO - [2026-05-09T01:35:17.577+0000] {dag.py:3096} INFO - Sync 1 DAGs
[2026-05-09T01:35:17.601+0000] {logging_mixin.py:188} INFO - [2026-05-09T01:35:17.600+0000] {dag.py:3954} INFO - Setting next_dagrun for newyork_fhv_pipeline to 2026-05-01 00:00:00+00:00, run_after=2026-06-01 00:00:00+00:00
[2026-05-09T01:35:17.624+0000] {processor.py:183} INFO - Processing /opt/airflow/dags/newyork_fhv_pipeline.py took 0.116 seconds
[2026-05-09T01:35:48.450+0000] {processor.py:161} INFO - Started process (PID=2080) to work on /opt/airflow/dags/newyork_fhv_pipeline.py
[2026-05-09T01:35:48.452+0000] {processor.py:830} INFO - Processing file /opt/airflow/dags/newyork_fhv_pipeline.py for tasks to queue
[2026-05-09T01:35:48.454+0000] {logging_mixin.py:188} INFO - [2026-05-09T01:35:48.454+0000] {dagbag.py:545} INFO - Filling up the DagBag from /opt/airflow/dags/newyork_fhv_pipeline.py
[2026-05-09T01:35:48.496+0000] {processor.py:840} INFO - DAG(s) 'newyork_fhv_pipeline' retrieved from /opt/airflow/dags/newyork_fhv_pipeline.py
[2026-05-09T01:35:48.521+0000] {logging_mixin.py:188} INFO - [2026-05-09T01:35:48.521+0000] {dag.py:3096} INFO - Sync 1 DAGs
[2026-05-09T01:35:48.547+0000] {logging_mixin.py:188} INFO - [2026-05-09T01:35:48.547+0000] {dag.py:3954} INFO - Setting next_dagrun for newyork_fhv_pipeline to 2026-05-01 00:00:00+00:00, run_after=2026-06-01 00:00:00+00:00
[2026-05-09T01:35:48.570+0000] {processor.py:183} INFO - Processing /opt/airflow/dags/newyork_fhv_pipeline.py took 0.127 seconds
[2026-05-09T01:36:18.679+0000] {processor.py:161} INFO - Started process (PID=2091) to work on /opt/airflow/dags/newyork_fhv_pipeline.py
[2026-05-09T01:36:18.681+0000] {processor.py:830} INFO - Processing file /opt/airflow/dags/newyork_fhv_pipeline.py for tasks to queue
[2026-05-09T01:36:18.684+0000] {logging_mixin.py:188} INFO - [2026-05-09T01:36:18.684+0000] {dagbag.py:545} INFO - Filling up the DagBag from /opt/airflow/dags/newyork_fhv_pipeline.py
[2026-05-09T01:36:18.732+0000] {processor.py:840} INFO - DAG(s) 'newyork_fhv_pipeline' retrieved from /opt/airflow/dags/newyork_fhv_pipeline.py
[2026-05-09T01:36:18.762+0000] {logging_mixin.py:188} INFO - [2026-05-09T01:36:18.762+0000] {dag.py:3096} INFO - Sync 1 DAGs
[2026-05-09T01:36:18.790+0000] {logging_mixin.py:188} INFO - [2026-05-09T01:36:18.790+0000] {dag.py:3954} INFO - Setting next_dagrun for newyork_fhv_pipeline to 2026-05-01 00:00:00+00:00, run_after=2026-06-01 00:00:00+00:00
[2026-05-09T01:36:18.826+0000] {processor.py:183} INFO - Processing /opt/airflow/dags/newyork_fhv_pipeline.py took 0.156 seconds
[2026-05-09T01:36:49.671+0000] {processor.py:161} INFO - Started process (PID=2102) to work on /opt/airflow/dags/newyork_fhv_pipeline.py
[2026-05-09T01:36:49.673+0000] {processor.py:830} INFO - Processing file /opt/airflow/dags/newyork_fhv_pipeline.py for tasks to queue
[2026-05-09T01:36:49.677+0000] {logging_mixin.py:188} INFO - [2026-05-09T01:36:49.677+0000] {dagbag.py:545} INFO - Filling up the DagBag from /opt/airflow/dags/newyork_fhv_pipeline.py
[2026-05-09T01:36:49.717+0000] {processor.py:840} INFO - DAG(s) 'newyork_fhv_pipeline' retrieved from /opt/airflow/dags/newyork_fhv_pipeline.py
[2026-05-09T01:36:49.752+0000] {logging_mixin.py:188} INFO - [2026-05-09T01:36:49.751+0000] {dag.py:3096} INFO - Sync 1 DAGs
[2026-05-09T01:36:49.788+0000] {logging_mixin.py:188} INFO - [2026-05-09T01:36:49.787+0000] {dag.py:3954} INFO - Setting next_dagrun for newyork_fhv_pipeline to 2026-05-01 00:00:00+00:00, run_after=2026-06-01 00:00:00+00:00
[2026-05-09T01:36:49.816+0000] {processor.py:183} INFO - Processing /opt/airflow/dags/newyork_fhv_pipeline.py took 0.152 seconds
[2026-05-09T01:37:20.677+0000] {processor.py:161} INFO - Started process (PID=2113) to work on /opt/airflow/dags/newyork_fhv_pipeline.py
[2026-05-09T01:37:20.680+0000] {processor.py:830} INFO - Processing file /opt/airflow/dags/newyork_fhv_pipeline.py for tasks to queue
[2026-05-09T01:37:20.683+0000] {logging_mixin.py:188} INFO - [2026-05-09T01:37:20.683+0000] {dagbag.py:545} INFO - Filling up the DagBag from /opt/airflow/dags/newyork_fhv_pipeline.py
[2026-05-09T01:37:20.729+0000] {processor.py:840} INFO - DAG(s) 'newyork_fhv_pipeline' retrieved from /opt/airflow/dags/newyork_fhv_pipeline.py
[2026-05-09T01:37:20.753+0000] {logging_mixin.py:188} INFO - [2026-05-09T01:37:20.753+0000] {dag.py:3096} INFO - Sync 1 DAGs
[2026-05-09T01:37:20.777+0000] {logging_mixin.py:188} INFO - [2026-05-09T01:37:20.776+0000] {dag.py:3954} INFO - Setting next_dagrun for newyork_fhv_pipeline to 2026-05-01 00:00:00+00:00, run_after=2026-06-01 00:00:00+00:00
[2026-05-09T01:37:20.801+0000] {processor.py:183} INFO - Processing /opt/airflow/dags/newyork_fhv_pipeline.py took 0.137 seconds
[2026-05-09T01:37:51.595+0000] {processor.py:161} INFO - Started process (PID=2124) to work on /opt/airflow/dags/newyork_fhv_pipeline.py
[2026-05-09T01:37:51.596+0000] {processor.py:830} INFO - Processing file /opt/airflow/dags/newyork_fhv_pipeline.py for tasks to queue
[2026-05-09T01:37:51.598+0000] {logging_mixin.py:188} INFO - [2026-05-09T01:37:51.598+0000] {dagbag.py:545} INFO - Filling up the DagBag from /opt/airflow/dags/newyork_fhv_pipeline.py
[2026-05-09T01:37:51.657+0000] {processor.py:840} INFO - DAG(s) 'newyork_fhv_pipeline' retrieved from /opt/airflow/dags/newyork_fhv_pipeline.py
[2026-05-09T01:37:51.687+0000] {logging_mixin.py:188} INFO - [2026-05-09T01:37:51.687+0000] {dag.py:3096} INFO - Sync 1 DAGs
[2026-05-09T01:37:51.714+0000] {logging_mixin.py:188} INFO - [2026-05-09T01:37:51.714+0000] {dag.py:3954} INFO - Setting next_dagrun for newyork_fhv_pipeline to 2026-05-01 00:00:00+00:00, run_after=2026-06-01 00:00:00+00:00
[2026-05-09T01:37:51.738+0000] {processor.py:183} INFO - Processing /opt/airflow/dags/newyork_fhv_pipeline.py took 0.150 seconds
[2026-05-09T01:38:22.599+0000] {processor.py:161} INFO - Started process (PID=2135) to work on /opt/airflow/dags/newyork_fhv_pipeline.py
[2026-05-09T01:38:22.601+0000] {processor.py:830} INFO - Processing file /opt/airflow/dags/newyork_fhv_pipeline.py for tasks to queue
[2026-05-09T01:38:22.605+0000] {logging_mixin.py:188} INFO - [2026-05-09T01:38:22.604+0000] {dagbag.py:545} INFO - Filling up the DagBag from /opt/airflow/dags/newyork_fhv_pipeline.py
[2026-05-09T01:38:22.659+0000] {processor.py:840} INFO - DAG(s) 'newyork_fhv_pipeline' retrieved from /opt/airflow/dags/newyork_fhv_pipeline.py
[2026-05-09T01:38:22.682+0000] {logging_mixin.py:188} INFO - [2026-05-09T01:38:22.682+0000] {dag.py:3096} INFO - Sync 1 DAGs
[2026-05-09T01:38:23.235+0000] {logging_mixin.py:188} INFO - [2026-05-09T01:38:23.235+0000] {dag.py:3954} INFO - Setting next_dagrun for newyork_fhv_pipeline to 2026-05-01 00:00:00+00:00, run_after=2026-06-01 00:00:00+00:00
[2026-05-09T01:38:23.264+0000] {processor.py:183} INFO - Processing /opt/airflow/dags/newyork_fhv_pipeline.py took 0.676 seconds
[2026-05-09T01:38:53.453+0000] {processor.py:161} INFO - Started process (PID=2146) to work on /opt/airflow/dags/newyork_fhv_pipeline.py
[2026-05-09T01:38:53.454+0000] {processor.py:830} INFO - Processing file /opt/airflow/dags/newyork_fhv_pipeline.py for tasks to queue
[2026-05-09T01:38:53.456+0000] {logging_mixin.py:188} INFO - [2026-05-09T01:38:53.456+0000] {dagbag.py:545} INFO - Filling up the DagBag from /opt/airflow/dags/newyork_fhv_pipeline.py
[2026-05-09T01:38:53.494+0000] {processor.py:840} INFO - DAG(s) 'newyork_fhv_pipeline' retrieved from /opt/airflow/dags/newyork_fhv_pipeline.py
[2026-05-09T01:38:53.521+0000] {logging_mixin.py:188} INFO - [2026-05-09T01:38:53.521+0000] {dag.py:3096} INFO - Sync 1 DAGs
[2026-05-09T01:38:53.547+0000] {logging_mixin.py:188} INFO - [2026-05-09T01:38:53.547+0000] {dag.py:3954} INFO - Setting next_dagrun for newyork_fhv_pipeline to 2026-05-01 00:00:00+00:00, run_after=2026-06-01 00:00:00+00:00
[2026-05-09T01:38:53.582+0000] {processor.py:183} INFO - Processing /opt/airflow/dags/newyork_fhv_pipeline.py took 0.137 seconds
[2026-05-09T01:39:23.920+0000] {processor.py:161} INFO - Started process (PID=2157) to work on /opt/airflow/dags/newyork_fhv_pipeline.py
[2026-05-09T01:39:23.922+0000] {processor.py:830} INFO - Processing file /opt/airflow/dags/newyork_fhv_pipeline.py for tasks to queue
[2026-05-09T01:39:23.926+0000] {logging_mixin.py:188} INFO - [2026-05-09T01:39:23.926+0000] {dagbag.py:545} INFO - Filling up the DagBag from /opt/airflow/dags/newyork_fhv_pipeline.py
[2026-05-09T01:39:23.979+0000] {processor.py:840} INFO - DAG(s) 'newyork_fhv_pipeline' retrieved from /opt/airflow/dags/newyork_fhv_pipeline.py
[2026-05-09T01:39:24.013+0000] {logging_mixin.py:188} INFO - [2026-05-09T01:39:24.012+0000] {dag.py:3096} INFO - Sync 1 DAGs
[2026-05-09T01:39:24.042+0000] {logging_mixin.py:188} INFO - [2026-05-09T01:39:24.042+0000] {dag.py:3954} INFO - Setting next_dagrun for newyork_fhv_pipeline to 2026-05-01 00:00:00+00:00, run_after=2026-06-01 00:00:00+00:00
[2026-05-09T01:39:24.071+0000] {processor.py:183} INFO - Processing /opt/airflow/dags/newyork_fhv_pipeline.py took 0.164 seconds
[2026-05-09T01:39:54.497+0000] {processor.py:161} INFO - Started process (PID=2168) to work on /opt/airflow/dags/newyork_fhv_pipeline.py
[2026-05-09T01:39:54.499+0000] {processor.py:830} INFO - Processing file /opt/airflow/dags/newyork_fhv_pipeline.py for tasks to queue
[2026-05-09T01:39:54.503+0000] {logging_mixin.py:188} INFO - [2026-05-09T01:39:54.502+0000] {dagbag.py:545} INFO - Filling up the DagBag from /opt/airflow/dags/newyork_fhv_pipeline.py
[2026-05-09T01:39:54.542+0000] {processor.py:840} INFO - DAG(s) 'newyork_fhv_pipeline' retrieved from /opt/airflow/dags/newyork_fhv_pipeline.py
[2026-05-09T01:39:54.574+0000] {logging_mixin.py:188} INFO - [2026-05-09T01:39:54.574+0000] {dag.py:3096} INFO - Sync 1 DAGs
[2026-05-09T01:39:54.749+0000] {logging_mixin.py:188} INFO - [2026-05-09T01:39:54.749+0000] {dag.py:3954} INFO - Setting next_dagrun for newyork_fhv_pipeline to 2026-05-01 00:00:00+00:00, run_after=2026-06-01 00:00:00+00:00
[2026-05-09T01:39:54.790+0000] {processor.py:183} INFO - Processing /opt/airflow/dags/newyork_fhv_pipeline.py took 0.304 seconds
[2026-05-09T01:40:25.021+0000] {processor.py:161} INFO - Started process (PID=2179) to work on /opt/airflow/dags/newyork_fhv_pipeline.py
[2026-05-09T01:40:25.023+0000] {processor.py:830} INFO - Processing file /opt/airflow/dags/newyork_fhv_pipeline.py for tasks to queue
[2026-05-09T01:40:25.027+0000] {logging_mixin.py:188} INFO - [2026-05-09T01:40:25.026+0000] {dagbag.py:545} INFO - Filling up the DagBag from /opt/airflow/dags/newyork_fhv_pipeline.py
[2026-05-09T01:40:25.064+0000] {processor.py:840} INFO - DAG(s) 'newyork_fhv_pipeline' retrieved from /opt/airflow/dags/newyork_fhv_pipeline.py
[2026-05-09T01:40:25.093+0000] {logging_mixin.py:188} INFO - [2026-05-09T01:40:25.093+0000] {dag.py:3096} INFO - Sync 1 DAGs
[2026-05-09T01:40:25.125+0000] {logging_mixin.py:188} INFO - [2026-05-09T01:40:25.124+0000] {dag.py:3954} INFO - Setting next_dagrun for newyork_fhv_pipeline to 2026-05-01 00:00:00+00:00, run_after=2026-06-01 00:00:00+00:00
[2026-05-09T01:40:25.151+0000] {processor.py:183} INFO - Processing /opt/airflow/dags/newyork_fhv_pipeline.py took 0.142 seconds
[2026-05-09T01:40:55.872+0000] {processor.py:161} INFO - Started process (PID=2190) to work on /opt/airflow/dags/newyork_fhv_pipeline.py
[2026-05-09T01:40:55.873+0000] {processor.py:830} INFO - Processing file /opt/airflow/dags/newyork_fhv_pipeline.py for tasks to queue
[2026-05-09T01:40:55.876+0000] {logging_mixin.py:188} INFO - [2026-05-09T01:40:55.876+0000] {dagbag.py:545} INFO - Filling up the DagBag from /opt/airflow/dags/newyork_fhv_pipeline.py
[2026-05-09T01:40:55.910+0000] {processor.py:840} INFO - DAG(s) 'newyork_fhv_pipeline' retrieved from /opt/airflow/dags/newyork_fhv_pipeline.py
[2026-05-09T01:40:55.934+0000] {logging_mixin.py:188} INFO - [2026-05-09T01:40:55.934+0000] {dag.py:3096} INFO - Sync 1 DAGs
[2026-05-09T01:40:55.957+0000] {logging_mixin.py:188} INFO - [2026-05-09T01:40:55.957+0000] {dag.py:3954} INFO - Setting next_dagrun for newyork_fhv_pipeline to 2026-05-01 00:00:00+00:00, run_after=2026-06-01 00:00:00+00:00
[2026-05-09T01:40:55.981+0000] {processor.py:183} INFO - Processing /opt/airflow/dags/newyork_fhv_pipeline.py took 0.119 seconds
[2026-05-09T01:41:26.938+0000] {processor.py:161} INFO - Started process (PID=2201) to work on /opt/airflow/dags/newyork_fhv_pipeline.py
[2026-05-09T01:41:26.941+0000] {processor.py:830} INFO - Processing file /opt/airflow/dags/newyork_fhv_pipeline.py for tasks to queue
[2026-05-09T01:41:26.946+0000] {logging_mixin.py:188} INFO - [2026-05-09T01:41:26.945+0000] {dagbag.py:545} INFO - Filling up the DagBag from /opt/airflow/dags/newyork_fhv_pipeline.py
[2026-05-09T01:41:26.999+0000] {processor.py:840} INFO - DAG(s) 'newyork_fhv_pipeline' retrieved from /opt/airflow/dags/newyork_fhv_pipeline.py
[2026-05-09T01:41:27.033+0000] {logging_mixin.py:188} INFO - [2026-05-09T01:41:27.032+0000] {dag.py:3096} INFO - Sync 1 DAGs
[2026-05-09T01:41:27.294+0000] {logging_mixin.py:188} INFO - [2026-05-09T01:41:27.294+0000] {dag.py:3954} INFO - Setting next_dagrun for newyork_fhv_pipeline to 2026-05-01 00:00:00+00:00, run_after=2026-06-01 00:00:00+00:00
[2026-05-09T01:41:27.336+0000] {processor.py:183} INFO - Processing /opt/airflow/dags/newyork_fhv_pipeline.py took 0.411 seconds
[2026-05-09T01:41:57.597+0000] {processor.py:161} INFO - Started process (PID=2212) to work on /opt/airflow/dags/newyork_fhv_pipeline.py
[2026-05-09T01:41:57.599+0000] {processor.py:830} INFO - Processing file /opt/airflow/dags/newyork_fhv_pipeline.py for tasks to queue
[2026-05-09T01:41:57.603+0000] {logging_mixin.py:188} INFO - [2026-05-09T01:41:57.602+0000] {dagbag.py:545} INFO - Filling up the DagBag from /opt/airflow/dags/newyork_fhv_pipeline.py
[2026-05-09T01:41:57.643+0000] {processor.py:840} INFO - DAG(s) 'newyork_fhv_pipeline' retrieved from /opt/airflow/dags/newyork_fhv_pipeline.py
[2026-05-09T01:41:57.671+0000] {logging_mixin.py:188} INFO - [2026-05-09T01:41:57.670+0000] {dag.py:3096} INFO - Sync 1 DAGs
[2026-05-09T01:41:57.697+0000] {logging_mixin.py:188} INFO - [2026-05-09T01:41:57.696+0000] {dag.py:3954} INFO - Setting next_dagrun for newyork_fhv_pipeline to 2026-05-01 00:00:00+00:00, run_after=2026-06-01 00:00:00+00:00
[2026-05-09T01:41:57.730+0000] {processor.py:183} INFO - Processing /opt/airflow/dags/newyork_fhv_pipeline.py took 0.142 seconds
[2026-05-09T01:42:28.508+0000] {processor.py:161} INFO - Started process (PID=2223) to work on /opt/airflow/dags/newyork_fhv_pipeline.py
[2026-05-09T01:42:28.509+0000] {processor.py:830} INFO - Processing file /opt/airflow/dags/newyork_fhv_pipeline.py for tasks to queue
[2026-05-09T01:42:28.512+0000] {logging_mixin.py:188} INFO - [2026-05-09T01:42:28.512+0000] {dagbag.py:545} INFO - Filling up the DagBag from /opt/airflow/dags/newyork_fhv_pipeline.py
[2026-05-09T01:42:28.539+0000] {processor.py:840} INFO - DAG(s) 'newyork_fhv_pipeline' retrieved from /opt/airflow/dags/newyork_fhv_pipeline.py
[2026-05-09T01:42:28.564+0000] {logging_mixin.py:188} INFO - [2026-05-09T01:42:28.564+0000] {dag.py:3096} INFO - Sync 1 DAGs
[2026-05-09T01:42:28.587+0000] {logging_mixin.py:188} INFO - [2026-05-09T01:42:28.587+0000] {dag.py:3954} INFO - Setting next_dagrun for newyork_fhv_pipeline to 2026-05-01 00:00:00+00:00, run_after=2026-06-01 00:00:00+00:00
[2026-05-09T01:42:28.630+0000] {processor.py:183} INFO - Processing /opt/airflow/dags/newyork_fhv_pipeline.py took 0.130 seconds
[2026-05-09T01:42:59.521+0000] {processor.py:161} INFO - Started process (PID=2234) to work on /opt/airflow/dags/newyork_fhv_pipeline.py
[2026-05-09T01:42:59.523+0000] {processor.py:830} INFO - Processing file /opt/airflow/dags/newyork_fhv_pipeline.py for tasks to queue
[2026-05-09T01:42:59.527+0000] {logging_mixin.py:188} INFO - [2026-05-09T01:42:59.526+0000] {dagbag.py:545} INFO - Filling up the DagBag from /opt/airflow/dags/newyork_fhv_pipeline.py
[2026-05-09T01:42:59.579+0000] {processor.py:840} INFO - DAG(s) 'newyork_fhv_pipeline' retrieved from /opt/airflow/dags/newyork_fhv_pipeline.py
[2026-05-09T01:42:59.612+0000] {logging_mixin.py:188} INFO - [2026-05-09T01:42:59.612+0000] {dag.py:3096} INFO - Sync 1 DAGs
[2026-05-09T01:42:59.862+0000] {logging_mixin.py:188} INFO - [2026-05-09T01:42:59.862+0000] {dag.py:3954} INFO - Setting next_dagrun for newyork_fhv_pipeline to 2026-05-01 00:00:00+00:00, run_after=2026-06-01 00:00:00+00:00
[2026-05-09T01:42:59.887+0000] {processor.py:183} INFO - Processing /opt/airflow/dags/newyork_fhv_pipeline.py took 0.377 seconds
[2026-05-09T01:43:30.556+0000] {processor.py:161} INFO - Started process (PID=2245) to work on /opt/airflow/dags/newyork_fhv_pipeline.py
[2026-05-09T01:43:30.559+0000] {processor.py:830} INFO - Processing file /opt/airflow/dags/newyork_fhv_pipeline.py for tasks to queue
[2026-05-09T01:43:30.564+0000] {logging_mixin.py:188} INFO - [2026-05-09T01:43:30.563+0000] {dagbag.py:545} INFO - Filling up the DagBag from /opt/airflow/dags/newyork_fhv_pipeline.py
[2026-05-09T01:43:30.613+0000] {processor.py:840} INFO - DAG(s) 'newyork_fhv_pipeline' retrieved from /opt/airflow/dags/newyork_fhv_pipeline.py
[2026-05-09T01:43:30.834+0000] {logging_mixin.py:188} INFO - [2026-05-09T01:43:30.833+0000] {dag.py:3096} INFO - Sync 1 DAGs
[2026-05-09T01:43:30.857+0000] {logging_mixin.py:188} INFO - [2026-05-09T01:43:30.856+0000] {dag.py:3954} INFO - Setting next_dagrun for newyork_fhv_pipeline to 2026-05-01 00:00:00+00:00, run_after=2026-06-01 00:00:00+00:00
[2026-05-09T01:43:30.885+0000] {processor.py:183} INFO - Processing /opt/airflow/dags/newyork_fhv_pipeline.py took 0.340 seconds
[2026-05-09T01:44:01.216+0000] {processor.py:161} INFO - Started process (PID=2256) to work on /opt/airflow/dags/newyork_fhv_pipeline.py
[2026-05-09T01:44:01.218+0000] {processor.py:830} INFO - Processing file /opt/airflow/dags/newyork_fhv_pipeline.py for tasks to queue
[2026-05-09T01:44:01.221+0000] {logging_mixin.py:188} INFO - [2026-05-09T01:44:01.221+0000] {dagbag.py:545} INFO - Filling up the DagBag from /opt/airflow/dags/newyork_fhv_pipeline.py
[2026-05-09T01:44:01.268+0000] {processor.py:840} INFO - DAG(s) 'newyork_fhv_pipeline' retrieved from /opt/airflow/dags/newyork_fhv_pipeline.py
[2026-05-09T01:44:01.301+0000] {logging_mixin.py:188} INFO - [2026-05-09T01:44:01.300+0000] {dag.py:3096} INFO - Sync 1 DAGs
[2026-05-09T01:44:01.327+0000] {logging_mixin.py:188} INFO - [2026-05-09T01:44:01.327+0000] {dag.py:3954} INFO - Setting next_dagrun for newyork_fhv_pipeline to 2026-05-01 00:00:00+00:00, run_after=2026-06-01 00:00:00+00:00
[2026-05-09T01:44:01.354+0000] {processor.py:183} INFO - Processing /opt/airflow/dags/newyork_fhv_pipeline.py took 0.149 seconds
[2026-05-09T01:44:32.242+0000] {processor.py:161} INFO - Started process (PID=2267) to work on /opt/airflow/dags/newyork_fhv_pipeline.py
[2026-05-09T01:44:32.244+0000] {processor.py:830} INFO - Processing file /opt/airflow/dags/newyork_fhv_pipeline.py for tasks to queue
[2026-05-09T01:44:32.247+0000] {logging_mixin.py:188} INFO - [2026-05-09T01:44:32.247+0000] {dagbag.py:545} INFO - Filling up the DagBag from /opt/airflow/dags/newyork_fhv_pipeline.py
[2026-05-09T01:44:32.284+0000] {processor.py:840} INFO - DAG(s) 'newyork_fhv_pipeline' retrieved from /opt/airflow/dags/newyork_fhv_pipeline.py
[2026-05-09T01:44:32.314+0000] {logging_mixin.py:188} INFO - [2026-05-09T01:44:32.313+0000] {dag.py:3096} INFO - Sync 1 DAGs
[2026-05-09T01:44:32.342+0000] {logging_mixin.py:188} INFO - [2026-05-09T01:44:32.341+0000] {dag.py:3954} INFO - Setting next_dagrun for newyork_fhv_pipeline to 2026-05-01 00:00:00+00:00, run_after=2026-06-01 00:00:00+00:00
[2026-05-09T01:44:32.364+0000] {processor.py:183} INFO - Processing /opt/airflow/dags/newyork_fhv_pipeline.py took 0.136 seconds
[2026-05-09T01:45:03.207+0000] {processor.py:161} INFO - Started process (PID=2278) to work on /opt/airflow/dags/newyork_fhv_pipeline.py
[2026-05-09T01:45:03.209+0000] {processor.py:830} INFO - Processing file /opt/airflow/dags/newyork_fhv_pipeline.py for tasks to queue
[2026-05-09T01:45:03.212+0000] {logging_mixin.py:188} INFO - [2026-05-09T01:45:03.211+0000] {dagbag.py:545} INFO - Filling up the DagBag from /opt/airflow/dags/newyork_fhv_pipeline.py
[2026-05-09T01:45:03.249+0000] {processor.py:840} INFO - DAG(s) 'newyork_fhv_pipeline' retrieved from /opt/airflow/dags/newyork_fhv_pipeline.py
[2026-05-09T01:45:03.278+0000] {logging_mixin.py:188} INFO - [2026-05-09T01:45:03.278+0000] {dag.py:3096} INFO - Sync 1 DAGs
[2026-05-09T01:45:03.305+0000] {logging_mixin.py:188} INFO - [2026-05-09T01:45:03.305+0000] {dag.py:3954} INFO - Setting next_dagrun for newyork_fhv_pipeline to 2026-05-01 00:00:00+00:00, run_after=2026-06-01 00:00:00+00:00
[2026-05-09T01:45:03.332+0000] {processor.py:183} INFO - Processing /opt/airflow/dags/newyork_fhv_pipeline.py took 0.134 seconds
[2026-05-09T01:45:34.106+0000] {processor.py:161} INFO - Started process (PID=2289) to work on /opt/airflow/dags/newyork_fhv_pipeline.py
[2026-05-09T01:45:34.109+0000] {processor.py:830} INFO - Processing file /opt/airflow/dags/newyork_fhv_pipeline.py for tasks to queue
[2026-05-09T01:45:34.112+0000] {logging_mixin.py:188} INFO - [2026-05-09T01:45:34.111+0000] {dagbag.py:545} INFO - Filling up the DagBag from /opt/airflow/dags/newyork_fhv_pipeline.py
[2026-05-09T01:45:34.154+0000] {processor.py:840} INFO - DAG(s) 'newyork_fhv_pipeline' retrieved from /opt/airflow/dags/newyork_fhv_pipeline.py
[2026-05-09T01:45:34.199+0000] {logging_mixin.py:188} INFO - [2026-05-09T01:45:34.198+0000] {dag.py:3096} INFO - Sync 1 DAGs
[2026-05-09T01:45:34.247+0000] {logging_mixin.py:188} INFO - [2026-05-09T01:45:34.247+0000] {dag.py:3954} INFO - Setting next_dagrun for newyork_fhv_pipeline to 2026-05-01 00:00:00+00:00, run_after=2026-06-01 00:00:00+00:00
[2026-05-09T01:45:34.275+0000] {processor.py:183} INFO - Processing /opt/airflow/dags/newyork_fhv_pipeline.py took 0.178 seconds
[2026-05-09T01:46:05.117+0000] {processor.py:161} INFO - Started process (PID=2300) to work on /opt/airflow/dags/newyork_fhv_pipeline.py
[2026-05-09T01:46:05.120+0000] {processor.py:830} INFO - Processing file /opt/airflow/dags/newyork_fhv_pipeline.py for tasks to queue
[2026-05-09T01:46:05.124+0000] {logging_mixin.py:188} INFO - [2026-05-09T01:46:05.123+0000] {dagbag.py:545} INFO - Filling up the DagBag from /opt/airflow/dags/newyork_fhv_pipeline.py
[2026-05-09T01:46:05.165+0000] {processor.py:840} INFO - DAG(s) 'newyork_fhv_pipeline' retrieved from /opt/airflow/dags/newyork_fhv_pipeline.py
[2026-05-09T01:46:05.195+0000] {logging_mixin.py:188} INFO - [2026-05-09T01:46:05.195+0000] {dag.py:3096} INFO - Sync 1 DAGs
[2026-05-09T01:46:05.233+0000] {logging_mixin.py:188} INFO - [2026-05-09T01:46:05.233+0000] {dag.py:3954} INFO - Setting next_dagrun for newyork_fhv_pipeline to 2026-05-01 00:00:00+00:00, run_after=2026-06-01 00:00:00+00:00
[2026-05-09T01:46:05.270+0000] {processor.py:183} INFO - Processing /opt/airflow/dags/newyork_fhv_pipeline.py took 0.165 seconds
[2026-05-09T01:46:36.161+0000] {processor.py:161} INFO - Started process (PID=2311) to work on /opt/airflow/dags/newyork_fhv_pipeline.py
[2026-05-09T01:46:36.163+0000] {processor.py:830} INFO - Processing file /opt/airflow/dags/newyork_fhv_pipeline.py for tasks to queue
[2026-05-09T01:46:36.167+0000] {logging_mixin.py:188} INFO - [2026-05-09T01:46:36.167+0000] {dagbag.py:545} INFO - Filling up the DagBag from /opt/airflow/dags/newyork_fhv_pipeline.py
[2026-05-09T01:46:36.245+0000] {processor.py:840} INFO - DAG(s) 'newyork_fhv_pipeline' retrieved from /opt/airflow/dags/newyork_fhv_pipeline.py
[2026-05-09T01:46:36.278+0000] {logging_mixin.py:188} INFO - [2026-05-09T01:46:36.277+0000] {dag.py:3096} INFO - Sync 1 DAGs
[2026-05-09T01:46:36.310+0000] {logging_mixin.py:188} INFO - [2026-05-09T01:46:36.309+0000] {dag.py:3954} INFO - Setting next_dagrun for newyork_fhv_pipeline to 2026-05-01 00:00:00+00:00, run_after=2026-06-01 00:00:00+00:00
[2026-05-09T01:46:36.352+0000] {processor.py:183} INFO - Processing /opt/airflow/dags/newyork_fhv_pipeline.py took 0.202 seconds
[2026-05-09T01:47:06.475+0000] {processor.py:161} INFO - Started process (PID=2328) to work on /opt/airflow/dags/newyork_fhv_pipeline.py
[2026-05-09T01:47:06.477+0000] {processor.py:830} INFO - Processing file /opt/airflow/dags/newyork_fhv_pipeline.py for tasks to queue
[2026-05-09T01:47:06.481+0000] {logging_mixin.py:188} INFO - [2026-05-09T01:47:06.480+0000] {dagbag.py:545} INFO - Filling up the DagBag from /opt/airflow/dags/newyork_fhv_pipeline.py
[2026-05-09T01:47:06.531+0000] {processor.py:840} INFO - DAG(s) 'newyork_fhv_pipeline' retrieved from /opt/airflow/dags/newyork_fhv_pipeline.py
[2026-05-09T01:47:06.559+0000] {logging_mixin.py:188} INFO - [2026-05-09T01:47:06.558+0000] {dag.py:3096} INFO - Sync 1 DAGs
[2026-05-09T01:47:06.583+0000] {logging_mixin.py:188} INFO - [2026-05-09T01:47:06.583+0000] {dag.py:3954} INFO - Setting next_dagrun for newyork_fhv_pipeline to 2026-05-01 00:00:00+00:00, run_after=2026-06-01 00:00:00+00:00
[2026-05-09T01:47:06.609+0000] {processor.py:183} INFO - Processing /opt/airflow/dags/newyork_fhv_pipeline.py took 0.145 seconds
[2026-05-09T01:47:36.833+0000] {processor.py:161} INFO - Started process (PID=2339) to work on /opt/airflow/dags/newyork_fhv_pipeline.py
[2026-05-09T01:47:36.834+0000] {processor.py:830} INFO - Processing file /opt/airflow/dags/newyork_fhv_pipeline.py for tasks to queue
[2026-05-09T01:47:36.837+0000] {logging_mixin.py:188} INFO - [2026-05-09T01:47:36.836+0000] {dagbag.py:545} INFO - Filling up the DagBag from /opt/airflow/dags/newyork_fhv_pipeline.py
[2026-05-09T01:47:36.877+0000] {processor.py:840} INFO - DAG(s) 'newyork_fhv_pipeline' retrieved from /opt/airflow/dags/newyork_fhv_pipeline.py
[2026-05-09T01:47:36.914+0000] {logging_mixin.py:188} INFO - [2026-05-09T01:47:36.913+0000] {dag.py:3096} INFO - Sync 1 DAGs
[2026-05-09T01:47:36.947+0000] {logging_mixin.py:188} INFO - [2026-05-09T01:47:36.946+0000] {dag.py:3954} INFO - Setting next_dagrun for newyork_fhv_pipeline to 2026-05-01 00:00:00+00:00, run_after=2026-06-01 00:00:00+00:00
[2026-05-09T01:47:36.988+0000] {processor.py:183} INFO - Processing /opt/airflow/dags/newyork_fhv_pipeline.py took 0.163 seconds
[2026-05-09T01:48:07.195+0000] {processor.py:161} INFO - Started process (PID=2350) to work on /opt/airflow/dags/newyork_fhv_pipeline.py
[2026-05-09T01:48:07.197+0000] {processor.py:830} INFO - Processing file /opt/airflow/dags/newyork_fhv_pipeline.py for tasks to queue
[2026-05-09T01:48:07.202+0000] {logging_mixin.py:188} INFO - [2026-05-09T01:48:07.201+0000] {dagbag.py:545} INFO - Filling up the DagBag from /opt/airflow/dags/newyork_fhv_pipeline.py
[2026-05-09T01:48:07.265+0000] {processor.py:840} INFO - DAG(s) 'newyork_fhv_pipeline' retrieved from /opt/airflow/dags/newyork_fhv_pipeline.py
[2026-05-09T01:48:07.305+0000] {logging_mixin.py:188} INFO - [2026-05-09T01:48:07.304+0000] {dag.py:3096} INFO - Sync 1 DAGs
[2026-05-09T01:48:07.333+0000] {logging_mixin.py:188} INFO - [2026-05-09T01:48:07.332+0000] {dag.py:3954} INFO - Setting next_dagrun for newyork_fhv_pipeline to 2026-05-01 00:00:00+00:00, run_after=2026-06-01 00:00:00+00:00
[2026-05-09T01:48:07.356+0000] {processor.py:183} INFO - Processing /opt/airflow/dags/newyork_fhv_pipeline.py took 0.174 seconds
[2026-05-09T01:48:37.904+0000] {processor.py:161} INFO - Started process (PID=2361) to work on /opt/airflow/dags/newyork_fhv_pipeline.py
[2026-05-09T01:48:37.906+0000] {processor.py:830} INFO - Processing file /opt/airflow/dags/newyork_fhv_pipeline.py for tasks to queue
[2026-05-09T01:48:37.908+0000] {logging_mixin.py:188} INFO - [2026-05-09T01:48:37.908+0000] {dagbag.py:545} INFO - Filling up the DagBag from /opt/airflow/dags/newyork_fhv_pipeline.py
[2026-05-09T01:48:37.960+0000] {processor.py:840} INFO - DAG(s) 'newyork_fhv_pipeline' retrieved from /opt/airflow/dags/newyork_fhv_pipeline.py
[2026-05-09T01:48:38.001+0000] {logging_mixin.py:188} INFO - [2026-05-09T01:48:38.001+0000] {dag.py:3096} INFO - Sync 1 DAGs
[2026-05-09T01:48:38.041+0000] {logging_mixin.py:188} INFO - [2026-05-09T01:48:38.041+0000] {dag.py:3954} INFO - Setting next_dagrun for newyork_fhv_pipeline to 2026-05-01 00:00:00+00:00, run_after=2026-06-01 00:00:00+00:00
[2026-05-09T01:48:38.079+0000] {processor.py:183} INFO - Processing /opt/airflow/dags/newyork_fhv_pipeline.py took 0.190 seconds
[2026-05-09T01:49:08.224+0000] {processor.py:161} INFO - Started process (PID=2372) to work on /opt/airflow/dags/newyork_fhv_pipeline.py
[2026-05-09T01:49:08.227+0000] {processor.py:830} INFO - Processing file /opt/airflow/dags/newyork_fhv_pipeline.py for tasks to queue
[2026-05-09T01:49:08.236+0000] {logging_mixin.py:188} INFO - [2026-05-09T01:49:08.235+0000] {dagbag.py:545} INFO - Filling up the DagBag from /opt/airflow/dags/newyork_fhv_pipeline.py
[2026-05-09T01:49:08.293+0000] {processor.py:840} INFO - DAG(s) 'newyork_fhv_pipeline' retrieved from /opt/airflow/dags/newyork_fhv_pipeline.py
[2026-05-09T01:49:08.337+0000] {logging_mixin.py:188} INFO - [2026-05-09T01:49:08.336+0000] {dag.py:3096} INFO - Sync 1 DAGs
[2026-05-09T01:49:08.407+0000] {logging_mixin.py:188} INFO - [2026-05-09T01:49:08.406+0000] {dag.py:3954} INFO - Setting next_dagrun for newyork_fhv_pipeline to 2026-05-01 00:00:00+00:00, run_after=2026-06-01 00:00:00+00:00
[2026-05-09T01:49:08.453+0000] {processor.py:183} INFO - Processing /opt/airflow/dags/newyork_fhv_pipeline.py took 0.244 seconds
[2026-05-09T01:49:39.408+0000] {processor.py:161} INFO - Started process (PID=2383) to work on /opt/airflow/dags/newyork_fhv_pipeline.py
[2026-05-09T01:49:39.411+0000] {processor.py:830} INFO - Processing file /opt/airflow/dags/newyork_fhv_pipeline.py for tasks to queue
[2026-05-09T01:49:39.416+0000] {logging_mixin.py:188} INFO - [2026-05-09T01:49:39.415+0000] {dagbag.py:545} INFO - Filling up the DagBag from /opt/airflow/dags/newyork_fhv_pipeline.py
[2026-05-09T01:49:39.475+0000] {processor.py:840} INFO - DAG(s) 'newyork_fhv_pipeline' retrieved from /opt/airflow/dags/newyork_fhv_pipeline.py
[2026-05-09T01:49:39.518+0000] {logging_mixin.py:188} INFO - [2026-05-09T01:49:39.517+0000] {dag.py:3096} INFO - Sync 1 DAGs
[2026-05-09T01:49:39.551+0000] {logging_mixin.py:188} INFO - [2026-05-09T01:49:39.551+0000] {dag.py:3954} INFO - Setting next_dagrun for newyork_fhv_pipeline to 2026-05-01 00:00:00+00:00, run_after=2026-06-01 00:00:00+00:00
[2026-05-09T01:49:39.580+0000] {processor.py:183} INFO - Processing /opt/airflow/dags/newyork_fhv_pipeline.py took 0.182 seconds
[2026-05-09T01:50:09.721+0000] {processor.py:161} INFO - Started process (PID=2394) to work on /opt/airflow/dags/newyork_fhv_pipeline.py
[2026-05-09T01:50:09.723+0000] {processor.py:830} INFO - Processing file /opt/airflow/dags/newyork_fhv_pipeline.py for tasks to queue
[2026-05-09T01:50:09.728+0000] {logging_mixin.py:188} INFO - [2026-05-09T01:50:09.727+0000] {dagbag.py:545} INFO - Filling up the DagBag from /opt/airflow/dags/newyork_fhv_pipeline.py
[2026-05-09T01:50:09.780+0000] {processor.py:840} INFO - DAG(s) 'newyork_fhv_pipeline' retrieved from /opt/airflow/dags/newyork_fhv_pipeline.py
[2026-05-09T01:50:09.815+0000] {logging_mixin.py:188} INFO - [2026-05-09T01:50:09.814+0000] {dag.py:3096} INFO - Sync 1 DAGs
[2026-05-09T01:50:09.852+0000] {logging_mixin.py:188} INFO - [2026-05-09T01:50:09.852+0000] {dag.py:3954} INFO - Setting next_dagrun for newyork_fhv_pipeline to 2026-05-01 00:00:00+00:00, run_after=2026-06-01 00:00:00+00:00
[2026-05-09T01:50:09.889+0000] {processor.py:183} INFO - Processing /opt/airflow/dags/newyork_fhv_pipeline.py took 0.179 seconds
[2026-05-09T01:50:40.117+0000] {processor.py:161} INFO - Started process (PID=2405) to work on /opt/airflow/dags/newyork_fhv_pipeline.py
[2026-05-09T01:50:40.120+0000] {processor.py:830} INFO - Processing file /opt/airflow/dags/newyork_fhv_pipeline.py for tasks to queue
[2026-05-09T01:50:40.124+0000] {logging_mixin.py:188} INFO - [2026-05-09T01:50:40.123+0000] {dagbag.py:545} INFO - Filling up the DagBag from /opt/airflow/dags/newyork_fhv_pipeline.py
[2026-05-09T01:50:40.183+0000] {processor.py:840} INFO - DAG(s) 'newyork_fhv_pipeline' retrieved from /opt/airflow/dags/newyork_fhv_pipeline.py
[2026-05-09T01:50:40.226+0000] {logging_mixin.py:188} INFO - [2026-05-09T01:50:40.226+0000] {dag.py:3096} INFO - Sync 1 DAGs
[2026-05-09T01:50:40.265+0000] {logging_mixin.py:188} INFO - [2026-05-09T01:50:40.265+0000] {dag.py:3954} INFO - Setting next_dagrun for newyork_fhv_pipeline to 2026-05-01 00:00:00+00:00, run_after=2026-06-01 00:00:00+00:00
[2026-05-09T01:50:40.305+0000] {processor.py:183} INFO - Processing /opt/airflow/dags/newyork_fhv_pipeline.py took 0.195 seconds
[2026-05-09T01:51:10.429+0000] {processor.py:161} INFO - Started process (PID=2416) to work on /opt/airflow/dags/newyork_fhv_pipeline.py
[2026-05-09T01:51:10.432+0000] {processor.py:830} INFO - Processing file /opt/airflow/dags/newyork_fhv_pipeline.py for tasks to queue
[2026-05-09T01:51:10.438+0000] {logging_mixin.py:188} INFO - [2026-05-09T01:51:10.437+0000] {dagbag.py:545} INFO - Filling up the DagBag from /opt/airflow/dags/newyork_fhv_pipeline.py
[2026-05-09T01:51:10.490+0000] {processor.py:840} INFO - DAG(s) 'newyork_fhv_pipeline' retrieved from /opt/airflow/dags/newyork_fhv_pipeline.py
[2026-05-09T01:51:10.526+0000] {logging_mixin.py:188} INFO - [2026-05-09T01:51:10.526+0000] {dag.py:3096} INFO - Sync 1 DAGs
[2026-05-09T01:51:10.560+0000] {logging_mixin.py:188} INFO - [2026-05-09T01:51:10.560+0000] {dag.py:3954} INFO - Setting next_dagrun for newyork_fhv_pipeline to 2026-05-01 00:00:00+00:00, run_after=2026-06-01 00:00:00+00:00
[2026-05-09T01:51:10.585+0000] {processor.py:183} INFO - Processing /opt/airflow/dags/newyork_fhv_pipeline.py took 0.168 seconds
[2026-05-09T01:51:40.843+0000] {processor.py:161} INFO - Started process (PID=2427) to work on /opt/airflow/dags/newyork_fhv_pipeline.py
[2026-05-09T01:51:40.846+0000] {processor.py:830} INFO - Processing file /opt/airflow/dags/newyork_fhv_pipeline.py for tasks to queue
[2026-05-09T01:51:40.851+0000] {logging_mixin.py:188} INFO - [2026-05-09T01:51:40.850+0000] {dagbag.py:545} INFO - Filling up the DagBag from /opt/airflow/dags/newyork_fhv_pipeline.py
[2026-05-09T01:51:40.904+0000] {processor.py:840} INFO - DAG(s) 'newyork_fhv_pipeline' retrieved from /opt/airflow/dags/newyork_fhv_pipeline.py
[2026-05-09T01:51:40.941+0000] {logging_mixin.py:188} INFO - [2026-05-09T01:51:40.940+0000] {dag.py:3096} INFO - Sync 1 DAGs
[2026-05-09T01:51:40.973+0000] {logging_mixin.py:188} INFO - [2026-05-09T01:51:40.973+0000] {dag.py:3954} INFO - Setting next_dagrun for newyork_fhv_pipeline to 2026-05-01 00:00:00+00:00, run_after=2026-06-01 00:00:00+00:00
[2026-05-09T01:51:41.015+0000] {processor.py:183} INFO - Processing /opt/airflow/dags/newyork_fhv_pipeline.py took 0.184 seconds
[2026-05-09T01:52:11.174+0000] {processor.py:161} INFO - Started process (PID=2438) to work on /opt/airflow/dags/newyork_fhv_pipeline.py
[2026-05-09T01:52:11.176+0000] {processor.py:830} INFO - Processing file /opt/airflow/dags/newyork_fhv_pipeline.py for tasks to queue
[2026-05-09T01:52:11.181+0000] {logging_mixin.py:188} INFO - [2026-05-09T01:52:11.181+0000] {dagbag.py:545} INFO - Filling up the DagBag from /opt/airflow/dags/newyork_fhv_pipeline.py
[2026-05-09T01:52:11.236+0000] {processor.py:840} INFO - DAG(s) 'newyork_fhv_pipeline' retrieved from /opt/airflow/dags/newyork_fhv_pipeline.py
[2026-05-09T01:52:11.282+0000] {logging_mixin.py:188} INFO - [2026-05-09T01:52:11.281+0000] {dag.py:3096} INFO - Sync 1 DAGs
[2026-05-09T01:52:11.333+0000] {logging_mixin.py:188} INFO - [2026-05-09T01:52:11.333+0000] {dag.py:3954} INFO - Setting next_dagrun for newyork_fhv_pipeline to 2026-05-01 00:00:00+00:00, run_after=2026-06-01 00:00:00+00:00
[2026-05-09T01:52:11.371+0000] {processor.py:183} INFO - Processing /opt/airflow/dags/newyork_fhv_pipeline.py took 0.210 seconds
[2026-05-09T01:52:42.263+0000] {processor.py:161} INFO - Started process (PID=2449) to work on /opt/airflow/dags/newyork_fhv_pipeline.py
[2026-05-09T01:52:42.265+0000] {processor.py:830} INFO - Processing file /opt/airflow/dags/newyork_fhv_pipeline.py for tasks to queue
[2026-05-09T01:52:42.271+0000] {logging_mixin.py:188} INFO - [2026-05-09T01:52:42.270+0000] {dagbag.py:545} INFO - Filling up the DagBag from /opt/airflow/dags/newyork_fhv_pipeline.py
[2026-05-09T01:52:42.322+0000] {processor.py:840} INFO - DAG(s) 'newyork_fhv_pipeline' retrieved from /opt/airflow/dags/newyork_fhv_pipeline.py
[2026-05-09T01:52:42.361+0000] {logging_mixin.py:188} INFO - [2026-05-09T01:52:42.361+0000] {dag.py:3096} INFO - Sync 1 DAGs
[2026-05-09T01:52:42.389+0000] {logging_mixin.py:188} INFO - [2026-05-09T01:52:42.389+0000] {dag.py:3954} INFO - Setting next_dagrun for newyork_fhv_pipeline to 2026-05-01 00:00:00+00:00, run_after=2026-06-01 00:00:00+00:00
[2026-05-09T01:52:42.417+0000] {processor.py:183} INFO - Processing /opt/airflow/dags/newyork_fhv_pipeline.py took 0.167 seconds
[2026-05-09T01:53:12.591+0000] {processor.py:161} INFO - Started process (PID=2460) to work on /opt/airflow/dags/newyork_fhv_pipeline.py
[2026-05-09T01:53:12.594+0000] {processor.py:830} INFO - Processing file /opt/airflow/dags/newyork_fhv_pipeline.py for tasks to queue
[2026-05-09T01:53:12.598+0000] {logging_mixin.py:188} INFO - [2026-05-09T01:53:12.597+0000] {dagbag.py:545} INFO - Filling up the DagBag from /opt/airflow/dags/newyork_fhv_pipeline.py
[2026-05-09T01:53:12.652+0000] {processor.py:840} INFO - DAG(s) 'newyork_fhv_pipeline' retrieved from /opt/airflow/dags/newyork_fhv_pipeline.py
[2026-05-09T01:53:12.692+0000] {logging_mixin.py:188} INFO - [2026-05-09T01:53:12.692+0000] {dag.py:3096} INFO - Sync 1 DAGs
[2026-05-09T01:53:12.728+0000] {logging_mixin.py:188} INFO - [2026-05-09T01:53:12.727+0000] {dag.py:3954} INFO - Setting next_dagrun for newyork_fhv_pipeline to 2026-05-01 00:00:00+00:00, run_after=2026-06-01 00:00:00+00:00
[2026-05-09T01:53:12.760+0000] {processor.py:183} INFO - Processing /opt/airflow/dags/newyork_fhv_pipeline.py took 0.181 seconds
[2026-05-09T01:53:42.992+0000] {processor.py:161} INFO - Started process (PID=2471) to work on /opt/airflow/dags/newyork_fhv_pipeline.py
[2026-05-09T01:53:42.994+0000] {processor.py:830} INFO - Processing file /opt/airflow/dags/newyork_fhv_pipeline.py for tasks to queue
[2026-05-09T01:53:42.998+0000] {logging_mixin.py:188} INFO - [2026-05-09T01:53:42.997+0000] {dagbag.py:545} INFO - Filling up the DagBag from /opt/airflow/dags/newyork_fhv_pipeline.py
[2026-05-09T01:53:43.051+0000] {processor.py:840} INFO - DAG(s) 'newyork_fhv_pipeline' retrieved from /opt/airflow/dags/newyork_fhv_pipeline.py
[2026-05-09T01:53:43.084+0000] {logging_mixin.py:188} INFO - [2026-05-09T01:53:43.083+0000] {dag.py:3096} INFO - Sync 1 DAGs
[2026-05-09T01:53:43.109+0000] {logging_mixin.py:188} INFO - [2026-05-09T01:53:43.109+0000] {dag.py:3954} INFO - Setting next_dagrun for newyork_fhv_pipeline to 2026-05-01 00:00:00+00:00, run_after=2026-06-01 00:00:00+00:00
[2026-05-09T01:53:43.136+0000] {processor.py:183} INFO - Processing /opt/airflow/dags/newyork_fhv_pipeline.py took 0.155 seconds
[2026-05-09T01:54:13.534+0000] {processor.py:161} INFO - Started process (PID=2482) to work on /opt/airflow/dags/newyork_fhv_pipeline.py
[2026-05-09T01:54:13.537+0000] {processor.py:830} INFO - Processing file /opt/airflow/dags/newyork_fhv_pipeline.py for tasks to queue
[2026-05-09T01:54:13.544+0000] {logging_mixin.py:188} INFO - [2026-05-09T01:54:13.543+0000] {dagbag.py:545} INFO - Filling up the DagBag from /opt/airflow/dags/newyork_fhv_pipeline.py
[2026-05-09T01:54:13.587+0000] {processor.py:840} INFO - DAG(s) 'newyork_fhv_pipeline' retrieved from /opt/airflow/dags/newyork_fhv_pipeline.py
[2026-05-09T01:54:13.618+0000] {logging_mixin.py:188} INFO - [2026-05-09T01:54:13.618+0000] {dag.py:3096} INFO - Sync 1 DAGs
[2026-05-09T01:54:13.653+0000] {logging_mixin.py:188} INFO - [2026-05-09T01:54:13.653+0000] {dag.py:3954} INFO - Setting next_dagrun for newyork_fhv_pipeline to 2026-05-01 00:00:00+00:00, run_after=2026-06-01 00:00:00+00:00
[2026-05-09T01:54:13.684+0000] {processor.py:183} INFO - Processing /opt/airflow/dags/newyork_fhv_pipeline.py took 0.164 seconds
[2026-05-09T01:54:43.841+0000] {processor.py:161} INFO - Started process (PID=2493) to work on /opt/airflow/dags/newyork_fhv_pipeline.py
[2026-05-09T01:54:43.843+0000] {processor.py:830} INFO - Processing file /opt/airflow/dags/newyork_fhv_pipeline.py for tasks to queue
[2026-05-09T01:54:43.847+0000] {logging_mixin.py:188} INFO - [2026-05-09T01:54:43.847+0000] {dagbag.py:545} INFO - Filling up the DagBag from /opt/airflow/dags/newyork_fhv_pipeline.py
[2026-05-09T01:54:43.887+0000] {processor.py:840} INFO - DAG(s) 'newyork_fhv_pipeline' retrieved from /opt/airflow/dags/newyork_fhv_pipeline.py
[2026-05-09T01:54:43.916+0000] {logging_mixin.py:188} INFO - [2026-05-09T01:54:43.916+0000] {dag.py:3096} INFO - Sync 1 DAGs
[2026-05-09T01:54:43.943+0000] {logging_mixin.py:188} INFO - [2026-05-09T01:54:43.943+0000] {dag.py:3954} INFO - Setting next_dagrun for newyork_fhv_pipeline to 2026-05-01 00:00:00+00:00, run_after=2026-06-01 00:00:00+00:00
[2026-05-09T01:54:43.967+0000] {processor.py:183} INFO - Processing /opt/airflow/dags/newyork_fhv_pipeline.py took 0.141 seconds
[2026-05-09T01:55:14.369+0000] {processor.py:161} INFO - Started process (PID=2504) to work on /opt/airflow/dags/newyork_fhv_pipeline.py
[2026-05-09T01:55:14.371+0000] {processor.py:830} INFO - Processing file /opt/airflow/dags/newyork_fhv_pipeline.py for tasks to queue
[2026-05-09T01:55:14.374+0000] {logging_mixin.py:188} INFO - [2026-05-09T01:55:14.374+0000] {dagbag.py:545} INFO - Filling up the DagBag from /opt/airflow/dags/newyork_fhv_pipeline.py
[2026-05-09T01:55:14.417+0000] {processor.py:840} INFO - DAG(s) 'newyork_fhv_pipeline' retrieved from /opt/airflow/dags/newyork_fhv_pipeline.py
[2026-05-09T01:55:14.461+0000] {logging_mixin.py:188} INFO - [2026-05-09T01:55:14.460+0000] {dag.py:3096} INFO - Sync 1 DAGs
[2026-05-09T01:55:14.500+0000] {logging_mixin.py:188} INFO - [2026-05-09T01:55:14.500+0000] {dag.py:3954} INFO - Setting next_dagrun for newyork_fhv_pipeline to 2026-05-01 00:00:00+00:00, run_after=2026-06-01 00:00:00+00:00
[2026-05-09T01:55:14.544+0000] {processor.py:183} INFO - Processing /opt/airflow/dags/newyork_fhv_pipeline.py took 0.184 seconds
[2026-05-09T01:55:44.804+0000] {processor.py:161} INFO - Started process (PID=2515) to work on /opt/airflow/dags/newyork_fhv_pipeline.py
[2026-05-09T01:55:44.807+0000] {processor.py:830} INFO - Processing file /opt/airflow/dags/newyork_fhv_pipeline.py for tasks to queue
[2026-05-09T01:55:44.811+0000] {logging_mixin.py:188} INFO - [2026-05-09T01:55:44.811+0000] {dagbag.py:545} INFO - Filling up the DagBag from /opt/airflow/dags/newyork_fhv_pipeline.py
[2026-05-09T01:55:44.856+0000] {processor.py:840} INFO - DAG(s) 'newyork_fhv_pipeline' retrieved from /opt/airflow/dags/newyork_fhv_pipeline.py
[2026-05-09T01:55:44.897+0000] {logging_mixin.py:188} INFO - [2026-05-09T01:55:44.897+0000] {dag.py:3096} INFO - Sync 1 DAGs
[2026-05-09T01:55:44.935+0000] {logging_mixin.py:188} INFO - [2026-05-09T01:55:44.935+0000] {dag.py:3954} INFO - Setting next_dagrun for newyork_fhv_pipeline to 2026-05-01 00:00:00+00:00, run_after=2026-06-01 00:00:00+00:00
[2026-05-09T01:55:44.968+0000] {processor.py:183} INFO - Processing /opt/airflow/dags/newyork_fhv_pipeline.py took 0.175 seconds
[2026-05-09T01:56:15.217+0000] {processor.py:161} INFO - Started process (PID=2526) to work on /opt/airflow/dags/newyork_fhv_pipeline.py
[2026-05-09T01:56:15.219+0000] {processor.py:830} INFO - Processing file /opt/airflow/dags/newyork_fhv_pipeline.py for tasks to queue
[2026-05-09T01:56:15.223+0000] {logging_mixin.py:188} INFO - [2026-05-09T01:56:15.223+0000] {dagbag.py:545} INFO - Filling up the DagBag from /opt/airflow/dags/newyork_fhv_pipeline.py
[2026-05-09T01:56:15.269+0000] {processor.py:840} INFO - DAG(s) 'newyork_fhv_pipeline' retrieved from /opt/airflow/dags/newyork_fhv_pipeline.py
[2026-05-09T01:56:15.296+0000] {logging_mixin.py:188} INFO - [2026-05-09T01:56:15.295+0000] {dag.py:3096} INFO - Sync 1 DAGs
[2026-05-09T01:56:15.320+0000] {logging_mixin.py:188} INFO - [2026-05-09T01:56:15.320+0000] {dag.py:3954} INFO - Setting next_dagrun for newyork_fhv_pipeline to 2026-05-01 00:00:00+00:00, run_after=2026-06-01 00:00:00+00:00
[2026-05-09T01:56:15.350+0000] {processor.py:183} INFO - Processing /opt/airflow/dags/newyork_fhv_pipeline.py took 0.142 seconds
[2026-05-09T01:56:45.476+0000] {processor.py:161} INFO - Started process (PID=2537) to work on /opt/airflow/dags/newyork_fhv_pipeline.py
[2026-05-09T01:56:45.478+0000] {processor.py:830} INFO - Processing file /opt/airflow/dags/newyork_fhv_pipeline.py for tasks to queue
[2026-05-09T01:56:45.482+0000] {logging_mixin.py:188} INFO - [2026-05-09T01:56:45.482+0000] {dagbag.py:545} INFO - Filling up the DagBag from /opt/airflow/dags/newyork_fhv_pipeline.py
[2026-05-09T01:56:45.549+0000] {processor.py:840} INFO - DAG(s) 'newyork_fhv_pipeline' retrieved from /opt/airflow/dags/newyork_fhv_pipeline.py
[2026-05-09T01:56:45.612+0000] {logging_mixin.py:188} INFO - [2026-05-09T01:56:45.611+0000] {dag.py:3096} INFO - Sync 1 DAGs
[2026-05-09T01:56:45.664+0000] {logging_mixin.py:188} INFO - [2026-05-09T01:56:45.664+0000] {dag.py:3954} INFO - Setting next_dagrun for newyork_fhv_pipeline to 2026-05-01 00:00:00+00:00, run_after=2026-06-01 00:00:00+00:00
[2026-05-09T01:56:45.716+0000] {processor.py:183} INFO - Processing /opt/airflow/dags/newyork_fhv_pipeline.py took 0.253 seconds
[2026-05-09T01:57:15.814+0000] {processor.py:161} INFO - Started process (PID=2548) to work on /opt/airflow/dags/newyork_fhv_pipeline.py
[2026-05-09T01:57:15.816+0000] {processor.py:830} INFO - Processing file /opt/airflow/dags/newyork_fhv_pipeline.py for tasks to queue
[2026-05-09T01:57:15.820+0000] {logging_mixin.py:188} INFO - [2026-05-09T01:57:15.819+0000] {dagbag.py:545} INFO - Filling up the DagBag from /opt/airflow/dags/newyork_fhv_pipeline.py
[2026-05-09T01:57:15.857+0000] {processor.py:840} INFO - DAG(s) 'newyork_fhv_pipeline' retrieved from /opt/airflow/dags/newyork_fhv_pipeline.py
[2026-05-09T01:57:15.886+0000] {logging_mixin.py:188} INFO - [2026-05-09T01:57:15.886+0000] {dag.py:3096} INFO - Sync 1 DAGs
[2026-05-09T01:57:15.939+0000] {logging_mixin.py:188} INFO - [2026-05-09T01:57:15.939+0000] {dag.py:3954} INFO - Setting next_dagrun for newyork_fhv_pipeline to 2026-05-01 00:00:00+00:00, run_after=2026-06-01 00:00:00+00:00
[2026-05-09T01:57:16.111+0000] {processor.py:183} INFO - Processing /opt/airflow/dags/newyork_fhv_pipeline.py took 0.306 seconds
[2026-05-09T01:57:46.853+0000] {processor.py:161} INFO - Started process (PID=2559) to work on /opt/airflow/dags/newyork_fhv_pipeline.py
[2026-05-09T01:57:46.856+0000] {processor.py:830} INFO - Processing file /opt/airflow/dags/newyork_fhv_pipeline.py for tasks to queue
[2026-05-09T01:57:46.861+0000] {logging_mixin.py:188} INFO - [2026-05-09T01:57:46.860+0000] {dagbag.py:545} INFO - Filling up the DagBag from /opt/airflow/dags/newyork_fhv_pipeline.py
[2026-05-09T01:57:46.918+0000] {processor.py:840} INFO - DAG(s) 'newyork_fhv_pipeline' retrieved from /opt/airflow/dags/newyork_fhv_pipeline.py
[2026-05-09T01:57:46.946+0000] {logging_mixin.py:188} INFO - [2026-05-09T01:57:46.945+0000] {dag.py:3096} INFO - Sync 1 DAGs
[2026-05-09T01:57:46.974+0000] {logging_mixin.py:188} INFO - [2026-05-09T01:57:46.974+0000] {dag.py:3954} INFO - Setting next_dagrun for newyork_fhv_pipeline to 2026-05-01 00:00:00+00:00, run_after=2026-06-01 00:00:00+00:00
[2026-05-09T01:57:47.001+0000] {processor.py:183} INFO - Processing /opt/airflow/dags/newyork_fhv_pipeline.py took 0.160 seconds
[2026-05-09T01:58:17.836+0000] {processor.py:161} INFO - Started process (PID=2570) to work on /opt/airflow/dags/newyork_fhv_pipeline.py
[2026-05-09T01:58:17.839+0000] {processor.py:830} INFO - Processing file /opt/airflow/dags/newyork_fhv_pipeline.py for tasks to queue
[2026-05-09T01:58:17.847+0000] {logging_mixin.py:188} INFO - [2026-05-09T01:58:17.846+0000] {dagbag.py:545} INFO - Filling up the DagBag from /opt/airflow/dags/newyork_fhv_pipeline.py
[2026-05-09T01:58:17.898+0000] {processor.py:840} INFO - DAG(s) 'newyork_fhv_pipeline' retrieved from /opt/airflow/dags/newyork_fhv_pipeline.py
[2026-05-09T01:58:17.932+0000] {logging_mixin.py:188} INFO - [2026-05-09T01:58:17.932+0000] {dag.py:3096} INFO - Sync 1 DAGs
[2026-05-09T01:58:17.962+0000] {logging_mixin.py:188} INFO - [2026-05-09T01:58:17.962+0000] {dag.py:3954} INFO - Setting next_dagrun for newyork_fhv_pipeline to 2026-05-01 00:00:00+00:00, run_after=2026-06-01 00:00:00+00:00
[2026-05-09T01:58:17.994+0000] {processor.py:183} INFO - Processing /opt/airflow/dags/newyork_fhv_pipeline.py took 0.178 seconds
[2026-05-09T01:58:48.409+0000] {processor.py:161} INFO - Started process (PID=2582) to work on /opt/airflow/dags/newyork_fhv_pipeline.py
[2026-05-09T01:58:48.411+0000] {processor.py:830} INFO - Processing file /opt/airflow/dags/newyork_fhv_pipeline.py for tasks to queue
[2026-05-09T01:58:48.415+0000] {logging_mixin.py:188} INFO - [2026-05-09T01:58:48.415+0000] {dagbag.py:545} INFO - Filling up the DagBag from /opt/airflow/dags/newyork_fhv_pipeline.py
[2026-05-09T01:58:48.468+0000] {processor.py:840} INFO - DAG(s) 'newyork_fhv_pipeline' retrieved from /opt/airflow/dags/newyork_fhv_pipeline.py
[2026-05-09T01:58:48.507+0000] {logging_mixin.py:188} INFO - [2026-05-09T01:58:48.506+0000] {dag.py:3096} INFO - Sync 1 DAGs
[2026-05-09T01:58:48.535+0000] {logging_mixin.py:188} INFO - [2026-05-09T01:58:48.535+0000] {dag.py:3954} INFO - Setting next_dagrun for newyork_fhv_pipeline to 2026-05-01 00:00:00+00:00, run_after=2026-06-01 00:00:00+00:00
[2026-05-09T01:58:48.562+0000] {processor.py:183} INFO - Processing /opt/airflow/dags/newyork_fhv_pipeline.py took 0.167 seconds
[2026-05-09T01:59:18.712+0000] {processor.py:161} INFO - Started process (PID=2593) to work on /opt/airflow/dags/newyork_fhv_pipeline.py
[2026-05-09T01:59:18.714+0000] {processor.py:830} INFO - Processing file /opt/airflow/dags/newyork_fhv_pipeline.py for tasks to queue
[2026-05-09T01:59:18.718+0000] {logging_mixin.py:188} INFO - [2026-05-09T01:59:18.718+0000] {dagbag.py:545} INFO - Filling up the DagBag from /opt/airflow/dags/newyork_fhv_pipeline.py
[2026-05-09T01:59:18.768+0000] {processor.py:840} INFO - DAG(s) 'newyork_fhv_pipeline' retrieved from /opt/airflow/dags/newyork_fhv_pipeline.py
[2026-05-09T01:59:18.804+0000] {logging_mixin.py:188} INFO - [2026-05-09T01:59:18.804+0000] {dag.py:3096} INFO - Sync 1 DAGs
[2026-05-09T01:59:18.833+0000] {logging_mixin.py:188} INFO - [2026-05-09T01:59:18.832+0000] {dag.py:3954} INFO - Setting next_dagrun for newyork_fhv_pipeline to 2026-05-01 00:00:00+00:00, run_after=2026-06-01 00:00:00+00:00
[2026-05-09T01:59:18.859+0000] {processor.py:183} INFO - Processing /opt/airflow/dags/newyork_fhv_pipeline.py took 0.160 seconds
[2026-05-09T01:59:48.967+0000] {processor.py:161} INFO - Started process (PID=2604) to work on /opt/airflow/dags/newyork_fhv_pipeline.py
[2026-05-09T01:59:48.968+0000] {processor.py:830} INFO - Processing file /opt/airflow/dags/newyork_fhv_pipeline.py for tasks to queue
[2026-05-09T01:59:48.970+0000] {logging_mixin.py:188} INFO - [2026-05-09T01:59:48.970+0000] {dagbag.py:545} INFO - Filling up the DagBag from /opt/airflow/dags/newyork_fhv_pipeline.py
[2026-05-09T01:59:48.997+0000] {processor.py:840} INFO - DAG(s) 'newyork_fhv_pipeline' retrieved from /opt/airflow/dags/newyork_fhv_pipeline.py
[2026-05-09T01:59:49.018+0000] {logging_mixin.py:188} INFO - [2026-05-09T01:59:49.018+0000] {dag.py:3096} INFO - Sync 1 DAGs
[2026-05-09T01:59:49.039+0000] {logging_mixin.py:188} INFO - [2026-05-09T01:59:49.039+0000] {dag.py:3954} INFO - Setting next_dagrun for newyork_fhv_pipeline to 2026-05-01 00:00:00+00:00, run_after=2026-06-01 00:00:00+00:00
[2026-05-09T01:59:49.062+0000] {processor.py:183} INFO - Processing /opt/airflow/dags/newyork_fhv_pipeline.py took 0.101 seconds
[2026-05-09T02:00:20.458+0000] {processor.py:161} INFO - Started process (PID=2609) to work on /opt/airflow/dags/newyork_fhv_pipeline.py
[2026-05-09T02:00:20.460+0000] {processor.py:830} INFO - Processing file /opt/airflow/dags/newyork_fhv_pipeline.py for tasks to queue
[2026-05-09T02:00:20.462+0000] {logging_mixin.py:188} INFO - [2026-05-09T02:00:20.462+0000] {dagbag.py:545} INFO - Filling up the DagBag from /opt/airflow/dags/newyork_fhv_pipeline.py
[2026-05-09T02:00:20.489+0000] {processor.py:840} INFO - DAG(s) 'newyork_fhv_pipeline' retrieved from /opt/airflow/dags/newyork_fhv_pipeline.py
[2026-05-09T02:00:20.513+0000] {logging_mixin.py:188} INFO - [2026-05-09T02:00:20.513+0000] {dag.py:3096} INFO - Sync 1 DAGs
[2026-05-09T02:00:20.542+0000] {logging_mixin.py:188} INFO - [2026-05-09T02:00:20.542+0000] {dag.py:3954} INFO - Setting next_dagrun for newyork_fhv_pipeline to 2026-05-01 00:00:00+00:00, run_after=2026-06-01 00:00:00+00:00
[2026-05-09T02:00:20.569+0000] {processor.py:183} INFO - Processing /opt/airflow/dags/newyork_fhv_pipeline.py took 0.117 seconds
[2026-05-09T02:00:51.023+0000] {processor.py:161} INFO - Started process (PID=2619) to work on /opt/airflow/dags/newyork_fhv_pipeline.py
[2026-05-09T02:00:51.024+0000] {processor.py:830} INFO - Processing file /opt/airflow/dags/newyork_fhv_pipeline.py for tasks to queue
[2026-05-09T02:00:51.027+0000] {logging_mixin.py:188} INFO - [2026-05-09T02:00:51.027+0000] {dagbag.py:545} INFO - Filling up the DagBag from /opt/airflow/dags/newyork_fhv_pipeline.py
[2026-05-09T02:00:51.063+0000] {processor.py:840} INFO - DAG(s) 'newyork_fhv_pipeline' retrieved from /opt/airflow/dags/newyork_fhv_pipeline.py
[2026-05-09T02:00:51.091+0000] {logging_mixin.py:188} INFO - [2026-05-09T02:00:51.091+0000] {dag.py:3096} INFO - Sync 1 DAGs
[2026-05-09T02:00:51.112+0000] {logging_mixin.py:188} INFO - [2026-05-09T02:00:51.112+0000] {dag.py:3954} INFO - Setting next_dagrun for newyork_fhv_pipeline to 2026-05-01 00:00:00+00:00, run_after=2026-06-01 00:00:00+00:00
[2026-05-09T02:00:51.131+0000] {processor.py:183} INFO - Processing /opt/airflow/dags/newyork_fhv_pipeline.py took 0.116 seconds
[2026-05-09T02:01:21.631+0000] {processor.py:161} INFO - Started process (PID=2630) to work on /opt/airflow/dags/newyork_fhv_pipeline.py
[2026-05-09T02:01:21.632+0000] {processor.py:830} INFO - Processing file /opt/airflow/dags/newyork_fhv_pipeline.py for tasks to queue
[2026-05-09T02:01:21.634+0000] {logging_mixin.py:188} INFO - [2026-05-09T02:01:21.634+0000] {dagbag.py:545} INFO - Filling up the DagBag from /opt/airflow/dags/newyork_fhv_pipeline.py
[2026-05-09T02:01:21.653+0000] {processor.py:840} INFO - DAG(s) 'newyork_fhv_pipeline' retrieved from /opt/airflow/dags/newyork_fhv_pipeline.py
[2026-05-09T02:01:21.672+0000] {logging_mixin.py:188} INFO - [2026-05-09T02:01:21.672+0000] {dag.py:3096} INFO - Sync 1 DAGs
[2026-05-09T02:01:21.695+0000] {logging_mixin.py:188} INFO - [2026-05-09T02:01:21.694+0000] {dag.py:3954} INFO - Setting next_dagrun for newyork_fhv_pipeline to 2026-05-01 00:00:00+00:00, run_after=2026-06-01 00:00:00+00:00
[2026-05-09T02:01:21.719+0000] {processor.py:183} INFO - Processing /opt/airflow/dags/newyork_fhv_pipeline.py took 0.093 seconds
[2026-05-09T02:01:52.364+0000] {processor.py:161} INFO - Started process (PID=2641) to work on /opt/airflow/dags/newyork_fhv_pipeline.py
[2026-05-09T02:01:52.366+0000] {processor.py:830} INFO - Processing file /opt/airflow/dags/newyork_fhv_pipeline.py for tasks to queue
[2026-05-09T02:01:52.369+0000] {logging_mixin.py:188} INFO - [2026-05-09T02:01:52.368+0000] {dagbag.py:545} INFO - Filling up the DagBag from /opt/airflow/dags/newyork_fhv_pipeline.py
[2026-05-09T02:01:52.414+0000] {processor.py:840} INFO - DAG(s) 'newyork_fhv_pipeline' retrieved from /opt/airflow/dags/newyork_fhv_pipeline.py
[2026-05-09T02:01:52.442+0000] {logging_mixin.py:188} INFO - [2026-05-09T02:01:52.442+0000] {dag.py:3096} INFO - Sync 1 DAGs
[2026-05-09T02:01:52.468+0000] {logging_mixin.py:188} INFO - [2026-05-09T02:01:52.468+0000] {dag.py:3954} INFO - Setting next_dagrun for newyork_fhv_pipeline to 2026-05-01 00:00:00+00:00, run_after=2026-06-01 00:00:00+00:00
[2026-05-09T02:01:52.500+0000] {processor.py:183} INFO - Processing /opt/airflow/dags/newyork_fhv_pipeline.py took 0.145 seconds
[2026-05-09T02:02:23.318+0000] {processor.py:161} INFO - Started process (PID=2652) to work on /opt/airflow/dags/newyork_fhv_pipeline.py
[2026-05-09T02:02:23.321+0000] {processor.py:830} INFO - Processing file /opt/airflow/dags/newyork_fhv_pipeline.py for tasks to queue
[2026-05-09T02:02:23.326+0000] {logging_mixin.py:188} INFO - [2026-05-09T02:02:23.326+0000] {dagbag.py:545} INFO - Filling up the DagBag from /opt/airflow/dags/newyork_fhv_pipeline.py
[2026-05-09T02:02:23.392+0000] {processor.py:840} INFO - DAG(s) 'newyork_fhv_pipeline' retrieved from /opt/airflow/dags/newyork_fhv_pipeline.py
[2026-05-09T02:02:23.451+0000] {logging_mixin.py:188} INFO - [2026-05-09T02:02:23.451+0000] {dag.py:3096} INFO - Sync 1 DAGs
[2026-05-09T02:02:23.491+0000] {logging_mixin.py:188} INFO - [2026-05-09T02:02:23.490+0000] {dag.py:3954} INFO - Setting next_dagrun for newyork_fhv_pipeline to 2026-05-01 00:00:00+00:00, run_after=2026-06-01 00:00:00+00:00
[2026-05-09T02:02:23.526+0000] {processor.py:183} INFO - Processing /opt/airflow/dags/newyork_fhv_pipeline.py took 0.222 seconds
[2026-05-09T02:02:53.705+0000] {processor.py:161} INFO - Started process (PID=2663) to work on /opt/airflow/dags/newyork_fhv_pipeline.py
[2026-05-09T02:02:53.706+0000] {processor.py:830} INFO - Processing file /opt/airflow/dags/newyork_fhv_pipeline.py for tasks to queue
[2026-05-09T02:02:53.710+0000] {logging_mixin.py:188} INFO - [2026-05-09T02:02:53.710+0000] {dagbag.py:545} INFO - Filling up the DagBag from /opt/airflow/dags/newyork_fhv_pipeline.py
[2026-05-09T02:02:53.760+0000] {processor.py:840} INFO - DAG(s) 'newyork_fhv_pipeline' retrieved from /opt/airflow/dags/newyork_fhv_pipeline.py
[2026-05-09T02:02:53.785+0000] {logging_mixin.py:188} INFO - [2026-05-09T02:02:53.785+0000] {dag.py:3096} INFO - Sync 1 DAGs
[2026-05-09T02:02:53.812+0000] {logging_mixin.py:188} INFO - [2026-05-09T02:02:53.811+0000] {dag.py:3954} INFO - Setting next_dagrun for newyork_fhv_pipeline to 2026-05-01 00:00:00+00:00, run_after=2026-06-01 00:00:00+00:00
[2026-05-09T02:02:53.843+0000] {processor.py:183} INFO - Processing /opt/airflow/dags/newyork_fhv_pipeline.py took 0.149 seconds
[2026-05-09T02:03:24.063+0000] {processor.py:161} INFO - Started process (PID=2674) to work on /opt/airflow/dags/newyork_fhv_pipeline.py
[2026-05-09T02:03:24.065+0000] {processor.py:830} INFO - Processing file /opt/airflow/dags/newyork_fhv_pipeline.py for tasks to queue
[2026-05-09T02:03:24.071+0000] {logging_mixin.py:188} INFO - [2026-05-09T02:03:24.070+0000] {dagbag.py:545} INFO - Filling up the DagBag from /opt/airflow/dags/newyork_fhv_pipeline.py
[2026-05-09T02:03:24.130+0000] {processor.py:840} INFO - DAG(s) 'newyork_fhv_pipeline' retrieved from /opt/airflow/dags/newyork_fhv_pipeline.py
[2026-05-09T02:03:24.165+0000] {logging_mixin.py:188} INFO - [2026-05-09T02:03:24.165+0000] {dag.py:3096} INFO - Sync 1 DAGs
[2026-05-09T02:03:24.195+0000] {logging_mixin.py:188} INFO - [2026-05-09T02:03:24.195+0000] {dag.py:3954} INFO - Setting next_dagrun for newyork_fhv_pipeline to 2026-05-01 00:00:00+00:00, run_after=2026-06-01 00:00:00+00:00
[2026-05-09T02:03:24.231+0000] {processor.py:183} INFO - Processing /opt/airflow/dags/newyork_fhv_pipeline.py took 0.181 seconds
[2026-05-09T02:03:55.150+0000] {processor.py:161} INFO - Started process (PID=2685) to work on /opt/airflow/dags/newyork_fhv_pipeline.py
[2026-05-09T02:03:55.152+0000] {processor.py:830} INFO - Processing file /opt/airflow/dags/newyork_fhv_pipeline.py for tasks to queue
[2026-05-09T02:03:55.156+0000] {logging_mixin.py:188} INFO - [2026-05-09T02:03:55.155+0000] {dagbag.py:545} INFO - Filling up the DagBag from /opt/airflow/dags/newyork_fhv_pipeline.py
[2026-05-09T02:03:55.197+0000] {processor.py:840} INFO - DAG(s) 'newyork_fhv_pipeline' retrieved from /opt/airflow/dags/newyork_fhv_pipeline.py
[2026-05-09T02:03:55.227+0000] {logging_mixin.py:188} INFO - [2026-05-09T02:03:55.226+0000] {dag.py:3096} INFO - Sync 1 DAGs
[2026-05-09T02:03:55.252+0000] {logging_mixin.py:188} INFO - [2026-05-09T02:03:55.252+0000] {dag.py:3954} INFO - Setting next_dagrun for newyork_fhv_pipeline to 2026-05-01 00:00:00+00:00, run_after=2026-06-01 00:00:00+00:00
[2026-05-09T02:03:55.282+0000] {processor.py:183} INFO - Processing /opt/airflow/dags/newyork_fhv_pipeline.py took 0.140 seconds
[2026-05-09T02:04:25.471+0000] {processor.py:161} INFO - Started process (PID=2696) to work on /opt/airflow/dags/newyork_fhv_pipeline.py
[2026-05-09T02:04:25.473+0000] {processor.py:830} INFO - Processing file /opt/airflow/dags/newyork_fhv_pipeline.py for tasks to queue
[2026-05-09T02:04:25.476+0000] {logging_mixin.py:188} INFO - [2026-05-09T02:04:25.475+0000] {dagbag.py:545} INFO - Filling up the DagBag from /opt/airflow/dags/newyork_fhv_pipeline.py
[2026-05-09T02:04:25.496+0000] {processor.py:840} INFO - DAG(s) 'newyork_fhv_pipeline' retrieved from /opt/airflow/dags/newyork_fhv_pipeline.py
[2026-05-09T02:04:25.521+0000] {logging_mixin.py:188} INFO - [2026-05-09T02:04:25.520+0000] {dag.py:3096} INFO - Sync 1 DAGs
[2026-05-09T02:04:25.546+0000] {logging_mixin.py:188} INFO - [2026-05-09T02:04:25.546+0000] {dag.py:3954} INFO - Setting next_dagrun for newyork_fhv_pipeline to 2026-05-01 00:00:00+00:00, run_after=2026-06-01 00:00:00+00:00
[2026-05-09T02:04:25.577+0000] {processor.py:183} INFO - Processing /opt/airflow/dags/newyork_fhv_pipeline.py took 0.112 seconds
[2026-05-09T02:04:55.891+0000] {processor.py:161} INFO - Started process (PID=2707) to work on /opt/airflow/dags/newyork_fhv_pipeline.py
[2026-05-09T02:04:55.893+0000] {processor.py:830} INFO - Processing file /opt/airflow/dags/newyork_fhv_pipeline.py for tasks to queue
[2026-05-09T02:04:55.896+0000] {logging_mixin.py:188} INFO - [2026-05-09T02:04:55.895+0000] {dagbag.py:545} INFO - Filling up the DagBag from /opt/airflow/dags/newyork_fhv_pipeline.py
[2026-05-09T02:04:55.938+0000] {processor.py:840} INFO - DAG(s) 'newyork_fhv_pipeline' retrieved from /opt/airflow/dags/newyork_fhv_pipeline.py
[2026-05-09T02:04:55.964+0000] {logging_mixin.py:188} INFO - [2026-05-09T02:04:55.964+0000] {dag.py:3096} INFO - Sync 1 DAGs
[2026-05-09T02:04:55.988+0000] {logging_mixin.py:188} INFO - [2026-05-09T02:04:55.988+0000] {dag.py:3954} INFO - Setting next_dagrun for newyork_fhv_pipeline to 2026-05-01 00:00:00+00:00, run_after=2026-06-01 00:00:00+00:00
[2026-05-09T02:04:56.013+0000] {processor.py:183} INFO - Processing /opt/airflow/dags/newyork_fhv_pipeline.py took 0.132 seconds
[2026-05-09T02:05:26.146+0000] {processor.py:161} INFO - Started process (PID=2718) to work on /opt/airflow/dags/newyork_fhv_pipeline.py
[2026-05-09T02:05:26.148+0000] {processor.py:830} INFO - Processing file /opt/airflow/dags/newyork_fhv_pipeline.py for tasks to queue
[2026-05-09T02:05:26.150+0000] {logging_mixin.py:188} INFO - [2026-05-09T02:05:26.150+0000] {dagbag.py:545} INFO - Filling up the DagBag from /opt/airflow/dags/newyork_fhv_pipeline.py
[2026-05-09T02:05:26.175+0000] {processor.py:840} INFO - DAG(s) 'newyork_fhv_pipeline' retrieved from /opt/airflow/dags/newyork_fhv_pipeline.py
[2026-05-09T02:05:26.202+0000] {logging_mixin.py:188} INFO - [2026-05-09T02:05:26.202+0000] {dag.py:3096} INFO - Sync 1 DAGs
[2026-05-09T02:05:26.229+0000] {logging_mixin.py:188} INFO - [2026-05-09T02:05:26.228+0000] {dag.py:3954} INFO - Setting next_dagrun for newyork_fhv_pipeline to 2026-05-01 00:00:00+00:00, run_after=2026-06-01 00:00:00+00:00
[2026-05-09T02:05:26.251+0000] {processor.py:183} INFO - Processing /opt/airflow/dags/newyork_fhv_pipeline.py took 0.114 seconds
[2026-05-09T02:05:56.379+0000] {processor.py:161} INFO - Started process (PID=2729) to work on /opt/airflow/dags/newyork_fhv_pipeline.py
[2026-05-09T02:05:56.381+0000] {processor.py:830} INFO - Processing file /opt/airflow/dags/newyork_fhv_pipeline.py for tasks to queue
[2026-05-09T02:05:56.385+0000] {logging_mixin.py:188} INFO - [2026-05-09T02:05:56.384+0000] {dagbag.py:545} INFO - Filling up the DagBag from /opt/airflow/dags/newyork_fhv_pipeline.py
[2026-05-09T02:05:56.434+0000] {processor.py:840} INFO - DAG(s) 'newyork_fhv_pipeline' retrieved from /opt/airflow/dags/newyork_fhv_pipeline.py
[2026-05-09T02:05:56.463+0000] {logging_mixin.py:188} INFO - [2026-05-09T02:05:56.462+0000] {dag.py:3096} INFO - Sync 1 DAGs
[2026-05-09T02:05:56.490+0000] {logging_mixin.py:188} INFO - [2026-05-09T02:05:56.490+0000] {dag.py:3954} INFO - Setting next_dagrun for newyork_fhv_pipeline to 2026-05-01 00:00:00+00:00, run_after=2026-06-01 00:00:00+00:00
[2026-05-09T02:05:56.512+0000] {processor.py:183} INFO - Processing /opt/airflow/dags/newyork_fhv_pipeline.py took 0.142 seconds
[2026-05-09T02:06:27.370+0000] {processor.py:161} INFO - Started process (PID=2740) to work on /opt/airflow/dags/newyork_fhv_pipeline.py
[2026-05-09T02:06:27.371+0000] {processor.py:830} INFO - Processing file /opt/airflow/dags/newyork_fhv_pipeline.py for tasks to queue
[2026-05-09T02:06:27.375+0000] {logging_mixin.py:188} INFO - [2026-05-09T02:06:27.375+0000] {dagbag.py:545} INFO - Filling up the DagBag from /opt/airflow/dags/newyork_fhv_pipeline.py
[2026-05-09T02:06:27.414+0000] {processor.py:840} INFO - DAG(s) 'newyork_fhv_pipeline' retrieved from /opt/airflow/dags/newyork_fhv_pipeline.py
[2026-05-09T02:06:27.440+0000] {logging_mixin.py:188} INFO - [2026-05-09T02:06:27.440+0000] {dag.py:3096} INFO - Sync 1 DAGs
[2026-05-09T02:06:27.466+0000] {logging_mixin.py:188} INFO - [2026-05-09T02:06:27.466+0000] {dag.py:3954} INFO - Setting next_dagrun for newyork_fhv_pipeline to 2026-05-01 00:00:00+00:00, run_after=2026-06-01 00:00:00+00:00
[2026-05-09T02:06:27.489+0000] {processor.py:183} INFO - Processing /opt/airflow/dags/newyork_fhv_pipeline.py took 0.127 seconds
[2026-05-09T02:06:58.404+0000] {processor.py:161} INFO - Started process (PID=2751) to work on /opt/airflow/dags/newyork_fhv_pipeline.py
[2026-05-09T02:06:58.406+0000] {processor.py:830} INFO - Processing file /opt/airflow/dags/newyork_fhv_pipeline.py for tasks to queue
[2026-05-09T02:06:58.409+0000] {logging_mixin.py:188} INFO - [2026-05-09T02:06:58.408+0000] {dagbag.py:545} INFO - Filling up the DagBag from /opt/airflow/dags/newyork_fhv_pipeline.py
[2026-05-09T02:06:58.447+0000] {processor.py:840} INFO - DAG(s) 'newyork_fhv_pipeline' retrieved from /opt/airflow/dags/newyork_fhv_pipeline.py
[2026-05-09T02:06:58.471+0000] {logging_mixin.py:188} INFO - [2026-05-09T02:06:58.471+0000] {dag.py:3096} INFO - Sync 1 DAGs
[2026-05-09T02:06:58.494+0000] {logging_mixin.py:188} INFO - [2026-05-09T02:06:58.494+0000] {dag.py:3954} INFO - Setting next_dagrun for newyork_fhv_pipeline to 2026-05-01 00:00:00+00:00, run_after=2026-06-01 00:00:00+00:00
[2026-05-09T02:06:58.519+0000] {processor.py:183} INFO - Processing /opt/airflow/dags/newyork_fhv_pipeline.py took 0.123 seconds
[2026-05-09T02:07:29.424+0000] {processor.py:161} INFO - Started process (PID=2762) to work on /opt/airflow/dags/newyork_fhv_pipeline.py
[2026-05-09T02:07:29.425+0000] {processor.py:830} INFO - Processing file /opt/airflow/dags/newyork_fhv_pipeline.py for tasks to queue
[2026-05-09T02:07:29.428+0000] {logging_mixin.py:188} INFO - [2026-05-09T02:07:29.428+0000] {dagbag.py:545} INFO - Filling up the DagBag from /opt/airflow/dags/newyork_fhv_pipeline.py
[2026-05-09T02:07:29.476+0000] {processor.py:840} INFO - DAG(s) 'newyork_fhv_pipeline' retrieved from /opt/airflow/dags/newyork_fhv_pipeline.py
[2026-05-09T02:07:29.505+0000] {logging_mixin.py:188} INFO - [2026-05-09T02:07:29.505+0000] {dag.py:3096} INFO - Sync 1 DAGs
[2026-05-09T02:07:29.531+0000] {logging_mixin.py:188} INFO - [2026-05-09T02:07:29.531+0000] {dag.py:3954} INFO - Setting next_dagrun for newyork_fhv_pipeline to 2026-05-01 00:00:00+00:00, run_after=2026-06-01 00:00:00+00:00
[2026-05-09T02:07:29.556+0000] {processor.py:183} INFO - Processing /opt/airflow/dags/newyork_fhv_pipeline.py took 0.143 seconds
[2026-05-09T02:07:59.692+0000] {processor.py:161} INFO - Started process (PID=2773) to work on /opt/airflow/dags/newyork_fhv_pipeline.py
[2026-05-09T02:07:59.693+0000] {processor.py:830} INFO - Processing file /opt/airflow/dags/newyork_fhv_pipeline.py for tasks to queue
[2026-05-09T02:07:59.697+0000] {logging_mixin.py:188} INFO - [2026-05-09T02:07:59.697+0000] {dagbag.py:545} INFO - Filling up the DagBag from /opt/airflow/dags/newyork_fhv_pipeline.py
[2026-05-09T02:07:59.745+0000] {processor.py:840} INFO - DAG(s) 'newyork_fhv_pipeline' retrieved from /opt/airflow/dags/newyork_fhv_pipeline.py
[2026-05-09T02:07:59.784+0000] {logging_mixin.py:188} INFO - [2026-05-09T02:07:59.784+0000] {dag.py:3096} INFO - Sync 1 DAGs
[2026-05-09T02:07:59.818+0000] {logging_mixin.py:188} INFO - [2026-05-09T02:07:59.818+0000] {dag.py:3954} INFO - Setting next_dagrun for newyork_fhv_pipeline to 2026-05-01 00:00:00+00:00, run_after=2026-06-01 00:00:00+00:00
[2026-05-09T02:07:59.863+0000] {processor.py:183} INFO - Processing /opt/airflow/dags/newyork_fhv_pipeline.py took 0.184 seconds
[2026-05-09T02:08:30.300+0000] {processor.py:161} INFO - Started process (PID=2785) to work on /opt/airflow/dags/newyork_fhv_pipeline.py
[2026-05-09T02:08:30.303+0000] {processor.py:830} INFO - Processing file /opt/airflow/dags/newyork_fhv_pipeline.py for tasks to queue
[2026-05-09T02:08:30.308+0000] {logging_mixin.py:188} INFO - [2026-05-09T02:08:30.307+0000] {dagbag.py:545} INFO - Filling up the DagBag from /opt/airflow/dags/newyork_fhv_pipeline.py
[2026-05-09T02:08:30.384+0000] {processor.py:840} INFO - DAG(s) 'newyork_fhv_pipeline' retrieved from /opt/airflow/dags/newyork_fhv_pipeline.py
[2026-05-09T02:08:30.426+0000] {logging_mixin.py:188} INFO - [2026-05-09T02:08:30.426+0000] {dag.py:3096} INFO - Sync 1 DAGs
[2026-05-09T02:08:30.467+0000] {logging_mixin.py:188} INFO - [2026-05-09T02:08:30.466+0000] {dag.py:3954} INFO - Setting next_dagrun for newyork_fhv_pipeline to 2026-05-01 00:00:00+00:00, run_after=2026-06-01 00:00:00+00:00
[2026-05-09T02:08:30.513+0000] {processor.py:183} INFO - Processing /opt/airflow/dags/newyork_fhv_pipeline.py took 0.224 seconds
[2026-05-09T02:09:00.639+0000] {processor.py:161} INFO - Started process (PID=2796) to work on /opt/airflow/dags/newyork_fhv_pipeline.py
[2026-05-09T02:09:00.641+0000] {processor.py:830} INFO - Processing file /opt/airflow/dags/newyork_fhv_pipeline.py for tasks to queue
[2026-05-09T02:09:00.644+0000] {logging_mixin.py:188} INFO - [2026-05-09T02:09:00.644+0000] {dagbag.py:545} INFO - Filling up the DagBag from /opt/airflow/dags/newyork_fhv_pipeline.py
[2026-05-09T02:09:00.695+0000] {processor.py:840} INFO - DAG(s) 'newyork_fhv_pipeline' retrieved from /opt/airflow/dags/newyork_fhv_pipeline.py
[2026-05-09T02:09:00.732+0000] {logging_mixin.py:188} INFO - [2026-05-09T02:09:00.732+0000] {dag.py:3096} INFO - Sync 1 DAGs
[2026-05-09T02:09:00.758+0000] {logging_mixin.py:188} INFO - [2026-05-09T02:09:00.758+0000] {dag.py:3954} INFO - Setting next_dagrun for newyork_fhv_pipeline to 2026-05-01 00:00:00+00:00, run_after=2026-06-01 00:00:00+00:00
[2026-05-09T02:09:00.794+0000] {processor.py:183} INFO - Processing /opt/airflow/dags/newyork_fhv_pipeline.py took 0.162 seconds
[2026-05-09T02:09:31.510+0000] {processor.py:161} INFO - Started process (PID=2808) to work on /opt/airflow/dags/newyork_fhv_pipeline.py
[2026-05-09T02:09:31.512+0000] {processor.py:830} INFO - Processing file /opt/airflow/dags/newyork_fhv_pipeline.py for tasks to queue
[2026-05-09T02:09:31.515+0000] {logging_mixin.py:188} INFO - [2026-05-09T02:09:31.515+0000] {dagbag.py:545} INFO - Filling up the DagBag from /opt/airflow/dags/newyork_fhv_pipeline.py
[2026-05-09T02:09:31.548+0000] {processor.py:840} INFO - DAG(s) 'newyork_fhv_pipeline' retrieved from /opt/airflow/dags/newyork_fhv_pipeline.py
[2026-05-09T02:09:31.573+0000] {logging_mixin.py:188} INFO - [2026-05-09T02:09:31.573+0000] {dag.py:3096} INFO - Sync 1 DAGs
[2026-05-09T02:09:31.599+0000] {logging_mixin.py:188} INFO - [2026-05-09T02:09:31.599+0000] {dag.py:3954} INFO - Setting next_dagrun for newyork_fhv_pipeline to 2026-05-01 00:00:00+00:00, run_after=2026-06-01 00:00:00+00:00
[2026-05-09T02:09:31.627+0000] {processor.py:183} INFO - Processing /opt/airflow/dags/newyork_fhv_pipeline.py took 0.128 seconds
[2026-05-09T02:10:02.472+0000] {processor.py:161} INFO - Started process (PID=2819) to work on /opt/airflow/dags/newyork_fhv_pipeline.py
[2026-05-09T02:10:02.474+0000] {processor.py:830} INFO - Processing file /opt/airflow/dags/newyork_fhv_pipeline.py for tasks to queue
[2026-05-09T02:10:02.478+0000] {logging_mixin.py:188} INFO - [2026-05-09T02:10:02.477+0000] {dagbag.py:545} INFO - Filling up the DagBag from /opt/airflow/dags/newyork_fhv_pipeline.py
[2026-05-09T02:10:02.530+0000] {processor.py:840} INFO - DAG(s) 'newyork_fhv_pipeline' retrieved from /opt/airflow/dags/newyork_fhv_pipeline.py
[2026-05-09T02:10:02.557+0000] {logging_mixin.py:188} INFO - [2026-05-09T02:10:02.557+0000] {dag.py:3096} INFO - Sync 1 DAGs
[2026-05-09T02:10:02.583+0000] {logging_mixin.py:188} INFO - [2026-05-09T02:10:02.583+0000] {dag.py:3954} INFO - Setting next_dagrun for newyork_fhv_pipeline to 2026-05-01 00:00:00+00:00, run_after=2026-06-01 00:00:00+00:00
[2026-05-09T02:10:02.606+0000] {processor.py:183} INFO - Processing /opt/airflow/dags/newyork_fhv_pipeline.py took 0.143 seconds
[2026-05-09T02:10:33.505+0000] {processor.py:161} INFO - Started process (PID=2830) to work on /opt/airflow/dags/newyork_fhv_pipeline.py
[2026-05-09T02:10:33.507+0000] {processor.py:830} INFO - Processing file /opt/airflow/dags/newyork_fhv_pipeline.py for tasks to queue
[2026-05-09T02:10:33.510+0000] {logging_mixin.py:188} INFO - [2026-05-09T02:10:33.509+0000] {dagbag.py:545} INFO - Filling up the DagBag from /opt/airflow/dags/newyork_fhv_pipeline.py
[2026-05-09T02:10:33.561+0000] {processor.py:840} INFO - DAG(s) 'newyork_fhv_pipeline' retrieved from /opt/airflow/dags/newyork_fhv_pipeline.py
[2026-05-09T02:10:33.595+0000] {logging_mixin.py:188} INFO - [2026-05-09T02:10:33.595+0000] {dag.py:3096} INFO - Sync 1 DAGs
[2026-05-09T02:10:33.623+0000] {logging_mixin.py:188} INFO - [2026-05-09T02:10:33.622+0000] {dag.py:3954} INFO - Setting next_dagrun for newyork_fhv_pipeline to 2026-05-01 00:00:00+00:00, run_after=2026-06-01 00:00:00+00:00
[2026-05-09T02:10:33.648+0000] {processor.py:183} INFO - Processing /opt/airflow/dags/newyork_fhv_pipeline.py took 0.151 seconds
[2026-05-09T02:11:04.355+0000] {processor.py:161} INFO - Started process (PID=2841) to work on /opt/airflow/dags/newyork_fhv_pipeline.py
[2026-05-09T02:11:04.357+0000] {processor.py:830} INFO - Processing file /opt/airflow/dags/newyork_fhv_pipeline.py for tasks to queue
[2026-05-09T02:11:04.361+0000] {logging_mixin.py:188} INFO - [2026-05-09T02:11:04.360+0000] {dagbag.py:545} INFO - Filling up the DagBag from /opt/airflow/dags/newyork_fhv_pipeline.py
[2026-05-09T02:11:04.411+0000] {processor.py:840} INFO - DAG(s) 'newyork_fhv_pipeline' retrieved from /opt/airflow/dags/newyork_fhv_pipeline.py
[2026-05-09T02:11:04.445+0000] {logging_mixin.py:188} INFO - [2026-05-09T02:11:04.444+0000] {dag.py:3096} INFO - Sync 1 DAGs
[2026-05-09T02:11:04.473+0000] {logging_mixin.py:188} INFO - [2026-05-09T02:11:04.472+0000] {dag.py:3954} INFO - Setting next_dagrun for newyork_fhv_pipeline to 2026-05-01 00:00:00+00:00, run_after=2026-06-01 00:00:00+00:00
[2026-05-09T02:11:04.501+0000] {processor.py:183} INFO - Processing /opt/airflow/dags/newyork_fhv_pipeline.py took 0.156 seconds
[2026-05-09T02:11:35.461+0000] {processor.py:161} INFO - Started process (PID=2852) to work on /opt/airflow/dags/newyork_fhv_pipeline.py
[2026-05-09T02:11:35.462+0000] {processor.py:830} INFO - Processing file /opt/airflow/dags/newyork_fhv_pipeline.py for tasks to queue
[2026-05-09T02:11:35.465+0000] {logging_mixin.py:188} INFO - [2026-05-09T02:11:35.465+0000] {dagbag.py:545} INFO - Filling up the DagBag from /opt/airflow/dags/newyork_fhv_pipeline.py
[2026-05-09T02:11:35.518+0000] {processor.py:840} INFO - DAG(s) 'newyork_fhv_pipeline' retrieved from /opt/airflow/dags/newyork_fhv_pipeline.py
[2026-05-09T02:11:35.544+0000] {logging_mixin.py:188} INFO - [2026-05-09T02:11:35.544+0000] {dag.py:3096} INFO - Sync 1 DAGs
[2026-05-09T02:11:35.571+0000] {logging_mixin.py:188} INFO - [2026-05-09T02:11:35.571+0000] {dag.py:3954} INFO - Setting next_dagrun for newyork_fhv_pipeline to 2026-05-01 00:00:00+00:00, run_after=2026-06-01 00:00:00+00:00
[2026-05-09T02:11:35.602+0000] {processor.py:183} INFO - Processing /opt/airflow/dags/newyork_fhv_pipeline.py took 0.149 seconds
[2026-05-09T02:12:06.397+0000] {processor.py:161} INFO - Started process (PID=2863) to work on /opt/airflow/dags/newyork_fhv_pipeline.py
[2026-05-09T02:12:06.399+0000] {processor.py:830} INFO - Processing file /opt/airflow/dags/newyork_fhv_pipeline.py for tasks to queue
[2026-05-09T02:12:06.403+0000] {logging_mixin.py:188} INFO - [2026-05-09T02:12:06.402+0000] {dagbag.py:545} INFO - Filling up the DagBag from /opt/airflow/dags/newyork_fhv_pipeline.py
[2026-05-09T02:12:06.441+0000] {processor.py:840} INFO - DAG(s) 'newyork_fhv_pipeline' retrieved from /opt/airflow/dags/newyork_fhv_pipeline.py
[2026-05-09T02:12:06.470+0000] {logging_mixin.py:188} INFO - [2026-05-09T02:12:06.470+0000] {dag.py:3096} INFO - Sync 1 DAGs
[2026-05-09T02:12:06.497+0000] {logging_mixin.py:188} INFO - [2026-05-09T02:12:06.497+0000] {dag.py:3954} INFO - Setting next_dagrun for newyork_fhv_pipeline to 2026-05-01 00:00:00+00:00, run_after=2026-06-01 00:00:00+00:00
[2026-05-09T02:12:06.521+0000] {processor.py:183} INFO - Processing /opt/airflow/dags/newyork_fhv_pipeline.py took 0.131 seconds
[2026-05-09T02:12:36.676+0000] {processor.py:161} INFO - Started process (PID=2874) to work on /opt/airflow/dags/newyork_fhv_pipeline.py
[2026-05-09T02:12:36.677+0000] {processor.py:830} INFO - Processing file /opt/airflow/dags/newyork_fhv_pipeline.py for tasks to queue
[2026-05-09T02:12:36.680+0000] {logging_mixin.py:188} INFO - [2026-05-09T02:12:36.680+0000] {dagbag.py:545} INFO - Filling up the DagBag from /opt/airflow/dags/newyork_fhv_pipeline.py
[2026-05-09T02:12:36.715+0000] {processor.py:840} INFO - DAG(s) 'newyork_fhv_pipeline' retrieved from /opt/airflow/dags/newyork_fhv_pipeline.py
[2026-05-09T02:12:36.742+0000] {logging_mixin.py:188} INFO - [2026-05-09T02:12:36.742+0000] {dag.py:3096} INFO - Sync 1 DAGs
[2026-05-09T02:12:36.769+0000] {logging_mixin.py:188} INFO - [2026-05-09T02:12:36.769+0000] {dag.py:3954} INFO - Setting next_dagrun for newyork_fhv_pipeline to 2026-05-01 00:00:00+00:00, run_after=2026-06-01 00:00:00+00:00
[2026-05-09T02:12:36.797+0000] {processor.py:183} INFO - Processing /opt/airflow/dags/newyork_fhv_pipeline.py took 0.131 seconds
[2026-05-09T02:13:07.558+0000] {processor.py:161} INFO - Started process (PID=2885) to work on /opt/airflow/dags/newyork_fhv_pipeline.py
[2026-05-09T02:13:07.560+0000] {processor.py:830} INFO - Processing file /opt/airflow/dags/newyork_fhv_pipeline.py for tasks to queue
[2026-05-09T02:13:07.562+0000] {logging_mixin.py:188} INFO - [2026-05-09T02:13:07.562+0000] {dagbag.py:545} INFO - Filling up the DagBag from /opt/airflow/dags/newyork_fhv_pipeline.py
[2026-05-09T02:13:07.594+0000] {processor.py:840} INFO - DAG(s) 'newyork_fhv_pipeline' retrieved from /opt/airflow/dags/newyork_fhv_pipeline.py
[2026-05-09T02:13:07.621+0000] {logging_mixin.py:188} INFO - [2026-05-09T02:13:07.621+0000] {dag.py:3096} INFO - Sync 1 DAGs
[2026-05-09T02:13:07.648+0000] {logging_mixin.py:188} INFO - [2026-05-09T02:13:07.647+0000] {dag.py:3954} INFO - Setting next_dagrun for newyork_fhv_pipeline to 2026-05-01 00:00:00+00:00, run_after=2026-06-01 00:00:00+00:00
[2026-05-09T02:13:07.675+0000] {processor.py:183} INFO - Processing /opt/airflow/dags/newyork_fhv_pipeline.py took 0.123 seconds
[2026-05-09T02:13:38.508+0000] {processor.py:161} INFO - Started process (PID=2896) to work on /opt/airflow/dags/newyork_fhv_pipeline.py
[2026-05-09T02:13:38.509+0000] {processor.py:830} INFO - Processing file /opt/airflow/dags/newyork_fhv_pipeline.py for tasks to queue
[2026-05-09T02:13:38.513+0000] {logging_mixin.py:188} INFO - [2026-05-09T02:13:38.512+0000] {dagbag.py:545} INFO - Filling up the DagBag from /opt/airflow/dags/newyork_fhv_pipeline.py
[2026-05-09T02:13:38.552+0000] {processor.py:840} INFO - DAG(s) 'newyork_fhv_pipeline' retrieved from /opt/airflow/dags/newyork_fhv_pipeline.py
[2026-05-09T02:13:38.576+0000] {logging_mixin.py:188} INFO - [2026-05-09T02:13:38.576+0000] {dag.py:3096} INFO - Sync 1 DAGs
[2026-05-09T02:13:38.601+0000] {logging_mixin.py:188} INFO - [2026-05-09T02:13:38.600+0000] {dag.py:3954} INFO - Setting next_dagrun for newyork_fhv_pipeline to 2026-05-01 00:00:00+00:00, run_after=2026-06-01 00:00:00+00:00
[2026-05-09T02:13:38.639+0000] {processor.py:183} INFO - Processing /opt/airflow/dags/newyork_fhv_pipeline.py took 0.142 seconds
[2026-05-09T02:14:09.632+0000] {processor.py:161} INFO - Started process (PID=2913) to work on /opt/airflow/dags/newyork_fhv_pipeline.py
[2026-05-09T02:14:09.633+0000] {processor.py:830} INFO - Processing file /opt/airflow/dags/newyork_fhv_pipeline.py for tasks to queue
[2026-05-09T02:14:09.636+0000] {logging_mixin.py:188} INFO - [2026-05-09T02:14:09.636+0000] {dagbag.py:545} INFO - Filling up the DagBag from /opt/airflow/dags/newyork_fhv_pipeline.py
[2026-05-09T02:14:09.676+0000] {processor.py:840} INFO - DAG(s) 'newyork_fhv_pipeline' retrieved from /opt/airflow/dags/newyork_fhv_pipeline.py
[2026-05-09T02:14:09.702+0000] {logging_mixin.py:188} INFO - [2026-05-09T02:14:09.701+0000] {dag.py:3096} INFO - Sync 1 DAGs
[2026-05-09T02:14:09.727+0000] {logging_mixin.py:188} INFO - [2026-05-09T02:14:09.727+0000] {dag.py:3954} INFO - Setting next_dagrun for newyork_fhv_pipeline to 2026-05-01 00:00:00+00:00, run_after=2026-06-01 00:00:00+00:00
[2026-05-09T02:14:09.751+0000] {processor.py:183} INFO - Processing /opt/airflow/dags/newyork_fhv_pipeline.py took 0.126 seconds
[2026-05-09T02:14:40.588+0000] {processor.py:161} INFO - Started process (PID=2924) to work on /opt/airflow/dags/newyork_fhv_pipeline.py
[2026-05-09T02:14:40.590+0000] {processor.py:830} INFO - Processing file /opt/airflow/dags/newyork_fhv_pipeline.py for tasks to queue
[2026-05-09T02:14:40.593+0000] {logging_mixin.py:188} INFO - [2026-05-09T02:14:40.592+0000] {dagbag.py:545} INFO - Filling up the DagBag from /opt/airflow/dags/newyork_fhv_pipeline.py
[2026-05-09T02:14:40.635+0000] {processor.py:840} INFO - DAG(s) 'newyork_fhv_pipeline' retrieved from /opt/airflow/dags/newyork_fhv_pipeline.py
[2026-05-09T02:14:40.662+0000] {logging_mixin.py:188} INFO - [2026-05-09T02:14:40.662+0000] {dag.py:3096} INFO - Sync 1 DAGs
[2026-05-09T02:14:40.688+0000] {logging_mixin.py:188} INFO - [2026-05-09T02:14:40.688+0000] {dag.py:3954} INFO - Setting next_dagrun for newyork_fhv_pipeline to 2026-05-01 00:00:00+00:00, run_after=2026-06-01 00:00:00+00:00
[2026-05-09T02:14:40.712+0000] {processor.py:183} INFO - Processing /opt/airflow/dags/newyork_fhv_pipeline.py took 0.130 seconds
[2026-05-09T02:15:11.473+0000] {processor.py:161} INFO - Started process (PID=2935) to work on /opt/airflow/dags/newyork_fhv_pipeline.py
[2026-05-09T02:15:11.475+0000] {processor.py:830} INFO - Processing file /opt/airflow/dags/newyork_fhv_pipeline.py for tasks to queue
[2026-05-09T02:15:11.479+0000] {logging_mixin.py:188} INFO - [2026-05-09T02:15:11.478+0000] {dagbag.py:545} INFO - Filling up the DagBag from /opt/airflow/dags/newyork_fhv_pipeline.py
[2026-05-09T02:15:11.525+0000] {processor.py:840} INFO - DAG(s) 'newyork_fhv_pipeline' retrieved from /opt/airflow/dags/newyork_fhv_pipeline.py
[2026-05-09T02:15:11.561+0000] {logging_mixin.py:188} INFO - [2026-05-09T02:15:11.561+0000] {dag.py:3096} INFO - Sync 1 DAGs
[2026-05-09T02:15:11.609+0000] {logging_mixin.py:188} INFO - [2026-05-09T02:15:11.609+0000] {dag.py:3954} INFO - Setting next_dagrun for newyork_fhv_pipeline to 2026-05-01 00:00:00+00:00, run_after=2026-06-01 00:00:00+00:00
[2026-05-09T02:15:11.642+0000] {processor.py:183} INFO - Processing /opt/airflow/dags/newyork_fhv_pipeline.py took 0.178 seconds
[2026-05-09T02:15:42.580+0000] {processor.py:161} INFO - Started process (PID=2946) to work on /opt/airflow/dags/newyork_fhv_pipeline.py
[2026-05-09T02:15:42.581+0000] {processor.py:830} INFO - Processing file /opt/airflow/dags/newyork_fhv_pipeline.py for tasks to queue
[2026-05-09T02:15:42.584+0000] {logging_mixin.py:188} INFO - [2026-05-09T02:15:42.583+0000] {dagbag.py:545} INFO - Filling up the DagBag from /opt/airflow/dags/newyork_fhv_pipeline.py
[2026-05-09T02:15:42.640+0000] {processor.py:840} INFO - DAG(s) 'newyork_fhv_pipeline' retrieved from /opt/airflow/dags/newyork_fhv_pipeline.py
[2026-05-09T02:15:42.672+0000] {logging_mixin.py:188} INFO - [2026-05-09T02:15:42.672+0000] {dag.py:3096} INFO - Sync 1 DAGs
[2026-05-09T02:15:42.702+0000] {logging_mixin.py:188} INFO - [2026-05-09T02:15:42.701+0000] {dag.py:3954} INFO - Setting next_dagrun for newyork_fhv_pipeline to 2026-05-01 00:00:00+00:00, run_after=2026-06-01 00:00:00+00:00
[2026-05-09T02:15:42.728+0000] {processor.py:183} INFO - Processing /opt/airflow/dags/newyork_fhv_pipeline.py took 0.157 seconds
[2026-05-09T02:16:13.437+0000] {processor.py:161} INFO - Started process (PID=2957) to work on /opt/airflow/dags/newyork_fhv_pipeline.py
[2026-05-09T02:16:13.438+0000] {processor.py:830} INFO - Processing file /opt/airflow/dags/newyork_fhv_pipeline.py for tasks to queue
[2026-05-09T02:16:13.441+0000] {logging_mixin.py:188} INFO - [2026-05-09T02:16:13.440+0000] {dagbag.py:545} INFO - Filling up the DagBag from /opt/airflow/dags/newyork_fhv_pipeline.py
[2026-05-09T02:16:13.479+0000] {processor.py:840} INFO - DAG(s) 'newyork_fhv_pipeline' retrieved from /opt/airflow/dags/newyork_fhv_pipeline.py
[2026-05-09T02:16:13.502+0000] {logging_mixin.py:188} INFO - [2026-05-09T02:16:13.501+0000] {dag.py:3096} INFO - Sync 1 DAGs
[2026-05-09T02:16:13.526+0000] {logging_mixin.py:188} INFO - [2026-05-09T02:16:13.525+0000] {dag.py:3954} INFO - Setting next_dagrun for newyork_fhv_pipeline to 2026-05-01 00:00:00+00:00, run_after=2026-06-01 00:00:00+00:00
[2026-05-09T02:16:13.552+0000] {processor.py:183} INFO - Processing /opt/airflow/dags/newyork_fhv_pipeline.py took 0.122 seconds
[2026-05-09T02:16:44.268+0000] {processor.py:161} INFO - Started process (PID=2968) to work on /opt/airflow/dags/newyork_fhv_pipeline.py
[2026-05-09T02:16:44.270+0000] {processor.py:830} INFO - Processing file /opt/airflow/dags/newyork_fhv_pipeline.py for tasks to queue
[2026-05-09T02:16:44.274+0000] {logging_mixin.py:188} INFO - [2026-05-09T02:16:44.274+0000] {dagbag.py:545} INFO - Filling up the DagBag from /opt/airflow/dags/newyork_fhv_pipeline.py
[2026-05-09T02:16:44.315+0000] {processor.py:840} INFO - DAG(s) 'newyork_fhv_pipeline' retrieved from /opt/airflow/dags/newyork_fhv_pipeline.py
[2026-05-09T02:16:44.344+0000] {logging_mixin.py:188} INFO - [2026-05-09T02:16:44.344+0000] {dag.py:3096} INFO - Sync 1 DAGs
[2026-05-09T02:16:44.374+0000] {logging_mixin.py:188} INFO - [2026-05-09T02:16:44.374+0000] {dag.py:3954} INFO - Setting next_dagrun for newyork_fhv_pipeline to 2026-05-01 00:00:00+00:00, run_after=2026-06-01 00:00:00+00:00
[2026-05-09T02:16:44.409+0000] {processor.py:183} INFO - Processing /opt/airflow/dags/newyork_fhv_pipeline.py took 0.152 seconds
[2026-05-09T02:17:15.207+0000] {processor.py:161} INFO - Started process (PID=2979) to work on /opt/airflow/dags/newyork_fhv_pipeline.py
[2026-05-09T02:17:15.208+0000] {processor.py:830} INFO - Processing file /opt/airflow/dags/newyork_fhv_pipeline.py for tasks to queue
[2026-05-09T02:17:15.211+0000] {logging_mixin.py:188} INFO - [2026-05-09T02:17:15.211+0000] {dagbag.py:545} INFO - Filling up the DagBag from /opt/airflow/dags/newyork_fhv_pipeline.py
[2026-05-09T02:17:15.235+0000] {processor.py:840} INFO - DAG(s) 'newyork_fhv_pipeline' retrieved from /opt/airflow/dags/newyork_fhv_pipeline.py
[2026-05-09T02:17:15.258+0000] {logging_mixin.py:188} INFO - [2026-05-09T02:17:15.257+0000] {dag.py:3096} INFO - Sync 1 DAGs
[2026-05-09T02:17:15.282+0000] {logging_mixin.py:188} INFO - [2026-05-09T02:17:15.282+0000] {dag.py:3954} INFO - Setting next_dagrun for newyork_fhv_pipeline to 2026-05-01 00:00:00+00:00, run_after=2026-06-01 00:00:00+00:00
[2026-05-09T02:17:15.306+0000] {processor.py:183} INFO - Processing /opt/airflow/dags/newyork_fhv_pipeline.py took 0.104 seconds
[2026-05-09T02:17:46.143+0000] {processor.py:161} INFO - Started process (PID=2990) to work on /opt/airflow/dags/newyork_fhv_pipeline.py
[2026-05-09T02:17:46.145+0000] {processor.py:830} INFO - Processing file /opt/airflow/dags/newyork_fhv_pipeline.py for tasks to queue
[2026-05-09T02:17:46.148+0000] {logging_mixin.py:188} INFO - [2026-05-09T02:17:46.147+0000] {dagbag.py:545} INFO - Filling up the DagBag from /opt/airflow/dags/newyork_fhv_pipeline.py
[2026-05-09T02:17:46.198+0000] {processor.py:840} INFO - DAG(s) 'newyork_fhv_pipeline' retrieved from /opt/airflow/dags/newyork_fhv_pipeline.py
[2026-05-09T02:17:46.223+0000] {logging_mixin.py:188} INFO - [2026-05-09T02:17:46.223+0000] {dag.py:3096} INFO - Sync 1 DAGs
[2026-05-09T02:17:46.247+0000] {logging_mixin.py:188} INFO - [2026-05-09T02:17:46.247+0000] {dag.py:3954} INFO - Setting next_dagrun for newyork_fhv_pipeline to 2026-05-01 00:00:00+00:00, run_after=2026-06-01 00:00:00+00:00
[2026-05-09T02:17:46.272+0000] {processor.py:183} INFO - Processing /opt/airflow/dags/newyork_fhv_pipeline.py took 0.138 seconds
[2026-05-09T02:18:17.103+0000] {processor.py:161} INFO - Started process (PID=3001) to work on /opt/airflow/dags/newyork_fhv_pipeline.py
[2026-05-09T02:18:17.105+0000] {processor.py:830} INFO - Processing file /opt/airflow/dags/newyork_fhv_pipeline.py for tasks to queue
[2026-05-09T02:18:17.109+0000] {logging_mixin.py:188} INFO - [2026-05-09T02:18:17.108+0000] {dagbag.py:545} INFO - Filling up the DagBag from /opt/airflow/dags/newyork_fhv_pipeline.py
[2026-05-09T02:18:17.169+0000] {processor.py:840} INFO - DAG(s) 'newyork_fhv_pipeline' retrieved from /opt/airflow/dags/newyork_fhv_pipeline.py
[2026-05-09T02:18:17.194+0000] {logging_mixin.py:188} INFO - [2026-05-09T02:18:17.194+0000] {dag.py:3096} INFO - Sync 1 DAGs
[2026-05-09T02:18:17.219+0000] {logging_mixin.py:188} INFO - [2026-05-09T02:18:17.219+0000] {dag.py:3954} INFO - Setting next_dagrun for newyork_fhv_pipeline to 2026-05-01 00:00:00+00:00, run_after=2026-06-01 00:00:00+00:00
[2026-05-09T02:18:17.246+0000] {processor.py:183} INFO - Processing /opt/airflow/dags/newyork_fhv_pipeline.py took 0.154 seconds
[2026-05-09T02:18:47.885+0000] {processor.py:161} INFO - Started process (PID=3012) to work on /opt/airflow/dags/newyork_fhv_pipeline.py
[2026-05-09T02:18:47.887+0000] {processor.py:830} INFO - Processing file /opt/airflow/dags/newyork_fhv_pipeline.py for tasks to queue
[2026-05-09T02:18:47.890+0000] {logging_mixin.py:188} INFO - [2026-05-09T02:18:47.890+0000] {dagbag.py:545} INFO - Filling up the DagBag from /opt/airflow/dags/newyork_fhv_pipeline.py
[2026-05-09T02:18:47.943+0000] {processor.py:840} INFO - DAG(s) 'newyork_fhv_pipeline' retrieved from /opt/airflow/dags/newyork_fhv_pipeline.py
[2026-05-09T02:18:47.973+0000] {logging_mixin.py:188} INFO - [2026-05-09T02:18:47.973+0000] {dag.py:3096} INFO - Sync 1 DAGs
[2026-05-09T02:18:47.998+0000] {logging_mixin.py:188} INFO - [2026-05-09T02:18:47.998+0000] {dag.py:3954} INFO - Setting next_dagrun for newyork_fhv_pipeline to 2026-05-01 00:00:00+00:00, run_after=2026-06-01 00:00:00+00:00
[2026-05-09T02:18:48.021+0000] {processor.py:183} INFO - Processing /opt/airflow/dags/newyork_fhv_pipeline.py took 0.149 seconds
[2026-05-09T02:19:18.393+0000] {processor.py:161} INFO - Started process (PID=3023) to work on /opt/airflow/dags/newyork_fhv_pipeline.py
[2026-05-09T02:19:18.395+0000] {processor.py:830} INFO - Processing file /opt/airflow/dags/newyork_fhv_pipeline.py for tasks to queue
[2026-05-09T02:19:18.399+0000] {logging_mixin.py:188} INFO - [2026-05-09T02:19:18.399+0000] {dagbag.py:545} INFO - Filling up the DagBag from /opt/airflow/dags/newyork_fhv_pipeline.py
[2026-05-09T02:19:18.449+0000] {processor.py:840} INFO - DAG(s) 'newyork_fhv_pipeline' retrieved from /opt/airflow/dags/newyork_fhv_pipeline.py
[2026-05-09T02:19:18.487+0000] {logging_mixin.py:188} INFO - [2026-05-09T02:19:18.487+0000] {dag.py:3096} INFO - Sync 1 DAGs
[2026-05-09T02:19:18.519+0000] {logging_mixin.py:188} INFO - [2026-05-09T02:19:18.519+0000] {dag.py:3954} INFO - Setting next_dagrun for newyork_fhv_pipeline to 2026-05-01 00:00:00+00:00, run_after=2026-06-01 00:00:00+00:00
[2026-05-09T02:19:18.544+0000] {processor.py:183} INFO - Processing /opt/airflow/dags/newyork_fhv_pipeline.py took 0.163 seconds
[2026-05-09T02:19:49.079+0000] {processor.py:161} INFO - Started process (PID=3032) to work on /opt/airflow/dags/newyork_fhv_pipeline.py
[2026-05-09T02:19:49.082+0000] {processor.py:830} INFO - Processing file /opt/airflow/dags/newyork_fhv_pipeline.py for tasks to queue
[2026-05-09T02:19:49.086+0000] {logging_mixin.py:188} INFO - [2026-05-09T02:19:49.085+0000] {dagbag.py:545} INFO - Filling up the DagBag from /opt/airflow/dags/newyork_fhv_pipeline.py
[2026-05-09T02:19:49.129+0000] {processor.py:840} INFO - DAG(s) 'newyork_fhv_pipeline' retrieved from /opt/airflow/dags/newyork_fhv_pipeline.py
[2026-05-09T02:19:49.157+0000] {logging_mixin.py:188} INFO - [2026-05-09T02:19:49.156+0000] {dag.py:3096} INFO - Sync 1 DAGs
[2026-05-09T02:19:49.180+0000] {logging_mixin.py:188} INFO - [2026-05-09T02:19:49.180+0000] {dag.py:3954} INFO - Setting next_dagrun for newyork_fhv_pipeline to 2026-05-01 00:00:00+00:00, run_after=2026-06-01 00:00:00+00:00
[2026-05-09T02:19:49.207+0000] {processor.py:183} INFO - Processing /opt/airflow/dags/newyork_fhv_pipeline.py took 0.137 seconds
[2026-05-09T02:20:19.493+0000] {processor.py:161} INFO - Started process (PID=3043) to work on /opt/airflow/dags/newyork_fhv_pipeline.py
[2026-05-09T02:20:19.495+0000] {processor.py:830} INFO - Processing file /opt/airflow/dags/newyork_fhv_pipeline.py for tasks to queue
[2026-05-09T02:20:19.498+0000] {logging_mixin.py:188} INFO - [2026-05-09T02:20:19.498+0000] {dagbag.py:545} INFO - Filling up the DagBag from /opt/airflow/dags/newyork_fhv_pipeline.py
[2026-05-09T02:20:19.530+0000] {processor.py:840} INFO - DAG(s) 'newyork_fhv_pipeline' retrieved from /opt/airflow/dags/newyork_fhv_pipeline.py
[2026-05-09T02:20:19.555+0000] {logging_mixin.py:188} INFO - [2026-05-09T02:20:19.554+0000] {dag.py:3096} INFO - Sync 1 DAGs
[2026-05-09T02:20:19.578+0000] {logging_mixin.py:188} INFO - [2026-05-09T02:20:19.577+0000] {dag.py:3954} INFO - Setting next_dagrun for newyork_fhv_pipeline to 2026-05-01 00:00:00+00:00, run_after=2026-06-01 00:00:00+00:00
[2026-05-09T02:20:19.603+0000] {processor.py:183} INFO - Processing /opt/airflow/dags/newyork_fhv_pipeline.py took 0.116 seconds
[2026-05-09T02:20:50.191+0000] {processor.py:161} INFO - Started process (PID=3054) to work on /opt/airflow/dags/newyork_fhv_pipeline.py
[2026-05-09T02:20:50.193+0000] {processor.py:830} INFO - Processing file /opt/airflow/dags/newyork_fhv_pipeline.py for tasks to queue
[2026-05-09T02:20:50.198+0000] {logging_mixin.py:188} INFO - [2026-05-09T02:20:50.198+0000] {dagbag.py:545} INFO - Filling up the DagBag from /opt/airflow/dags/newyork_fhv_pipeline.py
[2026-05-09T02:20:50.237+0000] {processor.py:840} INFO - DAG(s) 'newyork_fhv_pipeline' retrieved from /opt/airflow/dags/newyork_fhv_pipeline.py
[2026-05-09T02:20:50.264+0000] {logging_mixin.py:188} INFO - [2026-05-09T02:20:50.264+0000] {dag.py:3096} INFO - Sync 1 DAGs
[2026-05-09T02:20:50.290+0000] {logging_mixin.py:188} INFO - [2026-05-09T02:20:50.290+0000] {dag.py:3954} INFO - Setting next_dagrun for newyork_fhv_pipeline to 2026-05-01 00:00:00+00:00, run_after=2026-06-01 00:00:00+00:00
[2026-05-09T02:20:50.313+0000] {processor.py:183} INFO - Processing /opt/airflow/dags/newyork_fhv_pipeline.py took 0.130 seconds
[2026-05-09T02:21:21.018+0000] {processor.py:161} INFO - Started process (PID=3065) to work on /opt/airflow/dags/newyork_fhv_pipeline.py
[2026-05-09T02:21:21.020+0000] {processor.py:830} INFO - Processing file /opt/airflow/dags/newyork_fhv_pipeline.py for tasks to queue
[2026-05-09T02:21:21.023+0000] {logging_mixin.py:188} INFO - [2026-05-09T02:21:21.022+0000] {dagbag.py:545} INFO - Filling up the DagBag from /opt/airflow/dags/newyork_fhv_pipeline.py
[2026-05-09T02:21:21.068+0000] {processor.py:840} INFO - DAG(s) 'newyork_fhv_pipeline' retrieved from /opt/airflow/dags/newyork_fhv_pipeline.py
[2026-05-09T02:21:21.099+0000] {logging_mixin.py:188} INFO - [2026-05-09T02:21:21.098+0000] {dag.py:3096} INFO - Sync 1 DAGs
[2026-05-09T02:21:21.126+0000] {logging_mixin.py:188} INFO - [2026-05-09T02:21:21.125+0000] {dag.py:3954} INFO - Setting next_dagrun for newyork_fhv_pipeline to 2026-05-01 00:00:00+00:00, run_after=2026-06-01 00:00:00+00:00
[2026-05-09T02:21:21.156+0000] {processor.py:183} INFO - Processing /opt/airflow/dags/newyork_fhv_pipeline.py took 0.148 seconds
[2026-05-09T02:21:51.920+0000] {processor.py:161} INFO - Started process (PID=3076) to work on /opt/airflow/dags/newyork_fhv_pipeline.py
[2026-05-09T02:21:51.923+0000] {processor.py:830} INFO - Processing file /opt/airflow/dags/newyork_fhv_pipeline.py for tasks to queue
[2026-05-09T02:21:51.927+0000] {logging_mixin.py:188} INFO - [2026-05-09T02:21:51.927+0000] {dagbag.py:545} INFO - Filling up the DagBag from /opt/airflow/dags/newyork_fhv_pipeline.py
[2026-05-09T02:21:51.960+0000] {processor.py:840} INFO - DAG(s) 'newyork_fhv_pipeline' retrieved from /opt/airflow/dags/newyork_fhv_pipeline.py
[2026-05-09T02:21:51.982+0000] {logging_mixin.py:188} INFO - [2026-05-09T02:21:51.982+0000] {dag.py:3096} INFO - Sync 1 DAGs
[2026-05-09T02:21:52.011+0000] {logging_mixin.py:188} INFO - [2026-05-09T02:21:52.010+0000] {dag.py:3954} INFO - Setting next_dagrun for newyork_fhv_pipeline to 2026-05-01 00:00:00+00:00, run_after=2026-06-01 00:00:00+00:00
[2026-05-09T02:21:52.031+0000] {processor.py:183} INFO - Processing /opt/airflow/dags/newyork_fhv_pipeline.py took 0.117 seconds
[2026-05-09T02:22:22.789+0000] {processor.py:161} INFO - Started process (PID=3088) to work on /opt/airflow/dags/newyork_fhv_pipeline.py
[2026-05-09T02:22:22.790+0000] {processor.py:830} INFO - Processing file /opt/airflow/dags/newyork_fhv_pipeline.py for tasks to queue
[2026-05-09T02:22:22.793+0000] {logging_mixin.py:188} INFO - [2026-05-09T02:22:22.793+0000] {dagbag.py:545} INFO - Filling up the DagBag from /opt/airflow/dags/newyork_fhv_pipeline.py
[2026-05-09T02:22:22.820+0000] {processor.py:840} INFO - DAG(s) 'newyork_fhv_pipeline' retrieved from /opt/airflow/dags/newyork_fhv_pipeline.py
[2026-05-09T02:22:22.849+0000] {logging_mixin.py:188} INFO - [2026-05-09T02:22:22.849+0000] {dag.py:3096} INFO - Sync 1 DAGs
[2026-05-09T02:22:22.884+0000] {logging_mixin.py:188} INFO - [2026-05-09T02:22:22.884+0000] {dag.py:3954} INFO - Setting next_dagrun for newyork_fhv_pipeline to 2026-05-01 00:00:00+00:00, run_after=2026-06-01 00:00:00+00:00
[2026-05-09T02:22:22.911+0000] {processor.py:183} INFO - Processing /opt/airflow/dags/newyork_fhv_pipeline.py took 0.131 seconds
[2026-05-09T02:22:53.621+0000] {processor.py:161} INFO - Started process (PID=3099) to work on /opt/airflow/dags/newyork_fhv_pipeline.py
[2026-05-09T02:22:53.622+0000] {processor.py:830} INFO - Processing file /opt/airflow/dags/newyork_fhv_pipeline.py for tasks to queue
[2026-05-09T02:22:53.624+0000] {logging_mixin.py:188} INFO - [2026-05-09T02:22:53.623+0000] {dagbag.py:545} INFO - Filling up the DagBag from /opt/airflow/dags/newyork_fhv_pipeline.py
[2026-05-09T02:22:53.663+0000] {processor.py:840} INFO - DAG(s) 'newyork_fhv_pipeline' retrieved from /opt/airflow/dags/newyork_fhv_pipeline.py
[2026-05-09T02:22:53.693+0000] {logging_mixin.py:188} INFO - [2026-05-09T02:22:53.693+0000] {dag.py:3096} INFO - Sync 1 DAGs
[2026-05-09T02:22:53.723+0000] {logging_mixin.py:188} INFO - [2026-05-09T02:22:53.723+0000] {dag.py:3954} INFO - Setting next_dagrun for newyork_fhv_pipeline to 2026-05-01 00:00:00+00:00, run_after=2026-06-01 00:00:00+00:00
[2026-05-09T02:22:53.749+0000] {processor.py:183} INFO - Processing /opt/airflow/dags/newyork_fhv_pipeline.py took 0.136 seconds
[2026-05-09T02:23:24.655+0000] {processor.py:161} INFO - Started process (PID=3110) to work on /opt/airflow/dags/newyork_fhv_pipeline.py
[2026-05-09T02:23:24.657+0000] {processor.py:830} INFO - Processing file /opt/airflow/dags/newyork_fhv_pipeline.py for tasks to queue
[2026-05-09T02:23:24.661+0000] {logging_mixin.py:188} INFO - [2026-05-09T02:23:24.660+0000] {dagbag.py:545} INFO - Filling up the DagBag from /opt/airflow/dags/newyork_fhv_pipeline.py
[2026-05-09T02:23:24.713+0000] {processor.py:840} INFO - DAG(s) 'newyork_fhv_pipeline' retrieved from /opt/airflow/dags/newyork_fhv_pipeline.py
[2026-05-09T02:23:24.753+0000] {logging_mixin.py:188} INFO - [2026-05-09T02:23:24.753+0000] {dag.py:3096} INFO - Sync 1 DAGs
[2026-05-09T02:23:24.796+0000] {logging_mixin.py:188} INFO - [2026-05-09T02:23:24.795+0000] {dag.py:3954} INFO - Setting next_dagrun for newyork_fhv_pipeline to 2026-05-01 00:00:00+00:00, run_after=2026-06-01 00:00:00+00:00
[2026-05-09T02:23:24.843+0000] {processor.py:183} INFO - Processing /opt/airflow/dags/newyork_fhv_pipeline.py took 0.203 seconds
[2026-05-09T02:23:55.033+0000] {processor.py:161} INFO - Started process (PID=3121) to work on /opt/airflow/dags/newyork_fhv_pipeline.py
[2026-05-09T02:23:55.035+0000] {processor.py:830} INFO - Processing file /opt/airflow/dags/newyork_fhv_pipeline.py for tasks to queue
[2026-05-09T02:23:55.039+0000] {logging_mixin.py:188} INFO - [2026-05-09T02:23:55.038+0000] {dagbag.py:545} INFO - Filling up the DagBag from /opt/airflow/dags/newyork_fhv_pipeline.py
[2026-05-09T02:23:55.097+0000] {processor.py:840} INFO - DAG(s) 'newyork_fhv_pipeline' retrieved from /opt/airflow/dags/newyork_fhv_pipeline.py
[2026-05-09T02:23:55.127+0000] {logging_mixin.py:188} INFO - [2026-05-09T02:23:55.127+0000] {dag.py:3096} INFO - Sync 1 DAGs
[2026-05-09T02:23:55.168+0000] {logging_mixin.py:188} INFO - [2026-05-09T02:23:55.168+0000] {dag.py:3954} INFO - Setting next_dagrun for newyork_fhv_pipeline to 2026-05-01 00:00:00+00:00, run_after=2026-06-01 00:00:00+00:00
[2026-05-09T02:23:55.214+0000] {processor.py:183} INFO - Processing /opt/airflow/dags/newyork_fhv_pipeline.py took 0.191 seconds
[2026-05-09T02:24:26.197+0000] {processor.py:161} INFO - Started process (PID=3132) to work on /opt/airflow/dags/newyork_fhv_pipeline.py
[2026-05-09T02:24:26.198+0000] {processor.py:830} INFO - Processing file /opt/airflow/dags/newyork_fhv_pipeline.py for tasks to queue
[2026-05-09T02:24:26.200+0000] {logging_mixin.py:188} INFO - [2026-05-09T02:24:26.200+0000] {dagbag.py:545} INFO - Filling up the DagBag from /opt/airflow/dags/newyork_fhv_pipeline.py
[2026-05-09T02:24:26.223+0000] {processor.py:840} INFO - DAG(s) 'newyork_fhv_pipeline' retrieved from /opt/airflow/dags/newyork_fhv_pipeline.py
[2026-05-09T02:24:26.250+0000] {logging_mixin.py:188} INFO - [2026-05-09T02:24:26.250+0000] {dag.py:3096} INFO - Sync 1 DAGs
[2026-05-09T02:24:26.276+0000] {logging_mixin.py:188} INFO - [2026-05-09T02:24:26.276+0000] {dag.py:3954} INFO - Setting next_dagrun for newyork_fhv_pipeline to 2026-05-01 00:00:00+00:00, run_after=2026-06-01 00:00:00+00:00
[2026-05-09T02:24:26.325+0000] {processor.py:183} INFO - Processing /opt/airflow/dags/newyork_fhv_pipeline.py took 0.134 seconds
[2026-05-09T02:24:57.160+0000] {processor.py:161} INFO - Started process (PID=3143) to work on /opt/airflow/dags/newyork_fhv_pipeline.py
[2026-05-09T02:24:57.162+0000] {processor.py:830} INFO - Processing file /opt/airflow/dags/newyork_fhv_pipeline.py for tasks to queue
[2026-05-09T02:24:57.164+0000] {logging_mixin.py:188} INFO - [2026-05-09T02:24:57.164+0000] {dagbag.py:545} INFO - Filling up the DagBag from /opt/airflow/dags/newyork_fhv_pipeline.py
[2026-05-09T02:24:57.188+0000] {processor.py:840} INFO - DAG(s) 'newyork_fhv_pipeline' retrieved from /opt/airflow/dags/newyork_fhv_pipeline.py
[2026-05-09T02:24:57.216+0000] {logging_mixin.py:188} INFO - [2026-05-09T02:24:57.215+0000] {dag.py:3096} INFO - Sync 1 DAGs
[2026-05-09T02:24:57.243+0000] {logging_mixin.py:188} INFO - [2026-05-09T02:24:57.242+0000] {dag.py:3954} INFO - Setting next_dagrun for newyork_fhv_pipeline to 2026-05-01 00:00:00+00:00, run_after=2026-06-01 00:00:00+00:00
[2026-05-09T02:24:57.267+0000] {processor.py:183} INFO - Processing /opt/airflow/dags/newyork_fhv_pipeline.py took 0.115 seconds
[2026-05-09T02:25:28.131+0000] {processor.py:161} INFO - Started process (PID=3154) to work on /opt/airflow/dags/newyork_fhv_pipeline.py
[2026-05-09T02:25:28.133+0000] {processor.py:830} INFO - Processing file /opt/airflow/dags/newyork_fhv_pipeline.py for tasks to queue
[2026-05-09T02:25:28.135+0000] {logging_mixin.py:188} INFO - [2026-05-09T02:25:28.134+0000] {dagbag.py:545} INFO - Filling up the DagBag from /opt/airflow/dags/newyork_fhv_pipeline.py
[2026-05-09T02:25:28.185+0000] {processor.py:840} INFO - DAG(s) 'newyork_fhv_pipeline' retrieved from /opt/airflow/dags/newyork_fhv_pipeline.py
[2026-05-09T02:25:28.222+0000] {logging_mixin.py:188} INFO - [2026-05-09T02:25:28.221+0000] {dag.py:3096} INFO - Sync 1 DAGs
[2026-05-09T02:25:28.249+0000] {logging_mixin.py:188} INFO - [2026-05-09T02:25:28.249+0000] {dag.py:3954} INFO - Setting next_dagrun for newyork_fhv_pipeline to 2026-05-01 00:00:00+00:00, run_after=2026-06-01 00:00:00+00:00
[2026-05-09T02:25:28.275+0000] {processor.py:183} INFO - Processing /opt/airflow/dags/newyork_fhv_pipeline.py took 0.151 seconds
[2026-05-09T02:25:59.093+0000] {processor.py:161} INFO - Started process (PID=3165) to work on /opt/airflow/dags/newyork_fhv_pipeline.py
[2026-05-09T02:25:59.095+0000] {processor.py:830} INFO - Processing file /opt/airflow/dags/newyork_fhv_pipeline.py for tasks to queue
[2026-05-09T02:25:59.098+0000] {logging_mixin.py:188} INFO - [2026-05-09T02:25:59.097+0000] {dagbag.py:545} INFO - Filling up the DagBag from /opt/airflow/dags/newyork_fhv_pipeline.py
[2026-05-09T02:25:59.141+0000] {processor.py:840} INFO - DAG(s) 'newyork_fhv_pipeline' retrieved from /opt/airflow/dags/newyork_fhv_pipeline.py
[2026-05-09T02:25:59.170+0000] {logging_mixin.py:188} INFO - [2026-05-09T02:25:59.170+0000] {dag.py:3096} INFO - Sync 1 DAGs
[2026-05-09T02:25:59.196+0000] {logging_mixin.py:188} INFO - [2026-05-09T02:25:59.195+0000] {dag.py:3954} INFO - Setting next_dagrun for newyork_fhv_pipeline to 2026-05-01 00:00:00+00:00, run_after=2026-06-01 00:00:00+00:00
[2026-05-09T02:25:59.225+0000] {processor.py:183} INFO - Processing /opt/airflow/dags/newyork_fhv_pipeline.py took 0.139 seconds
[2026-05-09T02:26:30.075+0000] {processor.py:161} INFO - Started process (PID=3176) to work on /opt/airflow/dags/newyork_fhv_pipeline.py
[2026-05-09T02:26:30.076+0000] {processor.py:830} INFO - Processing file /opt/airflow/dags/newyork_fhv_pipeline.py for tasks to queue
[2026-05-09T02:26:30.079+0000] {logging_mixin.py:188} INFO - [2026-05-09T02:26:30.078+0000] {dagbag.py:545} INFO - Filling up the DagBag from /opt/airflow/dags/newyork_fhv_pipeline.py
[2026-05-09T02:26:30.103+0000] {processor.py:840} INFO - DAG(s) 'newyork_fhv_pipeline' retrieved from /opt/airflow/dags/newyork_fhv_pipeline.py
[2026-05-09T02:26:30.127+0000] {logging_mixin.py:188} INFO - [2026-05-09T02:26:30.126+0000] {dag.py:3096} INFO - Sync 1 DAGs
[2026-05-09T02:26:30.152+0000] {logging_mixin.py:188} INFO - [2026-05-09T02:26:30.152+0000] {dag.py:3954} INFO - Setting next_dagrun for newyork_fhv_pipeline to 2026-05-01 00:00:00+00:00, run_after=2026-06-01 00:00:00+00:00
[2026-05-09T02:26:30.191+0000] {processor.py:183} INFO - Processing /opt/airflow/dags/newyork_fhv_pipeline.py took 0.123 seconds
[2026-05-09T02:27:00.501+0000] {processor.py:161} INFO - Started process (PID=3187) to work on /opt/airflow/dags/newyork_fhv_pipeline.py
[2026-05-09T02:27:00.504+0000] {processor.py:830} INFO - Processing file /opt/airflow/dags/newyork_fhv_pipeline.py for tasks to queue
[2026-05-09T02:27:00.508+0000] {logging_mixin.py:188} INFO - [2026-05-09T02:27:00.507+0000] {dagbag.py:545} INFO - Filling up the DagBag from /opt/airflow/dags/newyork_fhv_pipeline.py
[2026-05-09T02:27:00.564+0000] {processor.py:840} INFO - DAG(s) 'newyork_fhv_pipeline' retrieved from /opt/airflow/dags/newyork_fhv_pipeline.py
[2026-05-09T02:27:00.604+0000] {logging_mixin.py:188} INFO - [2026-05-09T02:27:00.604+0000] {dag.py:3096} INFO - Sync 1 DAGs
[2026-05-09T02:27:00.631+0000] {logging_mixin.py:188} INFO - [2026-05-09T02:27:00.631+0000] {dag.py:3954} INFO - Setting next_dagrun for newyork_fhv_pipeline to 2026-05-01 00:00:00+00:00, run_after=2026-06-01 00:00:00+00:00
[2026-05-09T02:27:00.670+0000] {processor.py:183} INFO - Processing /opt/airflow/dags/newyork_fhv_pipeline.py took 0.180 seconds
[2026-05-09T02:27:30.723+0000] {processor.py:161} INFO - Started process (PID=3198) to work on /opt/airflow/dags/newyork_fhv_pipeline.py
[2026-05-09T02:27:30.725+0000] {processor.py:830} INFO - Processing file /opt/airflow/dags/newyork_fhv_pipeline.py for tasks to queue
[2026-05-09T02:27:30.727+0000] {logging_mixin.py:188} INFO - [2026-05-09T02:27:30.727+0000] {dagbag.py:545} INFO - Filling up the DagBag from /opt/airflow/dags/newyork_fhv_pipeline.py
[2026-05-09T02:27:30.762+0000] {processor.py:840} INFO - DAG(s) 'newyork_fhv_pipeline' retrieved from /opt/airflow/dags/newyork_fhv_pipeline.py
[2026-05-09T02:27:30.794+0000] {logging_mixin.py:188} INFO - [2026-05-09T02:27:30.793+0000] {dag.py:3096} INFO - Sync 1 DAGs
[2026-05-09T02:27:30.819+0000] {logging_mixin.py:188} INFO - [2026-05-09T02:27:30.818+0000] {dag.py:3954} INFO - Setting next_dagrun for newyork_fhv_pipeline to 2026-05-01 00:00:00+00:00, run_after=2026-06-01 00:00:00+00:00
[2026-05-09T02:27:30.849+0000] {processor.py:183} INFO - Processing /opt/airflow/dags/newyork_fhv_pipeline.py took 0.133 seconds
[2026-05-09T02:28:01.523+0000] {processor.py:161} INFO - Started process (PID=3209) to work on /opt/airflow/dags/newyork_fhv_pipeline.py
[2026-05-09T02:28:01.525+0000] {processor.py:830} INFO - Processing file /opt/airflow/dags/newyork_fhv_pipeline.py for tasks to queue
[2026-05-09T02:28:01.529+0000] {logging_mixin.py:188} INFO - [2026-05-09T02:28:01.529+0000] {dagbag.py:545} INFO - Filling up the DagBag from /opt/airflow/dags/newyork_fhv_pipeline.py
[2026-05-09T02:28:01.569+0000] {processor.py:840} INFO - DAG(s) 'newyork_fhv_pipeline' retrieved from /opt/airflow/dags/newyork_fhv_pipeline.py
[2026-05-09T02:28:01.596+0000] {logging_mixin.py:188} INFO - [2026-05-09T02:28:01.595+0000] {dag.py:3096} INFO - Sync 1 DAGs
[2026-05-09T02:28:01.623+0000] {logging_mixin.py:188} INFO - [2026-05-09T02:28:01.623+0000] {dag.py:3954} INFO - Setting next_dagrun for newyork_fhv_pipeline to 2026-05-01 00:00:00+00:00, run_after=2026-06-01 00:00:00+00:00
[2026-05-09T02:28:01.648+0000] {processor.py:183} INFO - Processing /opt/airflow/dags/newyork_fhv_pipeline.py took 0.139 seconds
[2026-05-09T02:28:32.363+0000] {processor.py:161} INFO - Started process (PID=3220) to work on /opt/airflow/dags/newyork_fhv_pipeline.py
[2026-05-09T02:28:32.364+0000] {processor.py:830} INFO - Processing file /opt/airflow/dags/newyork_fhv_pipeline.py for tasks to queue
[2026-05-09T02:28:32.367+0000] {logging_mixin.py:188} INFO - [2026-05-09T02:28:32.366+0000] {dagbag.py:545} INFO - Filling up the DagBag from /opt/airflow/dags/newyork_fhv_pipeline.py
[2026-05-09T02:28:32.400+0000] {processor.py:840} INFO - DAG(s) 'newyork_fhv_pipeline' retrieved from /opt/airflow/dags/newyork_fhv_pipeline.py
[2026-05-09T02:28:32.429+0000] {logging_mixin.py:188} INFO - [2026-05-09T02:28:32.429+0000] {dag.py:3096} INFO - Sync 1 DAGs
[2026-05-09T02:28:32.457+0000] {logging_mixin.py:188} INFO - [2026-05-09T02:28:32.457+0000] {dag.py:3954} INFO - Setting next_dagrun for newyork_fhv_pipeline to 2026-05-01 00:00:00+00:00, run_after=2026-06-01 00:00:00+00:00
[2026-05-09T02:28:32.480+0000] {processor.py:183} INFO - Processing /opt/airflow/dags/newyork_fhv_pipeline.py took 0.134 seconds
[2026-05-09T02:29:03.436+0000] {processor.py:161} INFO - Started process (PID=3231) to work on /opt/airflow/dags/newyork_fhv_pipeline.py
[2026-05-09T02:29:03.438+0000] {processor.py:830} INFO - Processing file /opt/airflow/dags/newyork_fhv_pipeline.py for tasks to queue
[2026-05-09T02:29:03.440+0000] {logging_mixin.py:188} INFO - [2026-05-09T02:29:03.440+0000] {dagbag.py:545} INFO - Filling up the DagBag from /opt/airflow/dags/newyork_fhv_pipeline.py
[2026-05-09T02:29:03.480+0000] {processor.py:840} INFO - DAG(s) 'newyork_fhv_pipeline' retrieved from /opt/airflow/dags/newyork_fhv_pipeline.py
[2026-05-09T02:29:03.504+0000] {logging_mixin.py:188} INFO - [2026-05-09T02:29:03.504+0000] {dag.py:3096} INFO - Sync 1 DAGs
[2026-05-09T02:29:03.531+0000] {logging_mixin.py:188} INFO - [2026-05-09T02:29:03.531+0000] {dag.py:3954} INFO - Setting next_dagrun for newyork_fhv_pipeline to 2026-05-01 00:00:00+00:00, run_after=2026-06-01 00:00:00+00:00
[2026-05-09T02:29:03.563+0000] {processor.py:183} INFO - Processing /opt/airflow/dags/newyork_fhv_pipeline.py took 0.135 seconds
[2026-05-09T02:29:34.318+0000] {processor.py:161} INFO - Started process (PID=3242) to work on /opt/airflow/dags/newyork_fhv_pipeline.py
[2026-05-09T02:29:34.320+0000] {processor.py:830} INFO - Processing file /opt/airflow/dags/newyork_fhv_pipeline.py for tasks to queue
[2026-05-09T02:29:34.323+0000] {logging_mixin.py:188} INFO - [2026-05-09T02:29:34.322+0000] {dagbag.py:545} INFO - Filling up the DagBag from /opt/airflow/dags/newyork_fhv_pipeline.py
[2026-05-09T02:29:34.366+0000] {processor.py:840} INFO - DAG(s) 'newyork_fhv_pipeline' retrieved from /opt/airflow/dags/newyork_fhv_pipeline.py
[2026-05-09T02:29:34.394+0000] {logging_mixin.py:188} INFO - [2026-05-09T02:29:34.394+0000] {dag.py:3096} INFO - Sync 1 DAGs
[2026-05-09T02:29:34.420+0000] {logging_mixin.py:188} INFO - [2026-05-09T02:29:34.419+0000] {dag.py:3954} INFO - Setting next_dagrun for newyork_fhv_pipeline to 2026-05-01 00:00:00+00:00, run_after=2026-06-01 00:00:00+00:00
[2026-05-09T02:29:34.444+0000] {processor.py:183} INFO - Processing /opt/airflow/dags/newyork_fhv_pipeline.py took 0.133 seconds
[2026-05-09T02:30:05.262+0000] {processor.py:161} INFO - Started process (PID=3253) to work on /opt/airflow/dags/newyork_fhv_pipeline.py
[2026-05-09T02:30:05.264+0000] {processor.py:830} INFO - Processing file /opt/airflow/dags/newyork_fhv_pipeline.py for tasks to queue
[2026-05-09T02:30:05.267+0000] {logging_mixin.py:188} INFO - [2026-05-09T02:30:05.267+0000] {dagbag.py:545} INFO - Filling up the DagBag from /opt/airflow/dags/newyork_fhv_pipeline.py
[2026-05-09T02:30:05.311+0000] {processor.py:840} INFO - DAG(s) 'newyork_fhv_pipeline' retrieved from /opt/airflow/dags/newyork_fhv_pipeline.py
[2026-05-09T02:30:05.337+0000] {logging_mixin.py:188} INFO - [2026-05-09T02:30:05.336+0000] {dag.py:3096} INFO - Sync 1 DAGs
[2026-05-09T02:30:05.370+0000] {logging_mixin.py:188} INFO - [2026-05-09T02:30:05.370+0000] {dag.py:3954} INFO - Setting next_dagrun for newyork_fhv_pipeline to 2026-05-01 00:00:00+00:00, run_after=2026-06-01 00:00:00+00:00
[2026-05-09T02:30:05.411+0000] {processor.py:183} INFO - Processing /opt/airflow/dags/newyork_fhv_pipeline.py took 0.158 seconds
[2026-05-09T02:30:36.213+0000] {processor.py:161} INFO - Started process (PID=3264) to work on /opt/airflow/dags/newyork_fhv_pipeline.py
[2026-05-09T02:30:36.215+0000] {processor.py:830} INFO - Processing file /opt/airflow/dags/newyork_fhv_pipeline.py for tasks to queue
[2026-05-09T02:30:36.217+0000] {logging_mixin.py:188} INFO - [2026-05-09T02:30:36.217+0000] {dagbag.py:545} INFO - Filling up the DagBag from /opt/airflow/dags/newyork_fhv_pipeline.py
[2026-05-09T02:30:36.249+0000] {processor.py:840} INFO - DAG(s) 'newyork_fhv_pipeline' retrieved from /opt/airflow/dags/newyork_fhv_pipeline.py
[2026-05-09T02:30:36.276+0000] {logging_mixin.py:188} INFO - [2026-05-09T02:30:36.276+0000] {dag.py:3096} INFO - Sync 1 DAGs
[2026-05-09T02:30:36.305+0000] {logging_mixin.py:188} INFO - [2026-05-09T02:30:36.305+0000] {dag.py:3954} INFO - Setting next_dagrun for newyork_fhv_pipeline to 2026-05-01 00:00:00+00:00, run_after=2026-06-01 00:00:00+00:00
[2026-05-09T02:30:36.330+0000] {processor.py:183} INFO - Processing /opt/airflow/dags/newyork_fhv_pipeline.py took 0.125 seconds
[2026-05-09T02:31:07.095+0000] {processor.py:161} INFO - Started process (PID=3275) to work on /opt/airflow/dags/newyork_fhv_pipeline.py
[2026-05-09T02:31:07.098+0000] {processor.py:830} INFO - Processing file /opt/airflow/dags/newyork_fhv_pipeline.py for tasks to queue
[2026-05-09T02:31:07.103+0000] {logging_mixin.py:188} INFO - [2026-05-09T02:31:07.102+0000] {dagbag.py:545} INFO - Filling up the DagBag from /opt/airflow/dags/newyork_fhv_pipeline.py
[2026-05-09T02:31:07.152+0000] {processor.py:840} INFO - DAG(s) 'newyork_fhv_pipeline' retrieved from /opt/airflow/dags/newyork_fhv_pipeline.py
[2026-05-09T02:31:07.184+0000] {logging_mixin.py:188} INFO - [2026-05-09T02:31:07.183+0000] {dag.py:3096} INFO - Sync 1 DAGs
[2026-05-09T02:31:07.218+0000] {logging_mixin.py:188} INFO - [2026-05-09T02:31:07.217+0000] {dag.py:3954} INFO - Setting next_dagrun for newyork_fhv_pipeline to 2026-05-01 00:00:00+00:00, run_after=2026-06-01 00:00:00+00:00
[2026-05-09T02:31:07.253+0000] {processor.py:183} INFO - Processing /opt/airflow/dags/newyork_fhv_pipeline.py took 0.172 seconds
[2026-05-09T02:31:38.076+0000] {processor.py:161} INFO - Started process (PID=3286) to work on /opt/airflow/dags/newyork_fhv_pipeline.py
[2026-05-09T02:31:38.078+0000] {processor.py:830} INFO - Processing file /opt/airflow/dags/newyork_fhv_pipeline.py for tasks to queue
[2026-05-09T02:31:38.081+0000] {logging_mixin.py:188} INFO - [2026-05-09T02:31:38.080+0000] {dagbag.py:545} INFO - Filling up the DagBag from /opt/airflow/dags/newyork_fhv_pipeline.py
[2026-05-09T02:31:38.127+0000] {processor.py:840} INFO - DAG(s) 'newyork_fhv_pipeline' retrieved from /opt/airflow/dags/newyork_fhv_pipeline.py
[2026-05-09T02:31:38.162+0000] {logging_mixin.py:188} INFO - [2026-05-09T02:31:38.162+0000] {dag.py:3096} INFO - Sync 1 DAGs
[2026-05-09T02:31:38.189+0000] {logging_mixin.py:188} INFO - [2026-05-09T02:31:38.189+0000] {dag.py:3954} INFO - Setting next_dagrun for newyork_fhv_pipeline to 2026-05-01 00:00:00+00:00, run_after=2026-06-01 00:00:00+00:00
[2026-05-09T02:31:38.215+0000] {processor.py:183} INFO - Processing /opt/airflow/dags/newyork_fhv_pipeline.py took 0.148 seconds
[2026-05-09T02:32:09.094+0000] {processor.py:161} INFO - Started process (PID=3297) to work on /opt/airflow/dags/newyork_fhv_pipeline.py
[2026-05-09T02:32:09.097+0000] {processor.py:830} INFO - Processing file /opt/airflow/dags/newyork_fhv_pipeline.py for tasks to queue
[2026-05-09T02:32:09.100+0000] {logging_mixin.py:188} INFO - [2026-05-09T02:32:09.100+0000] {dagbag.py:545} INFO - Filling up the DagBag from /opt/airflow/dags/newyork_fhv_pipeline.py
[2026-05-09T02:32:09.150+0000] {processor.py:840} INFO - DAG(s) 'newyork_fhv_pipeline' retrieved from /opt/airflow/dags/newyork_fhv_pipeline.py
[2026-05-09T02:32:09.178+0000] {logging_mixin.py:188} INFO - [2026-05-09T02:32:09.177+0000] {dag.py:3096} INFO - Sync 1 DAGs
[2026-05-09T02:32:09.209+0000] {logging_mixin.py:188} INFO - [2026-05-09T02:32:09.209+0000] {dag.py:3954} INFO - Setting next_dagrun for newyork_fhv_pipeline to 2026-05-01 00:00:00+00:00, run_after=2026-06-01 00:00:00+00:00
[2026-05-09T02:32:09.240+0000] {processor.py:183} INFO - Processing /opt/airflow/dags/newyork_fhv_pipeline.py took 0.155 seconds
[2026-05-09T02:32:40.273+0000] {processor.py:161} INFO - Started process (PID=3308) to work on /opt/airflow/dags/newyork_fhv_pipeline.py
[2026-05-09T02:32:40.274+0000] {processor.py:830} INFO - Processing file /opt/airflow/dags/newyork_fhv_pipeline.py for tasks to queue
[2026-05-09T02:32:40.277+0000] {logging_mixin.py:188} INFO - [2026-05-09T02:32:40.277+0000] {dagbag.py:545} INFO - Filling up the DagBag from /opt/airflow/dags/newyork_fhv_pipeline.py
[2026-05-09T02:32:40.312+0000] {processor.py:840} INFO - DAG(s) 'newyork_fhv_pipeline' retrieved from /opt/airflow/dags/newyork_fhv_pipeline.py
[2026-05-09T02:32:40.339+0000] {logging_mixin.py:188} INFO - [2026-05-09T02:32:40.339+0000] {dag.py:3096} INFO - Sync 1 DAGs
[2026-05-09T02:32:40.363+0000] {logging_mixin.py:188} INFO - [2026-05-09T02:32:40.363+0000] {dag.py:3954} INFO - Setting next_dagrun for newyork_fhv_pipeline to 2026-05-01 00:00:00+00:00, run_after=2026-06-01 00:00:00+00:00
[2026-05-09T02:32:40.400+0000] {processor.py:183} INFO - Processing /opt/airflow/dags/newyork_fhv_pipeline.py took 0.136 seconds
[2026-05-09T02:33:11.104+0000] {processor.py:161} INFO - Started process (PID=3319) to work on /opt/airflow/dags/newyork_fhv_pipeline.py
[2026-05-09T02:33:11.105+0000] {processor.py:830} INFO - Processing file /opt/airflow/dags/newyork_fhv_pipeline.py for tasks to queue
[2026-05-09T02:33:11.108+0000] {logging_mixin.py:188} INFO - [2026-05-09T02:33:11.107+0000] {dagbag.py:545} INFO - Filling up the DagBag from /opt/airflow/dags/newyork_fhv_pipeline.py
[2026-05-09T02:33:11.146+0000] {processor.py:840} INFO - DAG(s) 'newyork_fhv_pipeline' retrieved from /opt/airflow/dags/newyork_fhv_pipeline.py
[2026-05-09T02:33:11.171+0000] {logging_mixin.py:188} INFO - [2026-05-09T02:33:11.171+0000] {dag.py:3096} INFO - Sync 1 DAGs
[2026-05-09T02:33:11.198+0000] {logging_mixin.py:188} INFO - [2026-05-09T02:33:11.197+0000] {dag.py:3954} INFO - Setting next_dagrun for newyork_fhv_pipeline to 2026-05-01 00:00:00+00:00, run_after=2026-06-01 00:00:00+00:00
[2026-05-09T02:33:11.228+0000] {processor.py:183} INFO - Processing /opt/airflow/dags/newyork_fhv_pipeline.py took 0.131 seconds
[2026-05-09T02:33:42.138+0000] {processor.py:161} INFO - Started process (PID=3330) to work on /opt/airflow/dags/newyork_fhv_pipeline.py
[2026-05-09T02:33:42.139+0000] {processor.py:830} INFO - Processing file /opt/airflow/dags/newyork_fhv_pipeline.py for tasks to queue
[2026-05-09T02:33:42.142+0000] {logging_mixin.py:188} INFO - [2026-05-09T02:33:42.142+0000] {dagbag.py:545} INFO - Filling up the DagBag from /opt/airflow/dags/newyork_fhv_pipeline.py
[2026-05-09T02:33:42.193+0000] {processor.py:840} INFO - DAG(s) 'newyork_fhv_pipeline' retrieved from /opt/airflow/dags/newyork_fhv_pipeline.py
[2026-05-09T02:33:42.240+0000] {logging_mixin.py:188} INFO - [2026-05-09T02:33:42.239+0000] {dag.py:3096} INFO - Sync 1 DAGs
[2026-05-09T02:33:42.281+0000] {logging_mixin.py:188} INFO - [2026-05-09T02:33:42.280+0000] {dag.py:3954} INFO - Setting next_dagrun for newyork_fhv_pipeline to 2026-05-01 00:00:00+00:00, run_after=2026-06-01 00:00:00+00:00
[2026-05-09T02:33:42.317+0000] {processor.py:183} INFO - Processing /opt/airflow/dags/newyork_fhv_pipeline.py took 0.186 seconds
[2026-05-09T02:34:13.337+0000] {processor.py:161} INFO - Started process (PID=3347) to work on /opt/airflow/dags/newyork_fhv_pipeline.py
[2026-05-09T02:34:13.338+0000] {processor.py:830} INFO - Processing file /opt/airflow/dags/newyork_fhv_pipeline.py for tasks to queue
[2026-05-09T02:34:13.341+0000] {logging_mixin.py:188} INFO - [2026-05-09T02:34:13.341+0000] {dagbag.py:545} INFO - Filling up the DagBag from /opt/airflow/dags/newyork_fhv_pipeline.py
[2026-05-09T02:34:13.374+0000] {processor.py:840} INFO - DAG(s) 'newyork_fhv_pipeline' retrieved from /opt/airflow/dags/newyork_fhv_pipeline.py
[2026-05-09T02:34:13.409+0000] {logging_mixin.py:188} INFO - [2026-05-09T02:34:13.409+0000] {dag.py:3096} INFO - Sync 1 DAGs
[2026-05-09T02:34:13.441+0000] {logging_mixin.py:188} INFO - [2026-05-09T02:34:13.440+0000] {dag.py:3954} INFO - Setting next_dagrun for newyork_fhv_pipeline to 2026-05-01 00:00:00+00:00, run_after=2026-06-01 00:00:00+00:00
[2026-05-09T02:34:13.468+0000] {processor.py:183} INFO - Processing /opt/airflow/dags/newyork_fhv_pipeline.py took 0.139 seconds
[2026-05-09T02:34:44.284+0000] {processor.py:161} INFO - Started process (PID=3359) to work on /opt/airflow/dags/newyork_fhv_pipeline.py
[2026-05-09T02:34:44.286+0000] {processor.py:830} INFO - Processing file /opt/airflow/dags/newyork_fhv_pipeline.py for tasks to queue
[2026-05-09T02:34:44.289+0000] {logging_mixin.py:188} INFO - [2026-05-09T02:34:44.289+0000] {dagbag.py:545} INFO - Filling up the DagBag from /opt/airflow/dags/newyork_fhv_pipeline.py
[2026-05-09T02:34:44.327+0000] {processor.py:840} INFO - DAG(s) 'newyork_fhv_pipeline' retrieved from /opt/airflow/dags/newyork_fhv_pipeline.py
[2026-05-09T02:34:44.352+0000] {logging_mixin.py:188} INFO - [2026-05-09T02:34:44.351+0000] {dag.py:3096} INFO - Sync 1 DAGs
[2026-05-09T02:34:44.378+0000] {logging_mixin.py:188} INFO - [2026-05-09T02:34:44.378+0000] {dag.py:3954} INFO - Setting next_dagrun for newyork_fhv_pipeline to 2026-05-01 00:00:00+00:00, run_after=2026-06-01 00:00:00+00:00
[2026-05-09T02:34:44.405+0000] {processor.py:183} INFO - Processing /opt/airflow/dags/newyork_fhv_pipeline.py took 0.129 seconds
[2026-05-09T02:35:15.240+0000] {processor.py:161} INFO - Started process (PID=3370) to work on /opt/airflow/dags/newyork_fhv_pipeline.py
[2026-05-09T02:35:15.243+0000] {processor.py:830} INFO - Processing file /opt/airflow/dags/newyork_fhv_pipeline.py for tasks to queue
[2026-05-09T02:35:15.247+0000] {logging_mixin.py:188} INFO - [2026-05-09T02:35:15.247+0000] {dagbag.py:545} INFO - Filling up the DagBag from /opt/airflow/dags/newyork_fhv_pipeline.py
[2026-05-09T02:35:15.301+0000] {processor.py:840} INFO - DAG(s) 'newyork_fhv_pipeline' retrieved from /opt/airflow/dags/newyork_fhv_pipeline.py
[2026-05-09T02:35:15.332+0000] {logging_mixin.py:188} INFO - [2026-05-09T02:35:15.331+0000] {dag.py:3096} INFO - Sync 1 DAGs
[2026-05-09T02:35:15.359+0000] {logging_mixin.py:188} INFO - [2026-05-09T02:35:15.359+0000] {dag.py:3954} INFO - Setting next_dagrun for newyork_fhv_pipeline to 2026-05-01 00:00:00+00:00, run_after=2026-06-01 00:00:00+00:00
[2026-05-09T02:35:15.386+0000] {processor.py:183} INFO - Processing /opt/airflow/dags/newyork_fhv_pipeline.py took 0.160 seconds
[2026-05-09T02:35:45.495+0000] {processor.py:161} INFO - Started process (PID=3381) to work on /opt/airflow/dags/newyork_fhv_pipeline.py
[2026-05-09T02:35:45.498+0000] {processor.py:830} INFO - Processing file /opt/airflow/dags/newyork_fhv_pipeline.py for tasks to queue
[2026-05-09T02:35:45.502+0000] {logging_mixin.py:188} INFO - [2026-05-09T02:35:45.502+0000] {dagbag.py:545} INFO - Filling up the DagBag from /opt/airflow/dags/newyork_fhv_pipeline.py
[2026-05-09T02:35:45.547+0000] {processor.py:840} INFO - DAG(s) 'newyork_fhv_pipeline' retrieved from /opt/airflow/dags/newyork_fhv_pipeline.py
[2026-05-09T02:35:45.578+0000] {logging_mixin.py:188} INFO - [2026-05-09T02:35:45.578+0000] {dag.py:3096} INFO - Sync 1 DAGs
[2026-05-09T02:35:45.605+0000] {logging_mixin.py:188} INFO - [2026-05-09T02:35:45.605+0000] {dag.py:3954} INFO - Setting next_dagrun for newyork_fhv_pipeline to 2026-05-01 00:00:00+00:00, run_after=2026-06-01 00:00:00+00:00
[2026-05-09T02:35:45.636+0000] {processor.py:183} INFO - Processing /opt/airflow/dags/newyork_fhv_pipeline.py took 0.154 seconds
[2026-05-09T02:36:16.509+0000] {processor.py:161} INFO - Started process (PID=3392) to work on /opt/airflow/dags/newyork_fhv_pipeline.py
[2026-05-09T02:36:16.511+0000] {processor.py:830} INFO - Processing file /opt/airflow/dags/newyork_fhv_pipeline.py for tasks to queue
[2026-05-09T02:36:16.514+0000] {logging_mixin.py:188} INFO - [2026-05-09T02:36:16.514+0000] {dagbag.py:545} INFO - Filling up the DagBag from /opt/airflow/dags/newyork_fhv_pipeline.py
[2026-05-09T02:36:16.568+0000] {processor.py:840} INFO - DAG(s) 'newyork_fhv_pipeline' retrieved from /opt/airflow/dags/newyork_fhv_pipeline.py
[2026-05-09T02:36:16.599+0000] {logging_mixin.py:188} INFO - [2026-05-09T02:36:16.598+0000] {dag.py:3096} INFO - Sync 1 DAGs
[2026-05-09T02:36:16.627+0000] {logging_mixin.py:188} INFO - [2026-05-09T02:36:16.627+0000] {dag.py:3954} INFO - Setting next_dagrun for newyork_fhv_pipeline to 2026-05-01 00:00:00+00:00, run_after=2026-06-01 00:00:00+00:00
[2026-05-09T02:36:16.652+0000] {processor.py:183} INFO - Processing /opt/airflow/dags/newyork_fhv_pipeline.py took 0.154 seconds
[2026-05-09T02:36:47.557+0000] {processor.py:161} INFO - Started process (PID=3403) to work on /opt/airflow/dags/newyork_fhv_pipeline.py
[2026-05-09T02:36:47.558+0000] {processor.py:830} INFO - Processing file /opt/airflow/dags/newyork_fhv_pipeline.py for tasks to queue
[2026-05-09T02:36:47.561+0000] {logging_mixin.py:188} INFO - [2026-05-09T02:36:47.561+0000] {dagbag.py:545} INFO - Filling up the DagBag from /opt/airflow/dags/newyork_fhv_pipeline.py
[2026-05-09T02:36:47.604+0000] {processor.py:840} INFO - DAG(s) 'newyork_fhv_pipeline' retrieved from /opt/airflow/dags/newyork_fhv_pipeline.py
[2026-05-09T02:36:47.637+0000] {logging_mixin.py:188} INFO - [2026-05-09T02:36:47.637+0000] {dag.py:3096} INFO - Sync 1 DAGs
[2026-05-09T02:36:47.665+0000] {logging_mixin.py:188} INFO - [2026-05-09T02:36:47.664+0000] {dag.py:3954} INFO - Setting next_dagrun for newyork_fhv_pipeline to 2026-05-01 00:00:00+00:00, run_after=2026-06-01 00:00:00+00:00
[2026-05-09T02:36:47.687+0000] {processor.py:183} INFO - Processing /opt/airflow/dags/newyork_fhv_pipeline.py took 0.138 seconds
[2026-05-09T02:37:18.470+0000] {processor.py:161} INFO - Started process (PID=3414) to work on /opt/airflow/dags/newyork_fhv_pipeline.py
[2026-05-09T02:37:18.472+0000] {processor.py:830} INFO - Processing file /opt/airflow/dags/newyork_fhv_pipeline.py for tasks to queue
[2026-05-09T02:37:18.474+0000] {logging_mixin.py:188} INFO - [2026-05-09T02:37:18.474+0000] {dagbag.py:545} INFO - Filling up the DagBag from /opt/airflow/dags/newyork_fhv_pipeline.py
[2026-05-09T02:37:18.498+0000] {processor.py:840} INFO - DAG(s) 'newyork_fhv_pipeline' retrieved from /opt/airflow/dags/newyork_fhv_pipeline.py
[2026-05-09T02:37:18.528+0000] {logging_mixin.py:188} INFO - [2026-05-09T02:37:18.528+0000] {dag.py:3096} INFO - Sync 1 DAGs
[2026-05-09T02:37:18.557+0000] {logging_mixin.py:188} INFO - [2026-05-09T02:37:18.556+0000] {dag.py:3954} INFO - Setting next_dagrun for newyork_fhv_pipeline to 2026-05-01 00:00:00+00:00, run_after=2026-06-01 00:00:00+00:00
[2026-05-09T02:37:18.586+0000] {processor.py:183} INFO - Processing /opt/airflow/dags/newyork_fhv_pipeline.py took 0.122 seconds
[2026-05-09T02:37:49.356+0000] {processor.py:161} INFO - Started process (PID=3425) to work on /opt/airflow/dags/newyork_fhv_pipeline.py
[2026-05-09T02:37:49.358+0000] {processor.py:830} INFO - Processing file /opt/airflow/dags/newyork_fhv_pipeline.py for tasks to queue
[2026-05-09T02:37:49.363+0000] {logging_mixin.py:188} INFO - [2026-05-09T02:37:49.362+0000] {dagbag.py:545} INFO - Filling up the DagBag from /opt/airflow/dags/newyork_fhv_pipeline.py
[2026-05-09T02:37:49.410+0000] {processor.py:840} INFO - DAG(s) 'newyork_fhv_pipeline' retrieved from /opt/airflow/dags/newyork_fhv_pipeline.py
[2026-05-09T02:37:49.440+0000] {logging_mixin.py:188} INFO - [2026-05-09T02:37:49.440+0000] {dag.py:3096} INFO - Sync 1 DAGs
[2026-05-09T02:37:49.468+0000] {logging_mixin.py:188} INFO - [2026-05-09T02:37:49.467+0000] {dag.py:3954} INFO - Setting next_dagrun for newyork_fhv_pipeline to 2026-05-01 00:00:00+00:00, run_after=2026-06-01 00:00:00+00:00
[2026-05-09T02:37:49.497+0000] {processor.py:183} INFO - Processing /opt/airflow/dags/newyork_fhv_pipeline.py took 0.149 seconds
[2026-05-09T02:38:20.349+0000] {processor.py:161} INFO - Started process (PID=3436) to work on /opt/airflow/dags/newyork_fhv_pipeline.py
[2026-05-09T02:38:20.350+0000] {processor.py:830} INFO - Processing file /opt/airflow/dags/newyork_fhv_pipeline.py for tasks to queue
[2026-05-09T02:38:20.354+0000] {logging_mixin.py:188} INFO - [2026-05-09T02:38:20.353+0000] {dagbag.py:545} INFO - Filling up the DagBag from /opt/airflow/dags/newyork_fhv_pipeline.py
[2026-05-09T02:38:20.399+0000] {processor.py:840} INFO - DAG(s) 'newyork_fhv_pipeline' retrieved from /opt/airflow/dags/newyork_fhv_pipeline.py
[2026-05-09T02:38:20.431+0000] {logging_mixin.py:188} INFO - [2026-05-09T02:38:20.431+0000] {dag.py:3096} INFO - Sync 1 DAGs
[2026-05-09T02:38:20.456+0000] {logging_mixin.py:188} INFO - [2026-05-09T02:38:20.455+0000] {dag.py:3954} INFO - Setting next_dagrun for newyork_fhv_pipeline to 2026-05-01 00:00:00+00:00, run_after=2026-06-01 00:00:00+00:00
[2026-05-09T02:38:20.481+0000] {processor.py:183} INFO - Processing /opt/airflow/dags/newyork_fhv_pipeline.py took 0.140 seconds
[2026-05-09T02:38:51.279+0000] {processor.py:161} INFO - Started process (PID=3447) to work on /opt/airflow/dags/newyork_fhv_pipeline.py
[2026-05-09T02:38:51.280+0000] {processor.py:830} INFO - Processing file /opt/airflow/dags/newyork_fhv_pipeline.py for tasks to queue
[2026-05-09T02:38:51.284+0000] {logging_mixin.py:188} INFO - [2026-05-09T02:38:51.283+0000] {dagbag.py:545} INFO - Filling up the DagBag from /opt/airflow/dags/newyork_fhv_pipeline.py
[2026-05-09T02:38:51.336+0000] {processor.py:840} INFO - DAG(s) 'newyork_fhv_pipeline' retrieved from /opt/airflow/dags/newyork_fhv_pipeline.py
[2026-05-09T02:38:51.372+0000] {logging_mixin.py:188} INFO - [2026-05-09T02:38:51.372+0000] {dag.py:3096} INFO - Sync 1 DAGs
[2026-05-09T02:38:51.408+0000] {logging_mixin.py:188} INFO - [2026-05-09T02:38:51.408+0000] {dag.py:3954} INFO - Setting next_dagrun for newyork_fhv_pipeline to 2026-05-01 00:00:00+00:00, run_after=2026-06-01 00:00:00+00:00
[2026-05-09T02:38:51.444+0000] {processor.py:183} INFO - Processing /opt/airflow/dags/newyork_fhv_pipeline.py took 0.174 seconds
[2026-05-09T02:39:21.574+0000] {processor.py:161} INFO - Started process (PID=3458) to work on /opt/airflow/dags/newyork_fhv_pipeline.py
[2026-05-09T02:39:21.575+0000] {processor.py:830} INFO - Processing file /opt/airflow/dags/newyork_fhv_pipeline.py for tasks to queue
[2026-05-09T02:39:21.578+0000] {logging_mixin.py:188} INFO - [2026-05-09T02:39:21.578+0000] {dagbag.py:545} INFO - Filling up the DagBag from /opt/airflow/dags/newyork_fhv_pipeline.py
[2026-05-09T02:39:21.612+0000] {processor.py:840} INFO - DAG(s) 'newyork_fhv_pipeline' retrieved from /opt/airflow/dags/newyork_fhv_pipeline.py
[2026-05-09T02:39:21.639+0000] {logging_mixin.py:188} INFO - [2026-05-09T02:39:21.639+0000] {dag.py:3096} INFO - Sync 1 DAGs
[2026-05-09T02:39:21.668+0000] {logging_mixin.py:188} INFO - [2026-05-09T02:39:21.667+0000] {dag.py:3954} INFO - Setting next_dagrun for newyork_fhv_pipeline to 2026-05-01 00:00:00+00:00, run_after=2026-06-01 00:00:00+00:00
[2026-05-09T02:39:21.695+0000] {processor.py:183} INFO - Processing /opt/airflow/dags/newyork_fhv_pipeline.py took 0.129 seconds
[2026-05-09T02:39:52.593+0000] {processor.py:161} INFO - Started process (PID=3469) to work on /opt/airflow/dags/newyork_fhv_pipeline.py
[2026-05-09T02:39:52.595+0000] {processor.py:830} INFO - Processing file /opt/airflow/dags/newyork_fhv_pipeline.py for tasks to queue
[2026-05-09T02:39:52.598+0000] {logging_mixin.py:188} INFO - [2026-05-09T02:39:52.597+0000] {dagbag.py:545} INFO - Filling up the DagBag from /opt/airflow/dags/newyork_fhv_pipeline.py
[2026-05-09T02:39:52.654+0000] {processor.py:840} INFO - DAG(s) 'newyork_fhv_pipeline' retrieved from /opt/airflow/dags/newyork_fhv_pipeline.py
[2026-05-09T02:39:52.689+0000] {logging_mixin.py:188} INFO - [2026-05-09T02:39:52.689+0000] {dag.py:3096} INFO - Sync 1 DAGs
[2026-05-09T02:39:52.727+0000] {logging_mixin.py:188} INFO - [2026-05-09T02:39:52.727+0000] {dag.py:3954} INFO - Setting next_dagrun for newyork_fhv_pipeline to 2026-05-01 00:00:00+00:00, run_after=2026-06-01 00:00:00+00:00
[2026-05-09T02:39:52.764+0000] {processor.py:183} INFO - Processing /opt/airflow/dags/newyork_fhv_pipeline.py took 0.178 seconds
[2026-05-09T02:40:23.610+0000] {processor.py:161} INFO - Started process (PID=3480) to work on /opt/airflow/dags/newyork_fhv_pipeline.py
[2026-05-09T02:40:23.612+0000] {processor.py:830} INFO - Processing file /opt/airflow/dags/newyork_fhv_pipeline.py for tasks to queue
[2026-05-09T02:40:23.616+0000] {logging_mixin.py:188} INFO - [2026-05-09T02:40:23.616+0000] {dagbag.py:545} INFO - Filling up the DagBag from /opt/airflow/dags/newyork_fhv_pipeline.py
[2026-05-09T02:40:23.669+0000] {processor.py:840} INFO - DAG(s) 'newyork_fhv_pipeline' retrieved from /opt/airflow/dags/newyork_fhv_pipeline.py
[2026-05-09T02:40:23.696+0000] {logging_mixin.py:188} INFO - [2026-05-09T02:40:23.696+0000] {dag.py:3096} INFO - Sync 1 DAGs
[2026-05-09T02:40:23.720+0000] {logging_mixin.py:188} INFO - [2026-05-09T02:40:23.719+0000] {dag.py:3954} INFO - Setting next_dagrun for newyork_fhv_pipeline to 2026-05-01 00:00:00+00:00, run_after=2026-06-01 00:00:00+00:00
[2026-05-09T02:40:23.747+0000] {processor.py:183} INFO - Processing /opt/airflow/dags/newyork_fhv_pipeline.py took 0.144 seconds
[2026-05-09T02:40:54.465+0000] {processor.py:161} INFO - Started process (PID=3491) to work on /opt/airflow/dags/newyork_fhv_pipeline.py
[2026-05-09T02:40:54.467+0000] {processor.py:830} INFO - Processing file /opt/airflow/dags/newyork_fhv_pipeline.py for tasks to queue
[2026-05-09T02:40:54.471+0000] {logging_mixin.py:188} INFO - [2026-05-09T02:40:54.471+0000] {dagbag.py:545} INFO - Filling up the DagBag from /opt/airflow/dags/newyork_fhv_pipeline.py
[2026-05-09T02:40:54.509+0000] {processor.py:840} INFO - DAG(s) 'newyork_fhv_pipeline' retrieved from /opt/airflow/dags/newyork_fhv_pipeline.py
[2026-05-09T02:40:54.535+0000] {logging_mixin.py:188} INFO - [2026-05-09T02:40:54.535+0000] {dag.py:3096} INFO - Sync 1 DAGs
[2026-05-09T02:40:54.562+0000] {logging_mixin.py:188} INFO - [2026-05-09T02:40:54.561+0000] {dag.py:3954} INFO - Setting next_dagrun for newyork_fhv_pipeline to 2026-05-01 00:00:00+00:00, run_after=2026-06-01 00:00:00+00:00
[2026-05-09T02:40:54.592+0000] {processor.py:183} INFO - Processing /opt/airflow/dags/newyork_fhv_pipeline.py took 0.135 seconds
[2026-05-09T02:41:25.567+0000] {processor.py:161} INFO - Started process (PID=3502) to work on /opt/airflow/dags/newyork_fhv_pipeline.py
[2026-05-09T02:41:25.569+0000] {processor.py:830} INFO - Processing file /opt/airflow/dags/newyork_fhv_pipeline.py for tasks to queue
[2026-05-09T02:41:25.574+0000] {logging_mixin.py:188} INFO - [2026-05-09T02:41:25.573+0000] {dagbag.py:545} INFO - Filling up the DagBag from /opt/airflow/dags/newyork_fhv_pipeline.py
[2026-05-09T02:41:25.627+0000] {processor.py:840} INFO - DAG(s) 'newyork_fhv_pipeline' retrieved from /opt/airflow/dags/newyork_fhv_pipeline.py
[2026-05-09T02:41:25.654+0000] {logging_mixin.py:188} INFO - [2026-05-09T02:41:25.654+0000] {dag.py:3096} INFO - Sync 1 DAGs
[2026-05-09T02:41:25.681+0000] {logging_mixin.py:188} INFO - [2026-05-09T02:41:25.681+0000] {dag.py:3954} INFO - Setting next_dagrun for newyork_fhv_pipeline to 2026-05-01 00:00:00+00:00, run_after=2026-06-01 00:00:00+00:00
[2026-05-09T02:41:25.715+0000] {processor.py:183} INFO - Processing /opt/airflow/dags/newyork_fhv_pipeline.py took 0.161 seconds
[2026-05-09T02:41:56.519+0000] {processor.py:161} INFO - Started process (PID=3512) to work on /opt/airflow/dags/newyork_fhv_pipeline.py
[2026-05-09T02:41:56.521+0000] {processor.py:830} INFO - Processing file /opt/airflow/dags/newyork_fhv_pipeline.py for tasks to queue
[2026-05-09T02:41:56.525+0000] {logging_mixin.py:188} INFO - [2026-05-09T02:41:56.525+0000] {dagbag.py:545} INFO - Filling up the DagBag from /opt/airflow/dags/newyork_fhv_pipeline.py
[2026-05-09T02:41:56.573+0000] {processor.py:840} INFO - DAG(s) 'newyork_fhv_pipeline' retrieved from /opt/airflow/dags/newyork_fhv_pipeline.py
[2026-05-09T02:41:56.603+0000] {logging_mixin.py:188} INFO - [2026-05-09T02:41:56.603+0000] {dag.py:3096} INFO - Sync 1 DAGs
[2026-05-09T02:41:56.631+0000] {logging_mixin.py:188} INFO - [2026-05-09T02:41:56.630+0000] {dag.py:3954} INFO - Setting next_dagrun for newyork_fhv_pipeline to 2026-05-01 00:00:00+00:00, run_after=2026-06-01 00:00:00+00:00
[2026-05-09T02:41:56.659+0000] {processor.py:183} INFO - Processing /opt/airflow/dags/newyork_fhv_pipeline.py took 0.150 seconds
[2026-05-09T02:42:27.519+0000] {processor.py:161} INFO - Started process (PID=3523) to work on /opt/airflow/dags/newyork_fhv_pipeline.py
[2026-05-09T02:42:27.521+0000] {processor.py:830} INFO - Processing file /opt/airflow/dags/newyork_fhv_pipeline.py for tasks to queue
[2026-05-09T02:42:27.523+0000] {logging_mixin.py:188} INFO - [2026-05-09T02:42:27.523+0000] {dagbag.py:545} INFO - Filling up the DagBag from /opt/airflow/dags/newyork_fhv_pipeline.py
[2026-05-09T02:42:27.558+0000] {processor.py:840} INFO - DAG(s) 'newyork_fhv_pipeline' retrieved from /opt/airflow/dags/newyork_fhv_pipeline.py
[2026-05-09T02:42:27.589+0000] {logging_mixin.py:188} INFO - [2026-05-09T02:42:27.589+0000] {dag.py:3096} INFO - Sync 1 DAGs
[2026-05-09T02:42:27.617+0000] {logging_mixin.py:188} INFO - [2026-05-09T02:42:27.616+0000] {dag.py:3954} INFO - Setting next_dagrun for newyork_fhv_pipeline to 2026-05-01 00:00:00+00:00, run_after=2026-06-01 00:00:00+00:00
[2026-05-09T02:42:27.641+0000] {processor.py:183} INFO - Processing /opt/airflow/dags/newyork_fhv_pipeline.py took 0.130 seconds
[2026-05-09T02:42:58.421+0000] {processor.py:161} INFO - Started process (PID=3534) to work on /opt/airflow/dags/newyork_fhv_pipeline.py
[2026-05-09T02:42:58.423+0000] {processor.py:830} INFO - Processing file /opt/airflow/dags/newyork_fhv_pipeline.py for tasks to queue
[2026-05-09T02:42:58.427+0000] {logging_mixin.py:188} INFO - [2026-05-09T02:42:58.426+0000] {dagbag.py:545} INFO - Filling up the DagBag from /opt/airflow/dags/newyork_fhv_pipeline.py
[2026-05-09T02:42:58.474+0000] {processor.py:840} INFO - DAG(s) 'newyork_fhv_pipeline' retrieved from /opt/airflow/dags/newyork_fhv_pipeline.py
[2026-05-09T02:42:58.502+0000] {logging_mixin.py:188} INFO - [2026-05-09T02:42:58.501+0000] {dag.py:3096} INFO - Sync 1 DAGs
[2026-05-09T02:42:58.526+0000] {logging_mixin.py:188} INFO - [2026-05-09T02:42:58.525+0000] {dag.py:3954} INFO - Setting next_dagrun for newyork_fhv_pipeline to 2026-05-01 00:00:00+00:00, run_after=2026-06-01 00:00:00+00:00
[2026-05-09T02:42:58.554+0000] {processor.py:183} INFO - Processing /opt/airflow/dags/newyork_fhv_pipeline.py took 0.145 seconds
[2026-05-09T02:43:29.368+0000] {processor.py:161} INFO - Started process (PID=3545) to work on /opt/airflow/dags/newyork_fhv_pipeline.py
[2026-05-09T02:43:29.370+0000] {processor.py:830} INFO - Processing file /opt/airflow/dags/newyork_fhv_pipeline.py for tasks to queue
[2026-05-09T02:43:29.373+0000] {logging_mixin.py:188} INFO - [2026-05-09T02:43:29.372+0000] {dagbag.py:545} INFO - Filling up the DagBag from /opt/airflow/dags/newyork_fhv_pipeline.py
[2026-05-09T02:43:29.421+0000] {processor.py:840} INFO - DAG(s) 'newyork_fhv_pipeline' retrieved from /opt/airflow/dags/newyork_fhv_pipeline.py
[2026-05-09T02:43:29.459+0000] {logging_mixin.py:188} INFO - [2026-05-09T02:43:29.458+0000] {dag.py:3096} INFO - Sync 1 DAGs
[2026-05-09T02:43:29.494+0000] {logging_mixin.py:188} INFO - [2026-05-09T02:43:29.493+0000] {dag.py:3954} INFO - Setting next_dagrun for newyork_fhv_pipeline to 2026-05-01 00:00:00+00:00, run_after=2026-06-01 00:00:00+00:00
[2026-05-09T02:43:29.527+0000] {processor.py:183} INFO - Processing /opt/airflow/dags/newyork_fhv_pipeline.py took 0.166 seconds
[2026-05-09T02:44:00.114+0000] {processor.py:161} INFO - Started process (PID=3556) to work on /opt/airflow/dags/newyork_fhv_pipeline.py
[2026-05-09T02:44:00.117+0000] {processor.py:830} INFO - Processing file /opt/airflow/dags/newyork_fhv_pipeline.py for tasks to queue
[2026-05-09T02:44:00.120+0000] {logging_mixin.py:188} INFO - [2026-05-09T02:44:00.120+0000] {dagbag.py:545} INFO - Filling up the DagBag from /opt/airflow/dags/newyork_fhv_pipeline.py
[2026-05-09T02:44:00.154+0000] {processor.py:840} INFO - DAG(s) 'newyork_fhv_pipeline' retrieved from /opt/airflow/dags/newyork_fhv_pipeline.py
[2026-05-09T02:44:00.178+0000] {logging_mixin.py:188} INFO - [2026-05-09T02:44:00.178+0000] {dag.py:3096} INFO - Sync 1 DAGs
[2026-05-09T02:44:00.202+0000] {logging_mixin.py:188} INFO - [2026-05-09T02:44:00.202+0000] {dag.py:3954} INFO - Setting next_dagrun for newyork_fhv_pipeline to 2026-05-01 00:00:00+00:00, run_after=2026-06-01 00:00:00+00:00
[2026-05-09T02:44:00.230+0000] {processor.py:183} INFO - Processing /opt/airflow/dags/newyork_fhv_pipeline.py took 0.127 seconds
[2026-05-09T02:44:31.000+0000] {processor.py:161} INFO - Started process (PID=3567) to work on /opt/airflow/dags/newyork_fhv_pipeline.py
[2026-05-09T02:44:31.002+0000] {processor.py:830} INFO - Processing file /opt/airflow/dags/newyork_fhv_pipeline.py for tasks to queue
[2026-05-09T02:44:31.004+0000] {logging_mixin.py:188} INFO - [2026-05-09T02:44:31.003+0000] {dagbag.py:545} INFO - Filling up the DagBag from /opt/airflow/dags/newyork_fhv_pipeline.py
[2026-05-09T02:44:31.026+0000] {processor.py:840} INFO - DAG(s) 'newyork_fhv_pipeline' retrieved from /opt/airflow/dags/newyork_fhv_pipeline.py
[2026-05-09T02:44:31.058+0000] {logging_mixin.py:188} INFO - [2026-05-09T02:44:31.057+0000] {dag.py:3096} INFO - Sync 1 DAGs
[2026-05-09T02:44:31.087+0000] {logging_mixin.py:188} INFO - [2026-05-09T02:44:31.086+0000] {dag.py:3954} INFO - Setting next_dagrun for newyork_fhv_pipeline to 2026-05-01 00:00:00+00:00, run_after=2026-06-01 00:00:00+00:00
[2026-05-09T02:44:31.111+0000] {processor.py:183} INFO - Processing /opt/airflow/dags/newyork_fhv_pipeline.py took 0.118 seconds
[2026-05-09T02:45:01.694+0000] {processor.py:161} INFO - Started process (PID=3578) to work on /opt/airflow/dags/newyork_fhv_pipeline.py
[2026-05-09T02:45:01.695+0000] {processor.py:830} INFO - Processing file /opt/airflow/dags/newyork_fhv_pipeline.py for tasks to queue
[2026-05-09T02:45:01.697+0000] {logging_mixin.py:188} INFO - [2026-05-09T02:45:01.697+0000] {dagbag.py:545} INFO - Filling up the DagBag from /opt/airflow/dags/newyork_fhv_pipeline.py
[2026-05-09T02:45:01.721+0000] {processor.py:840} INFO - DAG(s) 'newyork_fhv_pipeline' retrieved from /opt/airflow/dags/newyork_fhv_pipeline.py
[2026-05-09T02:45:01.748+0000] {logging_mixin.py:188} INFO - [2026-05-09T02:45:01.748+0000] {dag.py:3096} INFO - Sync 1 DAGs
[2026-05-09T02:45:01.776+0000] {logging_mixin.py:188} INFO - [2026-05-09T02:45:01.776+0000] {dag.py:3954} INFO - Setting next_dagrun for newyork_fhv_pipeline to 2026-05-01 00:00:00+00:00, run_after=2026-06-01 00:00:00+00:00
[2026-05-09T02:45:01.799+0000] {processor.py:183} INFO - Processing /opt/airflow/dags/newyork_fhv_pipeline.py took 0.111 seconds
[2026-05-09T02:45:32.698+0000] {processor.py:161} INFO - Started process (PID=3589) to work on /opt/airflow/dags/newyork_fhv_pipeline.py
[2026-05-09T02:45:32.702+0000] {processor.py:830} INFO - Processing file /opt/airflow/dags/newyork_fhv_pipeline.py for tasks to queue
[2026-05-09T02:45:32.705+0000] {logging_mixin.py:188} INFO - [2026-05-09T02:45:32.705+0000] {dagbag.py:545} INFO - Filling up the DagBag from /opt/airflow/dags/newyork_fhv_pipeline.py
[2026-05-09T02:45:32.749+0000] {processor.py:840} INFO - DAG(s) 'newyork_fhv_pipeline' retrieved from /opt/airflow/dags/newyork_fhv_pipeline.py
[2026-05-09T02:45:32.775+0000] {logging_mixin.py:188} INFO - [2026-05-09T02:45:32.774+0000] {dag.py:3096} INFO - Sync 1 DAGs
[2026-05-09T02:45:32.802+0000] {logging_mixin.py:188} INFO - [2026-05-09T02:45:32.801+0000] {dag.py:3954} INFO - Setting next_dagrun for newyork_fhv_pipeline to 2026-05-01 00:00:00+00:00, run_after=2026-06-01 00:00:00+00:00
[2026-05-09T02:45:32.845+0000] {processor.py:183} INFO - Processing /opt/airflow/dags/newyork_fhv_pipeline.py took 0.154 seconds
[2026-05-09T02:46:03.633+0000] {processor.py:161} INFO - Started process (PID=3600) to work on /opt/airflow/dags/newyork_fhv_pipeline.py
[2026-05-09T02:46:03.636+0000] {processor.py:830} INFO - Processing file /opt/airflow/dags/newyork_fhv_pipeline.py for tasks to queue
[2026-05-09T02:46:03.640+0000] {logging_mixin.py:188} INFO - [2026-05-09T02:46:03.639+0000] {dagbag.py:545} INFO - Filling up the DagBag from /opt/airflow/dags/newyork_fhv_pipeline.py
[2026-05-09T02:46:03.673+0000] {processor.py:840} INFO - DAG(s) 'newyork_fhv_pipeline' retrieved from /opt/airflow/dags/newyork_fhv_pipeline.py
[2026-05-09T02:46:03.698+0000] {logging_mixin.py:188} INFO - [2026-05-09T02:46:03.698+0000] {dag.py:3096} INFO - Sync 1 DAGs
[2026-05-09T02:46:03.723+0000] {logging_mixin.py:188} INFO - [2026-05-09T02:46:03.723+0000] {dag.py:3954} INFO - Setting next_dagrun for newyork_fhv_pipeline to 2026-05-01 00:00:00+00:00, run_after=2026-06-01 00:00:00+00:00
[2026-05-09T02:46:03.763+0000] {processor.py:183} INFO - Processing /opt/airflow/dags/newyork_fhv_pipeline.py took 0.140 seconds
[2026-05-09T02:46:34.646+0000] {processor.py:161} INFO - Started process (PID=3611) to work on /opt/airflow/dags/newyork_fhv_pipeline.py
[2026-05-09T02:46:34.648+0000] {processor.py:830} INFO - Processing file /opt/airflow/dags/newyork_fhv_pipeline.py for tasks to queue
[2026-05-09T02:46:34.652+0000] {logging_mixin.py:188} INFO - [2026-05-09T02:46:34.651+0000] {dagbag.py:545} INFO - Filling up the DagBag from /opt/airflow/dags/newyork_fhv_pipeline.py
[2026-05-09T02:46:34.692+0000] {processor.py:840} INFO - DAG(s) 'newyork_fhv_pipeline' retrieved from /opt/airflow/dags/newyork_fhv_pipeline.py
[2026-05-09T02:46:34.718+0000] {logging_mixin.py:188} INFO - [2026-05-09T02:46:34.718+0000] {dag.py:3096} INFO - Sync 1 DAGs
[2026-05-09T02:46:34.741+0000] {logging_mixin.py:188} INFO - [2026-05-09T02:46:34.741+0000] {dag.py:3954} INFO - Setting next_dagrun for newyork_fhv_pipeline to 2026-05-01 00:00:00+00:00, run_after=2026-06-01 00:00:00+00:00
[2026-05-09T02:46:34.768+0000] {processor.py:183} INFO - Processing /opt/airflow/dags/newyork_fhv_pipeline.py took 0.129 seconds
[2026-05-09T02:47:05.631+0000] {processor.py:161} INFO - Started process (PID=3622) to work on /opt/airflow/dags/newyork_fhv_pipeline.py
[2026-05-09T02:47:05.633+0000] {processor.py:830} INFO - Processing file /opt/airflow/dags/newyork_fhv_pipeline.py for tasks to queue
[2026-05-09T02:47:05.636+0000] {logging_mixin.py:188} INFO - [2026-05-09T02:47:05.636+0000] {dagbag.py:545} INFO - Filling up the DagBag from /opt/airflow/dags/newyork_fhv_pipeline.py
[2026-05-09T02:47:05.673+0000] {processor.py:840} INFO - DAG(s) 'newyork_fhv_pipeline' retrieved from /opt/airflow/dags/newyork_fhv_pipeline.py
[2026-05-09T02:47:05.721+0000] {logging_mixin.py:188} INFO - [2026-05-09T02:47:05.720+0000] {dag.py:3096} INFO - Sync 1 DAGs
[2026-05-09T02:47:05.751+0000] {logging_mixin.py:188} INFO - [2026-05-09T02:47:05.751+0000] {dag.py:3954} INFO - Setting next_dagrun for newyork_fhv_pipeline to 2026-05-01 00:00:00+00:00, run_after=2026-06-01 00:00:00+00:00
[2026-05-09T02:47:05.785+0000] {processor.py:183} INFO - Processing /opt/airflow/dags/newyork_fhv_pipeline.py took 0.166 seconds
[2026-05-09T02:47:36.605+0000] {processor.py:161} INFO - Started process (PID=3633) to work on /opt/airflow/dags/newyork_fhv_pipeline.py
[2026-05-09T02:47:36.607+0000] {processor.py:830} INFO - Processing file /opt/airflow/dags/newyork_fhv_pipeline.py for tasks to queue
[2026-05-09T02:47:36.611+0000] {logging_mixin.py:188} INFO - [2026-05-09T02:47:36.610+0000] {dagbag.py:545} INFO - Filling up the DagBag from /opt/airflow/dags/newyork_fhv_pipeline.py
[2026-05-09T02:47:36.654+0000] {processor.py:840} INFO - DAG(s) 'newyork_fhv_pipeline' retrieved from /opt/airflow/dags/newyork_fhv_pipeline.py
[2026-05-09T02:47:36.682+0000] {logging_mixin.py:188} INFO - [2026-05-09T02:47:36.682+0000] {dag.py:3096} INFO - Sync 1 DAGs
[2026-05-09T02:47:36.712+0000] {logging_mixin.py:188} INFO - [2026-05-09T02:47:36.711+0000] {dag.py:3954} INFO - Setting next_dagrun for newyork_fhv_pipeline to 2026-05-01 00:00:00+00:00, run_after=2026-06-01 00:00:00+00:00
[2026-05-09T02:47:36.741+0000] {processor.py:183} INFO - Processing /opt/airflow/dags/newyork_fhv_pipeline.py took 0.145 seconds
[2026-05-09T02:48:07.529+0000] {processor.py:161} INFO - Started process (PID=3644) to work on /opt/airflow/dags/newyork_fhv_pipeline.py
[2026-05-09T02:48:07.530+0000] {processor.py:830} INFO - Processing file /opt/airflow/dags/newyork_fhv_pipeline.py for tasks to queue
[2026-05-09T02:48:07.533+0000] {logging_mixin.py:188} INFO - [2026-05-09T02:48:07.533+0000] {dagbag.py:545} INFO - Filling up the DagBag from /opt/airflow/dags/newyork_fhv_pipeline.py
[2026-05-09T02:48:07.572+0000] {processor.py:840} INFO - DAG(s) 'newyork_fhv_pipeline' retrieved from /opt/airflow/dags/newyork_fhv_pipeline.py
[2026-05-09T02:48:07.598+0000] {logging_mixin.py:188} INFO - [2026-05-09T02:48:07.597+0000] {dag.py:3096} INFO - Sync 1 DAGs
[2026-05-09T02:48:07.623+0000] {logging_mixin.py:188} INFO - [2026-05-09T02:48:07.623+0000] {dag.py:3954} INFO - Setting next_dagrun for newyork_fhv_pipeline to 2026-05-01 00:00:00+00:00, run_after=2026-06-01 00:00:00+00:00
[2026-05-09T02:48:07.649+0000] {processor.py:183} INFO - Processing /opt/airflow/dags/newyork_fhv_pipeline.py took 0.128 seconds
[2026-05-09T02:48:38.383+0000] {processor.py:161} INFO - Started process (PID=3655) to work on /opt/airflow/dags/newyork_fhv_pipeline.py
[2026-05-09T02:48:38.386+0000] {processor.py:830} INFO - Processing file /opt/airflow/dags/newyork_fhv_pipeline.py for tasks to queue
[2026-05-09T02:48:38.391+0000] {logging_mixin.py:188} INFO - [2026-05-09T02:48:38.390+0000] {dagbag.py:545} INFO - Filling up the DagBag from /opt/airflow/dags/newyork_fhv_pipeline.py
[2026-05-09T02:48:38.442+0000] {processor.py:840} INFO - DAG(s) 'newyork_fhv_pipeline' retrieved from /opt/airflow/dags/newyork_fhv_pipeline.py
[2026-05-09T02:48:38.472+0000] {logging_mixin.py:188} INFO - [2026-05-09T02:48:38.471+0000] {dag.py:3096} INFO - Sync 1 DAGs
[2026-05-09T02:48:38.499+0000] {logging_mixin.py:188} INFO - [2026-05-09T02:48:38.499+0000] {dag.py:3954} INFO - Setting next_dagrun for newyork_fhv_pipeline to 2026-05-01 00:00:00+00:00, run_after=2026-06-01 00:00:00+00:00
[2026-05-09T02:48:38.525+0000] {processor.py:183} INFO - Processing /opt/airflow/dags/newyork_fhv_pipeline.py took 0.155 seconds
[2026-05-09T02:49:08.889+0000] {processor.py:161} INFO - Started process (PID=3666) to work on /opt/airflow/dags/newyork_fhv_pipeline.py
[2026-05-09T02:49:08.891+0000] {processor.py:830} INFO - Processing file /opt/airflow/dags/newyork_fhv_pipeline.py for tasks to queue
[2026-05-09T02:49:08.895+0000] {logging_mixin.py:188} INFO - [2026-05-09T02:49:08.894+0000] {dagbag.py:545} INFO - Filling up the DagBag from /opt/airflow/dags/newyork_fhv_pipeline.py
[2026-05-09T02:49:08.935+0000] {processor.py:840} INFO - DAG(s) 'newyork_fhv_pipeline' retrieved from /opt/airflow/dags/newyork_fhv_pipeline.py
[2026-05-09T02:49:08.968+0000] {logging_mixin.py:188} INFO - [2026-05-09T02:49:08.967+0000] {dag.py:3096} INFO - Sync 1 DAGs
[2026-05-09T02:49:08.995+0000] {logging_mixin.py:188} INFO - [2026-05-09T02:49:08.995+0000] {dag.py:3954} INFO - Setting next_dagrun for newyork_fhv_pipeline to 2026-05-01 00:00:00+00:00, run_after=2026-06-01 00:00:00+00:00
[2026-05-09T02:49:09.019+0000] {processor.py:183} INFO - Processing /opt/airflow/dags/newyork_fhv_pipeline.py took 0.141 seconds
[2026-05-09T02:49:39.654+0000] {processor.py:161} INFO - Started process (PID=3677) to work on /opt/airflow/dags/newyork_fhv_pipeline.py
[2026-05-09T02:49:39.655+0000] {processor.py:830} INFO - Processing file /opt/airflow/dags/newyork_fhv_pipeline.py for tasks to queue
[2026-05-09T02:49:39.657+0000] {logging_mixin.py:188} INFO - [2026-05-09T02:49:39.657+0000] {dagbag.py:545} INFO - Filling up the DagBag from /opt/airflow/dags/newyork_fhv_pipeline.py
[2026-05-09T02:49:39.694+0000] {processor.py:840} INFO - DAG(s) 'newyork_fhv_pipeline' retrieved from /opt/airflow/dags/newyork_fhv_pipeline.py
[2026-05-09T02:49:39.719+0000] {logging_mixin.py:188} INFO - [2026-05-09T02:49:39.718+0000] {dag.py:3096} INFO - Sync 1 DAGs
[2026-05-09T02:49:39.745+0000] {logging_mixin.py:188} INFO - [2026-05-09T02:49:39.745+0000] {dag.py:3954} INFO - Setting next_dagrun for newyork_fhv_pipeline to 2026-05-01 00:00:00+00:00, run_after=2026-06-01 00:00:00+00:00
[2026-05-09T02:49:39.769+0000] {processor.py:183} INFO - Processing /opt/airflow/dags/newyork_fhv_pipeline.py took 0.123 seconds
[2026-05-09T02:50:10.536+0000] {processor.py:161} INFO - Started process (PID=3688) to work on /opt/airflow/dags/newyork_fhv_pipeline.py
[2026-05-09T02:50:10.539+0000] {processor.py:830} INFO - Processing file /opt/airflow/dags/newyork_fhv_pipeline.py for tasks to queue
[2026-05-09T02:50:10.543+0000] {logging_mixin.py:188} INFO - [2026-05-09T02:50:10.542+0000] {dagbag.py:545} INFO - Filling up the DagBag from /opt/airflow/dags/newyork_fhv_pipeline.py
[2026-05-09T02:50:10.592+0000] {processor.py:840} INFO - DAG(s) 'newyork_fhv_pipeline' retrieved from /opt/airflow/dags/newyork_fhv_pipeline.py
[2026-05-09T02:50:10.620+0000] {logging_mixin.py:188} INFO - [2026-05-09T02:50:10.620+0000] {dag.py:3096} INFO - Sync 1 DAGs
[2026-05-09T02:50:10.648+0000] {logging_mixin.py:188} INFO - [2026-05-09T02:50:10.648+0000] {dag.py:3954} INFO - Setting next_dagrun for newyork_fhv_pipeline to 2026-05-01 00:00:00+00:00, run_after=2026-06-01 00:00:00+00:00
[2026-05-09T02:50:10.676+0000] {processor.py:183} INFO - Processing /opt/airflow/dags/newyork_fhv_pipeline.py took 0.151 seconds
[2026-05-09T02:50:41.434+0000] {processor.py:161} INFO - Started process (PID=3699) to work on /opt/airflow/dags/newyork_fhv_pipeline.py
[2026-05-09T02:50:41.436+0000] {processor.py:830} INFO - Processing file /opt/airflow/dags/newyork_fhv_pipeline.py for tasks to queue
[2026-05-09T02:50:41.439+0000] {logging_mixin.py:188} INFO - [2026-05-09T02:50:41.439+0000] {dagbag.py:545} INFO - Filling up the DagBag from /opt/airflow/dags/newyork_fhv_pipeline.py
[2026-05-09T02:50:41.492+0000] {processor.py:840} INFO - DAG(s) 'newyork_fhv_pipeline' retrieved from /opt/airflow/dags/newyork_fhv_pipeline.py
[2026-05-09T02:50:41.520+0000] {logging_mixin.py:188} INFO - [2026-05-09T02:50:41.519+0000] {dag.py:3096} INFO - Sync 1 DAGs
[2026-05-09T02:50:41.552+0000] {logging_mixin.py:188} INFO - [2026-05-09T02:50:41.551+0000] {dag.py:3954} INFO - Setting next_dagrun for newyork_fhv_pipeline to 2026-05-01 00:00:00+00:00, run_after=2026-06-01 00:00:00+00:00
[2026-05-09T02:50:41.580+0000] {processor.py:183} INFO - Processing /opt/airflow/dags/newyork_fhv_pipeline.py took 0.153 seconds
[2026-05-09T02:51:12.385+0000] {processor.py:161} INFO - Started process (PID=3710) to work on /opt/airflow/dags/newyork_fhv_pipeline.py
[2026-05-09T02:51:12.387+0000] {processor.py:830} INFO - Processing file /opt/airflow/dags/newyork_fhv_pipeline.py for tasks to queue
[2026-05-09T02:51:12.390+0000] {logging_mixin.py:188} INFO - [2026-05-09T02:51:12.390+0000] {dagbag.py:545} INFO - Filling up the DagBag from /opt/airflow/dags/newyork_fhv_pipeline.py
[2026-05-09T02:51:12.413+0000] {processor.py:840} INFO - DAG(s) 'newyork_fhv_pipeline' retrieved from /opt/airflow/dags/newyork_fhv_pipeline.py
[2026-05-09T02:51:12.443+0000] {logging_mixin.py:188} INFO - [2026-05-09T02:51:12.443+0000] {dag.py:3096} INFO - Sync 1 DAGs
[2026-05-09T02:51:12.469+0000] {logging_mixin.py:188} INFO - [2026-05-09T02:51:12.469+0000] {dag.py:3954} INFO - Setting next_dagrun for newyork_fhv_pipeline to 2026-05-01 00:00:00+00:00, run_after=2026-06-01 00:00:00+00:00
[2026-05-09T02:51:12.492+0000] {processor.py:183} INFO - Processing /opt/airflow/dags/newyork_fhv_pipeline.py took 0.115 seconds
[2026-05-09T02:51:43.235+0000] {processor.py:161} INFO - Started process (PID=3721) to work on /opt/airflow/dags/newyork_fhv_pipeline.py
[2026-05-09T02:51:43.237+0000] {processor.py:830} INFO - Processing file /opt/airflow/dags/newyork_fhv_pipeline.py for tasks to queue
[2026-05-09T02:51:43.240+0000] {logging_mixin.py:188} INFO - [2026-05-09T02:51:43.239+0000] {dagbag.py:545} INFO - Filling up the DagBag from /opt/airflow/dags/newyork_fhv_pipeline.py
[2026-05-09T02:51:43.286+0000] {processor.py:840} INFO - DAG(s) 'newyork_fhv_pipeline' retrieved from /opt/airflow/dags/newyork_fhv_pipeline.py
[2026-05-09T02:51:43.326+0000] {logging_mixin.py:188} INFO - [2026-05-09T02:51:43.325+0000] {dag.py:3096} INFO - Sync 1 DAGs
[2026-05-09T02:51:43.363+0000] {logging_mixin.py:188} INFO - [2026-05-09T02:51:43.363+0000] {dag.py:3954} INFO - Setting next_dagrun for newyork_fhv_pipeline to 2026-05-01 00:00:00+00:00, run_after=2026-06-01 00:00:00+00:00
[2026-05-09T02:51:43.399+0000] {processor.py:183} INFO - Processing /opt/airflow/dags/newyork_fhv_pipeline.py took 0.173 seconds
[2026-05-09T02:52:13.693+0000] {processor.py:161} INFO - Started process (PID=3732) to work on /opt/airflow/dags/newyork_fhv_pipeline.py
[2026-05-09T02:52:13.695+0000] {processor.py:830} INFO - Processing file /opt/airflow/dags/newyork_fhv_pipeline.py for tasks to queue
[2026-05-09T02:52:13.699+0000] {logging_mixin.py:188} INFO - [2026-05-09T02:52:13.699+0000] {dagbag.py:545} INFO - Filling up the DagBag from /opt/airflow/dags/newyork_fhv_pipeline.py
[2026-05-09T02:52:13.765+0000] {processor.py:840} INFO - DAG(s) 'newyork_fhv_pipeline' retrieved from /opt/airflow/dags/newyork_fhv_pipeline.py
[2026-05-09T02:52:13.798+0000] {logging_mixin.py:188} INFO - [2026-05-09T02:52:13.798+0000] {dag.py:3096} INFO - Sync 1 DAGs
[2026-05-09T02:52:13.831+0000] {logging_mixin.py:188} INFO - [2026-05-09T02:52:13.831+0000] {dag.py:3954} INFO - Setting next_dagrun for newyork_fhv_pipeline to 2026-05-01 00:00:00+00:00, run_after=2026-06-01 00:00:00+00:00
[2026-05-09T02:52:13.871+0000] {processor.py:183} INFO - Processing /opt/airflow/dags/newyork_fhv_pipeline.py took 0.190 seconds
[2026-05-09T02:52:44.490+0000] {processor.py:161} INFO - Started process (PID=3743) to work on /opt/airflow/dags/newyork_fhv_pipeline.py
[2026-05-09T02:52:44.492+0000] {processor.py:830} INFO - Processing file /opt/airflow/dags/newyork_fhv_pipeline.py for tasks to queue
[2026-05-09T02:52:44.495+0000] {logging_mixin.py:188} INFO - [2026-05-09T02:52:44.494+0000] {dagbag.py:545} INFO - Filling up the DagBag from /opt/airflow/dags/newyork_fhv_pipeline.py
[2026-05-09T02:52:44.541+0000] {processor.py:840} INFO - DAG(s) 'newyork_fhv_pipeline' retrieved from /opt/airflow/dags/newyork_fhv_pipeline.py
[2026-05-09T02:52:44.580+0000] {logging_mixin.py:188} INFO - [2026-05-09T02:52:44.580+0000] {dag.py:3096} INFO - Sync 1 DAGs
[2026-05-09T02:52:44.617+0000] {logging_mixin.py:188} INFO - [2026-05-09T02:52:44.617+0000] {dag.py:3954} INFO - Setting next_dagrun for newyork_fhv_pipeline to 2026-05-01 00:00:00+00:00, run_after=2026-06-01 00:00:00+00:00
[2026-05-09T02:52:44.645+0000] {processor.py:183} INFO - Processing /opt/airflow/dags/newyork_fhv_pipeline.py took 0.166 seconds
[2026-05-09T02:53:15.487+0000] {processor.py:161} INFO - Started process (PID=3754) to work on /opt/airflow/dags/newyork_fhv_pipeline.py
[2026-05-09T02:53:15.490+0000] {processor.py:830} INFO - Processing file /opt/airflow/dags/newyork_fhv_pipeline.py for tasks to queue
[2026-05-09T02:53:15.492+0000] {logging_mixin.py:188} INFO - [2026-05-09T02:53:15.492+0000] {dagbag.py:545} INFO - Filling up the DagBag from /opt/airflow/dags/newyork_fhv_pipeline.py
[2026-05-09T02:53:15.538+0000] {processor.py:840} INFO - DAG(s) 'newyork_fhv_pipeline' retrieved from /opt/airflow/dags/newyork_fhv_pipeline.py
[2026-05-09T02:53:15.564+0000] {logging_mixin.py:188} INFO - [2026-05-09T02:53:15.564+0000] {dag.py:3096} INFO - Sync 1 DAGs
[2026-05-09T02:53:15.590+0000] {logging_mixin.py:188} INFO - [2026-05-09T02:53:15.590+0000] {dag.py:3954} INFO - Setting next_dagrun for newyork_fhv_pipeline to 2026-05-01 00:00:00+00:00, run_after=2026-06-01 00:00:00+00:00
[2026-05-09T02:53:15.618+0000] {processor.py:183} INFO - Processing /opt/airflow/dags/newyork_fhv_pipeline.py took 0.143 seconds
[2026-05-09T02:53:46.446+0000] {processor.py:161} INFO - Started process (PID=3765) to work on /opt/airflow/dags/newyork_fhv_pipeline.py
[2026-05-09T02:53:46.448+0000] {processor.py:830} INFO - Processing file /opt/airflow/dags/newyork_fhv_pipeline.py for tasks to queue
[2026-05-09T02:53:46.452+0000] {logging_mixin.py:188} INFO - [2026-05-09T02:53:46.451+0000] {dagbag.py:545} INFO - Filling up the DagBag from /opt/airflow/dags/newyork_fhv_pipeline.py
[2026-05-09T02:53:46.504+0000] {processor.py:840} INFO - DAG(s) 'newyork_fhv_pipeline' retrieved from /opt/airflow/dags/newyork_fhv_pipeline.py
[2026-05-09T02:53:46.538+0000] {logging_mixin.py:188} INFO - [2026-05-09T02:53:46.537+0000] {dag.py:3096} INFO - Sync 1 DAGs
[2026-05-09T02:53:46.568+0000] {logging_mixin.py:188} INFO - [2026-05-09T02:53:46.568+0000] {dag.py:3954} INFO - Setting next_dagrun for newyork_fhv_pipeline to 2026-05-01 00:00:00+00:00, run_after=2026-06-01 00:00:00+00:00
[2026-05-09T02:53:46.605+0000] {processor.py:183} INFO - Processing /opt/airflow/dags/newyork_fhv_pipeline.py took 0.170 seconds
[2026-05-09T02:54:16.781+0000] {processor.py:161} INFO - Started process (PID=3776) to work on /opt/airflow/dags/newyork_fhv_pipeline.py
[2026-05-09T02:54:16.783+0000] {processor.py:830} INFO - Processing file /opt/airflow/dags/newyork_fhv_pipeline.py for tasks to queue
[2026-05-09T02:54:16.786+0000] {logging_mixin.py:188} INFO - [2026-05-09T02:54:16.785+0000] {dagbag.py:545} INFO - Filling up the DagBag from /opt/airflow/dags/newyork_fhv_pipeline.py
[2026-05-09T02:54:16.834+0000] {processor.py:840} INFO - DAG(s) 'newyork_fhv_pipeline' retrieved from /opt/airflow/dags/newyork_fhv_pipeline.py
[2026-05-09T02:54:16.868+0000] {logging_mixin.py:188} INFO - [2026-05-09T02:54:16.868+0000] {dag.py:3096} INFO - Sync 1 DAGs
[2026-05-09T02:54:16.898+0000] {logging_mixin.py:188} INFO - [2026-05-09T02:54:16.898+0000] {dag.py:3954} INFO - Setting next_dagrun for newyork_fhv_pipeline to 2026-05-01 00:00:00+00:00, run_after=2026-06-01 00:00:00+00:00
[2026-05-09T02:54:16.933+0000] {processor.py:183} INFO - Processing /opt/airflow/dags/newyork_fhv_pipeline.py took 0.162 seconds
[2026-05-09T02:54:47.735+0000] {processor.py:161} INFO - Started process (PID=3793) to work on /opt/airflow/dags/newyork_fhv_pipeline.py
[2026-05-09T02:54:47.738+0000] {processor.py:830} INFO - Processing file /opt/airflow/dags/newyork_fhv_pipeline.py for tasks to queue
[2026-05-09T02:54:47.742+0000] {logging_mixin.py:188} INFO - [2026-05-09T02:54:47.741+0000] {dagbag.py:545} INFO - Filling up the DagBag from /opt/airflow/dags/newyork_fhv_pipeline.py
[2026-05-09T02:54:47.788+0000] {processor.py:840} INFO - DAG(s) 'newyork_fhv_pipeline' retrieved from /opt/airflow/dags/newyork_fhv_pipeline.py
[2026-05-09T02:54:47.815+0000] {logging_mixin.py:188} INFO - [2026-05-09T02:54:47.815+0000] {dag.py:3096} INFO - Sync 1 DAGs
[2026-05-09T02:54:47.842+0000] {logging_mixin.py:188} INFO - [2026-05-09T02:54:47.841+0000] {dag.py:3954} INFO - Setting next_dagrun for newyork_fhv_pipeline to 2026-05-01 00:00:00+00:00, run_after=2026-06-01 00:00:00+00:00
[2026-05-09T02:54:47.872+0000] {processor.py:183} INFO - Processing /opt/airflow/dags/newyork_fhv_pipeline.py took 0.147 seconds
[2026-05-09T02:55:18.664+0000] {processor.py:161} INFO - Started process (PID=3804) to work on /opt/airflow/dags/newyork_fhv_pipeline.py
[2026-05-09T02:55:18.667+0000] {processor.py:830} INFO - Processing file /opt/airflow/dags/newyork_fhv_pipeline.py for tasks to queue
[2026-05-09T02:55:18.670+0000] {logging_mixin.py:188} INFO - [2026-05-09T02:55:18.670+0000] {dagbag.py:545} INFO - Filling up the DagBag from /opt/airflow/dags/newyork_fhv_pipeline.py
[2026-05-09T02:55:18.710+0000] {processor.py:840} INFO - DAG(s) 'newyork_fhv_pipeline' retrieved from /opt/airflow/dags/newyork_fhv_pipeline.py
[2026-05-09T02:55:18.738+0000] {logging_mixin.py:188} INFO - [2026-05-09T02:55:18.738+0000] {dag.py:3096} INFO - Sync 1 DAGs
[2026-05-09T02:55:18.762+0000] {logging_mixin.py:188} INFO - [2026-05-09T02:55:18.762+0000] {dag.py:3954} INFO - Setting next_dagrun for newyork_fhv_pipeline to 2026-05-01 00:00:00+00:00, run_after=2026-06-01 00:00:00+00:00
[2026-05-09T02:55:18.785+0000] {processor.py:183} INFO - Processing /opt/airflow/dags/newyork_fhv_pipeline.py took 0.133 seconds
[2026-05-09T02:55:49.411+0000] {processor.py:161} INFO - Started process (PID=3815) to work on /opt/airflow/dags/newyork_fhv_pipeline.py
[2026-05-09T02:55:49.413+0000] {processor.py:830} INFO - Processing file /opt/airflow/dags/newyork_fhv_pipeline.py for tasks to queue
[2026-05-09T02:55:49.416+0000] {logging_mixin.py:188} INFO - [2026-05-09T02:55:49.416+0000] {dagbag.py:545} INFO - Filling up the DagBag from /opt/airflow/dags/newyork_fhv_pipeline.py
[2026-05-09T02:55:49.461+0000] {processor.py:840} INFO - DAG(s) 'newyork_fhv_pipeline' retrieved from /opt/airflow/dags/newyork_fhv_pipeline.py
[2026-05-09T02:55:49.488+0000] {logging_mixin.py:188} INFO - [2026-05-09T02:55:49.488+0000] {dag.py:3096} INFO - Sync 1 DAGs
[2026-05-09T02:55:49.517+0000] {logging_mixin.py:188} INFO - [2026-05-09T02:55:49.516+0000] {dag.py:3954} INFO - Setting next_dagrun for newyork_fhv_pipeline to 2026-05-01 00:00:00+00:00, run_after=2026-06-01 00:00:00+00:00
[2026-05-09T02:55:49.542+0000] {processor.py:183} INFO - Processing /opt/airflow/dags/newyork_fhv_pipeline.py took 0.140 seconds
[2026-05-09T02:56:20.363+0000] {processor.py:161} INFO - Started process (PID=3826) to work on /opt/airflow/dags/newyork_fhv_pipeline.py
[2026-05-09T02:56:20.365+0000] {processor.py:830} INFO - Processing file /opt/airflow/dags/newyork_fhv_pipeline.py for tasks to queue
[2026-05-09T02:56:20.368+0000] {logging_mixin.py:188} INFO - [2026-05-09T02:56:20.368+0000] {dagbag.py:545} INFO - Filling up the DagBag from /opt/airflow/dags/newyork_fhv_pipeline.py
[2026-05-09T02:56:20.418+0000] {processor.py:840} INFO - DAG(s) 'newyork_fhv_pipeline' retrieved from /opt/airflow/dags/newyork_fhv_pipeline.py
[2026-05-09T02:56:20.447+0000] {logging_mixin.py:188} INFO - [2026-05-09T02:56:20.446+0000] {dag.py:3096} INFO - Sync 1 DAGs
[2026-05-09T02:56:20.477+0000] {logging_mixin.py:188} INFO - [2026-05-09T02:56:20.476+0000] {dag.py:3954} INFO - Setting next_dagrun for newyork_fhv_pipeline to 2026-05-01 00:00:00+00:00, run_after=2026-06-01 00:00:00+00:00
[2026-05-09T02:56:20.501+0000] {processor.py:183} INFO - Processing /opt/airflow/dags/newyork_fhv_pipeline.py took 0.146 seconds
[2026-05-09T02:56:51.264+0000] {processor.py:161} INFO - Started process (PID=3837) to work on /opt/airflow/dags/newyork_fhv_pipeline.py
[2026-05-09T02:56:51.266+0000] {processor.py:830} INFO - Processing file /opt/airflow/dags/newyork_fhv_pipeline.py for tasks to queue
[2026-05-09T02:56:51.269+0000] {logging_mixin.py:188} INFO - [2026-05-09T02:56:51.268+0000] {dagbag.py:545} INFO - Filling up the DagBag from /opt/airflow/dags/newyork_fhv_pipeline.py
[2026-05-09T02:56:51.306+0000] {processor.py:840} INFO - DAG(s) 'newyork_fhv_pipeline' retrieved from /opt/airflow/dags/newyork_fhv_pipeline.py
[2026-05-09T02:56:51.350+0000] {logging_mixin.py:188} INFO - [2026-05-09T02:56:51.350+0000] {dag.py:3096} INFO - Sync 1 DAGs
[2026-05-09T02:56:51.439+0000] {logging_mixin.py:188} INFO - [2026-05-09T02:56:51.438+0000] {dag.py:3954} INFO - Setting next_dagrun for newyork_fhv_pipeline to 2026-05-01 00:00:00+00:00, run_after=2026-06-01 00:00:00+00:00
[2026-05-09T02:56:51.477+0000] {processor.py:183} INFO - Processing /opt/airflow/dags/newyork_fhv_pipeline.py took 0.221 seconds
[2026-05-09T02:57:22.377+0000] {processor.py:161} INFO - Started process (PID=3848) to work on /opt/airflow/dags/newyork_fhv_pipeline.py
[2026-05-09T02:57:22.381+0000] {processor.py:830} INFO - Processing file /opt/airflow/dags/newyork_fhv_pipeline.py for tasks to queue
[2026-05-09T02:57:22.386+0000] {logging_mixin.py:188} INFO - [2026-05-09T02:57:22.385+0000] {dagbag.py:545} INFO - Filling up the DagBag from /opt/airflow/dags/newyork_fhv_pipeline.py
[2026-05-09T02:57:22.443+0000] {processor.py:840} INFO - DAG(s) 'newyork_fhv_pipeline' retrieved from /opt/airflow/dags/newyork_fhv_pipeline.py
[2026-05-09T02:57:22.476+0000] {logging_mixin.py:188} INFO - [2026-05-09T02:57:22.476+0000] {dag.py:3096} INFO - Sync 1 DAGs
[2026-05-09T02:57:22.504+0000] {logging_mixin.py:188} INFO - [2026-05-09T02:57:22.504+0000] {dag.py:3954} INFO - Setting next_dagrun for newyork_fhv_pipeline to 2026-05-01 00:00:00+00:00, run_after=2026-06-01 00:00:00+00:00
[2026-05-09T02:57:22.542+0000] {processor.py:183} INFO - Processing /opt/airflow/dags/newyork_fhv_pipeline.py took 0.177 seconds
[2026-05-09T02:57:53.437+0000] {processor.py:161} INFO - Started process (PID=3859) to work on /opt/airflow/dags/newyork_fhv_pipeline.py
[2026-05-09T02:57:53.440+0000] {processor.py:830} INFO - Processing file /opt/airflow/dags/newyork_fhv_pipeline.py for tasks to queue
[2026-05-09T02:57:53.444+0000] {logging_mixin.py:188} INFO - [2026-05-09T02:57:53.443+0000] {dagbag.py:545} INFO - Filling up the DagBag from /opt/airflow/dags/newyork_fhv_pipeline.py
[2026-05-09T02:57:53.499+0000] {processor.py:840} INFO - DAG(s) 'newyork_fhv_pipeline' retrieved from /opt/airflow/dags/newyork_fhv_pipeline.py
[2026-05-09T02:57:53.535+0000] {logging_mixin.py:188} INFO - [2026-05-09T02:57:53.535+0000] {dag.py:3096} INFO - Sync 1 DAGs
[2026-05-09T02:57:53.573+0000] {logging_mixin.py:188} INFO - [2026-05-09T02:57:53.573+0000] {dag.py:3954} INFO - Setting next_dagrun for newyork_fhv_pipeline to 2026-05-01 00:00:00+00:00, run_after=2026-06-01 00:00:00+00:00
[2026-05-09T02:57:53.606+0000] {processor.py:183} INFO - Processing /opt/airflow/dags/newyork_fhv_pipeline.py took 0.183 seconds
[2026-05-09T02:58:24.446+0000] {processor.py:161} INFO - Started process (PID=3870) to work on /opt/airflow/dags/newyork_fhv_pipeline.py
[2026-05-09T02:58:24.448+0000] {processor.py:830} INFO - Processing file /opt/airflow/dags/newyork_fhv_pipeline.py for tasks to queue
[2026-05-09T02:58:24.450+0000] {logging_mixin.py:188} INFO - [2026-05-09T02:58:24.450+0000] {dagbag.py:545} INFO - Filling up the DagBag from /opt/airflow/dags/newyork_fhv_pipeline.py
[2026-05-09T02:58:24.494+0000] {processor.py:840} INFO - DAG(s) 'newyork_fhv_pipeline' retrieved from /opt/airflow/dags/newyork_fhv_pipeline.py
[2026-05-09T02:58:24.525+0000] {logging_mixin.py:188} INFO - [2026-05-09T02:58:24.524+0000] {dag.py:3096} INFO - Sync 1 DAGs
[2026-05-09T02:58:24.552+0000] {logging_mixin.py:188} INFO - [2026-05-09T02:58:24.552+0000] {dag.py:3954} INFO - Setting next_dagrun for newyork_fhv_pipeline to 2026-05-01 00:00:00+00:00, run_after=2026-06-01 00:00:00+00:00
[2026-05-09T02:58:24.576+0000] {processor.py:183} INFO - Processing /opt/airflow/dags/newyork_fhv_pipeline.py took 0.136 seconds
[2026-05-09T02:58:55.502+0000] {processor.py:161} INFO - Started process (PID=3881) to work on /opt/airflow/dags/newyork_fhv_pipeline.py
[2026-05-09T02:58:55.503+0000] {processor.py:830} INFO - Processing file /opt/airflow/dags/newyork_fhv_pipeline.py for tasks to queue
[2026-05-09T02:58:55.506+0000] {logging_mixin.py:188} INFO - [2026-05-09T02:58:55.506+0000] {dagbag.py:545} INFO - Filling up the DagBag from /opt/airflow/dags/newyork_fhv_pipeline.py
[2026-05-09T02:58:55.550+0000] {processor.py:840} INFO - DAG(s) 'newyork_fhv_pipeline' retrieved from /opt/airflow/dags/newyork_fhv_pipeline.py
[2026-05-09T02:58:55.584+0000] {logging_mixin.py:188} INFO - [2026-05-09T02:58:55.584+0000] {dag.py:3096} INFO - Sync 1 DAGs
[2026-05-09T02:58:55.611+0000] {logging_mixin.py:188} INFO - [2026-05-09T02:58:55.611+0000] {dag.py:3954} INFO - Setting next_dagrun for newyork_fhv_pipeline to 2026-05-01 00:00:00+00:00, run_after=2026-06-01 00:00:00+00:00
[2026-05-09T02:58:55.634+0000] {processor.py:183} INFO - Processing /opt/airflow/dags/newyork_fhv_pipeline.py took 0.140 seconds
[2026-05-09T02:59:26.554+0000] {processor.py:161} INFO - Started process (PID=3892) to work on /opt/airflow/dags/newyork_fhv_pipeline.py
[2026-05-09T02:59:26.557+0000] {processor.py:830} INFO - Processing file /opt/airflow/dags/newyork_fhv_pipeline.py for tasks to queue
[2026-05-09T02:59:26.561+0000] {logging_mixin.py:188} INFO - [2026-05-09T02:59:26.560+0000] {dagbag.py:545} INFO - Filling up the DagBag from /opt/airflow/dags/newyork_fhv_pipeline.py
[2026-05-09T02:59:26.607+0000] {processor.py:840} INFO - DAG(s) 'newyork_fhv_pipeline' retrieved from /opt/airflow/dags/newyork_fhv_pipeline.py
[2026-05-09T02:59:26.632+0000] {logging_mixin.py:188} INFO - [2026-05-09T02:59:26.632+0000] {dag.py:3096} INFO - Sync 1 DAGs
[2026-05-09T02:59:26.659+0000] {logging_mixin.py:188} INFO - [2026-05-09T02:59:26.658+0000] {dag.py:3954} INFO - Setting next_dagrun for newyork_fhv_pipeline to 2026-05-01 00:00:00+00:00, run_after=2026-06-01 00:00:00+00:00
[2026-05-09T02:59:26.688+0000] {processor.py:183} INFO - Processing /opt/airflow/dags/newyork_fhv_pipeline.py took 0.145 seconds
[2026-05-09T02:59:57.434+0000] {processor.py:161} INFO - Started process (PID=3904) to work on /opt/airflow/dags/newyork_fhv_pipeline.py
[2026-05-09T02:59:57.435+0000] {processor.py:830} INFO - Processing file /opt/airflow/dags/newyork_fhv_pipeline.py for tasks to queue
[2026-05-09T02:59:57.438+0000] {logging_mixin.py:188} INFO - [2026-05-09T02:59:57.437+0000] {dagbag.py:545} INFO - Filling up the DagBag from /opt/airflow/dags/newyork_fhv_pipeline.py
[2026-05-09T02:59:57.462+0000] {processor.py:840} INFO - DAG(s) 'newyork_fhv_pipeline' retrieved from /opt/airflow/dags/newyork_fhv_pipeline.py
[2026-05-09T02:59:57.492+0000] {logging_mixin.py:188} INFO - [2026-05-09T02:59:57.492+0000] {dag.py:3096} INFO - Sync 1 DAGs
[2026-05-09T02:59:57.520+0000] {logging_mixin.py:188} INFO - [2026-05-09T02:59:57.520+0000] {dag.py:3954} INFO - Setting next_dagrun for newyork_fhv_pipeline to 2026-05-01 00:00:00+00:00, run_after=2026-06-01 00:00:00+00:00
[2026-05-09T02:59:57.543+0000] {processor.py:183} INFO - Processing /opt/airflow/dags/newyork_fhv_pipeline.py took 0.116 seconds
[2026-05-09T03:00:28.369+0000] {processor.py:161} INFO - Started process (PID=3915) to work on /opt/airflow/dags/newyork_fhv_pipeline.py
[2026-05-09T03:00:28.370+0000] {processor.py:830} INFO - Processing file /opt/airflow/dags/newyork_fhv_pipeline.py for tasks to queue
[2026-05-09T03:00:28.373+0000] {logging_mixin.py:188} INFO - [2026-05-09T03:00:28.372+0000] {dagbag.py:545} INFO - Filling up the DagBag from /opt/airflow/dags/newyork_fhv_pipeline.py
[2026-05-09T03:00:28.436+0000] {processor.py:840} INFO - DAG(s) 'newyork_fhv_pipeline' retrieved from /opt/airflow/dags/newyork_fhv_pipeline.py
[2026-05-09T03:00:28.465+0000] {logging_mixin.py:188} INFO - [2026-05-09T03:00:28.465+0000] {dag.py:3096} INFO - Sync 1 DAGs
[2026-05-09T03:00:28.492+0000] {logging_mixin.py:188} INFO - [2026-05-09T03:00:28.492+0000] {dag.py:3954} INFO - Setting next_dagrun for newyork_fhv_pipeline to 2026-05-01 00:00:00+00:00, run_after=2026-06-01 00:00:00+00:00
[2026-05-09T03:00:28.518+0000] {processor.py:183} INFO - Processing /opt/airflow/dags/newyork_fhv_pipeline.py took 0.155 seconds
[2026-05-09T03:00:59.214+0000] {processor.py:161} INFO - Started process (PID=3926) to work on /opt/airflow/dags/newyork_fhv_pipeline.py
[2026-05-09T03:00:59.217+0000] {processor.py:830} INFO - Processing file /opt/airflow/dags/newyork_fhv_pipeline.py for tasks to queue
[2026-05-09T03:00:59.222+0000] {logging_mixin.py:188} INFO - [2026-05-09T03:00:59.222+0000] {dagbag.py:545} INFO - Filling up the DagBag from /opt/airflow/dags/newyork_fhv_pipeline.py
[2026-05-09T03:00:59.265+0000] {processor.py:840} INFO - DAG(s) 'newyork_fhv_pipeline' retrieved from /opt/airflow/dags/newyork_fhv_pipeline.py
[2026-05-09T03:00:59.296+0000] {logging_mixin.py:188} INFO - [2026-05-09T03:00:59.295+0000] {dag.py:3096} INFO - Sync 1 DAGs
[2026-05-09T03:00:59.324+0000] {logging_mixin.py:188} INFO - [2026-05-09T03:00:59.323+0000] {dag.py:3954} INFO - Setting next_dagrun for newyork_fhv_pipeline to 2026-05-01 00:00:00+00:00, run_after=2026-06-01 00:00:00+00:00
[2026-05-09T03:00:59.348+0000] {processor.py:183} INFO - Processing /opt/airflow/dags/newyork_fhv_pipeline.py took 0.150 seconds
[2026-05-09T03:01:30.078+0000] {processor.py:161} INFO - Started process (PID=3937) to work on /opt/airflow/dags/newyork_fhv_pipeline.py
[2026-05-09T03:01:30.079+0000] {processor.py:830} INFO - Processing file /opt/airflow/dags/newyork_fhv_pipeline.py for tasks to queue
[2026-05-09T03:01:30.081+0000] {logging_mixin.py:188} INFO - [2026-05-09T03:01:30.081+0000] {dagbag.py:545} INFO - Filling up the DagBag from /opt/airflow/dags/newyork_fhv_pipeline.py
[2026-05-09T03:01:30.106+0000] {processor.py:840} INFO - DAG(s) 'newyork_fhv_pipeline' retrieved from /opt/airflow/dags/newyork_fhv_pipeline.py
[2026-05-09T03:01:30.132+0000] {logging_mixin.py:188} INFO - [2026-05-09T03:01:30.131+0000] {dag.py:3096} INFO - Sync 1 DAGs
[2026-05-09T03:01:30.159+0000] {logging_mixin.py:188} INFO - [2026-05-09T03:01:30.159+0000] {dag.py:3954} INFO - Setting next_dagrun for newyork_fhv_pipeline to 2026-05-01 00:00:00+00:00, run_after=2026-06-01 00:00:00+00:00
[2026-05-09T03:01:30.188+0000] {processor.py:183} INFO - Processing /opt/airflow/dags/newyork_fhv_pipeline.py took 0.119 seconds
[2026-05-09T03:02:01.013+0000] {processor.py:161} INFO - Started process (PID=3948) to work on /opt/airflow/dags/newyork_fhv_pipeline.py
[2026-05-09T03:02:01.015+0000] {processor.py:830} INFO - Processing file /opt/airflow/dags/newyork_fhv_pipeline.py for tasks to queue
[2026-05-09T03:02:01.018+0000] {logging_mixin.py:188} INFO - [2026-05-09T03:02:01.017+0000] {dagbag.py:545} INFO - Filling up the DagBag from /opt/airflow/dags/newyork_fhv_pipeline.py
[2026-05-09T03:02:01.045+0000] {processor.py:840} INFO - DAG(s) 'newyork_fhv_pipeline' retrieved from /opt/airflow/dags/newyork_fhv_pipeline.py
[2026-05-09T03:02:01.072+0000] {logging_mixin.py:188} INFO - [2026-05-09T03:02:01.072+0000] {dag.py:3096} INFO - Sync 1 DAGs
[2026-05-09T03:02:01.099+0000] {logging_mixin.py:188} INFO - [2026-05-09T03:02:01.099+0000] {dag.py:3954} INFO - Setting next_dagrun for newyork_fhv_pipeline to 2026-05-01 00:00:00+00:00, run_after=2026-06-01 00:00:00+00:00
[2026-05-09T03:02:01.122+0000] {processor.py:183} INFO - Processing /opt/airflow/dags/newyork_fhv_pipeline.py took 0.119 seconds
[2026-05-09T03:02:31.753+0000] {processor.py:161} INFO - Started process (PID=3959) to work on /opt/airflow/dags/newyork_fhv_pipeline.py
[2026-05-09T03:02:31.755+0000] {processor.py:830} INFO - Processing file /opt/airflow/dags/newyork_fhv_pipeline.py for tasks to queue
[2026-05-09T03:02:31.758+0000] {logging_mixin.py:188} INFO - [2026-05-09T03:02:31.758+0000] {dagbag.py:545} INFO - Filling up the DagBag from /opt/airflow/dags/newyork_fhv_pipeline.py
[2026-05-09T03:02:31.805+0000] {processor.py:840} INFO - DAG(s) 'newyork_fhv_pipeline' retrieved from /opt/airflow/dags/newyork_fhv_pipeline.py
[2026-05-09T03:02:31.834+0000] {logging_mixin.py:188} INFO - [2026-05-09T03:02:31.834+0000] {dag.py:3096} INFO - Sync 1 DAGs
[2026-05-09T03:02:31.860+0000] {logging_mixin.py:188} INFO - [2026-05-09T03:02:31.860+0000] {dag.py:3954} INFO - Setting next_dagrun for newyork_fhv_pipeline to 2026-05-01 00:00:00+00:00, run_after=2026-06-01 00:00:00+00:00
[2026-05-09T03:02:31.887+0000] {processor.py:183} INFO - Processing /opt/airflow/dags/newyork_fhv_pipeline.py took 0.141 seconds
[2026-05-09T03:03:02.554+0000] {processor.py:161} INFO - Started process (PID=3970) to work on /opt/airflow/dags/newyork_fhv_pipeline.py
[2026-05-09T03:03:02.556+0000] {processor.py:830} INFO - Processing file /opt/airflow/dags/newyork_fhv_pipeline.py for tasks to queue
[2026-05-09T03:03:02.560+0000] {logging_mixin.py:188} INFO - [2026-05-09T03:03:02.560+0000] {dagbag.py:545} INFO - Filling up the DagBag from /opt/airflow/dags/newyork_fhv_pipeline.py
[2026-05-09T03:03:02.615+0000] {processor.py:840} INFO - DAG(s) 'newyork_fhv_pipeline' retrieved from /opt/airflow/dags/newyork_fhv_pipeline.py
[2026-05-09T03:03:02.652+0000] {logging_mixin.py:188} INFO - [2026-05-09T03:03:02.652+0000] {dag.py:3096} INFO - Sync 1 DAGs
[2026-05-09T03:03:02.682+0000] {logging_mixin.py:188} INFO - [2026-05-09T03:03:02.682+0000] {dag.py:3954} INFO - Setting next_dagrun for newyork_fhv_pipeline to 2026-05-01 00:00:00+00:00, run_after=2026-06-01 00:00:00+00:00
[2026-05-09T03:03:02.712+0000] {processor.py:183} INFO - Processing /opt/airflow/dags/newyork_fhv_pipeline.py took 0.167 seconds
[2026-05-09T03:03:33.496+0000] {processor.py:161} INFO - Started process (PID=3981) to work on /opt/airflow/dags/newyork_fhv_pipeline.py
[2026-05-09T03:03:33.497+0000] {processor.py:830} INFO - Processing file /opt/airflow/dags/newyork_fhv_pipeline.py for tasks to queue
[2026-05-09T03:03:33.500+0000] {logging_mixin.py:188} INFO - [2026-05-09T03:03:33.499+0000] {dagbag.py:545} INFO - Filling up the DagBag from /opt/airflow/dags/newyork_fhv_pipeline.py
[2026-05-09T03:03:33.538+0000] {processor.py:840} INFO - DAG(s) 'newyork_fhv_pipeline' retrieved from /opt/airflow/dags/newyork_fhv_pipeline.py
[2026-05-09T03:03:33.566+0000] {logging_mixin.py:188} INFO - [2026-05-09T03:03:33.566+0000] {dag.py:3096} INFO - Sync 1 DAGs
[2026-05-09T03:03:33.592+0000] {logging_mixin.py:188} INFO - [2026-05-09T03:03:33.592+0000] {dag.py:3954} INFO - Setting next_dagrun for newyork_fhv_pipeline to 2026-05-01 00:00:00+00:00, run_after=2026-06-01 00:00:00+00:00
[2026-05-09T03:03:33.617+0000] {processor.py:183} INFO - Processing /opt/airflow/dags/newyork_fhv_pipeline.py took 0.130 seconds
[2026-05-09T03:04:04.619+0000] {processor.py:161} INFO - Started process (PID=3992) to work on /opt/airflow/dags/newyork_fhv_pipeline.py
[2026-05-09T03:04:04.620+0000] {processor.py:830} INFO - Processing file /opt/airflow/dags/newyork_fhv_pipeline.py for tasks to queue
[2026-05-09T03:04:04.623+0000] {logging_mixin.py:188} INFO - [2026-05-09T03:04:04.622+0000] {dagbag.py:545} INFO - Filling up the DagBag from /opt/airflow/dags/newyork_fhv_pipeline.py
[2026-05-09T03:04:04.662+0000] {processor.py:840} INFO - DAG(s) 'newyork_fhv_pipeline' retrieved from /opt/airflow/dags/newyork_fhv_pipeline.py
[2026-05-09T03:04:04.690+0000] {logging_mixin.py:188} INFO - [2026-05-09T03:04:04.690+0000] {dag.py:3096} INFO - Sync 1 DAGs
[2026-05-09T03:04:04.716+0000] {logging_mixin.py:188} INFO - [2026-05-09T03:04:04.715+0000] {dag.py:3954} INFO - Setting next_dagrun for newyork_fhv_pipeline to 2026-05-01 00:00:00+00:00, run_after=2026-06-01 00:00:00+00:00
[2026-05-09T03:04:04.744+0000] {processor.py:183} INFO - Processing /opt/airflow/dags/newyork_fhv_pipeline.py took 0.136 seconds
[2026-05-09T03:04:35.545+0000] {processor.py:161} INFO - Started process (PID=4003) to work on /opt/airflow/dags/newyork_fhv_pipeline.py
[2026-05-09T03:04:35.547+0000] {processor.py:830} INFO - Processing file /opt/airflow/dags/newyork_fhv_pipeline.py for tasks to queue
[2026-05-09T03:04:35.550+0000] {logging_mixin.py:188} INFO - [2026-05-09T03:04:35.550+0000] {dagbag.py:545} INFO - Filling up the DagBag from /opt/airflow/dags/newyork_fhv_pipeline.py
[2026-05-09T03:04:35.594+0000] {processor.py:840} INFO - DAG(s) 'newyork_fhv_pipeline' retrieved from /opt/airflow/dags/newyork_fhv_pipeline.py
[2026-05-09T03:04:35.625+0000] {logging_mixin.py:188} INFO - [2026-05-09T03:04:35.624+0000] {dag.py:3096} INFO - Sync 1 DAGs
[2026-05-09T03:04:35.650+0000] {logging_mixin.py:188} INFO - [2026-05-09T03:04:35.649+0000] {dag.py:3954} INFO - Setting next_dagrun for newyork_fhv_pipeline to 2026-05-01 00:00:00+00:00, run_after=2026-06-01 00:00:00+00:00
[2026-05-09T03:04:35.673+0000] {processor.py:183} INFO - Processing /opt/airflow/dags/newyork_fhv_pipeline.py took 0.135 seconds
[2026-05-09T03:05:05.761+0000] {processor.py:161} INFO - Started process (PID=4014) to work on /opt/airflow/dags/newyork_fhv_pipeline.py
[2026-05-09T03:05:05.763+0000] {processor.py:830} INFO - Processing file /opt/airflow/dags/newyork_fhv_pipeline.py for tasks to queue
[2026-05-09T03:05:05.767+0000] {logging_mixin.py:188} INFO - [2026-05-09T03:05:05.766+0000] {dagbag.py:545} INFO - Filling up the DagBag from /opt/airflow/dags/newyork_fhv_pipeline.py
[2026-05-09T03:05:05.822+0000] {processor.py:840} INFO - DAG(s) 'newyork_fhv_pipeline' retrieved from /opt/airflow/dags/newyork_fhv_pipeline.py
[2026-05-09T03:05:05.852+0000] {logging_mixin.py:188} INFO - [2026-05-09T03:05:05.852+0000] {dag.py:3096} INFO - Sync 1 DAGs
[2026-05-09T03:05:05.881+0000] {logging_mixin.py:188} INFO - [2026-05-09T03:05:05.881+0000] {dag.py:3954} INFO - Setting next_dagrun for newyork_fhv_pipeline to 2026-05-01 00:00:00+00:00, run_after=2026-06-01 00:00:00+00:00
[2026-05-09T03:05:05.908+0000] {processor.py:183} INFO - Processing /opt/airflow/dags/newyork_fhv_pipeline.py took 0.157 seconds
[2026-05-09T03:05:36.863+0000] {processor.py:161} INFO - Started process (PID=4025) to work on /opt/airflow/dags/newyork_fhv_pipeline.py
[2026-05-09T03:05:36.867+0000] {processor.py:830} INFO - Processing file /opt/airflow/dags/newyork_fhv_pipeline.py for tasks to queue
[2026-05-09T03:05:36.872+0000] {logging_mixin.py:188} INFO - [2026-05-09T03:05:36.872+0000] {dagbag.py:545} INFO - Filling up the DagBag from /opt/airflow/dags/newyork_fhv_pipeline.py
[2026-05-09T03:05:36.924+0000] {processor.py:840} INFO - DAG(s) 'newyork_fhv_pipeline' retrieved from /opt/airflow/dags/newyork_fhv_pipeline.py
[2026-05-09T03:05:36.955+0000] {logging_mixin.py:188} INFO - [2026-05-09T03:05:36.955+0000] {dag.py:3096} INFO - Sync 1 DAGs
[2026-05-09T03:05:36.983+0000] {logging_mixin.py:188} INFO - [2026-05-09T03:05:36.983+0000] {dag.py:3954} INFO - Setting next_dagrun for newyork_fhv_pipeline to 2026-05-01 00:00:00+00:00, run_after=2026-06-01 00:00:00+00:00
[2026-05-09T03:05:37.010+0000] {processor.py:183} INFO - Processing /opt/airflow/dags/newyork_fhv_pipeline.py took 0.160 seconds
[2026-05-09T03:06:07.931+0000] {processor.py:161} INFO - Started process (PID=4036) to work on /opt/airflow/dags/newyork_fhv_pipeline.py
[2026-05-09T03:06:07.934+0000] {processor.py:830} INFO - Processing file /opt/airflow/dags/newyork_fhv_pipeline.py for tasks to queue
[2026-05-09T03:06:07.940+0000] {logging_mixin.py:188} INFO - [2026-05-09T03:06:07.938+0000] {dagbag.py:545} INFO - Filling up the DagBag from /opt/airflow/dags/newyork_fhv_pipeline.py
[2026-05-09T03:06:07.993+0000] {processor.py:840} INFO - DAG(s) 'newyork_fhv_pipeline' retrieved from /opt/airflow/dags/newyork_fhv_pipeline.py
[2026-05-09T03:06:08.026+0000] {logging_mixin.py:188} INFO - [2026-05-09T03:06:08.025+0000] {dag.py:3096} INFO - Sync 1 DAGs
[2026-05-09T03:06:08.064+0000] {logging_mixin.py:188} INFO - [2026-05-09T03:06:08.064+0000] {dag.py:3954} INFO - Setting next_dagrun for newyork_fhv_pipeline to 2026-05-01 00:00:00+00:00, run_after=2026-06-01 00:00:00+00:00
[2026-05-09T03:06:08.099+0000] {processor.py:183} INFO - Processing /opt/airflow/dags/newyork_fhv_pipeline.py took 0.180 seconds
[2026-05-09T03:06:38.930+0000] {processor.py:161} INFO - Started process (PID=4047) to work on /opt/airflow/dags/newyork_fhv_pipeline.py
[2026-05-09T03:06:38.932+0000] {processor.py:830} INFO - Processing file /opt/airflow/dags/newyork_fhv_pipeline.py for tasks to queue
[2026-05-09T03:06:38.936+0000] {logging_mixin.py:188} INFO - [2026-05-09T03:06:38.935+0000] {dagbag.py:545} INFO - Filling up the DagBag from /opt/airflow/dags/newyork_fhv_pipeline.py
[2026-05-09T03:06:38.977+0000] {processor.py:840} INFO - DAG(s) 'newyork_fhv_pipeline' retrieved from /opt/airflow/dags/newyork_fhv_pipeline.py
[2026-05-09T03:06:39.006+0000] {logging_mixin.py:188} INFO - [2026-05-09T03:06:39.006+0000] {dag.py:3096} INFO - Sync 1 DAGs
[2026-05-09T03:06:39.036+0000] {logging_mixin.py:188} INFO - [2026-05-09T03:06:39.035+0000] {dag.py:3954} INFO - Setting next_dagrun for newyork_fhv_pipeline to 2026-05-01 00:00:00+00:00, run_after=2026-06-01 00:00:00+00:00
[2026-05-09T03:06:39.067+0000] {processor.py:183} INFO - Processing /opt/airflow/dags/newyork_fhv_pipeline.py took 0.146 seconds
[2026-05-09T03:07:09.850+0000] {processor.py:161} INFO - Started process (PID=4058) to work on /opt/airflow/dags/newyork_fhv_pipeline.py
[2026-05-09T03:07:09.851+0000] {processor.py:830} INFO - Processing file /opt/airflow/dags/newyork_fhv_pipeline.py for tasks to queue
[2026-05-09T03:07:09.853+0000] {logging_mixin.py:188} INFO - [2026-05-09T03:07:09.853+0000] {dagbag.py:545} INFO - Filling up the DagBag from /opt/airflow/dags/newyork_fhv_pipeline.py
[2026-05-09T03:07:09.897+0000] {processor.py:840} INFO - DAG(s) 'newyork_fhv_pipeline' retrieved from /opt/airflow/dags/newyork_fhv_pipeline.py
[2026-05-09T03:07:09.922+0000] {logging_mixin.py:188} INFO - [2026-05-09T03:07:09.922+0000] {dag.py:3096} INFO - Sync 1 DAGs
[2026-05-09T03:07:09.949+0000] {logging_mixin.py:188} INFO - [2026-05-09T03:07:09.949+0000] {dag.py:3954} INFO - Setting next_dagrun for newyork_fhv_pipeline to 2026-05-01 00:00:00+00:00, run_after=2026-06-01 00:00:00+00:00
[2026-05-09T03:07:09.975+0000] {processor.py:183} INFO - Processing /opt/airflow/dags/newyork_fhv_pipeline.py took 0.132 seconds
[2026-05-09T03:07:40.050+0000] {processor.py:161} INFO - Started process (PID=4069) to work on /opt/airflow/dags/newyork_fhv_pipeline.py
[2026-05-09T03:07:40.052+0000] {processor.py:830} INFO - Processing file /opt/airflow/dags/newyork_fhv_pipeline.py for tasks to queue
[2026-05-09T03:07:40.055+0000] {logging_mixin.py:188} INFO - [2026-05-09T03:07:40.054+0000] {dagbag.py:545} INFO - Filling up the DagBag from /opt/airflow/dags/newyork_fhv_pipeline.py
[2026-05-09T03:07:40.087+0000] {processor.py:840} INFO - DAG(s) 'newyork_fhv_pipeline' retrieved from /opt/airflow/dags/newyork_fhv_pipeline.py
[2026-05-09T03:07:40.113+0000] {logging_mixin.py:188} INFO - [2026-05-09T03:07:40.113+0000] {dag.py:3096} INFO - Sync 1 DAGs
[2026-05-09T03:07:40.140+0000] {logging_mixin.py:188} INFO - [2026-05-09T03:07:40.140+0000] {dag.py:3954} INFO - Setting next_dagrun for newyork_fhv_pipeline to 2026-05-01 00:00:00+00:00, run_after=2026-06-01 00:00:00+00:00
[2026-05-09T03:07:40.168+0000] {processor.py:183} INFO - Processing /opt/airflow/dags/newyork_fhv_pipeline.py took 0.126 seconds
[2026-05-09T03:08:10.955+0000] {processor.py:161} INFO - Started process (PID=4080) to work on /opt/airflow/dags/newyork_fhv_pipeline.py
[2026-05-09T03:08:10.957+0000] {processor.py:830} INFO - Processing file /opt/airflow/dags/newyork_fhv_pipeline.py for tasks to queue
[2026-05-09T03:08:10.959+0000] {logging_mixin.py:188} INFO - [2026-05-09T03:08:10.959+0000] {dagbag.py:545} INFO - Filling up the DagBag from /opt/airflow/dags/newyork_fhv_pipeline.py
[2026-05-09T03:08:10.998+0000] {processor.py:840} INFO - DAG(s) 'newyork_fhv_pipeline' retrieved from /opt/airflow/dags/newyork_fhv_pipeline.py
[2026-05-09T03:08:11.028+0000] {logging_mixin.py:188} INFO - [2026-05-09T03:08:11.027+0000] {dag.py:3096} INFO - Sync 1 DAGs
[2026-05-09T03:08:11.056+0000] {logging_mixin.py:188} INFO - [2026-05-09T03:08:11.056+0000] {dag.py:3954} INFO - Setting next_dagrun for newyork_fhv_pipeline to 2026-05-01 00:00:00+00:00, run_after=2026-06-01 00:00:00+00:00
[2026-05-09T03:08:11.087+0000] {processor.py:183} INFO - Processing /opt/airflow/dags/newyork_fhv_pipeline.py took 0.139 seconds
[2026-05-09T03:08:41.772+0000] {processor.py:161} INFO - Started process (PID=4091) to work on /opt/airflow/dags/newyork_fhv_pipeline.py
[2026-05-09T03:08:41.773+0000] {processor.py:830} INFO - Processing file /opt/airflow/dags/newyork_fhv_pipeline.py for tasks to queue
[2026-05-09T03:08:41.776+0000] {logging_mixin.py:188} INFO - [2026-05-09T03:08:41.775+0000] {dagbag.py:545} INFO - Filling up the DagBag from /opt/airflow/dags/newyork_fhv_pipeline.py
[2026-05-09T03:08:41.800+0000] {processor.py:840} INFO - DAG(s) 'newyork_fhv_pipeline' retrieved from /opt/airflow/dags/newyork_fhv_pipeline.py
[2026-05-09T03:08:41.828+0000] {logging_mixin.py:188} INFO - [2026-05-09T03:08:41.828+0000] {dag.py:3096} INFO - Sync 1 DAGs
[2026-05-09T03:08:41.856+0000] {logging_mixin.py:188} INFO - [2026-05-09T03:08:41.856+0000] {dag.py:3954} INFO - Setting next_dagrun for newyork_fhv_pipeline to 2026-05-01 00:00:00+00:00, run_after=2026-06-01 00:00:00+00:00
[2026-05-09T03:08:41.884+0000] {processor.py:183} INFO - Processing /opt/airflow/dags/newyork_fhv_pipeline.py took 0.119 seconds
[2026-05-09T03:09:12.547+0000] {processor.py:161} INFO - Started process (PID=4102) to work on /opt/airflow/dags/newyork_fhv_pipeline.py
[2026-05-09T03:09:12.549+0000] {processor.py:830} INFO - Processing file /opt/airflow/dags/newyork_fhv_pipeline.py for tasks to queue
[2026-05-09T03:09:12.551+0000] {logging_mixin.py:188} INFO - [2026-05-09T03:09:12.551+0000] {dagbag.py:545} INFO - Filling up the DagBag from /opt/airflow/dags/newyork_fhv_pipeline.py
[2026-05-09T03:09:12.592+0000] {processor.py:840} INFO - DAG(s) 'newyork_fhv_pipeline' retrieved from /opt/airflow/dags/newyork_fhv_pipeline.py
[2026-05-09T03:09:12.626+0000] {logging_mixin.py:188} INFO - [2026-05-09T03:09:12.626+0000] {dag.py:3096} INFO - Sync 1 DAGs
[2026-05-09T03:09:12.653+0000] {logging_mixin.py:188} INFO - [2026-05-09T03:09:12.653+0000] {dag.py:3954} INFO - Setting next_dagrun for newyork_fhv_pipeline to 2026-05-01 00:00:00+00:00, run_after=2026-06-01 00:00:00+00:00
[2026-05-09T03:09:12.682+0000] {processor.py:183} INFO - Processing /opt/airflow/dags/newyork_fhv_pipeline.py took 0.143 seconds
[2026-05-09T03:09:43.490+0000] {processor.py:161} INFO - Started process (PID=4113) to work on /opt/airflow/dags/newyork_fhv_pipeline.py
[2026-05-09T03:09:43.492+0000] {processor.py:830} INFO - Processing file /opt/airflow/dags/newyork_fhv_pipeline.py for tasks to queue
[2026-05-09T03:09:43.495+0000] {logging_mixin.py:188} INFO - [2026-05-09T03:09:43.494+0000] {dagbag.py:545} INFO - Filling up the DagBag from /opt/airflow/dags/newyork_fhv_pipeline.py
[2026-05-09T03:09:43.521+0000] {processor.py:840} INFO - DAG(s) 'newyork_fhv_pipeline' retrieved from /opt/airflow/dags/newyork_fhv_pipeline.py
[2026-05-09T03:09:43.547+0000] {logging_mixin.py:188} INFO - [2026-05-09T03:09:43.547+0000] {dag.py:3096} INFO - Sync 1 DAGs
[2026-05-09T03:09:43.573+0000] {logging_mixin.py:188} INFO - [2026-05-09T03:09:43.573+0000] {dag.py:3954} INFO - Setting next_dagrun for newyork_fhv_pipeline to 2026-05-01 00:00:00+00:00, run_after=2026-06-01 00:00:00+00:00
[2026-05-09T03:09:43.603+0000] {processor.py:183} INFO - Processing /opt/airflow/dags/newyork_fhv_pipeline.py took 0.123 seconds
[2026-05-09T03:10:14.429+0000] {processor.py:161} INFO - Started process (PID=4124) to work on /opt/airflow/dags/newyork_fhv_pipeline.py
[2026-05-09T03:10:14.430+0000] {processor.py:830} INFO - Processing file /opt/airflow/dags/newyork_fhv_pipeline.py for tasks to queue
[2026-05-09T03:10:14.434+0000] {logging_mixin.py:188} INFO - [2026-05-09T03:10:14.433+0000] {dagbag.py:545} INFO - Filling up the DagBag from /opt/airflow/dags/newyork_fhv_pipeline.py
[2026-05-09T03:10:14.484+0000] {processor.py:840} INFO - DAG(s) 'newyork_fhv_pipeline' retrieved from /opt/airflow/dags/newyork_fhv_pipeline.py
[2026-05-09T03:10:14.516+0000] {logging_mixin.py:188} INFO - [2026-05-09T03:10:14.516+0000] {dag.py:3096} INFO - Sync 1 DAGs
[2026-05-09T03:10:14.543+0000] {logging_mixin.py:188} INFO - [2026-05-09T03:10:14.543+0000] {dag.py:3954} INFO - Setting next_dagrun for newyork_fhv_pipeline to 2026-05-01 00:00:00+00:00, run_after=2026-06-01 00:00:00+00:00
[2026-05-09T03:10:14.567+0000] {processor.py:183} INFO - Processing /opt/airflow/dags/newyork_fhv_pipeline.py took 0.145 seconds
[2026-05-09T03:10:45.344+0000] {processor.py:161} INFO - Started process (PID=4135) to work on /opt/airflow/dags/newyork_fhv_pipeline.py
[2026-05-09T03:10:45.345+0000] {processor.py:830} INFO - Processing file /opt/airflow/dags/newyork_fhv_pipeline.py for tasks to queue
[2026-05-09T03:10:45.347+0000] {logging_mixin.py:188} INFO - [2026-05-09T03:10:45.347+0000] {dagbag.py:545} INFO - Filling up the DagBag from /opt/airflow/dags/newyork_fhv_pipeline.py
[2026-05-09T03:10:45.376+0000] {processor.py:840} INFO - DAG(s) 'newyork_fhv_pipeline' retrieved from /opt/airflow/dags/newyork_fhv_pipeline.py
[2026-05-09T03:10:45.402+0000] {logging_mixin.py:188} INFO - [2026-05-09T03:10:45.402+0000] {dag.py:3096} INFO - Sync 1 DAGs
[2026-05-09T03:10:45.428+0000] {logging_mixin.py:188} INFO - [2026-05-09T03:10:45.427+0000] {dag.py:3954} INFO - Setting next_dagrun for newyork_fhv_pipeline to 2026-05-01 00:00:00+00:00, run_after=2026-06-01 00:00:00+00:00
[2026-05-09T03:10:45.452+0000] {processor.py:183} INFO - Processing /opt/airflow/dags/newyork_fhv_pipeline.py took 0.117 seconds
[2026-05-09T03:11:16.183+0000] {processor.py:161} INFO - Started process (PID=4146) to work on /opt/airflow/dags/newyork_fhv_pipeline.py
[2026-05-09T03:11:16.185+0000] {processor.py:830} INFO - Processing file /opt/airflow/dags/newyork_fhv_pipeline.py for tasks to queue
[2026-05-09T03:11:16.188+0000] {logging_mixin.py:188} INFO - [2026-05-09T03:11:16.187+0000] {dagbag.py:545} INFO - Filling up the DagBag from /opt/airflow/dags/newyork_fhv_pipeline.py
[2026-05-09T03:11:16.221+0000] {processor.py:840} INFO - DAG(s) 'newyork_fhv_pipeline' retrieved from /opt/airflow/dags/newyork_fhv_pipeline.py
[2026-05-09T03:11:16.250+0000] {logging_mixin.py:188} INFO - [2026-05-09T03:11:16.250+0000] {dag.py:3096} INFO - Sync 1 DAGs
[2026-05-09T03:11:16.278+0000] {logging_mixin.py:188} INFO - [2026-05-09T03:11:16.277+0000] {dag.py:3954} INFO - Setting next_dagrun for newyork_fhv_pipeline to 2026-05-01 00:00:00+00:00, run_after=2026-06-01 00:00:00+00:00
[2026-05-09T03:11:16.304+0000] {processor.py:183} INFO - Processing /opt/airflow/dags/newyork_fhv_pipeline.py took 0.129 seconds
[2026-05-09T03:11:47.112+0000] {processor.py:161} INFO - Started process (PID=4157) to work on /opt/airflow/dags/newyork_fhv_pipeline.py
[2026-05-09T03:11:47.114+0000] {processor.py:830} INFO - Processing file /opt/airflow/dags/newyork_fhv_pipeline.py for tasks to queue
[2026-05-09T03:11:47.118+0000] {logging_mixin.py:188} INFO - [2026-05-09T03:11:47.118+0000] {dagbag.py:545} INFO - Filling up the DagBag from /opt/airflow/dags/newyork_fhv_pipeline.py
[2026-05-09T03:11:47.172+0000] {processor.py:840} INFO - DAG(s) 'newyork_fhv_pipeline' retrieved from /opt/airflow/dags/newyork_fhv_pipeline.py
[2026-05-09T03:11:47.204+0000] {logging_mixin.py:188} INFO - [2026-05-09T03:11:47.204+0000] {dag.py:3096} INFO - Sync 1 DAGs
[2026-05-09T03:11:47.241+0000] {logging_mixin.py:188} INFO - [2026-05-09T03:11:47.241+0000] {dag.py:3954} INFO - Setting next_dagrun for newyork_fhv_pipeline to 2026-05-01 00:00:00+00:00, run_after=2026-06-01 00:00:00+00:00
[2026-05-09T03:11:47.276+0000] {processor.py:183} INFO - Processing /opt/airflow/dags/newyork_fhv_pipeline.py took 0.176 seconds
[2026-05-09T03:12:18.157+0000] {processor.py:161} INFO - Started process (PID=4168) to work on /opt/airflow/dags/newyork_fhv_pipeline.py
[2026-05-09T03:12:18.158+0000] {processor.py:830} INFO - Processing file /opt/airflow/dags/newyork_fhv_pipeline.py for tasks to queue
[2026-05-09T03:12:18.161+0000] {logging_mixin.py:188} INFO - [2026-05-09T03:12:18.161+0000] {dagbag.py:545} INFO - Filling up the DagBag from /opt/airflow/dags/newyork_fhv_pipeline.py
[2026-05-09T03:12:18.202+0000] {processor.py:840} INFO - DAG(s) 'newyork_fhv_pipeline' retrieved from /opt/airflow/dags/newyork_fhv_pipeline.py
[2026-05-09T03:12:18.227+0000] {logging_mixin.py:188} INFO - [2026-05-09T03:12:18.227+0000] {dag.py:3096} INFO - Sync 1 DAGs
[2026-05-09T03:12:18.252+0000] {logging_mixin.py:188} INFO - [2026-05-09T03:12:18.252+0000] {dag.py:3954} INFO - Setting next_dagrun for newyork_fhv_pipeline to 2026-05-01 00:00:00+00:00, run_after=2026-06-01 00:00:00+00:00
[2026-05-09T03:12:18.278+0000] {processor.py:183} INFO - Processing /opt/airflow/dags/newyork_fhv_pipeline.py took 0.131 seconds
[2026-05-09T03:12:49.039+0000] {processor.py:161} INFO - Started process (PID=4179) to work on /opt/airflow/dags/newyork_fhv_pipeline.py
[2026-05-09T03:12:49.041+0000] {processor.py:830} INFO - Processing file /opt/airflow/dags/newyork_fhv_pipeline.py for tasks to queue
[2026-05-09T03:12:49.044+0000] {logging_mixin.py:188} INFO - [2026-05-09T03:12:49.044+0000] {dagbag.py:545} INFO - Filling up the DagBag from /opt/airflow/dags/newyork_fhv_pipeline.py
[2026-05-09T03:12:49.079+0000] {processor.py:840} INFO - DAG(s) 'newyork_fhv_pipeline' retrieved from /opt/airflow/dags/newyork_fhv_pipeline.py
[2026-05-09T03:12:49.107+0000] {logging_mixin.py:188} INFO - [2026-05-09T03:12:49.107+0000] {dag.py:3096} INFO - Sync 1 DAGs
[2026-05-09T03:12:49.133+0000] {logging_mixin.py:188} INFO - [2026-05-09T03:12:49.133+0000] {dag.py:3954} INFO - Setting next_dagrun for newyork_fhv_pipeline to 2026-05-01 00:00:00+00:00, run_after=2026-06-01 00:00:00+00:00
[2026-05-09T03:12:49.157+0000] {processor.py:183} INFO - Processing /opt/airflow/dags/newyork_fhv_pipeline.py took 0.128 seconds
[2026-05-09T03:13:19.810+0000] {processor.py:161} INFO - Started process (PID=4190) to work on /opt/airflow/dags/newyork_fhv_pipeline.py
[2026-05-09T03:13:19.813+0000] {processor.py:830} INFO - Processing file /opt/airflow/dags/newyork_fhv_pipeline.py for tasks to queue
[2026-05-09T03:13:19.818+0000] {logging_mixin.py:188} INFO - [2026-05-09T03:13:19.817+0000] {dagbag.py:545} INFO - Filling up the DagBag from /opt/airflow/dags/newyork_fhv_pipeline.py
[2026-05-09T03:13:19.865+0000] {processor.py:840} INFO - DAG(s) 'newyork_fhv_pipeline' retrieved from /opt/airflow/dags/newyork_fhv_pipeline.py
[2026-05-09T03:13:19.890+0000] {logging_mixin.py:188} INFO - [2026-05-09T03:13:19.890+0000] {dag.py:3096} INFO - Sync 1 DAGs
[2026-05-09T03:13:19.916+0000] {logging_mixin.py:188} INFO - [2026-05-09T03:13:19.915+0000] {dag.py:3954} INFO - Setting next_dagrun for newyork_fhv_pipeline to 2026-05-01 00:00:00+00:00, run_after=2026-06-01 00:00:00+00:00
[2026-05-09T03:13:19.943+0000] {processor.py:183} INFO - Processing /opt/airflow/dags/newyork_fhv_pipeline.py took 0.143 seconds
[2026-05-09T03:13:50.693+0000] {processor.py:161} INFO - Started process (PID=4201) to work on /opt/airflow/dags/newyork_fhv_pipeline.py
[2026-05-09T03:13:50.695+0000] {processor.py:830} INFO - Processing file /opt/airflow/dags/newyork_fhv_pipeline.py for tasks to queue
[2026-05-09T03:13:50.698+0000] {logging_mixin.py:188} INFO - [2026-05-09T03:13:50.697+0000] {dagbag.py:545} INFO - Filling up the DagBag from /opt/airflow/dags/newyork_fhv_pipeline.py
[2026-05-09T03:13:50.745+0000] {processor.py:840} INFO - DAG(s) 'newyork_fhv_pipeline' retrieved from /opt/airflow/dags/newyork_fhv_pipeline.py
[2026-05-09T03:13:50.783+0000] {logging_mixin.py:188} INFO - [2026-05-09T03:13:50.783+0000] {dag.py:3096} INFO - Sync 1 DAGs
[2026-05-09T03:13:50.815+0000] {logging_mixin.py:188} INFO - [2026-05-09T03:13:50.815+0000] {dag.py:3954} INFO - Setting next_dagrun for newyork_fhv_pipeline to 2026-05-01 00:00:00+00:00, run_after=2026-06-01 00:00:00+00:00
[2026-05-09T03:13:51.117+0000] {processor.py:183} INFO - Processing /opt/airflow/dags/newyork_fhv_pipeline.py took 0.432 seconds
[2026-05-09T03:14:21.291+0000] {processor.py:161} INFO - Started process (PID=4212) to work on /opt/airflow/dags/newyork_fhv_pipeline.py
[2026-05-09T03:14:21.292+0000] {processor.py:830} INFO - Processing file /opt/airflow/dags/newyork_fhv_pipeline.py for tasks to queue
[2026-05-09T03:14:21.295+0000] {logging_mixin.py:188} INFO - [2026-05-09T03:14:21.295+0000] {dagbag.py:545} INFO - Filling up the DagBag from /opt/airflow/dags/newyork_fhv_pipeline.py
[2026-05-09T03:14:21.329+0000] {processor.py:840} INFO - DAG(s) 'newyork_fhv_pipeline' retrieved from /opt/airflow/dags/newyork_fhv_pipeline.py
[2026-05-09T03:14:21.355+0000] {logging_mixin.py:188} INFO - [2026-05-09T03:14:21.355+0000] {dag.py:3096} INFO - Sync 1 DAGs
[2026-05-09T03:14:21.379+0000] {logging_mixin.py:188} INFO - [2026-05-09T03:14:21.379+0000] {dag.py:3954} INFO - Setting next_dagrun for newyork_fhv_pipeline to 2026-05-01 00:00:00+00:00, run_after=2026-06-01 00:00:00+00:00
[2026-05-09T03:14:21.405+0000] {processor.py:183} INFO - Processing /opt/airflow/dags/newyork_fhv_pipeline.py took 0.120 seconds
[2026-05-09T03:14:51.569+0000] {processor.py:161} INFO - Started process (PID=4223) to work on /opt/airflow/dags/newyork_fhv_pipeline.py
[2026-05-09T03:14:51.573+0000] {processor.py:830} INFO - Processing file /opt/airflow/dags/newyork_fhv_pipeline.py for tasks to queue
[2026-05-09T03:14:51.577+0000] {logging_mixin.py:188} INFO - [2026-05-09T03:14:51.576+0000] {dagbag.py:545} INFO - Filling up the DagBag from /opt/airflow/dags/newyork_fhv_pipeline.py
[2026-05-09T03:14:51.624+0000] {processor.py:840} INFO - DAG(s) 'newyork_fhv_pipeline' retrieved from /opt/airflow/dags/newyork_fhv_pipeline.py
[2026-05-09T03:14:51.658+0000] {logging_mixin.py:188} INFO - [2026-05-09T03:14:51.658+0000] {dag.py:3096} INFO - Sync 1 DAGs
[2026-05-09T03:14:51.697+0000] {logging_mixin.py:188} INFO - [2026-05-09T03:14:51.696+0000] {dag.py:3954} INFO - Setting next_dagrun for newyork_fhv_pipeline to 2026-05-01 00:00:00+00:00, run_after=2026-06-01 00:00:00+00:00
[2026-05-09T03:14:51.729+0000] {processor.py:183} INFO - Processing /opt/airflow/dags/newyork_fhv_pipeline.py took 0.170 seconds
[2026-05-09T03:15:21.815+0000] {processor.py:161} INFO - Started process (PID=4240) to work on /opt/airflow/dags/newyork_fhv_pipeline.py
[2026-05-09T03:15:21.817+0000] {processor.py:830} INFO - Processing file /opt/airflow/dags/newyork_fhv_pipeline.py for tasks to queue
[2026-05-09T03:15:21.821+0000] {logging_mixin.py:188} INFO - [2026-05-09T03:15:21.821+0000] {dagbag.py:545} INFO - Filling up the DagBag from /opt/airflow/dags/newyork_fhv_pipeline.py
[2026-05-09T03:15:21.887+0000] {processor.py:840} INFO - DAG(s) 'newyork_fhv_pipeline' retrieved from /opt/airflow/dags/newyork_fhv_pipeline.py
[2026-05-09T03:15:21.915+0000] {logging_mixin.py:188} INFO - [2026-05-09T03:15:21.915+0000] {dag.py:3096} INFO - Sync 1 DAGs
[2026-05-09T03:15:21.943+0000] {logging_mixin.py:188} INFO - [2026-05-09T03:15:21.943+0000] {dag.py:3954} INFO - Setting next_dagrun for newyork_fhv_pipeline to 2026-05-01 00:00:00+00:00, run_after=2026-06-01 00:00:00+00:00
[2026-05-09T03:15:21.966+0000] {processor.py:183} INFO - Processing /opt/airflow/dags/newyork_fhv_pipeline.py took 0.162 seconds
[2026-05-09T03:15:52.516+0000] {processor.py:161} INFO - Started process (PID=4251) to work on /opt/airflow/dags/newyork_fhv_pipeline.py
[2026-05-09T03:15:52.518+0000] {processor.py:830} INFO - Processing file /opt/airflow/dags/newyork_fhv_pipeline.py for tasks to queue
[2026-05-09T03:15:52.521+0000] {logging_mixin.py:188} INFO - [2026-05-09T03:15:52.520+0000] {dagbag.py:545} INFO - Filling up the DagBag from /opt/airflow/dags/newyork_fhv_pipeline.py
[2026-05-09T03:15:52.551+0000] {processor.py:840} INFO - DAG(s) 'newyork_fhv_pipeline' retrieved from /opt/airflow/dags/newyork_fhv_pipeline.py
[2026-05-09T03:15:52.577+0000] {logging_mixin.py:188} INFO - [2026-05-09T03:15:52.576+0000] {dag.py:3096} INFO - Sync 1 DAGs
[2026-05-09T03:15:52.603+0000] {logging_mixin.py:188} INFO - [2026-05-09T03:15:52.603+0000] {dag.py:3954} INFO - Setting next_dagrun for newyork_fhv_pipeline to 2026-05-01 00:00:00+00:00, run_after=2026-06-01 00:00:00+00:00
[2026-05-09T03:15:52.628+0000] {processor.py:183} INFO - Processing /opt/airflow/dags/newyork_fhv_pipeline.py took 0.122 seconds
[2026-05-09T03:16:23.463+0000] {processor.py:161} INFO - Started process (PID=4262) to work on /opt/airflow/dags/newyork_fhv_pipeline.py
[2026-05-09T03:16:23.465+0000] {processor.py:830} INFO - Processing file /opt/airflow/dags/newyork_fhv_pipeline.py for tasks to queue
[2026-05-09T03:16:23.468+0000] {logging_mixin.py:188} INFO - [2026-05-09T03:16:23.467+0000] {dagbag.py:545} INFO - Filling up the DagBag from /opt/airflow/dags/newyork_fhv_pipeline.py
[2026-05-09T03:16:23.505+0000] {processor.py:840} INFO - DAG(s) 'newyork_fhv_pipeline' retrieved from /opt/airflow/dags/newyork_fhv_pipeline.py
[2026-05-09T03:16:23.529+0000] {logging_mixin.py:188} INFO - [2026-05-09T03:16:23.529+0000] {dag.py:3096} INFO - Sync 1 DAGs
[2026-05-09T03:16:23.553+0000] {logging_mixin.py:188} INFO - [2026-05-09T03:16:23.553+0000] {dag.py:3954} INFO - Setting next_dagrun for newyork_fhv_pipeline to 2026-05-01 00:00:00+00:00, run_after=2026-06-01 00:00:00+00:00
[2026-05-09T03:16:23.577+0000] {processor.py:183} INFO - Processing /opt/airflow/dags/newyork_fhv_pipeline.py took 0.123 seconds
[2026-05-09T03:16:54.371+0000] {processor.py:161} INFO - Started process (PID=4273) to work on /opt/airflow/dags/newyork_fhv_pipeline.py
[2026-05-09T03:16:54.374+0000] {processor.py:830} INFO - Processing file /opt/airflow/dags/newyork_fhv_pipeline.py for tasks to queue
[2026-05-09T03:16:54.377+0000] {logging_mixin.py:188} INFO - [2026-05-09T03:16:54.376+0000] {dagbag.py:545} INFO - Filling up the DagBag from /opt/airflow/dags/newyork_fhv_pipeline.py
[2026-05-09T03:16:54.412+0000] {processor.py:840} INFO - DAG(s) 'newyork_fhv_pipeline' retrieved from /opt/airflow/dags/newyork_fhv_pipeline.py
[2026-05-09T03:16:54.446+0000] {logging_mixin.py:188} INFO - [2026-05-09T03:16:54.445+0000] {dag.py:3096} INFO - Sync 1 DAGs
[2026-05-09T03:16:54.481+0000] {logging_mixin.py:188} INFO - [2026-05-09T03:16:54.481+0000] {dag.py:3954} INFO - Setting next_dagrun for newyork_fhv_pipeline to 2026-05-01 00:00:00+00:00, run_after=2026-06-01 00:00:00+00:00
[2026-05-09T03:16:54.518+0000] {processor.py:183} INFO - Processing /opt/airflow/dags/newyork_fhv_pipeline.py took 0.156 seconds
[2026-05-09T03:17:25.373+0000] {processor.py:161} INFO - Started process (PID=4284) to work on /opt/airflow/dags/newyork_fhv_pipeline.py
[2026-05-09T03:17:25.375+0000] {processor.py:830} INFO - Processing file /opt/airflow/dags/newyork_fhv_pipeline.py for tasks to queue
[2026-05-09T03:17:25.378+0000] {logging_mixin.py:188} INFO - [2026-05-09T03:17:25.378+0000] {dagbag.py:545} INFO - Filling up the DagBag from /opt/airflow/dags/newyork_fhv_pipeline.py
[2026-05-09T03:17:25.431+0000] {processor.py:840} INFO - DAG(s) 'newyork_fhv_pipeline' retrieved from /opt/airflow/dags/newyork_fhv_pipeline.py
[2026-05-09T03:17:25.456+0000] {logging_mixin.py:188} INFO - [2026-05-09T03:17:25.456+0000] {dag.py:3096} INFO - Sync 1 DAGs
[2026-05-09T03:17:25.480+0000] {logging_mixin.py:188} INFO - [2026-05-09T03:17:25.479+0000] {dag.py:3954} INFO - Setting next_dagrun for newyork_fhv_pipeline to 2026-05-01 00:00:00+00:00, run_after=2026-06-01 00:00:00+00:00
[2026-05-09T03:17:25.511+0000] {processor.py:183} INFO - Processing /opt/airflow/dags/newyork_fhv_pipeline.py took 0.148 seconds
[2026-05-09T03:17:56.321+0000] {processor.py:161} INFO - Started process (PID=4296) to work on /opt/airflow/dags/newyork_fhv_pipeline.py
[2026-05-09T03:17:56.323+0000] {processor.py:830} INFO - Processing file /opt/airflow/dags/newyork_fhv_pipeline.py for tasks to queue
[2026-05-09T03:17:56.326+0000] {logging_mixin.py:188} INFO - [2026-05-09T03:17:56.325+0000] {dagbag.py:545} INFO - Filling up the DagBag from /opt/airflow/dags/newyork_fhv_pipeline.py
[2026-05-09T03:17:56.368+0000] {processor.py:840} INFO - DAG(s) 'newyork_fhv_pipeline' retrieved from /opt/airflow/dags/newyork_fhv_pipeline.py
[2026-05-09T03:17:56.398+0000] {logging_mixin.py:188} INFO - [2026-05-09T03:17:56.398+0000] {dag.py:3096} INFO - Sync 1 DAGs
[2026-05-09T03:17:56.422+0000] {logging_mixin.py:188} INFO - [2026-05-09T03:17:56.422+0000] {dag.py:3954} INFO - Setting next_dagrun for newyork_fhv_pipeline to 2026-05-01 00:00:00+00:00, run_after=2026-06-01 00:00:00+00:00
[2026-05-09T03:17:56.450+0000] {processor.py:183} INFO - Processing /opt/airflow/dags/newyork_fhv_pipeline.py took 0.135 seconds
[2026-05-09T03:18:27.120+0000] {processor.py:161} INFO - Started process (PID=4307) to work on /opt/airflow/dags/newyork_fhv_pipeline.py
[2026-05-09T03:18:27.122+0000] {processor.py:830} INFO - Processing file /opt/airflow/dags/newyork_fhv_pipeline.py for tasks to queue
[2026-05-09T03:18:27.124+0000] {logging_mixin.py:188} INFO - [2026-05-09T03:18:27.124+0000] {dagbag.py:545} INFO - Filling up the DagBag from /opt/airflow/dags/newyork_fhv_pipeline.py
[2026-05-09T03:18:27.173+0000] {processor.py:840} INFO - DAG(s) 'newyork_fhv_pipeline' retrieved from /opt/airflow/dags/newyork_fhv_pipeline.py
[2026-05-09T03:18:27.199+0000] {logging_mixin.py:188} INFO - [2026-05-09T03:18:27.199+0000] {dag.py:3096} INFO - Sync 1 DAGs
[2026-05-09T03:18:27.225+0000] {logging_mixin.py:188} INFO - [2026-05-09T03:18:27.225+0000] {dag.py:3954} INFO - Setting next_dagrun for newyork_fhv_pipeline to 2026-05-01 00:00:00+00:00, run_after=2026-06-01 00:00:00+00:00
[2026-05-09T03:18:27.255+0000] {processor.py:183} INFO - Processing /opt/airflow/dags/newyork_fhv_pipeline.py took 0.147 seconds
[2026-05-09T03:18:58.074+0000] {processor.py:161} INFO - Started process (PID=4318) to work on /opt/airflow/dags/newyork_fhv_pipeline.py
[2026-05-09T03:18:58.076+0000] {processor.py:830} INFO - Processing file /opt/airflow/dags/newyork_fhv_pipeline.py for tasks to queue
[2026-05-09T03:18:58.082+0000] {logging_mixin.py:188} INFO - [2026-05-09T03:18:58.081+0000] {dagbag.py:545} INFO - Filling up the DagBag from /opt/airflow/dags/newyork_fhv_pipeline.py
[2026-05-09T03:18:58.140+0000] {processor.py:840} INFO - DAG(s) 'newyork_fhv_pipeline' retrieved from /opt/airflow/dags/newyork_fhv_pipeline.py
[2026-05-09T03:18:58.172+0000] {logging_mixin.py:188} INFO - [2026-05-09T03:18:58.171+0000] {dag.py:3096} INFO - Sync 1 DAGs
[2026-05-09T03:18:58.196+0000] {logging_mixin.py:188} INFO - [2026-05-09T03:18:58.195+0000] {dag.py:3954} INFO - Setting next_dagrun for newyork_fhv_pipeline to 2026-05-01 00:00:00+00:00, run_after=2026-06-01 00:00:00+00:00
[2026-05-09T03:18:58.226+0000] {processor.py:183} INFO - Processing /opt/airflow/dags/newyork_fhv_pipeline.py took 0.166 seconds
[2026-05-09T03:19:28.575+0000] {processor.py:161} INFO - Started process (PID=4329) to work on /opt/airflow/dags/newyork_fhv_pipeline.py
[2026-05-09T03:19:28.576+0000] {processor.py:830} INFO - Processing file /opt/airflow/dags/newyork_fhv_pipeline.py for tasks to queue
[2026-05-09T03:19:28.580+0000] {logging_mixin.py:188} INFO - [2026-05-09T03:19:28.580+0000] {dagbag.py:545} INFO - Filling up the DagBag from /opt/airflow/dags/newyork_fhv_pipeline.py
[2026-05-09T03:19:28.617+0000] {processor.py:840} INFO - DAG(s) 'newyork_fhv_pipeline' retrieved from /opt/airflow/dags/newyork_fhv_pipeline.py
[2026-05-09T03:19:28.643+0000] {logging_mixin.py:188} INFO - [2026-05-09T03:19:28.642+0000] {dag.py:3096} INFO - Sync 1 DAGs
[2026-05-09T03:19:28.667+0000] {logging_mixin.py:188} INFO - [2026-05-09T03:19:28.667+0000] {dag.py:3954} INFO - Setting next_dagrun for newyork_fhv_pipeline to 2026-05-01 00:00:00+00:00, run_after=2026-06-01 00:00:00+00:00
[2026-05-09T03:19:28.702+0000] {processor.py:183} INFO - Processing /opt/airflow/dags/newyork_fhv_pipeline.py took 0.138 seconds
[2026-05-09T03:19:59.439+0000] {processor.py:161} INFO - Started process (PID=4340) to work on /opt/airflow/dags/newyork_fhv_pipeline.py
[2026-05-09T03:19:59.440+0000] {processor.py:830} INFO - Processing file /opt/airflow/dags/newyork_fhv_pipeline.py for tasks to queue
[2026-05-09T03:19:59.442+0000] {logging_mixin.py:188} INFO - [2026-05-09T03:19:59.442+0000] {dagbag.py:545} INFO - Filling up the DagBag from /opt/airflow/dags/newyork_fhv_pipeline.py
[2026-05-09T03:19:59.473+0000] {processor.py:840} INFO - DAG(s) 'newyork_fhv_pipeline' retrieved from /opt/airflow/dags/newyork_fhv_pipeline.py
[2026-05-09T03:19:59.499+0000] {logging_mixin.py:188} INFO - [2026-05-09T03:19:59.498+0000] {dag.py:3096} INFO - Sync 1 DAGs
[2026-05-09T03:19:59.521+0000] {logging_mixin.py:188} INFO - [2026-05-09T03:19:59.521+0000] {dag.py:3954} INFO - Setting next_dagrun for newyork_fhv_pipeline to 2026-05-01 00:00:00+00:00, run_after=2026-06-01 00:00:00+00:00
[2026-05-09T03:19:59.548+0000] {processor.py:183} INFO - Processing /opt/airflow/dags/newyork_fhv_pipeline.py took 0.116 seconds
[2026-05-09T03:20:30.312+0000] {processor.py:161} INFO - Started process (PID=4351) to work on /opt/airflow/dags/newyork_fhv_pipeline.py
[2026-05-09T03:20:30.313+0000] {processor.py:830} INFO - Processing file /opt/airflow/dags/newyork_fhv_pipeline.py for tasks to queue
[2026-05-09T03:20:30.316+0000] {logging_mixin.py:188} INFO - [2026-05-09T03:20:30.315+0000] {dagbag.py:545} INFO - Filling up the DagBag from /opt/airflow/dags/newyork_fhv_pipeline.py
[2026-05-09T03:20:30.348+0000] {processor.py:840} INFO - DAG(s) 'newyork_fhv_pipeline' retrieved from /opt/airflow/dags/newyork_fhv_pipeline.py
[2026-05-09T03:20:30.377+0000] {logging_mixin.py:188} INFO - [2026-05-09T03:20:30.377+0000] {dag.py:3096} INFO - Sync 1 DAGs
[2026-05-09T03:20:30.404+0000] {logging_mixin.py:188} INFO - [2026-05-09T03:20:30.403+0000] {dag.py:3954} INFO - Setting next_dagrun for newyork_fhv_pipeline to 2026-05-01 00:00:00+00:00, run_after=2026-06-01 00:00:00+00:00
[2026-05-09T03:20:30.437+0000] {processor.py:183} INFO - Processing /opt/airflow/dags/newyork_fhv_pipeline.py took 0.135 seconds
[2026-05-09T03:21:01.176+0000] {processor.py:161} INFO - Started process (PID=4362) to work on /opt/airflow/dags/newyork_fhv_pipeline.py
[2026-05-09T03:21:01.178+0000] {processor.py:830} INFO - Processing file /opt/airflow/dags/newyork_fhv_pipeline.py for tasks to queue
[2026-05-09T03:21:01.180+0000] {logging_mixin.py:188} INFO - [2026-05-09T03:21:01.180+0000] {dagbag.py:545} INFO - Filling up the DagBag from /opt/airflow/dags/newyork_fhv_pipeline.py
[2026-05-09T03:21:01.225+0000] {processor.py:840} INFO - DAG(s) 'newyork_fhv_pipeline' retrieved from /opt/airflow/dags/newyork_fhv_pipeline.py
[2026-05-09T03:21:01.250+0000] {logging_mixin.py:188} INFO - [2026-05-09T03:21:01.250+0000] {dag.py:3096} INFO - Sync 1 DAGs
[2026-05-09T03:21:01.274+0000] {logging_mixin.py:188} INFO - [2026-05-09T03:21:01.274+0000] {dag.py:3954} INFO - Setting next_dagrun for newyork_fhv_pipeline to 2026-05-01 00:00:00+00:00, run_after=2026-06-01 00:00:00+00:00
[2026-05-09T03:21:01.301+0000] {processor.py:183} INFO - Processing /opt/airflow/dags/newyork_fhv_pipeline.py took 0.132 seconds
[2026-05-09T03:21:32.118+0000] {processor.py:161} INFO - Started process (PID=4373) to work on /opt/airflow/dags/newyork_fhv_pipeline.py
[2026-05-09T03:21:32.120+0000] {processor.py:830} INFO - Processing file /opt/airflow/dags/newyork_fhv_pipeline.py for tasks to queue
[2026-05-09T03:21:32.126+0000] {logging_mixin.py:188} INFO - [2026-05-09T03:21:32.125+0000] {dagbag.py:545} INFO - Filling up the DagBag from /opt/airflow/dags/newyork_fhv_pipeline.py
[2026-05-09T03:21:32.166+0000] {processor.py:840} INFO - DAG(s) 'newyork_fhv_pipeline' retrieved from /opt/airflow/dags/newyork_fhv_pipeline.py
[2026-05-09T03:21:32.188+0000] {logging_mixin.py:188} INFO - [2026-05-09T03:21:32.188+0000] {dag.py:3096} INFO - Sync 1 DAGs
[2026-05-09T03:21:32.213+0000] {logging_mixin.py:188} INFO - [2026-05-09T03:21:32.212+0000] {dag.py:3954} INFO - Setting next_dagrun for newyork_fhv_pipeline to 2026-05-01 00:00:00+00:00, run_after=2026-06-01 00:00:00+00:00
[2026-05-09T03:21:32.238+0000] {processor.py:183} INFO - Processing /opt/airflow/dags/newyork_fhv_pipeline.py took 0.127 seconds
[2026-05-09T03:22:03.013+0000] {processor.py:161} INFO - Started process (PID=4384) to work on /opt/airflow/dags/newyork_fhv_pipeline.py
[2026-05-09T03:22:03.014+0000] {processor.py:830} INFO - Processing file /opt/airflow/dags/newyork_fhv_pipeline.py for tasks to queue
[2026-05-09T03:22:03.019+0000] {logging_mixin.py:188} INFO - [2026-05-09T03:22:03.018+0000] {dagbag.py:545} INFO - Filling up the DagBag from /opt/airflow/dags/newyork_fhv_pipeline.py
[2026-05-09T03:22:03.061+0000] {processor.py:840} INFO - DAG(s) 'newyork_fhv_pipeline' retrieved from /opt/airflow/dags/newyork_fhv_pipeline.py
[2026-05-09T03:22:03.088+0000] {logging_mixin.py:188} INFO - [2026-05-09T03:22:03.087+0000] {dag.py:3096} INFO - Sync 1 DAGs
[2026-05-09T03:22:03.112+0000] {logging_mixin.py:188} INFO - [2026-05-09T03:22:03.112+0000] {dag.py:3954} INFO - Setting next_dagrun for newyork_fhv_pipeline to 2026-05-01 00:00:00+00:00, run_after=2026-06-01 00:00:00+00:00
[2026-05-09T03:22:03.139+0000] {processor.py:183} INFO - Processing /opt/airflow/dags/newyork_fhv_pipeline.py took 0.138 seconds
[2026-05-09T03:22:33.963+0000] {processor.py:161} INFO - Started process (PID=4395) to work on /opt/airflow/dags/newyork_fhv_pipeline.py
[2026-05-09T03:22:33.966+0000] {processor.py:830} INFO - Processing file /opt/airflow/dags/newyork_fhv_pipeline.py for tasks to queue
[2026-05-09T03:22:33.971+0000] {logging_mixin.py:188} INFO - [2026-05-09T03:22:33.970+0000] {dagbag.py:545} INFO - Filling up the DagBag from /opt/airflow/dags/newyork_fhv_pipeline.py
[2026-05-09T03:22:34.008+0000] {processor.py:840} INFO - DAG(s) 'newyork_fhv_pipeline' retrieved from /opt/airflow/dags/newyork_fhv_pipeline.py
[2026-05-09T03:22:34.038+0000] {logging_mixin.py:188} INFO - [2026-05-09T03:22:34.037+0000] {dag.py:3096} INFO - Sync 1 DAGs
[2026-05-09T03:22:34.067+0000] {logging_mixin.py:188} INFO - [2026-05-09T03:22:34.066+0000] {dag.py:3954} INFO - Setting next_dagrun for newyork_fhv_pipeline to 2026-05-01 00:00:00+00:00, run_after=2026-06-01 00:00:00+00:00
[2026-05-09T03:22:34.093+0000] {processor.py:183} INFO - Processing /opt/airflow/dags/newyork_fhv_pipeline.py took 0.144 seconds
[2026-05-09T03:23:04.948+0000] {processor.py:161} INFO - Started process (PID=4406) to work on /opt/airflow/dags/newyork_fhv_pipeline.py
[2026-05-09T03:23:04.951+0000] {processor.py:830} INFO - Processing file /opt/airflow/dags/newyork_fhv_pipeline.py for tasks to queue
[2026-05-09T03:23:04.954+0000] {logging_mixin.py:188} INFO - [2026-05-09T03:23:04.954+0000] {dagbag.py:545} INFO - Filling up the DagBag from /opt/airflow/dags/newyork_fhv_pipeline.py
[2026-05-09T03:23:04.997+0000] {processor.py:840} INFO - DAG(s) 'newyork_fhv_pipeline' retrieved from /opt/airflow/dags/newyork_fhv_pipeline.py
[2026-05-09T03:23:05.026+0000] {logging_mixin.py:188} INFO - [2026-05-09T03:23:05.026+0000] {dag.py:3096} INFO - Sync 1 DAGs
[2026-05-09T03:23:05.051+0000] {logging_mixin.py:188} INFO - [2026-05-09T03:23:05.050+0000] {dag.py:3954} INFO - Setting next_dagrun for newyork_fhv_pipeline to 2026-05-01 00:00:00+00:00, run_after=2026-06-01 00:00:00+00:00
[2026-05-09T03:23:05.072+0000] {processor.py:183} INFO - Processing /opt/airflow/dags/newyork_fhv_pipeline.py took 0.137 seconds
[2026-05-09T03:23:35.778+0000] {processor.py:161} INFO - Started process (PID=4418) to work on /opt/airflow/dags/newyork_fhv_pipeline.py
[2026-05-09T03:23:35.780+0000] {processor.py:830} INFO - Processing file /opt/airflow/dags/newyork_fhv_pipeline.py for tasks to queue
[2026-05-09T03:23:35.783+0000] {logging_mixin.py:188} INFO - [2026-05-09T03:23:35.782+0000] {dagbag.py:545} INFO - Filling up the DagBag from /opt/airflow/dags/newyork_fhv_pipeline.py
[2026-05-09T03:23:35.817+0000] {processor.py:840} INFO - DAG(s) 'newyork_fhv_pipeline' retrieved from /opt/airflow/dags/newyork_fhv_pipeline.py
[2026-05-09T03:23:35.849+0000] {logging_mixin.py:188} INFO - [2026-05-09T03:23:35.848+0000] {dag.py:3096} INFO - Sync 1 DAGs
[2026-05-09T03:23:35.873+0000] {logging_mixin.py:188} INFO - [2026-05-09T03:23:35.873+0000] {dag.py:3954} INFO - Setting next_dagrun for newyork_fhv_pipeline to 2026-05-01 00:00:00+00:00, run_after=2026-06-01 00:00:00+00:00
[2026-05-09T03:23:35.899+0000] {processor.py:183} INFO - Processing /opt/airflow/dags/newyork_fhv_pipeline.py took 0.127 seconds
[2026-05-09T03:24:06.048+0000] {processor.py:161} INFO - Started process (PID=4429) to work on /opt/airflow/dags/newyork_fhv_pipeline.py
[2026-05-09T03:24:06.051+0000] {processor.py:830} INFO - Processing file /opt/airflow/dags/newyork_fhv_pipeline.py for tasks to queue
[2026-05-09T03:24:06.053+0000] {logging_mixin.py:188} INFO - [2026-05-09T03:24:06.053+0000] {dagbag.py:545} INFO - Filling up the DagBag from /opt/airflow/dags/newyork_fhv_pipeline.py
[2026-05-09T03:24:06.076+0000] {processor.py:840} INFO - DAG(s) 'newyork_fhv_pipeline' retrieved from /opt/airflow/dags/newyork_fhv_pipeline.py
[2026-05-09T03:24:06.101+0000] {logging_mixin.py:188} INFO - [2026-05-09T03:24:06.101+0000] {dag.py:3096} INFO - Sync 1 DAGs
[2026-05-09T03:24:06.128+0000] {logging_mixin.py:188} INFO - [2026-05-09T03:24:06.127+0000] {dag.py:3954} INFO - Setting next_dagrun for newyork_fhv_pipeline to 2026-05-01 00:00:00+00:00, run_after=2026-06-01 00:00:00+00:00
[2026-05-09T03:24:06.155+0000] {processor.py:183} INFO - Processing /opt/airflow/dags/newyork_fhv_pipeline.py took 0.115 seconds
[2026-05-09T03:24:36.995+0000] {processor.py:161} INFO - Started process (PID=4440) to work on /opt/airflow/dags/newyork_fhv_pipeline.py
[2026-05-09T03:24:36.997+0000] {processor.py:830} INFO - Processing file /opt/airflow/dags/newyork_fhv_pipeline.py for tasks to queue
[2026-05-09T03:24:37.001+0000] {logging_mixin.py:188} INFO - [2026-05-09T03:24:37.000+0000] {dagbag.py:545} INFO - Filling up the DagBag from /opt/airflow/dags/newyork_fhv_pipeline.py
[2026-05-09T03:24:37.059+0000] {processor.py:840} INFO - DAG(s) 'newyork_fhv_pipeline' retrieved from /opt/airflow/dags/newyork_fhv_pipeline.py
[2026-05-09T03:24:37.096+0000] {logging_mixin.py:188} INFO - [2026-05-09T03:24:37.096+0000] {dag.py:3096} INFO - Sync 1 DAGs
[2026-05-09T03:24:37.130+0000] {logging_mixin.py:188} INFO - [2026-05-09T03:24:37.130+0000] {dag.py:3954} INFO - Setting next_dagrun for newyork_fhv_pipeline to 2026-05-01 00:00:00+00:00, run_after=2026-06-01 00:00:00+00:00
[2026-05-09T03:24:37.164+0000] {processor.py:183} INFO - Processing /opt/airflow/dags/newyork_fhv_pipeline.py took 0.181 seconds
[2026-05-09T03:25:07.960+0000] {processor.py:161} INFO - Started process (PID=4451) to work on /opt/airflow/dags/newyork_fhv_pipeline.py
[2026-05-09T03:25:07.962+0000] {processor.py:830} INFO - Processing file /opt/airflow/dags/newyork_fhv_pipeline.py for tasks to queue
[2026-05-09T03:25:07.966+0000] {logging_mixin.py:188} INFO - [2026-05-09T03:25:07.965+0000] {dagbag.py:545} INFO - Filling up the DagBag from /opt/airflow/dags/newyork_fhv_pipeline.py
[2026-05-09T03:25:08.016+0000] {processor.py:840} INFO - DAG(s) 'newyork_fhv_pipeline' retrieved from /opt/airflow/dags/newyork_fhv_pipeline.py
[2026-05-09T03:25:08.068+0000] {logging_mixin.py:188} INFO - [2026-05-09T03:25:08.067+0000] {dag.py:3096} INFO - Sync 1 DAGs
[2026-05-09T03:25:08.094+0000] {logging_mixin.py:188} INFO - [2026-05-09T03:25:08.094+0000] {dag.py:3954} INFO - Setting next_dagrun for newyork_fhv_pipeline to 2026-05-01 00:00:00+00:00, run_after=2026-06-01 00:00:00+00:00
[2026-05-09T03:25:08.125+0000] {processor.py:183} INFO - Processing /opt/airflow/dags/newyork_fhv_pipeline.py took 0.171 seconds
[2026-05-09T03:25:38.848+0000] {processor.py:161} INFO - Started process (PID=4462) to work on /opt/airflow/dags/newyork_fhv_pipeline.py
[2026-05-09T03:25:38.850+0000] {processor.py:830} INFO - Processing file /opt/airflow/dags/newyork_fhv_pipeline.py for tasks to queue
[2026-05-09T03:25:38.854+0000] {logging_mixin.py:188} INFO - [2026-05-09T03:25:38.854+0000] {dagbag.py:545} INFO - Filling up the DagBag from /opt/airflow/dags/newyork_fhv_pipeline.py
[2026-05-09T03:25:38.913+0000] {processor.py:840} INFO - DAG(s) 'newyork_fhv_pipeline' retrieved from /opt/airflow/dags/newyork_fhv_pipeline.py
[2026-05-09T03:25:38.945+0000] {logging_mixin.py:188} INFO - [2026-05-09T03:25:38.945+0000] {dag.py:3096} INFO - Sync 1 DAGs
[2026-05-09T03:25:38.972+0000] {logging_mixin.py:188} INFO - [2026-05-09T03:25:38.972+0000] {dag.py:3954} INFO - Setting next_dagrun for newyork_fhv_pipeline to 2026-05-01 00:00:00+00:00, run_after=2026-06-01 00:00:00+00:00
[2026-05-09T03:25:39.009+0000] {processor.py:183} INFO - Processing /opt/airflow/dags/newyork_fhv_pipeline.py took 0.173 seconds
[2026-05-09T03:26:09.810+0000] {processor.py:161} INFO - Started process (PID=4473) to work on /opt/airflow/dags/newyork_fhv_pipeline.py
[2026-05-09T03:26:09.812+0000] {processor.py:830} INFO - Processing file /opt/airflow/dags/newyork_fhv_pipeline.py for tasks to queue
[2026-05-09T03:26:09.815+0000] {logging_mixin.py:188} INFO - [2026-05-09T03:26:09.815+0000] {dagbag.py:545} INFO - Filling up the DagBag from /opt/airflow/dags/newyork_fhv_pipeline.py
[2026-05-09T03:26:09.865+0000] {processor.py:840} INFO - DAG(s) 'newyork_fhv_pipeline' retrieved from /opt/airflow/dags/newyork_fhv_pipeline.py
[2026-05-09T03:26:09.891+0000] {logging_mixin.py:188} INFO - [2026-05-09T03:26:09.891+0000] {dag.py:3096} INFO - Sync 1 DAGs
[2026-05-09T03:26:09.916+0000] {logging_mixin.py:188} INFO - [2026-05-09T03:26:09.916+0000] {dag.py:3954} INFO - Setting next_dagrun for newyork_fhv_pipeline to 2026-05-01 00:00:00+00:00, run_after=2026-06-01 00:00:00+00:00
[2026-05-09T03:26:09.940+0000] {processor.py:183} INFO - Processing /opt/airflow/dags/newyork_fhv_pipeline.py took 0.142 seconds
[2026-05-09T03:26:40.754+0000] {processor.py:161} INFO - Started process (PID=4484) to work on /opt/airflow/dags/newyork_fhv_pipeline.py
[2026-05-09T03:26:40.756+0000] {processor.py:830} INFO - Processing file /opt/airflow/dags/newyork_fhv_pipeline.py for tasks to queue
[2026-05-09T03:26:40.760+0000] {logging_mixin.py:188} INFO - [2026-05-09T03:26:40.760+0000] {dagbag.py:545} INFO - Filling up the DagBag from /opt/airflow/dags/newyork_fhv_pipeline.py
[2026-05-09T03:26:40.807+0000] {processor.py:840} INFO - DAG(s) 'newyork_fhv_pipeline' retrieved from /opt/airflow/dags/newyork_fhv_pipeline.py
[2026-05-09T03:26:40.832+0000] {logging_mixin.py:188} INFO - [2026-05-09T03:26:40.832+0000] {dag.py:3096} INFO - Sync 1 DAGs
[2026-05-09T03:26:40.857+0000] {logging_mixin.py:188} INFO - [2026-05-09T03:26:40.857+0000] {dag.py:3954} INFO - Setting next_dagrun for newyork_fhv_pipeline to 2026-05-01 00:00:00+00:00, run_after=2026-06-01 00:00:00+00:00
[2026-05-09T03:26:40.894+0000] {processor.py:183} INFO - Processing /opt/airflow/dags/newyork_fhv_pipeline.py took 0.151 seconds
[2026-05-09T03:27:10.986+0000] {processor.py:161} INFO - Started process (PID=4495) to work on /opt/airflow/dags/newyork_fhv_pipeline.py
[2026-05-09T03:27:10.988+0000] {processor.py:830} INFO - Processing file /opt/airflow/dags/newyork_fhv_pipeline.py for tasks to queue
[2026-05-09T03:27:10.991+0000] {logging_mixin.py:188} INFO - [2026-05-09T03:27:10.991+0000] {dagbag.py:545} INFO - Filling up the DagBag from /opt/airflow/dags/newyork_fhv_pipeline.py
[2026-05-09T03:27:11.045+0000] {processor.py:840} INFO - DAG(s) 'newyork_fhv_pipeline' retrieved from /opt/airflow/dags/newyork_fhv_pipeline.py
[2026-05-09T03:27:11.075+0000] {logging_mixin.py:188} INFO - [2026-05-09T03:27:11.075+0000] {dag.py:3096} INFO - Sync 1 DAGs
[2026-05-09T03:27:11.099+0000] {logging_mixin.py:188} INFO - [2026-05-09T03:27:11.099+0000] {dag.py:3954} INFO - Setting next_dagrun for newyork_fhv_pipeline to 2026-05-01 00:00:00+00:00, run_after=2026-06-01 00:00:00+00:00
[2026-05-09T03:27:11.126+0000] {processor.py:183} INFO - Processing /opt/airflow/dags/newyork_fhv_pipeline.py took 0.150 seconds
[2026-05-09T03:27:41.362+0000] {processor.py:161} INFO - Started process (PID=4506) to work on /opt/airflow/dags/newyork_fhv_pipeline.py
[2026-05-09T03:27:41.364+0000] {processor.py:830} INFO - Processing file /opt/airflow/dags/newyork_fhv_pipeline.py for tasks to queue
[2026-05-09T03:27:41.367+0000] {logging_mixin.py:188} INFO - [2026-05-09T03:27:41.366+0000] {dagbag.py:545} INFO - Filling up the DagBag from /opt/airflow/dags/newyork_fhv_pipeline.py
[2026-05-09T03:27:41.412+0000] {processor.py:840} INFO - DAG(s) 'newyork_fhv_pipeline' retrieved from /opt/airflow/dags/newyork_fhv_pipeline.py
[2026-05-09T03:27:41.442+0000] {logging_mixin.py:188} INFO - [2026-05-09T03:27:41.441+0000] {dag.py:3096} INFO - Sync 1 DAGs
[2026-05-09T03:27:41.466+0000] {logging_mixin.py:188} INFO - [2026-05-09T03:27:41.466+0000] {dag.py:3954} INFO - Setting next_dagrun for newyork_fhv_pipeline to 2026-05-01 00:00:00+00:00, run_after=2026-06-01 00:00:00+00:00
[2026-05-09T03:27:41.490+0000] {processor.py:183} INFO - Processing /opt/airflow/dags/newyork_fhv_pipeline.py took 0.140 seconds
[2026-05-09T03:28:11.634+0000] {processor.py:161} INFO - Started process (PID=4517) to work on /opt/airflow/dags/newyork_fhv_pipeline.py
[2026-05-09T03:28:11.637+0000] {processor.py:830} INFO - Processing file /opt/airflow/dags/newyork_fhv_pipeline.py for tasks to queue
[2026-05-09T03:28:11.641+0000] {logging_mixin.py:188} INFO - [2026-05-09T03:28:11.640+0000] {dagbag.py:545} INFO - Filling up the DagBag from /opt/airflow/dags/newyork_fhv_pipeline.py
[2026-05-09T03:28:11.689+0000] {processor.py:840} INFO - DAG(s) 'newyork_fhv_pipeline' retrieved from /opt/airflow/dags/newyork_fhv_pipeline.py
[2026-05-09T03:28:11.714+0000] {logging_mixin.py:188} INFO - [2026-05-09T03:28:11.713+0000] {dag.py:3096} INFO - Sync 1 DAGs
[2026-05-09T03:28:11.738+0000] {logging_mixin.py:188} INFO - [2026-05-09T03:28:11.738+0000] {dag.py:3954} INFO - Setting next_dagrun for newyork_fhv_pipeline to 2026-05-01 00:00:00+00:00, run_after=2026-06-01 00:00:00+00:00
[2026-05-09T03:28:11.763+0000] {processor.py:183} INFO - Processing /opt/airflow/dags/newyork_fhv_pipeline.py took 0.138 seconds
[2026-05-09T03:28:42.523+0000] {processor.py:161} INFO - Started process (PID=4528) to work on /opt/airflow/dags/newyork_fhv_pipeline.py
[2026-05-09T03:28:42.524+0000] {processor.py:830} INFO - Processing file /opt/airflow/dags/newyork_fhv_pipeline.py for tasks to queue
[2026-05-09T03:28:42.527+0000] {logging_mixin.py:188} INFO - [2026-05-09T03:28:42.526+0000] {dagbag.py:545} INFO - Filling up the DagBag from /opt/airflow/dags/newyork_fhv_pipeline.py
[2026-05-09T03:28:42.570+0000] {processor.py:840} INFO - DAG(s) 'newyork_fhv_pipeline' retrieved from /opt/airflow/dags/newyork_fhv_pipeline.py
[2026-05-09T03:28:42.599+0000] {logging_mixin.py:188} INFO - [2026-05-09T03:28:42.599+0000] {dag.py:3096} INFO - Sync 1 DAGs
[2026-05-09T03:28:42.630+0000] {logging_mixin.py:188} INFO - [2026-05-09T03:28:42.630+0000] {dag.py:3954} INFO - Setting next_dagrun for newyork_fhv_pipeline to 2026-05-01 00:00:00+00:00, run_after=2026-06-01 00:00:00+00:00
[2026-05-09T03:28:42.653+0000] {processor.py:183} INFO - Processing /opt/airflow/dags/newyork_fhv_pipeline.py took 0.136 seconds
[2026-05-09T03:29:12.766+0000] {processor.py:161} INFO - Started process (PID=4539) to work on /opt/airflow/dags/newyork_fhv_pipeline.py
[2026-05-09T03:29:12.769+0000] {processor.py:830} INFO - Processing file /opt/airflow/dags/newyork_fhv_pipeline.py for tasks to queue
[2026-05-09T03:29:12.773+0000] {logging_mixin.py:188} INFO - [2026-05-09T03:29:12.772+0000] {dagbag.py:545} INFO - Filling up the DagBag from /opt/airflow/dags/newyork_fhv_pipeline.py
[2026-05-09T03:29:12.819+0000] {processor.py:840} INFO - DAG(s) 'newyork_fhv_pipeline' retrieved from /opt/airflow/dags/newyork_fhv_pipeline.py
[2026-05-09T03:29:12.850+0000] {logging_mixin.py:188} INFO - [2026-05-09T03:29:12.849+0000] {dag.py:3096} INFO - Sync 1 DAGs
[2026-05-09T03:29:12.874+0000] {logging_mixin.py:188} INFO - [2026-05-09T03:29:12.873+0000] {dag.py:3954} INFO - Setting next_dagrun for newyork_fhv_pipeline to 2026-05-01 00:00:00+00:00, run_after=2026-06-01 00:00:00+00:00
[2026-05-09T03:29:12.900+0000] {processor.py:183} INFO - Processing /opt/airflow/dags/newyork_fhv_pipeline.py took 0.144 seconds
[2026-05-09T03:29:43.092+0000] {processor.py:161} INFO - Started process (PID=4550) to work on /opt/airflow/dags/newyork_fhv_pipeline.py
[2026-05-09T03:29:43.097+0000] {processor.py:830} INFO - Processing file /opt/airflow/dags/newyork_fhv_pipeline.py for tasks to queue
[2026-05-09T03:29:43.102+0000] {logging_mixin.py:188} INFO - [2026-05-09T03:29:43.102+0000] {dagbag.py:545} INFO - Filling up the DagBag from /opt/airflow/dags/newyork_fhv_pipeline.py
[2026-05-09T03:29:43.156+0000] {processor.py:840} INFO - DAG(s) 'newyork_fhv_pipeline' retrieved from /opt/airflow/dags/newyork_fhv_pipeline.py
[2026-05-09T03:29:43.186+0000] {logging_mixin.py:188} INFO - [2026-05-09T03:29:43.185+0000] {dag.py:3096} INFO - Sync 1 DAGs
[2026-05-09T03:29:43.215+0000] {logging_mixin.py:188} INFO - [2026-05-09T03:29:43.215+0000] {dag.py:3954} INFO - Setting next_dagrun for newyork_fhv_pipeline to 2026-05-01 00:00:00+00:00, run_after=2026-06-01 00:00:00+00:00
[2026-05-09T03:29:43.243+0000] {processor.py:183} INFO - Processing /opt/airflow/dags/newyork_fhv_pipeline.py took 0.163 seconds
[2026-05-09T03:30:13.523+0000] {processor.py:161} INFO - Started process (PID=4561) to work on /opt/airflow/dags/newyork_fhv_pipeline.py
[2026-05-09T03:30:13.525+0000] {processor.py:830} INFO - Processing file /opt/airflow/dags/newyork_fhv_pipeline.py for tasks to queue
[2026-05-09T03:30:13.527+0000] {logging_mixin.py:188} INFO - [2026-05-09T03:30:13.527+0000] {dagbag.py:545} INFO - Filling up the DagBag from /opt/airflow/dags/newyork_fhv_pipeline.py
[2026-05-09T03:30:13.575+0000] {processor.py:840} INFO - DAG(s) 'newyork_fhv_pipeline' retrieved from /opt/airflow/dags/newyork_fhv_pipeline.py
[2026-05-09T03:30:13.609+0000] {logging_mixin.py:188} INFO - [2026-05-09T03:30:13.609+0000] {dag.py:3096} INFO - Sync 1 DAGs
[2026-05-09T03:30:13.642+0000] {logging_mixin.py:188} INFO - [2026-05-09T03:30:13.641+0000] {dag.py:3954} INFO - Setting next_dagrun for newyork_fhv_pipeline to 2026-05-01 00:00:00+00:00, run_after=2026-06-01 00:00:00+00:00
[2026-05-09T03:30:13.670+0000] {processor.py:183} INFO - Processing /opt/airflow/dags/newyork_fhv_pipeline.py took 0.155 seconds
[2026-05-09T03:30:43.897+0000] {processor.py:161} INFO - Started process (PID=4572) to work on /opt/airflow/dags/newyork_fhv_pipeline.py
[2026-05-09T03:30:43.899+0000] {processor.py:830} INFO - Processing file /opt/airflow/dags/newyork_fhv_pipeline.py for tasks to queue
[2026-05-09T03:30:43.903+0000] {logging_mixin.py:188} INFO - [2026-05-09T03:30:43.902+0000] {dagbag.py:545} INFO - Filling up the DagBag from /opt/airflow/dags/newyork_fhv_pipeline.py
[2026-05-09T03:30:43.937+0000] {processor.py:840} INFO - DAG(s) 'newyork_fhv_pipeline' retrieved from /opt/airflow/dags/newyork_fhv_pipeline.py
[2026-05-09T03:30:43.965+0000] {logging_mixin.py:188} INFO - [2026-05-09T03:30:43.964+0000] {dag.py:3096} INFO - Sync 1 DAGs
[2026-05-09T03:30:43.995+0000] {logging_mixin.py:188} INFO - [2026-05-09T03:30:43.994+0000] {dag.py:3954} INFO - Setting next_dagrun for newyork_fhv_pipeline to 2026-05-01 00:00:00+00:00, run_after=2026-06-01 00:00:00+00:00
[2026-05-09T03:30:44.028+0000] {processor.py:183} INFO - Processing /opt/airflow/dags/newyork_fhv_pipeline.py took 0.144 seconds
[2026-05-09T03:31:14.614+0000] {processor.py:161} INFO - Started process (PID=4583) to work on /opt/airflow/dags/newyork_fhv_pipeline.py
[2026-05-09T03:31:14.615+0000] {processor.py:830} INFO - Processing file /opt/airflow/dags/newyork_fhv_pipeline.py for tasks to queue
[2026-05-09T03:31:14.617+0000] {logging_mixin.py:188} INFO - [2026-05-09T03:31:14.617+0000] {dagbag.py:545} INFO - Filling up the DagBag from /opt/airflow/dags/newyork_fhv_pipeline.py
[2026-05-09T03:31:14.639+0000] {processor.py:840} INFO - DAG(s) 'newyork_fhv_pipeline' retrieved from /opt/airflow/dags/newyork_fhv_pipeline.py
[2026-05-09T03:31:14.663+0000] {logging_mixin.py:188} INFO - [2026-05-09T03:31:14.662+0000] {dag.py:3096} INFO - Sync 1 DAGs
[2026-05-09T03:31:14.686+0000] {logging_mixin.py:188} INFO - [2026-05-09T03:31:14.686+0000] {dag.py:3954} INFO - Setting next_dagrun for newyork_fhv_pipeline to 2026-05-01 00:00:00+00:00, run_after=2026-06-01 00:00:00+00:00
[2026-05-09T03:31:14.713+0000] {processor.py:183} INFO - Processing /opt/airflow/dags/newyork_fhv_pipeline.py took 0.107 seconds
[2026-05-09T03:31:45.509+0000] {processor.py:161} INFO - Started process (PID=4594) to work on /opt/airflow/dags/newyork_fhv_pipeline.py
[2026-05-09T03:31:45.511+0000] {processor.py:830} INFO - Processing file /opt/airflow/dags/newyork_fhv_pipeline.py for tasks to queue
[2026-05-09T03:31:45.513+0000] {logging_mixin.py:188} INFO - [2026-05-09T03:31:45.513+0000] {dagbag.py:545} INFO - Filling up the DagBag from /opt/airflow/dags/newyork_fhv_pipeline.py
[2026-05-09T03:31:45.546+0000] {processor.py:840} INFO - DAG(s) 'newyork_fhv_pipeline' retrieved from /opt/airflow/dags/newyork_fhv_pipeline.py
[2026-05-09T03:31:45.572+0000] {logging_mixin.py:188} INFO - [2026-05-09T03:31:45.572+0000] {dag.py:3096} INFO - Sync 1 DAGs
[2026-05-09T03:31:45.600+0000] {logging_mixin.py:188} INFO - [2026-05-09T03:31:45.600+0000] {dag.py:3954} INFO - Setting next_dagrun for newyork_fhv_pipeline to 2026-05-01 00:00:00+00:00, run_after=2026-06-01 00:00:00+00:00
[2026-05-09T03:31:45.626+0000] {processor.py:183} INFO - Processing /opt/airflow/dags/newyork_fhv_pipeline.py took 0.125 seconds
[2026-05-09T03:32:16.305+0000] {processor.py:161} INFO - Started process (PID=4605) to work on /opt/airflow/dags/newyork_fhv_pipeline.py
[2026-05-09T03:32:16.307+0000] {processor.py:830} INFO - Processing file /opt/airflow/dags/newyork_fhv_pipeline.py for tasks to queue
[2026-05-09T03:32:16.310+0000] {logging_mixin.py:188} INFO - [2026-05-09T03:32:16.309+0000] {dagbag.py:545} INFO - Filling up the DagBag from /opt/airflow/dags/newyork_fhv_pipeline.py
[2026-05-09T03:32:16.356+0000] {processor.py:840} INFO - DAG(s) 'newyork_fhv_pipeline' retrieved from /opt/airflow/dags/newyork_fhv_pipeline.py
[2026-05-09T03:32:16.381+0000] {logging_mixin.py:188} INFO - [2026-05-09T03:32:16.381+0000] {dag.py:3096} INFO - Sync 1 DAGs
[2026-05-09T03:32:16.405+0000] {logging_mixin.py:188} INFO - [2026-05-09T03:32:16.405+0000] {dag.py:3954} INFO - Setting next_dagrun for newyork_fhv_pipeline to 2026-05-01 00:00:00+00:00, run_after=2026-06-01 00:00:00+00:00
[2026-05-09T03:32:16.429+0000] {processor.py:183} INFO - Processing /opt/airflow/dags/newyork_fhv_pipeline.py took 0.130 seconds
[2026-05-09T03:32:47.119+0000] {processor.py:161} INFO - Started process (PID=4616) to work on /opt/airflow/dags/newyork_fhv_pipeline.py
[2026-05-09T03:32:47.121+0000] {processor.py:830} INFO - Processing file /opt/airflow/dags/newyork_fhv_pipeline.py for tasks to queue
[2026-05-09T03:32:47.125+0000] {logging_mixin.py:188} INFO - [2026-05-09T03:32:47.124+0000] {dagbag.py:545} INFO - Filling up the DagBag from /opt/airflow/dags/newyork_fhv_pipeline.py
[2026-05-09T03:32:47.157+0000] {processor.py:840} INFO - DAG(s) 'newyork_fhv_pipeline' retrieved from /opt/airflow/dags/newyork_fhv_pipeline.py
[2026-05-09T03:32:47.182+0000] {logging_mixin.py:188} INFO - [2026-05-09T03:32:47.182+0000] {dag.py:3096} INFO - Sync 1 DAGs
[2026-05-09T03:32:47.207+0000] {logging_mixin.py:188} INFO - [2026-05-09T03:32:47.207+0000] {dag.py:3954} INFO - Setting next_dagrun for newyork_fhv_pipeline to 2026-05-01 00:00:00+00:00, run_after=2026-06-01 00:00:00+00:00
[2026-05-09T03:32:47.234+0000] {processor.py:183} INFO - Processing /opt/airflow/dags/newyork_fhv_pipeline.py took 0.124 seconds
[2026-05-09T03:33:18.055+0000] {processor.py:161} INFO - Started process (PID=4627) to work on /opt/airflow/dags/newyork_fhv_pipeline.py
[2026-05-09T03:33:18.056+0000] {processor.py:830} INFO - Processing file /opt/airflow/dags/newyork_fhv_pipeline.py for tasks to queue
[2026-05-09T03:33:18.059+0000] {logging_mixin.py:188} INFO - [2026-05-09T03:33:18.059+0000] {dagbag.py:545} INFO - Filling up the DagBag from /opt/airflow/dags/newyork_fhv_pipeline.py
[2026-05-09T03:33:18.107+0000] {processor.py:840} INFO - DAG(s) 'newyork_fhv_pipeline' retrieved from /opt/airflow/dags/newyork_fhv_pipeline.py
[2026-05-09T03:33:18.140+0000] {logging_mixin.py:188} INFO - [2026-05-09T03:33:18.140+0000] {dag.py:3096} INFO - Sync 1 DAGs
[2026-05-09T03:33:18.166+0000] {logging_mixin.py:188} INFO - [2026-05-09T03:33:18.166+0000] {dag.py:3954} INFO - Setting next_dagrun for newyork_fhv_pipeline to 2026-05-01 00:00:00+00:00, run_after=2026-06-01 00:00:00+00:00
[2026-05-09T03:33:18.201+0000] {processor.py:183} INFO - Processing /opt/airflow/dags/newyork_fhv_pipeline.py took 0.156 seconds
[2026-05-09T03:33:49.039+0000] {processor.py:161} INFO - Started process (PID=4638) to work on /opt/airflow/dags/newyork_fhv_pipeline.py
[2026-05-09T03:33:49.040+0000] {processor.py:830} INFO - Processing file /opt/airflow/dags/newyork_fhv_pipeline.py for tasks to queue
[2026-05-09T03:33:49.043+0000] {logging_mixin.py:188} INFO - [2026-05-09T03:33:49.043+0000] {dagbag.py:545} INFO - Filling up the DagBag from /opt/airflow/dags/newyork_fhv_pipeline.py
[2026-05-09T03:33:49.099+0000] {processor.py:840} INFO - DAG(s) 'newyork_fhv_pipeline' retrieved from /opt/airflow/dags/newyork_fhv_pipeline.py
[2026-05-09T03:33:49.124+0000] {logging_mixin.py:188} INFO - [2026-05-09T03:33:49.123+0000] {dag.py:3096} INFO - Sync 1 DAGs
[2026-05-09T03:33:49.149+0000] {logging_mixin.py:188} INFO - [2026-05-09T03:33:49.149+0000] {dag.py:3954} INFO - Setting next_dagrun for newyork_fhv_pipeline to 2026-05-01 00:00:00+00:00, run_after=2026-06-01 00:00:00+00:00
[2026-05-09T03:33:49.179+0000] {processor.py:183} INFO - Processing /opt/airflow/dags/newyork_fhv_pipeline.py took 0.148 seconds
[2026-05-09T03:34:20.111+0000] {processor.py:161} INFO - Started process (PID=4649) to work on /opt/airflow/dags/newyork_fhv_pipeline.py
[2026-05-09T03:34:20.113+0000] {processor.py:830} INFO - Processing file /opt/airflow/dags/newyork_fhv_pipeline.py for tasks to queue
[2026-05-09T03:34:20.116+0000] {logging_mixin.py:188} INFO - [2026-05-09T03:34:20.116+0000] {dagbag.py:545} INFO - Filling up the DagBag from /opt/airflow/dags/newyork_fhv_pipeline.py
[2026-05-09T03:34:20.172+0000] {processor.py:840} INFO - DAG(s) 'newyork_fhv_pipeline' retrieved from /opt/airflow/dags/newyork_fhv_pipeline.py
[2026-05-09T03:34:20.205+0000] {logging_mixin.py:188} INFO - [2026-05-09T03:34:20.204+0000] {dag.py:3096} INFO - Sync 1 DAGs
[2026-05-09T03:34:20.230+0000] {logging_mixin.py:188} INFO - [2026-05-09T03:34:20.229+0000] {dag.py:3954} INFO - Setting next_dagrun for newyork_fhv_pipeline to 2026-05-01 00:00:00+00:00, run_after=2026-06-01 00:00:00+00:00
[2026-05-09T03:34:20.265+0000] {processor.py:183} INFO - Processing /opt/airflow/dags/newyork_fhv_pipeline.py took 0.164 seconds
[2026-05-09T03:34:51.275+0000] {processor.py:161} INFO - Started process (PID=4660) to work on /opt/airflow/dags/newyork_fhv_pipeline.py
[2026-05-09T03:34:51.277+0000] {processor.py:830} INFO - Processing file /opt/airflow/dags/newyork_fhv_pipeline.py for tasks to queue
[2026-05-09T03:34:51.281+0000] {logging_mixin.py:188} INFO - [2026-05-09T03:34:51.280+0000] {dagbag.py:545} INFO - Filling up the DagBag from /opt/airflow/dags/newyork_fhv_pipeline.py
[2026-05-09T03:34:51.322+0000] {processor.py:840} INFO - DAG(s) 'newyork_fhv_pipeline' retrieved from /opt/airflow/dags/newyork_fhv_pipeline.py
[2026-05-09T03:34:51.345+0000] {logging_mixin.py:188} INFO - [2026-05-09T03:34:51.345+0000] {dag.py:3096} INFO - Sync 1 DAGs
[2026-05-09T03:34:51.370+0000] {logging_mixin.py:188} INFO - [2026-05-09T03:34:51.369+0000] {dag.py:3954} INFO - Setting next_dagrun for newyork_fhv_pipeline to 2026-05-01 00:00:00+00:00, run_after=2026-06-01 00:00:00+00:00
[2026-05-09T03:34:51.398+0000] {processor.py:183} INFO - Processing /opt/airflow/dags/newyork_fhv_pipeline.py took 0.134 seconds
[2026-05-09T03:35:22.127+0000] {processor.py:161} INFO - Started process (PID=4671) to work on /opt/airflow/dags/newyork_fhv_pipeline.py
[2026-05-09T03:35:22.129+0000] {processor.py:830} INFO - Processing file /opt/airflow/dags/newyork_fhv_pipeline.py for tasks to queue
[2026-05-09T03:35:22.132+0000] {logging_mixin.py:188} INFO - [2026-05-09T03:35:22.131+0000] {dagbag.py:545} INFO - Filling up the DagBag from /opt/airflow/dags/newyork_fhv_pipeline.py
[2026-05-09T03:35:22.171+0000] {processor.py:840} INFO - DAG(s) 'newyork_fhv_pipeline' retrieved from /opt/airflow/dags/newyork_fhv_pipeline.py
[2026-05-09T03:35:22.197+0000] {logging_mixin.py:188} INFO - [2026-05-09T03:35:22.196+0000] {dag.py:3096} INFO - Sync 1 DAGs
[2026-05-09T03:35:22.226+0000] {logging_mixin.py:188} INFO - [2026-05-09T03:35:22.226+0000] {dag.py:3954} INFO - Setting next_dagrun for newyork_fhv_pipeline to 2026-05-01 00:00:00+00:00, run_after=2026-06-01 00:00:00+00:00
[2026-05-09T03:35:22.251+0000] {processor.py:183} INFO - Processing /opt/airflow/dags/newyork_fhv_pipeline.py took 0.132 seconds
[2026-05-09T03:35:53.050+0000] {processor.py:161} INFO - Started process (PID=4682) to work on /opt/airflow/dags/newyork_fhv_pipeline.py
[2026-05-09T03:35:53.052+0000] {processor.py:830} INFO - Processing file /opt/airflow/dags/newyork_fhv_pipeline.py for tasks to queue
[2026-05-09T03:35:53.056+0000] {logging_mixin.py:188} INFO - [2026-05-09T03:35:53.055+0000] {dagbag.py:545} INFO - Filling up the DagBag from /opt/airflow/dags/newyork_fhv_pipeline.py
[2026-05-09T03:35:53.108+0000] {processor.py:840} INFO - DAG(s) 'newyork_fhv_pipeline' retrieved from /opt/airflow/dags/newyork_fhv_pipeline.py
[2026-05-09T03:35:53.138+0000] {logging_mixin.py:188} INFO - [2026-05-09T03:35:53.138+0000] {dag.py:3096} INFO - Sync 1 DAGs
[2026-05-09T03:35:53.166+0000] {logging_mixin.py:188} INFO - [2026-05-09T03:35:53.166+0000] {dag.py:3954} INFO - Setting next_dagrun for newyork_fhv_pipeline to 2026-05-01 00:00:00+00:00, run_after=2026-06-01 00:00:00+00:00
[2026-05-09T03:35:53.195+0000] {processor.py:183} INFO - Processing /opt/airflow/dags/newyork_fhv_pipeline.py took 0.156 seconds
[2026-05-09T03:36:24.087+0000] {processor.py:161} INFO - Started process (PID=4693) to work on /opt/airflow/dags/newyork_fhv_pipeline.py
[2026-05-09T03:36:24.089+0000] {processor.py:830} INFO - Processing file /opt/airflow/dags/newyork_fhv_pipeline.py for tasks to queue
[2026-05-09T03:36:24.097+0000] {logging_mixin.py:188} INFO - [2026-05-09T03:36:24.097+0000] {dagbag.py:545} INFO - Filling up the DagBag from /opt/airflow/dags/newyork_fhv_pipeline.py
[2026-05-09T03:36:24.141+0000] {processor.py:840} INFO - DAG(s) 'newyork_fhv_pipeline' retrieved from /opt/airflow/dags/newyork_fhv_pipeline.py
[2026-05-09T03:36:24.165+0000] {logging_mixin.py:188} INFO - [2026-05-09T03:36:24.165+0000] {dag.py:3096} INFO - Sync 1 DAGs
[2026-05-09T03:36:24.189+0000] {logging_mixin.py:188} INFO - [2026-05-09T03:36:24.189+0000] {dag.py:3954} INFO - Setting next_dagrun for newyork_fhv_pipeline to 2026-05-01 00:00:00+00:00, run_after=2026-06-01 00:00:00+00:00
[2026-05-09T03:36:24.212+0000] {processor.py:183} INFO - Processing /opt/airflow/dags/newyork_fhv_pipeline.py took 0.132 seconds
[2026-05-09T03:36:55.034+0000] {processor.py:161} INFO - Started process (PID=4704) to work on /opt/airflow/dags/newyork_fhv_pipeline.py
[2026-05-09T03:36:55.035+0000] {processor.py:830} INFO - Processing file /opt/airflow/dags/newyork_fhv_pipeline.py for tasks to queue
[2026-05-09T03:36:55.038+0000] {logging_mixin.py:188} INFO - [2026-05-09T03:36:55.038+0000] {dagbag.py:545} INFO - Filling up the DagBag from /opt/airflow/dags/newyork_fhv_pipeline.py
[2026-05-09T03:36:55.070+0000] {processor.py:840} INFO - DAG(s) 'newyork_fhv_pipeline' retrieved from /opt/airflow/dags/newyork_fhv_pipeline.py
[2026-05-09T03:36:55.096+0000] {logging_mixin.py:188} INFO - [2026-05-09T03:36:55.096+0000] {dag.py:3096} INFO - Sync 1 DAGs
[2026-05-09T03:36:55.125+0000] {logging_mixin.py:188} INFO - [2026-05-09T03:36:55.124+0000] {dag.py:3954} INFO - Setting next_dagrun for newyork_fhv_pipeline to 2026-05-01 00:00:00+00:00, run_after=2026-06-01 00:00:00+00:00
[2026-05-09T03:36:55.148+0000] {processor.py:183} INFO - Processing /opt/airflow/dags/newyork_fhv_pipeline.py took 0.124 seconds
[2026-05-09T03:37:25.868+0000] {processor.py:161} INFO - Started process (PID=4715) to work on /opt/airflow/dags/newyork_fhv_pipeline.py
[2026-05-09T03:37:25.870+0000] {processor.py:830} INFO - Processing file /opt/airflow/dags/newyork_fhv_pipeline.py for tasks to queue
[2026-05-09T03:37:25.874+0000] {logging_mixin.py:188} INFO - [2026-05-09T03:37:25.874+0000] {dagbag.py:545} INFO - Filling up the DagBag from /opt/airflow/dags/newyork_fhv_pipeline.py
[2026-05-09T03:37:25.899+0000] {processor.py:840} INFO - DAG(s) 'newyork_fhv_pipeline' retrieved from /opt/airflow/dags/newyork_fhv_pipeline.py
[2026-05-09T03:37:25.923+0000] {logging_mixin.py:188} INFO - [2026-05-09T03:37:25.923+0000] {dag.py:3096} INFO - Sync 1 DAGs
[2026-05-09T03:37:25.946+0000] {logging_mixin.py:188} INFO - [2026-05-09T03:37:25.946+0000] {dag.py:3954} INFO - Setting next_dagrun for newyork_fhv_pipeline to 2026-05-01 00:00:00+00:00, run_after=2026-06-01 00:00:00+00:00
[2026-05-09T03:37:25.974+0000] {processor.py:183} INFO - Processing /opt/airflow/dags/newyork_fhv_pipeline.py took 0.112 seconds
[2026-05-09T03:37:56.803+0000] {processor.py:161} INFO - Started process (PID=4732) to work on /opt/airflow/dags/newyork_fhv_pipeline.py
[2026-05-09T03:37:56.805+0000] {processor.py:830} INFO - Processing file /opt/airflow/dags/newyork_fhv_pipeline.py for tasks to queue
[2026-05-09T03:37:56.810+0000] {logging_mixin.py:188} INFO - [2026-05-09T03:37:56.809+0000] {dagbag.py:545} INFO - Filling up the DagBag from /opt/airflow/dags/newyork_fhv_pipeline.py
[2026-05-09T03:37:56.848+0000] {processor.py:840} INFO - DAG(s) 'newyork_fhv_pipeline' retrieved from /opt/airflow/dags/newyork_fhv_pipeline.py
[2026-05-09T03:37:56.881+0000] {logging_mixin.py:188} INFO - [2026-05-09T03:37:56.881+0000] {dag.py:3096} INFO - Sync 1 DAGs
[2026-05-09T03:37:56.909+0000] {logging_mixin.py:188} INFO - [2026-05-09T03:37:56.909+0000] {dag.py:3954} INFO - Setting next_dagrun for newyork_fhv_pipeline to 2026-05-01 00:00:00+00:00, run_after=2026-06-01 00:00:00+00:00
[2026-05-09T03:37:56.939+0000] {processor.py:183} INFO - Processing /opt/airflow/dags/newyork_fhv_pipeline.py took 0.146 seconds
[2026-05-09T03:38:27.873+0000] {processor.py:161} INFO - Started process (PID=4743) to work on /opt/airflow/dags/newyork_fhv_pipeline.py
[2026-05-09T03:38:27.875+0000] {processor.py:830} INFO - Processing file /opt/airflow/dags/newyork_fhv_pipeline.py for tasks to queue
[2026-05-09T03:38:27.879+0000] {logging_mixin.py:188} INFO - [2026-05-09T03:38:27.878+0000] {dagbag.py:545} INFO - Filling up the DagBag from /opt/airflow/dags/newyork_fhv_pipeline.py
[2026-05-09T03:38:27.932+0000] {processor.py:840} INFO - DAG(s) 'newyork_fhv_pipeline' retrieved from /opt/airflow/dags/newyork_fhv_pipeline.py
[2026-05-09T03:38:27.974+0000] {logging_mixin.py:188} INFO - [2026-05-09T03:38:27.974+0000] {dag.py:3096} INFO - Sync 1 DAGs
[2026-05-09T03:38:28.014+0000] {logging_mixin.py:188} INFO - [2026-05-09T03:38:28.013+0000] {dag.py:3954} INFO - Setting next_dagrun for newyork_fhv_pipeline to 2026-05-01 00:00:00+00:00, run_after=2026-06-01 00:00:00+00:00
[2026-05-09T03:38:28.062+0000] {processor.py:183} INFO - Processing /opt/airflow/dags/newyork_fhv_pipeline.py took 0.199 seconds
[2026-05-09T03:38:58.260+0000] {processor.py:161} INFO - Started process (PID=4754) to work on /opt/airflow/dags/newyork_fhv_pipeline.py
[2026-05-09T03:38:58.262+0000] {processor.py:830} INFO - Processing file /opt/airflow/dags/newyork_fhv_pipeline.py for tasks to queue
[2026-05-09T03:38:58.267+0000] {logging_mixin.py:188} INFO - [2026-05-09T03:38:58.266+0000] {dagbag.py:545} INFO - Filling up the DagBag from /opt/airflow/dags/newyork_fhv_pipeline.py
[2026-05-09T03:38:58.317+0000] {processor.py:840} INFO - DAG(s) 'newyork_fhv_pipeline' retrieved from /opt/airflow/dags/newyork_fhv_pipeline.py
[2026-05-09T03:38:58.348+0000] {logging_mixin.py:188} INFO - [2026-05-09T03:38:58.347+0000] {dag.py:3096} INFO - Sync 1 DAGs
[2026-05-09T03:38:58.387+0000] {logging_mixin.py:188} INFO - [2026-05-09T03:38:58.387+0000] {dag.py:3954} INFO - Setting next_dagrun for newyork_fhv_pipeline to 2026-05-01 00:00:00+00:00, run_after=2026-06-01 00:00:00+00:00
[2026-05-09T03:38:58.420+0000] {processor.py:183} INFO - Processing /opt/airflow/dags/newyork_fhv_pipeline.py took 0.174 seconds
[2026-05-09T03:39:28.710+0000] {processor.py:161} INFO - Started process (PID=4765) to work on /opt/airflow/dags/newyork_fhv_pipeline.py
[2026-05-09T03:39:28.712+0000] {processor.py:830} INFO - Processing file /opt/airflow/dags/newyork_fhv_pipeline.py for tasks to queue
[2026-05-09T03:39:28.716+0000] {logging_mixin.py:188} INFO - [2026-05-09T03:39:28.716+0000] {dagbag.py:545} INFO - Filling up the DagBag from /opt/airflow/dags/newyork_fhv_pipeline.py
[2026-05-09T03:39:28.770+0000] {processor.py:840} INFO - DAG(s) 'newyork_fhv_pipeline' retrieved from /opt/airflow/dags/newyork_fhv_pipeline.py
[2026-05-09T03:39:28.807+0000] {logging_mixin.py:188} INFO - [2026-05-09T03:39:28.806+0000] {dag.py:3096} INFO - Sync 1 DAGs
[2026-05-09T03:39:28.849+0000] {logging_mixin.py:188} INFO - [2026-05-09T03:39:28.849+0000] {dag.py:3954} INFO - Setting next_dagrun for newyork_fhv_pipeline to 2026-05-01 00:00:00+00:00, run_after=2026-06-01 00:00:00+00:00
[2026-05-09T03:39:28.888+0000] {processor.py:183} INFO - Processing /opt/airflow/dags/newyork_fhv_pipeline.py took 0.188 seconds
[2026-05-09T03:39:59.037+0000] {processor.py:161} INFO - Started process (PID=4776) to work on /opt/airflow/dags/newyork_fhv_pipeline.py
[2026-05-09T03:39:59.039+0000] {processor.py:830} INFO - Processing file /opt/airflow/dags/newyork_fhv_pipeline.py for tasks to queue
[2026-05-09T03:39:59.043+0000] {logging_mixin.py:188} INFO - [2026-05-09T03:39:59.043+0000] {dagbag.py:545} INFO - Filling up the DagBag from /opt/airflow/dags/newyork_fhv_pipeline.py
[2026-05-09T03:39:59.093+0000] {processor.py:840} INFO - DAG(s) 'newyork_fhv_pipeline' retrieved from /opt/airflow/dags/newyork_fhv_pipeline.py
[2026-05-09T03:39:59.146+0000] {logging_mixin.py:188} INFO - [2026-05-09T03:39:59.146+0000] {dag.py:3096} INFO - Sync 1 DAGs
[2026-05-09T03:39:59.190+0000] {logging_mixin.py:188} INFO - [2026-05-09T03:39:59.189+0000] {dag.py:3954} INFO - Setting next_dagrun for newyork_fhv_pipeline to 2026-05-01 00:00:00+00:00, run_after=2026-06-01 00:00:00+00:00
[2026-05-09T03:39:59.235+0000] {processor.py:183} INFO - Processing /opt/airflow/dags/newyork_fhv_pipeline.py took 0.207 seconds
[2026-05-09T03:40:29.489+0000] {processor.py:161} INFO - Started process (PID=4787) to work on /opt/airflow/dags/newyork_fhv_pipeline.py
[2026-05-09T03:40:29.491+0000] {processor.py:830} INFO - Processing file /opt/airflow/dags/newyork_fhv_pipeline.py for tasks to queue
[2026-05-09T03:40:29.494+0000] {logging_mixin.py:188} INFO - [2026-05-09T03:40:29.493+0000] {dagbag.py:545} INFO - Filling up the DagBag from /opt/airflow/dags/newyork_fhv_pipeline.py
[2026-05-09T03:40:29.547+0000] {processor.py:840} INFO - DAG(s) 'newyork_fhv_pipeline' retrieved from /opt/airflow/dags/newyork_fhv_pipeline.py
[2026-05-09T03:40:29.582+0000] {logging_mixin.py:188} INFO - [2026-05-09T03:40:29.582+0000] {dag.py:3096} INFO - Sync 1 DAGs
[2026-05-09T03:40:29.615+0000] {logging_mixin.py:188} INFO - [2026-05-09T03:40:29.615+0000] {dag.py:3954} INFO - Setting next_dagrun for newyork_fhv_pipeline to 2026-05-01 00:00:00+00:00, run_after=2026-06-01 00:00:00+00:00
[2026-05-09T03:40:29.644+0000] {processor.py:183} INFO - Processing /opt/airflow/dags/newyork_fhv_pipeline.py took 0.164 seconds
[2026-05-09T03:40:59.857+0000] {processor.py:161} INFO - Started process (PID=4798) to work on /opt/airflow/dags/newyork_fhv_pipeline.py
[2026-05-09T03:40:59.860+0000] {processor.py:830} INFO - Processing file /opt/airflow/dags/newyork_fhv_pipeline.py for tasks to queue
[2026-05-09T03:40:59.863+0000] {logging_mixin.py:188} INFO - [2026-05-09T03:40:59.863+0000] {dagbag.py:545} INFO - Filling up the DagBag from /opt/airflow/dags/newyork_fhv_pipeline.py
[2026-05-09T03:40:59.908+0000] {processor.py:840} INFO - DAG(s) 'newyork_fhv_pipeline' retrieved from /opt/airflow/dags/newyork_fhv_pipeline.py
[2026-05-09T03:40:59.942+0000] {logging_mixin.py:188} INFO - [2026-05-09T03:40:59.942+0000] {dag.py:3096} INFO - Sync 1 DAGs
[2026-05-09T03:40:59.975+0000] {logging_mixin.py:188} INFO - [2026-05-09T03:40:59.974+0000] {dag.py:3954} INFO - Setting next_dagrun for newyork_fhv_pipeline to 2026-05-01 00:00:00+00:00, run_after=2026-06-01 00:00:00+00:00
[2026-05-09T03:41:00.009+0000] {processor.py:183} INFO - Processing /opt/airflow/dags/newyork_fhv_pipeline.py took 0.162 seconds
[2026-05-09T03:41:30.167+0000] {processor.py:161} INFO - Started process (PID=4809) to work on /opt/airflow/dags/newyork_fhv_pipeline.py
[2026-05-09T03:41:30.168+0000] {processor.py:830} INFO - Processing file /opt/airflow/dags/newyork_fhv_pipeline.py for tasks to queue
[2026-05-09T03:41:30.172+0000] {logging_mixin.py:188} INFO - [2026-05-09T03:41:30.172+0000] {dagbag.py:545} INFO - Filling up the DagBag from /opt/airflow/dags/newyork_fhv_pipeline.py
[2026-05-09T03:41:30.214+0000] {processor.py:840} INFO - DAG(s) 'newyork_fhv_pipeline' retrieved from /opt/airflow/dags/newyork_fhv_pipeline.py
[2026-05-09T03:41:30.243+0000] {logging_mixin.py:188} INFO - [2026-05-09T03:41:30.243+0000] {dag.py:3096} INFO - Sync 1 DAGs
[2026-05-09T03:41:30.273+0000] {logging_mixin.py:188} INFO - [2026-05-09T03:41:30.272+0000] {dag.py:3954} INFO - Setting next_dagrun for newyork_fhv_pipeline to 2026-05-01 00:00:00+00:00, run_after=2026-06-01 00:00:00+00:00
[2026-05-09T03:41:30.302+0000] {processor.py:183} INFO - Processing /opt/airflow/dags/newyork_fhv_pipeline.py took 0.146 seconds
[2026-05-09T03:42:00.609+0000] {processor.py:161} INFO - Started process (PID=4820) to work on /opt/airflow/dags/newyork_fhv_pipeline.py
[2026-05-09T03:42:00.611+0000] {processor.py:830} INFO - Processing file /opt/airflow/dags/newyork_fhv_pipeline.py for tasks to queue
[2026-05-09T03:42:00.615+0000] {logging_mixin.py:188} INFO - [2026-05-09T03:42:00.614+0000] {dagbag.py:545} INFO - Filling up the DagBag from /opt/airflow/dags/newyork_fhv_pipeline.py
[2026-05-09T03:42:00.670+0000] {processor.py:840} INFO - DAG(s) 'newyork_fhv_pipeline' retrieved from /opt/airflow/dags/newyork_fhv_pipeline.py
[2026-05-09T03:42:00.703+0000] {logging_mixin.py:188} INFO - [2026-05-09T03:42:00.703+0000] {dag.py:3096} INFO - Sync 1 DAGs
[2026-05-09T03:42:00.732+0000] {logging_mixin.py:188} INFO - [2026-05-09T03:42:00.731+0000] {dag.py:3954} INFO - Setting next_dagrun for newyork_fhv_pipeline to 2026-05-01 00:00:00+00:00, run_after=2026-06-01 00:00:00+00:00
[2026-05-09T03:42:00.762+0000] {processor.py:183} INFO - Processing /opt/airflow/dags/newyork_fhv_pipeline.py took 0.164 seconds
[2026-05-09T03:42:30.993+0000] {processor.py:161} INFO - Started process (PID=4831) to work on /opt/airflow/dags/newyork_fhv_pipeline.py
[2026-05-09T03:42:30.996+0000] {processor.py:830} INFO - Processing file /opt/airflow/dags/newyork_fhv_pipeline.py for tasks to queue
[2026-05-09T03:42:31.001+0000] {logging_mixin.py:188} INFO - [2026-05-09T03:42:31.000+0000] {dagbag.py:545} INFO - Filling up the DagBag from /opt/airflow/dags/newyork_fhv_pipeline.py
[2026-05-09T03:42:31.055+0000] {processor.py:840} INFO - DAG(s) 'newyork_fhv_pipeline' retrieved from /opt/airflow/dags/newyork_fhv_pipeline.py
[2026-05-09T03:42:31.092+0000] {logging_mixin.py:188} INFO - [2026-05-09T03:42:31.092+0000] {dag.py:3096} INFO - Sync 1 DAGs
[2026-05-09T03:42:31.130+0000] {logging_mixin.py:188} INFO - [2026-05-09T03:42:31.130+0000] {dag.py:3954} INFO - Setting next_dagrun for newyork_fhv_pipeline to 2026-05-01 00:00:00+00:00, run_after=2026-06-01 00:00:00+00:00
[2026-05-09T03:42:31.161+0000] {processor.py:183} INFO - Processing /opt/airflow/dags/newyork_fhv_pipeline.py took 0.181 seconds
[2026-05-09T03:43:01.326+0000] {processor.py:161} INFO - Started process (PID=4842) to work on /opt/airflow/dags/newyork_fhv_pipeline.py
[2026-05-09T03:43:01.327+0000] {processor.py:830} INFO - Processing file /opt/airflow/dags/newyork_fhv_pipeline.py for tasks to queue
[2026-05-09T03:43:01.332+0000] {logging_mixin.py:188} INFO - [2026-05-09T03:43:01.331+0000] {dagbag.py:545} INFO - Filling up the DagBag from /opt/airflow/dags/newyork_fhv_pipeline.py
[2026-05-09T03:43:01.385+0000] {processor.py:840} INFO - DAG(s) 'newyork_fhv_pipeline' retrieved from /opt/airflow/dags/newyork_fhv_pipeline.py
[2026-05-09T03:43:01.415+0000] {logging_mixin.py:188} INFO - [2026-05-09T03:43:01.415+0000] {dag.py:3096} INFO - Sync 1 DAGs
[2026-05-09T03:43:01.440+0000] {logging_mixin.py:188} INFO - [2026-05-09T03:43:01.440+0000] {dag.py:3954} INFO - Setting next_dagrun for newyork_fhv_pipeline to 2026-05-01 00:00:00+00:00, run_after=2026-06-01 00:00:00+00:00
[2026-05-09T03:43:01.469+0000] {processor.py:183} INFO - Processing /opt/airflow/dags/newyork_fhv_pipeline.py took 0.154 seconds
[2026-05-09T03:43:31.751+0000] {processor.py:161} INFO - Started process (PID=4853) to work on /opt/airflow/dags/newyork_fhv_pipeline.py
[2026-05-09T03:43:31.753+0000] {processor.py:830} INFO - Processing file /opt/airflow/dags/newyork_fhv_pipeline.py for tasks to queue
[2026-05-09T03:43:31.756+0000] {logging_mixin.py:188} INFO - [2026-05-09T03:43:31.755+0000] {dagbag.py:545} INFO - Filling up the DagBag from /opt/airflow/dags/newyork_fhv_pipeline.py
[2026-05-09T03:43:31.804+0000] {processor.py:840} INFO - DAG(s) 'newyork_fhv_pipeline' retrieved from /opt/airflow/dags/newyork_fhv_pipeline.py
[2026-05-09T03:43:31.837+0000] {logging_mixin.py:188} INFO - [2026-05-09T03:43:31.837+0000] {dag.py:3096} INFO - Sync 1 DAGs
[2026-05-09T03:43:31.866+0000] {logging_mixin.py:188} INFO - [2026-05-09T03:43:31.866+0000] {dag.py:3954} INFO - Setting next_dagrun for newyork_fhv_pipeline to 2026-05-01 00:00:00+00:00, run_after=2026-06-01 00:00:00+00:00
[2026-05-09T03:43:31.897+0000] {processor.py:183} INFO - Processing /opt/airflow/dags/newyork_fhv_pipeline.py took 0.156 seconds
[2026-05-09T03:44:02.785+0000] {processor.py:161} INFO - Started process (PID=4864) to work on /opt/airflow/dags/newyork_fhv_pipeline.py
[2026-05-09T03:44:02.787+0000] {processor.py:830} INFO - Processing file /opt/airflow/dags/newyork_fhv_pipeline.py for tasks to queue
[2026-05-09T03:44:02.789+0000] {logging_mixin.py:188} INFO - [2026-05-09T03:44:02.789+0000] {dagbag.py:545} INFO - Filling up the DagBag from /opt/airflow/dags/newyork_fhv_pipeline.py
[2026-05-09T03:44:02.835+0000] {processor.py:840} INFO - DAG(s) 'newyork_fhv_pipeline' retrieved from /opt/airflow/dags/newyork_fhv_pipeline.py
[2026-05-09T03:44:02.863+0000] {logging_mixin.py:188} INFO - [2026-05-09T03:44:02.863+0000] {dag.py:3096} INFO - Sync 1 DAGs
[2026-05-09T03:44:02.890+0000] {logging_mixin.py:188} INFO - [2026-05-09T03:44:02.890+0000] {dag.py:3954} INFO - Setting next_dagrun for newyork_fhv_pipeline to 2026-05-01 00:00:00+00:00, run_after=2026-06-01 00:00:00+00:00
[2026-05-09T03:44:02.913+0000] {processor.py:183} INFO - Processing /opt/airflow/dags/newyork_fhv_pipeline.py took 0.136 seconds
[2026-05-09T03:44:33.162+0000] {processor.py:161} INFO - Started process (PID=4875) to work on /opt/airflow/dags/newyork_fhv_pipeline.py
[2026-05-09T03:44:33.165+0000] {processor.py:830} INFO - Processing file /opt/airflow/dags/newyork_fhv_pipeline.py for tasks to queue
[2026-05-09T03:44:33.169+0000] {logging_mixin.py:188} INFO - [2026-05-09T03:44:33.168+0000] {dagbag.py:545} INFO - Filling up the DagBag from /opt/airflow/dags/newyork_fhv_pipeline.py
[2026-05-09T03:44:33.222+0000] {processor.py:840} INFO - DAG(s) 'newyork_fhv_pipeline' retrieved from /opt/airflow/dags/newyork_fhv_pipeline.py
[2026-05-09T03:44:33.251+0000] {logging_mixin.py:188} INFO - [2026-05-09T03:44:33.250+0000] {dag.py:3096} INFO - Sync 1 DAGs
[2026-05-09T03:44:33.278+0000] {logging_mixin.py:188} INFO - [2026-05-09T03:44:33.278+0000] {dag.py:3954} INFO - Setting next_dagrun for newyork_fhv_pipeline to 2026-05-01 00:00:00+00:00, run_after=2026-06-01 00:00:00+00:00
[2026-05-09T03:44:33.314+0000] {processor.py:183} INFO - Processing /opt/airflow/dags/newyork_fhv_pipeline.py took 0.163 seconds
[2026-05-09T03:45:04.154+0000] {processor.py:161} INFO - Started process (PID=4886) to work on /opt/airflow/dags/newyork_fhv_pipeline.py
[2026-05-09T03:45:04.157+0000] {processor.py:830} INFO - Processing file /opt/airflow/dags/newyork_fhv_pipeline.py for tasks to queue
[2026-05-09T03:45:04.160+0000] {logging_mixin.py:188} INFO - [2026-05-09T03:45:04.160+0000] {dagbag.py:545} INFO - Filling up the DagBag from /opt/airflow/dags/newyork_fhv_pipeline.py
[2026-05-09T03:45:04.212+0000] {processor.py:840} INFO - DAG(s) 'newyork_fhv_pipeline' retrieved from /opt/airflow/dags/newyork_fhv_pipeline.py
[2026-05-09T03:45:04.248+0000] {logging_mixin.py:188} INFO - [2026-05-09T03:45:04.247+0000] {dag.py:3096} INFO - Sync 1 DAGs
[2026-05-09T03:45:04.275+0000] {logging_mixin.py:188} INFO - [2026-05-09T03:45:04.275+0000] {dag.py:3954} INFO - Setting next_dagrun for newyork_fhv_pipeline to 2026-05-01 00:00:00+00:00, run_after=2026-06-01 00:00:00+00:00
[2026-05-09T03:45:04.300+0000] {processor.py:183} INFO - Processing /opt/airflow/dags/newyork_fhv_pipeline.py took 0.159 seconds
[2026-05-09T03:45:35.121+0000] {processor.py:161} INFO - Started process (PID=4897) to work on /opt/airflow/dags/newyork_fhv_pipeline.py
[2026-05-09T03:45:35.123+0000] {processor.py:830} INFO - Processing file /opt/airflow/dags/newyork_fhv_pipeline.py for tasks to queue
[2026-05-09T03:45:35.126+0000] {logging_mixin.py:188} INFO - [2026-05-09T03:45:35.125+0000] {dagbag.py:545} INFO - Filling up the DagBag from /opt/airflow/dags/newyork_fhv_pipeline.py
[2026-05-09T03:45:35.164+0000] {processor.py:840} INFO - DAG(s) 'newyork_fhv_pipeline' retrieved from /opt/airflow/dags/newyork_fhv_pipeline.py
[2026-05-09T03:45:35.191+0000] {logging_mixin.py:188} INFO - [2026-05-09T03:45:35.191+0000] {dag.py:3096} INFO - Sync 1 DAGs
[2026-05-09T03:45:35.219+0000] {logging_mixin.py:188} INFO - [2026-05-09T03:45:35.218+0000] {dag.py:3954} INFO - Setting next_dagrun for newyork_fhv_pipeline to 2026-05-01 00:00:00+00:00, run_after=2026-06-01 00:00:00+00:00
[2026-05-09T03:45:35.245+0000] {processor.py:183} INFO - Processing /opt/airflow/dags/newyork_fhv_pipeline.py took 0.132 seconds
[2026-05-09T03:46:06.105+0000] {processor.py:161} INFO - Started process (PID=4908) to work on /opt/airflow/dags/newyork_fhv_pipeline.py
[2026-05-09T03:46:06.107+0000] {processor.py:830} INFO - Processing file /opt/airflow/dags/newyork_fhv_pipeline.py for tasks to queue
[2026-05-09T03:46:06.110+0000] {logging_mixin.py:188} INFO - [2026-05-09T03:46:06.109+0000] {dagbag.py:545} INFO - Filling up the DagBag from /opt/airflow/dags/newyork_fhv_pipeline.py
[2026-05-09T03:46:06.144+0000] {processor.py:840} INFO - DAG(s) 'newyork_fhv_pipeline' retrieved from /opt/airflow/dags/newyork_fhv_pipeline.py
[2026-05-09T03:46:06.174+0000] {logging_mixin.py:188} INFO - [2026-05-09T03:46:06.173+0000] {dag.py:3096} INFO - Sync 1 DAGs
[2026-05-09T03:46:06.200+0000] {logging_mixin.py:188} INFO - [2026-05-09T03:46:06.199+0000] {dag.py:3954} INFO - Setting next_dagrun for newyork_fhv_pipeline to 2026-05-01 00:00:00+00:00, run_after=2026-06-01 00:00:00+00:00
[2026-05-09T03:46:06.225+0000] {processor.py:183} INFO - Processing /opt/airflow/dags/newyork_fhv_pipeline.py took 0.128 seconds
[2026-05-09T03:46:36.992+0000] {processor.py:161} INFO - Started process (PID=4919) to work on /opt/airflow/dags/newyork_fhv_pipeline.py
[2026-05-09T03:46:36.994+0000] {processor.py:830} INFO - Processing file /opt/airflow/dags/newyork_fhv_pipeline.py for tasks to queue
[2026-05-09T03:46:36.998+0000] {logging_mixin.py:188} INFO - [2026-05-09T03:46:36.998+0000] {dagbag.py:545} INFO - Filling up the DagBag from /opt/airflow/dags/newyork_fhv_pipeline.py
[2026-05-09T03:46:37.046+0000] {processor.py:840} INFO - DAG(s) 'newyork_fhv_pipeline' retrieved from /opt/airflow/dags/newyork_fhv_pipeline.py
[2026-05-09T03:46:37.078+0000] {logging_mixin.py:188} INFO - [2026-05-09T03:46:37.077+0000] {dag.py:3096} INFO - Sync 1 DAGs
[2026-05-09T03:46:37.103+0000] {logging_mixin.py:188} INFO - [2026-05-09T03:46:37.103+0000] {dag.py:3954} INFO - Setting next_dagrun for newyork_fhv_pipeline to 2026-05-01 00:00:00+00:00, run_after=2026-06-01 00:00:00+00:00
[2026-05-09T03:46:37.126+0000] {processor.py:183} INFO - Processing /opt/airflow/dags/newyork_fhv_pipeline.py took 0.143 seconds
[2026-05-09T03:47:07.297+0000] {processor.py:161} INFO - Started process (PID=4930) to work on /opt/airflow/dags/newyork_fhv_pipeline.py
[2026-05-09T03:47:07.299+0000] {processor.py:830} INFO - Processing file /opt/airflow/dags/newyork_fhv_pipeline.py for tasks to queue
[2026-05-09T03:47:07.302+0000] {logging_mixin.py:188} INFO - [2026-05-09T03:47:07.301+0000] {dagbag.py:545} INFO - Filling up the DagBag from /opt/airflow/dags/newyork_fhv_pipeline.py
[2026-05-09T03:47:07.352+0000] {processor.py:840} INFO - DAG(s) 'newyork_fhv_pipeline' retrieved from /opt/airflow/dags/newyork_fhv_pipeline.py
[2026-05-09T03:47:07.389+0000] {logging_mixin.py:188} INFO - [2026-05-09T03:47:07.389+0000] {dag.py:3096} INFO - Sync 1 DAGs
[2026-05-09T03:47:07.415+0000] {logging_mixin.py:188} INFO - [2026-05-09T03:47:07.415+0000] {dag.py:3954} INFO - Setting next_dagrun for newyork_fhv_pipeline to 2026-05-01 00:00:00+00:00, run_after=2026-06-01 00:00:00+00:00
[2026-05-09T03:47:07.441+0000] {processor.py:183} INFO - Processing /opt/airflow/dags/newyork_fhv_pipeline.py took 0.153 seconds
[2026-05-09T03:47:38.201+0000] {processor.py:161} INFO - Started process (PID=4941) to work on /opt/airflow/dags/newyork_fhv_pipeline.py
[2026-05-09T03:47:38.203+0000] {processor.py:830} INFO - Processing file /opt/airflow/dags/newyork_fhv_pipeline.py for tasks to queue
[2026-05-09T03:47:38.206+0000] {logging_mixin.py:188} INFO - [2026-05-09T03:47:38.205+0000] {dagbag.py:545} INFO - Filling up the DagBag from /opt/airflow/dags/newyork_fhv_pipeline.py
[2026-05-09T03:47:38.249+0000] {processor.py:840} INFO - DAG(s) 'newyork_fhv_pipeline' retrieved from /opt/airflow/dags/newyork_fhv_pipeline.py
[2026-05-09T03:47:38.290+0000] {logging_mixin.py:188} INFO - [2026-05-09T03:47:38.290+0000] {dag.py:3096} INFO - Sync 1 DAGs
[2026-05-09T03:47:38.324+0000] {logging_mixin.py:188} INFO - [2026-05-09T03:47:38.324+0000] {dag.py:3954} INFO - Setting next_dagrun for newyork_fhv_pipeline to 2026-05-01 00:00:00+00:00, run_after=2026-06-01 00:00:00+00:00
[2026-05-09T03:47:38.351+0000] {processor.py:183} INFO - Processing /opt/airflow/dags/newyork_fhv_pipeline.py took 0.157 seconds
[2026-05-09T03:48:09.206+0000] {processor.py:161} INFO - Started process (PID=4952) to work on /opt/airflow/dags/newyork_fhv_pipeline.py
[2026-05-09T03:48:09.209+0000] {processor.py:830} INFO - Processing file /opt/airflow/dags/newyork_fhv_pipeline.py for tasks to queue
[2026-05-09T03:48:09.213+0000] {logging_mixin.py:188} INFO - [2026-05-09T03:48:09.212+0000] {dagbag.py:545} INFO - Filling up the DagBag from /opt/airflow/dags/newyork_fhv_pipeline.py
[2026-05-09T03:48:09.263+0000] {processor.py:840} INFO - DAG(s) 'newyork_fhv_pipeline' retrieved from /opt/airflow/dags/newyork_fhv_pipeline.py
[2026-05-09T03:48:09.306+0000] {logging_mixin.py:188} INFO - [2026-05-09T03:48:09.306+0000] {dag.py:3096} INFO - Sync 1 DAGs
[2026-05-09T03:48:09.340+0000] {logging_mixin.py:188} INFO - [2026-05-09T03:48:09.340+0000] {dag.py:3954} INFO - Setting next_dagrun for newyork_fhv_pipeline to 2026-05-01 00:00:00+00:00, run_after=2026-06-01 00:00:00+00:00
[2026-05-09T03:48:09.377+0000] {processor.py:183} INFO - Processing /opt/airflow/dags/newyork_fhv_pipeline.py took 0.180 seconds
[2026-05-09T03:48:40.166+0000] {processor.py:161} INFO - Started process (PID=4963) to work on /opt/airflow/dags/newyork_fhv_pipeline.py
[2026-05-09T03:48:40.168+0000] {processor.py:830} INFO - Processing file /opt/airflow/dags/newyork_fhv_pipeline.py for tasks to queue
[2026-05-09T03:48:40.170+0000] {logging_mixin.py:188} INFO - [2026-05-09T03:48:40.170+0000] {dagbag.py:545} INFO - Filling up the DagBag from /opt/airflow/dags/newyork_fhv_pipeline.py
[2026-05-09T03:48:40.215+0000] {processor.py:840} INFO - DAG(s) 'newyork_fhv_pipeline' retrieved from /opt/airflow/dags/newyork_fhv_pipeline.py
[2026-05-09T03:48:40.241+0000] {logging_mixin.py:188} INFO - [2026-05-09T03:48:40.241+0000] {dag.py:3096} INFO - Sync 1 DAGs
[2026-05-09T03:48:40.268+0000] {logging_mixin.py:188} INFO - [2026-05-09T03:48:40.268+0000] {dag.py:3954} INFO - Setting next_dagrun for newyork_fhv_pipeline to 2026-05-01 00:00:00+00:00, run_after=2026-06-01 00:00:00+00:00
[2026-05-09T03:48:40.295+0000] {processor.py:183} INFO - Processing /opt/airflow/dags/newyork_fhv_pipeline.py took 0.139 seconds
[2026-05-09T03:49:10.917+0000] {processor.py:161} INFO - Started process (PID=4974) to work on /opt/airflow/dags/newyork_fhv_pipeline.py
[2026-05-09T03:49:10.918+0000] {processor.py:830} INFO - Processing file /opt/airflow/dags/newyork_fhv_pipeline.py for tasks to queue
[2026-05-09T03:49:10.921+0000] {logging_mixin.py:188} INFO - [2026-05-09T03:49:10.921+0000] {dagbag.py:545} INFO - Filling up the DagBag from /opt/airflow/dags/newyork_fhv_pipeline.py
[2026-05-09T03:49:10.966+0000] {processor.py:840} INFO - DAG(s) 'newyork_fhv_pipeline' retrieved from /opt/airflow/dags/newyork_fhv_pipeline.py
[2026-05-09T03:49:10.996+0000] {logging_mixin.py:188} INFO - [2026-05-09T03:49:10.996+0000] {dag.py:3096} INFO - Sync 1 DAGs
[2026-05-09T03:49:11.023+0000] {logging_mixin.py:188} INFO - [2026-05-09T03:49:11.023+0000] {dag.py:3954} INFO - Setting next_dagrun for newyork_fhv_pipeline to 2026-05-01 00:00:00+00:00, run_after=2026-06-01 00:00:00+00:00
[2026-05-09T03:49:11.050+0000] {processor.py:183} INFO - Processing /opt/airflow/dags/newyork_fhv_pipeline.py took 0.140 seconds
[2026-05-09T03:49:41.900+0000] {processor.py:161} INFO - Started process (PID=4985) to work on /opt/airflow/dags/newyork_fhv_pipeline.py
[2026-05-09T03:49:41.902+0000] {processor.py:830} INFO - Processing file /opt/airflow/dags/newyork_fhv_pipeline.py for tasks to queue
[2026-05-09T03:49:41.905+0000] {logging_mixin.py:188} INFO - [2026-05-09T03:49:41.904+0000] {dagbag.py:545} INFO - Filling up the DagBag from /opt/airflow/dags/newyork_fhv_pipeline.py
[2026-05-09T03:49:41.948+0000] {processor.py:840} INFO - DAG(s) 'newyork_fhv_pipeline' retrieved from /opt/airflow/dags/newyork_fhv_pipeline.py
[2026-05-09T03:49:41.977+0000] {logging_mixin.py:188} INFO - [2026-05-09T03:49:41.977+0000] {dag.py:3096} INFO - Sync 1 DAGs
[2026-05-09T03:49:42.002+0000] {logging_mixin.py:188} INFO - [2026-05-09T03:49:42.002+0000] {dag.py:3954} INFO - Setting next_dagrun for newyork_fhv_pipeline to 2026-05-01 00:00:00+00:00, run_after=2026-06-01 00:00:00+00:00
[2026-05-09T03:49:42.029+0000] {processor.py:183} INFO - Processing /opt/airflow/dags/newyork_fhv_pipeline.py took 0.141 seconds
[2026-05-09T03:50:12.927+0000] {processor.py:161} INFO - Started process (PID=4996) to work on /opt/airflow/dags/newyork_fhv_pipeline.py
[2026-05-09T03:50:12.930+0000] {processor.py:830} INFO - Processing file /opt/airflow/dags/newyork_fhv_pipeline.py for tasks to queue
[2026-05-09T03:50:12.933+0000] {logging_mixin.py:188} INFO - [2026-05-09T03:50:12.932+0000] {dagbag.py:545} INFO - Filling up the DagBag from /opt/airflow/dags/newyork_fhv_pipeline.py
[2026-05-09T03:50:12.977+0000] {processor.py:840} INFO - DAG(s) 'newyork_fhv_pipeline' retrieved from /opt/airflow/dags/newyork_fhv_pipeline.py
[2026-05-09T03:50:13.010+0000] {logging_mixin.py:188} INFO - [2026-05-09T03:50:13.009+0000] {dag.py:3096} INFO - Sync 1 DAGs
[2026-05-09T03:50:13.042+0000] {logging_mixin.py:188} INFO - [2026-05-09T03:50:13.042+0000] {dag.py:3954} INFO - Setting next_dagrun for newyork_fhv_pipeline to 2026-05-01 00:00:00+00:00, run_after=2026-06-01 00:00:00+00:00
[2026-05-09T03:50:13.070+0000] {processor.py:183} INFO - Processing /opt/airflow/dags/newyork_fhv_pipeline.py took 0.153 seconds
[2026-05-09T03:50:43.170+0000] {processor.py:161} INFO - Started process (PID=5007) to work on /opt/airflow/dags/newyork_fhv_pipeline.py
[2026-05-09T03:50:43.172+0000] {processor.py:830} INFO - Processing file /opt/airflow/dags/newyork_fhv_pipeline.py for tasks to queue
[2026-05-09T03:50:43.176+0000] {logging_mixin.py:188} INFO - [2026-05-09T03:50:43.175+0000] {dagbag.py:545} INFO - Filling up the DagBag from /opt/airflow/dags/newyork_fhv_pipeline.py
[2026-05-09T03:50:43.220+0000] {processor.py:840} INFO - DAG(s) 'newyork_fhv_pipeline' retrieved from /opt/airflow/dags/newyork_fhv_pipeline.py
[2026-05-09T03:50:43.244+0000] {logging_mixin.py:188} INFO - [2026-05-09T03:50:43.243+0000] {dag.py:3096} INFO - Sync 1 DAGs
[2026-05-09T03:50:43.268+0000] {logging_mixin.py:188} INFO - [2026-05-09T03:50:43.267+0000] {dag.py:3954} INFO - Setting next_dagrun for newyork_fhv_pipeline to 2026-05-01 00:00:00+00:00, run_after=2026-06-01 00:00:00+00:00
[2026-05-09T03:50:43.292+0000] {processor.py:183} INFO - Processing /opt/airflow/dags/newyork_fhv_pipeline.py took 0.128 seconds
[2026-05-09T03:51:14.278+0000] {processor.py:161} INFO - Started process (PID=5019) to work on /opt/airflow/dags/newyork_fhv_pipeline.py
[2026-05-09T03:51:14.281+0000] {processor.py:830} INFO - Processing file /opt/airflow/dags/newyork_fhv_pipeline.py for tasks to queue
[2026-05-09T03:51:14.285+0000] {logging_mixin.py:188} INFO - [2026-05-09T03:51:14.285+0000] {dagbag.py:545} INFO - Filling up the DagBag from /opt/airflow/dags/newyork_fhv_pipeline.py
[2026-05-09T03:51:14.326+0000] {processor.py:840} INFO - DAG(s) 'newyork_fhv_pipeline' retrieved from /opt/airflow/dags/newyork_fhv_pipeline.py
[2026-05-09T03:51:14.350+0000] {logging_mixin.py:188} INFO - [2026-05-09T03:51:14.349+0000] {dag.py:3096} INFO - Sync 1 DAGs
[2026-05-09T03:51:14.380+0000] {logging_mixin.py:188} INFO - [2026-05-09T03:51:14.379+0000] {dag.py:3954} INFO - Setting next_dagrun for newyork_fhv_pipeline to 2026-05-01 00:00:00+00:00, run_after=2026-06-01 00:00:00+00:00
[2026-05-09T03:51:14.407+0000] {processor.py:183} INFO - Processing /opt/airflow/dags/newyork_fhv_pipeline.py took 0.141 seconds
[2026-05-09T03:51:45.170+0000] {processor.py:161} INFO - Started process (PID=5030) to work on /opt/airflow/dags/newyork_fhv_pipeline.py
[2026-05-09T03:51:45.172+0000] {processor.py:830} INFO - Processing file /opt/airflow/dags/newyork_fhv_pipeline.py for tasks to queue
[2026-05-09T03:51:45.175+0000] {logging_mixin.py:188} INFO - [2026-05-09T03:51:45.175+0000] {dagbag.py:545} INFO - Filling up the DagBag from /opt/airflow/dags/newyork_fhv_pipeline.py
[2026-05-09T03:51:45.215+0000] {processor.py:840} INFO - DAG(s) 'newyork_fhv_pipeline' retrieved from /opt/airflow/dags/newyork_fhv_pipeline.py
[2026-05-09T03:51:45.243+0000] {logging_mixin.py:188} INFO - [2026-05-09T03:51:45.243+0000] {dag.py:3096} INFO - Sync 1 DAGs
[2026-05-09T03:51:45.271+0000] {logging_mixin.py:188} INFO - [2026-05-09T03:51:45.270+0000] {dag.py:3954} INFO - Setting next_dagrun for newyork_fhv_pipeline to 2026-05-01 00:00:00+00:00, run_after=2026-06-01 00:00:00+00:00
[2026-05-09T03:51:45.292+0000] {processor.py:183} INFO - Processing /opt/airflow/dags/newyork_fhv_pipeline.py took 0.130 seconds
[2026-05-09T03:52:16.164+0000] {processor.py:161} INFO - Started process (PID=5041) to work on /opt/airflow/dags/newyork_fhv_pipeline.py
[2026-05-09T03:52:16.166+0000] {processor.py:830} INFO - Processing file /opt/airflow/dags/newyork_fhv_pipeline.py for tasks to queue
[2026-05-09T03:52:16.169+0000] {logging_mixin.py:188} INFO - [2026-05-09T03:52:16.168+0000] {dagbag.py:545} INFO - Filling up the DagBag from /opt/airflow/dags/newyork_fhv_pipeline.py
[2026-05-09T03:52:16.224+0000] {processor.py:840} INFO - DAG(s) 'newyork_fhv_pipeline' retrieved from /opt/airflow/dags/newyork_fhv_pipeline.py
[2026-05-09T03:52:16.258+0000] {logging_mixin.py:188} INFO - [2026-05-09T03:52:16.257+0000] {dag.py:3096} INFO - Sync 1 DAGs
[2026-05-09T03:52:16.307+0000] {logging_mixin.py:188} INFO - [2026-05-09T03:52:16.306+0000] {dag.py:3954} INFO - Setting next_dagrun for newyork_fhv_pipeline to 2026-05-01 00:00:00+00:00, run_after=2026-06-01 00:00:00+00:00
[2026-05-09T03:52:16.341+0000] {processor.py:183} INFO - Processing /opt/airflow/dags/newyork_fhv_pipeline.py took 0.188 seconds
[2026-05-09T03:52:47.134+0000] {processor.py:161} INFO - Started process (PID=5052) to work on /opt/airflow/dags/newyork_fhv_pipeline.py
[2026-05-09T03:52:47.135+0000] {processor.py:830} INFO - Processing file /opt/airflow/dags/newyork_fhv_pipeline.py for tasks to queue
[2026-05-09T03:52:47.137+0000] {logging_mixin.py:188} INFO - [2026-05-09T03:52:47.137+0000] {dagbag.py:545} INFO - Filling up the DagBag from /opt/airflow/dags/newyork_fhv_pipeline.py
[2026-05-09T03:52:47.162+0000] {processor.py:840} INFO - DAG(s) 'newyork_fhv_pipeline' retrieved from /opt/airflow/dags/newyork_fhv_pipeline.py
[2026-05-09T03:52:47.188+0000] {logging_mixin.py:188} INFO - [2026-05-09T03:52:47.188+0000] {dag.py:3096} INFO - Sync 1 DAGs
[2026-05-09T03:52:47.213+0000] {logging_mixin.py:188} INFO - [2026-05-09T03:52:47.213+0000] {dag.py:3954} INFO - Setting next_dagrun for newyork_fhv_pipeline to 2026-05-01 00:00:00+00:00, run_after=2026-06-01 00:00:00+00:00
[2026-05-09T03:52:47.249+0000] {processor.py:183} INFO - Processing /opt/airflow/dags/newyork_fhv_pipeline.py took 0.124 seconds
[2026-05-09T03:53:18.049+0000] {processor.py:161} INFO - Started process (PID=5063) to work on /opt/airflow/dags/newyork_fhv_pipeline.py
[2026-05-09T03:53:18.050+0000] {processor.py:830} INFO - Processing file /opt/airflow/dags/newyork_fhv_pipeline.py for tasks to queue
[2026-05-09T03:53:18.054+0000] {logging_mixin.py:188} INFO - [2026-05-09T03:53:18.053+0000] {dagbag.py:545} INFO - Filling up the DagBag from /opt/airflow/dags/newyork_fhv_pipeline.py
[2026-05-09T03:53:18.102+0000] {processor.py:840} INFO - DAG(s) 'newyork_fhv_pipeline' retrieved from /opt/airflow/dags/newyork_fhv_pipeline.py
[2026-05-09T03:53:18.130+0000] {logging_mixin.py:188} INFO - [2026-05-09T03:53:18.129+0000] {dag.py:3096} INFO - Sync 1 DAGs
[2026-05-09T03:53:18.154+0000] {logging_mixin.py:188} INFO - [2026-05-09T03:53:18.154+0000] {dag.py:3954} INFO - Setting next_dagrun for newyork_fhv_pipeline to 2026-05-01 00:00:00+00:00, run_after=2026-06-01 00:00:00+00:00
[2026-05-09T03:53:18.182+0000] {processor.py:183} INFO - Processing /opt/airflow/dags/newyork_fhv_pipeline.py took 0.145 seconds
[2026-05-09T03:53:49.191+0000] {processor.py:161} INFO - Started process (PID=5074) to work on /opt/airflow/dags/newyork_fhv_pipeline.py
[2026-05-09T03:53:49.194+0000] {processor.py:830} INFO - Processing file /opt/airflow/dags/newyork_fhv_pipeline.py for tasks to queue
[2026-05-09T03:53:49.198+0000] {logging_mixin.py:188} INFO - [2026-05-09T03:53:49.197+0000] {dagbag.py:545} INFO - Filling up the DagBag from /opt/airflow/dags/newyork_fhv_pipeline.py
[2026-05-09T03:53:49.253+0000] {processor.py:840} INFO - DAG(s) 'newyork_fhv_pipeline' retrieved from /opt/airflow/dags/newyork_fhv_pipeline.py
[2026-05-09T03:53:49.299+0000] {logging_mixin.py:188} INFO - [2026-05-09T03:53:49.299+0000] {dag.py:3096} INFO - Sync 1 DAGs
[2026-05-09T03:53:49.342+0000] {logging_mixin.py:188} INFO - [2026-05-09T03:53:49.342+0000] {dag.py:3954} INFO - Setting next_dagrun for newyork_fhv_pipeline to 2026-05-01 00:00:00+00:00, run_after=2026-06-01 00:00:00+00:00
[2026-05-09T03:53:49.390+0000] {processor.py:183} INFO - Processing /opt/airflow/dags/newyork_fhv_pipeline.py took 0.209 seconds
[2026-05-09T03:54:19.572+0000] {processor.py:161} INFO - Started process (PID=5085) to work on /opt/airflow/dags/newyork_fhv_pipeline.py
[2026-05-09T03:54:19.574+0000] {processor.py:830} INFO - Processing file /opt/airflow/dags/newyork_fhv_pipeline.py for tasks to queue
[2026-05-09T03:54:19.577+0000] {logging_mixin.py:188} INFO - [2026-05-09T03:54:19.577+0000] {dagbag.py:545} INFO - Filling up the DagBag from /opt/airflow/dags/newyork_fhv_pipeline.py
[2026-05-09T03:54:19.630+0000] {processor.py:840} INFO - DAG(s) 'newyork_fhv_pipeline' retrieved from /opt/airflow/dags/newyork_fhv_pipeline.py
[2026-05-09T03:54:19.662+0000] {logging_mixin.py:188} INFO - [2026-05-09T03:54:19.661+0000] {dag.py:3096} INFO - Sync 1 DAGs
[2026-05-09T03:54:19.688+0000] {logging_mixin.py:188} INFO - [2026-05-09T03:54:19.688+0000] {dag.py:3954} INFO - Setting next_dagrun for newyork_fhv_pipeline to 2026-05-01 00:00:00+00:00, run_after=2026-06-01 00:00:00+00:00
[2026-05-09T03:54:19.719+0000] {processor.py:183} INFO - Processing /opt/airflow/dags/newyork_fhv_pipeline.py took 0.156 seconds
[2026-05-09T03:54:50.528+0000] {processor.py:161} INFO - Started process (PID=5096) to work on /opt/airflow/dags/newyork_fhv_pipeline.py
[2026-05-09T03:54:50.530+0000] {processor.py:830} INFO - Processing file /opt/airflow/dags/newyork_fhv_pipeline.py for tasks to queue
[2026-05-09T03:54:50.533+0000] {logging_mixin.py:188} INFO - [2026-05-09T03:54:50.533+0000] {dagbag.py:545} INFO - Filling up the DagBag from /opt/airflow/dags/newyork_fhv_pipeline.py
[2026-05-09T03:54:50.569+0000] {processor.py:840} INFO - DAG(s) 'newyork_fhv_pipeline' retrieved from /opt/airflow/dags/newyork_fhv_pipeline.py
[2026-05-09T03:54:50.591+0000] {logging_mixin.py:188} INFO - [2026-05-09T03:54:50.591+0000] {dag.py:3096} INFO - Sync 1 DAGs
[2026-05-09T03:54:50.807+0000] {logging_mixin.py:188} INFO - [2026-05-09T03:54:50.806+0000] {dag.py:3954} INFO - Setting next_dagrun for newyork_fhv_pipeline to 2026-05-01 00:00:00+00:00, run_after=2026-06-01 00:00:00+00:00
[2026-05-09T03:54:50.828+0000] {processor.py:183} INFO - Processing /opt/airflow/dags/newyork_fhv_pipeline.py took 0.311 seconds
[2026-05-09T03:55:21.431+0000] {processor.py:161} INFO - Started process (PID=5107) to work on /opt/airflow/dags/newyork_fhv_pipeline.py
[2026-05-09T03:55:21.435+0000] {processor.py:830} INFO - Processing file /opt/airflow/dags/newyork_fhv_pipeline.py for tasks to queue
[2026-05-09T03:55:21.440+0000] {logging_mixin.py:188} INFO - [2026-05-09T03:55:21.439+0000] {dagbag.py:545} INFO - Filling up the DagBag from /opt/airflow/dags/newyork_fhv_pipeline.py
[2026-05-09T03:55:21.480+0000] {processor.py:840} INFO - DAG(s) 'newyork_fhv_pipeline' retrieved from /opt/airflow/dags/newyork_fhv_pipeline.py
[2026-05-09T03:55:21.510+0000] {logging_mixin.py:188} INFO - [2026-05-09T03:55:21.510+0000] {dag.py:3096} INFO - Sync 1 DAGs
[2026-05-09T03:55:21.538+0000] {logging_mixin.py:188} INFO - [2026-05-09T03:55:21.538+0000] {dag.py:3954} INFO - Setting next_dagrun for newyork_fhv_pipeline to 2026-05-01 00:00:00+00:00, run_after=2026-06-01 00:00:00+00:00
[2026-05-09T03:55:21.563+0000] {processor.py:183} INFO - Processing /opt/airflow/dags/newyork_fhv_pipeline.py took 0.141 seconds
[2026-05-09T03:55:52.437+0000] {processor.py:161} INFO - Started process (PID=5118) to work on /opt/airflow/dags/newyork_fhv_pipeline.py
[2026-05-09T03:55:52.439+0000] {processor.py:830} INFO - Processing file /opt/airflow/dags/newyork_fhv_pipeline.py for tasks to queue
[2026-05-09T03:55:52.443+0000] {logging_mixin.py:188} INFO - [2026-05-09T03:55:52.443+0000] {dagbag.py:545} INFO - Filling up the DagBag from /opt/airflow/dags/newyork_fhv_pipeline.py
[2026-05-09T03:55:52.487+0000] {processor.py:840} INFO - DAG(s) 'newyork_fhv_pipeline' retrieved from /opt/airflow/dags/newyork_fhv_pipeline.py
[2026-05-09T03:55:52.520+0000] {logging_mixin.py:188} INFO - [2026-05-09T03:55:52.519+0000] {dag.py:3096} INFO - Sync 1 DAGs
[2026-05-09T03:55:52.546+0000] {logging_mixin.py:188} INFO - [2026-05-09T03:55:52.546+0000] {dag.py:3954} INFO - Setting next_dagrun for newyork_fhv_pipeline to 2026-05-01 00:00:00+00:00, run_after=2026-06-01 00:00:00+00:00
[2026-05-09T03:55:52.582+0000] {processor.py:183} INFO - Processing /opt/airflow/dags/newyork_fhv_pipeline.py took 0.155 seconds
[2026-05-09T03:56:23.280+0000] {processor.py:161} INFO - Started process (PID=5129) to work on /opt/airflow/dags/newyork_fhv_pipeline.py
[2026-05-09T03:56:23.282+0000] {processor.py:830} INFO - Processing file /opt/airflow/dags/newyork_fhv_pipeline.py for tasks to queue
[2026-05-09T03:56:23.285+0000] {logging_mixin.py:188} INFO - [2026-05-09T03:56:23.285+0000] {dagbag.py:545} INFO - Filling up the DagBag from /opt/airflow/dags/newyork_fhv_pipeline.py
[2026-05-09T03:56:23.308+0000] {processor.py:840} INFO - DAG(s) 'newyork_fhv_pipeline' retrieved from /opt/airflow/dags/newyork_fhv_pipeline.py
[2026-05-09T03:56:23.336+0000] {logging_mixin.py:188} INFO - [2026-05-09T03:56:23.335+0000] {dag.py:3096} INFO - Sync 1 DAGs
[2026-05-09T03:56:23.513+0000] {logging_mixin.py:188} INFO - [2026-05-09T03:56:23.513+0000] {dag.py:3954} INFO - Setting next_dagrun for newyork_fhv_pipeline to 2026-05-01 00:00:00+00:00, run_after=2026-06-01 00:00:00+00:00
[2026-05-09T03:56:23.538+0000] {processor.py:183} INFO - Processing /opt/airflow/dags/newyork_fhv_pipeline.py took 0.267 seconds
[2026-05-09T03:56:54.372+0000] {processor.py:161} INFO - Started process (PID=5140) to work on /opt/airflow/dags/newyork_fhv_pipeline.py
[2026-05-09T03:56:54.373+0000] {processor.py:830} INFO - Processing file /opt/airflow/dags/newyork_fhv_pipeline.py for tasks to queue
[2026-05-09T03:56:54.375+0000] {logging_mixin.py:188} INFO - [2026-05-09T03:56:54.375+0000] {dagbag.py:545} INFO - Filling up the DagBag from /opt/airflow/dags/newyork_fhv_pipeline.py
[2026-05-09T03:56:54.400+0000] {processor.py:840} INFO - DAG(s) 'newyork_fhv_pipeline' retrieved from /opt/airflow/dags/newyork_fhv_pipeline.py
[2026-05-09T03:56:54.426+0000] {logging_mixin.py:188} INFO - [2026-05-09T03:56:54.426+0000] {dag.py:3096} INFO - Sync 1 DAGs
[2026-05-09T03:56:54.451+0000] {logging_mixin.py:188} INFO - [2026-05-09T03:56:54.451+0000] {dag.py:3954} INFO - Setting next_dagrun for newyork_fhv_pipeline to 2026-05-01 00:00:00+00:00, run_after=2026-06-01 00:00:00+00:00
[2026-05-09T03:56:54.475+0000] {processor.py:183} INFO - Processing /opt/airflow/dags/newyork_fhv_pipeline.py took 0.108 seconds
[2026-05-09T03:57:25.145+0000] {processor.py:161} INFO - Started process (PID=5151) to work on /opt/airflow/dags/newyork_fhv_pipeline.py
[2026-05-09T03:57:25.147+0000] {processor.py:830} INFO - Processing file /opt/airflow/dags/newyork_fhv_pipeline.py for tasks to queue
[2026-05-09T03:57:25.150+0000] {logging_mixin.py:188} INFO - [2026-05-09T03:57:25.150+0000] {dagbag.py:545} INFO - Filling up the DagBag from /opt/airflow/dags/newyork_fhv_pipeline.py
[2026-05-09T03:57:25.204+0000] {processor.py:840} INFO - DAG(s) 'newyork_fhv_pipeline' retrieved from /opt/airflow/dags/newyork_fhv_pipeline.py
[2026-05-09T03:57:25.235+0000] {logging_mixin.py:188} INFO - [2026-05-09T03:57:25.235+0000] {dag.py:3096} INFO - Sync 1 DAGs
[2026-05-09T03:57:25.259+0000] {logging_mixin.py:188} INFO - [2026-05-09T03:57:25.259+0000] {dag.py:3954} INFO - Setting next_dagrun for newyork_fhv_pipeline to 2026-05-01 00:00:00+00:00, run_after=2026-06-01 00:00:00+00:00
[2026-05-09T03:57:25.284+0000] {processor.py:183} INFO - Processing /opt/airflow/dags/newyork_fhv_pipeline.py took 0.147 seconds
[2026-05-09T03:57:56.158+0000] {processor.py:161} INFO - Started process (PID=5162) to work on /opt/airflow/dags/newyork_fhv_pipeline.py
[2026-05-09T03:57:56.161+0000] {processor.py:830} INFO - Processing file /opt/airflow/dags/newyork_fhv_pipeline.py for tasks to queue
[2026-05-09T03:57:56.165+0000] {logging_mixin.py:188} INFO - [2026-05-09T03:57:56.164+0000] {dagbag.py:545} INFO - Filling up the DagBag from /opt/airflow/dags/newyork_fhv_pipeline.py
[2026-05-09T03:57:56.207+0000] {processor.py:840} INFO - DAG(s) 'newyork_fhv_pipeline' retrieved from /opt/airflow/dags/newyork_fhv_pipeline.py
[2026-05-09T03:57:56.253+0000] {logging_mixin.py:188} INFO - [2026-05-09T03:57:56.253+0000] {dag.py:3096} INFO - Sync 1 DAGs
[2026-05-09T03:57:56.482+0000] {logging_mixin.py:188} INFO - [2026-05-09T03:57:56.482+0000] {dag.py:3954} INFO - Setting next_dagrun for newyork_fhv_pipeline to 2026-05-01 00:00:00+00:00, run_after=2026-06-01 00:00:00+00:00
[2026-05-09T03:57:56.515+0000] {processor.py:183} INFO - Processing /opt/airflow/dags/newyork_fhv_pipeline.py took 0.369 seconds
[2026-05-09T03:58:26.814+0000] {processor.py:161} INFO - Started process (PID=5173) to work on /opt/airflow/dags/newyork_fhv_pipeline.py
[2026-05-09T03:58:26.816+0000] {processor.py:830} INFO - Processing file /opt/airflow/dags/newyork_fhv_pipeline.py for tasks to queue
[2026-05-09T03:58:26.820+0000] {logging_mixin.py:188} INFO - [2026-05-09T03:58:26.820+0000] {dagbag.py:545} INFO - Filling up the DagBag from /opt/airflow/dags/newyork_fhv_pipeline.py
[2026-05-09T03:58:26.862+0000] {processor.py:840} INFO - DAG(s) 'newyork_fhv_pipeline' retrieved from /opt/airflow/dags/newyork_fhv_pipeline.py
[2026-05-09T03:58:26.905+0000] {logging_mixin.py:188} INFO - [2026-05-09T03:58:26.905+0000] {dag.py:3096} INFO - Sync 1 DAGs
[2026-05-09T03:58:26.932+0000] {logging_mixin.py:188} INFO - [2026-05-09T03:58:26.932+0000] {dag.py:3954} INFO - Setting next_dagrun for newyork_fhv_pipeline to 2026-05-01 00:00:00+00:00, run_after=2026-06-01 00:00:00+00:00
[2026-05-09T03:58:26.975+0000] {processor.py:183} INFO - Processing /opt/airflow/dags/newyork_fhv_pipeline.py took 0.172 seconds
[2026-05-09T03:58:57.872+0000] {processor.py:161} INFO - Started process (PID=5184) to work on /opt/airflow/dags/newyork_fhv_pipeline.py
[2026-05-09T03:58:57.874+0000] {processor.py:830} INFO - Processing file /opt/airflow/dags/newyork_fhv_pipeline.py for tasks to queue
[2026-05-09T03:58:57.876+0000] {logging_mixin.py:188} INFO - [2026-05-09T03:58:57.876+0000] {dagbag.py:545} INFO - Filling up the DagBag from /opt/airflow/dags/newyork_fhv_pipeline.py
[2026-05-09T03:58:57.914+0000] {processor.py:840} INFO - DAG(s) 'newyork_fhv_pipeline' retrieved from /opt/airflow/dags/newyork_fhv_pipeline.py
[2026-05-09T03:58:57.939+0000] {logging_mixin.py:188} INFO - [2026-05-09T03:58:57.938+0000] {dag.py:3096} INFO - Sync 1 DAGs
[2026-05-09T03:58:57.963+0000] {logging_mixin.py:188} INFO - [2026-05-09T03:58:57.963+0000] {dag.py:3954} INFO - Setting next_dagrun for newyork_fhv_pipeline to 2026-05-01 00:00:00+00:00, run_after=2026-06-01 00:00:00+00:00
[2026-05-09T03:58:57.986+0000] {processor.py:183} INFO - Processing /opt/airflow/dags/newyork_fhv_pipeline.py took 0.122 seconds
[2026-05-09T03:59:28.998+0000] {processor.py:161} INFO - Started process (PID=5195) to work on /opt/airflow/dags/newyork_fhv_pipeline.py
[2026-05-09T03:59:29.000+0000] {processor.py:830} INFO - Processing file /opt/airflow/dags/newyork_fhv_pipeline.py for tasks to queue
[2026-05-09T03:59:29.003+0000] {logging_mixin.py:188} INFO - [2026-05-09T03:59:29.002+0000] {dagbag.py:545} INFO - Filling up the DagBag from /opt/airflow/dags/newyork_fhv_pipeline.py
[2026-05-09T03:59:29.035+0000] {processor.py:840} INFO - DAG(s) 'newyork_fhv_pipeline' retrieved from /opt/airflow/dags/newyork_fhv_pipeline.py
[2026-05-09T03:59:29.063+0000] {logging_mixin.py:188} INFO - [2026-05-09T03:59:29.062+0000] {dag.py:3096} INFO - Sync 1 DAGs
[2026-05-09T03:59:29.250+0000] {logging_mixin.py:188} INFO - [2026-05-09T03:59:29.250+0000] {dag.py:3954} INFO - Setting next_dagrun for newyork_fhv_pipeline to 2026-05-01 00:00:00+00:00, run_after=2026-06-01 00:00:00+00:00
[2026-05-09T03:59:29.280+0000] {processor.py:183} INFO - Processing /opt/airflow/dags/newyork_fhv_pipeline.py took 0.290 seconds
[2026-05-09T03:59:59.912+0000] {processor.py:161} INFO - Started process (PID=5207) to work on /opt/airflow/dags/newyork_fhv_pipeline.py
[2026-05-09T03:59:59.914+0000] {processor.py:830} INFO - Processing file /opt/airflow/dags/newyork_fhv_pipeline.py for tasks to queue
[2026-05-09T03:59:59.917+0000] {logging_mixin.py:188} INFO - [2026-05-09T03:59:59.917+0000] {dagbag.py:545} INFO - Filling up the DagBag from /opt/airflow/dags/newyork_fhv_pipeline.py
[2026-05-09T03:59:59.977+0000] {processor.py:840} INFO - DAG(s) 'newyork_fhv_pipeline' retrieved from /opt/airflow/dags/newyork_fhv_pipeline.py
[2026-05-09T04:00:00.018+0000] {logging_mixin.py:188} INFO - [2026-05-09T04:00:00.018+0000] {dag.py:3096} INFO - Sync 1 DAGs
[2026-05-09T04:00:00.053+0000] {logging_mixin.py:188} INFO - [2026-05-09T04:00:00.053+0000] {dag.py:3954} INFO - Setting next_dagrun for newyork_fhv_pipeline to 2026-05-01 00:00:00+00:00, run_after=2026-06-01 00:00:00+00:00
[2026-05-09T04:00:00.079+0000] {processor.py:183} INFO - Processing /opt/airflow/dags/newyork_fhv_pipeline.py took 0.175 seconds
[2026-05-09T04:00:30.718+0000] {processor.py:161} INFO - Started process (PID=5218) to work on /opt/airflow/dags/newyork_fhv_pipeline.py
[2026-05-09T04:00:30.720+0000] {processor.py:830} INFO - Processing file /opt/airflow/dags/newyork_fhv_pipeline.py for tasks to queue
[2026-05-09T04:00:30.722+0000] {logging_mixin.py:188} INFO - [2026-05-09T04:00:30.722+0000] {dagbag.py:545} INFO - Filling up the DagBag from /opt/airflow/dags/newyork_fhv_pipeline.py
[2026-05-09T04:00:30.745+0000] {processor.py:840} INFO - DAG(s) 'newyork_fhv_pipeline' retrieved from /opt/airflow/dags/newyork_fhv_pipeline.py
[2026-05-09T04:00:30.771+0000] {logging_mixin.py:188} INFO - [2026-05-09T04:00:30.770+0000] {dag.py:3096} INFO - Sync 1 DAGs
[2026-05-09T04:00:30.795+0000] {logging_mixin.py:188} INFO - [2026-05-09T04:00:30.794+0000] {dag.py:3954} INFO - Setting next_dagrun for newyork_fhv_pipeline to 2026-05-01 00:00:00+00:00, run_after=2026-06-01 00:00:00+00:00
[2026-05-09T04:00:30.967+0000] {processor.py:183} INFO - Processing /opt/airflow/dags/newyork_fhv_pipeline.py took 0.255 seconds
[2026-05-09T04:01:01.546+0000] {processor.py:161} INFO - Started process (PID=5235) to work on /opt/airflow/dags/newyork_fhv_pipeline.py
[2026-05-09T04:01:01.548+0000] {processor.py:830} INFO - Processing file /opt/airflow/dags/newyork_fhv_pipeline.py for tasks to queue
[2026-05-09T04:01:01.551+0000] {logging_mixin.py:188} INFO - [2026-05-09T04:01:01.551+0000] {dagbag.py:545} INFO - Filling up the DagBag from /opt/airflow/dags/newyork_fhv_pipeline.py
[2026-05-09T04:01:01.593+0000] {processor.py:840} INFO - DAG(s) 'newyork_fhv_pipeline' retrieved from /opt/airflow/dags/newyork_fhv_pipeline.py
[2026-05-09T04:01:01.621+0000] {logging_mixin.py:188} INFO - [2026-05-09T04:01:01.621+0000] {dag.py:3096} INFO - Sync 1 DAGs
[2026-05-09T04:01:01.797+0000] {logging_mixin.py:188} INFO - [2026-05-09T04:01:01.797+0000] {dag.py:3954} INFO - Setting next_dagrun for newyork_fhv_pipeline to 2026-05-01 00:00:00+00:00, run_after=2026-06-01 00:00:00+00:00
[2026-05-09T04:01:01.818+0000] {processor.py:183} INFO - Processing /opt/airflow/dags/newyork_fhv_pipeline.py took 0.280 seconds
[2026-05-09T04:01:32.141+0000] {processor.py:161} INFO - Started process (PID=5246) to work on /opt/airflow/dags/newyork_fhv_pipeline.py
[2026-05-09T04:01:32.144+0000] {processor.py:830} INFO - Processing file /opt/airflow/dags/newyork_fhv_pipeline.py for tasks to queue
[2026-05-09T04:01:32.147+0000] {logging_mixin.py:188} INFO - [2026-05-09T04:01:32.146+0000] {dagbag.py:545} INFO - Filling up the DagBag from /opt/airflow/dags/newyork_fhv_pipeline.py
[2026-05-09T04:01:32.193+0000] {processor.py:840} INFO - DAG(s) 'newyork_fhv_pipeline' retrieved from /opt/airflow/dags/newyork_fhv_pipeline.py
[2026-05-09T04:01:32.218+0000] {logging_mixin.py:188} INFO - [2026-05-09T04:01:32.218+0000] {dag.py:3096} INFO - Sync 1 DAGs
[2026-05-09T04:01:32.243+0000] {logging_mixin.py:188} INFO - [2026-05-09T04:01:32.243+0000] {dag.py:3954} INFO - Setting next_dagrun for newyork_fhv_pipeline to 2026-05-01 00:00:00+00:00, run_after=2026-06-01 00:00:00+00:00
[2026-05-09T04:01:32.270+0000] {processor.py:183} INFO - Processing /opt/airflow/dags/newyork_fhv_pipeline.py took 0.138 seconds
[2026-05-09T04:02:02.542+0000] {processor.py:161} INFO - Started process (PID=5257) to work on /opt/airflow/dags/newyork_fhv_pipeline.py
[2026-05-09T04:02:02.543+0000] {processor.py:830} INFO - Processing file /opt/airflow/dags/newyork_fhv_pipeline.py for tasks to queue
[2026-05-09T04:02:02.546+0000] {logging_mixin.py:188} INFO - [2026-05-09T04:02:02.546+0000] {dagbag.py:545} INFO - Filling up the DagBag from /opt/airflow/dags/newyork_fhv_pipeline.py
[2026-05-09T04:02:02.569+0000] {processor.py:840} INFO - DAG(s) 'newyork_fhv_pipeline' retrieved from /opt/airflow/dags/newyork_fhv_pipeline.py
[2026-05-09T04:02:02.593+0000] {logging_mixin.py:188} INFO - [2026-05-09T04:02:02.593+0000] {dag.py:3096} INFO - Sync 1 DAGs
[2026-05-09T04:02:02.621+0000] {logging_mixin.py:188} INFO - [2026-05-09T04:02:02.621+0000] {dag.py:3954} INFO - Setting next_dagrun for newyork_fhv_pipeline to 2026-05-01 00:00:00+00:00, run_after=2026-06-01 00:00:00+00:00
[2026-05-09T04:02:02.795+0000] {processor.py:183} INFO - Processing /opt/airflow/dags/newyork_fhv_pipeline.py took 0.264 seconds
[2026-05-09T04:02:32.940+0000] {processor.py:161} INFO - Started process (PID=5268) to work on /opt/airflow/dags/newyork_fhv_pipeline.py
[2026-05-09T04:02:32.942+0000] {processor.py:830} INFO - Processing file /opt/airflow/dags/newyork_fhv_pipeline.py for tasks to queue
[2026-05-09T04:02:32.945+0000] {logging_mixin.py:188} INFO - [2026-05-09T04:02:32.944+0000] {dagbag.py:545} INFO - Filling up the DagBag from /opt/airflow/dags/newyork_fhv_pipeline.py
[2026-05-09T04:02:32.993+0000] {processor.py:840} INFO - DAG(s) 'newyork_fhv_pipeline' retrieved from /opt/airflow/dags/newyork_fhv_pipeline.py
[2026-05-09T04:02:33.020+0000] {logging_mixin.py:188} INFO - [2026-05-09T04:02:33.020+0000] {dag.py:3096} INFO - Sync 1 DAGs
[2026-05-09T04:02:33.195+0000] {logging_mixin.py:188} INFO - [2026-05-09T04:02:33.195+0000] {dag.py:3954} INFO - Setting next_dagrun for newyork_fhv_pipeline to 2026-05-01 00:00:00+00:00, run_after=2026-06-01 00:00:00+00:00
[2026-05-09T04:02:33.217+0000] {processor.py:183} INFO - Processing /opt/airflow/dags/newyork_fhv_pipeline.py took 0.288 seconds
[2026-05-09T04:03:03.624+0000] {processor.py:161} INFO - Started process (PID=5279) to work on /opt/airflow/dags/newyork_fhv_pipeline.py
[2026-05-09T04:03:03.626+0000] {processor.py:830} INFO - Processing file /opt/airflow/dags/newyork_fhv_pipeline.py for tasks to queue
[2026-05-09T04:03:03.628+0000] {logging_mixin.py:188} INFO - [2026-05-09T04:03:03.628+0000] {dagbag.py:545} INFO - Filling up the DagBag from /opt/airflow/dags/newyork_fhv_pipeline.py
[2026-05-09T04:03:03.668+0000] {processor.py:840} INFO - DAG(s) 'newyork_fhv_pipeline' retrieved from /opt/airflow/dags/newyork_fhv_pipeline.py
[2026-05-09T04:03:03.697+0000] {logging_mixin.py:188} INFO - [2026-05-09T04:03:03.697+0000] {dag.py:3096} INFO - Sync 1 DAGs
[2026-05-09T04:03:03.723+0000] {logging_mixin.py:188} INFO - [2026-05-09T04:03:03.722+0000] {dag.py:3954} INFO - Setting next_dagrun for newyork_fhv_pipeline to 2026-05-01 00:00:00+00:00, run_after=2026-06-01 00:00:00+00:00
[2026-05-09T04:03:03.750+0000] {processor.py:183} INFO - Processing /opt/airflow/dags/newyork_fhv_pipeline.py took 0.137 seconds
[2026-05-09T04:03:34.647+0000] {processor.py:161} INFO - Started process (PID=5290) to work on /opt/airflow/dags/newyork_fhv_pipeline.py
[2026-05-09T04:03:34.648+0000] {processor.py:830} INFO - Processing file /opt/airflow/dags/newyork_fhv_pipeline.py for tasks to queue
[2026-05-09T04:03:34.650+0000] {logging_mixin.py:188} INFO - [2026-05-09T04:03:34.649+0000] {dagbag.py:545} INFO - Filling up the DagBag from /opt/airflow/dags/newyork_fhv_pipeline.py
[2026-05-09T04:03:34.675+0000] {processor.py:840} INFO - DAG(s) 'newyork_fhv_pipeline' retrieved from /opt/airflow/dags/newyork_fhv_pipeline.py
[2026-05-09T04:03:34.698+0000] {logging_mixin.py:188} INFO - [2026-05-09T04:03:34.698+0000] {dag.py:3096} INFO - Sync 1 DAGs
[2026-05-09T04:03:34.723+0000] {logging_mixin.py:188} INFO - [2026-05-09T04:03:34.723+0000] {dag.py:3954} INFO - Setting next_dagrun for newyork_fhv_pipeline to 2026-05-01 00:00:00+00:00, run_after=2026-06-01 00:00:00+00:00
[2026-05-09T04:03:34.756+0000] {processor.py:183} INFO - Processing /opt/airflow/dags/newyork_fhv_pipeline.py took 0.116 seconds
[2026-05-09T04:04:05.711+0000] {processor.py:161} INFO - Started process (PID=5301) to work on /opt/airflow/dags/newyork_fhv_pipeline.py
[2026-05-09T04:04:05.713+0000] {processor.py:830} INFO - Processing file /opt/airflow/dags/newyork_fhv_pipeline.py for tasks to queue
[2026-05-09T04:04:05.716+0000] {logging_mixin.py:188} INFO - [2026-05-09T04:04:05.715+0000] {dagbag.py:545} INFO - Filling up the DagBag from /opt/airflow/dags/newyork_fhv_pipeline.py
[2026-05-09T04:04:05.751+0000] {processor.py:840} INFO - DAG(s) 'newyork_fhv_pipeline' retrieved from /opt/airflow/dags/newyork_fhv_pipeline.py
[2026-05-09T04:04:05.778+0000] {logging_mixin.py:188} INFO - [2026-05-09T04:04:05.777+0000] {dag.py:3096} INFO - Sync 1 DAGs
[2026-05-09T04:04:05.803+0000] {logging_mixin.py:188} INFO - [2026-05-09T04:04:05.803+0000] {dag.py:3954} INFO - Setting next_dagrun for newyork_fhv_pipeline to 2026-05-01 00:00:00+00:00, run_after=2026-06-01 00:00:00+00:00
[2026-05-09T04:04:05.832+0000] {processor.py:183} INFO - Processing /opt/airflow/dags/newyork_fhv_pipeline.py took 0.127 seconds
[2026-05-09T04:04:36.679+0000] {processor.py:161} INFO - Started process (PID=5312) to work on /opt/airflow/dags/newyork_fhv_pipeline.py
[2026-05-09T04:04:36.681+0000] {processor.py:830} INFO - Processing file /opt/airflow/dags/newyork_fhv_pipeline.py for tasks to queue
[2026-05-09T04:04:36.684+0000] {logging_mixin.py:188} INFO - [2026-05-09T04:04:36.684+0000] {dagbag.py:545} INFO - Filling up the DagBag from /opt/airflow/dags/newyork_fhv_pipeline.py
[2026-05-09T04:04:36.730+0000] {processor.py:840} INFO - DAG(s) 'newyork_fhv_pipeline' retrieved from /opt/airflow/dags/newyork_fhv_pipeline.py
[2026-05-09T04:04:36.767+0000] {logging_mixin.py:188} INFO - [2026-05-09T04:04:36.767+0000] {dag.py:3096} INFO - Sync 1 DAGs
[2026-05-09T04:04:36.814+0000] {logging_mixin.py:188} INFO - [2026-05-09T04:04:36.814+0000] {dag.py:3954} INFO - Setting next_dagrun for newyork_fhv_pipeline to 2026-05-01 00:00:00+00:00, run_after=2026-06-01 00:00:00+00:00
[2026-05-09T04:04:36.852+0000] {processor.py:183} INFO - Processing /opt/airflow/dags/newyork_fhv_pipeline.py took 0.182 seconds
[2026-05-09T04:05:07.691+0000] {processor.py:161} INFO - Started process (PID=5323) to work on /opt/airflow/dags/newyork_fhv_pipeline.py
[2026-05-09T04:05:07.692+0000] {processor.py:830} INFO - Processing file /opt/airflow/dags/newyork_fhv_pipeline.py for tasks to queue
[2026-05-09T04:05:07.694+0000] {logging_mixin.py:188} INFO - [2026-05-09T04:05:07.694+0000] {dagbag.py:545} INFO - Filling up the DagBag from /opt/airflow/dags/newyork_fhv_pipeline.py
[2026-05-09T04:05:07.725+0000] {processor.py:840} INFO - DAG(s) 'newyork_fhv_pipeline' retrieved from /opt/airflow/dags/newyork_fhv_pipeline.py
[2026-05-09T04:05:07.752+0000] {logging_mixin.py:188} INFO - [2026-05-09T04:05:07.752+0000] {dag.py:3096} INFO - Sync 1 DAGs
[2026-05-09T04:05:07.779+0000] {logging_mixin.py:188} INFO - [2026-05-09T04:05:07.779+0000] {dag.py:3954} INFO - Setting next_dagrun for newyork_fhv_pipeline to 2026-05-01 00:00:00+00:00, run_after=2026-06-01 00:00:00+00:00
[2026-05-09T04:05:08.077+0000] {processor.py:183} INFO - Processing /opt/airflow/dags/newyork_fhv_pipeline.py took 0.391 seconds
[2026-05-09T04:05:38.928+0000] {processor.py:161} INFO - Started process (PID=5334) to work on /opt/airflow/dags/newyork_fhv_pipeline.py
[2026-05-09T04:05:38.931+0000] {processor.py:830} INFO - Processing file /opt/airflow/dags/newyork_fhv_pipeline.py for tasks to queue
[2026-05-09T04:05:38.937+0000] {logging_mixin.py:188} INFO - [2026-05-09T04:05:38.936+0000] {dagbag.py:545} INFO - Filling up the DagBag from /opt/airflow/dags/newyork_fhv_pipeline.py
[2026-05-09T04:05:38.997+0000] {processor.py:840} INFO - DAG(s) 'newyork_fhv_pipeline' retrieved from /opt/airflow/dags/newyork_fhv_pipeline.py
[2026-05-09T04:05:39.027+0000] {logging_mixin.py:188} INFO - [2026-05-09T04:05:39.027+0000] {dag.py:3096} INFO - Sync 1 DAGs
[2026-05-09T04:05:39.053+0000] {logging_mixin.py:188} INFO - [2026-05-09T04:05:39.053+0000] {dag.py:3954} INFO - Setting next_dagrun for newyork_fhv_pipeline to 2026-05-01 00:00:00+00:00, run_after=2026-06-01 00:00:00+00:00
[2026-05-09T04:05:39.079+0000] {processor.py:183} INFO - Processing /opt/airflow/dags/newyork_fhv_pipeline.py took 0.163 seconds
[2026-05-09T04:06:10.003+0000] {processor.py:161} INFO - Started process (PID=5345) to work on /opt/airflow/dags/newyork_fhv_pipeline.py
[2026-05-09T04:06:10.005+0000] {processor.py:830} INFO - Processing file /opt/airflow/dags/newyork_fhv_pipeline.py for tasks to queue
[2026-05-09T04:06:10.008+0000] {logging_mixin.py:188} INFO - [2026-05-09T04:06:10.007+0000] {dagbag.py:545} INFO - Filling up the DagBag from /opt/airflow/dags/newyork_fhv_pipeline.py
[2026-05-09T04:06:10.051+0000] {processor.py:840} INFO - DAG(s) 'newyork_fhv_pipeline' retrieved from /opt/airflow/dags/newyork_fhv_pipeline.py
[2026-05-09T04:06:10.078+0000] {logging_mixin.py:188} INFO - [2026-05-09T04:06:10.077+0000] {dag.py:3096} INFO - Sync 1 DAGs
[2026-05-09T04:06:10.103+0000] {logging_mixin.py:188} INFO - [2026-05-09T04:06:10.103+0000] {dag.py:3954} INFO - Setting next_dagrun for newyork_fhv_pipeline to 2026-05-01 00:00:00+00:00, run_after=2026-06-01 00:00:00+00:00
[2026-05-09T04:06:10.130+0000] {processor.py:183} INFO - Processing /opt/airflow/dags/newyork_fhv_pipeline.py took 0.136 seconds
[2026-05-09T04:06:41.029+0000] {processor.py:161} INFO - Started process (PID=5356) to work on /opt/airflow/dags/newyork_fhv_pipeline.py
[2026-05-09T04:06:41.032+0000] {processor.py:830} INFO - Processing file /opt/airflow/dags/newyork_fhv_pipeline.py for tasks to queue
[2026-05-09T04:06:41.038+0000] {logging_mixin.py:188} INFO - [2026-05-09T04:06:41.037+0000] {dagbag.py:545} INFO - Filling up the DagBag from /opt/airflow/dags/newyork_fhv_pipeline.py
[2026-05-09T04:06:41.085+0000] {processor.py:840} INFO - DAG(s) 'newyork_fhv_pipeline' retrieved from /opt/airflow/dags/newyork_fhv_pipeline.py
[2026-05-09T04:06:41.117+0000] {logging_mixin.py:188} INFO - [2026-05-09T04:06:41.116+0000] {dag.py:3096} INFO - Sync 1 DAGs
[2026-05-09T04:06:41.151+0000] {logging_mixin.py:188} INFO - [2026-05-09T04:06:41.151+0000] {dag.py:3954} INFO - Setting next_dagrun for newyork_fhv_pipeline to 2026-05-01 00:00:00+00:00, run_after=2026-06-01 00:00:00+00:00
[2026-05-09T04:06:41.193+0000] {processor.py:183} INFO - Processing /opt/airflow/dags/newyork_fhv_pipeline.py took 0.175 seconds
[2026-05-09T04:07:11.995+0000] {processor.py:161} INFO - Started process (PID=5367) to work on /opt/airflow/dags/newyork_fhv_pipeline.py
[2026-05-09T04:07:11.996+0000] {processor.py:830} INFO - Processing file /opt/airflow/dags/newyork_fhv_pipeline.py for tasks to queue
[2026-05-09T04:07:11.999+0000] {logging_mixin.py:188} INFO - [2026-05-09T04:07:11.998+0000] {dagbag.py:545} INFO - Filling up the DagBag from /opt/airflow/dags/newyork_fhv_pipeline.py
[2026-05-09T04:07:12.027+0000] {processor.py:840} INFO - DAG(s) 'newyork_fhv_pipeline' retrieved from /opt/airflow/dags/newyork_fhv_pipeline.py
[2026-05-09T04:07:12.053+0000] {logging_mixin.py:188} INFO - [2026-05-09T04:07:12.052+0000] {dag.py:3096} INFO - Sync 1 DAGs
[2026-05-09T04:07:12.077+0000] {logging_mixin.py:188} INFO - [2026-05-09T04:07:12.077+0000] {dag.py:3954} INFO - Setting next_dagrun for newyork_fhv_pipeline to 2026-05-01 00:00:00+00:00, run_after=2026-06-01 00:00:00+00:00
[2026-05-09T04:07:12.102+0000] {processor.py:183} INFO - Processing /opt/airflow/dags/newyork_fhv_pipeline.py took 0.117 seconds
[2026-05-09T04:07:42.914+0000] {processor.py:161} INFO - Started process (PID=5378) to work on /opt/airflow/dags/newyork_fhv_pipeline.py
[2026-05-09T04:07:42.917+0000] {processor.py:830} INFO - Processing file /opt/airflow/dags/newyork_fhv_pipeline.py for tasks to queue
[2026-05-09T04:07:42.921+0000] {logging_mixin.py:188} INFO - [2026-05-09T04:07:42.920+0000] {dagbag.py:545} INFO - Filling up the DagBag from /opt/airflow/dags/newyork_fhv_pipeline.py
[2026-05-09T04:07:42.975+0000] {processor.py:840} INFO - DAG(s) 'newyork_fhv_pipeline' retrieved from /opt/airflow/dags/newyork_fhv_pipeline.py
[2026-05-09T04:07:43.009+0000] {logging_mixin.py:188} INFO - [2026-05-09T04:07:43.009+0000] {dag.py:3096} INFO - Sync 1 DAGs
[2026-05-09T04:07:43.036+0000] {logging_mixin.py:188} INFO - [2026-05-09T04:07:43.035+0000] {dag.py:3954} INFO - Setting next_dagrun for newyork_fhv_pipeline to 2026-05-01 00:00:00+00:00, run_after=2026-06-01 00:00:00+00:00
[2026-05-09T04:07:43.064+0000] {processor.py:183} INFO - Processing /opt/airflow/dags/newyork_fhv_pipeline.py took 0.166 seconds
[2026-05-09T04:08:13.924+0000] {processor.py:161} INFO - Started process (PID=5389) to work on /opt/airflow/dags/newyork_fhv_pipeline.py
[2026-05-09T04:08:13.925+0000] {processor.py:830} INFO - Processing file /opt/airflow/dags/newyork_fhv_pipeline.py for tasks to queue
[2026-05-09T04:08:13.928+0000] {logging_mixin.py:188} INFO - [2026-05-09T04:08:13.927+0000] {dagbag.py:545} INFO - Filling up the DagBag from /opt/airflow/dags/newyork_fhv_pipeline.py
[2026-05-09T04:08:13.954+0000] {processor.py:840} INFO - DAG(s) 'newyork_fhv_pipeline' retrieved from /opt/airflow/dags/newyork_fhv_pipeline.py
[2026-05-09T04:08:13.983+0000] {logging_mixin.py:188} INFO - [2026-05-09T04:08:13.983+0000] {dag.py:3096} INFO - Sync 1 DAGs
[2026-05-09T04:08:14.011+0000] {logging_mixin.py:188} INFO - [2026-05-09T04:08:14.010+0000] {dag.py:3954} INFO - Setting next_dagrun for newyork_fhv_pipeline to 2026-05-01 00:00:00+00:00, run_after=2026-06-01 00:00:00+00:00
[2026-05-09T04:08:14.032+0000] {processor.py:183} INFO - Processing /opt/airflow/dags/newyork_fhv_pipeline.py took 0.117 seconds
[2026-05-09T04:08:45.069+0000] {processor.py:161} INFO - Started process (PID=5400) to work on /opt/airflow/dags/newyork_fhv_pipeline.py
[2026-05-09T04:08:45.071+0000] {processor.py:830} INFO - Processing file /opt/airflow/dags/newyork_fhv_pipeline.py for tasks to queue
[2026-05-09T04:08:45.074+0000] {logging_mixin.py:188} INFO - [2026-05-09T04:08:45.073+0000] {dagbag.py:545} INFO - Filling up the DagBag from /opt/airflow/dags/newyork_fhv_pipeline.py
[2026-05-09T04:08:45.118+0000] {processor.py:840} INFO - DAG(s) 'newyork_fhv_pipeline' retrieved from /opt/airflow/dags/newyork_fhv_pipeline.py
[2026-05-09T04:08:45.151+0000] {logging_mixin.py:188} INFO - [2026-05-09T04:08:45.150+0000] {dag.py:3096} INFO - Sync 1 DAGs
[2026-05-09T04:08:45.181+0000] {logging_mixin.py:188} INFO - [2026-05-09T04:08:45.180+0000] {dag.py:3954} INFO - Setting next_dagrun for newyork_fhv_pipeline to 2026-05-01 00:00:00+00:00, run_after=2026-06-01 00:00:00+00:00
[2026-05-09T04:08:45.218+0000] {processor.py:183} INFO - Processing /opt/airflow/dags/newyork_fhv_pipeline.py took 0.156 seconds
[2026-05-09T04:09:15.674+0000] {processor.py:161} INFO - Started process (PID=5411) to work on /opt/airflow/dags/newyork_fhv_pipeline.py
[2026-05-09T04:09:15.677+0000] {processor.py:830} INFO - Processing file /opt/airflow/dags/newyork_fhv_pipeline.py for tasks to queue
[2026-05-09T04:09:15.682+0000] {logging_mixin.py:188} INFO - [2026-05-09T04:09:15.681+0000] {dagbag.py:545} INFO - Filling up the DagBag from /opt/airflow/dags/newyork_fhv_pipeline.py
[2026-05-09T04:09:15.746+0000] {processor.py:840} INFO - DAG(s) 'newyork_fhv_pipeline' retrieved from /opt/airflow/dags/newyork_fhv_pipeline.py
[2026-05-09T04:09:15.779+0000] {logging_mixin.py:188} INFO - [2026-05-09T04:09:15.779+0000] {dag.py:3096} INFO - Sync 1 DAGs
[2026-05-09T04:09:15.809+0000] {logging_mixin.py:188} INFO - [2026-05-09T04:09:15.809+0000] {dag.py:3954} INFO - Setting next_dagrun for newyork_fhv_pipeline to 2026-05-01 00:00:00+00:00, run_after=2026-06-01 00:00:00+00:00
[2026-05-09T04:09:15.839+0000] {processor.py:183} INFO - Processing /opt/airflow/dags/newyork_fhv_pipeline.py took 0.174 seconds
[2026-05-09T04:25:28.817+0000] {processor.py:161} INFO - Started process (PID=5422) to work on /opt/airflow/dags/newyork_fhv_pipeline.py
[2026-05-09T04:25:28.818+0000] {processor.py:830} INFO - Processing file /opt/airflow/dags/newyork_fhv_pipeline.py for tasks to queue
[2026-05-09T04:25:28.822+0000] {logging_mixin.py:188} INFO - [2026-05-09T04:25:28.821+0000] {dagbag.py:545} INFO - Filling up the DagBag from /opt/airflow/dags/newyork_fhv_pipeline.py
[2026-05-09T04:25:28.857+0000] {processor.py:840} INFO - DAG(s) 'newyork_fhv_pipeline' retrieved from /opt/airflow/dags/newyork_fhv_pipeline.py
[2026-05-09T04:25:28.890+0000] {logging_mixin.py:188} INFO - [2026-05-09T04:25:28.889+0000] {dag.py:3096} INFO - Sync 1 DAGs
[2026-05-09T04:25:28.926+0000] {logging_mixin.py:188} INFO - [2026-05-09T04:25:28.926+0000] {dag.py:3954} INFO - Setting next_dagrun for newyork_fhv_pipeline to 2026-05-01 00:00:00+00:00, run_after=2026-06-01 00:00:00+00:00
[2026-05-09T04:25:28.962+0000] {processor.py:183} INFO - Processing /opt/airflow/dags/newyork_fhv_pipeline.py took 0.155 seconds
[2026-05-09T04:25:59.466+0000] {processor.py:161} INFO - Started process (PID=5433) to work on /opt/airflow/dags/newyork_fhv_pipeline.py
[2026-05-09T04:25:59.467+0000] {processor.py:830} INFO - Processing file /opt/airflow/dags/newyork_fhv_pipeline.py for tasks to queue
[2026-05-09T04:25:59.469+0000] {logging_mixin.py:188} INFO - [2026-05-09T04:25:59.468+0000] {dagbag.py:545} INFO - Filling up the DagBag from /opt/airflow/dags/newyork_fhv_pipeline.py
[2026-05-09T04:25:59.488+0000] {processor.py:840} INFO - DAG(s) 'newyork_fhv_pipeline' retrieved from /opt/airflow/dags/newyork_fhv_pipeline.py
[2026-05-09T04:25:59.511+0000] {logging_mixin.py:188} INFO - [2026-05-09T04:25:59.510+0000] {dag.py:3096} INFO - Sync 1 DAGs
[2026-05-09T04:25:59.532+0000] {logging_mixin.py:188} INFO - [2026-05-09T04:25:59.531+0000] {dag.py:3954} INFO - Setting next_dagrun for newyork_fhv_pipeline to 2026-05-01 00:00:00+00:00, run_after=2026-06-01 00:00:00+00:00
[2026-05-09T04:25:59.558+0000] {processor.py:183} INFO - Processing /opt/airflow/dags/newyork_fhv_pipeline.py took 0.097 seconds
[2026-05-09T04:26:30.045+0000] {processor.py:161} INFO - Started process (PID=5444) to work on /opt/airflow/dags/newyork_fhv_pipeline.py
[2026-05-09T04:26:30.046+0000] {processor.py:830} INFO - Processing file /opt/airflow/dags/newyork_fhv_pipeline.py for tasks to queue
[2026-05-09T04:26:30.048+0000] {logging_mixin.py:188} INFO - [2026-05-09T04:26:30.048+0000] {dagbag.py:545} INFO - Filling up the DagBag from /opt/airflow/dags/newyork_fhv_pipeline.py
[2026-05-09T04:26:30.065+0000] {processor.py:840} INFO - DAG(s) 'newyork_fhv_pipeline' retrieved from /opt/airflow/dags/newyork_fhv_pipeline.py
[2026-05-09T04:26:30.085+0000] {logging_mixin.py:188} INFO - [2026-05-09T04:26:30.084+0000] {dag.py:3096} INFO - Sync 1 DAGs
[2026-05-09T04:26:30.105+0000] {logging_mixin.py:188} INFO - [2026-05-09T04:26:30.105+0000] {dag.py:3954} INFO - Setting next_dagrun for newyork_fhv_pipeline to 2026-05-01 00:00:00+00:00, run_after=2026-06-01 00:00:00+00:00
[2026-05-09T04:26:30.131+0000] {processor.py:183} INFO - Processing /opt/airflow/dags/newyork_fhv_pipeline.py took 0.092 seconds
[2026-05-09T04:27:00.583+0000] {processor.py:161} INFO - Started process (PID=5455) to work on /opt/airflow/dags/newyork_fhv_pipeline.py
[2026-05-09T04:27:00.584+0000] {processor.py:830} INFO - Processing file /opt/airflow/dags/newyork_fhv_pipeline.py for tasks to queue
[2026-05-09T04:27:00.587+0000] {logging_mixin.py:188} INFO - [2026-05-09T04:27:00.586+0000] {dagbag.py:545} INFO - Filling up the DagBag from /opt/airflow/dags/newyork_fhv_pipeline.py
[2026-05-09T04:27:00.621+0000] {processor.py:840} INFO - DAG(s) 'newyork_fhv_pipeline' retrieved from /opt/airflow/dags/newyork_fhv_pipeline.py
[2026-05-09T04:27:00.653+0000] {logging_mixin.py:188} INFO - [2026-05-09T04:27:00.652+0000] {dag.py:3096} INFO - Sync 1 DAGs
[2026-05-09T04:27:00.683+0000] {logging_mixin.py:188} INFO - [2026-05-09T04:27:00.683+0000] {dag.py:3954} INFO - Setting next_dagrun for newyork_fhv_pipeline to 2026-05-01 00:00:00+00:00, run_after=2026-06-01 00:00:00+00:00
[2026-05-09T04:27:00.708+0000] {processor.py:183} INFO - Processing /opt/airflow/dags/newyork_fhv_pipeline.py took 0.133 seconds
[2026-05-09T04:27:31.648+0000] {processor.py:161} INFO - Started process (PID=5466) to work on /opt/airflow/dags/newyork_fhv_pipeline.py
[2026-05-09T04:27:31.650+0000] {processor.py:830} INFO - Processing file /opt/airflow/dags/newyork_fhv_pipeline.py for tasks to queue
[2026-05-09T04:27:31.652+0000] {logging_mixin.py:188} INFO - [2026-05-09T04:27:31.652+0000] {dagbag.py:545} INFO - Filling up the DagBag from /opt/airflow/dags/newyork_fhv_pipeline.py
[2026-05-09T04:27:31.689+0000] {processor.py:840} INFO - DAG(s) 'newyork_fhv_pipeline' retrieved from /opt/airflow/dags/newyork_fhv_pipeline.py
[2026-05-09T04:27:31.720+0000] {logging_mixin.py:188} INFO - [2026-05-09T04:27:31.719+0000] {dag.py:3096} INFO - Sync 1 DAGs
[2026-05-09T04:27:31.752+0000] {logging_mixin.py:188} INFO - [2026-05-09T04:27:31.752+0000] {dag.py:3954} INFO - Setting next_dagrun for newyork_fhv_pipeline to 2026-05-01 00:00:00+00:00, run_after=2026-06-01 00:00:00+00:00
[2026-05-09T04:27:31.783+0000] {processor.py:183} INFO - Processing /opt/airflow/dags/newyork_fhv_pipeline.py took 0.143 seconds
