[2026-05-09T01:04:07.595+0000] {processor.py:161} INFO - Started process (PID=1390) to work on /opt/airflow/dags/newyork_fhv_silver.py
[2026-05-09T01:04:07.604+0000] {processor.py:830} INFO - Processing file /opt/airflow/dags/newyork_fhv_silver.py for tasks to queue
[2026-05-09T01:04:07.614+0000] {logging_mixin.py:188} INFO - [2026-05-09T01:04:07.613+0000] {dagbag.py:545} INFO - Filling up the DagBag from /opt/airflow/dags/newyork_fhv_silver.py
[2026-05-09T01:04:07.909+0000] {processor.py:840} INFO - DAG(s) 'newyork_fhv_silver' retrieved from /opt/airflow/dags/newyork_fhv_silver.py
[2026-05-09T01:04:07.948+0000] {logging_mixin.py:188} INFO - [2026-05-09T01:04:07.947+0000] {dag.py:3096} INFO - Sync 1 DAGs
[2026-05-09T01:04:07.978+0000] {logging_mixin.py:188} INFO - [2026-05-09T01:04:07.977+0000] {dag.py:3954} INFO - Setting next_dagrun for newyork_fhv_silver to None, run_after=None
[2026-05-09T01:04:08.049+0000] {processor.py:183} INFO - Processing /opt/airflow/dags/newyork_fhv_silver.py took 0.461 seconds
[2026-05-09T01:04:38.571+0000] {processor.py:161} INFO - Started process (PID=1401) to work on /opt/airflow/dags/newyork_fhv_silver.py
[2026-05-09T01:04:38.572+0000] {processor.py:830} INFO - Processing file /opt/airflow/dags/newyork_fhv_silver.py for tasks to queue
[2026-05-09T01:04:38.574+0000] {logging_mixin.py:188} INFO - [2026-05-09T01:04:38.573+0000] {dagbag.py:545} INFO - Filling up the DagBag from /opt/airflow/dags/newyork_fhv_silver.py
[2026-05-09T01:04:38.595+0000] {processor.py:840} INFO - DAG(s) 'newyork_fhv_silver' retrieved from /opt/airflow/dags/newyork_fhv_silver.py
[2026-05-09T01:04:38.612+0000] {logging_mixin.py:188} INFO - [2026-05-09T01:04:38.612+0000] {dag.py:3096} INFO - Sync 1 DAGs
[2026-05-09T01:04:38.622+0000] {logging_mixin.py:188} INFO - [2026-05-09T01:04:38.622+0000] {dag.py:3954} INFO - Setting next_dagrun for newyork_fhv_silver to None, run_after=None
[2026-05-09T01:04:38.843+0000] {processor.py:183} INFO - Processing /opt/airflow/dags/newyork_fhv_silver.py took 0.281 seconds
[2026-05-09T01:05:09.235+0000] {processor.py:161} INFO - Started process (PID=1412) to work on /opt/airflow/dags/newyork_fhv_silver.py
[2026-05-09T01:05:09.236+0000] {processor.py:830} INFO - Processing file /opt/airflow/dags/newyork_fhv_silver.py for tasks to queue
[2026-05-09T01:05:09.238+0000] {logging_mixin.py:188} INFO - [2026-05-09T01:05:09.238+0000] {dagbag.py:545} INFO - Filling up the DagBag from /opt/airflow/dags/newyork_fhv_silver.py
[2026-05-09T01:05:09.256+0000] {processor.py:840} INFO - DAG(s) 'newyork_fhv_silver' retrieved from /opt/airflow/dags/newyork_fhv_silver.py
[2026-05-09T01:05:09.276+0000] {logging_mixin.py:188} INFO - [2026-05-09T01:05:09.275+0000] {dag.py:3096} INFO - Sync 1 DAGs
[2026-05-09T01:05:09.287+0000] {logging_mixin.py:188} INFO - [2026-05-09T01:05:09.287+0000] {dag.py:3954} INFO - Setting next_dagrun for newyork_fhv_silver to None, run_after=None
[2026-05-09T01:05:10.101+0000] {processor.py:183} INFO - Processing /opt/airflow/dags/newyork_fhv_silver.py took 0.871 seconds
[2026-05-09T01:05:40.441+0000] {processor.py:161} INFO - Started process (PID=1423) to work on /opt/airflow/dags/newyork_fhv_silver.py
[2026-05-09T01:05:40.443+0000] {processor.py:830} INFO - Processing file /opt/airflow/dags/newyork_fhv_silver.py for tasks to queue
[2026-05-09T01:05:40.445+0000] {logging_mixin.py:188} INFO - [2026-05-09T01:05:40.445+0000] {dagbag.py:545} INFO - Filling up the DagBag from /opt/airflow/dags/newyork_fhv_silver.py
[2026-05-09T01:05:40.491+0000] {processor.py:840} INFO - DAG(s) 'newyork_fhv_silver' retrieved from /opt/airflow/dags/newyork_fhv_silver.py
[2026-05-09T01:05:40.517+0000] {logging_mixin.py:188} INFO - [2026-05-09T01:05:40.517+0000] {dag.py:3096} INFO - Sync 1 DAGs
[2026-05-09T01:05:40.530+0000] {logging_mixin.py:188} INFO - [2026-05-09T01:05:40.530+0000] {dag.py:3954} INFO - Setting next_dagrun for newyork_fhv_silver to None, run_after=None
[2026-05-09T01:05:41.103+0000] {processor.py:183} INFO - Processing /opt/airflow/dags/newyork_fhv_silver.py took 0.670 seconds
[2026-05-09T01:06:12.019+0000] {processor.py:161} INFO - Started process (PID=1434) to work on /opt/airflow/dags/newyork_fhv_silver.py
[2026-05-09T01:06:12.022+0000] {processor.py:830} INFO - Processing file /opt/airflow/dags/newyork_fhv_silver.py for tasks to queue
[2026-05-09T01:06:12.031+0000] {logging_mixin.py:188} INFO - [2026-05-09T01:06:12.030+0000] {dagbag.py:545} INFO - Filling up the DagBag from /opt/airflow/dags/newyork_fhv_silver.py
[2026-05-09T01:06:12.081+0000] {processor.py:840} INFO - DAG(s) 'newyork_fhv_silver' retrieved from /opt/airflow/dags/newyork_fhv_silver.py
[2026-05-09T01:06:12.117+0000] {logging_mixin.py:188} INFO - [2026-05-09T01:06:12.117+0000] {dag.py:3096} INFO - Sync 1 DAGs
[2026-05-09T01:06:12.147+0000] {logging_mixin.py:188} INFO - [2026-05-09T01:06:12.147+0000] {dag.py:3954} INFO - Setting next_dagrun for newyork_fhv_silver to None, run_after=None
[2026-05-09T01:06:12.224+0000] {processor.py:183} INFO - Processing /opt/airflow/dags/newyork_fhv_silver.py took 0.215 seconds
[2026-05-09T01:06:43.145+0000] {processor.py:161} INFO - Started process (PID=1446) to work on /opt/airflow/dags/newyork_fhv_silver.py
[2026-05-09T01:06:43.146+0000] {processor.py:830} INFO - Processing file /opt/airflow/dags/newyork_fhv_silver.py for tasks to queue
[2026-05-09T01:06:43.150+0000] {logging_mixin.py:188} INFO - [2026-05-09T01:06:43.149+0000] {dagbag.py:545} INFO - Filling up the DagBag from /opt/airflow/dags/newyork_fhv_silver.py
[2026-05-09T01:06:43.195+0000] {processor.py:840} INFO - DAG(s) 'newyork_fhv_silver' retrieved from /opt/airflow/dags/newyork_fhv_silver.py
[2026-05-09T01:06:43.231+0000] {logging_mixin.py:188} INFO - [2026-05-09T01:06:43.230+0000] {dag.py:3096} INFO - Sync 1 DAGs
[2026-05-09T01:06:43.248+0000] {logging_mixin.py:188} INFO - [2026-05-09T01:06:43.247+0000] {dag.py:3954} INFO - Setting next_dagrun for newyork_fhv_silver to None, run_after=None
[2026-05-09T01:06:43.276+0000] {processor.py:183} INFO - Processing /opt/airflow/dags/newyork_fhv_silver.py took 0.139 seconds
[2026-05-09T01:07:14.165+0000] {processor.py:161} INFO - Started process (PID=1457) to work on /opt/airflow/dags/newyork_fhv_silver.py
[2026-05-09T01:07:14.166+0000] {processor.py:830} INFO - Processing file /opt/airflow/dags/newyork_fhv_silver.py for tasks to queue
[2026-05-09T01:07:14.169+0000] {logging_mixin.py:188} INFO - [2026-05-09T01:07:14.169+0000] {dagbag.py:545} INFO - Filling up the DagBag from /opt/airflow/dags/newyork_fhv_silver.py
[2026-05-09T01:07:14.194+0000] {processor.py:840} INFO - DAG(s) 'newyork_fhv_silver' retrieved from /opt/airflow/dags/newyork_fhv_silver.py
[2026-05-09T01:07:14.222+0000] {logging_mixin.py:188} INFO - [2026-05-09T01:07:14.221+0000] {dag.py:3096} INFO - Sync 1 DAGs
[2026-05-09T01:07:14.236+0000] {logging_mixin.py:188} INFO - [2026-05-09T01:07:14.236+0000] {dag.py:3954} INFO - Setting next_dagrun for newyork_fhv_silver to None, run_after=None
[2026-05-09T01:07:14.269+0000] {processor.py:183} INFO - Processing /opt/airflow/dags/newyork_fhv_silver.py took 0.115 seconds
[2026-05-09T01:07:44.418+0000] {processor.py:161} INFO - Started process (PID=1468) to work on /opt/airflow/dags/newyork_fhv_silver.py
[2026-05-09T01:07:44.420+0000] {processor.py:830} INFO - Processing file /opt/airflow/dags/newyork_fhv_silver.py for tasks to queue
[2026-05-09T01:07:44.424+0000] {logging_mixin.py:188} INFO - [2026-05-09T01:07:44.424+0000] {dagbag.py:545} INFO - Filling up the DagBag from /opt/airflow/dags/newyork_fhv_silver.py
[2026-05-09T01:07:44.459+0000] {processor.py:840} INFO - DAG(s) 'newyork_fhv_silver' retrieved from /opt/airflow/dags/newyork_fhv_silver.py
[2026-05-09T01:07:44.484+0000] {logging_mixin.py:188} INFO - [2026-05-09T01:07:44.484+0000] {dag.py:3096} INFO - Sync 1 DAGs
[2026-05-09T01:07:44.499+0000] {logging_mixin.py:188} INFO - [2026-05-09T01:07:44.499+0000] {dag.py:3954} INFO - Setting next_dagrun for newyork_fhv_silver to None, run_after=None
[2026-05-09T01:07:44.530+0000] {processor.py:183} INFO - Processing /opt/airflow/dags/newyork_fhv_silver.py took 0.123 seconds
[2026-05-09T01:08:15.427+0000] {processor.py:161} INFO - Started process (PID=1479) to work on /opt/airflow/dags/newyork_fhv_silver.py
[2026-05-09T01:08:15.429+0000] {processor.py:830} INFO - Processing file /opt/airflow/dags/newyork_fhv_silver.py for tasks to queue
[2026-05-09T01:08:15.431+0000] {logging_mixin.py:188} INFO - [2026-05-09T01:08:15.431+0000] {dagbag.py:545} INFO - Filling up the DagBag from /opt/airflow/dags/newyork_fhv_silver.py
[2026-05-09T01:08:15.463+0000] {processor.py:840} INFO - DAG(s) 'newyork_fhv_silver' retrieved from /opt/airflow/dags/newyork_fhv_silver.py
[2026-05-09T01:08:15.488+0000] {logging_mixin.py:188} INFO - [2026-05-09T01:08:15.488+0000] {dag.py:3096} INFO - Sync 1 DAGs
[2026-05-09T01:08:15.505+0000] {logging_mixin.py:188} INFO - [2026-05-09T01:08:15.505+0000] {dag.py:3954} INFO - Setting next_dagrun for newyork_fhv_silver to None, run_after=None
[2026-05-09T01:08:15.535+0000] {processor.py:183} INFO - Processing /opt/airflow/dags/newyork_fhv_silver.py took 0.117 seconds
[2026-05-09T01:08:45.741+0000] {processor.py:161} INFO - Started process (PID=1489) to work on /opt/airflow/dags/newyork_fhv_silver.py
[2026-05-09T01:08:45.743+0000] {processor.py:830} INFO - Processing file /opt/airflow/dags/newyork_fhv_silver.py for tasks to queue
[2026-05-09T01:08:45.746+0000] {logging_mixin.py:188} INFO - [2026-05-09T01:08:45.745+0000] {dagbag.py:545} INFO - Filling up the DagBag from /opt/airflow/dags/newyork_fhv_silver.py
[2026-05-09T01:08:45.794+0000] {processor.py:840} INFO - DAG(s) 'newyork_fhv_silver' retrieved from /opt/airflow/dags/newyork_fhv_silver.py
[2026-05-09T01:08:45.819+0000] {logging_mixin.py:188} INFO - [2026-05-09T01:08:45.819+0000] {dag.py:3096} INFO - Sync 1 DAGs
[2026-05-09T01:08:45.835+0000] {logging_mixin.py:188} INFO - [2026-05-09T01:08:45.835+0000] {dag.py:3954} INFO - Setting next_dagrun for newyork_fhv_silver to None, run_after=None
[2026-05-09T01:08:45.859+0000] {processor.py:183} INFO - Processing /opt/airflow/dags/newyork_fhv_silver.py took 0.126 seconds
[2026-05-09T01:09:15.973+0000] {processor.py:161} INFO - Started process (PID=1500) to work on /opt/airflow/dags/newyork_fhv_silver.py
[2026-05-09T01:09:15.975+0000] {processor.py:830} INFO - Processing file /opt/airflow/dags/newyork_fhv_silver.py for tasks to queue
[2026-05-09T01:09:15.981+0000] {logging_mixin.py:188} INFO - [2026-05-09T01:09:15.980+0000] {dagbag.py:545} INFO - Filling up the DagBag from /opt/airflow/dags/newyork_fhv_silver.py
[2026-05-09T01:09:16.013+0000] {processor.py:840} INFO - DAG(s) 'newyork_fhv_silver' retrieved from /opt/airflow/dags/newyork_fhv_silver.py
[2026-05-09T01:09:16.045+0000] {logging_mixin.py:188} INFO - [2026-05-09T01:09:16.045+0000] {dag.py:3096} INFO - Sync 1 DAGs
[2026-05-09T01:09:16.066+0000] {logging_mixin.py:188} INFO - [2026-05-09T01:09:16.065+0000] {dag.py:3954} INFO - Setting next_dagrun for newyork_fhv_silver to None, run_after=None
[2026-05-09T01:09:16.090+0000] {processor.py:183} INFO - Processing /opt/airflow/dags/newyork_fhv_silver.py took 0.130 seconds
[2026-05-09T01:09:46.984+0000] {processor.py:161} INFO - Started process (PID=1511) to work on /opt/airflow/dags/newyork_fhv_silver.py
[2026-05-09T01:09:46.986+0000] {processor.py:830} INFO - Processing file /opt/airflow/dags/newyork_fhv_silver.py for tasks to queue
[2026-05-09T01:09:46.990+0000] {logging_mixin.py:188} INFO - [2026-05-09T01:09:46.989+0000] {dagbag.py:545} INFO - Filling up the DagBag from /opt/airflow/dags/newyork_fhv_silver.py
[2026-05-09T01:09:47.029+0000] {processor.py:840} INFO - DAG(s) 'newyork_fhv_silver' retrieved from /opt/airflow/dags/newyork_fhv_silver.py
[2026-05-09T01:09:47.064+0000] {logging_mixin.py:188} INFO - [2026-05-09T01:09:47.064+0000] {dag.py:3096} INFO - Sync 1 DAGs
[2026-05-09T01:09:47.082+0000] {logging_mixin.py:188} INFO - [2026-05-09T01:09:47.082+0000] {dag.py:3954} INFO - Setting next_dagrun for newyork_fhv_silver to None, run_after=None
[2026-05-09T01:09:47.111+0000] {processor.py:183} INFO - Processing /opt/airflow/dags/newyork_fhv_silver.py took 0.137 seconds
[2026-05-09T01:10:17.930+0000] {processor.py:161} INFO - Started process (PID=1522) to work on /opt/airflow/dags/newyork_fhv_silver.py
[2026-05-09T01:10:17.933+0000] {processor.py:830} INFO - Processing file /opt/airflow/dags/newyork_fhv_silver.py for tasks to queue
[2026-05-09T01:10:17.938+0000] {logging_mixin.py:188} INFO - [2026-05-09T01:10:17.937+0000] {dagbag.py:545} INFO - Filling up the DagBag from /opt/airflow/dags/newyork_fhv_silver.py
[2026-05-09T01:10:17.985+0000] {processor.py:840} INFO - DAG(s) 'newyork_fhv_silver' retrieved from /opt/airflow/dags/newyork_fhv_silver.py
[2026-05-09T01:10:18.024+0000] {logging_mixin.py:188} INFO - [2026-05-09T01:10:18.023+0000] {dag.py:3096} INFO - Sync 1 DAGs
[2026-05-09T01:10:18.045+0000] {logging_mixin.py:188} INFO - [2026-05-09T01:10:18.045+0000] {dag.py:3954} INFO - Setting next_dagrun for newyork_fhv_silver to None, run_after=None
[2026-05-09T01:10:18.085+0000] {processor.py:183} INFO - Processing /opt/airflow/dags/newyork_fhv_silver.py took 0.167 seconds
[2026-05-09T01:10:48.934+0000] {processor.py:161} INFO - Started process (PID=1533) to work on /opt/airflow/dags/newyork_fhv_silver.py
[2026-05-09T01:10:48.936+0000] {processor.py:830} INFO - Processing file /opt/airflow/dags/newyork_fhv_silver.py for tasks to queue
[2026-05-09T01:10:48.939+0000] {logging_mixin.py:188} INFO - [2026-05-09T01:10:48.938+0000] {dagbag.py:545} INFO - Filling up the DagBag from /opt/airflow/dags/newyork_fhv_silver.py
[2026-05-09T01:10:48.974+0000] {processor.py:840} INFO - DAG(s) 'newyork_fhv_silver' retrieved from /opt/airflow/dags/newyork_fhv_silver.py
[2026-05-09T01:10:48.997+0000] {logging_mixin.py:188} INFO - [2026-05-09T01:10:48.997+0000] {dag.py:3096} INFO - Sync 1 DAGs
[2026-05-09T01:10:49.011+0000] {logging_mixin.py:188} INFO - [2026-05-09T01:10:49.010+0000] {dag.py:3954} INFO - Setting next_dagrun for newyork_fhv_silver to None, run_after=None
[2026-05-09T01:10:49.037+0000] {processor.py:183} INFO - Processing /opt/airflow/dags/newyork_fhv_silver.py took 0.109 seconds
[2026-05-09T01:11:19.844+0000] {processor.py:161} INFO - Started process (PID=1544) to work on /opt/airflow/dags/newyork_fhv_silver.py
[2026-05-09T01:11:19.845+0000] {processor.py:830} INFO - Processing file /opt/airflow/dags/newyork_fhv_silver.py for tasks to queue
[2026-05-09T01:11:19.847+0000] {logging_mixin.py:188} INFO - [2026-05-09T01:11:19.847+0000] {dagbag.py:545} INFO - Filling up the DagBag from /opt/airflow/dags/newyork_fhv_silver.py
[2026-05-09T01:11:19.866+0000] {processor.py:840} INFO - DAG(s) 'newyork_fhv_silver' retrieved from /opt/airflow/dags/newyork_fhv_silver.py
[2026-05-09T01:11:19.889+0000] {logging_mixin.py:188} INFO - [2026-05-09T01:11:19.888+0000] {dag.py:3096} INFO - Sync 1 DAGs
[2026-05-09T01:11:19.901+0000] {logging_mixin.py:188} INFO - [2026-05-09T01:11:19.901+0000] {dag.py:3954} INFO - Setting next_dagrun for newyork_fhv_silver to None, run_after=None
[2026-05-09T01:11:20.148+0000] {processor.py:183} INFO - Processing /opt/airflow/dags/newyork_fhv_silver.py took 0.313 seconds
[2026-05-09T01:11:51.089+0000] {processor.py:161} INFO - Started process (PID=1555) to work on /opt/airflow/dags/newyork_fhv_silver.py
[2026-05-09T01:11:51.092+0000] {processor.py:830} INFO - Processing file /opt/airflow/dags/newyork_fhv_silver.py for tasks to queue
[2026-05-09T01:11:51.096+0000] {logging_mixin.py:188} INFO - [2026-05-09T01:11:51.095+0000] {dagbag.py:545} INFO - Filling up the DagBag from /opt/airflow/dags/newyork_fhv_silver.py
[2026-05-09T01:11:51.155+0000] {processor.py:840} INFO - DAG(s) 'newyork_fhv_silver' retrieved from /opt/airflow/dags/newyork_fhv_silver.py
[2026-05-09T01:11:51.199+0000] {logging_mixin.py:188} INFO - [2026-05-09T01:11:51.198+0000] {dag.py:3096} INFO - Sync 1 DAGs
[2026-05-09T01:11:51.221+0000] {logging_mixin.py:188} INFO - [2026-05-09T01:11:51.221+0000] {dag.py:3954} INFO - Setting next_dagrun for newyork_fhv_silver to None, run_after=None
[2026-05-09T01:11:51.273+0000] {processor.py:183} INFO - Processing /opt/airflow/dags/newyork_fhv_silver.py took 0.194 seconds
[2026-05-09T01:12:21.910+0000] {processor.py:161} INFO - Started process (PID=1566) to work on /opt/airflow/dags/newyork_fhv_silver.py
[2026-05-09T01:12:21.912+0000] {processor.py:830} INFO - Processing file /opt/airflow/dags/newyork_fhv_silver.py for tasks to queue
[2026-05-09T01:12:21.915+0000] {logging_mixin.py:188} INFO - [2026-05-09T01:12:21.915+0000] {dagbag.py:545} INFO - Filling up the DagBag from /opt/airflow/dags/newyork_fhv_silver.py
[2026-05-09T01:12:21.933+0000] {processor.py:840} INFO - DAG(s) 'newyork_fhv_silver' retrieved from /opt/airflow/dags/newyork_fhv_silver.py
[2026-05-09T01:12:21.956+0000] {logging_mixin.py:188} INFO - [2026-05-09T01:12:21.956+0000] {dag.py:3096} INFO - Sync 1 DAGs
[2026-05-09T01:12:21.970+0000] {logging_mixin.py:188} INFO - [2026-05-09T01:12:21.970+0000] {dag.py:3954} INFO - Setting next_dagrun for newyork_fhv_silver to None, run_after=None
[2026-05-09T01:12:21.997+0000] {processor.py:183} INFO - Processing /opt/airflow/dags/newyork_fhv_silver.py took 0.098 seconds
[2026-05-09T01:12:52.688+0000] {processor.py:161} INFO - Started process (PID=1577) to work on /opt/airflow/dags/newyork_fhv_silver.py
[2026-05-09T01:12:52.689+0000] {processor.py:830} INFO - Processing file /opt/airflow/dags/newyork_fhv_silver.py for tasks to queue
[2026-05-09T01:12:52.692+0000] {logging_mixin.py:188} INFO - [2026-05-09T01:12:52.692+0000] {dagbag.py:545} INFO - Filling up the DagBag from /opt/airflow/dags/newyork_fhv_silver.py
[2026-05-09T01:12:52.723+0000] {processor.py:840} INFO - DAG(s) 'newyork_fhv_silver' retrieved from /opt/airflow/dags/newyork_fhv_silver.py
[2026-05-09T01:12:52.750+0000] {logging_mixin.py:188} INFO - [2026-05-09T01:12:52.750+0000] {dag.py:3096} INFO - Sync 1 DAGs
[2026-05-09T01:12:52.769+0000] {logging_mixin.py:188} INFO - [2026-05-09T01:12:52.769+0000] {dag.py:3954} INFO - Setting next_dagrun for newyork_fhv_silver to None, run_after=None
[2026-05-09T01:12:52.795+0000] {processor.py:183} INFO - Processing /opt/airflow/dags/newyork_fhv_silver.py took 0.115 seconds
[2026-05-09T01:13:23.624+0000] {processor.py:161} INFO - Started process (PID=1588) to work on /opt/airflow/dags/newyork_fhv_silver.py
[2026-05-09T01:13:23.626+0000] {processor.py:830} INFO - Processing file /opt/airflow/dags/newyork_fhv_silver.py for tasks to queue
[2026-05-09T01:13:23.630+0000] {logging_mixin.py:188} INFO - [2026-05-09T01:13:23.629+0000] {dagbag.py:545} INFO - Filling up the DagBag from /opt/airflow/dags/newyork_fhv_silver.py
[2026-05-09T01:13:23.681+0000] {processor.py:840} INFO - DAG(s) 'newyork_fhv_silver' retrieved from /opt/airflow/dags/newyork_fhv_silver.py
[2026-05-09T01:13:23.709+0000] {logging_mixin.py:188} INFO - [2026-05-09T01:13:23.709+0000] {dag.py:3096} INFO - Sync 1 DAGs
[2026-05-09T01:13:23.728+0000] {logging_mixin.py:188} INFO - [2026-05-09T01:13:23.728+0000] {dag.py:3954} INFO - Setting next_dagrun for newyork_fhv_silver to None, run_after=None
[2026-05-09T01:13:23.760+0000] {processor.py:183} INFO - Processing /opt/airflow/dags/newyork_fhv_silver.py took 0.147 seconds
[2026-05-09T01:13:54.741+0000] {processor.py:161} INFO - Started process (PID=1599) to work on /opt/airflow/dags/newyork_fhv_silver.py
[2026-05-09T01:13:54.743+0000] {processor.py:830} INFO - Processing file /opt/airflow/dags/newyork_fhv_silver.py for tasks to queue
[2026-05-09T01:13:54.745+0000] {logging_mixin.py:188} INFO - [2026-05-09T01:13:54.745+0000] {dagbag.py:545} INFO - Filling up the DagBag from /opt/airflow/dags/newyork_fhv_silver.py
[2026-05-09T01:13:54.785+0000] {processor.py:840} INFO - DAG(s) 'newyork_fhv_silver' retrieved from /opt/airflow/dags/newyork_fhv_silver.py
[2026-05-09T01:13:54.819+0000] {logging_mixin.py:188} INFO - [2026-05-09T01:13:54.819+0000] {dag.py:3096} INFO - Sync 1 DAGs
[2026-05-09T01:13:54.837+0000] {logging_mixin.py:188} INFO - [2026-05-09T01:13:54.837+0000] {dag.py:3954} INFO - Setting next_dagrun for newyork_fhv_silver to None, run_after=None
[2026-05-09T01:13:54.863+0000] {processor.py:183} INFO - Processing /opt/airflow/dags/newyork_fhv_silver.py took 0.132 seconds
[2026-05-09T01:14:25.859+0000] {processor.py:161} INFO - Started process (PID=1610) to work on /opt/airflow/dags/newyork_fhv_silver.py
[2026-05-09T01:14:25.861+0000] {processor.py:830} INFO - Processing file /opt/airflow/dags/newyork_fhv_silver.py for tasks to queue
[2026-05-09T01:14:25.866+0000] {logging_mixin.py:188} INFO - [2026-05-09T01:14:25.865+0000] {dagbag.py:545} INFO - Filling up the DagBag from /opt/airflow/dags/newyork_fhv_silver.py
[2026-05-09T01:14:25.904+0000] {processor.py:840} INFO - DAG(s) 'newyork_fhv_silver' retrieved from /opt/airflow/dags/newyork_fhv_silver.py
[2026-05-09T01:14:25.937+0000] {logging_mixin.py:188} INFO - [2026-05-09T01:14:25.937+0000] {dag.py:3096} INFO - Sync 1 DAGs
[2026-05-09T01:14:25.955+0000] {logging_mixin.py:188} INFO - [2026-05-09T01:14:25.955+0000] {dag.py:3954} INFO - Setting next_dagrun for newyork_fhv_silver to None, run_after=None
[2026-05-09T01:14:25.988+0000] {processor.py:183} INFO - Processing /opt/airflow/dags/newyork_fhv_silver.py took 0.140 seconds
[2026-05-09T01:14:56.119+0000] {processor.py:161} INFO - Started process (PID=1621) to work on /opt/airflow/dags/newyork_fhv_silver.py
[2026-05-09T01:14:56.121+0000] {processor.py:830} INFO - Processing file /opt/airflow/dags/newyork_fhv_silver.py for tasks to queue
[2026-05-09T01:14:56.124+0000] {logging_mixin.py:188} INFO - [2026-05-09T01:14:56.123+0000] {dagbag.py:545} INFO - Filling up the DagBag from /opt/airflow/dags/newyork_fhv_silver.py
[2026-05-09T01:14:56.169+0000] {processor.py:840} INFO - DAG(s) 'newyork_fhv_silver' retrieved from /opt/airflow/dags/newyork_fhv_silver.py
[2026-05-09T01:14:56.198+0000] {logging_mixin.py:188} INFO - [2026-05-09T01:14:56.197+0000] {dag.py:3096} INFO - Sync 1 DAGs
[2026-05-09T01:14:56.212+0000] {logging_mixin.py:188} INFO - [2026-05-09T01:14:56.211+0000] {dag.py:3954} INFO - Setting next_dagrun for newyork_fhv_silver to None, run_after=None
[2026-05-09T01:14:56.241+0000] {processor.py:183} INFO - Processing /opt/airflow/dags/newyork_fhv_silver.py took 0.133 seconds
[2026-05-09T01:15:27.155+0000] {processor.py:161} INFO - Started process (PID=1632) to work on /opt/airflow/dags/newyork_fhv_silver.py
[2026-05-09T01:15:27.158+0000] {processor.py:830} INFO - Processing file /opt/airflow/dags/newyork_fhv_silver.py for tasks to queue
[2026-05-09T01:15:27.161+0000] {logging_mixin.py:188} INFO - [2026-05-09T01:15:27.160+0000] {dagbag.py:545} INFO - Filling up the DagBag from /opt/airflow/dags/newyork_fhv_silver.py
[2026-05-09T01:15:27.193+0000] {processor.py:840} INFO - DAG(s) 'newyork_fhv_silver' retrieved from /opt/airflow/dags/newyork_fhv_silver.py
[2026-05-09T01:15:27.226+0000] {logging_mixin.py:188} INFO - [2026-05-09T01:15:27.226+0000] {dag.py:3096} INFO - Sync 1 DAGs
[2026-05-09T01:15:27.240+0000] {logging_mixin.py:188} INFO - [2026-05-09T01:15:27.240+0000] {dag.py:3954} INFO - Setting next_dagrun for newyork_fhv_silver to None, run_after=None
[2026-05-09T01:15:27.268+0000] {processor.py:183} INFO - Processing /opt/airflow/dags/newyork_fhv_silver.py took 0.121 seconds
[2026-05-09T01:15:58.005+0000] {processor.py:161} INFO - Started process (PID=1643) to work on /opt/airflow/dags/newyork_fhv_silver.py
[2026-05-09T01:15:58.008+0000] {processor.py:830} INFO - Processing file /opt/airflow/dags/newyork_fhv_silver.py for tasks to queue
[2026-05-09T01:15:58.011+0000] {logging_mixin.py:188} INFO - [2026-05-09T01:15:58.011+0000] {dagbag.py:545} INFO - Filling up the DagBag from /opt/airflow/dags/newyork_fhv_silver.py
[2026-05-09T01:15:58.065+0000] {processor.py:840} INFO - DAG(s) 'newyork_fhv_silver' retrieved from /opt/airflow/dags/newyork_fhv_silver.py
[2026-05-09T01:15:58.096+0000] {logging_mixin.py:188} INFO - [2026-05-09T01:15:58.096+0000] {dag.py:3096} INFO - Sync 1 DAGs
[2026-05-09T01:15:58.112+0000] {logging_mixin.py:188} INFO - [2026-05-09T01:15:58.112+0000] {dag.py:3954} INFO - Setting next_dagrun for newyork_fhv_silver to None, run_after=None
[2026-05-09T01:15:58.140+0000] {processor.py:183} INFO - Processing /opt/airflow/dags/newyork_fhv_silver.py took 0.142 seconds
[2026-05-09T01:16:28.946+0000] {processor.py:161} INFO - Started process (PID=1654) to work on /opt/airflow/dags/newyork_fhv_silver.py
[2026-05-09T01:16:28.948+0000] {processor.py:830} INFO - Processing file /opt/airflow/dags/newyork_fhv_silver.py for tasks to queue
[2026-05-09T01:16:28.951+0000] {logging_mixin.py:188} INFO - [2026-05-09T01:16:28.951+0000] {dagbag.py:545} INFO - Filling up the DagBag from /opt/airflow/dags/newyork_fhv_silver.py
[2026-05-09T01:16:28.988+0000] {processor.py:840} INFO - DAG(s) 'newyork_fhv_silver' retrieved from /opt/airflow/dags/newyork_fhv_silver.py
[2026-05-09T01:16:29.017+0000] {logging_mixin.py:188} INFO - [2026-05-09T01:16:29.016+0000] {dag.py:3096} INFO - Sync 1 DAGs
[2026-05-09T01:16:29.032+0000] {logging_mixin.py:188} INFO - [2026-05-09T01:16:29.032+0000] {dag.py:3954} INFO - Setting next_dagrun for newyork_fhv_silver to None, run_after=None
[2026-05-09T01:16:29.057+0000] {processor.py:183} INFO - Processing /opt/airflow/dags/newyork_fhv_silver.py took 0.118 seconds
[2026-05-09T01:16:59.840+0000] {processor.py:161} INFO - Started process (PID=1665) to work on /opt/airflow/dags/newyork_fhv_silver.py
[2026-05-09T01:16:59.841+0000] {processor.py:830} INFO - Processing file /opt/airflow/dags/newyork_fhv_silver.py for tasks to queue
[2026-05-09T01:16:59.844+0000] {logging_mixin.py:188} INFO - [2026-05-09T01:16:59.844+0000] {dagbag.py:545} INFO - Filling up the DagBag from /opt/airflow/dags/newyork_fhv_silver.py
[2026-05-09T01:16:59.867+0000] {processor.py:840} INFO - DAG(s) 'newyork_fhv_silver' retrieved from /opt/airflow/dags/newyork_fhv_silver.py
[2026-05-09T01:16:59.888+0000] {logging_mixin.py:188} INFO - [2026-05-09T01:16:59.888+0000] {dag.py:3096} INFO - Sync 1 DAGs
[2026-05-09T01:16:59.902+0000] {logging_mixin.py:188} INFO - [2026-05-09T01:16:59.902+0000] {dag.py:3954} INFO - Setting next_dagrun for newyork_fhv_silver to None, run_after=None
[2026-05-09T01:16:59.937+0000] {processor.py:183} INFO - Processing /opt/airflow/dags/newyork_fhv_silver.py took 0.104 seconds
[2026-05-09T01:17:30.567+0000] {processor.py:161} INFO - Started process (PID=1682) to work on /opt/airflow/dags/newyork_fhv_silver.py
[2026-05-09T01:17:30.570+0000] {processor.py:830} INFO - Processing file /opt/airflow/dags/newyork_fhv_silver.py for tasks to queue
[2026-05-09T01:17:30.572+0000] {logging_mixin.py:188} INFO - [2026-05-09T01:17:30.572+0000] {dagbag.py:545} INFO - Filling up the DagBag from /opt/airflow/dags/newyork_fhv_silver.py
[2026-05-09T01:17:30.615+0000] {processor.py:840} INFO - DAG(s) 'newyork_fhv_silver' retrieved from /opt/airflow/dags/newyork_fhv_silver.py
[2026-05-09T01:17:30.643+0000] {logging_mixin.py:188} INFO - [2026-05-09T01:17:30.643+0000] {dag.py:3096} INFO - Sync 1 DAGs
[2026-05-09T01:17:30.658+0000] {logging_mixin.py:188} INFO - [2026-05-09T01:17:30.658+0000] {dag.py:3954} INFO - Setting next_dagrun for newyork_fhv_silver to None, run_after=None
[2026-05-09T01:17:30.684+0000] {processor.py:183} INFO - Processing /opt/airflow/dags/newyork_fhv_silver.py took 0.123 seconds
[2026-05-09T01:18:01.486+0000] {processor.py:161} INFO - Started process (PID=1693) to work on /opt/airflow/dags/newyork_fhv_silver.py
[2026-05-09T01:18:01.489+0000] {processor.py:830} INFO - Processing file /opt/airflow/dags/newyork_fhv_silver.py for tasks to queue
[2026-05-09T01:18:01.492+0000] {logging_mixin.py:188} INFO - [2026-05-09T01:18:01.492+0000] {dagbag.py:545} INFO - Filling up the DagBag from /opt/airflow/dags/newyork_fhv_silver.py
[2026-05-09T01:18:01.534+0000] {processor.py:840} INFO - DAG(s) 'newyork_fhv_silver' retrieved from /opt/airflow/dags/newyork_fhv_silver.py
[2026-05-09T01:18:01.571+0000] {logging_mixin.py:188} INFO - [2026-05-09T01:18:01.571+0000] {dag.py:3096} INFO - Sync 1 DAGs
[2026-05-09T01:18:01.589+0000] {logging_mixin.py:188} INFO - [2026-05-09T01:18:01.589+0000] {dag.py:3954} INFO - Setting next_dagrun for newyork_fhv_silver to None, run_after=None
[2026-05-09T01:18:01.910+0000] {processor.py:183} INFO - Processing /opt/airflow/dags/newyork_fhv_silver.py took 0.431 seconds
[2026-05-09T01:18:32.742+0000] {processor.py:161} INFO - Started process (PID=1704) to work on /opt/airflow/dags/newyork_fhv_silver.py
[2026-05-09T01:18:32.744+0000] {processor.py:830} INFO - Processing file /opt/airflow/dags/newyork_fhv_silver.py for tasks to queue
[2026-05-09T01:18:32.747+0000] {logging_mixin.py:188} INFO - [2026-05-09T01:18:32.746+0000] {dagbag.py:545} INFO - Filling up the DagBag from /opt/airflow/dags/newyork_fhv_silver.py
[2026-05-09T01:18:32.781+0000] {processor.py:840} INFO - DAG(s) 'newyork_fhv_silver' retrieved from /opt/airflow/dags/newyork_fhv_silver.py
[2026-05-09T01:18:32.814+0000] {logging_mixin.py:188} INFO - [2026-05-09T01:18:32.813+0000] {dag.py:3096} INFO - Sync 1 DAGs
[2026-05-09T01:18:32.834+0000] {logging_mixin.py:188} INFO - [2026-05-09T01:18:32.834+0000] {dag.py:3954} INFO - Setting next_dagrun for newyork_fhv_silver to None, run_after=None
[2026-05-09T01:18:32.875+0000] {processor.py:183} INFO - Processing /opt/airflow/dags/newyork_fhv_silver.py took 0.142 seconds
[2026-05-09T01:19:03.270+0000] {processor.py:161} INFO - Started process (PID=1715) to work on /opt/airflow/dags/newyork_fhv_silver.py
[2026-05-09T01:19:03.272+0000] {processor.py:830} INFO - Processing file /opt/airflow/dags/newyork_fhv_silver.py for tasks to queue
[2026-05-09T01:19:03.275+0000] {logging_mixin.py:188} INFO - [2026-05-09T01:19:03.274+0000] {dagbag.py:545} INFO - Filling up the DagBag from /opt/airflow/dags/newyork_fhv_silver.py
[2026-05-09T01:19:03.294+0000] {processor.py:840} INFO - DAG(s) 'newyork_fhv_silver' retrieved from /opt/airflow/dags/newyork_fhv_silver.py
[2026-05-09T01:19:03.321+0000] {logging_mixin.py:188} INFO - [2026-05-09T01:19:03.320+0000] {dag.py:3096} INFO - Sync 1 DAGs
[2026-05-09T01:19:03.335+0000] {logging_mixin.py:188} INFO - [2026-05-09T01:19:03.335+0000] {dag.py:3954} INFO - Setting next_dagrun for newyork_fhv_silver to None, run_after=None
[2026-05-09T01:19:03.360+0000] {processor.py:183} INFO - Processing /opt/airflow/dags/newyork_fhv_silver.py took 0.101 seconds
[2026-05-09T01:19:34.169+0000] {processor.py:161} INFO - Started process (PID=1726) to work on /opt/airflow/dags/newyork_fhv_silver.py
[2026-05-09T01:19:34.172+0000] {processor.py:830} INFO - Processing file /opt/airflow/dags/newyork_fhv_silver.py for tasks to queue
[2026-05-09T01:19:34.176+0000] {logging_mixin.py:188} INFO - [2026-05-09T01:19:34.176+0000] {dagbag.py:545} INFO - Filling up the DagBag from /opt/airflow/dags/newyork_fhv_silver.py
[2026-05-09T01:19:34.217+0000] {processor.py:840} INFO - DAG(s) 'newyork_fhv_silver' retrieved from /opt/airflow/dags/newyork_fhv_silver.py
[2026-05-09T01:19:34.246+0000] {logging_mixin.py:188} INFO - [2026-05-09T01:19:34.246+0000] {dag.py:3096} INFO - Sync 1 DAGs
[2026-05-09T01:19:34.261+0000] {logging_mixin.py:188} INFO - [2026-05-09T01:19:34.261+0000] {dag.py:3954} INFO - Setting next_dagrun for newyork_fhv_silver to None, run_after=None
[2026-05-09T01:19:34.287+0000] {processor.py:183} INFO - Processing /opt/airflow/dags/newyork_fhv_silver.py took 0.129 seconds
[2026-05-09T01:20:05.100+0000] {processor.py:161} INFO - Started process (PID=1738) to work on /opt/airflow/dags/newyork_fhv_silver.py
[2026-05-09T01:20:05.102+0000] {processor.py:830} INFO - Processing file /opt/airflow/dags/newyork_fhv_silver.py for tasks to queue
[2026-05-09T01:20:05.106+0000] {logging_mixin.py:188} INFO - [2026-05-09T01:20:05.106+0000] {dagbag.py:545} INFO - Filling up the DagBag from /opt/airflow/dags/newyork_fhv_silver.py
[2026-05-09T01:20:05.132+0000] {processor.py:840} INFO - DAG(s) 'newyork_fhv_silver' retrieved from /opt/airflow/dags/newyork_fhv_silver.py
[2026-05-09T01:20:05.156+0000] {logging_mixin.py:188} INFO - [2026-05-09T01:20:05.155+0000] {dag.py:3096} INFO - Sync 1 DAGs
[2026-05-09T01:20:05.180+0000] {logging_mixin.py:188} INFO - [2026-05-09T01:20:05.179+0000] {dag.py:3954} INFO - Setting next_dagrun for newyork_fhv_silver to None, run_after=None
[2026-05-09T01:20:05.205+0000] {processor.py:183} INFO - Processing /opt/airflow/dags/newyork_fhv_silver.py took 0.113 seconds
[2026-05-09T01:20:35.467+0000] {processor.py:161} INFO - Started process (PID=1749) to work on /opt/airflow/dags/newyork_fhv_silver.py
[2026-05-09T01:20:35.470+0000] {processor.py:830} INFO - Processing file /opt/airflow/dags/newyork_fhv_silver.py for tasks to queue
[2026-05-09T01:20:35.472+0000] {logging_mixin.py:188} INFO - [2026-05-09T01:20:35.472+0000] {dagbag.py:545} INFO - Filling up the DagBag from /opt/airflow/dags/newyork_fhv_silver.py
[2026-05-09T01:20:35.522+0000] {processor.py:840} INFO - DAG(s) 'newyork_fhv_silver' retrieved from /opt/airflow/dags/newyork_fhv_silver.py
[2026-05-09T01:20:35.558+0000] {logging_mixin.py:188} INFO - [2026-05-09T01:20:35.557+0000] {dag.py:3096} INFO - Sync 1 DAGs
[2026-05-09T01:20:35.580+0000] {logging_mixin.py:188} INFO - [2026-05-09T01:20:35.580+0000] {dag.py:3954} INFO - Setting next_dagrun for newyork_fhv_silver to None, run_after=None
[2026-05-09T01:20:35.633+0000] {processor.py:183} INFO - Processing /opt/airflow/dags/newyork_fhv_silver.py took 0.175 seconds
[2026-05-09T01:21:05.884+0000] {processor.py:161} INFO - Started process (PID=1760) to work on /opt/airflow/dags/newyork_fhv_silver.py
[2026-05-09T01:21:05.887+0000] {processor.py:830} INFO - Processing file /opt/airflow/dags/newyork_fhv_silver.py for tasks to queue
[2026-05-09T01:21:05.891+0000] {logging_mixin.py:188} INFO - [2026-05-09T01:21:05.890+0000] {dagbag.py:545} INFO - Filling up the DagBag from /opt/airflow/dags/newyork_fhv_silver.py
[2026-05-09T01:21:05.938+0000] {processor.py:840} INFO - DAG(s) 'newyork_fhv_silver' retrieved from /opt/airflow/dags/newyork_fhv_silver.py
[2026-05-09T01:21:05.974+0000] {logging_mixin.py:188} INFO - [2026-05-09T01:21:05.974+0000] {dag.py:3096} INFO - Sync 1 DAGs
[2026-05-09T01:21:05.992+0000] {logging_mixin.py:188} INFO - [2026-05-09T01:21:05.992+0000] {dag.py:3954} INFO - Setting next_dagrun for newyork_fhv_silver to None, run_after=None
[2026-05-09T01:21:06.030+0000] {processor.py:183} INFO - Processing /opt/airflow/dags/newyork_fhv_silver.py took 0.157 seconds
[2026-05-09T01:21:36.256+0000] {processor.py:161} INFO - Started process (PID=1771) to work on /opt/airflow/dags/newyork_fhv_silver.py
[2026-05-09T01:21:36.258+0000] {processor.py:830} INFO - Processing file /opt/airflow/dags/newyork_fhv_silver.py for tasks to queue
[2026-05-09T01:21:36.261+0000] {logging_mixin.py:188} INFO - [2026-05-09T01:21:36.261+0000] {dagbag.py:545} INFO - Filling up the DagBag from /opt/airflow/dags/newyork_fhv_silver.py
[2026-05-09T01:21:36.297+0000] {processor.py:840} INFO - DAG(s) 'newyork_fhv_silver' retrieved from /opt/airflow/dags/newyork_fhv_silver.py
[2026-05-09T01:21:36.322+0000] {logging_mixin.py:188} INFO - [2026-05-09T01:21:36.322+0000] {dag.py:3096} INFO - Sync 1 DAGs
[2026-05-09T01:21:36.338+0000] {logging_mixin.py:188} INFO - [2026-05-09T01:21:36.338+0000] {dag.py:3954} INFO - Setting next_dagrun for newyork_fhv_silver to None, run_after=None
[2026-05-09T01:21:36.362+0000] {processor.py:183} INFO - Processing /opt/airflow/dags/newyork_fhv_silver.py took 0.114 seconds
[2026-05-09T01:22:06.607+0000] {processor.py:161} INFO - Started process (PID=1782) to work on /opt/airflow/dags/newyork_fhv_silver.py
[2026-05-09T01:22:06.608+0000] {processor.py:830} INFO - Processing file /opt/airflow/dags/newyork_fhv_silver.py for tasks to queue
[2026-05-09T01:22:06.611+0000] {logging_mixin.py:188} INFO - [2026-05-09T01:22:06.611+0000] {dagbag.py:545} INFO - Filling up the DagBag from /opt/airflow/dags/newyork_fhv_silver.py
[2026-05-09T01:22:06.649+0000] {processor.py:840} INFO - DAG(s) 'newyork_fhv_silver' retrieved from /opt/airflow/dags/newyork_fhv_silver.py
[2026-05-09T01:22:06.675+0000] {logging_mixin.py:188} INFO - [2026-05-09T01:22:06.675+0000] {dag.py:3096} INFO - Sync 1 DAGs
[2026-05-09T01:22:06.689+0000] {logging_mixin.py:188} INFO - [2026-05-09T01:22:06.689+0000] {dag.py:3954} INFO - Setting next_dagrun for newyork_fhv_silver to None, run_after=None
[2026-05-09T01:22:06.734+0000] {processor.py:183} INFO - Processing /opt/airflow/dags/newyork_fhv_silver.py took 0.136 seconds
[2026-05-09T01:22:36.914+0000] {processor.py:161} INFO - Started process (PID=1793) to work on /opt/airflow/dags/newyork_fhv_silver.py
[2026-05-09T01:22:36.918+0000] {processor.py:830} INFO - Processing file /opt/airflow/dags/newyork_fhv_silver.py for tasks to queue
[2026-05-09T01:22:36.923+0000] {logging_mixin.py:188} INFO - [2026-05-09T01:22:36.922+0000] {dagbag.py:545} INFO - Filling up the DagBag from /opt/airflow/dags/newyork_fhv_silver.py
[2026-05-09T01:22:36.965+0000] {processor.py:840} INFO - DAG(s) 'newyork_fhv_silver' retrieved from /opt/airflow/dags/newyork_fhv_silver.py
[2026-05-09T01:22:36.999+0000] {logging_mixin.py:188} INFO - [2026-05-09T01:22:36.998+0000] {dag.py:3096} INFO - Sync 1 DAGs
[2026-05-09T01:22:37.015+0000] {logging_mixin.py:188} INFO - [2026-05-09T01:22:37.015+0000] {dag.py:3954} INFO - Setting next_dagrun for newyork_fhv_silver to None, run_after=None
[2026-05-09T01:22:37.042+0000] {processor.py:183} INFO - Processing /opt/airflow/dags/newyork_fhv_silver.py took 0.136 seconds
[2026-05-09T01:23:07.497+0000] {processor.py:161} INFO - Started process (PID=1804) to work on /opt/airflow/dags/newyork_fhv_silver.py
[2026-05-09T01:23:07.500+0000] {processor.py:830} INFO - Processing file /opt/airflow/dags/newyork_fhv_silver.py for tasks to queue
[2026-05-09T01:23:07.503+0000] {logging_mixin.py:188} INFO - [2026-05-09T01:23:07.503+0000] {dagbag.py:545} INFO - Filling up the DagBag from /opt/airflow/dags/newyork_fhv_silver.py
[2026-05-09T01:23:07.552+0000] {processor.py:840} INFO - DAG(s) 'newyork_fhv_silver' retrieved from /opt/airflow/dags/newyork_fhv_silver.py
[2026-05-09T01:23:07.582+0000] {logging_mixin.py:188} INFO - [2026-05-09T01:23:07.581+0000] {dag.py:3096} INFO - Sync 1 DAGs
[2026-05-09T01:23:07.600+0000] {logging_mixin.py:188} INFO - [2026-05-09T01:23:07.599+0000] {dag.py:3954} INFO - Setting next_dagrun for newyork_fhv_silver to None, run_after=None
[2026-05-09T01:23:07.627+0000] {processor.py:183} INFO - Processing /opt/airflow/dags/newyork_fhv_silver.py took 0.141 seconds
[2026-05-09T01:23:37.717+0000] {processor.py:161} INFO - Started process (PID=1815) to work on /opt/airflow/dags/newyork_fhv_silver.py
[2026-05-09T01:23:37.719+0000] {processor.py:830} INFO - Processing file /opt/airflow/dags/newyork_fhv_silver.py for tasks to queue
[2026-05-09T01:23:37.725+0000] {logging_mixin.py:188} INFO - [2026-05-09T01:23:37.723+0000] {dagbag.py:545} INFO - Filling up the DagBag from /opt/airflow/dags/newyork_fhv_silver.py
[2026-05-09T01:23:37.783+0000] {processor.py:840} INFO - DAG(s) 'newyork_fhv_silver' retrieved from /opt/airflow/dags/newyork_fhv_silver.py
[2026-05-09T01:23:37.832+0000] {logging_mixin.py:188} INFO - [2026-05-09T01:23:37.831+0000] {dag.py:3096} INFO - Sync 1 DAGs
[2026-05-09T01:23:37.851+0000] {logging_mixin.py:188} INFO - [2026-05-09T01:23:37.851+0000] {dag.py:3954} INFO - Setting next_dagrun for newyork_fhv_silver to None, run_after=None
[2026-05-09T01:23:37.884+0000] {processor.py:183} INFO - Processing /opt/airflow/dags/newyork_fhv_silver.py took 0.179 seconds
[2026-05-09T01:24:08.520+0000] {processor.py:161} INFO - Started process (PID=1826) to work on /opt/airflow/dags/newyork_fhv_silver.py
[2026-05-09T01:24:08.523+0000] {processor.py:830} INFO - Processing file /opt/airflow/dags/newyork_fhv_silver.py for tasks to queue
[2026-05-09T01:24:08.527+0000] {logging_mixin.py:188} INFO - [2026-05-09T01:24:08.526+0000] {dagbag.py:545} INFO - Filling up the DagBag from /opt/airflow/dags/newyork_fhv_silver.py
[2026-05-09T01:24:08.575+0000] {processor.py:840} INFO - DAG(s) 'newyork_fhv_silver' retrieved from /opt/airflow/dags/newyork_fhv_silver.py
[2026-05-09T01:24:08.605+0000] {logging_mixin.py:188} INFO - [2026-05-09T01:24:08.604+0000] {dag.py:3096} INFO - Sync 1 DAGs
[2026-05-09T01:24:08.619+0000] {logging_mixin.py:188} INFO - [2026-05-09T01:24:08.619+0000] {dag.py:3954} INFO - Setting next_dagrun for newyork_fhv_silver to None, run_after=None
[2026-05-09T01:24:08.649+0000] {processor.py:183} INFO - Processing /opt/airflow/dags/newyork_fhv_silver.py took 0.136 seconds
[2026-05-09T01:24:38.811+0000] {processor.py:161} INFO - Started process (PID=1837) to work on /opt/airflow/dags/newyork_fhv_silver.py
[2026-05-09T01:24:38.813+0000] {processor.py:830} INFO - Processing file /opt/airflow/dags/newyork_fhv_silver.py for tasks to queue
[2026-05-09T01:24:38.817+0000] {logging_mixin.py:188} INFO - [2026-05-09T01:24:38.816+0000] {dagbag.py:545} INFO - Filling up the DagBag from /opt/airflow/dags/newyork_fhv_silver.py
[2026-05-09T01:24:38.861+0000] {processor.py:840} INFO - DAG(s) 'newyork_fhv_silver' retrieved from /opt/airflow/dags/newyork_fhv_silver.py
[2026-05-09T01:24:38.892+0000] {logging_mixin.py:188} INFO - [2026-05-09T01:24:38.891+0000] {dag.py:3096} INFO - Sync 1 DAGs
[2026-05-09T01:24:38.914+0000] {logging_mixin.py:188} INFO - [2026-05-09T01:24:38.914+0000] {dag.py:3954} INFO - Setting next_dagrun for newyork_fhv_silver to None, run_after=None
[2026-05-09T01:24:38.953+0000] {processor.py:183} INFO - Processing /opt/airflow/dags/newyork_fhv_silver.py took 0.151 seconds
[2026-05-09T01:25:09.283+0000] {processor.py:161} INFO - Started process (PID=1848) to work on /opt/airflow/dags/newyork_fhv_silver.py
[2026-05-09T01:25:09.286+0000] {processor.py:830} INFO - Processing file /opt/airflow/dags/newyork_fhv_silver.py for tasks to queue
[2026-05-09T01:25:09.291+0000] {logging_mixin.py:188} INFO - [2026-05-09T01:25:09.291+0000] {dagbag.py:545} INFO - Filling up the DagBag from /opt/airflow/dags/newyork_fhv_silver.py
[2026-05-09T01:25:09.341+0000] {processor.py:840} INFO - DAG(s) 'newyork_fhv_silver' retrieved from /opt/airflow/dags/newyork_fhv_silver.py
[2026-05-09T01:25:09.368+0000] {logging_mixin.py:188} INFO - [2026-05-09T01:25:09.368+0000] {dag.py:3096} INFO - Sync 1 DAGs
[2026-05-09T01:25:09.382+0000] {logging_mixin.py:188} INFO - [2026-05-09T01:25:09.382+0000] {dag.py:3954} INFO - Setting next_dagrun for newyork_fhv_silver to None, run_after=None
[2026-05-09T01:25:09.409+0000] {processor.py:183} INFO - Processing /opt/airflow/dags/newyork_fhv_silver.py took 0.137 seconds
[2026-05-09T01:25:39.484+0000] {processor.py:161} INFO - Started process (PID=1859) to work on /opt/airflow/dags/newyork_fhv_silver.py
[2026-05-09T01:25:39.486+0000] {processor.py:830} INFO - Processing file /opt/airflow/dags/newyork_fhv_silver.py for tasks to queue
[2026-05-09T01:25:39.490+0000] {logging_mixin.py:188} INFO - [2026-05-09T01:25:39.489+0000] {dagbag.py:545} INFO - Filling up the DagBag from /opt/airflow/dags/newyork_fhv_silver.py
[2026-05-09T01:25:39.522+0000] {processor.py:840} INFO - DAG(s) 'newyork_fhv_silver' retrieved from /opt/airflow/dags/newyork_fhv_silver.py
[2026-05-09T01:25:39.546+0000] {logging_mixin.py:188} INFO - [2026-05-09T01:25:39.546+0000] {dag.py:3096} INFO - Sync 1 DAGs
[2026-05-09T01:25:39.559+0000] {logging_mixin.py:188} INFO - [2026-05-09T01:25:39.559+0000] {dag.py:3954} INFO - Setting next_dagrun for newyork_fhv_silver to None, run_after=None
[2026-05-09T01:25:39.589+0000] {processor.py:183} INFO - Processing /opt/airflow/dags/newyork_fhv_silver.py took 0.117 seconds
[2026-05-09T01:26:09.874+0000] {processor.py:161} INFO - Started process (PID=1870) to work on /opt/airflow/dags/newyork_fhv_silver.py
[2026-05-09T01:26:09.877+0000] {processor.py:830} INFO - Processing file /opt/airflow/dags/newyork_fhv_silver.py for tasks to queue
[2026-05-09T01:26:09.880+0000] {logging_mixin.py:188} INFO - [2026-05-09T01:26:09.879+0000] {dagbag.py:545} INFO - Filling up the DagBag from /opt/airflow/dags/newyork_fhv_silver.py
[2026-05-09T01:26:09.920+0000] {processor.py:840} INFO - DAG(s) 'newyork_fhv_silver' retrieved from /opt/airflow/dags/newyork_fhv_silver.py
[2026-05-09T01:26:09.948+0000] {logging_mixin.py:188} INFO - [2026-05-09T01:26:09.947+0000] {dag.py:3096} INFO - Sync 1 DAGs
[2026-05-09T01:26:09.964+0000] {logging_mixin.py:188} INFO - [2026-05-09T01:26:09.964+0000] {dag.py:3954} INFO - Setting next_dagrun for newyork_fhv_silver to None, run_after=None
[2026-05-09T01:26:09.994+0000] {processor.py:183} INFO - Processing /opt/airflow/dags/newyork_fhv_silver.py took 0.128 seconds
[2026-05-09T01:26:40.831+0000] {processor.py:161} INFO - Started process (PID=1881) to work on /opt/airflow/dags/newyork_fhv_silver.py
[2026-05-09T01:26:40.834+0000] {processor.py:830} INFO - Processing file /opt/airflow/dags/newyork_fhv_silver.py for tasks to queue
[2026-05-09T01:26:40.836+0000] {logging_mixin.py:188} INFO - [2026-05-09T01:26:40.836+0000] {dagbag.py:545} INFO - Filling up the DagBag from /opt/airflow/dags/newyork_fhv_silver.py
[2026-05-09T01:26:40.867+0000] {processor.py:840} INFO - DAG(s) 'newyork_fhv_silver' retrieved from /opt/airflow/dags/newyork_fhv_silver.py
[2026-05-09T01:26:40.891+0000] {logging_mixin.py:188} INFO - [2026-05-09T01:26:40.891+0000] {dag.py:3096} INFO - Sync 1 DAGs
[2026-05-09T01:26:40.907+0000] {logging_mixin.py:188} INFO - [2026-05-09T01:26:40.906+0000] {dag.py:3954} INFO - Setting next_dagrun for newyork_fhv_silver to None, run_after=None
[2026-05-09T01:26:40.932+0000] {processor.py:183} INFO - Processing /opt/airflow/dags/newyork_fhv_silver.py took 0.107 seconds
[2026-05-09T01:27:11.756+0000] {processor.py:161} INFO - Started process (PID=1892) to work on /opt/airflow/dags/newyork_fhv_silver.py
[2026-05-09T01:27:11.759+0000] {processor.py:830} INFO - Processing file /opt/airflow/dags/newyork_fhv_silver.py for tasks to queue
[2026-05-09T01:27:11.764+0000] {logging_mixin.py:188} INFO - [2026-05-09T01:27:11.763+0000] {dagbag.py:545} INFO - Filling up the DagBag from /opt/airflow/dags/newyork_fhv_silver.py
[2026-05-09T01:27:11.814+0000] {processor.py:840} INFO - DAG(s) 'newyork_fhv_silver' retrieved from /opt/airflow/dags/newyork_fhv_silver.py
[2026-05-09T01:27:11.839+0000] {logging_mixin.py:188} INFO - [2026-05-09T01:27:11.839+0000] {dag.py:3096} INFO - Sync 1 DAGs
[2026-05-09T01:27:11.854+0000] {logging_mixin.py:188} INFO - [2026-05-09T01:27:11.854+0000] {dag.py:3954} INFO - Setting next_dagrun for newyork_fhv_silver to None, run_after=None
[2026-05-09T01:27:11.881+0000] {processor.py:183} INFO - Processing /opt/airflow/dags/newyork_fhv_silver.py took 0.138 seconds
[2026-05-09T01:27:42.007+0000] {processor.py:161} INFO - Started process (PID=1903) to work on /opt/airflow/dags/newyork_fhv_silver.py
[2026-05-09T01:27:42.010+0000] {processor.py:830} INFO - Processing file /opt/airflow/dags/newyork_fhv_silver.py for tasks to queue
[2026-05-09T01:27:42.014+0000] {logging_mixin.py:188} INFO - [2026-05-09T01:27:42.013+0000] {dagbag.py:545} INFO - Filling up the DagBag from /opt/airflow/dags/newyork_fhv_silver.py
[2026-05-09T01:27:42.050+0000] {processor.py:840} INFO - DAG(s) 'newyork_fhv_silver' retrieved from /opt/airflow/dags/newyork_fhv_silver.py
[2026-05-09T01:27:42.073+0000] {logging_mixin.py:188} INFO - [2026-05-09T01:27:42.073+0000] {dag.py:3096} INFO - Sync 1 DAGs
[2026-05-09T01:27:42.087+0000] {logging_mixin.py:188} INFO - [2026-05-09T01:27:42.087+0000] {dag.py:3954} INFO - Setting next_dagrun for newyork_fhv_silver to None, run_after=None
[2026-05-09T01:27:42.115+0000] {processor.py:183} INFO - Processing /opt/airflow/dags/newyork_fhv_silver.py took 0.118 seconds
[2026-05-09T01:28:13.097+0000] {processor.py:161} INFO - Started process (PID=1914) to work on /opt/airflow/dags/newyork_fhv_silver.py
[2026-05-09T01:28:13.100+0000] {processor.py:830} INFO - Processing file /opt/airflow/dags/newyork_fhv_silver.py for tasks to queue
[2026-05-09T01:28:13.104+0000] {logging_mixin.py:188} INFO - [2026-05-09T01:28:13.103+0000] {dagbag.py:545} INFO - Filling up the DagBag from /opt/airflow/dags/newyork_fhv_silver.py
[2026-05-09T01:28:13.138+0000] {processor.py:840} INFO - DAG(s) 'newyork_fhv_silver' retrieved from /opt/airflow/dags/newyork_fhv_silver.py
[2026-05-09T01:28:13.173+0000] {logging_mixin.py:188} INFO - [2026-05-09T01:28:13.173+0000] {dag.py:3096} INFO - Sync 1 DAGs
[2026-05-09T01:28:13.197+0000] {logging_mixin.py:188} INFO - [2026-05-09T01:28:13.197+0000] {dag.py:3954} INFO - Setting next_dagrun for newyork_fhv_silver to None, run_after=None
[2026-05-09T01:28:13.236+0000] {processor.py:183} INFO - Processing /opt/airflow/dags/newyork_fhv_silver.py took 0.147 seconds
[2026-05-09T01:28:43.405+0000] {processor.py:161} INFO - Started process (PID=1925) to work on /opt/airflow/dags/newyork_fhv_silver.py
[2026-05-09T01:28:43.407+0000] {processor.py:830} INFO - Processing file /opt/airflow/dags/newyork_fhv_silver.py for tasks to queue
[2026-05-09T01:28:43.410+0000] {logging_mixin.py:188} INFO - [2026-05-09T01:28:43.409+0000] {dagbag.py:545} INFO - Filling up the DagBag from /opt/airflow/dags/newyork_fhv_silver.py
[2026-05-09T01:28:43.440+0000] {processor.py:840} INFO - DAG(s) 'newyork_fhv_silver' retrieved from /opt/airflow/dags/newyork_fhv_silver.py
[2026-05-09T01:28:43.469+0000] {logging_mixin.py:188} INFO - [2026-05-09T01:28:43.469+0000] {dag.py:3096} INFO - Sync 1 DAGs
[2026-05-09T01:28:43.484+0000] {logging_mixin.py:188} INFO - [2026-05-09T01:28:43.484+0000] {dag.py:3954} INFO - Setting next_dagrun for newyork_fhv_silver to None, run_after=None
[2026-05-09T01:28:43.515+0000] {processor.py:183} INFO - Processing /opt/airflow/dags/newyork_fhv_silver.py took 0.117 seconds
[2026-05-09T01:29:13.679+0000] {processor.py:161} INFO - Started process (PID=1936) to work on /opt/airflow/dags/newyork_fhv_silver.py
[2026-05-09T01:29:13.682+0000] {processor.py:830} INFO - Processing file /opt/airflow/dags/newyork_fhv_silver.py for tasks to queue
[2026-05-09T01:29:13.686+0000] {logging_mixin.py:188} INFO - [2026-05-09T01:29:13.685+0000] {dagbag.py:545} INFO - Filling up the DagBag from /opt/airflow/dags/newyork_fhv_silver.py
[2026-05-09T01:29:13.724+0000] {processor.py:840} INFO - DAG(s) 'newyork_fhv_silver' retrieved from /opt/airflow/dags/newyork_fhv_silver.py
[2026-05-09T01:29:13.748+0000] {logging_mixin.py:188} INFO - [2026-05-09T01:29:13.747+0000] {dag.py:3096} INFO - Sync 1 DAGs
[2026-05-09T01:29:13.762+0000] {logging_mixin.py:188} INFO - [2026-05-09T01:29:13.762+0000] {dag.py:3954} INFO - Setting next_dagrun for newyork_fhv_silver to None, run_after=None
[2026-05-09T01:29:13.793+0000] {processor.py:183} INFO - Processing /opt/airflow/dags/newyork_fhv_silver.py took 0.124 seconds
[2026-05-09T01:29:43.886+0000] {processor.py:161} INFO - Started process (PID=1948) to work on /opt/airflow/dags/newyork_fhv_silver.py
[2026-05-09T01:29:43.888+0000] {processor.py:830} INFO - Processing file /opt/airflow/dags/newyork_fhv_silver.py for tasks to queue
[2026-05-09T01:29:43.893+0000] {logging_mixin.py:188} INFO - [2026-05-09T01:29:43.893+0000] {dagbag.py:545} INFO - Filling up the DagBag from /opt/airflow/dags/newyork_fhv_silver.py
[2026-05-09T01:29:43.937+0000] {processor.py:840} INFO - DAG(s) 'newyork_fhv_silver' retrieved from /opt/airflow/dags/newyork_fhv_silver.py
[2026-05-09T01:29:43.980+0000] {logging_mixin.py:188} INFO - [2026-05-09T01:29:43.980+0000] {dag.py:3096} INFO - Sync 1 DAGs
[2026-05-09T01:29:43.997+0000] {logging_mixin.py:188} INFO - [2026-05-09T01:29:43.997+0000] {dag.py:3954} INFO - Setting next_dagrun for newyork_fhv_silver to None, run_after=None
[2026-05-09T01:29:44.039+0000] {processor.py:183} INFO - Processing /opt/airflow/dags/newyork_fhv_silver.py took 0.168 seconds
[2026-05-09T01:30:14.158+0000] {processor.py:161} INFO - Started process (PID=1959) to work on /opt/airflow/dags/newyork_fhv_silver.py
[2026-05-09T01:30:14.160+0000] {processor.py:830} INFO - Processing file /opt/airflow/dags/newyork_fhv_silver.py for tasks to queue
[2026-05-09T01:30:14.163+0000] {logging_mixin.py:188} INFO - [2026-05-09T01:30:14.162+0000] {dagbag.py:545} INFO - Filling up the DagBag from /opt/airflow/dags/newyork_fhv_silver.py
[2026-05-09T01:30:14.189+0000] {processor.py:840} INFO - DAG(s) 'newyork_fhv_silver' retrieved from /opt/airflow/dags/newyork_fhv_silver.py
[2026-05-09T01:30:14.222+0000] {logging_mixin.py:188} INFO - [2026-05-09T01:30:14.221+0000] {dag.py:3096} INFO - Sync 1 DAGs
[2026-05-09T01:30:14.238+0000] {logging_mixin.py:188} INFO - [2026-05-09T01:30:14.238+0000] {dag.py:3954} INFO - Setting next_dagrun for newyork_fhv_silver to None, run_after=None
[2026-05-09T01:30:14.265+0000] {processor.py:183} INFO - Processing /opt/airflow/dags/newyork_fhv_silver.py took 0.115 seconds
[2026-05-09T01:30:44.638+0000] {processor.py:161} INFO - Started process (PID=1970) to work on /opt/airflow/dags/newyork_fhv_silver.py
[2026-05-09T01:30:44.641+0000] {processor.py:830} INFO - Processing file /opt/airflow/dags/newyork_fhv_silver.py for tasks to queue
[2026-05-09T01:30:44.645+0000] {logging_mixin.py:188} INFO - [2026-05-09T01:30:44.644+0000] {dagbag.py:545} INFO - Filling up the DagBag from /opt/airflow/dags/newyork_fhv_silver.py
[2026-05-09T01:30:44.687+0000] {processor.py:840} INFO - DAG(s) 'newyork_fhv_silver' retrieved from /opt/airflow/dags/newyork_fhv_silver.py
[2026-05-09T01:30:44.726+0000] {logging_mixin.py:188} INFO - [2026-05-09T01:30:44.725+0000] {dag.py:3096} INFO - Sync 1 DAGs
[2026-05-09T01:30:44.745+0000] {logging_mixin.py:188} INFO - [2026-05-09T01:30:44.744+0000] {dag.py:3954} INFO - Setting next_dagrun for newyork_fhv_silver to None, run_after=None
[2026-05-09T01:30:44.778+0000] {processor.py:183} INFO - Processing /opt/airflow/dags/newyork_fhv_silver.py took 0.153 seconds
[2026-05-09T01:31:16.059+0000] {processor.py:161} INFO - Started process (PID=1981) to work on /opt/airflow/dags/newyork_fhv_silver.py
[2026-05-09T01:31:16.068+0000] {processor.py:830} INFO - Processing file /opt/airflow/dags/newyork_fhv_silver.py for tasks to queue
[2026-05-09T01:31:16.076+0000] {logging_mixin.py:188} INFO - [2026-05-09T01:31:16.075+0000] {dagbag.py:545} INFO - Filling up the DagBag from /opt/airflow/dags/newyork_fhv_silver.py
[2026-05-09T01:31:16.297+0000] {processor.py:840} INFO - DAG(s) 'newyork_fhv_silver' retrieved from /opt/airflow/dags/newyork_fhv_silver.py
[2026-05-09T01:31:16.331+0000] {logging_mixin.py:188} INFO - [2026-05-09T01:31:16.331+0000] {dag.py:3096} INFO - Sync 1 DAGs
[2026-05-09T01:31:16.364+0000] {logging_mixin.py:188} INFO - [2026-05-09T01:31:16.364+0000] {dag.py:3954} INFO - Setting next_dagrun for newyork_fhv_silver to None, run_after=None
[2026-05-09T01:31:16.417+0000] {processor.py:183} INFO - Processing /opt/airflow/dags/newyork_fhv_silver.py took 0.367 seconds
[2026-05-09T01:31:46.903+0000] {processor.py:161} INFO - Started process (PID=1992) to work on /opt/airflow/dags/newyork_fhv_silver.py
[2026-05-09T01:31:46.907+0000] {processor.py:830} INFO - Processing file /opt/airflow/dags/newyork_fhv_silver.py for tasks to queue
[2026-05-09T01:31:46.914+0000] {logging_mixin.py:188} INFO - [2026-05-09T01:31:46.913+0000] {dagbag.py:545} INFO - Filling up the DagBag from /opt/airflow/dags/newyork_fhv_silver.py
[2026-05-09T01:31:46.968+0000] {processor.py:840} INFO - DAG(s) 'newyork_fhv_silver' retrieved from /opt/airflow/dags/newyork_fhv_silver.py
[2026-05-09T01:31:47.006+0000] {logging_mixin.py:188} INFO - [2026-05-09T01:31:47.005+0000] {dag.py:3096} INFO - Sync 1 DAGs
[2026-05-09T01:31:47.029+0000] {logging_mixin.py:188} INFO - [2026-05-09T01:31:47.029+0000] {dag.py:3954} INFO - Setting next_dagrun for newyork_fhv_silver to None, run_after=None
[2026-05-09T01:31:47.057+0000] {processor.py:183} INFO - Processing /opt/airflow/dags/newyork_fhv_silver.py took 0.167 seconds
[2026-05-09T01:32:17.758+0000] {processor.py:161} INFO - Started process (PID=2003) to work on /opt/airflow/dags/newyork_fhv_silver.py
[2026-05-09T01:32:17.761+0000] {processor.py:830} INFO - Processing file /opt/airflow/dags/newyork_fhv_silver.py for tasks to queue
[2026-05-09T01:32:17.764+0000] {logging_mixin.py:188} INFO - [2026-05-09T01:32:17.763+0000] {dagbag.py:545} INFO - Filling up the DagBag from /opt/airflow/dags/newyork_fhv_silver.py
[2026-05-09T01:32:17.784+0000] {processor.py:840} INFO - DAG(s) 'newyork_fhv_silver' retrieved from /opt/airflow/dags/newyork_fhv_silver.py
[2026-05-09T01:32:17.805+0000] {logging_mixin.py:188} INFO - [2026-05-09T01:32:17.805+0000] {dag.py:3096} INFO - Sync 1 DAGs
[2026-05-09T01:32:17.819+0000] {logging_mixin.py:188} INFO - [2026-05-09T01:32:17.819+0000] {dag.py:3954} INFO - Setting next_dagrun for newyork_fhv_silver to None, run_after=None
[2026-05-09T01:32:17.848+0000] {processor.py:183} INFO - Processing /opt/airflow/dags/newyork_fhv_silver.py took 0.097 seconds
[2026-05-09T01:32:48.716+0000] {processor.py:161} INFO - Started process (PID=2014) to work on /opt/airflow/dags/newyork_fhv_silver.py
[2026-05-09T01:32:48.717+0000] {processor.py:830} INFO - Processing file /opt/airflow/dags/newyork_fhv_silver.py for tasks to queue
[2026-05-09T01:32:48.720+0000] {logging_mixin.py:188} INFO - [2026-05-09T01:32:48.719+0000] {dagbag.py:545} INFO - Filling up the DagBag from /opt/airflow/dags/newyork_fhv_silver.py
[2026-05-09T01:32:48.751+0000] {processor.py:840} INFO - DAG(s) 'newyork_fhv_silver' retrieved from /opt/airflow/dags/newyork_fhv_silver.py
[2026-05-09T01:32:48.774+0000] {logging_mixin.py:188} INFO - [2026-05-09T01:32:48.773+0000] {dag.py:3096} INFO - Sync 1 DAGs
[2026-05-09T01:32:48.787+0000] {logging_mixin.py:188} INFO - [2026-05-09T01:32:48.786+0000] {dag.py:3954} INFO - Setting next_dagrun for newyork_fhv_silver to None, run_after=None
[2026-05-09T01:32:48.815+0000] {processor.py:183} INFO - Processing /opt/airflow/dags/newyork_fhv_silver.py took 0.106 seconds
[2026-05-09T01:33:19.585+0000] {processor.py:161} INFO - Started process (PID=2025) to work on /opt/airflow/dags/newyork_fhv_silver.py
[2026-05-09T01:33:19.587+0000] {processor.py:830} INFO - Processing file /opt/airflow/dags/newyork_fhv_silver.py for tasks to queue
[2026-05-09T01:33:19.589+0000] {logging_mixin.py:188} INFO - [2026-05-09T01:33:19.589+0000] {dagbag.py:545} INFO - Filling up the DagBag from /opt/airflow/dags/newyork_fhv_silver.py
[2026-05-09T01:33:19.629+0000] {processor.py:840} INFO - DAG(s) 'newyork_fhv_silver' retrieved from /opt/airflow/dags/newyork_fhv_silver.py
[2026-05-09T01:33:19.665+0000] {logging_mixin.py:188} INFO - [2026-05-09T01:33:19.665+0000] {dag.py:3096} INFO - Sync 1 DAGs
[2026-05-09T01:33:19.679+0000] {logging_mixin.py:188} INFO - [2026-05-09T01:33:19.679+0000] {dag.py:3954} INFO - Setting next_dagrun for newyork_fhv_silver to None, run_after=None
[2026-05-09T01:33:19.705+0000] {processor.py:183} INFO - Processing /opt/airflow/dags/newyork_fhv_silver.py took 0.128 seconds
[2026-05-09T01:33:50.586+0000] {processor.py:161} INFO - Started process (PID=2036) to work on /opt/airflow/dags/newyork_fhv_silver.py
[2026-05-09T01:33:50.589+0000] {processor.py:830} INFO - Processing file /opt/airflow/dags/newyork_fhv_silver.py for tasks to queue
[2026-05-09T01:33:50.592+0000] {logging_mixin.py:188} INFO - [2026-05-09T01:33:50.591+0000] {dagbag.py:545} INFO - Filling up the DagBag from /opt/airflow/dags/newyork_fhv_silver.py
[2026-05-09T01:33:50.648+0000] {processor.py:840} INFO - DAG(s) 'newyork_fhv_silver' retrieved from /opt/airflow/dags/newyork_fhv_silver.py
[2026-05-09T01:33:50.677+0000] {logging_mixin.py:188} INFO - [2026-05-09T01:33:50.676+0000] {dag.py:3096} INFO - Sync 1 DAGs
[2026-05-09T01:33:50.696+0000] {logging_mixin.py:188} INFO - [2026-05-09T01:33:50.695+0000] {dag.py:3954} INFO - Setting next_dagrun for newyork_fhv_silver to None, run_after=None
[2026-05-09T01:33:50.736+0000] {processor.py:183} INFO - Processing /opt/airflow/dags/newyork_fhv_silver.py took 0.159 seconds
[2026-05-09T01:34:20.834+0000] {processor.py:161} INFO - Started process (PID=2047) to work on /opt/airflow/dags/newyork_fhv_silver.py
[2026-05-09T01:34:20.836+0000] {processor.py:830} INFO - Processing file /opt/airflow/dags/newyork_fhv_silver.py for tasks to queue
[2026-05-09T01:34:20.839+0000] {logging_mixin.py:188} INFO - [2026-05-09T01:34:20.839+0000] {dagbag.py:545} INFO - Filling up the DagBag from /opt/airflow/dags/newyork_fhv_silver.py
[2026-05-09T01:34:20.884+0000] {processor.py:840} INFO - DAG(s) 'newyork_fhv_silver' retrieved from /opt/airflow/dags/newyork_fhv_silver.py
[2026-05-09T01:34:20.908+0000] {logging_mixin.py:188} INFO - [2026-05-09T01:34:20.908+0000] {dag.py:3096} INFO - Sync 1 DAGs
[2026-05-09T01:34:20.922+0000] {logging_mixin.py:188} INFO - [2026-05-09T01:34:20.922+0000] {dag.py:3954} INFO - Setting next_dagrun for newyork_fhv_silver to None, run_after=None
[2026-05-09T01:34:20.947+0000] {processor.py:183} INFO - Processing /opt/airflow/dags/newyork_fhv_silver.py took 0.123 seconds
[2026-05-09T01:34:51.861+0000] {processor.py:161} INFO - Started process (PID=2058) to work on /opt/airflow/dags/newyork_fhv_silver.py
[2026-05-09T01:34:51.865+0000] {processor.py:830} INFO - Processing file /opt/airflow/dags/newyork_fhv_silver.py for tasks to queue
[2026-05-09T01:34:51.870+0000] {logging_mixin.py:188} INFO - [2026-05-09T01:34:51.869+0000] {dagbag.py:545} INFO - Filling up the DagBag from /opt/airflow/dags/newyork_fhv_silver.py
[2026-05-09T01:34:51.919+0000] {processor.py:840} INFO - DAG(s) 'newyork_fhv_silver' retrieved from /opt/airflow/dags/newyork_fhv_silver.py
[2026-05-09T01:34:51.962+0000] {logging_mixin.py:188} INFO - [2026-05-09T01:34:51.962+0000] {dag.py:3096} INFO - Sync 1 DAGs
[2026-05-09T01:34:51.980+0000] {logging_mixin.py:188} INFO - [2026-05-09T01:34:51.980+0000] {dag.py:3954} INFO - Setting next_dagrun for newyork_fhv_silver to None, run_after=None
[2026-05-09T01:34:52.013+0000] {processor.py:183} INFO - Processing /opt/airflow/dags/newyork_fhv_silver.py took 0.162 seconds
[2026-05-09T01:35:22.790+0000] {processor.py:161} INFO - Started process (PID=2070) to work on /opt/airflow/dags/newyork_fhv_silver.py
[2026-05-09T01:35:22.793+0000] {processor.py:830} INFO - Processing file /opt/airflow/dags/newyork_fhv_silver.py for tasks to queue
[2026-05-09T01:35:22.797+0000] {logging_mixin.py:188} INFO - [2026-05-09T01:35:22.797+0000] {dagbag.py:545} INFO - Filling up the DagBag from /opt/airflow/dags/newyork_fhv_silver.py
[2026-05-09T01:35:22.837+0000] {processor.py:840} INFO - DAG(s) 'newyork_fhv_silver' retrieved from /opt/airflow/dags/newyork_fhv_silver.py
[2026-05-09T01:35:22.860+0000] {logging_mixin.py:188} INFO - [2026-05-09T01:35:22.860+0000] {dag.py:3096} INFO - Sync 1 DAGs
[2026-05-09T01:35:22.874+0000] {logging_mixin.py:188} INFO - [2026-05-09T01:35:22.874+0000] {dag.py:3954} INFO - Setting next_dagrun for newyork_fhv_silver to None, run_after=None
[2026-05-09T01:35:22.898+0000] {processor.py:183} INFO - Processing /opt/airflow/dags/newyork_fhv_silver.py took 0.120 seconds
[2026-05-09T01:35:53.699+0000] {processor.py:161} INFO - Started process (PID=2081) to work on /opt/airflow/dags/newyork_fhv_silver.py
[2026-05-09T01:35:53.701+0000] {processor.py:830} INFO - Processing file /opt/airflow/dags/newyork_fhv_silver.py for tasks to queue
[2026-05-09T01:35:53.707+0000] {logging_mixin.py:188} INFO - [2026-05-09T01:35:53.706+0000] {dagbag.py:545} INFO - Filling up the DagBag from /opt/airflow/dags/newyork_fhv_silver.py
[2026-05-09T01:35:53.748+0000] {processor.py:840} INFO - DAG(s) 'newyork_fhv_silver' retrieved from /opt/airflow/dags/newyork_fhv_silver.py
[2026-05-09T01:35:53.777+0000] {logging_mixin.py:188} INFO - [2026-05-09T01:35:53.777+0000] {dag.py:3096} INFO - Sync 1 DAGs
[2026-05-09T01:35:53.793+0000] {logging_mixin.py:188} INFO - [2026-05-09T01:35:53.792+0000] {dag.py:3954} INFO - Setting next_dagrun for newyork_fhv_silver to None, run_after=None
[2026-05-09T01:35:54.036+0000] {processor.py:183} INFO - Processing /opt/airflow/dags/newyork_fhv_silver.py took 0.351 seconds
[2026-05-09T01:36:24.969+0000] {processor.py:161} INFO - Started process (PID=2092) to work on /opt/airflow/dags/newyork_fhv_silver.py
[2026-05-09T01:36:24.971+0000] {processor.py:830} INFO - Processing file /opt/airflow/dags/newyork_fhv_silver.py for tasks to queue
[2026-05-09T01:36:24.973+0000] {logging_mixin.py:188} INFO - [2026-05-09T01:36:24.973+0000] {dagbag.py:545} INFO - Filling up the DagBag from /opt/airflow/dags/newyork_fhv_silver.py
[2026-05-09T01:36:25.014+0000] {processor.py:840} INFO - DAG(s) 'newyork_fhv_silver' retrieved from /opt/airflow/dags/newyork_fhv_silver.py
[2026-05-09T01:36:25.042+0000] {logging_mixin.py:188} INFO - [2026-05-09T01:36:25.042+0000] {dag.py:3096} INFO - Sync 1 DAGs
[2026-05-09T01:36:25.059+0000] {logging_mixin.py:188} INFO - [2026-05-09T01:36:25.059+0000] {dag.py:3954} INFO - Setting next_dagrun for newyork_fhv_silver to None, run_after=None
[2026-05-09T01:36:25.127+0000] {processor.py:183} INFO - Processing /opt/airflow/dags/newyork_fhv_silver.py took 0.167 seconds
[2026-05-09T01:36:55.996+0000] {processor.py:161} INFO - Started process (PID=2103) to work on /opt/airflow/dags/newyork_fhv_silver.py
[2026-05-09T01:36:55.997+0000] {processor.py:830} INFO - Processing file /opt/airflow/dags/newyork_fhv_silver.py for tasks to queue
[2026-05-09T01:36:56.000+0000] {logging_mixin.py:188} INFO - [2026-05-09T01:36:55.999+0000] {dagbag.py:545} INFO - Filling up the DagBag from /opt/airflow/dags/newyork_fhv_silver.py
[2026-05-09T01:36:56.024+0000] {processor.py:840} INFO - DAG(s) 'newyork_fhv_silver' retrieved from /opt/airflow/dags/newyork_fhv_silver.py
[2026-05-09T01:36:56.046+0000] {logging_mixin.py:188} INFO - [2026-05-09T01:36:56.046+0000] {dag.py:3096} INFO - Sync 1 DAGs
[2026-05-09T01:36:56.060+0000] {logging_mixin.py:188} INFO - [2026-05-09T01:36:56.059+0000] {dag.py:3954} INFO - Setting next_dagrun for newyork_fhv_silver to None, run_after=None
[2026-05-09T01:36:56.083+0000] {processor.py:183} INFO - Processing /opt/airflow/dags/newyork_fhv_silver.py took 0.095 seconds
[2026-05-09T01:37:26.963+0000] {processor.py:161} INFO - Started process (PID=2114) to work on /opt/airflow/dags/newyork_fhv_silver.py
[2026-05-09T01:37:26.965+0000] {processor.py:830} INFO - Processing file /opt/airflow/dags/newyork_fhv_silver.py for tasks to queue
[2026-05-09T01:37:26.969+0000] {logging_mixin.py:188} INFO - [2026-05-09T01:37:26.969+0000] {dagbag.py:545} INFO - Filling up the DagBag from /opt/airflow/dags/newyork_fhv_silver.py
[2026-05-09T01:37:27.015+0000] {processor.py:840} INFO - DAG(s) 'newyork_fhv_silver' retrieved from /opt/airflow/dags/newyork_fhv_silver.py
[2026-05-09T01:37:27.053+0000] {logging_mixin.py:188} INFO - [2026-05-09T01:37:27.053+0000] {dag.py:3096} INFO - Sync 1 DAGs
[2026-05-09T01:37:27.074+0000] {logging_mixin.py:188} INFO - [2026-05-09T01:37:27.074+0000] {dag.py:3954} INFO - Setting next_dagrun for newyork_fhv_silver to None, run_after=None
[2026-05-09T01:37:27.107+0000] {processor.py:183} INFO - Processing /opt/airflow/dags/newyork_fhv_silver.py took 0.155 seconds
[2026-05-09T01:37:57.879+0000] {processor.py:161} INFO - Started process (PID=2125) to work on /opt/airflow/dags/newyork_fhv_silver.py
[2026-05-09T01:37:57.882+0000] {processor.py:830} INFO - Processing file /opt/airflow/dags/newyork_fhv_silver.py for tasks to queue
[2026-05-09T01:37:57.884+0000] {logging_mixin.py:188} INFO - [2026-05-09T01:37:57.884+0000] {dagbag.py:545} INFO - Filling up the DagBag from /opt/airflow/dags/newyork_fhv_silver.py
[2026-05-09T01:37:57.907+0000] {processor.py:840} INFO - DAG(s) 'newyork_fhv_silver' retrieved from /opt/airflow/dags/newyork_fhv_silver.py
[2026-05-09T01:37:57.934+0000] {logging_mixin.py:188} INFO - [2026-05-09T01:37:57.934+0000] {dag.py:3096} INFO - Sync 1 DAGs
[2026-05-09T01:37:57.948+0000] {logging_mixin.py:188} INFO - [2026-05-09T01:37:57.948+0000] {dag.py:3954} INFO - Setting next_dagrun for newyork_fhv_silver to None, run_after=None
[2026-05-09T01:37:57.975+0000] {processor.py:183} INFO - Processing /opt/airflow/dags/newyork_fhv_silver.py took 0.105 seconds
[2026-05-09T01:38:28.363+0000] {processor.py:161} INFO - Started process (PID=2136) to work on /opt/airflow/dags/newyork_fhv_silver.py
[2026-05-09T01:38:28.366+0000] {processor.py:830} INFO - Processing file /opt/airflow/dags/newyork_fhv_silver.py for tasks to queue
[2026-05-09T01:38:28.369+0000] {logging_mixin.py:188} INFO - [2026-05-09T01:38:28.368+0000] {dagbag.py:545} INFO - Filling up the DagBag from /opt/airflow/dags/newyork_fhv_silver.py
[2026-05-09T01:38:28.405+0000] {processor.py:840} INFO - DAG(s) 'newyork_fhv_silver' retrieved from /opt/airflow/dags/newyork_fhv_silver.py
[2026-05-09T01:38:28.430+0000] {logging_mixin.py:188} INFO - [2026-05-09T01:38:28.429+0000] {dag.py:3096} INFO - Sync 1 DAGs
[2026-05-09T01:38:28.590+0000] {logging_mixin.py:188} INFO - [2026-05-09T01:38:28.590+0000] {dag.py:3954} INFO - Setting next_dagrun for newyork_fhv_silver to None, run_after=None
[2026-05-09T01:38:28.615+0000] {processor.py:183} INFO - Processing /opt/airflow/dags/newyork_fhv_silver.py took 0.261 seconds
[2026-05-09T01:38:58.967+0000] {processor.py:161} INFO - Started process (PID=2147) to work on /opt/airflow/dags/newyork_fhv_silver.py
[2026-05-09T01:38:58.969+0000] {processor.py:830} INFO - Processing file /opt/airflow/dags/newyork_fhv_silver.py for tasks to queue
[2026-05-09T01:38:58.972+0000] {logging_mixin.py:188} INFO - [2026-05-09T01:38:58.971+0000] {dagbag.py:545} INFO - Filling up the DagBag from /opt/airflow/dags/newyork_fhv_silver.py
[2026-05-09T01:38:59.004+0000] {processor.py:840} INFO - DAG(s) 'newyork_fhv_silver' retrieved from /opt/airflow/dags/newyork_fhv_silver.py
[2026-05-09T01:38:59.028+0000] {logging_mixin.py:188} INFO - [2026-05-09T01:38:59.028+0000] {dag.py:3096} INFO - Sync 1 DAGs
[2026-05-09T01:38:59.042+0000] {logging_mixin.py:188} INFO - [2026-05-09T01:38:59.042+0000] {dag.py:3954} INFO - Setting next_dagrun for newyork_fhv_silver to None, run_after=None
[2026-05-09T01:38:59.066+0000] {processor.py:183} INFO - Processing /opt/airflow/dags/newyork_fhv_silver.py took 0.109 seconds
[2026-05-09T01:39:29.212+0000] {processor.py:161} INFO - Started process (PID=2158) to work on /opt/airflow/dags/newyork_fhv_silver.py
[2026-05-09T01:39:29.213+0000] {processor.py:830} INFO - Processing file /opt/airflow/dags/newyork_fhv_silver.py for tasks to queue
[2026-05-09T01:39:29.216+0000] {logging_mixin.py:188} INFO - [2026-05-09T01:39:29.215+0000] {dagbag.py:545} INFO - Filling up the DagBag from /opt/airflow/dags/newyork_fhv_silver.py
[2026-05-09T01:39:29.238+0000] {processor.py:840} INFO - DAG(s) 'newyork_fhv_silver' retrieved from /opt/airflow/dags/newyork_fhv_silver.py
[2026-05-09T01:39:29.260+0000] {logging_mixin.py:188} INFO - [2026-05-09T01:39:29.260+0000] {dag.py:3096} INFO - Sync 1 DAGs
[2026-05-09T01:39:29.274+0000] {logging_mixin.py:188} INFO - [2026-05-09T01:39:29.274+0000] {dag.py:3954} INFO - Setting next_dagrun for newyork_fhv_silver to None, run_after=None
[2026-05-09T01:39:29.298+0000] {processor.py:183} INFO - Processing /opt/airflow/dags/newyork_fhv_silver.py took 0.095 seconds
[2026-05-09T01:39:59.595+0000] {processor.py:161} INFO - Started process (PID=2169) to work on /opt/airflow/dags/newyork_fhv_silver.py
[2026-05-09T01:39:59.598+0000] {processor.py:830} INFO - Processing file /opt/airflow/dags/newyork_fhv_silver.py for tasks to queue
[2026-05-09T01:39:59.601+0000] {logging_mixin.py:188} INFO - [2026-05-09T01:39:59.601+0000] {dagbag.py:545} INFO - Filling up the DagBag from /opt/airflow/dags/newyork_fhv_silver.py
[2026-05-09T01:39:59.623+0000] {processor.py:840} INFO - DAG(s) 'newyork_fhv_silver' retrieved from /opt/airflow/dags/newyork_fhv_silver.py
[2026-05-09T01:39:59.645+0000] {logging_mixin.py:188} INFO - [2026-05-09T01:39:59.645+0000] {dag.py:3096} INFO - Sync 1 DAGs
[2026-05-09T01:39:59.848+0000] {logging_mixin.py:188} INFO - [2026-05-09T01:39:59.848+0000] {dag.py:3954} INFO - Setting next_dagrun for newyork_fhv_silver to None, run_after=None
[2026-05-09T01:39:59.883+0000] {processor.py:183} INFO - Processing /opt/airflow/dags/newyork_fhv_silver.py took 0.295 seconds
[2026-05-09T01:40:30.105+0000] {processor.py:161} INFO - Started process (PID=2180) to work on /opt/airflow/dags/newyork_fhv_silver.py
[2026-05-09T01:40:30.106+0000] {processor.py:830} INFO - Processing file /opt/airflow/dags/newyork_fhv_silver.py for tasks to queue
[2026-05-09T01:40:30.110+0000] {logging_mixin.py:188} INFO - [2026-05-09T01:40:30.109+0000] {dagbag.py:545} INFO - Filling up the DagBag from /opt/airflow/dags/newyork_fhv_silver.py
[2026-05-09T01:40:30.149+0000] {processor.py:840} INFO - DAG(s) 'newyork_fhv_silver' retrieved from /opt/airflow/dags/newyork_fhv_silver.py
[2026-05-09T01:40:30.176+0000] {logging_mixin.py:188} INFO - [2026-05-09T01:40:30.176+0000] {dag.py:3096} INFO - Sync 1 DAGs
[2026-05-09T01:40:30.191+0000] {logging_mixin.py:188} INFO - [2026-05-09T01:40:30.190+0000] {dag.py:3954} INFO - Setting next_dagrun for newyork_fhv_silver to None, run_after=None
[2026-05-09T01:40:30.219+0000] {processor.py:183} INFO - Processing /opt/airflow/dags/newyork_fhv_silver.py took 0.125 seconds
[2026-05-09T01:41:01.142+0000] {processor.py:161} INFO - Started process (PID=2191) to work on /opt/airflow/dags/newyork_fhv_silver.py
[2026-05-09T01:41:01.144+0000] {processor.py:830} INFO - Processing file /opt/airflow/dags/newyork_fhv_silver.py for tasks to queue
[2026-05-09T01:41:01.149+0000] {logging_mixin.py:188} INFO - [2026-05-09T01:41:01.148+0000] {dagbag.py:545} INFO - Filling up the DagBag from /opt/airflow/dags/newyork_fhv_silver.py
[2026-05-09T01:41:01.180+0000] {processor.py:840} INFO - DAG(s) 'newyork_fhv_silver' retrieved from /opt/airflow/dags/newyork_fhv_silver.py
[2026-05-09T01:41:01.212+0000] {logging_mixin.py:188} INFO - [2026-05-09T01:41:01.212+0000] {dag.py:3096} INFO - Sync 1 DAGs
[2026-05-09T01:41:01.233+0000] {logging_mixin.py:188} INFO - [2026-05-09T01:41:01.233+0000] {dag.py:3954} INFO - Setting next_dagrun for newyork_fhv_silver to None, run_after=None
[2026-05-09T01:41:01.273+0000] {processor.py:183} INFO - Processing /opt/airflow/dags/newyork_fhv_silver.py took 0.151 seconds
[2026-05-09T01:41:31.430+0000] {processor.py:161} INFO - Started process (PID=2202) to work on /opt/airflow/dags/newyork_fhv_silver.py
[2026-05-09T01:41:31.432+0000] {processor.py:830} INFO - Processing file /opt/airflow/dags/newyork_fhv_silver.py for tasks to queue
[2026-05-09T01:41:31.435+0000] {logging_mixin.py:188} INFO - [2026-05-09T01:41:31.434+0000] {dagbag.py:545} INFO - Filling up the DagBag from /opt/airflow/dags/newyork_fhv_silver.py
[2026-05-09T01:41:31.473+0000] {processor.py:840} INFO - DAG(s) 'newyork_fhv_silver' retrieved from /opt/airflow/dags/newyork_fhv_silver.py
[2026-05-09T01:41:31.499+0000] {logging_mixin.py:188} INFO - [2026-05-09T01:41:31.499+0000] {dag.py:3096} INFO - Sync 1 DAGs
[2026-05-09T01:41:31.678+0000] {logging_mixin.py:188} INFO - [2026-05-09T01:41:31.678+0000] {dag.py:3954} INFO - Setting next_dagrun for newyork_fhv_silver to None, run_after=None
[2026-05-09T01:41:31.700+0000] {processor.py:183} INFO - Processing /opt/airflow/dags/newyork_fhv_silver.py took 0.279 seconds
[2026-05-09T01:42:01.887+0000] {processor.py:161} INFO - Started process (PID=2213) to work on /opt/airflow/dags/newyork_fhv_silver.py
[2026-05-09T01:42:01.889+0000] {processor.py:830} INFO - Processing file /opt/airflow/dags/newyork_fhv_silver.py for tasks to queue
[2026-05-09T01:42:01.893+0000] {logging_mixin.py:188} INFO - [2026-05-09T01:42:01.893+0000] {dagbag.py:545} INFO - Filling up the DagBag from /opt/airflow/dags/newyork_fhv_silver.py
[2026-05-09T01:42:01.932+0000] {processor.py:840} INFO - DAG(s) 'newyork_fhv_silver' retrieved from /opt/airflow/dags/newyork_fhv_silver.py
[2026-05-09T01:42:01.959+0000] {logging_mixin.py:188} INFO - [2026-05-09T01:42:01.958+0000] {dag.py:3096} INFO - Sync 1 DAGs
[2026-05-09T01:42:01.972+0000] {logging_mixin.py:188} INFO - [2026-05-09T01:42:01.972+0000] {dag.py:3954} INFO - Setting next_dagrun for newyork_fhv_silver to None, run_after=None
[2026-05-09T01:42:01.998+0000] {processor.py:183} INFO - Processing /opt/airflow/dags/newyork_fhv_silver.py took 0.122 seconds
[2026-05-09T01:42:32.791+0000] {processor.py:161} INFO - Started process (PID=2224) to work on /opt/airflow/dags/newyork_fhv_silver.py
[2026-05-09T01:42:32.793+0000] {processor.py:830} INFO - Processing file /opt/airflow/dags/newyork_fhv_silver.py for tasks to queue
[2026-05-09T01:42:32.798+0000] {logging_mixin.py:188} INFO - [2026-05-09T01:42:32.797+0000] {dagbag.py:545} INFO - Filling up the DagBag from /opt/airflow/dags/newyork_fhv_silver.py
[2026-05-09T01:42:32.850+0000] {processor.py:840} INFO - DAG(s) 'newyork_fhv_silver' retrieved from /opt/airflow/dags/newyork_fhv_silver.py
[2026-05-09T01:42:32.883+0000] {logging_mixin.py:188} INFO - [2026-05-09T01:42:32.883+0000] {dag.py:3096} INFO - Sync 1 DAGs
[2026-05-09T01:42:32.903+0000] {logging_mixin.py:188} INFO - [2026-05-09T01:42:32.902+0000] {dag.py:3954} INFO - Setting next_dagrun for newyork_fhv_silver to None, run_after=None
[2026-05-09T01:42:32.933+0000] {processor.py:183} INFO - Processing /opt/airflow/dags/newyork_fhv_silver.py took 0.152 seconds
[2026-05-09T01:43:03.045+0000] {processor.py:161} INFO - Started process (PID=2235) to work on /opt/airflow/dags/newyork_fhv_silver.py
[2026-05-09T01:43:03.046+0000] {processor.py:830} INFO - Processing file /opt/airflow/dags/newyork_fhv_silver.py for tasks to queue
[2026-05-09T01:43:03.050+0000] {logging_mixin.py:188} INFO - [2026-05-09T01:43:03.050+0000] {dagbag.py:545} INFO - Filling up the DagBag from /opt/airflow/dags/newyork_fhv_silver.py
[2026-05-09T01:43:03.103+0000] {processor.py:840} INFO - DAG(s) 'newyork_fhv_silver' retrieved from /opt/airflow/dags/newyork_fhv_silver.py
[2026-05-09T01:43:03.137+0000] {logging_mixin.py:188} INFO - [2026-05-09T01:43:03.137+0000] {dag.py:3096} INFO - Sync 1 DAGs
[2026-05-09T01:43:03.358+0000] {logging_mixin.py:188} INFO - [2026-05-09T01:43:03.358+0000] {dag.py:3954} INFO - Setting next_dagrun for newyork_fhv_silver to None, run_after=None
[2026-05-09T01:43:03.400+0000] {processor.py:183} INFO - Processing /opt/airflow/dags/newyork_fhv_silver.py took 0.364 seconds
[2026-05-09T01:43:33.996+0000] {processor.py:161} INFO - Started process (PID=2246) to work on /opt/airflow/dags/newyork_fhv_silver.py
[2026-05-09T01:43:33.999+0000] {processor.py:830} INFO - Processing file /opt/airflow/dags/newyork_fhv_silver.py for tasks to queue
[2026-05-09T01:43:34.005+0000] {logging_mixin.py:188} INFO - [2026-05-09T01:43:34.002+0000] {dagbag.py:545} INFO - Filling up the DagBag from /opt/airflow/dags/newyork_fhv_silver.py
[2026-05-09T01:43:34.298+0000] {processor.py:840} INFO - DAG(s) 'newyork_fhv_silver' retrieved from /opt/airflow/dags/newyork_fhv_silver.py
[2026-05-09T01:43:34.318+0000] {logging_mixin.py:188} INFO - [2026-05-09T01:43:34.318+0000] {dag.py:3096} INFO - Sync 1 DAGs
[2026-05-09T01:43:34.332+0000] {logging_mixin.py:188} INFO - [2026-05-09T01:43:34.332+0000] {dag.py:3954} INFO - Setting next_dagrun for newyork_fhv_silver to None, run_after=None
[2026-05-09T01:43:34.357+0000] {processor.py:183} INFO - Processing /opt/airflow/dags/newyork_fhv_silver.py took 0.371 seconds
[2026-05-09T01:44:04.489+0000] {processor.py:161} INFO - Started process (PID=2257) to work on /opt/airflow/dags/newyork_fhv_silver.py
[2026-05-09T01:44:04.492+0000] {processor.py:830} INFO - Processing file /opt/airflow/dags/newyork_fhv_silver.py for tasks to queue
[2026-05-09T01:44:04.495+0000] {logging_mixin.py:188} INFO - [2026-05-09T01:44:04.495+0000] {dagbag.py:545} INFO - Filling up the DagBag from /opt/airflow/dags/newyork_fhv_silver.py
[2026-05-09T01:44:04.545+0000] {processor.py:840} INFO - DAG(s) 'newyork_fhv_silver' retrieved from /opt/airflow/dags/newyork_fhv_silver.py
[2026-05-09T01:44:04.569+0000] {logging_mixin.py:188} INFO - [2026-05-09T01:44:04.569+0000] {dag.py:3096} INFO - Sync 1 DAGs
[2026-05-09T01:44:04.585+0000] {logging_mixin.py:188} INFO - [2026-05-09T01:44:04.585+0000] {dag.py:3954} INFO - Setting next_dagrun for newyork_fhv_silver to None, run_after=None
[2026-05-09T01:44:04.612+0000] {processor.py:183} INFO - Processing /opt/airflow/dags/newyork_fhv_silver.py took 0.131 seconds
[2026-05-09T01:44:35.457+0000] {processor.py:161} INFO - Started process (PID=2268) to work on /opt/airflow/dags/newyork_fhv_silver.py
[2026-05-09T01:44:35.460+0000] {processor.py:830} INFO - Processing file /opt/airflow/dags/newyork_fhv_silver.py for tasks to queue
[2026-05-09T01:44:35.464+0000] {logging_mixin.py:188} INFO - [2026-05-09T01:44:35.463+0000] {dagbag.py:545} INFO - Filling up the DagBag from /opt/airflow/dags/newyork_fhv_silver.py
[2026-05-09T01:44:35.499+0000] {processor.py:840} INFO - DAG(s) 'newyork_fhv_silver' retrieved from /opt/airflow/dags/newyork_fhv_silver.py
[2026-05-09T01:44:35.525+0000] {logging_mixin.py:188} INFO - [2026-05-09T01:44:35.524+0000] {dag.py:3096} INFO - Sync 1 DAGs
[2026-05-09T01:44:35.540+0000] {logging_mixin.py:188} INFO - [2026-05-09T01:44:35.540+0000] {dag.py:3954} INFO - Setting next_dagrun for newyork_fhv_silver to None, run_after=None
[2026-05-09T01:44:35.570+0000] {processor.py:183} INFO - Processing /opt/airflow/dags/newyork_fhv_silver.py took 0.126 seconds
[2026-05-09T01:45:06.411+0000] {processor.py:161} INFO - Started process (PID=2285) to work on /opt/airflow/dags/newyork_fhv_silver.py
[2026-05-09T01:45:06.414+0000] {processor.py:830} INFO - Processing file /opt/airflow/dags/newyork_fhv_silver.py for tasks to queue
[2026-05-09T01:45:06.417+0000] {logging_mixin.py:188} INFO - [2026-05-09T01:45:06.417+0000] {dagbag.py:545} INFO - Filling up the DagBag from /opt/airflow/dags/newyork_fhv_silver.py
[2026-05-09T01:45:06.465+0000] {processor.py:840} INFO - DAG(s) 'newyork_fhv_silver' retrieved from /opt/airflow/dags/newyork_fhv_silver.py
[2026-05-09T01:45:06.492+0000] {logging_mixin.py:188} INFO - [2026-05-09T01:45:06.492+0000] {dag.py:3096} INFO - Sync 1 DAGs
[2026-05-09T01:45:06.507+0000] {logging_mixin.py:188} INFO - [2026-05-09T01:45:06.507+0000] {dag.py:3954} INFO - Setting next_dagrun for newyork_fhv_silver to None, run_after=None
[2026-05-09T01:45:06.534+0000] {processor.py:183} INFO - Processing /opt/airflow/dags/newyork_fhv_silver.py took 0.132 seconds
[2026-05-09T01:45:37.361+0000] {processor.py:161} INFO - Started process (PID=2296) to work on /opt/airflow/dags/newyork_fhv_silver.py
[2026-05-09T01:45:37.363+0000] {processor.py:830} INFO - Processing file /opt/airflow/dags/newyork_fhv_silver.py for tasks to queue
[2026-05-09T01:45:37.367+0000] {logging_mixin.py:188} INFO - [2026-05-09T01:45:37.366+0000] {dagbag.py:545} INFO - Filling up the DagBag from /opt/airflow/dags/newyork_fhv_silver.py
[2026-05-09T01:45:37.403+0000] {processor.py:840} INFO - DAG(s) 'newyork_fhv_silver' retrieved from /opt/airflow/dags/newyork_fhv_silver.py
[2026-05-09T01:45:37.429+0000] {logging_mixin.py:188} INFO - [2026-05-09T01:45:37.429+0000] {dag.py:3096} INFO - Sync 1 DAGs
[2026-05-09T01:45:37.447+0000] {logging_mixin.py:188} INFO - [2026-05-09T01:45:37.447+0000] {dag.py:3954} INFO - Setting next_dagrun for newyork_fhv_silver to None, run_after=None
[2026-05-09T01:45:37.478+0000] {processor.py:183} INFO - Processing /opt/airflow/dags/newyork_fhv_silver.py took 0.125 seconds
[2026-05-09T01:46:08.360+0000] {processor.py:161} INFO - Started process (PID=2307) to work on /opt/airflow/dags/newyork_fhv_silver.py
[2026-05-09T01:46:08.363+0000] {processor.py:830} INFO - Processing file /opt/airflow/dags/newyork_fhv_silver.py for tasks to queue
[2026-05-09T01:46:08.366+0000] {logging_mixin.py:188} INFO - [2026-05-09T01:46:08.366+0000] {dagbag.py:545} INFO - Filling up the DagBag from /opt/airflow/dags/newyork_fhv_silver.py
[2026-05-09T01:46:08.411+0000] {processor.py:840} INFO - DAG(s) 'newyork_fhv_silver' retrieved from /opt/airflow/dags/newyork_fhv_silver.py
[2026-05-09T01:46:08.436+0000] {logging_mixin.py:188} INFO - [2026-05-09T01:46:08.436+0000] {dag.py:3096} INFO - Sync 1 DAGs
[2026-05-09T01:46:08.452+0000] {logging_mixin.py:188} INFO - [2026-05-09T01:46:08.451+0000] {dag.py:3954} INFO - Setting next_dagrun for newyork_fhv_silver to None, run_after=None
[2026-05-09T01:46:08.479+0000] {processor.py:183} INFO - Processing /opt/airflow/dags/newyork_fhv_silver.py took 0.127 seconds
[2026-05-09T01:46:39.524+0000] {processor.py:161} INFO - Started process (PID=2318) to work on /opt/airflow/dags/newyork_fhv_silver.py
[2026-05-09T01:46:39.527+0000] {processor.py:830} INFO - Processing file /opt/airflow/dags/newyork_fhv_silver.py for tasks to queue
[2026-05-09T01:46:39.533+0000] {logging_mixin.py:188} INFO - [2026-05-09T01:46:39.532+0000] {dagbag.py:545} INFO - Filling up the DagBag from /opt/airflow/dags/newyork_fhv_silver.py
[2026-05-09T01:46:39.577+0000] {processor.py:840} INFO - DAG(s) 'newyork_fhv_silver' retrieved from /opt/airflow/dags/newyork_fhv_silver.py
[2026-05-09T01:46:39.613+0000] {logging_mixin.py:188} INFO - [2026-05-09T01:46:39.613+0000] {dag.py:3096} INFO - Sync 1 DAGs
[2026-05-09T01:46:39.629+0000] {logging_mixin.py:188} INFO - [2026-05-09T01:46:39.629+0000] {dag.py:3954} INFO - Setting next_dagrun for newyork_fhv_silver to None, run_after=None
[2026-05-09T01:46:39.655+0000] {processor.py:183} INFO - Processing /opt/airflow/dags/newyork_fhv_silver.py took 0.139 seconds
[2026-05-09T01:47:09.782+0000] {processor.py:161} INFO - Started process (PID=2329) to work on /opt/airflow/dags/newyork_fhv_silver.py
[2026-05-09T01:47:09.784+0000] {processor.py:830} INFO - Processing file /opt/airflow/dags/newyork_fhv_silver.py for tasks to queue
[2026-05-09T01:47:09.787+0000] {logging_mixin.py:188} INFO - [2026-05-09T01:47:09.787+0000] {dagbag.py:545} INFO - Filling up the DagBag from /opt/airflow/dags/newyork_fhv_silver.py
[2026-05-09T01:47:09.830+0000] {processor.py:840} INFO - DAG(s) 'newyork_fhv_silver' retrieved from /opt/airflow/dags/newyork_fhv_silver.py
[2026-05-09T01:47:09.867+0000] {logging_mixin.py:188} INFO - [2026-05-09T01:47:09.867+0000] {dag.py:3096} INFO - Sync 1 DAGs
[2026-05-09T01:47:09.895+0000] {logging_mixin.py:188} INFO - [2026-05-09T01:47:09.894+0000] {dag.py:3954} INFO - Setting next_dagrun for newyork_fhv_silver to None, run_after=None
[2026-05-09T01:47:09.943+0000] {processor.py:183} INFO - Processing /opt/airflow/dags/newyork_fhv_silver.py took 0.173 seconds
[2026-05-09T01:47:40.156+0000] {processor.py:161} INFO - Started process (PID=2340) to work on /opt/airflow/dags/newyork_fhv_silver.py
[2026-05-09T01:47:40.158+0000] {processor.py:830} INFO - Processing file /opt/airflow/dags/newyork_fhv_silver.py for tasks to queue
[2026-05-09T01:47:40.161+0000] {logging_mixin.py:188} INFO - [2026-05-09T01:47:40.161+0000] {dagbag.py:545} INFO - Filling up the DagBag from /opt/airflow/dags/newyork_fhv_silver.py
[2026-05-09T01:47:40.240+0000] {processor.py:840} INFO - DAG(s) 'newyork_fhv_silver' retrieved from /opt/airflow/dags/newyork_fhv_silver.py
[2026-05-09T01:47:40.277+0000] {logging_mixin.py:188} INFO - [2026-05-09T01:47:40.277+0000] {dag.py:3096} INFO - Sync 1 DAGs
[2026-05-09T01:47:40.298+0000] {logging_mixin.py:188} INFO - [2026-05-09T01:47:40.297+0000] {dag.py:3954} INFO - Setting next_dagrun for newyork_fhv_silver to None, run_after=None
[2026-05-09T01:47:40.331+0000] {processor.py:183} INFO - Processing /opt/airflow/dags/newyork_fhv_silver.py took 0.183 seconds
[2026-05-09T01:48:10.535+0000] {processor.py:161} INFO - Started process (PID=2351) to work on /opt/airflow/dags/newyork_fhv_silver.py
[2026-05-09T01:48:10.538+0000] {processor.py:830} INFO - Processing file /opt/airflow/dags/newyork_fhv_silver.py for tasks to queue
[2026-05-09T01:48:10.544+0000] {logging_mixin.py:188} INFO - [2026-05-09T01:48:10.543+0000] {dagbag.py:545} INFO - Filling up the DagBag from /opt/airflow/dags/newyork_fhv_silver.py
[2026-05-09T01:48:10.611+0000] {processor.py:840} INFO - DAG(s) 'newyork_fhv_silver' retrieved from /opt/airflow/dags/newyork_fhv_silver.py
[2026-05-09T01:48:10.648+0000] {logging_mixin.py:188} INFO - [2026-05-09T01:48:10.648+0000] {dag.py:3096} INFO - Sync 1 DAGs
[2026-05-09T01:48:10.671+0000] {logging_mixin.py:188} INFO - [2026-05-09T01:48:10.671+0000] {dag.py:3954} INFO - Setting next_dagrun for newyork_fhv_silver to None, run_after=None
[2026-05-09T01:48:10.719+0000] {processor.py:183} INFO - Processing /opt/airflow/dags/newyork_fhv_silver.py took 0.194 seconds
[2026-05-09T01:48:41.161+0000] {processor.py:161} INFO - Started process (PID=2362) to work on /opt/airflow/dags/newyork_fhv_silver.py
[2026-05-09T01:48:41.163+0000] {processor.py:830} INFO - Processing file /opt/airflow/dags/newyork_fhv_silver.py for tasks to queue
[2026-05-09T01:48:41.167+0000] {logging_mixin.py:188} INFO - [2026-05-09T01:48:41.166+0000] {dagbag.py:545} INFO - Filling up the DagBag from /opt/airflow/dags/newyork_fhv_silver.py
[2026-05-09T01:48:41.216+0000] {processor.py:840} INFO - DAG(s) 'newyork_fhv_silver' retrieved from /opt/airflow/dags/newyork_fhv_silver.py
[2026-05-09T01:48:41.257+0000] {logging_mixin.py:188} INFO - [2026-05-09T01:48:41.257+0000] {dag.py:3096} INFO - Sync 1 DAGs
[2026-05-09T01:48:41.274+0000] {logging_mixin.py:188} INFO - [2026-05-09T01:48:41.274+0000] {dag.py:3954} INFO - Setting next_dagrun for newyork_fhv_silver to None, run_after=None
[2026-05-09T01:48:41.305+0000] {processor.py:183} INFO - Processing /opt/airflow/dags/newyork_fhv_silver.py took 0.155 seconds
[2026-05-09T01:49:11.574+0000] {processor.py:161} INFO - Started process (PID=2373) to work on /opt/airflow/dags/newyork_fhv_silver.py
[2026-05-09T01:49:11.576+0000] {processor.py:830} INFO - Processing file /opt/airflow/dags/newyork_fhv_silver.py for tasks to queue
[2026-05-09T01:49:11.581+0000] {logging_mixin.py:188} INFO - [2026-05-09T01:49:11.580+0000] {dagbag.py:545} INFO - Filling up the DagBag from /opt/airflow/dags/newyork_fhv_silver.py
[2026-05-09T01:49:11.632+0000] {processor.py:840} INFO - DAG(s) 'newyork_fhv_silver' retrieved from /opt/airflow/dags/newyork_fhv_silver.py
[2026-05-09T01:49:11.671+0000] {logging_mixin.py:188} INFO - [2026-05-09T01:49:11.670+0000] {dag.py:3096} INFO - Sync 1 DAGs
[2026-05-09T01:49:11.688+0000] {logging_mixin.py:188} INFO - [2026-05-09T01:49:11.688+0000] {dag.py:3954} INFO - Setting next_dagrun for newyork_fhv_silver to None, run_after=None
[2026-05-09T01:49:11.722+0000] {processor.py:183} INFO - Processing /opt/airflow/dags/newyork_fhv_silver.py took 0.161 seconds
[2026-05-09T01:49:42.715+0000] {processor.py:161} INFO - Started process (PID=2384) to work on /opt/airflow/dags/newyork_fhv_silver.py
[2026-05-09T01:49:42.717+0000] {processor.py:830} INFO - Processing file /opt/airflow/dags/newyork_fhv_silver.py for tasks to queue
[2026-05-09T01:49:42.723+0000] {logging_mixin.py:188} INFO - [2026-05-09T01:49:42.722+0000] {dagbag.py:545} INFO - Filling up the DagBag from /opt/airflow/dags/newyork_fhv_silver.py
[2026-05-09T01:49:42.768+0000] {processor.py:840} INFO - DAG(s) 'newyork_fhv_silver' retrieved from /opt/airflow/dags/newyork_fhv_silver.py
[2026-05-09T01:49:42.801+0000] {logging_mixin.py:188} INFO - [2026-05-09T01:49:42.801+0000] {dag.py:3096} INFO - Sync 1 DAGs
[2026-05-09T01:49:42.820+0000] {logging_mixin.py:188} INFO - [2026-05-09T01:49:42.820+0000] {dag.py:3954} INFO - Setting next_dagrun for newyork_fhv_silver to None, run_after=None
[2026-05-09T01:49:42.857+0000] {processor.py:183} INFO - Processing /opt/airflow/dags/newyork_fhv_silver.py took 0.149 seconds
[2026-05-09T01:50:13.057+0000] {processor.py:161} INFO - Started process (PID=2395) to work on /opt/airflow/dags/newyork_fhv_silver.py
[2026-05-09T01:50:13.060+0000] {processor.py:830} INFO - Processing file /opt/airflow/dags/newyork_fhv_silver.py for tasks to queue
[2026-05-09T01:50:13.064+0000] {logging_mixin.py:188} INFO - [2026-05-09T01:50:13.063+0000] {dagbag.py:545} INFO - Filling up the DagBag from /opt/airflow/dags/newyork_fhv_silver.py
[2026-05-09T01:50:13.133+0000] {processor.py:840} INFO - DAG(s) 'newyork_fhv_silver' retrieved from /opt/airflow/dags/newyork_fhv_silver.py
[2026-05-09T01:50:13.172+0000] {logging_mixin.py:188} INFO - [2026-05-09T01:50:13.172+0000] {dag.py:3096} INFO - Sync 1 DAGs
[2026-05-09T01:50:13.193+0000] {logging_mixin.py:188} INFO - [2026-05-09T01:50:13.192+0000] {dag.py:3954} INFO - Setting next_dagrun for newyork_fhv_silver to None, run_after=None
[2026-05-09T01:50:13.229+0000] {processor.py:183} INFO - Processing /opt/airflow/dags/newyork_fhv_silver.py took 0.187 seconds
[2026-05-09T01:50:43.434+0000] {processor.py:161} INFO - Started process (PID=2406) to work on /opt/airflow/dags/newyork_fhv_silver.py
[2026-05-09T01:50:43.436+0000] {processor.py:830} INFO - Processing file /opt/airflow/dags/newyork_fhv_silver.py for tasks to queue
[2026-05-09T01:50:43.441+0000] {logging_mixin.py:188} INFO - [2026-05-09T01:50:43.440+0000] {dagbag.py:545} INFO - Filling up the DagBag from /opt/airflow/dags/newyork_fhv_silver.py
[2026-05-09T01:50:43.493+0000] {processor.py:840} INFO - DAG(s) 'newyork_fhv_silver' retrieved from /opt/airflow/dags/newyork_fhv_silver.py
[2026-05-09T01:50:43.521+0000] {logging_mixin.py:188} INFO - [2026-05-09T01:50:43.521+0000] {dag.py:3096} INFO - Sync 1 DAGs
[2026-05-09T01:50:43.546+0000] {logging_mixin.py:188} INFO - [2026-05-09T01:50:43.546+0000] {dag.py:3954} INFO - Setting next_dagrun for newyork_fhv_silver to None, run_after=None
[2026-05-09T01:50:43.590+0000] {processor.py:183} INFO - Processing /opt/airflow/dags/newyork_fhv_silver.py took 0.167 seconds
[2026-05-09T01:51:13.728+0000] {processor.py:161} INFO - Started process (PID=2417) to work on /opt/airflow/dags/newyork_fhv_silver.py
[2026-05-09T01:51:13.730+0000] {processor.py:830} INFO - Processing file /opt/airflow/dags/newyork_fhv_silver.py for tasks to queue
[2026-05-09T01:51:13.735+0000] {logging_mixin.py:188} INFO - [2026-05-09T01:51:13.734+0000] {dagbag.py:545} INFO - Filling up the DagBag from /opt/airflow/dags/newyork_fhv_silver.py
[2026-05-09T01:51:13.797+0000] {processor.py:840} INFO - DAG(s) 'newyork_fhv_silver' retrieved from /opt/airflow/dags/newyork_fhv_silver.py
[2026-05-09T01:51:13.835+0000] {logging_mixin.py:188} INFO - [2026-05-09T01:51:13.834+0000] {dag.py:3096} INFO - Sync 1 DAGs
[2026-05-09T01:51:13.867+0000] {logging_mixin.py:188} INFO - [2026-05-09T01:51:13.867+0000] {dag.py:3954} INFO - Setting next_dagrun for newyork_fhv_silver to None, run_after=None
[2026-05-09T01:51:13.916+0000] {processor.py:183} INFO - Processing /opt/airflow/dags/newyork_fhv_silver.py took 0.198 seconds
[2026-05-09T01:51:44.151+0000] {processor.py:161} INFO - Started process (PID=2428) to work on /opt/airflow/dags/newyork_fhv_silver.py
[2026-05-09T01:51:44.154+0000] {processor.py:830} INFO - Processing file /opt/airflow/dags/newyork_fhv_silver.py for tasks to queue
[2026-05-09T01:51:44.158+0000] {logging_mixin.py:188} INFO - [2026-05-09T01:51:44.157+0000] {dagbag.py:545} INFO - Filling up the DagBag from /opt/airflow/dags/newyork_fhv_silver.py
[2026-05-09T01:51:44.208+0000] {processor.py:840} INFO - DAG(s) 'newyork_fhv_silver' retrieved from /opt/airflow/dags/newyork_fhv_silver.py
[2026-05-09T01:51:44.243+0000] {logging_mixin.py:188} INFO - [2026-05-09T01:51:44.243+0000] {dag.py:3096} INFO - Sync 1 DAGs
[2026-05-09T01:51:44.262+0000] {logging_mixin.py:188} INFO - [2026-05-09T01:51:44.262+0000] {dag.py:3954} INFO - Setting next_dagrun for newyork_fhv_silver to None, run_after=None
[2026-05-09T01:51:44.300+0000] {processor.py:183} INFO - Processing /opt/airflow/dags/newyork_fhv_silver.py took 0.162 seconds
[2026-05-09T01:52:14.469+0000] {processor.py:161} INFO - Started process (PID=2439) to work on /opt/airflow/dags/newyork_fhv_silver.py
[2026-05-09T01:52:14.471+0000] {processor.py:830} INFO - Processing file /opt/airflow/dags/newyork_fhv_silver.py for tasks to queue
[2026-05-09T01:52:14.474+0000] {logging_mixin.py:188} INFO - [2026-05-09T01:52:14.473+0000] {dagbag.py:545} INFO - Filling up the DagBag from /opt/airflow/dags/newyork_fhv_silver.py
[2026-05-09T01:52:14.512+0000] {processor.py:840} INFO - DAG(s) 'newyork_fhv_silver' retrieved from /opt/airflow/dags/newyork_fhv_silver.py
[2026-05-09T01:52:14.543+0000] {logging_mixin.py:188} INFO - [2026-05-09T01:52:14.542+0000] {dag.py:3096} INFO - Sync 1 DAGs
[2026-05-09T01:52:14.568+0000] {logging_mixin.py:188} INFO - [2026-05-09T01:52:14.568+0000] {dag.py:3954} INFO - Setting next_dagrun for newyork_fhv_silver to None, run_after=None
[2026-05-09T01:52:14.607+0000] {processor.py:183} INFO - Processing /opt/airflow/dags/newyork_fhv_silver.py took 0.148 seconds
[2026-05-09T01:52:45.492+0000] {processor.py:161} INFO - Started process (PID=2450) to work on /opt/airflow/dags/newyork_fhv_silver.py
[2026-05-09T01:52:45.495+0000] {processor.py:830} INFO - Processing file /opt/airflow/dags/newyork_fhv_silver.py for tasks to queue
[2026-05-09T01:52:45.500+0000] {logging_mixin.py:188} INFO - [2026-05-09T01:52:45.499+0000] {dagbag.py:545} INFO - Filling up the DagBag from /opt/airflow/dags/newyork_fhv_silver.py
[2026-05-09T01:52:45.536+0000] {processor.py:840} INFO - DAG(s) 'newyork_fhv_silver' retrieved from /opt/airflow/dags/newyork_fhv_silver.py
[2026-05-09T01:52:45.568+0000] {logging_mixin.py:188} INFO - [2026-05-09T01:52:45.567+0000] {dag.py:3096} INFO - Sync 1 DAGs
[2026-05-09T01:52:45.590+0000] {logging_mixin.py:188} INFO - [2026-05-09T01:52:45.589+0000] {dag.py:3954} INFO - Setting next_dagrun for newyork_fhv_silver to None, run_after=None
[2026-05-09T01:52:45.630+0000] {processor.py:183} INFO - Processing /opt/airflow/dags/newyork_fhv_silver.py took 0.150 seconds
[2026-05-09T01:53:15.908+0000] {processor.py:161} INFO - Started process (PID=2461) to work on /opt/airflow/dags/newyork_fhv_silver.py
[2026-05-09T01:53:15.911+0000] {processor.py:830} INFO - Processing file /opt/airflow/dags/newyork_fhv_silver.py for tasks to queue
[2026-05-09T01:53:15.915+0000] {logging_mixin.py:188} INFO - [2026-05-09T01:53:15.915+0000] {dagbag.py:545} INFO - Filling up the DagBag from /opt/airflow/dags/newyork_fhv_silver.py
[2026-05-09T01:53:15.963+0000] {processor.py:840} INFO - DAG(s) 'newyork_fhv_silver' retrieved from /opt/airflow/dags/newyork_fhv_silver.py
[2026-05-09T01:53:15.999+0000] {logging_mixin.py:188} INFO - [2026-05-09T01:53:15.998+0000] {dag.py:3096} INFO - Sync 1 DAGs
[2026-05-09T01:53:16.019+0000] {logging_mixin.py:188} INFO - [2026-05-09T01:53:16.018+0000] {dag.py:3954} INFO - Setting next_dagrun for newyork_fhv_silver to None, run_after=None
[2026-05-09T01:53:16.055+0000] {processor.py:183} INFO - Processing /opt/airflow/dags/newyork_fhv_silver.py took 0.156 seconds
[2026-05-09T01:53:46.292+0000] {processor.py:161} INFO - Started process (PID=2472) to work on /opt/airflow/dags/newyork_fhv_silver.py
[2026-05-09T01:53:46.293+0000] {processor.py:830} INFO - Processing file /opt/airflow/dags/newyork_fhv_silver.py for tasks to queue
[2026-05-09T01:53:46.297+0000] {logging_mixin.py:188} INFO - [2026-05-09T01:53:46.297+0000] {dagbag.py:545} INFO - Filling up the DagBag from /opt/airflow/dags/newyork_fhv_silver.py
[2026-05-09T01:53:46.333+0000] {processor.py:840} INFO - DAG(s) 'newyork_fhv_silver' retrieved from /opt/airflow/dags/newyork_fhv_silver.py
[2026-05-09T01:53:46.362+0000] {logging_mixin.py:188} INFO - [2026-05-09T01:53:46.361+0000] {dag.py:3096} INFO - Sync 1 DAGs
[2026-05-09T01:53:46.378+0000] {logging_mixin.py:188} INFO - [2026-05-09T01:53:46.377+0000] {dag.py:3954} INFO - Setting next_dagrun for newyork_fhv_silver to None, run_after=None
[2026-05-09T01:53:46.405+0000] {processor.py:183} INFO - Processing /opt/airflow/dags/newyork_fhv_silver.py took 0.124 seconds
[2026-05-09T01:54:16.841+0000] {processor.py:161} INFO - Started process (PID=2483) to work on /opt/airflow/dags/newyork_fhv_silver.py
[2026-05-09T01:54:16.844+0000] {processor.py:830} INFO - Processing file /opt/airflow/dags/newyork_fhv_silver.py for tasks to queue
[2026-05-09T01:54:16.848+0000] {logging_mixin.py:188} INFO - [2026-05-09T01:54:16.847+0000] {dagbag.py:545} INFO - Filling up the DagBag from /opt/airflow/dags/newyork_fhv_silver.py
[2026-05-09T01:54:16.898+0000] {processor.py:840} INFO - DAG(s) 'newyork_fhv_silver' retrieved from /opt/airflow/dags/newyork_fhv_silver.py
[2026-05-09T01:54:16.928+0000] {logging_mixin.py:188} INFO - [2026-05-09T01:54:16.928+0000] {dag.py:3096} INFO - Sync 1 DAGs
[2026-05-09T01:54:16.946+0000] {logging_mixin.py:188} INFO - [2026-05-09T01:54:16.946+0000] {dag.py:3954} INFO - Setting next_dagrun for newyork_fhv_silver to None, run_after=None
[2026-05-09T01:54:16.979+0000] {processor.py:183} INFO - Processing /opt/airflow/dags/newyork_fhv_silver.py took 0.149 seconds
[2026-05-09T01:54:47.098+0000] {processor.py:161} INFO - Started process (PID=2494) to work on /opt/airflow/dags/newyork_fhv_silver.py
[2026-05-09T01:54:47.101+0000] {processor.py:830} INFO - Processing file /opt/airflow/dags/newyork_fhv_silver.py for tasks to queue
[2026-05-09T01:54:47.106+0000] {logging_mixin.py:188} INFO - [2026-05-09T01:54:47.105+0000] {dagbag.py:545} INFO - Filling up the DagBag from /opt/airflow/dags/newyork_fhv_silver.py
[2026-05-09T01:54:47.160+0000] {processor.py:840} INFO - DAG(s) 'newyork_fhv_silver' retrieved from /opt/airflow/dags/newyork_fhv_silver.py
[2026-05-09T01:54:47.193+0000] {logging_mixin.py:188} INFO - [2026-05-09T01:54:47.193+0000] {dag.py:3096} INFO - Sync 1 DAGs
[2026-05-09T01:54:47.211+0000] {logging_mixin.py:188} INFO - [2026-05-09T01:54:47.211+0000] {dag.py:3954} INFO - Setting next_dagrun for newyork_fhv_silver to None, run_after=None
[2026-05-09T01:54:47.245+0000] {processor.py:183} INFO - Processing /opt/airflow/dags/newyork_fhv_silver.py took 0.158 seconds
[2026-05-09T01:55:17.673+0000] {processor.py:161} INFO - Started process (PID=2505) to work on /opt/airflow/dags/newyork_fhv_silver.py
[2026-05-09T01:55:17.676+0000] {processor.py:830} INFO - Processing file /opt/airflow/dags/newyork_fhv_silver.py for tasks to queue
[2026-05-09T01:55:17.681+0000] {logging_mixin.py:188} INFO - [2026-05-09T01:55:17.680+0000] {dagbag.py:545} INFO - Filling up the DagBag from /opt/airflow/dags/newyork_fhv_silver.py
[2026-05-09T01:55:17.724+0000] {processor.py:840} INFO - DAG(s) 'newyork_fhv_silver' retrieved from /opt/airflow/dags/newyork_fhv_silver.py
[2026-05-09T01:55:17.756+0000] {logging_mixin.py:188} INFO - [2026-05-09T01:55:17.755+0000] {dag.py:3096} INFO - Sync 1 DAGs
[2026-05-09T01:55:17.779+0000] {logging_mixin.py:188} INFO - [2026-05-09T01:55:17.778+0000] {dag.py:3954} INFO - Setting next_dagrun for newyork_fhv_silver to None, run_after=None
[2026-05-09T01:55:17.813+0000] {processor.py:183} INFO - Processing /opt/airflow/dags/newyork_fhv_silver.py took 0.148 seconds
[2026-05-09T01:55:48.089+0000] {processor.py:161} INFO - Started process (PID=2516) to work on /opt/airflow/dags/newyork_fhv_silver.py
[2026-05-09T01:55:48.092+0000] {processor.py:830} INFO - Processing file /opt/airflow/dags/newyork_fhv_silver.py for tasks to queue
[2026-05-09T01:55:48.095+0000] {logging_mixin.py:188} INFO - [2026-05-09T01:55:48.095+0000] {dagbag.py:545} INFO - Filling up the DagBag from /opt/airflow/dags/newyork_fhv_silver.py
[2026-05-09T01:55:48.125+0000] {processor.py:840} INFO - DAG(s) 'newyork_fhv_silver' retrieved from /opt/airflow/dags/newyork_fhv_silver.py
[2026-05-09T01:55:48.162+0000] {logging_mixin.py:188} INFO - [2026-05-09T01:55:48.162+0000] {dag.py:3096} INFO - Sync 1 DAGs
[2026-05-09T01:55:48.183+0000] {logging_mixin.py:188} INFO - [2026-05-09T01:55:48.182+0000] {dag.py:3954} INFO - Setting next_dagrun for newyork_fhv_silver to None, run_after=None
[2026-05-09T01:55:48.210+0000] {processor.py:183} INFO - Processing /opt/airflow/dags/newyork_fhv_silver.py took 0.130 seconds
[2026-05-09T01:56:18.496+0000] {processor.py:161} INFO - Started process (PID=2527) to work on /opt/airflow/dags/newyork_fhv_silver.py
[2026-05-09T01:56:18.499+0000] {processor.py:830} INFO - Processing file /opt/airflow/dags/newyork_fhv_silver.py for tasks to queue
[2026-05-09T01:56:18.503+0000] {logging_mixin.py:188} INFO - [2026-05-09T01:56:18.502+0000] {dagbag.py:545} INFO - Filling up the DagBag from /opt/airflow/dags/newyork_fhv_silver.py
[2026-05-09T01:56:18.557+0000] {processor.py:840} INFO - DAG(s) 'newyork_fhv_silver' retrieved from /opt/airflow/dags/newyork_fhv_silver.py
[2026-05-09T01:56:18.590+0000] {logging_mixin.py:188} INFO - [2026-05-09T01:56:18.590+0000] {dag.py:3096} INFO - Sync 1 DAGs
[2026-05-09T01:56:18.610+0000] {logging_mixin.py:188} INFO - [2026-05-09T01:56:18.610+0000] {dag.py:3954} INFO - Setting next_dagrun for newyork_fhv_silver to None, run_after=None
[2026-05-09T01:56:18.654+0000] {processor.py:183} INFO - Processing /opt/airflow/dags/newyork_fhv_silver.py took 0.171 seconds
[2026-05-09T01:56:48.803+0000] {processor.py:161} INFO - Started process (PID=2538) to work on /opt/airflow/dags/newyork_fhv_silver.py
[2026-05-09T01:56:48.806+0000] {processor.py:830} INFO - Processing file /opt/airflow/dags/newyork_fhv_silver.py for tasks to queue
[2026-05-09T01:56:48.812+0000] {logging_mixin.py:188} INFO - [2026-05-09T01:56:48.811+0000] {dagbag.py:545} INFO - Filling up the DagBag from /opt/airflow/dags/newyork_fhv_silver.py
[2026-05-09T01:56:48.872+0000] {processor.py:840} INFO - DAG(s) 'newyork_fhv_silver' retrieved from /opt/airflow/dags/newyork_fhv_silver.py
[2026-05-09T01:56:48.911+0000] {logging_mixin.py:188} INFO - [2026-05-09T01:56:48.911+0000] {dag.py:3096} INFO - Sync 1 DAGs
[2026-05-09T01:56:48.944+0000] {logging_mixin.py:188} INFO - [2026-05-09T01:56:48.943+0000] {dag.py:3954} INFO - Setting next_dagrun for newyork_fhv_silver to None, run_after=None
[2026-05-09T01:56:48.989+0000] {processor.py:183} INFO - Processing /opt/airflow/dags/newyork_fhv_silver.py took 0.202 seconds
[2026-05-09T01:57:19.228+0000] {processor.py:161} INFO - Started process (PID=2549) to work on /opt/airflow/dags/newyork_fhv_silver.py
[2026-05-09T01:57:21.888+0000] {processor.py:830} INFO - Processing file /opt/airflow/dags/newyork_fhv_silver.py for tasks to queue
[2026-05-09T01:57:21.896+0000] {logging_mixin.py:188} INFO - [2026-05-09T01:57:21.895+0000] {dagbag.py:545} INFO - Filling up the DagBag from /opt/airflow/dags/newyork_fhv_silver.py
[2026-05-09T01:57:21.944+0000] {processor.py:840} INFO - DAG(s) 'newyork_fhv_silver' retrieved from /opt/airflow/dags/newyork_fhv_silver.py
[2026-05-09T01:57:21.975+0000] {logging_mixin.py:188} INFO - [2026-05-09T01:57:21.975+0000] {dag.py:3096} INFO - Sync 1 DAGs
[2026-05-09T01:57:21.994+0000] {logging_mixin.py:188} INFO - [2026-05-09T01:57:21.993+0000] {dag.py:3954} INFO - Setting next_dagrun for newyork_fhv_silver to None, run_after=None
[2026-05-09T01:57:22.148+0000] {processor.py:183} INFO - Processing /opt/airflow/dags/newyork_fhv_silver.py took 2.928 seconds
[2026-05-09T01:57:53.022+0000] {processor.py:161} INFO - Started process (PID=2560) to work on /opt/airflow/dags/newyork_fhv_silver.py
[2026-05-09T01:57:53.024+0000] {processor.py:830} INFO - Processing file /opt/airflow/dags/newyork_fhv_silver.py for tasks to queue
[2026-05-09T01:57:53.027+0000] {logging_mixin.py:188} INFO - [2026-05-09T01:57:53.027+0000] {dagbag.py:545} INFO - Filling up the DagBag from /opt/airflow/dags/newyork_fhv_silver.py
[2026-05-09T01:57:53.063+0000] {processor.py:840} INFO - DAG(s) 'newyork_fhv_silver' retrieved from /opt/airflow/dags/newyork_fhv_silver.py
[2026-05-09T01:57:53.090+0000] {logging_mixin.py:188} INFO - [2026-05-09T01:57:53.089+0000] {dag.py:3096} INFO - Sync 1 DAGs
[2026-05-09T01:57:53.106+0000] {logging_mixin.py:188} INFO - [2026-05-09T01:57:53.106+0000] {dag.py:3954} INFO - Setting next_dagrun for newyork_fhv_silver to None, run_after=None
[2026-05-09T01:57:53.138+0000] {processor.py:183} INFO - Processing /opt/airflow/dags/newyork_fhv_silver.py took 0.129 seconds
[2026-05-09T01:58:24.144+0000] {processor.py:161} INFO - Started process (PID=2571) to work on /opt/airflow/dags/newyork_fhv_silver.py
[2026-05-09T01:58:24.147+0000] {processor.py:830} INFO - Processing file /opt/airflow/dags/newyork_fhv_silver.py for tasks to queue
[2026-05-09T01:58:24.150+0000] {logging_mixin.py:188} INFO - [2026-05-09T01:58:24.149+0000] {dagbag.py:545} INFO - Filling up the DagBag from /opt/airflow/dags/newyork_fhv_silver.py
[2026-05-09T01:58:24.182+0000] {processor.py:840} INFO - DAG(s) 'newyork_fhv_silver' retrieved from /opt/airflow/dags/newyork_fhv_silver.py
[2026-05-09T01:58:24.206+0000] {logging_mixin.py:188} INFO - [2026-05-09T01:58:24.206+0000] {dag.py:3096} INFO - Sync 1 DAGs
[2026-05-09T01:58:24.223+0000] {logging_mixin.py:188} INFO - [2026-05-09T01:58:24.223+0000] {dag.py:3954} INFO - Setting next_dagrun for newyork_fhv_silver to None, run_after=None
[2026-05-09T01:58:24.252+0000] {processor.py:183} INFO - Processing /opt/airflow/dags/newyork_fhv_silver.py took 0.116 seconds
[2026-05-09T01:58:54.480+0000] {processor.py:161} INFO - Started process (PID=2583) to work on /opt/airflow/dags/newyork_fhv_silver.py
[2026-05-09T01:58:54.482+0000] {processor.py:830} INFO - Processing file /opt/airflow/dags/newyork_fhv_silver.py for tasks to queue
[2026-05-09T01:58:54.485+0000] {logging_mixin.py:188} INFO - [2026-05-09T01:58:54.485+0000] {dagbag.py:545} INFO - Filling up the DagBag from /opt/airflow/dags/newyork_fhv_silver.py
[2026-05-09T01:58:54.525+0000] {processor.py:840} INFO - DAG(s) 'newyork_fhv_silver' retrieved from /opt/airflow/dags/newyork_fhv_silver.py
[2026-05-09T01:58:54.550+0000] {logging_mixin.py:188} INFO - [2026-05-09T01:58:54.550+0000] {dag.py:3096} INFO - Sync 1 DAGs
[2026-05-09T01:58:54.566+0000] {logging_mixin.py:188} INFO - [2026-05-09T01:58:54.566+0000] {dag.py:3954} INFO - Setting next_dagrun for newyork_fhv_silver to None, run_after=None
[2026-05-09T01:58:54.598+0000] {processor.py:183} INFO - Processing /opt/airflow/dags/newyork_fhv_silver.py took 0.126 seconds
[2026-05-09T01:59:25.046+0000] {processor.py:161} INFO - Started process (PID=2594) to work on /opt/airflow/dags/newyork_fhv_silver.py
[2026-05-09T01:59:25.051+0000] {processor.py:830} INFO - Processing file /opt/airflow/dags/newyork_fhv_silver.py for tasks to queue
[2026-05-09T01:59:25.055+0000] {logging_mixin.py:188} INFO - [2026-05-09T01:59:25.054+0000] {dagbag.py:545} INFO - Filling up the DagBag from /opt/airflow/dags/newyork_fhv_silver.py
[2026-05-09T01:59:25.092+0000] {processor.py:840} INFO - DAG(s) 'newyork_fhv_silver' retrieved from /opt/airflow/dags/newyork_fhv_silver.py
[2026-05-09T01:59:25.127+0000] {logging_mixin.py:188} INFO - [2026-05-09T01:59:25.127+0000] {dag.py:3096} INFO - Sync 1 DAGs
[2026-05-09T01:59:25.151+0000] {logging_mixin.py:188} INFO - [2026-05-09T01:59:25.150+0000] {dag.py:3954} INFO - Setting next_dagrun for newyork_fhv_silver to None, run_after=None
[2026-05-09T01:59:25.185+0000] {processor.py:183} INFO - Processing /opt/airflow/dags/newyork_fhv_silver.py took 0.148 seconds
[2026-05-09T02:00:19.323+0000] {processor.py:161} INFO - Started process (PID=2605) to work on /opt/airflow/dags/newyork_fhv_silver.py
[2026-05-09T02:00:19.328+0000] {processor.py:830} INFO - Processing file /opt/airflow/dags/newyork_fhv_silver.py for tasks to queue
[2026-05-09T02:00:19.337+0000] {logging_mixin.py:188} INFO - [2026-05-09T02:00:19.337+0000] {dagbag.py:545} INFO - Filling up the DagBag from /opt/airflow/dags/newyork_fhv_silver.py
[2026-05-09T02:00:19.545+0000] {processor.py:840} INFO - DAG(s) 'newyork_fhv_silver' retrieved from /opt/airflow/dags/newyork_fhv_silver.py
[2026-05-09T02:00:19.571+0000] {logging_mixin.py:188} INFO - [2026-05-09T02:00:19.571+0000] {dag.py:3096} INFO - Sync 1 DAGs
[2026-05-09T02:00:19.591+0000] {logging_mixin.py:188} INFO - [2026-05-09T02:00:19.590+0000] {dag.py:3954} INFO - Setting next_dagrun for newyork_fhv_silver to None, run_after=None
[2026-05-09T02:00:19.625+0000] {processor.py:183} INFO - Processing /opt/airflow/dags/newyork_fhv_silver.py took 0.308 seconds
[2026-05-09T02:00:49.950+0000] {processor.py:161} INFO - Started process (PID=2616) to work on /opt/airflow/dags/newyork_fhv_silver.py
[2026-05-09T02:00:49.953+0000] {processor.py:830} INFO - Processing file /opt/airflow/dags/newyork_fhv_silver.py for tasks to queue
[2026-05-09T02:00:49.955+0000] {logging_mixin.py:188} INFO - [2026-05-09T02:00:49.954+0000] {dagbag.py:545} INFO - Filling up the DagBag from /opt/airflow/dags/newyork_fhv_silver.py
[2026-05-09T02:00:49.979+0000] {processor.py:840} INFO - DAG(s) 'newyork_fhv_silver' retrieved from /opt/airflow/dags/newyork_fhv_silver.py
[2026-05-09T02:00:50.000+0000] {logging_mixin.py:188} INFO - [2026-05-09T02:00:50.000+0000] {dag.py:3096} INFO - Sync 1 DAGs
[2026-05-09T02:00:50.011+0000] {logging_mixin.py:188} INFO - [2026-05-09T02:00:50.011+0000] {dag.py:3954} INFO - Setting next_dagrun for newyork_fhv_silver to None, run_after=None
[2026-05-09T02:00:50.035+0000] {processor.py:183} INFO - Processing /opt/airflow/dags/newyork_fhv_silver.py took 0.089 seconds
[2026-05-09T02:01:20.505+0000] {processor.py:161} INFO - Started process (PID=2627) to work on /opt/airflow/dags/newyork_fhv_silver.py
[2026-05-09T02:01:20.506+0000] {processor.py:830} INFO - Processing file /opt/airflow/dags/newyork_fhv_silver.py for tasks to queue
[2026-05-09T02:01:20.508+0000] {logging_mixin.py:188} INFO - [2026-05-09T02:01:20.508+0000] {dagbag.py:545} INFO - Filling up the DagBag from /opt/airflow/dags/newyork_fhv_silver.py
[2026-05-09T02:01:20.532+0000] {processor.py:840} INFO - DAG(s) 'newyork_fhv_silver' retrieved from /opt/airflow/dags/newyork_fhv_silver.py
[2026-05-09T02:01:20.551+0000] {logging_mixin.py:188} INFO - [2026-05-09T02:01:20.551+0000] {dag.py:3096} INFO - Sync 1 DAGs
[2026-05-09T02:01:20.564+0000] {logging_mixin.py:188} INFO - [2026-05-09T02:01:20.564+0000] {dag.py:3954} INFO - Setting next_dagrun for newyork_fhv_silver to None, run_after=None
[2026-05-09T02:01:20.596+0000] {processor.py:183} INFO - Processing /opt/airflow/dags/newyork_fhv_silver.py took 0.096 seconds
[2026-05-09T02:01:51.142+0000] {processor.py:161} INFO - Started process (PID=2638) to work on /opt/airflow/dags/newyork_fhv_silver.py
[2026-05-09T02:01:51.144+0000] {processor.py:830} INFO - Processing file /opt/airflow/dags/newyork_fhv_silver.py for tasks to queue
[2026-05-09T02:01:51.147+0000] {logging_mixin.py:188} INFO - [2026-05-09T02:01:51.147+0000] {dagbag.py:545} INFO - Filling up the DagBag from /opt/airflow/dags/newyork_fhv_silver.py
[2026-05-09T02:01:51.176+0000] {processor.py:840} INFO - DAG(s) 'newyork_fhv_silver' retrieved from /opt/airflow/dags/newyork_fhv_silver.py
[2026-05-09T02:01:51.199+0000] {logging_mixin.py:188} INFO - [2026-05-09T02:01:51.199+0000] {dag.py:3096} INFO - Sync 1 DAGs
[2026-05-09T02:01:51.215+0000] {logging_mixin.py:188} INFO - [2026-05-09T02:01:51.214+0000] {dag.py:3954} INFO - Setting next_dagrun for newyork_fhv_silver to None, run_after=None
[2026-05-09T02:01:51.243+0000] {processor.py:183} INFO - Processing /opt/airflow/dags/newyork_fhv_silver.py took 0.111 seconds
[2026-05-09T02:02:22.051+0000] {processor.py:161} INFO - Started process (PID=2649) to work on /opt/airflow/dags/newyork_fhv_silver.py
[2026-05-09T02:02:22.053+0000] {processor.py:830} INFO - Processing file /opt/airflow/dags/newyork_fhv_silver.py for tasks to queue
[2026-05-09T02:02:22.055+0000] {logging_mixin.py:188} INFO - [2026-05-09T02:02:22.055+0000] {dagbag.py:545} INFO - Filling up the DagBag from /opt/airflow/dags/newyork_fhv_silver.py
[2026-05-09T02:02:22.085+0000] {processor.py:840} INFO - DAG(s) 'newyork_fhv_silver' retrieved from /opt/airflow/dags/newyork_fhv_silver.py
[2026-05-09T02:02:22.108+0000] {logging_mixin.py:188} INFO - [2026-05-09T02:02:22.108+0000] {dag.py:3096} INFO - Sync 1 DAGs
[2026-05-09T02:02:22.122+0000] {logging_mixin.py:188} INFO - [2026-05-09T02:02:22.121+0000] {dag.py:3954} INFO - Setting next_dagrun for newyork_fhv_silver to None, run_after=None
[2026-05-09T02:02:22.156+0000] {processor.py:183} INFO - Processing /opt/airflow/dags/newyork_fhv_silver.py took 0.113 seconds
[2026-05-09T02:02:52.426+0000] {processor.py:161} INFO - Started process (PID=2660) to work on /opt/airflow/dags/newyork_fhv_silver.py
[2026-05-09T02:02:52.427+0000] {processor.py:830} INFO - Processing file /opt/airflow/dags/newyork_fhv_silver.py for tasks to queue
[2026-05-09T02:02:52.431+0000] {logging_mixin.py:188} INFO - [2026-05-09T02:02:52.430+0000] {dagbag.py:545} INFO - Filling up the DagBag from /opt/airflow/dags/newyork_fhv_silver.py
[2026-05-09T02:02:52.477+0000] {processor.py:840} INFO - DAG(s) 'newyork_fhv_silver' retrieved from /opt/airflow/dags/newyork_fhv_silver.py
[2026-05-09T02:02:52.505+0000] {logging_mixin.py:188} INFO - [2026-05-09T02:02:52.505+0000] {dag.py:3096} INFO - Sync 1 DAGs
[2026-05-09T02:02:52.520+0000] {logging_mixin.py:188} INFO - [2026-05-09T02:02:52.520+0000] {dag.py:3954} INFO - Setting next_dagrun for newyork_fhv_silver to None, run_after=None
[2026-05-09T02:02:52.547+0000] {processor.py:183} INFO - Processing /opt/airflow/dags/newyork_fhv_silver.py took 0.132 seconds
[2026-05-09T02:03:22.633+0000] {processor.py:161} INFO - Started process (PID=2671) to work on /opt/airflow/dags/newyork_fhv_silver.py
[2026-05-09T02:03:22.634+0000] {processor.py:830} INFO - Processing file /opt/airflow/dags/newyork_fhv_silver.py for tasks to queue
[2026-05-09T02:03:22.637+0000] {logging_mixin.py:188} INFO - [2026-05-09T02:03:22.637+0000] {dagbag.py:545} INFO - Filling up the DagBag from /opt/airflow/dags/newyork_fhv_silver.py
[2026-05-09T02:03:22.666+0000] {processor.py:840} INFO - DAG(s) 'newyork_fhv_silver' retrieved from /opt/airflow/dags/newyork_fhv_silver.py
[2026-05-09T02:03:22.695+0000] {logging_mixin.py:188} INFO - [2026-05-09T02:03:22.694+0000] {dag.py:3096} INFO - Sync 1 DAGs
[2026-05-09T02:03:22.711+0000] {logging_mixin.py:188} INFO - [2026-05-09T02:03:22.710+0000] {dag.py:3954} INFO - Setting next_dagrun for newyork_fhv_silver to None, run_after=None
[2026-05-09T02:03:22.739+0000] {processor.py:183} INFO - Processing /opt/airflow/dags/newyork_fhv_silver.py took 0.115 seconds
[2026-05-09T02:03:52.846+0000] {processor.py:161} INFO - Started process (PID=2682) to work on /opt/airflow/dags/newyork_fhv_silver.py
[2026-05-09T02:03:52.848+0000] {processor.py:830} INFO - Processing file /opt/airflow/dags/newyork_fhv_silver.py for tasks to queue
[2026-05-09T02:03:52.852+0000] {logging_mixin.py:188} INFO - [2026-05-09T02:03:52.851+0000] {dagbag.py:545} INFO - Filling up the DagBag from /opt/airflow/dags/newyork_fhv_silver.py
[2026-05-09T02:03:52.883+0000] {processor.py:840} INFO - DAG(s) 'newyork_fhv_silver' retrieved from /opt/airflow/dags/newyork_fhv_silver.py
[2026-05-09T02:03:52.909+0000] {logging_mixin.py:188} INFO - [2026-05-09T02:03:52.909+0000] {dag.py:3096} INFO - Sync 1 DAGs
[2026-05-09T02:03:52.926+0000] {logging_mixin.py:188} INFO - [2026-05-09T02:03:52.926+0000] {dag.py:3954} INFO - Setting next_dagrun for newyork_fhv_silver to None, run_after=None
[2026-05-09T02:03:52.974+0000] {processor.py:183} INFO - Processing /opt/airflow/dags/newyork_fhv_silver.py took 0.139 seconds
[2026-05-09T02:04:23.136+0000] {processor.py:161} INFO - Started process (PID=2693) to work on /opt/airflow/dags/newyork_fhv_silver.py
[2026-05-09T02:04:23.139+0000] {processor.py:830} INFO - Processing file /opt/airflow/dags/newyork_fhv_silver.py for tasks to queue
[2026-05-09T02:04:23.143+0000] {logging_mixin.py:188} INFO - [2026-05-09T02:04:23.142+0000] {dagbag.py:545} INFO - Filling up the DagBag from /opt/airflow/dags/newyork_fhv_silver.py
[2026-05-09T02:04:23.218+0000] {processor.py:840} INFO - DAG(s) 'newyork_fhv_silver' retrieved from /opt/airflow/dags/newyork_fhv_silver.py
[2026-05-09T02:04:23.257+0000] {logging_mixin.py:188} INFO - [2026-05-09T02:04:23.256+0000] {dag.py:3096} INFO - Sync 1 DAGs
[2026-05-09T02:04:23.277+0000] {logging_mixin.py:188} INFO - [2026-05-09T02:04:23.277+0000] {dag.py:3954} INFO - Setting next_dagrun for newyork_fhv_silver to None, run_after=None
[2026-05-09T02:04:23.307+0000] {processor.py:183} INFO - Processing /opt/airflow/dags/newyork_fhv_silver.py took 0.182 seconds
[2026-05-09T02:04:53.545+0000] {processor.py:161} INFO - Started process (PID=2704) to work on /opt/airflow/dags/newyork_fhv_silver.py
[2026-05-09T02:04:53.546+0000] {processor.py:830} INFO - Processing file /opt/airflow/dags/newyork_fhv_silver.py for tasks to queue
[2026-05-09T02:04:53.549+0000] {logging_mixin.py:188} INFO - [2026-05-09T02:04:53.548+0000] {dagbag.py:545} INFO - Filling up the DagBag from /opt/airflow/dags/newyork_fhv_silver.py
[2026-05-09T02:04:53.576+0000] {processor.py:840} INFO - DAG(s) 'newyork_fhv_silver' retrieved from /opt/airflow/dags/newyork_fhv_silver.py
[2026-05-09T02:04:53.613+0000] {logging_mixin.py:188} INFO - [2026-05-09T02:04:53.613+0000] {dag.py:3096} INFO - Sync 1 DAGs
[2026-05-09T02:04:53.634+0000] {logging_mixin.py:188} INFO - [2026-05-09T02:04:53.634+0000] {dag.py:3954} INFO - Setting next_dagrun for newyork_fhv_silver to None, run_after=None
[2026-05-09T02:04:53.676+0000] {processor.py:183} INFO - Processing /opt/airflow/dags/newyork_fhv_silver.py took 0.140 seconds
[2026-05-09T02:05:23.867+0000] {processor.py:161} INFO - Started process (PID=2715) to work on /opt/airflow/dags/newyork_fhv_silver.py
[2026-05-09T02:05:23.870+0000] {processor.py:830} INFO - Processing file /opt/airflow/dags/newyork_fhv_silver.py for tasks to queue
[2026-05-09T02:05:23.874+0000] {logging_mixin.py:188} INFO - [2026-05-09T02:05:23.874+0000] {dagbag.py:545} INFO - Filling up the DagBag from /opt/airflow/dags/newyork_fhv_silver.py
[2026-05-09T02:05:23.918+0000] {processor.py:840} INFO - DAG(s) 'newyork_fhv_silver' retrieved from /opt/airflow/dags/newyork_fhv_silver.py
[2026-05-09T02:05:23.943+0000] {logging_mixin.py:188} INFO - [2026-05-09T02:05:23.943+0000] {dag.py:3096} INFO - Sync 1 DAGs
[2026-05-09T02:05:23.957+0000] {logging_mixin.py:188} INFO - [2026-05-09T02:05:23.957+0000] {dag.py:3954} INFO - Setting next_dagrun for newyork_fhv_silver to None, run_after=None
[2026-05-09T02:05:23.982+0000] {processor.py:183} INFO - Processing /opt/airflow/dags/newyork_fhv_silver.py took 0.125 seconds
[2026-05-09T02:05:54.105+0000] {processor.py:161} INFO - Started process (PID=2726) to work on /opt/airflow/dags/newyork_fhv_silver.py
[2026-05-09T02:05:54.106+0000] {processor.py:830} INFO - Processing file /opt/airflow/dags/newyork_fhv_silver.py for tasks to queue
[2026-05-09T02:05:54.109+0000] {logging_mixin.py:188} INFO - [2026-05-09T02:05:54.109+0000] {dagbag.py:545} INFO - Filling up the DagBag from /opt/airflow/dags/newyork_fhv_silver.py
[2026-05-09T02:05:54.146+0000] {processor.py:840} INFO - DAG(s) 'newyork_fhv_silver' retrieved from /opt/airflow/dags/newyork_fhv_silver.py
[2026-05-09T02:05:54.173+0000] {logging_mixin.py:188} INFO - [2026-05-09T02:05:54.173+0000] {dag.py:3096} INFO - Sync 1 DAGs
[2026-05-09T02:05:54.194+0000] {logging_mixin.py:188} INFO - [2026-05-09T02:05:54.194+0000] {dag.py:3954} INFO - Setting next_dagrun for newyork_fhv_silver to None, run_after=None
[2026-05-09T02:05:54.221+0000] {processor.py:183} INFO - Processing /opt/airflow/dags/newyork_fhv_silver.py took 0.124 seconds
[2026-05-09T02:06:25.158+0000] {processor.py:161} INFO - Started process (PID=2737) to work on /opt/airflow/dags/newyork_fhv_silver.py
[2026-05-09T02:06:25.161+0000] {processor.py:830} INFO - Processing file /opt/airflow/dags/newyork_fhv_silver.py for tasks to queue
[2026-05-09T02:06:25.166+0000] {logging_mixin.py:188} INFO - [2026-05-09T02:06:25.165+0000] {dagbag.py:545} INFO - Filling up the DagBag from /opt/airflow/dags/newyork_fhv_silver.py
[2026-05-09T02:06:25.204+0000] {processor.py:840} INFO - DAG(s) 'newyork_fhv_silver' retrieved from /opt/airflow/dags/newyork_fhv_silver.py
[2026-05-09T02:06:25.226+0000] {logging_mixin.py:188} INFO - [2026-05-09T02:06:25.226+0000] {dag.py:3096} INFO - Sync 1 DAGs
[2026-05-09T02:06:25.241+0000] {logging_mixin.py:188} INFO - [2026-05-09T02:06:25.241+0000] {dag.py:3954} INFO - Setting next_dagrun for newyork_fhv_silver to None, run_after=None
[2026-05-09T02:06:25.266+0000] {processor.py:183} INFO - Processing /opt/airflow/dags/newyork_fhv_silver.py took 0.119 seconds
[2026-05-09T02:06:56.166+0000] {processor.py:161} INFO - Started process (PID=2748) to work on /opt/airflow/dags/newyork_fhv_silver.py
[2026-05-09T02:06:56.168+0000] {processor.py:830} INFO - Processing file /opt/airflow/dags/newyork_fhv_silver.py for tasks to queue
[2026-05-09T02:06:56.171+0000] {logging_mixin.py:188} INFO - [2026-05-09T02:06:56.171+0000] {dagbag.py:545} INFO - Filling up the DagBag from /opt/airflow/dags/newyork_fhv_silver.py
[2026-05-09T02:06:56.214+0000] {processor.py:840} INFO - DAG(s) 'newyork_fhv_silver' retrieved from /opt/airflow/dags/newyork_fhv_silver.py
[2026-05-09T02:06:56.245+0000] {logging_mixin.py:188} INFO - [2026-05-09T02:06:56.245+0000] {dag.py:3096} INFO - Sync 1 DAGs
[2026-05-09T02:06:56.263+0000] {logging_mixin.py:188} INFO - [2026-05-09T02:06:56.263+0000] {dag.py:3954} INFO - Setting next_dagrun for newyork_fhv_silver to None, run_after=None
[2026-05-09T02:06:56.290+0000] {processor.py:183} INFO - Processing /opt/airflow/dags/newyork_fhv_silver.py took 0.133 seconds
[2026-05-09T02:07:27.280+0000] {processor.py:161} INFO - Started process (PID=2759) to work on /opt/airflow/dags/newyork_fhv_silver.py
[2026-05-09T02:07:27.282+0000] {processor.py:830} INFO - Processing file /opt/airflow/dags/newyork_fhv_silver.py for tasks to queue
[2026-05-09T02:07:27.286+0000] {logging_mixin.py:188} INFO - [2026-05-09T02:07:27.286+0000] {dagbag.py:545} INFO - Filling up the DagBag from /opt/airflow/dags/newyork_fhv_silver.py
[2026-05-09T02:07:27.339+0000] {processor.py:840} INFO - DAG(s) 'newyork_fhv_silver' retrieved from /opt/airflow/dags/newyork_fhv_silver.py
[2026-05-09T02:07:27.372+0000] {logging_mixin.py:188} INFO - [2026-05-09T02:07:27.371+0000] {dag.py:3096} INFO - Sync 1 DAGs
[2026-05-09T02:07:27.386+0000] {logging_mixin.py:188} INFO - [2026-05-09T02:07:27.385+0000] {dag.py:3954} INFO - Setting next_dagrun for newyork_fhv_silver to None, run_after=None
[2026-05-09T02:07:27.412+0000] {processor.py:183} INFO - Processing /opt/airflow/dags/newyork_fhv_silver.py took 0.147 seconds
[2026-05-09T02:07:57.575+0000] {processor.py:161} INFO - Started process (PID=2770) to work on /opt/airflow/dags/newyork_fhv_silver.py
[2026-05-09T02:07:57.578+0000] {processor.py:830} INFO - Processing file /opt/airflow/dags/newyork_fhv_silver.py for tasks to queue
[2026-05-09T02:07:57.583+0000] {logging_mixin.py:188} INFO - [2026-05-09T02:07:57.582+0000] {dagbag.py:545} INFO - Filling up the DagBag from /opt/airflow/dags/newyork_fhv_silver.py
[2026-05-09T02:07:57.641+0000] {processor.py:840} INFO - DAG(s) 'newyork_fhv_silver' retrieved from /opt/airflow/dags/newyork_fhv_silver.py
[2026-05-09T02:07:57.690+0000] {logging_mixin.py:188} INFO - [2026-05-09T02:07:57.689+0000] {dag.py:3096} INFO - Sync 1 DAGs
[2026-05-09T02:07:57.727+0000] {logging_mixin.py:188} INFO - [2026-05-09T02:07:57.726+0000] {dag.py:3954} INFO - Setting next_dagrun for newyork_fhv_silver to None, run_after=None
[2026-05-09T02:07:57.780+0000] {processor.py:183} INFO - Processing /opt/airflow/dags/newyork_fhv_silver.py took 0.218 seconds
[2026-05-09T02:08:28.693+0000] {processor.py:161} INFO - Started process (PID=2782) to work on /opt/airflow/dags/newyork_fhv_silver.py
[2026-05-09T02:08:28.695+0000] {processor.py:830} INFO - Processing file /opt/airflow/dags/newyork_fhv_silver.py for tasks to queue
[2026-05-09T02:08:28.698+0000] {logging_mixin.py:188} INFO - [2026-05-09T02:08:28.698+0000] {dagbag.py:545} INFO - Filling up the DagBag from /opt/airflow/dags/newyork_fhv_silver.py
[2026-05-09T02:08:28.739+0000] {processor.py:840} INFO - DAG(s) 'newyork_fhv_silver' retrieved from /opt/airflow/dags/newyork_fhv_silver.py
[2026-05-09T02:08:28.767+0000] {logging_mixin.py:188} INFO - [2026-05-09T02:08:28.767+0000] {dag.py:3096} INFO - Sync 1 DAGs
[2026-05-09T02:08:28.783+0000] {logging_mixin.py:188} INFO - [2026-05-09T02:08:28.782+0000] {dag.py:3954} INFO - Setting next_dagrun for newyork_fhv_silver to None, run_after=None
[2026-05-09T02:08:28.809+0000] {processor.py:183} INFO - Processing /opt/airflow/dags/newyork_fhv_silver.py took 0.126 seconds
[2026-05-09T02:08:59.415+0000] {processor.py:161} INFO - Started process (PID=2793) to work on /opt/airflow/dags/newyork_fhv_silver.py
[2026-05-09T02:08:59.418+0000] {processor.py:830} INFO - Processing file /opt/airflow/dags/newyork_fhv_silver.py for tasks to queue
[2026-05-09T02:08:59.421+0000] {logging_mixin.py:188} INFO - [2026-05-09T02:08:59.421+0000] {dagbag.py:545} INFO - Filling up the DagBag from /opt/airflow/dags/newyork_fhv_silver.py
[2026-05-09T02:08:59.468+0000] {processor.py:840} INFO - DAG(s) 'newyork_fhv_silver' retrieved from /opt/airflow/dags/newyork_fhv_silver.py
[2026-05-09T02:08:59.502+0000] {logging_mixin.py:188} INFO - [2026-05-09T02:08:59.502+0000] {dag.py:3096} INFO - Sync 1 DAGs
[2026-05-09T02:08:59.521+0000] {logging_mixin.py:188} INFO - [2026-05-09T02:08:59.521+0000] {dag.py:3954} INFO - Setting next_dagrun for newyork_fhv_silver to None, run_after=None
[2026-05-09T02:08:59.551+0000] {processor.py:183} INFO - Processing /opt/airflow/dags/newyork_fhv_silver.py took 0.145 seconds
[2026-05-09T02:09:30.406+0000] {processor.py:161} INFO - Started process (PID=2805) to work on /opt/airflow/dags/newyork_fhv_silver.py
[2026-05-09T02:09:30.407+0000] {processor.py:830} INFO - Processing file /opt/airflow/dags/newyork_fhv_silver.py for tasks to queue
[2026-05-09T02:09:30.410+0000] {logging_mixin.py:188} INFO - [2026-05-09T02:09:30.409+0000] {dagbag.py:545} INFO - Filling up the DagBag from /opt/airflow/dags/newyork_fhv_silver.py
[2026-05-09T02:09:30.448+0000] {processor.py:840} INFO - DAG(s) 'newyork_fhv_silver' retrieved from /opt/airflow/dags/newyork_fhv_silver.py
[2026-05-09T02:09:30.472+0000] {logging_mixin.py:188} INFO - [2026-05-09T02:09:30.472+0000] {dag.py:3096} INFO - Sync 1 DAGs
[2026-05-09T02:09:30.485+0000] {logging_mixin.py:188} INFO - [2026-05-09T02:09:30.485+0000] {dag.py:3954} INFO - Setting next_dagrun for newyork_fhv_silver to None, run_after=None
[2026-05-09T02:09:30.513+0000] {processor.py:183} INFO - Processing /opt/airflow/dags/newyork_fhv_silver.py took 0.116 seconds
[2026-05-09T02:10:01.207+0000] {processor.py:161} INFO - Started process (PID=2816) to work on /opt/airflow/dags/newyork_fhv_silver.py
[2026-05-09T02:10:01.209+0000] {processor.py:830} INFO - Processing file /opt/airflow/dags/newyork_fhv_silver.py for tasks to queue
[2026-05-09T02:10:01.212+0000] {logging_mixin.py:188} INFO - [2026-05-09T02:10:01.211+0000] {dagbag.py:545} INFO - Filling up the DagBag from /opt/airflow/dags/newyork_fhv_silver.py
[2026-05-09T02:10:01.250+0000] {processor.py:840} INFO - DAG(s) 'newyork_fhv_silver' retrieved from /opt/airflow/dags/newyork_fhv_silver.py
[2026-05-09T02:10:01.283+0000] {logging_mixin.py:188} INFO - [2026-05-09T02:10:01.282+0000] {dag.py:3096} INFO - Sync 1 DAGs
[2026-05-09T02:10:01.312+0000] {logging_mixin.py:188} INFO - [2026-05-09T02:10:01.311+0000] {dag.py:3954} INFO - Setting next_dagrun for newyork_fhv_silver to None, run_after=None
[2026-05-09T02:10:01.348+0000] {processor.py:183} INFO - Processing /opt/airflow/dags/newyork_fhv_silver.py took 0.150 seconds
[2026-05-09T02:10:32.259+0000] {processor.py:161} INFO - Started process (PID=2827) to work on /opt/airflow/dags/newyork_fhv_silver.py
[2026-05-09T02:10:32.261+0000] {processor.py:830} INFO - Processing file /opt/airflow/dags/newyork_fhv_silver.py for tasks to queue
[2026-05-09T02:10:32.266+0000] {logging_mixin.py:188} INFO - [2026-05-09T02:10:32.265+0000] {dagbag.py:545} INFO - Filling up the DagBag from /opt/airflow/dags/newyork_fhv_silver.py
[2026-05-09T02:10:32.320+0000] {processor.py:840} INFO - DAG(s) 'newyork_fhv_silver' retrieved from /opt/airflow/dags/newyork_fhv_silver.py
[2026-05-09T02:10:32.345+0000] {logging_mixin.py:188} INFO - [2026-05-09T02:10:32.345+0000] {dag.py:3096} INFO - Sync 1 DAGs
[2026-05-09T02:10:32.362+0000] {logging_mixin.py:188} INFO - [2026-05-09T02:10:32.362+0000] {dag.py:3954} INFO - Setting next_dagrun for newyork_fhv_silver to None, run_after=None
[2026-05-09T02:10:32.392+0000] {processor.py:183} INFO - Processing /opt/airflow/dags/newyork_fhv_silver.py took 0.143 seconds
[2026-05-09T02:11:03.207+0000] {processor.py:161} INFO - Started process (PID=2838) to work on /opt/airflow/dags/newyork_fhv_silver.py
[2026-05-09T02:11:03.210+0000] {processor.py:830} INFO - Processing file /opt/airflow/dags/newyork_fhv_silver.py for tasks to queue
[2026-05-09T02:11:03.215+0000] {logging_mixin.py:188} INFO - [2026-05-09T02:11:03.214+0000] {dagbag.py:545} INFO - Filling up the DagBag from /opt/airflow/dags/newyork_fhv_silver.py
[2026-05-09T02:11:03.266+0000] {processor.py:840} INFO - DAG(s) 'newyork_fhv_silver' retrieved from /opt/airflow/dags/newyork_fhv_silver.py
[2026-05-09T02:11:03.290+0000] {logging_mixin.py:188} INFO - [2026-05-09T02:11:03.289+0000] {dag.py:3096} INFO - Sync 1 DAGs
[2026-05-09T02:11:03.304+0000] {logging_mixin.py:188} INFO - [2026-05-09T02:11:03.304+0000] {dag.py:3954} INFO - Setting next_dagrun for newyork_fhv_silver to None, run_after=None
[2026-05-09T02:11:03.335+0000] {processor.py:183} INFO - Processing /opt/airflow/dags/newyork_fhv_silver.py took 0.140 seconds
[2026-05-09T02:11:34.183+0000] {processor.py:161} INFO - Started process (PID=2849) to work on /opt/airflow/dags/newyork_fhv_silver.py
[2026-05-09T02:11:34.186+0000] {processor.py:830} INFO - Processing file /opt/airflow/dags/newyork_fhv_silver.py for tasks to queue
[2026-05-09T02:11:34.191+0000] {logging_mixin.py:188} INFO - [2026-05-09T02:11:34.190+0000] {dagbag.py:545} INFO - Filling up the DagBag from /opt/airflow/dags/newyork_fhv_silver.py
[2026-05-09T02:11:34.253+0000] {processor.py:840} INFO - DAG(s) 'newyork_fhv_silver' retrieved from /opt/airflow/dags/newyork_fhv_silver.py
[2026-05-09T02:11:34.299+0000] {logging_mixin.py:188} INFO - [2026-05-09T02:11:34.299+0000] {dag.py:3096} INFO - Sync 1 DAGs
[2026-05-09T02:11:34.323+0000] {logging_mixin.py:188} INFO - [2026-05-09T02:11:34.322+0000] {dag.py:3954} INFO - Setting next_dagrun for newyork_fhv_silver to None, run_after=None
[2026-05-09T02:11:34.353+0000] {processor.py:183} INFO - Processing /opt/airflow/dags/newyork_fhv_silver.py took 0.181 seconds
[2026-05-09T02:12:05.192+0000] {processor.py:161} INFO - Started process (PID=2860) to work on /opt/airflow/dags/newyork_fhv_silver.py
[2026-05-09T02:12:05.194+0000] {processor.py:830} INFO - Processing file /opt/airflow/dags/newyork_fhv_silver.py for tasks to queue
[2026-05-09T02:12:05.197+0000] {logging_mixin.py:188} INFO - [2026-05-09T02:12:05.197+0000] {dagbag.py:545} INFO - Filling up the DagBag from /opt/airflow/dags/newyork_fhv_silver.py
[2026-05-09T02:12:05.230+0000] {processor.py:840} INFO - DAG(s) 'newyork_fhv_silver' retrieved from /opt/airflow/dags/newyork_fhv_silver.py
[2026-05-09T02:12:05.255+0000] {logging_mixin.py:188} INFO - [2026-05-09T02:12:05.255+0000] {dag.py:3096} INFO - Sync 1 DAGs
[2026-05-09T02:12:05.273+0000] {logging_mixin.py:188} INFO - [2026-05-09T02:12:05.273+0000] {dag.py:3954} INFO - Setting next_dagrun for newyork_fhv_silver to None, run_after=None
[2026-05-09T02:12:05.302+0000] {processor.py:183} INFO - Processing /opt/airflow/dags/newyork_fhv_silver.py took 0.117 seconds
[2026-05-09T02:12:35.382+0000] {processor.py:161} INFO - Started process (PID=2871) to work on /opt/airflow/dags/newyork_fhv_silver.py
[2026-05-09T02:12:35.384+0000] {processor.py:830} INFO - Processing file /opt/airflow/dags/newyork_fhv_silver.py for tasks to queue
[2026-05-09T02:12:35.386+0000] {logging_mixin.py:188} INFO - [2026-05-09T02:12:35.386+0000] {dagbag.py:545} INFO - Filling up the DagBag from /opt/airflow/dags/newyork_fhv_silver.py
[2026-05-09T02:12:35.421+0000] {processor.py:840} INFO - DAG(s) 'newyork_fhv_silver' retrieved from /opt/airflow/dags/newyork_fhv_silver.py
[2026-05-09T02:12:35.455+0000] {logging_mixin.py:188} INFO - [2026-05-09T02:12:35.455+0000] {dag.py:3096} INFO - Sync 1 DAGs
[2026-05-09T02:12:35.476+0000] {logging_mixin.py:188} INFO - [2026-05-09T02:12:35.476+0000] {dag.py:3954} INFO - Setting next_dagrun for newyork_fhv_silver to None, run_after=None
[2026-05-09T02:12:35.522+0000] {processor.py:183} INFO - Processing /opt/airflow/dags/newyork_fhv_silver.py took 0.150 seconds
[2026-05-09T02:13:06.327+0000] {processor.py:161} INFO - Started process (PID=2882) to work on /opt/airflow/dags/newyork_fhv_silver.py
[2026-05-09T02:13:06.328+0000] {processor.py:830} INFO - Processing file /opt/airflow/dags/newyork_fhv_silver.py for tasks to queue
[2026-05-09T02:13:06.330+0000] {logging_mixin.py:188} INFO - [2026-05-09T02:13:06.330+0000] {dagbag.py:545} INFO - Filling up the DagBag from /opt/airflow/dags/newyork_fhv_silver.py
[2026-05-09T02:13:06.369+0000] {processor.py:840} INFO - DAG(s) 'newyork_fhv_silver' retrieved from /opt/airflow/dags/newyork_fhv_silver.py
[2026-05-09T02:13:06.400+0000] {logging_mixin.py:188} INFO - [2026-05-09T02:13:06.400+0000] {dag.py:3096} INFO - Sync 1 DAGs
[2026-05-09T02:13:06.415+0000] {logging_mixin.py:188} INFO - [2026-05-09T02:13:06.415+0000] {dag.py:3954} INFO - Setting next_dagrun for newyork_fhv_silver to None, run_after=None
[2026-05-09T02:13:06.443+0000] {processor.py:183} INFO - Processing /opt/airflow/dags/newyork_fhv_silver.py took 0.124 seconds
[2026-05-09T02:13:37.377+0000] {processor.py:161} INFO - Started process (PID=2893) to work on /opt/airflow/dags/newyork_fhv_silver.py
[2026-05-09T02:13:37.379+0000] {processor.py:830} INFO - Processing file /opt/airflow/dags/newyork_fhv_silver.py for tasks to queue
[2026-05-09T02:13:37.383+0000] {logging_mixin.py:188} INFO - [2026-05-09T02:13:37.382+0000] {dagbag.py:545} INFO - Filling up the DagBag from /opt/airflow/dags/newyork_fhv_silver.py
[2026-05-09T02:13:37.419+0000] {processor.py:840} INFO - DAG(s) 'newyork_fhv_silver' retrieved from /opt/airflow/dags/newyork_fhv_silver.py
[2026-05-09T02:13:37.442+0000] {logging_mixin.py:188} INFO - [2026-05-09T02:13:37.442+0000] {dag.py:3096} INFO - Sync 1 DAGs
[2026-05-09T02:13:37.456+0000] {logging_mixin.py:188} INFO - [2026-05-09T02:13:37.456+0000] {dag.py:3954} INFO - Setting next_dagrun for newyork_fhv_silver to None, run_after=None
[2026-05-09T02:13:37.487+0000] {processor.py:183} INFO - Processing /opt/airflow/dags/newyork_fhv_silver.py took 0.118 seconds
[2026-05-09T02:14:08.439+0000] {processor.py:161} INFO - Started process (PID=2904) to work on /opt/airflow/dags/newyork_fhv_silver.py
[2026-05-09T02:14:08.440+0000] {processor.py:830} INFO - Processing file /opt/airflow/dags/newyork_fhv_silver.py for tasks to queue
[2026-05-09T02:14:08.444+0000] {logging_mixin.py:188} INFO - [2026-05-09T02:14:08.444+0000] {dagbag.py:545} INFO - Filling up the DagBag from /opt/airflow/dags/newyork_fhv_silver.py
[2026-05-09T02:14:08.478+0000] {processor.py:840} INFO - DAG(s) 'newyork_fhv_silver' retrieved from /opt/airflow/dags/newyork_fhv_silver.py
[2026-05-09T02:14:08.503+0000] {logging_mixin.py:188} INFO - [2026-05-09T02:14:08.503+0000] {dag.py:3096} INFO - Sync 1 DAGs
[2026-05-09T02:14:08.519+0000] {logging_mixin.py:188} INFO - [2026-05-09T02:14:08.519+0000] {dag.py:3954} INFO - Setting next_dagrun for newyork_fhv_silver to None, run_after=None
[2026-05-09T02:14:08.544+0000] {processor.py:183} INFO - Processing /opt/airflow/dags/newyork_fhv_silver.py took 0.114 seconds
[2026-05-09T02:14:39.369+0000] {processor.py:161} INFO - Started process (PID=2915) to work on /opt/airflow/dags/newyork_fhv_silver.py
[2026-05-09T02:14:39.370+0000] {processor.py:830} INFO - Processing file /opt/airflow/dags/newyork_fhv_silver.py for tasks to queue
[2026-05-09T02:14:39.372+0000] {logging_mixin.py:188} INFO - [2026-05-09T02:14:39.372+0000] {dagbag.py:545} INFO - Filling up the DagBag from /opt/airflow/dags/newyork_fhv_silver.py
[2026-05-09T02:14:39.407+0000] {processor.py:840} INFO - DAG(s) 'newyork_fhv_silver' retrieved from /opt/airflow/dags/newyork_fhv_silver.py
[2026-05-09T02:14:39.444+0000] {logging_mixin.py:188} INFO - [2026-05-09T02:14:39.443+0000] {dag.py:3096} INFO - Sync 1 DAGs
[2026-05-09T02:14:39.460+0000] {logging_mixin.py:188} INFO - [2026-05-09T02:14:39.460+0000] {dag.py:3954} INFO - Setting next_dagrun for newyork_fhv_silver to None, run_after=None
[2026-05-09T02:14:39.488+0000] {processor.py:183} INFO - Processing /opt/airflow/dags/newyork_fhv_silver.py took 0.127 seconds
[2026-05-09T02:15:10.286+0000] {processor.py:161} INFO - Started process (PID=2932) to work on /opt/airflow/dags/newyork_fhv_silver.py
[2026-05-09T02:15:10.288+0000] {processor.py:830} INFO - Processing file /opt/airflow/dags/newyork_fhv_silver.py for tasks to queue
[2026-05-09T02:15:10.290+0000] {logging_mixin.py:188} INFO - [2026-05-09T02:15:10.290+0000] {dagbag.py:545} INFO - Filling up the DagBag from /opt/airflow/dags/newyork_fhv_silver.py
[2026-05-09T02:15:10.342+0000] {processor.py:840} INFO - DAG(s) 'newyork_fhv_silver' retrieved from /opt/airflow/dags/newyork_fhv_silver.py
[2026-05-09T02:15:10.375+0000] {logging_mixin.py:188} INFO - [2026-05-09T02:15:10.375+0000] {dag.py:3096} INFO - Sync 1 DAGs
[2026-05-09T02:15:10.390+0000] {logging_mixin.py:188} INFO - [2026-05-09T02:15:10.390+0000] {dag.py:3954} INFO - Setting next_dagrun for newyork_fhv_silver to None, run_after=None
[2026-05-09T02:15:10.418+0000] {processor.py:183} INFO - Processing /opt/airflow/dags/newyork_fhv_silver.py took 0.141 seconds
[2026-05-09T02:15:41.264+0000] {processor.py:161} INFO - Started process (PID=2943) to work on /opt/airflow/dags/newyork_fhv_silver.py
[2026-05-09T02:15:41.267+0000] {processor.py:830} INFO - Processing file /opt/airflow/dags/newyork_fhv_silver.py for tasks to queue
[2026-05-09T02:15:41.272+0000] {logging_mixin.py:188} INFO - [2026-05-09T02:15:41.271+0000] {dagbag.py:545} INFO - Filling up the DagBag from /opt/airflow/dags/newyork_fhv_silver.py
[2026-05-09T02:15:41.334+0000] {processor.py:840} INFO - DAG(s) 'newyork_fhv_silver' retrieved from /opt/airflow/dags/newyork_fhv_silver.py
[2026-05-09T02:15:41.369+0000] {logging_mixin.py:188} INFO - [2026-05-09T02:15:41.369+0000] {dag.py:3096} INFO - Sync 1 DAGs
[2026-05-09T02:15:41.396+0000] {logging_mixin.py:188} INFO - [2026-05-09T02:15:41.395+0000] {dag.py:3954} INFO - Setting next_dagrun for newyork_fhv_silver to None, run_after=None
[2026-05-09T02:15:41.438+0000] {processor.py:183} INFO - Processing /opt/airflow/dags/newyork_fhv_silver.py took 0.187 seconds
[2026-05-09T02:16:12.262+0000] {processor.py:161} INFO - Started process (PID=2954) to work on /opt/airflow/dags/newyork_fhv_silver.py
[2026-05-09T02:16:12.264+0000] {processor.py:830} INFO - Processing file /opt/airflow/dags/newyork_fhv_silver.py for tasks to queue
[2026-05-09T02:16:12.266+0000] {logging_mixin.py:188} INFO - [2026-05-09T02:16:12.266+0000] {dagbag.py:545} INFO - Filling up the DagBag from /opt/airflow/dags/newyork_fhv_silver.py
[2026-05-09T02:16:12.293+0000] {processor.py:840} INFO - DAG(s) 'newyork_fhv_silver' retrieved from /opt/airflow/dags/newyork_fhv_silver.py
[2026-05-09T02:16:12.319+0000] {logging_mixin.py:188} INFO - [2026-05-09T02:16:12.318+0000] {dag.py:3096} INFO - Sync 1 DAGs
[2026-05-09T02:16:12.334+0000] {logging_mixin.py:188} INFO - [2026-05-09T02:16:12.334+0000] {dag.py:3954} INFO - Setting next_dagrun for newyork_fhv_silver to None, run_after=None
[2026-05-09T02:16:12.360+0000] {processor.py:183} INFO - Processing /opt/airflow/dags/newyork_fhv_silver.py took 0.106 seconds
[2026-05-09T02:16:43.149+0000] {processor.py:161} INFO - Started process (PID=2965) to work on /opt/airflow/dags/newyork_fhv_silver.py
[2026-05-09T02:16:43.152+0000] {processor.py:830} INFO - Processing file /opt/airflow/dags/newyork_fhv_silver.py for tasks to queue
[2026-05-09T02:16:43.155+0000] {logging_mixin.py:188} INFO - [2026-05-09T02:16:43.155+0000] {dagbag.py:545} INFO - Filling up the DagBag from /opt/airflow/dags/newyork_fhv_silver.py
[2026-05-09T02:16:43.181+0000] {processor.py:840} INFO - DAG(s) 'newyork_fhv_silver' retrieved from /opt/airflow/dags/newyork_fhv_silver.py
[2026-05-09T02:16:43.203+0000] {logging_mixin.py:188} INFO - [2026-05-09T02:16:43.203+0000] {dag.py:3096} INFO - Sync 1 DAGs
[2026-05-09T02:16:43.218+0000] {logging_mixin.py:188} INFO - [2026-05-09T02:16:43.218+0000] {dag.py:3954} INFO - Setting next_dagrun for newyork_fhv_silver to None, run_after=None
[2026-05-09T02:16:43.253+0000] {processor.py:183} INFO - Processing /opt/airflow/dags/newyork_fhv_silver.py took 0.115 seconds
[2026-05-09T02:17:14.007+0000] {processor.py:161} INFO - Started process (PID=2976) to work on /opt/airflow/dags/newyork_fhv_silver.py
[2026-05-09T02:17:14.008+0000] {processor.py:830} INFO - Processing file /opt/airflow/dags/newyork_fhv_silver.py for tasks to queue
[2026-05-09T02:17:14.012+0000] {logging_mixin.py:188} INFO - [2026-05-09T02:17:14.011+0000] {dagbag.py:545} INFO - Filling up the DagBag from /opt/airflow/dags/newyork_fhv_silver.py
[2026-05-09T02:17:14.033+0000] {processor.py:840} INFO - DAG(s) 'newyork_fhv_silver' retrieved from /opt/airflow/dags/newyork_fhv_silver.py
[2026-05-09T02:17:14.058+0000] {logging_mixin.py:188} INFO - [2026-05-09T02:17:14.057+0000] {dag.py:3096} INFO - Sync 1 DAGs
[2026-05-09T02:17:14.072+0000] {logging_mixin.py:188} INFO - [2026-05-09T02:17:14.072+0000] {dag.py:3954} INFO - Setting next_dagrun for newyork_fhv_silver to None, run_after=None
[2026-05-09T02:17:14.098+0000] {processor.py:183} INFO - Processing /opt/airflow/dags/newyork_fhv_silver.py took 0.098 seconds
[2026-05-09T02:17:44.897+0000] {processor.py:161} INFO - Started process (PID=2987) to work on /opt/airflow/dags/newyork_fhv_silver.py
[2026-05-09T02:17:44.899+0000] {processor.py:830} INFO - Processing file /opt/airflow/dags/newyork_fhv_silver.py for tasks to queue
[2026-05-09T02:17:44.902+0000] {logging_mixin.py:188} INFO - [2026-05-09T02:17:44.902+0000] {dagbag.py:545} INFO - Filling up the DagBag from /opt/airflow/dags/newyork_fhv_silver.py
[2026-05-09T02:17:44.946+0000] {processor.py:840} INFO - DAG(s) 'newyork_fhv_silver' retrieved from /opt/airflow/dags/newyork_fhv_silver.py
[2026-05-09T02:17:44.974+0000] {logging_mixin.py:188} INFO - [2026-05-09T02:17:44.973+0000] {dag.py:3096} INFO - Sync 1 DAGs
[2026-05-09T02:17:44.992+0000] {logging_mixin.py:188} INFO - [2026-05-09T02:17:44.991+0000] {dag.py:3954} INFO - Setting next_dagrun for newyork_fhv_silver to None, run_after=None
[2026-05-09T02:17:45.023+0000] {processor.py:183} INFO - Processing /opt/airflow/dags/newyork_fhv_silver.py took 0.135 seconds
[2026-05-09T02:18:15.876+0000] {processor.py:161} INFO - Started process (PID=2998) to work on /opt/airflow/dags/newyork_fhv_silver.py
[2026-05-09T02:18:15.883+0000] {processor.py:830} INFO - Processing file /opt/airflow/dags/newyork_fhv_silver.py for tasks to queue
[2026-05-09T02:18:15.887+0000] {logging_mixin.py:188} INFO - [2026-05-09T02:18:15.886+0000] {dagbag.py:545} INFO - Filling up the DagBag from /opt/airflow/dags/newyork_fhv_silver.py
[2026-05-09T02:18:15.930+0000] {processor.py:840} INFO - DAG(s) 'newyork_fhv_silver' retrieved from /opt/airflow/dags/newyork_fhv_silver.py
[2026-05-09T02:18:15.952+0000] {logging_mixin.py:188} INFO - [2026-05-09T02:18:15.952+0000] {dag.py:3096} INFO - Sync 1 DAGs
[2026-05-09T02:18:15.968+0000] {logging_mixin.py:188} INFO - [2026-05-09T02:18:15.968+0000] {dag.py:3954} INFO - Setting next_dagrun for newyork_fhv_silver to None, run_after=None
[2026-05-09T02:18:15.995+0000] {processor.py:183} INFO - Processing /opt/airflow/dags/newyork_fhv_silver.py took 0.130 seconds
[2026-05-09T02:18:46.770+0000] {processor.py:161} INFO - Started process (PID=3009) to work on /opt/airflow/dags/newyork_fhv_silver.py
[2026-05-09T02:18:46.771+0000] {processor.py:830} INFO - Processing file /opt/airflow/dags/newyork_fhv_silver.py for tasks to queue
[2026-05-09T02:18:46.774+0000] {logging_mixin.py:188} INFO - [2026-05-09T02:18:46.774+0000] {dagbag.py:545} INFO - Filling up the DagBag from /opt/airflow/dags/newyork_fhv_silver.py
[2026-05-09T02:18:46.794+0000] {processor.py:840} INFO - DAG(s) 'newyork_fhv_silver' retrieved from /opt/airflow/dags/newyork_fhv_silver.py
[2026-05-09T02:18:46.814+0000] {logging_mixin.py:188} INFO - [2026-05-09T02:18:46.814+0000] {dag.py:3096} INFO - Sync 1 DAGs
[2026-05-09T02:18:46.828+0000] {logging_mixin.py:188} INFO - [2026-05-09T02:18:46.828+0000] {dag.py:3954} INFO - Setting next_dagrun for newyork_fhv_silver to None, run_after=None
[2026-05-09T02:18:46.857+0000] {processor.py:183} INFO - Processing /opt/airflow/dags/newyork_fhv_silver.py took 0.094 seconds
[2026-05-09T02:19:17.918+0000] {processor.py:161} INFO - Started process (PID=3020) to work on /opt/airflow/dags/newyork_fhv_silver.py
[2026-05-09T02:19:17.920+0000] {processor.py:830} INFO - Processing file /opt/airflow/dags/newyork_fhv_silver.py for tasks to queue
[2026-05-09T02:19:17.924+0000] {logging_mixin.py:188} INFO - [2026-05-09T02:19:17.923+0000] {dagbag.py:545} INFO - Filling up the DagBag from /opt/airflow/dags/newyork_fhv_silver.py
[2026-05-09T02:19:17.972+0000] {processor.py:840} INFO - DAG(s) 'newyork_fhv_silver' retrieved from /opt/airflow/dags/newyork_fhv_silver.py
[2026-05-09T02:19:18.003+0000] {logging_mixin.py:188} INFO - [2026-05-09T02:19:18.003+0000] {dag.py:3096} INFO - Sync 1 DAGs
[2026-05-09T02:19:18.018+0000] {logging_mixin.py:188} INFO - [2026-05-09T02:19:18.018+0000] {dag.py:3954} INFO - Setting next_dagrun for newyork_fhv_silver to None, run_after=None
[2026-05-09T02:19:18.055+0000] {processor.py:183} INFO - Processing /opt/airflow/dags/newyork_fhv_silver.py took 0.146 seconds
[2026-05-09T02:19:49.279+0000] {processor.py:161} INFO - Started process (PID=3033) to work on /opt/airflow/dags/newyork_fhv_silver.py
[2026-05-09T02:19:49.281+0000] {processor.py:830} INFO - Processing file /opt/airflow/dags/newyork_fhv_silver.py for tasks to queue
[2026-05-09T02:19:49.286+0000] {logging_mixin.py:188} INFO - [2026-05-09T02:19:49.285+0000] {dagbag.py:545} INFO - Filling up the DagBag from /opt/airflow/dags/newyork_fhv_silver.py
[2026-05-09T02:19:49.335+0000] {processor.py:840} INFO - DAG(s) 'newyork_fhv_silver' retrieved from /opt/airflow/dags/newyork_fhv_silver.py
[2026-05-09T02:19:49.372+0000] {logging_mixin.py:188} INFO - [2026-05-09T02:19:49.371+0000] {dag.py:3096} INFO - Sync 1 DAGs
[2026-05-09T02:19:49.386+0000] {logging_mixin.py:188} INFO - [2026-05-09T02:19:49.386+0000] {dag.py:3954} INFO - Setting next_dagrun for newyork_fhv_silver to None, run_after=None
[2026-05-09T02:19:49.420+0000] {processor.py:183} INFO - Processing /opt/airflow/dags/newyork_fhv_silver.py took 0.153 seconds
[2026-05-09T02:20:19.514+0000] {processor.py:161} INFO - Started process (PID=3044) to work on /opt/airflow/dags/newyork_fhv_silver.py
[2026-05-09T02:20:19.515+0000] {processor.py:830} INFO - Processing file /opt/airflow/dags/newyork_fhv_silver.py for tasks to queue
[2026-05-09T02:20:19.518+0000] {logging_mixin.py:188} INFO - [2026-05-09T02:20:19.517+0000] {dagbag.py:545} INFO - Filling up the DagBag from /opt/airflow/dags/newyork_fhv_silver.py
[2026-05-09T02:20:19.548+0000] {processor.py:840} INFO - DAG(s) 'newyork_fhv_silver' retrieved from /opt/airflow/dags/newyork_fhv_silver.py
[2026-05-09T02:20:19.572+0000] {logging_mixin.py:188} INFO - [2026-05-09T02:20:19.572+0000] {dag.py:3096} INFO - Sync 1 DAGs
[2026-05-09T02:20:19.586+0000] {logging_mixin.py:188} INFO - [2026-05-09T02:20:19.585+0000] {dag.py:3954} INFO - Setting next_dagrun for newyork_fhv_silver to None, run_after=None
[2026-05-09T02:20:19.610+0000] {processor.py:183} INFO - Processing /opt/airflow/dags/newyork_fhv_silver.py took 0.105 seconds
[2026-05-09T02:20:50.328+0000] {processor.py:161} INFO - Started process (PID=3055) to work on /opt/airflow/dags/newyork_fhv_silver.py
[2026-05-09T02:20:50.330+0000] {processor.py:830} INFO - Processing file /opt/airflow/dags/newyork_fhv_silver.py for tasks to queue
[2026-05-09T02:20:50.332+0000] {logging_mixin.py:188} INFO - [2026-05-09T02:20:50.332+0000] {dagbag.py:545} INFO - Filling up the DagBag from /opt/airflow/dags/newyork_fhv_silver.py
[2026-05-09T02:20:50.364+0000] {processor.py:840} INFO - DAG(s) 'newyork_fhv_silver' retrieved from /opt/airflow/dags/newyork_fhv_silver.py
[2026-05-09T02:20:50.385+0000] {logging_mixin.py:188} INFO - [2026-05-09T02:20:50.385+0000] {dag.py:3096} INFO - Sync 1 DAGs
[2026-05-09T02:20:50.399+0000] {logging_mixin.py:188} INFO - [2026-05-09T02:20:50.399+0000] {dag.py:3954} INFO - Setting next_dagrun for newyork_fhv_silver to None, run_after=None
[2026-05-09T02:20:50.422+0000] {processor.py:183} INFO - Processing /opt/airflow/dags/newyork_fhv_silver.py took 0.100 seconds
[2026-05-09T02:21:21.201+0000] {processor.py:161} INFO - Started process (PID=3066) to work on /opt/airflow/dags/newyork_fhv_silver.py
[2026-05-09T02:21:21.204+0000] {processor.py:830} INFO - Processing file /opt/airflow/dags/newyork_fhv_silver.py for tasks to queue
[2026-05-09T02:21:21.208+0000] {logging_mixin.py:188} INFO - [2026-05-09T02:21:21.207+0000] {dagbag.py:545} INFO - Filling up the DagBag from /opt/airflow/dags/newyork_fhv_silver.py
[2026-05-09T02:21:21.250+0000] {processor.py:840} INFO - DAG(s) 'newyork_fhv_silver' retrieved from /opt/airflow/dags/newyork_fhv_silver.py
[2026-05-09T02:21:21.277+0000] {logging_mixin.py:188} INFO - [2026-05-09T02:21:21.277+0000] {dag.py:3096} INFO - Sync 1 DAGs
[2026-05-09T02:21:21.301+0000] {logging_mixin.py:188} INFO - [2026-05-09T02:21:21.300+0000] {dag.py:3954} INFO - Setting next_dagrun for newyork_fhv_silver to None, run_after=None
[2026-05-09T02:21:21.340+0000] {processor.py:183} INFO - Processing /opt/airflow/dags/newyork_fhv_silver.py took 0.150 seconds
[2026-05-09T02:21:52.061+0000] {processor.py:161} INFO - Started process (PID=3077) to work on /opt/airflow/dags/newyork_fhv_silver.py
[2026-05-09T02:21:52.062+0000] {processor.py:830} INFO - Processing file /opt/airflow/dags/newyork_fhv_silver.py for tasks to queue
[2026-05-09T02:21:52.065+0000] {logging_mixin.py:188} INFO - [2026-05-09T02:21:52.064+0000] {dagbag.py:545} INFO - Filling up the DagBag from /opt/airflow/dags/newyork_fhv_silver.py
[2026-05-09T02:21:52.100+0000] {processor.py:840} INFO - DAG(s) 'newyork_fhv_silver' retrieved from /opt/airflow/dags/newyork_fhv_silver.py
[2026-05-09T02:21:52.130+0000] {logging_mixin.py:188} INFO - [2026-05-09T02:21:52.130+0000] {dag.py:3096} INFO - Sync 1 DAGs
[2026-05-09T02:21:52.145+0000] {logging_mixin.py:188} INFO - [2026-05-09T02:21:52.145+0000] {dag.py:3954} INFO - Setting next_dagrun for newyork_fhv_silver to None, run_after=None
[2026-05-09T02:21:52.168+0000] {processor.py:183} INFO - Processing /opt/airflow/dags/newyork_fhv_silver.py took 0.116 seconds
[2026-05-09T02:22:22.921+0000] {processor.py:161} INFO - Started process (PID=3089) to work on /opt/airflow/dags/newyork_fhv_silver.py
[2026-05-09T02:22:22.922+0000] {processor.py:830} INFO - Processing file /opt/airflow/dags/newyork_fhv_silver.py for tasks to queue
[2026-05-09T02:22:22.926+0000] {logging_mixin.py:188} INFO - [2026-05-09T02:22:22.925+0000] {dagbag.py:545} INFO - Filling up the DagBag from /opt/airflow/dags/newyork_fhv_silver.py
[2026-05-09T02:22:22.959+0000] {processor.py:840} INFO - DAG(s) 'newyork_fhv_silver' retrieved from /opt/airflow/dags/newyork_fhv_silver.py
[2026-05-09T02:22:22.982+0000] {logging_mixin.py:188} INFO - [2026-05-09T02:22:22.981+0000] {dag.py:3096} INFO - Sync 1 DAGs
[2026-05-09T02:22:22.996+0000] {logging_mixin.py:188} INFO - [2026-05-09T02:22:22.996+0000] {dag.py:3954} INFO - Setting next_dagrun for newyork_fhv_silver to None, run_after=None
[2026-05-09T02:22:23.019+0000] {processor.py:183} INFO - Processing /opt/airflow/dags/newyork_fhv_silver.py took 0.107 seconds
[2026-05-09T02:22:53.796+0000] {processor.py:161} INFO - Started process (PID=3100) to work on /opt/airflow/dags/newyork_fhv_silver.py
[2026-05-09T02:22:53.798+0000] {processor.py:830} INFO - Processing file /opt/airflow/dags/newyork_fhv_silver.py for tasks to queue
[2026-05-09T02:22:53.802+0000] {logging_mixin.py:188} INFO - [2026-05-09T02:22:53.801+0000] {dagbag.py:545} INFO - Filling up the DagBag from /opt/airflow/dags/newyork_fhv_silver.py
[2026-05-09T02:22:53.850+0000] {processor.py:840} INFO - DAG(s) 'newyork_fhv_silver' retrieved from /opt/airflow/dags/newyork_fhv_silver.py
[2026-05-09T02:22:53.887+0000] {logging_mixin.py:188} INFO - [2026-05-09T02:22:53.886+0000] {dag.py:3096} INFO - Sync 1 DAGs
[2026-05-09T02:22:53.907+0000] {logging_mixin.py:188} INFO - [2026-05-09T02:22:53.907+0000] {dag.py:3954} INFO - Setting next_dagrun for newyork_fhv_silver to None, run_after=None
[2026-05-09T02:22:53.945+0000] {processor.py:183} INFO - Processing /opt/airflow/dags/newyork_fhv_silver.py took 0.160 seconds
[2026-05-09T02:23:24.879+0000] {processor.py:161} INFO - Started process (PID=3111) to work on /opt/airflow/dags/newyork_fhv_silver.py
[2026-05-09T02:23:24.882+0000] {processor.py:830} INFO - Processing file /opt/airflow/dags/newyork_fhv_silver.py for tasks to queue
[2026-05-09T02:23:24.886+0000] {logging_mixin.py:188} INFO - [2026-05-09T02:23:24.885+0000] {dagbag.py:545} INFO - Filling up the DagBag from /opt/airflow/dags/newyork_fhv_silver.py
[2026-05-09T02:23:24.939+0000] {processor.py:840} INFO - DAG(s) 'newyork_fhv_silver' retrieved from /opt/airflow/dags/newyork_fhv_silver.py
[2026-05-09T02:23:24.979+0000] {logging_mixin.py:188} INFO - [2026-05-09T02:23:24.978+0000] {dag.py:3096} INFO - Sync 1 DAGs
[2026-05-09T02:23:25.006+0000] {logging_mixin.py:188} INFO - [2026-05-09T02:23:25.006+0000] {dag.py:3954} INFO - Setting next_dagrun for newyork_fhv_silver to None, run_after=None
[2026-05-09T02:23:25.057+0000] {processor.py:183} INFO - Processing /opt/airflow/dags/newyork_fhv_silver.py took 0.189 seconds
[2026-05-09T02:23:55.231+0000] {processor.py:161} INFO - Started process (PID=3122) to work on /opt/airflow/dags/newyork_fhv_silver.py
[2026-05-09T02:23:55.234+0000] {processor.py:830} INFO - Processing file /opt/airflow/dags/newyork_fhv_silver.py for tasks to queue
[2026-05-09T02:23:55.243+0000] {logging_mixin.py:188} INFO - [2026-05-09T02:23:55.242+0000] {dagbag.py:545} INFO - Filling up the DagBag from /opt/airflow/dags/newyork_fhv_silver.py
[2026-05-09T02:23:55.310+0000] {processor.py:840} INFO - DAG(s) 'newyork_fhv_silver' retrieved from /opt/airflow/dags/newyork_fhv_silver.py
[2026-05-09T02:23:55.361+0000] {logging_mixin.py:188} INFO - [2026-05-09T02:23:55.360+0000] {dag.py:3096} INFO - Sync 1 DAGs
[2026-05-09T02:23:55.387+0000] {logging_mixin.py:188} INFO - [2026-05-09T02:23:55.387+0000] {dag.py:3954} INFO - Setting next_dagrun for newyork_fhv_silver to None, run_after=None
[2026-05-09T02:23:55.420+0000] {processor.py:183} INFO - Processing /opt/airflow/dags/newyork_fhv_silver.py took 0.199 seconds
[2026-05-09T02:24:26.362+0000] {processor.py:161} INFO - Started process (PID=3133) to work on /opt/airflow/dags/newyork_fhv_silver.py
[2026-05-09T02:24:26.364+0000] {processor.py:830} INFO - Processing file /opt/airflow/dags/newyork_fhv_silver.py for tasks to queue
[2026-05-09T02:24:26.368+0000] {logging_mixin.py:188} INFO - [2026-05-09T02:24:26.368+0000] {dagbag.py:545} INFO - Filling up the DagBag from /opt/airflow/dags/newyork_fhv_silver.py
[2026-05-09T02:24:26.410+0000] {processor.py:840} INFO - DAG(s) 'newyork_fhv_silver' retrieved from /opt/airflow/dags/newyork_fhv_silver.py
[2026-05-09T02:24:26.443+0000] {logging_mixin.py:188} INFO - [2026-05-09T02:24:26.443+0000] {dag.py:3096} INFO - Sync 1 DAGs
[2026-05-09T02:24:26.464+0000] {logging_mixin.py:188} INFO - [2026-05-09T02:24:26.464+0000] {dag.py:3954} INFO - Setting next_dagrun for newyork_fhv_silver to None, run_after=None
[2026-05-09T02:24:26.490+0000] {processor.py:183} INFO - Processing /opt/airflow/dags/newyork_fhv_silver.py took 0.140 seconds
[2026-05-09T02:24:57.370+0000] {processor.py:161} INFO - Started process (PID=3144) to work on /opt/airflow/dags/newyork_fhv_silver.py
[2026-05-09T02:24:57.373+0000] {processor.py:830} INFO - Processing file /opt/airflow/dags/newyork_fhv_silver.py for tasks to queue
[2026-05-09T02:24:57.378+0000] {logging_mixin.py:188} INFO - [2026-05-09T02:24:57.377+0000] {dagbag.py:545} INFO - Filling up the DagBag from /opt/airflow/dags/newyork_fhv_silver.py
[2026-05-09T02:24:57.419+0000] {processor.py:840} INFO - DAG(s) 'newyork_fhv_silver' retrieved from /opt/airflow/dags/newyork_fhv_silver.py
[2026-05-09T02:24:57.458+0000] {logging_mixin.py:188} INFO - [2026-05-09T02:24:57.457+0000] {dag.py:3096} INFO - Sync 1 DAGs
[2026-05-09T02:24:57.478+0000] {logging_mixin.py:188} INFO - [2026-05-09T02:24:57.478+0000] {dag.py:3954} INFO - Setting next_dagrun for newyork_fhv_silver to None, run_after=None
[2026-05-09T02:24:57.519+0000] {processor.py:183} INFO - Processing /opt/airflow/dags/newyork_fhv_silver.py took 0.164 seconds
[2026-05-09T02:25:28.307+0000] {processor.py:161} INFO - Started process (PID=3155) to work on /opt/airflow/dags/newyork_fhv_silver.py
[2026-05-09T02:25:28.308+0000] {processor.py:830} INFO - Processing file /opt/airflow/dags/newyork_fhv_silver.py for tasks to queue
[2026-05-09T02:25:28.311+0000] {logging_mixin.py:188} INFO - [2026-05-09T02:25:28.311+0000] {dagbag.py:545} INFO - Filling up the DagBag from /opt/airflow/dags/newyork_fhv_silver.py
[2026-05-09T02:25:28.349+0000] {processor.py:840} INFO - DAG(s) 'newyork_fhv_silver' retrieved from /opt/airflow/dags/newyork_fhv_silver.py
[2026-05-09T02:25:28.371+0000] {logging_mixin.py:188} INFO - [2026-05-09T02:25:28.371+0000] {dag.py:3096} INFO - Sync 1 DAGs
[2026-05-09T02:25:28.384+0000] {logging_mixin.py:188} INFO - [2026-05-09T02:25:28.384+0000] {dag.py:3954} INFO - Setting next_dagrun for newyork_fhv_silver to None, run_after=None
[2026-05-09T02:25:28.411+0000] {processor.py:183} INFO - Processing /opt/airflow/dags/newyork_fhv_silver.py took 0.113 seconds
[2026-05-09T02:25:59.300+0000] {processor.py:161} INFO - Started process (PID=3166) to work on /opt/airflow/dags/newyork_fhv_silver.py
[2026-05-09T02:25:59.302+0000] {processor.py:830} INFO - Processing file /opt/airflow/dags/newyork_fhv_silver.py for tasks to queue
[2026-05-09T02:25:59.307+0000] {logging_mixin.py:188} INFO - [2026-05-09T02:25:59.306+0000] {dagbag.py:545} INFO - Filling up the DagBag from /opt/airflow/dags/newyork_fhv_silver.py
[2026-05-09T02:25:59.369+0000] {processor.py:840} INFO - DAG(s) 'newyork_fhv_silver' retrieved from /opt/airflow/dags/newyork_fhv_silver.py
[2026-05-09T02:25:59.403+0000] {logging_mixin.py:188} INFO - [2026-05-09T02:25:59.402+0000] {dag.py:3096} INFO - Sync 1 DAGs
[2026-05-09T02:25:59.419+0000] {logging_mixin.py:188} INFO - [2026-05-09T02:25:59.419+0000] {dag.py:3954} INFO - Setting next_dagrun for newyork_fhv_silver to None, run_after=None
[2026-05-09T02:25:59.446+0000] {processor.py:183} INFO - Processing /opt/airflow/dags/newyork_fhv_silver.py took 0.158 seconds
[2026-05-09T02:26:30.252+0000] {processor.py:161} INFO - Started process (PID=3177) to work on /opt/airflow/dags/newyork_fhv_silver.py
[2026-05-09T02:26:30.255+0000] {processor.py:830} INFO - Processing file /opt/airflow/dags/newyork_fhv_silver.py for tasks to queue
[2026-05-09T02:26:30.258+0000] {logging_mixin.py:188} INFO - [2026-05-09T02:26:30.258+0000] {dagbag.py:545} INFO - Filling up the DagBag from /opt/airflow/dags/newyork_fhv_silver.py
[2026-05-09T02:26:30.318+0000] {processor.py:840} INFO - DAG(s) 'newyork_fhv_silver' retrieved from /opt/airflow/dags/newyork_fhv_silver.py
[2026-05-09T02:26:30.353+0000] {logging_mixin.py:188} INFO - [2026-05-09T02:26:30.353+0000] {dag.py:3096} INFO - Sync 1 DAGs
[2026-05-09T02:26:30.373+0000] {logging_mixin.py:188} INFO - [2026-05-09T02:26:30.373+0000] {dag.py:3954} INFO - Setting next_dagrun for newyork_fhv_silver to None, run_after=None
[2026-05-09T02:26:30.411+0000] {processor.py:183} INFO - Processing /opt/airflow/dags/newyork_fhv_silver.py took 0.170 seconds
[2026-05-09T02:27:00.767+0000] {processor.py:161} INFO - Started process (PID=3188) to work on /opt/airflow/dags/newyork_fhv_silver.py
[2026-05-09T02:27:00.769+0000] {processor.py:830} INFO - Processing file /opt/airflow/dags/newyork_fhv_silver.py for tasks to queue
[2026-05-09T02:27:00.773+0000] {logging_mixin.py:188} INFO - [2026-05-09T02:27:00.772+0000] {dagbag.py:545} INFO - Filling up the DagBag from /opt/airflow/dags/newyork_fhv_silver.py
[2026-05-09T02:27:00.812+0000] {processor.py:840} INFO - DAG(s) 'newyork_fhv_silver' retrieved from /opt/airflow/dags/newyork_fhv_silver.py
[2026-05-09T02:27:00.841+0000] {logging_mixin.py:188} INFO - [2026-05-09T02:27:00.840+0000] {dag.py:3096} INFO - Sync 1 DAGs
[2026-05-09T02:27:00.857+0000] {logging_mixin.py:188} INFO - [2026-05-09T02:27:00.857+0000] {dag.py:3954} INFO - Setting next_dagrun for newyork_fhv_silver to None, run_after=None
[2026-05-09T02:27:00.890+0000] {processor.py:183} INFO - Processing /opt/airflow/dags/newyork_fhv_silver.py took 0.135 seconds
[2026-05-09T02:27:31.763+0000] {processor.py:161} INFO - Started process (PID=3199) to work on /opt/airflow/dags/newyork_fhv_silver.py
[2026-05-09T02:27:31.765+0000] {processor.py:830} INFO - Processing file /opt/airflow/dags/newyork_fhv_silver.py for tasks to queue
[2026-05-09T02:27:31.767+0000] {logging_mixin.py:188} INFO - [2026-05-09T02:27:31.767+0000] {dagbag.py:545} INFO - Filling up the DagBag from /opt/airflow/dags/newyork_fhv_silver.py
[2026-05-09T02:27:31.802+0000] {processor.py:840} INFO - DAG(s) 'newyork_fhv_silver' retrieved from /opt/airflow/dags/newyork_fhv_silver.py
[2026-05-09T02:27:31.827+0000] {logging_mixin.py:188} INFO - [2026-05-09T02:27:31.827+0000] {dag.py:3096} INFO - Sync 1 DAGs
[2026-05-09T02:27:31.843+0000] {logging_mixin.py:188} INFO - [2026-05-09T02:27:31.843+0000] {dag.py:3954} INFO - Setting next_dagrun for newyork_fhv_silver to None, run_after=None
[2026-05-09T02:27:31.886+0000] {processor.py:183} INFO - Processing /opt/airflow/dags/newyork_fhv_silver.py took 0.130 seconds
[2026-05-09T02:28:02.716+0000] {processor.py:161} INFO - Started process (PID=3210) to work on /opt/airflow/dags/newyork_fhv_silver.py
[2026-05-09T02:28:02.717+0000] {processor.py:830} INFO - Processing file /opt/airflow/dags/newyork_fhv_silver.py for tasks to queue
[2026-05-09T02:28:02.720+0000] {logging_mixin.py:188} INFO - [2026-05-09T02:28:02.720+0000] {dagbag.py:545} INFO - Filling up the DagBag from /opt/airflow/dags/newyork_fhv_silver.py
[2026-05-09T02:28:02.748+0000] {processor.py:840} INFO - DAG(s) 'newyork_fhv_silver' retrieved from /opt/airflow/dags/newyork_fhv_silver.py
[2026-05-09T02:28:02.769+0000] {logging_mixin.py:188} INFO - [2026-05-09T02:28:02.769+0000] {dag.py:3096} INFO - Sync 1 DAGs
[2026-05-09T02:28:02.784+0000] {logging_mixin.py:188} INFO - [2026-05-09T02:28:02.784+0000] {dag.py:3954} INFO - Setting next_dagrun for newyork_fhv_silver to None, run_after=None
[2026-05-09T02:28:02.814+0000] {processor.py:183} INFO - Processing /opt/airflow/dags/newyork_fhv_silver.py took 0.105 seconds
[2026-05-09T02:28:33.534+0000] {processor.py:161} INFO - Started process (PID=3221) to work on /opt/airflow/dags/newyork_fhv_silver.py
[2026-05-09T02:28:33.535+0000] {processor.py:830} INFO - Processing file /opt/airflow/dags/newyork_fhv_silver.py for tasks to queue
[2026-05-09T02:28:33.538+0000] {logging_mixin.py:188} INFO - [2026-05-09T02:28:33.538+0000] {dagbag.py:545} INFO - Filling up the DagBag from /opt/airflow/dags/newyork_fhv_silver.py
[2026-05-09T02:28:33.565+0000] {processor.py:840} INFO - DAG(s) 'newyork_fhv_silver' retrieved from /opt/airflow/dags/newyork_fhv_silver.py
[2026-05-09T02:28:33.587+0000] {logging_mixin.py:188} INFO - [2026-05-09T02:28:33.587+0000] {dag.py:3096} INFO - Sync 1 DAGs
[2026-05-09T02:28:33.601+0000] {logging_mixin.py:188} INFO - [2026-05-09T02:28:33.600+0000] {dag.py:3954} INFO - Setting next_dagrun for newyork_fhv_silver to None, run_after=None
[2026-05-09T02:28:33.624+0000] {processor.py:183} INFO - Processing /opt/airflow/dags/newyork_fhv_silver.py took 0.097 seconds
[2026-05-09T02:29:04.637+0000] {processor.py:161} INFO - Started process (PID=3232) to work on /opt/airflow/dags/newyork_fhv_silver.py
[2026-05-09T02:29:04.639+0000] {processor.py:830} INFO - Processing file /opt/airflow/dags/newyork_fhv_silver.py for tasks to queue
[2026-05-09T02:29:04.641+0000] {logging_mixin.py:188} INFO - [2026-05-09T02:29:04.641+0000] {dagbag.py:545} INFO - Filling up the DagBag from /opt/airflow/dags/newyork_fhv_silver.py
[2026-05-09T02:29:04.679+0000] {processor.py:840} INFO - DAG(s) 'newyork_fhv_silver' retrieved from /opt/airflow/dags/newyork_fhv_silver.py
[2026-05-09T02:29:04.704+0000] {logging_mixin.py:188} INFO - [2026-05-09T02:29:04.704+0000] {dag.py:3096} INFO - Sync 1 DAGs
[2026-05-09T02:29:04.720+0000] {logging_mixin.py:188} INFO - [2026-05-09T02:29:04.720+0000] {dag.py:3954} INFO - Setting next_dagrun for newyork_fhv_silver to None, run_after=None
[2026-05-09T02:29:04.757+0000] {processor.py:183} INFO - Processing /opt/airflow/dags/newyork_fhv_silver.py took 0.126 seconds
[2026-05-09T02:29:35.524+0000] {processor.py:161} INFO - Started process (PID=3243) to work on /opt/airflow/dags/newyork_fhv_silver.py
[2026-05-09T02:29:35.526+0000] {processor.py:830} INFO - Processing file /opt/airflow/dags/newyork_fhv_silver.py for tasks to queue
[2026-05-09T02:29:35.529+0000] {logging_mixin.py:188} INFO - [2026-05-09T02:29:35.529+0000] {dagbag.py:545} INFO - Filling up the DagBag from /opt/airflow/dags/newyork_fhv_silver.py
[2026-05-09T02:29:35.569+0000] {processor.py:840} INFO - DAG(s) 'newyork_fhv_silver' retrieved from /opt/airflow/dags/newyork_fhv_silver.py
[2026-05-09T02:29:35.601+0000] {logging_mixin.py:188} INFO - [2026-05-09T02:29:35.601+0000] {dag.py:3096} INFO - Sync 1 DAGs
[2026-05-09T02:29:35.615+0000] {logging_mixin.py:188} INFO - [2026-05-09T02:29:35.615+0000] {dag.py:3954} INFO - Setting next_dagrun for newyork_fhv_silver to None, run_after=None
[2026-05-09T02:29:35.645+0000] {processor.py:183} INFO - Processing /opt/airflow/dags/newyork_fhv_silver.py took 0.128 seconds
[2026-05-09T02:30:06.480+0000] {processor.py:161} INFO - Started process (PID=3254) to work on /opt/airflow/dags/newyork_fhv_silver.py
[2026-05-09T02:30:06.481+0000] {processor.py:830} INFO - Processing file /opt/airflow/dags/newyork_fhv_silver.py for tasks to queue
[2026-05-09T02:30:06.484+0000] {logging_mixin.py:188} INFO - [2026-05-09T02:30:06.483+0000] {dagbag.py:545} INFO - Filling up the DagBag from /opt/airflow/dags/newyork_fhv_silver.py
[2026-05-09T02:30:06.513+0000] {processor.py:840} INFO - DAG(s) 'newyork_fhv_silver' retrieved from /opt/airflow/dags/newyork_fhv_silver.py
[2026-05-09T02:30:06.535+0000] {logging_mixin.py:188} INFO - [2026-05-09T02:30:06.534+0000] {dag.py:3096} INFO - Sync 1 DAGs
[2026-05-09T02:30:06.547+0000] {logging_mixin.py:188} INFO - [2026-05-09T02:30:06.547+0000] {dag.py:3954} INFO - Setting next_dagrun for newyork_fhv_silver to None, run_after=None
[2026-05-09T02:30:06.569+0000] {processor.py:183} INFO - Processing /opt/airflow/dags/newyork_fhv_silver.py took 0.096 seconds
[2026-05-09T02:30:37.379+0000] {processor.py:161} INFO - Started process (PID=3265) to work on /opt/airflow/dags/newyork_fhv_silver.py
[2026-05-09T02:30:37.381+0000] {processor.py:830} INFO - Processing file /opt/airflow/dags/newyork_fhv_silver.py for tasks to queue
[2026-05-09T02:30:37.384+0000] {logging_mixin.py:188} INFO - [2026-05-09T02:30:37.383+0000] {dagbag.py:545} INFO - Filling up the DagBag from /opt/airflow/dags/newyork_fhv_silver.py
[2026-05-09T02:30:37.408+0000] {processor.py:840} INFO - DAG(s) 'newyork_fhv_silver' retrieved from /opt/airflow/dags/newyork_fhv_silver.py
[2026-05-09T02:30:37.434+0000] {logging_mixin.py:188} INFO - [2026-05-09T02:30:37.434+0000] {dag.py:3096} INFO - Sync 1 DAGs
[2026-05-09T02:30:37.450+0000] {logging_mixin.py:188} INFO - [2026-05-09T02:30:37.450+0000] {dag.py:3954} INFO - Setting next_dagrun for newyork_fhv_silver to None, run_after=None
[2026-05-09T02:30:37.476+0000] {processor.py:183} INFO - Processing /opt/airflow/dags/newyork_fhv_silver.py took 0.107 seconds
[2026-05-09T02:31:08.322+0000] {processor.py:161} INFO - Started process (PID=3276) to work on /opt/airflow/dags/newyork_fhv_silver.py
[2026-05-09T02:31:08.324+0000] {processor.py:830} INFO - Processing file /opt/airflow/dags/newyork_fhv_silver.py for tasks to queue
[2026-05-09T02:31:08.327+0000] {logging_mixin.py:188} INFO - [2026-05-09T02:31:08.326+0000] {dagbag.py:545} INFO - Filling up the DagBag from /opt/airflow/dags/newyork_fhv_silver.py
[2026-05-09T02:31:08.370+0000] {processor.py:840} INFO - DAG(s) 'newyork_fhv_silver' retrieved from /opt/airflow/dags/newyork_fhv_silver.py
[2026-05-09T02:31:08.414+0000] {logging_mixin.py:188} INFO - [2026-05-09T02:31:08.413+0000] {dag.py:3096} INFO - Sync 1 DAGs
[2026-05-09T02:31:08.434+0000] {logging_mixin.py:188} INFO - [2026-05-09T02:31:08.434+0000] {dag.py:3954} INFO - Setting next_dagrun for newyork_fhv_silver to None, run_after=None
[2026-05-09T02:31:08.466+0000] {processor.py:183} INFO - Processing /opt/airflow/dags/newyork_fhv_silver.py took 0.150 seconds
[2026-05-09T02:31:39.275+0000] {processor.py:161} INFO - Started process (PID=3287) to work on /opt/airflow/dags/newyork_fhv_silver.py
[2026-05-09T02:31:39.277+0000] {processor.py:830} INFO - Processing file /opt/airflow/dags/newyork_fhv_silver.py for tasks to queue
[2026-05-09T02:31:39.280+0000] {logging_mixin.py:188} INFO - [2026-05-09T02:31:39.280+0000] {dagbag.py:545} INFO - Filling up the DagBag from /opt/airflow/dags/newyork_fhv_silver.py
[2026-05-09T02:31:39.327+0000] {processor.py:840} INFO - DAG(s) 'newyork_fhv_silver' retrieved from /opt/airflow/dags/newyork_fhv_silver.py
[2026-05-09T02:31:39.362+0000] {logging_mixin.py:188} INFO - [2026-05-09T02:31:39.362+0000] {dag.py:3096} INFO - Sync 1 DAGs
[2026-05-09T02:31:39.377+0000] {logging_mixin.py:188} INFO - [2026-05-09T02:31:39.377+0000] {dag.py:3954} INFO - Setting next_dagrun for newyork_fhv_silver to None, run_after=None
[2026-05-09T02:31:39.406+0000] {processor.py:183} INFO - Processing /opt/airflow/dags/newyork_fhv_silver.py took 0.137 seconds
[2026-05-09T02:32:10.205+0000] {processor.py:161} INFO - Started process (PID=3298) to work on /opt/airflow/dags/newyork_fhv_silver.py
[2026-05-09T02:32:10.207+0000] {processor.py:830} INFO - Processing file /opt/airflow/dags/newyork_fhv_silver.py for tasks to queue
[2026-05-09T02:32:10.210+0000] {logging_mixin.py:188} INFO - [2026-05-09T02:32:10.210+0000] {dagbag.py:545} INFO - Filling up the DagBag from /opt/airflow/dags/newyork_fhv_silver.py
[2026-05-09T02:32:10.262+0000] {processor.py:840} INFO - DAG(s) 'newyork_fhv_silver' retrieved from /opt/airflow/dags/newyork_fhv_silver.py
[2026-05-09T02:32:10.291+0000] {logging_mixin.py:188} INFO - [2026-05-09T02:32:10.290+0000] {dag.py:3096} INFO - Sync 1 DAGs
[2026-05-09T02:32:10.309+0000] {logging_mixin.py:188} INFO - [2026-05-09T02:32:10.309+0000] {dag.py:3954} INFO - Setting next_dagrun for newyork_fhv_silver to None, run_after=None
[2026-05-09T02:32:10.471+0000] {processor.py:183} INFO - Processing /opt/airflow/dags/newyork_fhv_silver.py took 0.275 seconds
[2026-05-09T02:32:41.446+0000] {processor.py:161} INFO - Started process (PID=3309) to work on /opt/airflow/dags/newyork_fhv_silver.py
[2026-05-09T02:32:41.448+0000] {processor.py:830} INFO - Processing file /opt/airflow/dags/newyork_fhv_silver.py for tasks to queue
[2026-05-09T02:32:41.451+0000] {logging_mixin.py:188} INFO - [2026-05-09T02:32:41.450+0000] {dagbag.py:545} INFO - Filling up the DagBag from /opt/airflow/dags/newyork_fhv_silver.py
[2026-05-09T02:32:41.491+0000] {processor.py:840} INFO - DAG(s) 'newyork_fhv_silver' retrieved from /opt/airflow/dags/newyork_fhv_silver.py
[2026-05-09T02:32:41.514+0000] {logging_mixin.py:188} INFO - [2026-05-09T02:32:41.514+0000] {dag.py:3096} INFO - Sync 1 DAGs
[2026-05-09T02:32:41.528+0000] {logging_mixin.py:188} INFO - [2026-05-09T02:32:41.528+0000] {dag.py:3954} INFO - Setting next_dagrun for newyork_fhv_silver to None, run_after=None
[2026-05-09T02:32:41.564+0000] {processor.py:183} INFO - Processing /opt/airflow/dags/newyork_fhv_silver.py took 0.125 seconds
[2026-05-09T02:33:12.315+0000] {processor.py:161} INFO - Started process (PID=3320) to work on /opt/airflow/dags/newyork_fhv_silver.py
[2026-05-09T02:33:12.318+0000] {processor.py:830} INFO - Processing file /opt/airflow/dags/newyork_fhv_silver.py for tasks to queue
[2026-05-09T02:33:12.321+0000] {logging_mixin.py:188} INFO - [2026-05-09T02:33:12.320+0000] {dagbag.py:545} INFO - Filling up the DagBag from /opt/airflow/dags/newyork_fhv_silver.py
[2026-05-09T02:33:12.353+0000] {processor.py:840} INFO - DAG(s) 'newyork_fhv_silver' retrieved from /opt/airflow/dags/newyork_fhv_silver.py
[2026-05-09T02:33:12.384+0000] {logging_mixin.py:188} INFO - [2026-05-09T02:33:12.384+0000] {dag.py:3096} INFO - Sync 1 DAGs
[2026-05-09T02:33:12.401+0000] {logging_mixin.py:188} INFO - [2026-05-09T02:33:12.400+0000] {dag.py:3954} INFO - Setting next_dagrun for newyork_fhv_silver to None, run_after=None
[2026-05-09T02:33:12.432+0000] {processor.py:183} INFO - Processing /opt/airflow/dags/newyork_fhv_silver.py took 0.125 seconds
[2026-05-09T02:33:43.393+0000] {processor.py:161} INFO - Started process (PID=3337) to work on /opt/airflow/dags/newyork_fhv_silver.py
[2026-05-09T02:33:43.395+0000] {processor.py:830} INFO - Processing file /opt/airflow/dags/newyork_fhv_silver.py for tasks to queue
[2026-05-09T02:33:43.400+0000] {logging_mixin.py:188} INFO - [2026-05-09T02:33:43.399+0000] {dagbag.py:545} INFO - Filling up the DagBag from /opt/airflow/dags/newyork_fhv_silver.py
[2026-05-09T02:33:43.459+0000] {processor.py:840} INFO - DAG(s) 'newyork_fhv_silver' retrieved from /opt/airflow/dags/newyork_fhv_silver.py
[2026-05-09T02:33:43.503+0000] {logging_mixin.py:188} INFO - [2026-05-09T02:33:43.503+0000] {dag.py:3096} INFO - Sync 1 DAGs
[2026-05-09T02:33:43.521+0000] {logging_mixin.py:188} INFO - [2026-05-09T02:33:43.521+0000] {dag.py:3954} INFO - Setting next_dagrun for newyork_fhv_silver to None, run_after=None
[2026-05-09T02:33:43.554+0000] {processor.py:183} INFO - Processing /opt/airflow/dags/newyork_fhv_silver.py took 0.170 seconds
[2026-05-09T02:34:14.499+0000] {processor.py:161} INFO - Started process (PID=3348) to work on /opt/airflow/dags/newyork_fhv_silver.py
[2026-05-09T02:34:14.501+0000] {processor.py:830} INFO - Processing file /opt/airflow/dags/newyork_fhv_silver.py for tasks to queue
[2026-05-09T02:34:14.504+0000] {logging_mixin.py:188} INFO - [2026-05-09T02:34:14.504+0000] {dagbag.py:545} INFO - Filling up the DagBag from /opt/airflow/dags/newyork_fhv_silver.py
[2026-05-09T02:34:14.549+0000] {processor.py:840} INFO - DAG(s) 'newyork_fhv_silver' retrieved from /opt/airflow/dags/newyork_fhv_silver.py
[2026-05-09T02:34:14.573+0000] {logging_mixin.py:188} INFO - [2026-05-09T02:34:14.573+0000] {dag.py:3096} INFO - Sync 1 DAGs
[2026-05-09T02:34:14.588+0000] {logging_mixin.py:188} INFO - [2026-05-09T02:34:14.588+0000] {dag.py:3954} INFO - Setting next_dagrun for newyork_fhv_silver to None, run_after=None
[2026-05-09T02:34:14.615+0000] {processor.py:183} INFO - Processing /opt/airflow/dags/newyork_fhv_silver.py took 0.122 seconds
[2026-05-09T02:34:45.476+0000] {processor.py:161} INFO - Started process (PID=3360) to work on /opt/airflow/dags/newyork_fhv_silver.py
[2026-05-09T02:34:45.478+0000] {processor.py:830} INFO - Processing file /opt/airflow/dags/newyork_fhv_silver.py for tasks to queue
[2026-05-09T02:34:45.480+0000] {logging_mixin.py:188} INFO - [2026-05-09T02:34:45.480+0000] {dagbag.py:545} INFO - Filling up the DagBag from /opt/airflow/dags/newyork_fhv_silver.py
[2026-05-09T02:34:45.520+0000] {processor.py:840} INFO - DAG(s) 'newyork_fhv_silver' retrieved from /opt/airflow/dags/newyork_fhv_silver.py
[2026-05-09T02:34:45.544+0000] {logging_mixin.py:188} INFO - [2026-05-09T02:34:45.543+0000] {dag.py:3096} INFO - Sync 1 DAGs
[2026-05-09T02:34:45.561+0000] {logging_mixin.py:188} INFO - [2026-05-09T02:34:45.561+0000] {dag.py:3954} INFO - Setting next_dagrun for newyork_fhv_silver to None, run_after=None
[2026-05-09T02:34:45.590+0000] {processor.py:183} INFO - Processing /opt/airflow/dags/newyork_fhv_silver.py took 0.122 seconds
[2026-05-09T02:35:16.457+0000] {processor.py:161} INFO - Started process (PID=3371) to work on /opt/airflow/dags/newyork_fhv_silver.py
[2026-05-09T02:35:16.459+0000] {processor.py:830} INFO - Processing file /opt/airflow/dags/newyork_fhv_silver.py for tasks to queue
[2026-05-09T02:35:16.462+0000] {logging_mixin.py:188} INFO - [2026-05-09T02:35:16.461+0000] {dagbag.py:545} INFO - Filling up the DagBag from /opt/airflow/dags/newyork_fhv_silver.py
[2026-05-09T02:35:16.493+0000] {processor.py:840} INFO - DAG(s) 'newyork_fhv_silver' retrieved from /opt/airflow/dags/newyork_fhv_silver.py
[2026-05-09T02:35:16.516+0000] {logging_mixin.py:188} INFO - [2026-05-09T02:35:16.516+0000] {dag.py:3096} INFO - Sync 1 DAGs
[2026-05-09T02:35:16.530+0000] {logging_mixin.py:188} INFO - [2026-05-09T02:35:16.530+0000] {dag.py:3954} INFO - Setting next_dagrun for newyork_fhv_silver to None, run_after=None
[2026-05-09T02:35:16.563+0000] {processor.py:183} INFO - Processing /opt/airflow/dags/newyork_fhv_silver.py took 0.114 seconds
[2026-05-09T02:35:46.721+0000] {processor.py:161} INFO - Started process (PID=3382) to work on /opt/airflow/dags/newyork_fhv_silver.py
[2026-05-09T02:35:46.723+0000] {processor.py:830} INFO - Processing file /opt/airflow/dags/newyork_fhv_silver.py for tasks to queue
[2026-05-09T02:35:46.727+0000] {logging_mixin.py:188} INFO - [2026-05-09T02:35:46.726+0000] {dagbag.py:545} INFO - Filling up the DagBag from /opt/airflow/dags/newyork_fhv_silver.py
[2026-05-09T02:35:46.777+0000] {processor.py:840} INFO - DAG(s) 'newyork_fhv_silver' retrieved from /opt/airflow/dags/newyork_fhv_silver.py
[2026-05-09T02:35:46.802+0000] {logging_mixin.py:188} INFO - [2026-05-09T02:35:46.802+0000] {dag.py:3096} INFO - Sync 1 DAGs
[2026-05-09T02:35:46.816+0000] {logging_mixin.py:188} INFO - [2026-05-09T02:35:46.816+0000] {dag.py:3954} INFO - Setting next_dagrun for newyork_fhv_silver to None, run_after=None
[2026-05-09T02:35:46.843+0000] {processor.py:183} INFO - Processing /opt/airflow/dags/newyork_fhv_silver.py took 0.132 seconds
[2026-05-09T02:36:17.735+0000] {processor.py:161} INFO - Started process (PID=3393) to work on /opt/airflow/dags/newyork_fhv_silver.py
[2026-05-09T02:36:17.737+0000] {processor.py:830} INFO - Processing file /opt/airflow/dags/newyork_fhv_silver.py for tasks to queue
[2026-05-09T02:36:17.741+0000] {logging_mixin.py:188} INFO - [2026-05-09T02:36:17.740+0000] {dagbag.py:545} INFO - Filling up the DagBag from /opt/airflow/dags/newyork_fhv_silver.py
[2026-05-09T02:36:17.789+0000] {processor.py:840} INFO - DAG(s) 'newyork_fhv_silver' retrieved from /opt/airflow/dags/newyork_fhv_silver.py
[2026-05-09T02:36:17.822+0000] {logging_mixin.py:188} INFO - [2026-05-09T02:36:17.822+0000] {dag.py:3096} INFO - Sync 1 DAGs
[2026-05-09T02:36:17.836+0000] {logging_mixin.py:188} INFO - [2026-05-09T02:36:17.836+0000] {dag.py:3954} INFO - Setting next_dagrun for newyork_fhv_silver to None, run_after=None
[2026-05-09T02:36:17.870+0000] {processor.py:183} INFO - Processing /opt/airflow/dags/newyork_fhv_silver.py took 0.143 seconds
[2026-05-09T02:36:48.751+0000] {processor.py:161} INFO - Started process (PID=3404) to work on /opt/airflow/dags/newyork_fhv_silver.py
[2026-05-09T02:36:48.753+0000] {processor.py:830} INFO - Processing file /opt/airflow/dags/newyork_fhv_silver.py for tasks to queue
[2026-05-09T02:36:48.757+0000] {logging_mixin.py:188} INFO - [2026-05-09T02:36:48.756+0000] {dagbag.py:545} INFO - Filling up the DagBag from /opt/airflow/dags/newyork_fhv_silver.py
[2026-05-09T02:36:48.794+0000] {processor.py:840} INFO - DAG(s) 'newyork_fhv_silver' retrieved from /opt/airflow/dags/newyork_fhv_silver.py
[2026-05-09T02:36:48.820+0000] {logging_mixin.py:188} INFO - [2026-05-09T02:36:48.820+0000] {dag.py:3096} INFO - Sync 1 DAGs
[2026-05-09T02:36:48.836+0000] {logging_mixin.py:188} INFO - [2026-05-09T02:36:48.836+0000] {dag.py:3954} INFO - Setting next_dagrun for newyork_fhv_silver to None, run_after=None
[2026-05-09T02:36:48.863+0000] {processor.py:183} INFO - Processing /opt/airflow/dags/newyork_fhv_silver.py took 0.122 seconds
[2026-05-09T02:37:19.548+0000] {processor.py:161} INFO - Started process (PID=3415) to work on /opt/airflow/dags/newyork_fhv_silver.py
[2026-05-09T02:37:19.551+0000] {processor.py:830} INFO - Processing file /opt/airflow/dags/newyork_fhv_silver.py for tasks to queue
[2026-05-09T02:37:19.555+0000] {logging_mixin.py:188} INFO - [2026-05-09T02:37:19.554+0000] {dagbag.py:545} INFO - Filling up the DagBag from /opt/airflow/dags/newyork_fhv_silver.py
[2026-05-09T02:37:19.593+0000] {processor.py:840} INFO - DAG(s) 'newyork_fhv_silver' retrieved from /opt/airflow/dags/newyork_fhv_silver.py
[2026-05-09T02:37:19.624+0000] {logging_mixin.py:188} INFO - [2026-05-09T02:37:19.624+0000] {dag.py:3096} INFO - Sync 1 DAGs
[2026-05-09T02:37:19.640+0000] {logging_mixin.py:188} INFO - [2026-05-09T02:37:19.640+0000] {dag.py:3954} INFO - Setting next_dagrun for newyork_fhv_silver to None, run_after=None
[2026-05-09T02:37:19.668+0000] {processor.py:183} INFO - Processing /opt/airflow/dags/newyork_fhv_silver.py took 0.130 seconds
[2026-05-09T02:37:50.557+0000] {processor.py:161} INFO - Started process (PID=3426) to work on /opt/airflow/dags/newyork_fhv_silver.py
[2026-05-09T02:37:50.560+0000] {processor.py:830} INFO - Processing file /opt/airflow/dags/newyork_fhv_silver.py for tasks to queue
[2026-05-09T02:37:50.564+0000] {logging_mixin.py:188} INFO - [2026-05-09T02:37:50.563+0000] {dagbag.py:545} INFO - Filling up the DagBag from /opt/airflow/dags/newyork_fhv_silver.py
[2026-05-09T02:37:50.604+0000] {processor.py:840} INFO - DAG(s) 'newyork_fhv_silver' retrieved from /opt/airflow/dags/newyork_fhv_silver.py
[2026-05-09T02:37:50.638+0000] {logging_mixin.py:188} INFO - [2026-05-09T02:37:50.638+0000] {dag.py:3096} INFO - Sync 1 DAGs
[2026-05-09T02:37:50.657+0000] {logging_mixin.py:188} INFO - [2026-05-09T02:37:50.656+0000] {dag.py:3954} INFO - Setting next_dagrun for newyork_fhv_silver to None, run_after=None
[2026-05-09T02:37:50.680+0000] {processor.py:183} INFO - Processing /opt/airflow/dags/newyork_fhv_silver.py took 0.139 seconds
[2026-05-09T02:38:21.515+0000] {processor.py:161} INFO - Started process (PID=3437) to work on /opt/airflow/dags/newyork_fhv_silver.py
[2026-05-09T02:38:21.517+0000] {processor.py:830} INFO - Processing file /opt/airflow/dags/newyork_fhv_silver.py for tasks to queue
[2026-05-09T02:38:21.519+0000] {logging_mixin.py:188} INFO - [2026-05-09T02:38:21.519+0000] {dagbag.py:545} INFO - Filling up the DagBag from /opt/airflow/dags/newyork_fhv_silver.py
[2026-05-09T02:38:21.540+0000] {processor.py:840} INFO - DAG(s) 'newyork_fhv_silver' retrieved from /opt/airflow/dags/newyork_fhv_silver.py
[2026-05-09T02:38:21.564+0000] {logging_mixin.py:188} INFO - [2026-05-09T02:38:21.563+0000] {dag.py:3096} INFO - Sync 1 DAGs
[2026-05-09T02:38:21.580+0000] {logging_mixin.py:188} INFO - [2026-05-09T02:38:21.580+0000] {dag.py:3954} INFO - Setting next_dagrun for newyork_fhv_silver to None, run_after=None
[2026-05-09T02:38:21.606+0000] {processor.py:183} INFO - Processing /opt/airflow/dags/newyork_fhv_silver.py took 0.097 seconds
[2026-05-09T02:38:52.543+0000] {processor.py:161} INFO - Started process (PID=3448) to work on /opt/airflow/dags/newyork_fhv_silver.py
[2026-05-09T02:38:52.545+0000] {processor.py:830} INFO - Processing file /opt/airflow/dags/newyork_fhv_silver.py for tasks to queue
[2026-05-09T02:38:52.551+0000] {logging_mixin.py:188} INFO - [2026-05-09T02:38:52.550+0000] {dagbag.py:545} INFO - Filling up the DagBag from /opt/airflow/dags/newyork_fhv_silver.py
[2026-05-09T02:38:52.590+0000] {processor.py:840} INFO - DAG(s) 'newyork_fhv_silver' retrieved from /opt/airflow/dags/newyork_fhv_silver.py
[2026-05-09T02:38:52.621+0000] {logging_mixin.py:188} INFO - [2026-05-09T02:38:52.621+0000] {dag.py:3096} INFO - Sync 1 DAGs
[2026-05-09T02:38:52.639+0000] {logging_mixin.py:188} INFO - [2026-05-09T02:38:52.638+0000] {dag.py:3954} INFO - Setting next_dagrun for newyork_fhv_silver to None, run_after=None
[2026-05-09T02:38:52.673+0000] {processor.py:183} INFO - Processing /opt/airflow/dags/newyork_fhv_silver.py took 0.145 seconds
[2026-05-09T02:39:22.766+0000] {processor.py:161} INFO - Started process (PID=3459) to work on /opt/airflow/dags/newyork_fhv_silver.py
[2026-05-09T02:39:22.768+0000] {processor.py:830} INFO - Processing file /opt/airflow/dags/newyork_fhv_silver.py for tasks to queue
[2026-05-09T02:39:22.772+0000] {logging_mixin.py:188} INFO - [2026-05-09T02:39:22.772+0000] {dagbag.py:545} INFO - Filling up the DagBag from /opt/airflow/dags/newyork_fhv_silver.py
[2026-05-09T02:39:22.815+0000] {processor.py:840} INFO - DAG(s) 'newyork_fhv_silver' retrieved from /opt/airflow/dags/newyork_fhv_silver.py
[2026-05-09T02:39:22.843+0000] {logging_mixin.py:188} INFO - [2026-05-09T02:39:22.842+0000] {dag.py:3096} INFO - Sync 1 DAGs
[2026-05-09T02:39:22.863+0000] {logging_mixin.py:188} INFO - [2026-05-09T02:39:22.863+0000] {dag.py:3954} INFO - Setting next_dagrun for newyork_fhv_silver to None, run_after=None
[2026-05-09T02:39:22.896+0000] {processor.py:183} INFO - Processing /opt/airflow/dags/newyork_fhv_silver.py took 0.139 seconds
[2026-05-09T02:39:53.819+0000] {processor.py:161} INFO - Started process (PID=3470) to work on /opt/airflow/dags/newyork_fhv_silver.py
[2026-05-09T02:39:53.821+0000] {processor.py:830} INFO - Processing file /opt/airflow/dags/newyork_fhv_silver.py for tasks to queue
[2026-05-09T02:39:53.824+0000] {logging_mixin.py:188} INFO - [2026-05-09T02:39:53.823+0000] {dagbag.py:545} INFO - Filling up the DagBag from /opt/airflow/dags/newyork_fhv_silver.py
[2026-05-09T02:39:53.858+0000] {processor.py:840} INFO - DAG(s) 'newyork_fhv_silver' retrieved from /opt/airflow/dags/newyork_fhv_silver.py
[2026-05-09T02:39:53.892+0000] {logging_mixin.py:188} INFO - [2026-05-09T02:39:53.892+0000] {dag.py:3096} INFO - Sync 1 DAGs
[2026-05-09T02:39:53.910+0000] {logging_mixin.py:188} INFO - [2026-05-09T02:39:53.910+0000] {dag.py:3954} INFO - Setting next_dagrun for newyork_fhv_silver to None, run_after=None
[2026-05-09T02:39:53.943+0000] {processor.py:183} INFO - Processing /opt/airflow/dags/newyork_fhv_silver.py took 0.134 seconds
[2026-05-09T02:40:24.698+0000] {processor.py:161} INFO - Started process (PID=3481) to work on /opt/airflow/dags/newyork_fhv_silver.py
[2026-05-09T02:40:24.701+0000] {processor.py:830} INFO - Processing file /opt/airflow/dags/newyork_fhv_silver.py for tasks to queue
[2026-05-09T02:40:24.704+0000] {logging_mixin.py:188} INFO - [2026-05-09T02:40:24.703+0000] {dagbag.py:545} INFO - Filling up the DagBag from /opt/airflow/dags/newyork_fhv_silver.py
[2026-05-09T02:40:24.727+0000] {processor.py:840} INFO - DAG(s) 'newyork_fhv_silver' retrieved from /opt/airflow/dags/newyork_fhv_silver.py
[2026-05-09T02:40:24.754+0000] {logging_mixin.py:188} INFO - [2026-05-09T02:40:24.753+0000] {dag.py:3096} INFO - Sync 1 DAGs
[2026-05-09T02:40:24.768+0000] {logging_mixin.py:188} INFO - [2026-05-09T02:40:24.767+0000] {dag.py:3954} INFO - Setting next_dagrun for newyork_fhv_silver to None, run_after=None
[2026-05-09T02:40:24.792+0000] {processor.py:183} INFO - Processing /opt/airflow/dags/newyork_fhv_silver.py took 0.104 seconds
[2026-05-09T02:40:55.691+0000] {processor.py:161} INFO - Started process (PID=3492) to work on /opt/airflow/dags/newyork_fhv_silver.py
[2026-05-09T02:40:55.693+0000] {processor.py:830} INFO - Processing file /opt/airflow/dags/newyork_fhv_silver.py for tasks to queue
[2026-05-09T02:40:55.699+0000] {logging_mixin.py:188} INFO - [2026-05-09T02:40:55.698+0000] {dagbag.py:545} INFO - Filling up the DagBag from /opt/airflow/dags/newyork_fhv_silver.py
[2026-05-09T02:40:55.742+0000] {processor.py:840} INFO - DAG(s) 'newyork_fhv_silver' retrieved from /opt/airflow/dags/newyork_fhv_silver.py
[2026-05-09T02:40:55.777+0000] {logging_mixin.py:188} INFO - [2026-05-09T02:40:55.777+0000] {dag.py:3096} INFO - Sync 1 DAGs
[2026-05-09T02:40:55.796+0000] {logging_mixin.py:188} INFO - [2026-05-09T02:40:55.795+0000] {dag.py:3954} INFO - Setting next_dagrun for newyork_fhv_silver to None, run_after=None
[2026-05-09T02:40:55.831+0000] {processor.py:183} INFO - Processing /opt/airflow/dags/newyork_fhv_silver.py took 0.152 seconds
[2026-05-09T02:41:26.779+0000] {processor.py:161} INFO - Started process (PID=3503) to work on /opt/airflow/dags/newyork_fhv_silver.py
[2026-05-09T02:41:26.781+0000] {processor.py:830} INFO - Processing file /opt/airflow/dags/newyork_fhv_silver.py for tasks to queue
[2026-05-09T02:41:26.784+0000] {logging_mixin.py:188} INFO - [2026-05-09T02:41:26.784+0000] {dagbag.py:545} INFO - Filling up the DagBag from /opt/airflow/dags/newyork_fhv_silver.py
[2026-05-09T02:41:26.826+0000] {processor.py:840} INFO - DAG(s) 'newyork_fhv_silver' retrieved from /opt/airflow/dags/newyork_fhv_silver.py
[2026-05-09T02:41:26.848+0000] {logging_mixin.py:188} INFO - [2026-05-09T02:41:26.848+0000] {dag.py:3096} INFO - Sync 1 DAGs
[2026-05-09T02:41:26.862+0000] {logging_mixin.py:188} INFO - [2026-05-09T02:41:26.861+0000] {dag.py:3954} INFO - Setting next_dagrun for newyork_fhv_silver to None, run_after=None
[2026-05-09T02:41:26.891+0000] {processor.py:183} INFO - Processing /opt/airflow/dags/newyork_fhv_silver.py took 0.118 seconds
[2026-05-09T02:41:57.742+0000] {processor.py:161} INFO - Started process (PID=3513) to work on /opt/airflow/dags/newyork_fhv_silver.py
[2026-05-09T02:41:57.744+0000] {processor.py:830} INFO - Processing file /opt/airflow/dags/newyork_fhv_silver.py for tasks to queue
[2026-05-09T02:41:57.748+0000] {logging_mixin.py:188} INFO - [2026-05-09T02:41:57.747+0000] {dagbag.py:545} INFO - Filling up the DagBag from /opt/airflow/dags/newyork_fhv_silver.py
[2026-05-09T02:41:57.791+0000] {processor.py:840} INFO - DAG(s) 'newyork_fhv_silver' retrieved from /opt/airflow/dags/newyork_fhv_silver.py
[2026-05-09T02:41:57.816+0000] {logging_mixin.py:188} INFO - [2026-05-09T02:41:57.815+0000] {dag.py:3096} INFO - Sync 1 DAGs
[2026-05-09T02:41:57.830+0000] {logging_mixin.py:188} INFO - [2026-05-09T02:41:57.830+0000] {dag.py:3954} INFO - Setting next_dagrun for newyork_fhv_silver to None, run_after=None
[2026-05-09T02:41:57.859+0000] {processor.py:183} INFO - Processing /opt/airflow/dags/newyork_fhv_silver.py took 0.126 seconds
[2026-05-09T02:42:28.683+0000] {processor.py:161} INFO - Started process (PID=3524) to work on /opt/airflow/dags/newyork_fhv_silver.py
[2026-05-09T02:42:28.685+0000] {processor.py:830} INFO - Processing file /opt/airflow/dags/newyork_fhv_silver.py for tasks to queue
[2026-05-09T02:42:28.687+0000] {logging_mixin.py:188} INFO - [2026-05-09T02:42:28.687+0000] {dagbag.py:545} INFO - Filling up the DagBag from /opt/airflow/dags/newyork_fhv_silver.py
[2026-05-09T02:42:28.720+0000] {processor.py:840} INFO - DAG(s) 'newyork_fhv_silver' retrieved from /opt/airflow/dags/newyork_fhv_silver.py
[2026-05-09T02:42:28.743+0000] {logging_mixin.py:188} INFO - [2026-05-09T02:42:28.743+0000] {dag.py:3096} INFO - Sync 1 DAGs
[2026-05-09T02:42:28.757+0000] {logging_mixin.py:188} INFO - [2026-05-09T02:42:28.756+0000] {dag.py:3954} INFO - Setting next_dagrun for newyork_fhv_silver to None, run_after=None
[2026-05-09T02:42:28.781+0000] {processor.py:183} INFO - Processing /opt/airflow/dags/newyork_fhv_silver.py took 0.105 seconds
[2026-05-09T02:42:59.639+0000] {processor.py:161} INFO - Started process (PID=3535) to work on /opt/airflow/dags/newyork_fhv_silver.py
[2026-05-09T02:42:59.641+0000] {processor.py:830} INFO - Processing file /opt/airflow/dags/newyork_fhv_silver.py for tasks to queue
[2026-05-09T02:42:59.645+0000] {logging_mixin.py:188} INFO - [2026-05-09T02:42:59.644+0000] {dagbag.py:545} INFO - Filling up the DagBag from /opt/airflow/dags/newyork_fhv_silver.py
[2026-05-09T02:42:59.696+0000] {processor.py:840} INFO - DAG(s) 'newyork_fhv_silver' retrieved from /opt/airflow/dags/newyork_fhv_silver.py
[2026-05-09T02:42:59.729+0000] {logging_mixin.py:188} INFO - [2026-05-09T02:42:59.729+0000] {dag.py:3096} INFO - Sync 1 DAGs
[2026-05-09T02:42:59.747+0000] {logging_mixin.py:188} INFO - [2026-05-09T02:42:59.747+0000] {dag.py:3954} INFO - Setting next_dagrun for newyork_fhv_silver to None, run_after=None
[2026-05-09T02:42:59.774+0000] {processor.py:183} INFO - Processing /opt/airflow/dags/newyork_fhv_silver.py took 0.147 seconds
[2026-05-09T02:43:30.404+0000] {processor.py:161} INFO - Started process (PID=3546) to work on /opt/airflow/dags/newyork_fhv_silver.py
[2026-05-09T02:43:30.407+0000] {processor.py:830} INFO - Processing file /opt/airflow/dags/newyork_fhv_silver.py for tasks to queue
[2026-05-09T02:43:30.411+0000] {logging_mixin.py:188} INFO - [2026-05-09T02:43:30.410+0000] {dagbag.py:545} INFO - Filling up the DagBag from /opt/airflow/dags/newyork_fhv_silver.py
[2026-05-09T02:43:30.431+0000] {processor.py:840} INFO - DAG(s) 'newyork_fhv_silver' retrieved from /opt/airflow/dags/newyork_fhv_silver.py
[2026-05-09T02:43:30.454+0000] {logging_mixin.py:188} INFO - [2026-05-09T02:43:30.454+0000] {dag.py:3096} INFO - Sync 1 DAGs
[2026-05-09T02:43:30.469+0000] {logging_mixin.py:188} INFO - [2026-05-09T02:43:30.468+0000] {dag.py:3954} INFO - Setting next_dagrun for newyork_fhv_silver to None, run_after=None
[2026-05-09T02:43:30.495+0000] {processor.py:183} INFO - Processing /opt/airflow/dags/newyork_fhv_silver.py took 0.100 seconds
[2026-05-09T02:44:01.357+0000] {processor.py:161} INFO - Started process (PID=3557) to work on /opt/airflow/dags/newyork_fhv_silver.py
[2026-05-09T02:44:01.359+0000] {processor.py:830} INFO - Processing file /opt/airflow/dags/newyork_fhv_silver.py for tasks to queue
[2026-05-09T02:44:01.362+0000] {logging_mixin.py:188} INFO - [2026-05-09T02:44:01.361+0000] {dagbag.py:545} INFO - Filling up the DagBag from /opt/airflow/dags/newyork_fhv_silver.py
[2026-05-09T02:44:01.383+0000] {processor.py:840} INFO - DAG(s) 'newyork_fhv_silver' retrieved from /opt/airflow/dags/newyork_fhv_silver.py
[2026-05-09T02:44:01.404+0000] {logging_mixin.py:188} INFO - [2026-05-09T02:44:01.404+0000] {dag.py:3096} INFO - Sync 1 DAGs
[2026-05-09T02:44:01.419+0000] {logging_mixin.py:188} INFO - [2026-05-09T02:44:01.419+0000] {dag.py:3954} INFO - Setting next_dagrun for newyork_fhv_silver to None, run_after=None
[2026-05-09T02:44:01.445+0000] {processor.py:183} INFO - Processing /opt/airflow/dags/newyork_fhv_silver.py took 0.095 seconds
[2026-05-09T02:44:32.043+0000] {processor.py:161} INFO - Started process (PID=3568) to work on /opt/airflow/dags/newyork_fhv_silver.py
[2026-05-09T02:44:32.044+0000] {processor.py:830} INFO - Processing file /opt/airflow/dags/newyork_fhv_silver.py for tasks to queue
[2026-05-09T02:44:32.046+0000] {logging_mixin.py:188} INFO - [2026-05-09T02:44:32.046+0000] {dagbag.py:545} INFO - Filling up the DagBag from /opt/airflow/dags/newyork_fhv_silver.py
[2026-05-09T02:44:32.063+0000] {processor.py:840} INFO - DAG(s) 'newyork_fhv_silver' retrieved from /opt/airflow/dags/newyork_fhv_silver.py
[2026-05-09T02:44:32.085+0000] {logging_mixin.py:188} INFO - [2026-05-09T02:44:32.085+0000] {dag.py:3096} INFO - Sync 1 DAGs
[2026-05-09T02:44:32.101+0000] {logging_mixin.py:188} INFO - [2026-05-09T02:44:32.100+0000] {dag.py:3954} INFO - Setting next_dagrun for newyork_fhv_silver to None, run_after=None
[2026-05-09T02:44:32.130+0000] {processor.py:183} INFO - Processing /opt/airflow/dags/newyork_fhv_silver.py took 0.093 seconds
[2026-05-09T02:45:02.880+0000] {processor.py:161} INFO - Started process (PID=3579) to work on /opt/airflow/dags/newyork_fhv_silver.py
[2026-05-09T02:45:02.882+0000] {processor.py:830} INFO - Processing file /opt/airflow/dags/newyork_fhv_silver.py for tasks to queue
[2026-05-09T02:45:02.885+0000] {logging_mixin.py:188} INFO - [2026-05-09T02:45:02.884+0000] {dagbag.py:545} INFO - Filling up the DagBag from /opt/airflow/dags/newyork_fhv_silver.py
[2026-05-09T02:45:02.921+0000] {processor.py:840} INFO - DAG(s) 'newyork_fhv_silver' retrieved from /opt/airflow/dags/newyork_fhv_silver.py
[2026-05-09T02:45:02.951+0000] {logging_mixin.py:188} INFO - [2026-05-09T02:45:02.950+0000] {dag.py:3096} INFO - Sync 1 DAGs
[2026-05-09T02:45:02.970+0000] {logging_mixin.py:188} INFO - [2026-05-09T02:45:02.970+0000] {dag.py:3954} INFO - Setting next_dagrun for newyork_fhv_silver to None, run_after=None
[2026-05-09T02:45:03.005+0000] {processor.py:183} INFO - Processing /opt/airflow/dags/newyork_fhv_silver.py took 0.135 seconds
[2026-05-09T02:45:33.911+0000] {processor.py:161} INFO - Started process (PID=3590) to work on /opt/airflow/dags/newyork_fhv_silver.py
[2026-05-09T02:45:33.913+0000] {processor.py:830} INFO - Processing file /opt/airflow/dags/newyork_fhv_silver.py for tasks to queue
[2026-05-09T02:45:33.916+0000] {logging_mixin.py:188} INFO - [2026-05-09T02:45:33.915+0000] {dagbag.py:545} INFO - Filling up the DagBag from /opt/airflow/dags/newyork_fhv_silver.py
[2026-05-09T02:45:33.937+0000] {processor.py:840} INFO - DAG(s) 'newyork_fhv_silver' retrieved from /opt/airflow/dags/newyork_fhv_silver.py
[2026-05-09T02:45:33.960+0000] {logging_mixin.py:188} INFO - [2026-05-09T02:45:33.960+0000] {dag.py:3096} INFO - Sync 1 DAGs
[2026-05-09T02:45:33.974+0000] {logging_mixin.py:188} INFO - [2026-05-09T02:45:33.974+0000] {dag.py:3954} INFO - Setting next_dagrun for newyork_fhv_silver to None, run_after=None
[2026-05-09T02:45:34.001+0000] {processor.py:183} INFO - Processing /opt/airflow/dags/newyork_fhv_silver.py took 0.101 seconds
[2026-05-09T02:46:04.813+0000] {processor.py:161} INFO - Started process (PID=3601) to work on /opt/airflow/dags/newyork_fhv_silver.py
[2026-05-09T02:46:04.815+0000] {processor.py:830} INFO - Processing file /opt/airflow/dags/newyork_fhv_silver.py for tasks to queue
[2026-05-09T02:46:04.818+0000] {logging_mixin.py:188} INFO - [2026-05-09T02:46:04.818+0000] {dagbag.py:545} INFO - Filling up the DagBag from /opt/airflow/dags/newyork_fhv_silver.py
[2026-05-09T02:46:04.875+0000] {processor.py:840} INFO - DAG(s) 'newyork_fhv_silver' retrieved from /opt/airflow/dags/newyork_fhv_silver.py
[2026-05-09T02:46:04.904+0000] {logging_mixin.py:188} INFO - [2026-05-09T02:46:04.903+0000] {dag.py:3096} INFO - Sync 1 DAGs
[2026-05-09T02:46:04.918+0000] {logging_mixin.py:188} INFO - [2026-05-09T02:46:04.918+0000] {dag.py:3954} INFO - Setting next_dagrun for newyork_fhv_silver to None, run_after=None
[2026-05-09T02:46:04.944+0000] {processor.py:183} INFO - Processing /opt/airflow/dags/newyork_fhv_silver.py took 0.140 seconds
[2026-05-09T02:46:35.842+0000] {processor.py:161} INFO - Started process (PID=3612) to work on /opt/airflow/dags/newyork_fhv_silver.py
[2026-05-09T02:46:35.844+0000] {processor.py:830} INFO - Processing file /opt/airflow/dags/newyork_fhv_silver.py for tasks to queue
[2026-05-09T02:46:35.849+0000] {logging_mixin.py:188} INFO - [2026-05-09T02:46:35.848+0000] {dagbag.py:545} INFO - Filling up the DagBag from /opt/airflow/dags/newyork_fhv_silver.py
[2026-05-09T02:46:35.889+0000] {processor.py:840} INFO - DAG(s) 'newyork_fhv_silver' retrieved from /opt/airflow/dags/newyork_fhv_silver.py
[2026-05-09T02:46:35.916+0000] {logging_mixin.py:188} INFO - [2026-05-09T02:46:35.916+0000] {dag.py:3096} INFO - Sync 1 DAGs
[2026-05-09T02:46:35.931+0000] {logging_mixin.py:188} INFO - [2026-05-09T02:46:35.931+0000] {dag.py:3954} INFO - Setting next_dagrun for newyork_fhv_silver to None, run_after=None
[2026-05-09T02:46:35.962+0000] {processor.py:183} INFO - Processing /opt/airflow/dags/newyork_fhv_silver.py took 0.129 seconds
[2026-05-09T02:47:06.830+0000] {processor.py:161} INFO - Started process (PID=3623) to work on /opt/airflow/dags/newyork_fhv_silver.py
[2026-05-09T02:47:06.833+0000] {processor.py:830} INFO - Processing file /opt/airflow/dags/newyork_fhv_silver.py for tasks to queue
[2026-05-09T02:47:06.837+0000] {logging_mixin.py:188} INFO - [2026-05-09T02:47:06.837+0000] {dagbag.py:545} INFO - Filling up the DagBag from /opt/airflow/dags/newyork_fhv_silver.py
[2026-05-09T02:47:06.881+0000] {processor.py:840} INFO - DAG(s) 'newyork_fhv_silver' retrieved from /opt/airflow/dags/newyork_fhv_silver.py
[2026-05-09T02:47:06.912+0000] {logging_mixin.py:188} INFO - [2026-05-09T02:47:06.911+0000] {dag.py:3096} INFO - Sync 1 DAGs
[2026-05-09T02:47:06.933+0000] {logging_mixin.py:188} INFO - [2026-05-09T02:47:06.933+0000] {dag.py:3954} INFO - Setting next_dagrun for newyork_fhv_silver to None, run_after=None
[2026-05-09T02:47:06.963+0000] {processor.py:183} INFO - Processing /opt/airflow/dags/newyork_fhv_silver.py took 0.139 seconds
[2026-05-09T02:47:37.810+0000] {processor.py:161} INFO - Started process (PID=3634) to work on /opt/airflow/dags/newyork_fhv_silver.py
[2026-05-09T02:47:37.811+0000] {processor.py:830} INFO - Processing file /opt/airflow/dags/newyork_fhv_silver.py for tasks to queue
[2026-05-09T02:47:37.815+0000] {logging_mixin.py:188} INFO - [2026-05-09T02:47:37.814+0000] {dagbag.py:545} INFO - Filling up the DagBag from /opt/airflow/dags/newyork_fhv_silver.py
[2026-05-09T02:47:37.851+0000] {processor.py:840} INFO - DAG(s) 'newyork_fhv_silver' retrieved from /opt/airflow/dags/newyork_fhv_silver.py
[2026-05-09T02:47:37.877+0000] {logging_mixin.py:188} INFO - [2026-05-09T02:47:37.876+0000] {dag.py:3096} INFO - Sync 1 DAGs
[2026-05-09T02:47:37.890+0000] {logging_mixin.py:188} INFO - [2026-05-09T02:47:37.890+0000] {dag.py:3954} INFO - Setting next_dagrun for newyork_fhv_silver to None, run_after=None
[2026-05-09T02:47:37.916+0000] {processor.py:183} INFO - Processing /opt/airflow/dags/newyork_fhv_silver.py took 0.114 seconds
[2026-05-09T02:48:08.664+0000] {processor.py:161} INFO - Started process (PID=3645) to work on /opt/airflow/dags/newyork_fhv_silver.py
[2026-05-09T02:48:08.666+0000] {processor.py:830} INFO - Processing file /opt/airflow/dags/newyork_fhv_silver.py for tasks to queue
[2026-05-09T02:48:08.669+0000] {logging_mixin.py:188} INFO - [2026-05-09T02:48:08.668+0000] {dagbag.py:545} INFO - Filling up the DagBag from /opt/airflow/dags/newyork_fhv_silver.py
[2026-05-09T02:48:08.700+0000] {processor.py:840} INFO - DAG(s) 'newyork_fhv_silver' retrieved from /opt/airflow/dags/newyork_fhv_silver.py
[2026-05-09T02:48:08.722+0000] {logging_mixin.py:188} INFO - [2026-05-09T02:48:08.721+0000] {dag.py:3096} INFO - Sync 1 DAGs
[2026-05-09T02:48:08.735+0000] {logging_mixin.py:188} INFO - [2026-05-09T02:48:08.734+0000] {dag.py:3954} INFO - Setting next_dagrun for newyork_fhv_silver to None, run_after=None
[2026-05-09T02:48:08.761+0000] {processor.py:183} INFO - Processing /opt/airflow/dags/newyork_fhv_silver.py took 0.103 seconds
[2026-05-09T02:48:39.589+0000] {processor.py:161} INFO - Started process (PID=3656) to work on /opt/airflow/dags/newyork_fhv_silver.py
[2026-05-09T02:48:39.591+0000] {processor.py:830} INFO - Processing file /opt/airflow/dags/newyork_fhv_silver.py for tasks to queue
[2026-05-09T02:48:39.594+0000] {logging_mixin.py:188} INFO - [2026-05-09T02:48:39.593+0000] {dagbag.py:545} INFO - Filling up the DagBag from /opt/airflow/dags/newyork_fhv_silver.py
[2026-05-09T02:48:39.626+0000] {processor.py:840} INFO - DAG(s) 'newyork_fhv_silver' retrieved from /opt/airflow/dags/newyork_fhv_silver.py
[2026-05-09T02:48:39.655+0000] {logging_mixin.py:188} INFO - [2026-05-09T02:48:39.655+0000] {dag.py:3096} INFO - Sync 1 DAGs
[2026-05-09T02:48:39.675+0000] {logging_mixin.py:188} INFO - [2026-05-09T02:48:39.675+0000] {dag.py:3954} INFO - Setting next_dagrun for newyork_fhv_silver to None, run_after=None
[2026-05-09T02:48:39.704+0000] {processor.py:183} INFO - Processing /opt/airflow/dags/newyork_fhv_silver.py took 0.125 seconds
[2026-05-09T02:49:09.922+0000] {processor.py:161} INFO - Started process (PID=3667) to work on /opt/airflow/dags/newyork_fhv_silver.py
[2026-05-09T02:49:09.924+0000] {processor.py:830} INFO - Processing file /opt/airflow/dags/newyork_fhv_silver.py for tasks to queue
[2026-05-09T02:49:09.928+0000] {logging_mixin.py:188} INFO - [2026-05-09T02:49:09.927+0000] {dagbag.py:545} INFO - Filling up the DagBag from /opt/airflow/dags/newyork_fhv_silver.py
[2026-05-09T02:49:09.970+0000] {processor.py:840} INFO - DAG(s) 'newyork_fhv_silver' retrieved from /opt/airflow/dags/newyork_fhv_silver.py
[2026-05-09T02:49:09.993+0000] {logging_mixin.py:188} INFO - [2026-05-09T02:49:09.992+0000] {dag.py:3096} INFO - Sync 1 DAGs
[2026-05-09T02:49:10.007+0000] {logging_mixin.py:188} INFO - [2026-05-09T02:49:10.007+0000] {dag.py:3954} INFO - Setting next_dagrun for newyork_fhv_silver to None, run_after=None
[2026-05-09T02:49:10.038+0000] {processor.py:183} INFO - Processing /opt/airflow/dags/newyork_fhv_silver.py took 0.127 seconds
[2026-05-09T02:49:40.735+0000] {processor.py:161} INFO - Started process (PID=3678) to work on /opt/airflow/dags/newyork_fhv_silver.py
[2026-05-09T02:49:40.737+0000] {processor.py:830} INFO - Processing file /opt/airflow/dags/newyork_fhv_silver.py for tasks to queue
[2026-05-09T02:49:40.740+0000] {logging_mixin.py:188} INFO - [2026-05-09T02:49:40.739+0000] {dagbag.py:545} INFO - Filling up the DagBag from /opt/airflow/dags/newyork_fhv_silver.py
[2026-05-09T02:49:40.780+0000] {processor.py:840} INFO - DAG(s) 'newyork_fhv_silver' retrieved from /opt/airflow/dags/newyork_fhv_silver.py
[2026-05-09T02:49:40.803+0000] {logging_mixin.py:188} INFO - [2026-05-09T02:49:40.803+0000] {dag.py:3096} INFO - Sync 1 DAGs
[2026-05-09T02:49:40.819+0000] {logging_mixin.py:188} INFO - [2026-05-09T02:49:40.818+0000] {dag.py:3954} INFO - Setting next_dagrun for newyork_fhv_silver to None, run_after=None
[2026-05-09T02:49:40.846+0000] {processor.py:183} INFO - Processing /opt/airflow/dags/newyork_fhv_silver.py took 0.121 seconds
[2026-05-09T02:50:11.688+0000] {processor.py:161} INFO - Started process (PID=3689) to work on /opt/airflow/dags/newyork_fhv_silver.py
[2026-05-09T02:50:11.690+0000] {processor.py:830} INFO - Processing file /opt/airflow/dags/newyork_fhv_silver.py for tasks to queue
[2026-05-09T02:50:11.693+0000] {logging_mixin.py:188} INFO - [2026-05-09T02:50:11.693+0000] {dagbag.py:545} INFO - Filling up the DagBag from /opt/airflow/dags/newyork_fhv_silver.py
[2026-05-09T02:50:11.737+0000] {processor.py:840} INFO - DAG(s) 'newyork_fhv_silver' retrieved from /opt/airflow/dags/newyork_fhv_silver.py
[2026-05-09T02:50:11.765+0000] {logging_mixin.py:188} INFO - [2026-05-09T02:50:11.765+0000] {dag.py:3096} INFO - Sync 1 DAGs
[2026-05-09T02:50:11.778+0000] {logging_mixin.py:188} INFO - [2026-05-09T02:50:11.778+0000] {dag.py:3954} INFO - Setting next_dagrun for newyork_fhv_silver to None, run_after=None
[2026-05-09T02:50:11.804+0000] {processor.py:183} INFO - Processing /opt/airflow/dags/newyork_fhv_silver.py took 0.124 seconds
[2026-05-09T02:50:42.647+0000] {processor.py:161} INFO - Started process (PID=3700) to work on /opt/airflow/dags/newyork_fhv_silver.py
[2026-05-09T02:50:42.649+0000] {processor.py:830} INFO - Processing file /opt/airflow/dags/newyork_fhv_silver.py for tasks to queue
[2026-05-09T02:50:42.652+0000] {logging_mixin.py:188} INFO - [2026-05-09T02:50:42.651+0000] {dagbag.py:545} INFO - Filling up the DagBag from /opt/airflow/dags/newyork_fhv_silver.py
[2026-05-09T02:50:42.687+0000] {processor.py:840} INFO - DAG(s) 'newyork_fhv_silver' retrieved from /opt/airflow/dags/newyork_fhv_silver.py
[2026-05-09T02:50:42.712+0000] {logging_mixin.py:188} INFO - [2026-05-09T02:50:42.711+0000] {dag.py:3096} INFO - Sync 1 DAGs
[2026-05-09T02:50:42.727+0000] {logging_mixin.py:188} INFO - [2026-05-09T02:50:42.726+0000] {dag.py:3954} INFO - Setting next_dagrun for newyork_fhv_silver to None, run_after=None
[2026-05-09T02:50:42.754+0000] {processor.py:183} INFO - Processing /opt/airflow/dags/newyork_fhv_silver.py took 0.114 seconds
[2026-05-09T02:51:13.531+0000] {processor.py:161} INFO - Started process (PID=3711) to work on /opt/airflow/dags/newyork_fhv_silver.py
[2026-05-09T02:51:13.533+0000] {processor.py:830} INFO - Processing file /opt/airflow/dags/newyork_fhv_silver.py for tasks to queue
[2026-05-09T02:51:13.535+0000] {logging_mixin.py:188} INFO - [2026-05-09T02:51:13.535+0000] {dagbag.py:545} INFO - Filling up the DagBag from /opt/airflow/dags/newyork_fhv_silver.py
[2026-05-09T02:51:13.563+0000] {processor.py:840} INFO - DAG(s) 'newyork_fhv_silver' retrieved from /opt/airflow/dags/newyork_fhv_silver.py
[2026-05-09T02:51:13.594+0000] {logging_mixin.py:188} INFO - [2026-05-09T02:51:13.593+0000] {dag.py:3096} INFO - Sync 1 DAGs
[2026-05-09T02:51:13.610+0000] {logging_mixin.py:188} INFO - [2026-05-09T02:51:13.610+0000] {dag.py:3954} INFO - Setting next_dagrun for newyork_fhv_silver to None, run_after=None
[2026-05-09T02:51:13.638+0000] {processor.py:183} INFO - Processing /opt/airflow/dags/newyork_fhv_silver.py took 0.118 seconds
[2026-05-09T02:51:44.473+0000] {processor.py:161} INFO - Started process (PID=3722) to work on /opt/airflow/dags/newyork_fhv_silver.py
[2026-05-09T02:51:44.475+0000] {processor.py:830} INFO - Processing file /opt/airflow/dags/newyork_fhv_silver.py for tasks to queue
[2026-05-09T02:51:44.478+0000] {logging_mixin.py:188} INFO - [2026-05-09T02:51:44.478+0000] {dagbag.py:545} INFO - Filling up the DagBag from /opt/airflow/dags/newyork_fhv_silver.py
[2026-05-09T02:51:44.524+0000] {processor.py:840} INFO - DAG(s) 'newyork_fhv_silver' retrieved from /opt/airflow/dags/newyork_fhv_silver.py
[2026-05-09T02:51:44.568+0000] {logging_mixin.py:188} INFO - [2026-05-09T02:51:44.568+0000] {dag.py:3096} INFO - Sync 1 DAGs
[2026-05-09T02:51:44.589+0000] {logging_mixin.py:188} INFO - [2026-05-09T02:51:44.588+0000] {dag.py:3954} INFO - Setting next_dagrun for newyork_fhv_silver to None, run_after=None
[2026-05-09T02:51:44.616+0000] {processor.py:183} INFO - Processing /opt/airflow/dags/newyork_fhv_silver.py took 0.157 seconds
[2026-05-09T02:52:14.731+0000] {processor.py:161} INFO - Started process (PID=3733) to work on /opt/airflow/dags/newyork_fhv_silver.py
[2026-05-09T02:52:14.732+0000] {processor.py:830} INFO - Processing file /opt/airflow/dags/newyork_fhv_silver.py for tasks to queue
[2026-05-09T02:52:14.735+0000] {logging_mixin.py:188} INFO - [2026-05-09T02:52:14.735+0000] {dagbag.py:545} INFO - Filling up the DagBag from /opt/airflow/dags/newyork_fhv_silver.py
[2026-05-09T02:52:14.761+0000] {processor.py:840} INFO - DAG(s) 'newyork_fhv_silver' retrieved from /opt/airflow/dags/newyork_fhv_silver.py
[2026-05-09T02:52:14.784+0000] {logging_mixin.py:188} INFO - [2026-05-09T02:52:14.784+0000] {dag.py:3096} INFO - Sync 1 DAGs
[2026-05-09T02:52:14.799+0000] {logging_mixin.py:188} INFO - [2026-05-09T02:52:14.799+0000] {dag.py:3954} INFO - Setting next_dagrun for newyork_fhv_silver to None, run_after=None
[2026-05-09T02:52:14.829+0000] {processor.py:183} INFO - Processing /opt/airflow/dags/newyork_fhv_silver.py took 0.106 seconds
[2026-05-09T02:52:45.709+0000] {processor.py:161} INFO - Started process (PID=3744) to work on /opt/airflow/dags/newyork_fhv_silver.py
[2026-05-09T02:52:45.711+0000] {processor.py:830} INFO - Processing file /opt/airflow/dags/newyork_fhv_silver.py for tasks to queue
[2026-05-09T02:52:45.714+0000] {logging_mixin.py:188} INFO - [2026-05-09T02:52:45.714+0000] {dagbag.py:545} INFO - Filling up the DagBag from /opt/airflow/dags/newyork_fhv_silver.py
[2026-05-09T02:52:45.763+0000] {processor.py:840} INFO - DAG(s) 'newyork_fhv_silver' retrieved from /opt/airflow/dags/newyork_fhv_silver.py
[2026-05-09T02:52:45.789+0000] {logging_mixin.py:188} INFO - [2026-05-09T02:52:45.788+0000] {dag.py:3096} INFO - Sync 1 DAGs
[2026-05-09T02:52:45.802+0000] {logging_mixin.py:188} INFO - [2026-05-09T02:52:45.802+0000] {dag.py:3954} INFO - Setting next_dagrun for newyork_fhv_silver to None, run_after=None
[2026-05-09T02:52:45.826+0000] {processor.py:183} INFO - Processing /opt/airflow/dags/newyork_fhv_silver.py took 0.127 seconds
[2026-05-09T02:53:16.703+0000] {processor.py:161} INFO - Started process (PID=3755) to work on /opt/airflow/dags/newyork_fhv_silver.py
[2026-05-09T02:53:16.705+0000] {processor.py:830} INFO - Processing file /opt/airflow/dags/newyork_fhv_silver.py for tasks to queue
[2026-05-09T02:53:16.709+0000] {logging_mixin.py:188} INFO - [2026-05-09T02:53:16.708+0000] {dagbag.py:545} INFO - Filling up the DagBag from /opt/airflow/dags/newyork_fhv_silver.py
[2026-05-09T02:53:16.751+0000] {processor.py:840} INFO - DAG(s) 'newyork_fhv_silver' retrieved from /opt/airflow/dags/newyork_fhv_silver.py
[2026-05-09T02:53:16.783+0000] {logging_mixin.py:188} INFO - [2026-05-09T02:53:16.783+0000] {dag.py:3096} INFO - Sync 1 DAGs
[2026-05-09T02:53:16.803+0000] {logging_mixin.py:188} INFO - [2026-05-09T02:53:16.803+0000] {dag.py:3954} INFO - Setting next_dagrun for newyork_fhv_silver to None, run_after=None
[2026-05-09T02:53:16.846+0000] {processor.py:183} INFO - Processing /opt/airflow/dags/newyork_fhv_silver.py took 0.154 seconds
[2026-05-09T02:53:47.669+0000] {processor.py:161} INFO - Started process (PID=3772) to work on /opt/airflow/dags/newyork_fhv_silver.py
[2026-05-09T02:53:47.671+0000] {processor.py:830} INFO - Processing file /opt/airflow/dags/newyork_fhv_silver.py for tasks to queue
[2026-05-09T02:53:47.674+0000] {logging_mixin.py:188} INFO - [2026-05-09T02:53:47.674+0000] {dagbag.py:545} INFO - Filling up the DagBag from /opt/airflow/dags/newyork_fhv_silver.py
[2026-05-09T02:53:47.700+0000] {processor.py:840} INFO - DAG(s) 'newyork_fhv_silver' retrieved from /opt/airflow/dags/newyork_fhv_silver.py
[2026-05-09T02:53:47.724+0000] {logging_mixin.py:188} INFO - [2026-05-09T02:53:47.724+0000] {dag.py:3096} INFO - Sync 1 DAGs
[2026-05-09T02:53:47.738+0000] {logging_mixin.py:188} INFO - [2026-05-09T02:53:47.738+0000] {dag.py:3954} INFO - Setting next_dagrun for newyork_fhv_silver to None, run_after=None
[2026-05-09T02:53:47.766+0000] {processor.py:183} INFO - Processing /opt/airflow/dags/newyork_fhv_silver.py took 0.107 seconds
[2026-05-09T02:54:18.006+0000] {processor.py:161} INFO - Started process (PID=3783) to work on /opt/airflow/dags/newyork_fhv_silver.py
[2026-05-09T02:54:18.009+0000] {processor.py:830} INFO - Processing file /opt/airflow/dags/newyork_fhv_silver.py for tasks to queue
[2026-05-09T02:54:18.013+0000] {logging_mixin.py:188} INFO - [2026-05-09T02:54:18.012+0000] {dagbag.py:545} INFO - Filling up the DagBag from /opt/airflow/dags/newyork_fhv_silver.py
[2026-05-09T02:54:18.052+0000] {processor.py:840} INFO - DAG(s) 'newyork_fhv_silver' retrieved from /opt/airflow/dags/newyork_fhv_silver.py
[2026-05-09T02:54:18.075+0000] {logging_mixin.py:188} INFO - [2026-05-09T02:54:18.074+0000] {dag.py:3096} INFO - Sync 1 DAGs
[2026-05-09T02:54:18.089+0000] {logging_mixin.py:188} INFO - [2026-05-09T02:54:18.089+0000] {dag.py:3954} INFO - Setting next_dagrun for newyork_fhv_silver to None, run_after=None
[2026-05-09T02:54:18.117+0000] {processor.py:183} INFO - Processing /opt/airflow/dags/newyork_fhv_silver.py took 0.124 seconds
[2026-05-09T02:54:48.923+0000] {processor.py:161} INFO - Started process (PID=3794) to work on /opt/airflow/dags/newyork_fhv_silver.py
[2026-05-09T02:54:48.925+0000] {processor.py:830} INFO - Processing file /opt/airflow/dags/newyork_fhv_silver.py for tasks to queue
[2026-05-09T02:54:48.928+0000] {logging_mixin.py:188} INFO - [2026-05-09T02:54:48.928+0000] {dagbag.py:545} INFO - Filling up the DagBag from /opt/airflow/dags/newyork_fhv_silver.py
[2026-05-09T02:54:48.970+0000] {processor.py:840} INFO - DAG(s) 'newyork_fhv_silver' retrieved from /opt/airflow/dags/newyork_fhv_silver.py
[2026-05-09T02:54:48.992+0000] {logging_mixin.py:188} INFO - [2026-05-09T02:54:48.991+0000] {dag.py:3096} INFO - Sync 1 DAGs
[2026-05-09T02:54:49.005+0000] {logging_mixin.py:188} INFO - [2026-05-09T02:54:49.005+0000] {dag.py:3954} INFO - Setting next_dagrun for newyork_fhv_silver to None, run_after=None
[2026-05-09T02:54:49.031+0000] {processor.py:183} INFO - Processing /opt/airflow/dags/newyork_fhv_silver.py took 0.117 seconds
[2026-05-09T02:55:19.703+0000] {processor.py:161} INFO - Started process (PID=3805) to work on /opt/airflow/dags/newyork_fhv_silver.py
[2026-05-09T02:55:19.705+0000] {processor.py:830} INFO - Processing file /opt/airflow/dags/newyork_fhv_silver.py for tasks to queue
[2026-05-09T02:55:19.709+0000] {logging_mixin.py:188} INFO - [2026-05-09T02:55:19.708+0000] {dagbag.py:545} INFO - Filling up the DagBag from /opt/airflow/dags/newyork_fhv_silver.py
[2026-05-09T02:55:19.748+0000] {processor.py:840} INFO - DAG(s) 'newyork_fhv_silver' retrieved from /opt/airflow/dags/newyork_fhv_silver.py
[2026-05-09T02:55:19.770+0000] {logging_mixin.py:188} INFO - [2026-05-09T02:55:19.770+0000] {dag.py:3096} INFO - Sync 1 DAGs
[2026-05-09T02:55:19.783+0000] {logging_mixin.py:188} INFO - [2026-05-09T02:55:19.783+0000] {dag.py:3954} INFO - Setting next_dagrun for newyork_fhv_silver to None, run_after=None
[2026-05-09T02:55:19.815+0000] {processor.py:183} INFO - Processing /opt/airflow/dags/newyork_fhv_silver.py took 0.123 seconds
[2026-05-09T02:55:50.628+0000] {processor.py:161} INFO - Started process (PID=3816) to work on /opt/airflow/dags/newyork_fhv_silver.py
[2026-05-09T02:55:50.629+0000] {processor.py:830} INFO - Processing file /opt/airflow/dags/newyork_fhv_silver.py for tasks to queue
[2026-05-09T02:55:50.631+0000] {logging_mixin.py:188} INFO - [2026-05-09T02:55:50.631+0000] {dagbag.py:545} INFO - Filling up the DagBag from /opt/airflow/dags/newyork_fhv_silver.py
[2026-05-09T02:55:50.669+0000] {processor.py:840} INFO - DAG(s) 'newyork_fhv_silver' retrieved from /opt/airflow/dags/newyork_fhv_silver.py
[2026-05-09T02:55:50.698+0000] {logging_mixin.py:188} INFO - [2026-05-09T02:55:50.698+0000] {dag.py:3096} INFO - Sync 1 DAGs
[2026-05-09T02:55:50.712+0000] {logging_mixin.py:188} INFO - [2026-05-09T02:55:50.712+0000] {dag.py:3954} INFO - Setting next_dagrun for newyork_fhv_silver to None, run_after=None
[2026-05-09T02:55:50.742+0000] {processor.py:183} INFO - Processing /opt/airflow/dags/newyork_fhv_silver.py took 0.121 seconds
[2026-05-09T02:56:21.535+0000] {processor.py:161} INFO - Started process (PID=3827) to work on /opt/airflow/dags/newyork_fhv_silver.py
[2026-05-09T02:56:21.537+0000] {processor.py:830} INFO - Processing file /opt/airflow/dags/newyork_fhv_silver.py for tasks to queue
[2026-05-09T02:56:21.539+0000] {logging_mixin.py:188} INFO - [2026-05-09T02:56:21.539+0000] {dagbag.py:545} INFO - Filling up the DagBag from /opt/airflow/dags/newyork_fhv_silver.py
[2026-05-09T02:56:21.585+0000] {processor.py:840} INFO - DAG(s) 'newyork_fhv_silver' retrieved from /opt/airflow/dags/newyork_fhv_silver.py
[2026-05-09T02:56:21.610+0000] {logging_mixin.py:188} INFO - [2026-05-09T02:56:21.609+0000] {dag.py:3096} INFO - Sync 1 DAGs
[2026-05-09T02:56:21.626+0000] {logging_mixin.py:188} INFO - [2026-05-09T02:56:21.625+0000] {dag.py:3954} INFO - Setting next_dagrun for newyork_fhv_silver to None, run_after=None
[2026-05-09T02:56:21.651+0000] {processor.py:183} INFO - Processing /opt/airflow/dags/newyork_fhv_silver.py took 0.123 seconds
[2026-05-09T02:56:52.523+0000] {processor.py:161} INFO - Started process (PID=3838) to work on /opt/airflow/dags/newyork_fhv_silver.py
[2026-05-09T02:56:52.526+0000] {processor.py:830} INFO - Processing file /opt/airflow/dags/newyork_fhv_silver.py for tasks to queue
[2026-05-09T02:56:52.530+0000] {logging_mixin.py:188} INFO - [2026-05-09T02:56:52.530+0000] {dagbag.py:545} INFO - Filling up the DagBag from /opt/airflow/dags/newyork_fhv_silver.py
[2026-05-09T02:56:52.564+0000] {processor.py:840} INFO - DAG(s) 'newyork_fhv_silver' retrieved from /opt/airflow/dags/newyork_fhv_silver.py
[2026-05-09T02:56:52.593+0000] {logging_mixin.py:188} INFO - [2026-05-09T02:56:52.592+0000] {dag.py:3096} INFO - Sync 1 DAGs
[2026-05-09T02:56:52.610+0000] {logging_mixin.py:188} INFO - [2026-05-09T02:56:52.610+0000] {dag.py:3954} INFO - Setting next_dagrun for newyork_fhv_silver to None, run_after=None
[2026-05-09T02:56:52.639+0000] {processor.py:183} INFO - Processing /opt/airflow/dags/newyork_fhv_silver.py took 0.127 seconds
[2026-05-09T02:57:23.627+0000] {processor.py:161} INFO - Started process (PID=3849) to work on /opt/airflow/dags/newyork_fhv_silver.py
[2026-05-09T02:57:23.629+0000] {processor.py:830} INFO - Processing file /opt/airflow/dags/newyork_fhv_silver.py for tasks to queue
[2026-05-09T02:57:23.634+0000] {logging_mixin.py:188} INFO - [2026-05-09T02:57:23.633+0000] {dagbag.py:545} INFO - Filling up the DagBag from /opt/airflow/dags/newyork_fhv_silver.py
[2026-05-09T02:57:23.683+0000] {processor.py:840} INFO - DAG(s) 'newyork_fhv_silver' retrieved from /opt/airflow/dags/newyork_fhv_silver.py
[2026-05-09T02:57:23.722+0000] {logging_mixin.py:188} INFO - [2026-05-09T02:57:23.721+0000] {dag.py:3096} INFO - Sync 1 DAGs
[2026-05-09T02:57:23.743+0000] {logging_mixin.py:188} INFO - [2026-05-09T02:57:23.743+0000] {dag.py:3954} INFO - Setting next_dagrun for newyork_fhv_silver to None, run_after=None
[2026-05-09T02:57:23.774+0000] {processor.py:183} INFO - Processing /opt/airflow/dags/newyork_fhv_silver.py took 0.157 seconds
[2026-05-09T02:57:54.649+0000] {processor.py:161} INFO - Started process (PID=3860) to work on /opt/airflow/dags/newyork_fhv_silver.py
[2026-05-09T02:57:54.650+0000] {processor.py:830} INFO - Processing file /opt/airflow/dags/newyork_fhv_silver.py for tasks to queue
[2026-05-09T02:57:54.653+0000] {logging_mixin.py:188} INFO - [2026-05-09T02:57:54.652+0000] {dagbag.py:545} INFO - Filling up the DagBag from /opt/airflow/dags/newyork_fhv_silver.py
[2026-05-09T02:57:54.677+0000] {processor.py:840} INFO - DAG(s) 'newyork_fhv_silver' retrieved from /opt/airflow/dags/newyork_fhv_silver.py
[2026-05-09T02:57:54.702+0000] {logging_mixin.py:188} INFO - [2026-05-09T02:57:54.701+0000] {dag.py:3096} INFO - Sync 1 DAGs
[2026-05-09T02:57:54.716+0000] {logging_mixin.py:188} INFO - [2026-05-09T02:57:54.716+0000] {dag.py:3954} INFO - Setting next_dagrun for newyork_fhv_silver to None, run_after=None
[2026-05-09T02:57:54.746+0000] {processor.py:183} INFO - Processing /opt/airflow/dags/newyork_fhv_silver.py took 0.103 seconds
[2026-05-09T02:58:25.675+0000] {processor.py:161} INFO - Started process (PID=3871) to work on /opt/airflow/dags/newyork_fhv_silver.py
[2026-05-09T02:58:25.677+0000] {processor.py:830} INFO - Processing file /opt/airflow/dags/newyork_fhv_silver.py for tasks to queue
[2026-05-09T02:58:25.681+0000] {logging_mixin.py:188} INFO - [2026-05-09T02:58:25.680+0000] {dagbag.py:545} INFO - Filling up the DagBag from /opt/airflow/dags/newyork_fhv_silver.py
[2026-05-09T02:58:25.730+0000] {processor.py:840} INFO - DAG(s) 'newyork_fhv_silver' retrieved from /opt/airflow/dags/newyork_fhv_silver.py
[2026-05-09T02:58:25.755+0000] {logging_mixin.py:188} INFO - [2026-05-09T02:58:25.755+0000] {dag.py:3096} INFO - Sync 1 DAGs
[2026-05-09T02:58:25.769+0000] {logging_mixin.py:188} INFO - [2026-05-09T02:58:25.769+0000] {dag.py:3954} INFO - Setting next_dagrun for newyork_fhv_silver to None, run_after=None
[2026-05-09T02:58:25.795+0000] {processor.py:183} INFO - Processing /opt/airflow/dags/newyork_fhv_silver.py took 0.131 seconds
[2026-05-09T02:58:56.671+0000] {processor.py:161} INFO - Started process (PID=3882) to work on /opt/airflow/dags/newyork_fhv_silver.py
[2026-05-09T02:58:56.673+0000] {processor.py:830} INFO - Processing file /opt/airflow/dags/newyork_fhv_silver.py for tasks to queue
[2026-05-09T02:58:56.677+0000] {logging_mixin.py:188} INFO - [2026-05-09T02:58:56.676+0000] {dagbag.py:545} INFO - Filling up the DagBag from /opt/airflow/dags/newyork_fhv_silver.py
[2026-05-09T02:58:56.711+0000] {processor.py:840} INFO - DAG(s) 'newyork_fhv_silver' retrieved from /opt/airflow/dags/newyork_fhv_silver.py
[2026-05-09T02:58:56.736+0000] {logging_mixin.py:188} INFO - [2026-05-09T02:58:56.735+0000] {dag.py:3096} INFO - Sync 1 DAGs
[2026-05-09T02:58:56.750+0000] {logging_mixin.py:188} INFO - [2026-05-09T02:58:56.750+0000] {dag.py:3954} INFO - Setting next_dagrun for newyork_fhv_silver to None, run_after=None
[2026-05-09T02:58:56.777+0000] {processor.py:183} INFO - Processing /opt/airflow/dags/newyork_fhv_silver.py took 0.117 seconds
[2026-05-09T02:59:27.749+0000] {processor.py:161} INFO - Started process (PID=3893) to work on /opt/airflow/dags/newyork_fhv_silver.py
[2026-05-09T02:59:27.751+0000] {processor.py:830} INFO - Processing file /opt/airflow/dags/newyork_fhv_silver.py for tasks to queue
[2026-05-09T02:59:27.753+0000] {logging_mixin.py:188} INFO - [2026-05-09T02:59:27.753+0000] {dagbag.py:545} INFO - Filling up the DagBag from /opt/airflow/dags/newyork_fhv_silver.py
[2026-05-09T02:59:27.786+0000] {processor.py:840} INFO - DAG(s) 'newyork_fhv_silver' retrieved from /opt/airflow/dags/newyork_fhv_silver.py
[2026-05-09T02:59:27.812+0000] {logging_mixin.py:188} INFO - [2026-05-09T02:59:27.811+0000] {dag.py:3096} INFO - Sync 1 DAGs
[2026-05-09T02:59:27.825+0000] {logging_mixin.py:188} INFO - [2026-05-09T02:59:27.825+0000] {dag.py:3954} INFO - Setting next_dagrun for newyork_fhv_silver to None, run_after=None
[2026-05-09T02:59:27.855+0000] {processor.py:183} INFO - Processing /opt/airflow/dags/newyork_fhv_silver.py took 0.113 seconds
[2026-05-09T02:59:58.658+0000] {processor.py:161} INFO - Started process (PID=3905) to work on /opt/airflow/dags/newyork_fhv_silver.py
[2026-05-09T02:59:58.660+0000] {processor.py:830} INFO - Processing file /opt/airflow/dags/newyork_fhv_silver.py for tasks to queue
[2026-05-09T02:59:58.663+0000] {logging_mixin.py:188} INFO - [2026-05-09T02:59:58.663+0000] {dagbag.py:545} INFO - Filling up the DagBag from /opt/airflow/dags/newyork_fhv_silver.py
[2026-05-09T02:59:58.716+0000] {processor.py:840} INFO - DAG(s) 'newyork_fhv_silver' retrieved from /opt/airflow/dags/newyork_fhv_silver.py
[2026-05-09T02:59:58.746+0000] {logging_mixin.py:188} INFO - [2026-05-09T02:59:58.746+0000] {dag.py:3096} INFO - Sync 1 DAGs
[2026-05-09T02:59:58.762+0000] {logging_mixin.py:188} INFO - [2026-05-09T02:59:58.762+0000] {dag.py:3954} INFO - Setting next_dagrun for newyork_fhv_silver to None, run_after=None
[2026-05-09T02:59:58.790+0000] {processor.py:183} INFO - Processing /opt/airflow/dags/newyork_fhv_silver.py took 0.148 seconds
[2026-05-09T03:00:29.402+0000] {processor.py:161} INFO - Started process (PID=3916) to work on /opt/airflow/dags/newyork_fhv_silver.py
[2026-05-09T03:00:29.404+0000] {processor.py:830} INFO - Processing file /opt/airflow/dags/newyork_fhv_silver.py for tasks to queue
[2026-05-09T03:00:29.407+0000] {logging_mixin.py:188} INFO - [2026-05-09T03:00:29.406+0000] {dagbag.py:545} INFO - Filling up the DagBag from /opt/airflow/dags/newyork_fhv_silver.py
[2026-05-09T03:00:29.434+0000] {processor.py:840} INFO - DAG(s) 'newyork_fhv_silver' retrieved from /opt/airflow/dags/newyork_fhv_silver.py
[2026-05-09T03:00:29.459+0000] {logging_mixin.py:188} INFO - [2026-05-09T03:00:29.458+0000] {dag.py:3096} INFO - Sync 1 DAGs
[2026-05-09T03:00:29.472+0000] {logging_mixin.py:188} INFO - [2026-05-09T03:00:29.472+0000] {dag.py:3954} INFO - Setting next_dagrun for newyork_fhv_silver to None, run_after=None
[2026-05-09T03:00:29.501+0000] {processor.py:183} INFO - Processing /opt/airflow/dags/newyork_fhv_silver.py took 0.106 seconds
[2026-05-09T03:01:00.385+0000] {processor.py:161} INFO - Started process (PID=3927) to work on /opt/airflow/dags/newyork_fhv_silver.py
[2026-05-09T03:01:00.386+0000] {processor.py:830} INFO - Processing file /opt/airflow/dags/newyork_fhv_silver.py for tasks to queue
[2026-05-09T03:01:00.389+0000] {logging_mixin.py:188} INFO - [2026-05-09T03:01:00.389+0000] {dagbag.py:545} INFO - Filling up the DagBag from /opt/airflow/dags/newyork_fhv_silver.py
[2026-05-09T03:01:00.434+0000] {processor.py:840} INFO - DAG(s) 'newyork_fhv_silver' retrieved from /opt/airflow/dags/newyork_fhv_silver.py
[2026-05-09T03:01:00.458+0000] {logging_mixin.py:188} INFO - [2026-05-09T03:01:00.458+0000] {dag.py:3096} INFO - Sync 1 DAGs
[2026-05-09T03:01:00.472+0000] {logging_mixin.py:188} INFO - [2026-05-09T03:01:00.472+0000] {dag.py:3954} INFO - Setting next_dagrun for newyork_fhv_silver to None, run_after=None
[2026-05-09T03:01:00.501+0000] {processor.py:183} INFO - Processing /opt/airflow/dags/newyork_fhv_silver.py took 0.122 seconds
[2026-05-09T03:01:31.262+0000] {processor.py:161} INFO - Started process (PID=3938) to work on /opt/airflow/dags/newyork_fhv_silver.py
[2026-05-09T03:01:31.264+0000] {processor.py:830} INFO - Processing file /opt/airflow/dags/newyork_fhv_silver.py for tasks to queue
[2026-05-09T03:01:31.267+0000] {logging_mixin.py:188} INFO - [2026-05-09T03:01:31.266+0000] {dagbag.py:545} INFO - Filling up the DagBag from /opt/airflow/dags/newyork_fhv_silver.py
[2026-05-09T03:01:31.318+0000] {processor.py:840} INFO - DAG(s) 'newyork_fhv_silver' retrieved from /opt/airflow/dags/newyork_fhv_silver.py
[2026-05-09T03:01:31.345+0000] {logging_mixin.py:188} INFO - [2026-05-09T03:01:31.345+0000] {dag.py:3096} INFO - Sync 1 DAGs
[2026-05-09T03:01:31.359+0000] {logging_mixin.py:188} INFO - [2026-05-09T03:01:31.358+0000] {dag.py:3954} INFO - Setting next_dagrun for newyork_fhv_silver to None, run_after=None
[2026-05-09T03:01:31.390+0000] {processor.py:183} INFO - Processing /opt/airflow/dags/newyork_fhv_silver.py took 0.139 seconds
[2026-05-09T03:02:02.089+0000] {processor.py:161} INFO - Started process (PID=3949) to work on /opt/airflow/dags/newyork_fhv_silver.py
[2026-05-09T03:02:02.091+0000] {processor.py:830} INFO - Processing file /opt/airflow/dags/newyork_fhv_silver.py for tasks to queue
[2026-05-09T03:02:02.096+0000] {logging_mixin.py:188} INFO - [2026-05-09T03:02:02.095+0000] {dagbag.py:545} INFO - Filling up the DagBag from /opt/airflow/dags/newyork_fhv_silver.py
[2026-05-09T03:02:02.131+0000] {processor.py:840} INFO - DAG(s) 'newyork_fhv_silver' retrieved from /opt/airflow/dags/newyork_fhv_silver.py
[2026-05-09T03:02:02.161+0000] {logging_mixin.py:188} INFO - [2026-05-09T03:02:02.161+0000] {dag.py:3096} INFO - Sync 1 DAGs
[2026-05-09T03:02:02.177+0000] {logging_mixin.py:188} INFO - [2026-05-09T03:02:02.177+0000] {dag.py:3954} INFO - Setting next_dagrun for newyork_fhv_silver to None, run_after=None
[2026-05-09T03:02:02.206+0000] {processor.py:183} INFO - Processing /opt/airflow/dags/newyork_fhv_silver.py took 0.128 seconds
[2026-05-09T03:02:32.817+0000] {processor.py:161} INFO - Started process (PID=3960) to work on /opt/airflow/dags/newyork_fhv_silver.py
[2026-05-09T03:02:32.820+0000] {processor.py:830} INFO - Processing file /opt/airflow/dags/newyork_fhv_silver.py for tasks to queue
[2026-05-09T03:02:32.827+0000] {logging_mixin.py:188} INFO - [2026-05-09T03:02:32.826+0000] {dagbag.py:545} INFO - Filling up the DagBag from /opt/airflow/dags/newyork_fhv_silver.py
[2026-05-09T03:02:32.874+0000] {processor.py:840} INFO - DAG(s) 'newyork_fhv_silver' retrieved from /opt/airflow/dags/newyork_fhv_silver.py
[2026-05-09T03:02:32.897+0000] {logging_mixin.py:188} INFO - [2026-05-09T03:02:32.896+0000] {dag.py:3096} INFO - Sync 1 DAGs
[2026-05-09T03:02:32.918+0000] {logging_mixin.py:188} INFO - [2026-05-09T03:02:32.918+0000] {dag.py:3954} INFO - Setting next_dagrun for newyork_fhv_silver to None, run_after=None
[2026-05-09T03:02:32.947+0000] {processor.py:183} INFO - Processing /opt/airflow/dags/newyork_fhv_silver.py took 0.141 seconds
[2026-05-09T03:03:03.782+0000] {processor.py:161} INFO - Started process (PID=3971) to work on /opt/airflow/dags/newyork_fhv_silver.py
[2026-05-09T03:03:03.784+0000] {processor.py:830} INFO - Processing file /opt/airflow/dags/newyork_fhv_silver.py for tasks to queue
[2026-05-09T03:03:03.787+0000] {logging_mixin.py:188} INFO - [2026-05-09T03:03:03.787+0000] {dagbag.py:545} INFO - Filling up the DagBag from /opt/airflow/dags/newyork_fhv_silver.py
[2026-05-09T03:03:03.824+0000] {processor.py:840} INFO - DAG(s) 'newyork_fhv_silver' retrieved from /opt/airflow/dags/newyork_fhv_silver.py
[2026-05-09T03:03:03.856+0000] {logging_mixin.py:188} INFO - [2026-05-09T03:03:03.855+0000] {dag.py:3096} INFO - Sync 1 DAGs
[2026-05-09T03:03:03.878+0000] {logging_mixin.py:188} INFO - [2026-05-09T03:03:03.878+0000] {dag.py:3954} INFO - Setting next_dagrun for newyork_fhv_silver to None, run_after=None
[2026-05-09T03:03:03.913+0000] {processor.py:183} INFO - Processing /opt/airflow/dags/newyork_fhv_silver.py took 0.141 seconds
[2026-05-09T03:03:34.702+0000] {processor.py:161} INFO - Started process (PID=3982) to work on /opt/airflow/dags/newyork_fhv_silver.py
[2026-05-09T03:03:34.704+0000] {processor.py:830} INFO - Processing file /opt/airflow/dags/newyork_fhv_silver.py for tasks to queue
[2026-05-09T03:03:34.707+0000] {logging_mixin.py:188} INFO - [2026-05-09T03:03:34.707+0000] {dagbag.py:545} INFO - Filling up the DagBag from /opt/airflow/dags/newyork_fhv_silver.py
[2026-05-09T03:03:34.748+0000] {processor.py:840} INFO - DAG(s) 'newyork_fhv_silver' retrieved from /opt/airflow/dags/newyork_fhv_silver.py
[2026-05-09T03:03:34.774+0000] {logging_mixin.py:188} INFO - [2026-05-09T03:03:34.774+0000] {dag.py:3096} INFO - Sync 1 DAGs
[2026-05-09T03:03:34.788+0000] {logging_mixin.py:188} INFO - [2026-05-09T03:03:34.788+0000] {dag.py:3954} INFO - Setting next_dagrun for newyork_fhv_silver to None, run_after=None
[2026-05-09T03:03:34.815+0000] {processor.py:183} INFO - Processing /opt/airflow/dags/newyork_fhv_silver.py took 0.124 seconds
[2026-05-09T03:04:05.826+0000] {processor.py:161} INFO - Started process (PID=3993) to work on /opt/airflow/dags/newyork_fhv_silver.py
[2026-05-09T03:04:05.837+0000] {processor.py:830} INFO - Processing file /opt/airflow/dags/newyork_fhv_silver.py for tasks to queue
[2026-05-09T03:04:05.842+0000] {logging_mixin.py:188} INFO - [2026-05-09T03:04:05.841+0000] {dagbag.py:545} INFO - Filling up the DagBag from /opt/airflow/dags/newyork_fhv_silver.py
[2026-05-09T03:04:05.886+0000] {processor.py:840} INFO - DAG(s) 'newyork_fhv_silver' retrieved from /opt/airflow/dags/newyork_fhv_silver.py
[2026-05-09T03:04:05.918+0000] {logging_mixin.py:188} INFO - [2026-05-09T03:04:05.918+0000] {dag.py:3096} INFO - Sync 1 DAGs
[2026-05-09T03:04:05.953+0000] {logging_mixin.py:188} INFO - [2026-05-09T03:04:05.952+0000] {dag.py:3954} INFO - Setting next_dagrun for newyork_fhv_silver to None, run_after=None
[2026-05-09T03:04:05.987+0000] {processor.py:183} INFO - Processing /opt/airflow/dags/newyork_fhv_silver.py took 0.171 seconds
[2026-05-09T03:04:36.765+0000] {processor.py:161} INFO - Started process (PID=4004) to work on /opt/airflow/dags/newyork_fhv_silver.py
[2026-05-09T03:04:36.768+0000] {processor.py:830} INFO - Processing file /opt/airflow/dags/newyork_fhv_silver.py for tasks to queue
[2026-05-09T03:04:36.772+0000] {logging_mixin.py:188} INFO - [2026-05-09T03:04:36.771+0000] {dagbag.py:545} INFO - Filling up the DagBag from /opt/airflow/dags/newyork_fhv_silver.py
[2026-05-09T03:04:36.829+0000] {processor.py:840} INFO - DAG(s) 'newyork_fhv_silver' retrieved from /opt/airflow/dags/newyork_fhv_silver.py
[2026-05-09T03:04:36.861+0000] {logging_mixin.py:188} INFO - [2026-05-09T03:04:36.861+0000] {dag.py:3096} INFO - Sync 1 DAGs
[2026-05-09T03:04:36.875+0000] {logging_mixin.py:188} INFO - [2026-05-09T03:04:36.875+0000] {dag.py:3954} INFO - Setting next_dagrun for newyork_fhv_silver to None, run_after=None
[2026-05-09T03:04:36.904+0000] {processor.py:183} INFO - Processing /opt/airflow/dags/newyork_fhv_silver.py took 0.149 seconds
[2026-05-09T03:05:07.019+0000] {processor.py:161} INFO - Started process (PID=4015) to work on /opt/airflow/dags/newyork_fhv_silver.py
[2026-05-09T03:05:07.022+0000] {processor.py:830} INFO - Processing file /opt/airflow/dags/newyork_fhv_silver.py for tasks to queue
[2026-05-09T03:05:07.027+0000] {logging_mixin.py:188} INFO - [2026-05-09T03:05:07.026+0000] {dagbag.py:545} INFO - Filling up the DagBag from /opt/airflow/dags/newyork_fhv_silver.py
[2026-05-09T03:05:07.091+0000] {processor.py:840} INFO - DAG(s) 'newyork_fhv_silver' retrieved from /opt/airflow/dags/newyork_fhv_silver.py
[2026-05-09T03:05:07.128+0000] {logging_mixin.py:188} INFO - [2026-05-09T03:05:07.128+0000] {dag.py:3096} INFO - Sync 1 DAGs
[2026-05-09T03:05:07.150+0000] {logging_mixin.py:188} INFO - [2026-05-09T03:05:07.149+0000] {dag.py:3954} INFO - Setting next_dagrun for newyork_fhv_silver to None, run_after=None
[2026-05-09T03:05:07.193+0000] {processor.py:183} INFO - Processing /opt/airflow/dags/newyork_fhv_silver.py took 0.189 seconds
[2026-05-09T03:05:38.078+0000] {processor.py:161} INFO - Started process (PID=4026) to work on /opt/airflow/dags/newyork_fhv_silver.py
[2026-05-09T03:05:38.079+0000] {processor.py:830} INFO - Processing file /opt/airflow/dags/newyork_fhv_silver.py for tasks to queue
[2026-05-09T03:05:38.082+0000] {logging_mixin.py:188} INFO - [2026-05-09T03:05:38.082+0000] {dagbag.py:545} INFO - Filling up the DagBag from /opt/airflow/dags/newyork_fhv_silver.py
[2026-05-09T03:05:38.122+0000] {processor.py:840} INFO - DAG(s) 'newyork_fhv_silver' retrieved from /opt/airflow/dags/newyork_fhv_silver.py
[2026-05-09T03:05:38.147+0000] {logging_mixin.py:188} INFO - [2026-05-09T03:05:38.147+0000] {dag.py:3096} INFO - Sync 1 DAGs
[2026-05-09T03:05:38.162+0000] {logging_mixin.py:188} INFO - [2026-05-09T03:05:38.162+0000] {dag.py:3954} INFO - Setting next_dagrun for newyork_fhv_silver to None, run_after=None
[2026-05-09T03:05:38.191+0000] {processor.py:183} INFO - Processing /opt/airflow/dags/newyork_fhv_silver.py took 0.121 seconds
[2026-05-09T03:06:09.149+0000] {processor.py:161} INFO - Started process (PID=4037) to work on /opt/airflow/dags/newyork_fhv_silver.py
[2026-05-09T03:06:09.151+0000] {processor.py:830} INFO - Processing file /opt/airflow/dags/newyork_fhv_silver.py for tasks to queue
[2026-05-09T03:06:09.155+0000] {logging_mixin.py:188} INFO - [2026-05-09T03:06:09.155+0000] {dagbag.py:545} INFO - Filling up the DagBag from /opt/airflow/dags/newyork_fhv_silver.py
[2026-05-09T03:06:09.199+0000] {processor.py:840} INFO - DAG(s) 'newyork_fhv_silver' retrieved from /opt/airflow/dags/newyork_fhv_silver.py
[2026-05-09T03:06:09.228+0000] {logging_mixin.py:188} INFO - [2026-05-09T03:06:09.228+0000] {dag.py:3096} INFO - Sync 1 DAGs
[2026-05-09T03:06:09.246+0000] {logging_mixin.py:188} INFO - [2026-05-09T03:06:09.245+0000] {dag.py:3954} INFO - Setting next_dagrun for newyork_fhv_silver to None, run_after=None
[2026-05-09T03:06:09.272+0000] {processor.py:183} INFO - Processing /opt/airflow/dags/newyork_fhv_silver.py took 0.135 seconds
[2026-05-09T03:06:40.124+0000] {processor.py:161} INFO - Started process (PID=4048) to work on /opt/airflow/dags/newyork_fhv_silver.py
[2026-05-09T03:06:40.125+0000] {processor.py:830} INFO - Processing file /opt/airflow/dags/newyork_fhv_silver.py for tasks to queue
[2026-05-09T03:06:40.127+0000] {logging_mixin.py:188} INFO - [2026-05-09T03:06:40.127+0000] {dagbag.py:545} INFO - Filling up the DagBag from /opt/airflow/dags/newyork_fhv_silver.py
[2026-05-09T03:06:40.151+0000] {processor.py:840} INFO - DAG(s) 'newyork_fhv_silver' retrieved from /opt/airflow/dags/newyork_fhv_silver.py
[2026-05-09T03:06:40.172+0000] {logging_mixin.py:188} INFO - [2026-05-09T03:06:40.172+0000] {dag.py:3096} INFO - Sync 1 DAGs
[2026-05-09T03:06:40.186+0000] {logging_mixin.py:188} INFO - [2026-05-09T03:06:40.186+0000] {dag.py:3954} INFO - Setting next_dagrun for newyork_fhv_silver to None, run_after=None
[2026-05-09T03:06:40.210+0000] {processor.py:183} INFO - Processing /opt/airflow/dags/newyork_fhv_silver.py took 0.092 seconds
[2026-05-09T03:07:11.072+0000] {processor.py:161} INFO - Started process (PID=4059) to work on /opt/airflow/dags/newyork_fhv_silver.py
[2026-05-09T03:07:11.073+0000] {processor.py:830} INFO - Processing file /opt/airflow/dags/newyork_fhv_silver.py for tasks to queue
[2026-05-09T03:07:11.076+0000] {logging_mixin.py:188} INFO - [2026-05-09T03:07:11.075+0000] {dagbag.py:545} INFO - Filling up the DagBag from /opt/airflow/dags/newyork_fhv_silver.py
[2026-05-09T03:07:11.118+0000] {processor.py:840} INFO - DAG(s) 'newyork_fhv_silver' retrieved from /opt/airflow/dags/newyork_fhv_silver.py
[2026-05-09T03:07:11.152+0000] {logging_mixin.py:188} INFO - [2026-05-09T03:07:11.151+0000] {dag.py:3096} INFO - Sync 1 DAGs
[2026-05-09T03:07:11.167+0000] {logging_mixin.py:188} INFO - [2026-05-09T03:07:11.167+0000] {dag.py:3954} INFO - Setting next_dagrun for newyork_fhv_silver to None, run_after=None
[2026-05-09T03:07:11.407+0000] {processor.py:183} INFO - Processing /opt/airflow/dags/newyork_fhv_silver.py took 0.343 seconds
[2026-05-09T03:07:42.284+0000] {processor.py:161} INFO - Started process (PID=4070) to work on /opt/airflow/dags/newyork_fhv_silver.py
[2026-05-09T03:07:42.286+0000] {processor.py:830} INFO - Processing file /opt/airflow/dags/newyork_fhv_silver.py for tasks to queue
[2026-05-09T03:07:42.290+0000] {logging_mixin.py:188} INFO - [2026-05-09T03:07:42.290+0000] {dagbag.py:545} INFO - Filling up the DagBag from /opt/airflow/dags/newyork_fhv_silver.py
[2026-05-09T03:07:42.336+0000] {processor.py:840} INFO - DAG(s) 'newyork_fhv_silver' retrieved from /opt/airflow/dags/newyork_fhv_silver.py
[2026-05-09T03:07:42.361+0000] {logging_mixin.py:188} INFO - [2026-05-09T03:07:42.361+0000] {dag.py:3096} INFO - Sync 1 DAGs
[2026-05-09T03:07:42.374+0000] {logging_mixin.py:188} INFO - [2026-05-09T03:07:42.374+0000] {dag.py:3954} INFO - Setting next_dagrun for newyork_fhv_silver to None, run_after=None
[2026-05-09T03:07:42.405+0000] {processor.py:183} INFO - Processing /opt/airflow/dags/newyork_fhv_silver.py took 0.133 seconds
[2026-05-09T03:08:13.025+0000] {processor.py:161} INFO - Started process (PID=4081) to work on /opt/airflow/dags/newyork_fhv_silver.py
[2026-05-09T03:08:13.028+0000] {processor.py:830} INFO - Processing file /opt/airflow/dags/newyork_fhv_silver.py for tasks to queue
[2026-05-09T03:08:13.032+0000] {logging_mixin.py:188} INFO - [2026-05-09T03:08:13.032+0000] {dagbag.py:545} INFO - Filling up the DagBag from /opt/airflow/dags/newyork_fhv_silver.py
[2026-05-09T03:08:13.085+0000] {processor.py:840} INFO - DAG(s) 'newyork_fhv_silver' retrieved from /opt/airflow/dags/newyork_fhv_silver.py
[2026-05-09T03:08:13.114+0000] {logging_mixin.py:188} INFO - [2026-05-09T03:08:13.113+0000] {dag.py:3096} INFO - Sync 1 DAGs
[2026-05-09T03:08:13.129+0000] {logging_mixin.py:188} INFO - [2026-05-09T03:08:13.129+0000] {dag.py:3954} INFO - Setting next_dagrun for newyork_fhv_silver to None, run_after=None
[2026-05-09T03:08:13.162+0000] {processor.py:183} INFO - Processing /opt/airflow/dags/newyork_fhv_silver.py took 0.149 seconds
[2026-05-09T03:08:43.837+0000] {processor.py:161} INFO - Started process (PID=4092) to work on /opt/airflow/dags/newyork_fhv_silver.py
[2026-05-09T03:08:43.841+0000] {processor.py:830} INFO - Processing file /opt/airflow/dags/newyork_fhv_silver.py for tasks to queue
[2026-05-09T03:08:43.848+0000] {logging_mixin.py:188} INFO - [2026-05-09T03:08:43.847+0000] {dagbag.py:545} INFO - Filling up the DagBag from /opt/airflow/dags/newyork_fhv_silver.py
[2026-05-09T03:08:43.891+0000] {processor.py:840} INFO - DAG(s) 'newyork_fhv_silver' retrieved from /opt/airflow/dags/newyork_fhv_silver.py
[2026-05-09T03:08:43.924+0000] {logging_mixin.py:188} INFO - [2026-05-09T03:08:43.923+0000] {dag.py:3096} INFO - Sync 1 DAGs
[2026-05-09T03:08:43.944+0000] {logging_mixin.py:188} INFO - [2026-05-09T03:08:43.944+0000] {dag.py:3954} INFO - Setting next_dagrun for newyork_fhv_silver to None, run_after=None
[2026-05-09T03:08:43.979+0000] {processor.py:183} INFO - Processing /opt/airflow/dags/newyork_fhv_silver.py took 0.157 seconds
[2026-05-09T03:09:14.798+0000] {processor.py:161} INFO - Started process (PID=4103) to work on /opt/airflow/dags/newyork_fhv_silver.py
[2026-05-09T03:09:14.801+0000] {processor.py:830} INFO - Processing file /opt/airflow/dags/newyork_fhv_silver.py for tasks to queue
[2026-05-09T03:09:14.806+0000] {logging_mixin.py:188} INFO - [2026-05-09T03:09:14.805+0000] {dagbag.py:545} INFO - Filling up the DagBag from /opt/airflow/dags/newyork_fhv_silver.py
[2026-05-09T03:09:14.846+0000] {processor.py:840} INFO - DAG(s) 'newyork_fhv_silver' retrieved from /opt/airflow/dags/newyork_fhv_silver.py
[2026-05-09T03:09:14.876+0000] {logging_mixin.py:188} INFO - [2026-05-09T03:09:14.875+0000] {dag.py:3096} INFO - Sync 1 DAGs
[2026-05-09T03:09:14.890+0000] {logging_mixin.py:188} INFO - [2026-05-09T03:09:14.890+0000] {dag.py:3954} INFO - Setting next_dagrun for newyork_fhv_silver to None, run_after=None
[2026-05-09T03:09:14.919+0000] {processor.py:183} INFO - Processing /opt/airflow/dags/newyork_fhv_silver.py took 0.131 seconds
[2026-05-09T03:09:45.724+0000] {processor.py:161} INFO - Started process (PID=4114) to work on /opt/airflow/dags/newyork_fhv_silver.py
[2026-05-09T03:09:45.727+0000] {processor.py:830} INFO - Processing file /opt/airflow/dags/newyork_fhv_silver.py for tasks to queue
[2026-05-09T03:09:45.730+0000] {logging_mixin.py:188} INFO - [2026-05-09T03:09:45.730+0000] {dagbag.py:545} INFO - Filling up the DagBag from /opt/airflow/dags/newyork_fhv_silver.py
[2026-05-09T03:09:45.757+0000] {processor.py:840} INFO - DAG(s) 'newyork_fhv_silver' retrieved from /opt/airflow/dags/newyork_fhv_silver.py
[2026-05-09T03:09:45.782+0000] {logging_mixin.py:188} INFO - [2026-05-09T03:09:45.782+0000] {dag.py:3096} INFO - Sync 1 DAGs
[2026-05-09T03:09:45.797+0000] {logging_mixin.py:188} INFO - [2026-05-09T03:09:45.797+0000] {dag.py:3954} INFO - Setting next_dagrun for newyork_fhv_silver to None, run_after=None
[2026-05-09T03:09:45.824+0000] {processor.py:183} INFO - Processing /opt/airflow/dags/newyork_fhv_silver.py took 0.109 seconds
[2026-05-09T03:10:16.648+0000] {processor.py:161} INFO - Started process (PID=4125) to work on /opt/airflow/dags/newyork_fhv_silver.py
[2026-05-09T03:10:16.650+0000] {processor.py:830} INFO - Processing file /opt/airflow/dags/newyork_fhv_silver.py for tasks to queue
[2026-05-09T03:10:16.653+0000] {logging_mixin.py:188} INFO - [2026-05-09T03:10:16.652+0000] {dagbag.py:545} INFO - Filling up the DagBag from /opt/airflow/dags/newyork_fhv_silver.py
[2026-05-09T03:10:16.673+0000] {processor.py:840} INFO - DAG(s) 'newyork_fhv_silver' retrieved from /opt/airflow/dags/newyork_fhv_silver.py
[2026-05-09T03:10:16.697+0000] {logging_mixin.py:188} INFO - [2026-05-09T03:10:16.696+0000] {dag.py:3096} INFO - Sync 1 DAGs
[2026-05-09T03:10:16.715+0000] {logging_mixin.py:188} INFO - [2026-05-09T03:10:16.714+0000] {dag.py:3954} INFO - Setting next_dagrun for newyork_fhv_silver to None, run_after=None
[2026-05-09T03:10:16.742+0000] {processor.py:183} INFO - Processing /opt/airflow/dags/newyork_fhv_silver.py took 0.105 seconds
[2026-05-09T03:10:47.555+0000] {processor.py:161} INFO - Started process (PID=4136) to work on /opt/airflow/dags/newyork_fhv_silver.py
[2026-05-09T03:10:47.557+0000] {processor.py:830} INFO - Processing file /opt/airflow/dags/newyork_fhv_silver.py for tasks to queue
[2026-05-09T03:10:47.561+0000] {logging_mixin.py:188} INFO - [2026-05-09T03:10:47.561+0000] {dagbag.py:545} INFO - Filling up the DagBag from /opt/airflow/dags/newyork_fhv_silver.py
[2026-05-09T03:10:47.611+0000] {processor.py:840} INFO - DAG(s) 'newyork_fhv_silver' retrieved from /opt/airflow/dags/newyork_fhv_silver.py
[2026-05-09T03:10:47.637+0000] {logging_mixin.py:188} INFO - [2026-05-09T03:10:47.637+0000] {dag.py:3096} INFO - Sync 1 DAGs
[2026-05-09T03:10:47.652+0000] {logging_mixin.py:188} INFO - [2026-05-09T03:10:47.652+0000] {dag.py:3954} INFO - Setting next_dagrun for newyork_fhv_silver to None, run_after=None
[2026-05-09T03:10:47.682+0000] {processor.py:183} INFO - Processing /opt/airflow/dags/newyork_fhv_silver.py took 0.134 seconds
[2026-05-09T03:11:18.386+0000] {processor.py:161} INFO - Started process (PID=4147) to work on /opt/airflow/dags/newyork_fhv_silver.py
[2026-05-09T03:11:18.387+0000] {processor.py:830} INFO - Processing file /opt/airflow/dags/newyork_fhv_silver.py for tasks to queue
[2026-05-09T03:11:18.390+0000] {logging_mixin.py:188} INFO - [2026-05-09T03:11:18.389+0000] {dagbag.py:545} INFO - Filling up the DagBag from /opt/airflow/dags/newyork_fhv_silver.py
[2026-05-09T03:11:18.414+0000] {processor.py:840} INFO - DAG(s) 'newyork_fhv_silver' retrieved from /opt/airflow/dags/newyork_fhv_silver.py
[2026-05-09T03:11:18.454+0000] {logging_mixin.py:188} INFO - [2026-05-09T03:11:18.454+0000] {dag.py:3096} INFO - Sync 1 DAGs
[2026-05-09T03:11:18.473+0000] {logging_mixin.py:188} INFO - [2026-05-09T03:11:18.473+0000] {dag.py:3954} INFO - Setting next_dagrun for newyork_fhv_silver to None, run_after=None
[2026-05-09T03:11:18.495+0000] {processor.py:183} INFO - Processing /opt/airflow/dags/newyork_fhv_silver.py took 0.119 seconds
[2026-05-09T03:11:49.373+0000] {processor.py:161} INFO - Started process (PID=4158) to work on /opt/airflow/dags/newyork_fhv_silver.py
[2026-05-09T03:11:49.375+0000] {processor.py:830} INFO - Processing file /opt/airflow/dags/newyork_fhv_silver.py for tasks to queue
[2026-05-09T03:11:49.380+0000] {logging_mixin.py:188} INFO - [2026-05-09T03:11:49.379+0000] {dagbag.py:545} INFO - Filling up the DagBag from /opt/airflow/dags/newyork_fhv_silver.py
[2026-05-09T03:11:49.428+0000] {processor.py:840} INFO - DAG(s) 'newyork_fhv_silver' retrieved from /opt/airflow/dags/newyork_fhv_silver.py
[2026-05-09T03:11:49.464+0000] {logging_mixin.py:188} INFO - [2026-05-09T03:11:49.464+0000] {dag.py:3096} INFO - Sync 1 DAGs
[2026-05-09T03:11:49.483+0000] {logging_mixin.py:188} INFO - [2026-05-09T03:11:49.482+0000] {dag.py:3954} INFO - Setting next_dagrun for newyork_fhv_silver to None, run_after=None
[2026-05-09T03:11:49.516+0000] {processor.py:183} INFO - Processing /opt/airflow/dags/newyork_fhv_silver.py took 0.156 seconds
[2026-05-09T03:12:20.361+0000] {processor.py:161} INFO - Started process (PID=4169) to work on /opt/airflow/dags/newyork_fhv_silver.py
[2026-05-09T03:12:20.364+0000] {processor.py:830} INFO - Processing file /opt/airflow/dags/newyork_fhv_silver.py for tasks to queue
[2026-05-09T03:12:20.368+0000] {logging_mixin.py:188} INFO - [2026-05-09T03:12:20.367+0000] {dagbag.py:545} INFO - Filling up the DagBag from /opt/airflow/dags/newyork_fhv_silver.py
[2026-05-09T03:12:20.419+0000] {processor.py:840} INFO - DAG(s) 'newyork_fhv_silver' retrieved from /opt/airflow/dags/newyork_fhv_silver.py
[2026-05-09T03:12:20.443+0000] {logging_mixin.py:188} INFO - [2026-05-09T03:12:20.443+0000] {dag.py:3096} INFO - Sync 1 DAGs
[2026-05-09T03:12:20.456+0000] {logging_mixin.py:188} INFO - [2026-05-09T03:12:20.456+0000] {dag.py:3954} INFO - Setting next_dagrun for newyork_fhv_silver to None, run_after=None
[2026-05-09T03:12:20.482+0000] {processor.py:183} INFO - Processing /opt/airflow/dags/newyork_fhv_silver.py took 0.133 seconds
[2026-05-09T03:12:51.113+0000] {processor.py:161} INFO - Started process (PID=4180) to work on /opt/airflow/dags/newyork_fhv_silver.py
[2026-05-09T03:12:51.115+0000] {processor.py:830} INFO - Processing file /opt/airflow/dags/newyork_fhv_silver.py for tasks to queue
[2026-05-09T03:12:51.117+0000] {logging_mixin.py:188} INFO - [2026-05-09T03:12:51.117+0000] {dagbag.py:545} INFO - Filling up the DagBag from /opt/airflow/dags/newyork_fhv_silver.py
[2026-05-09T03:12:51.156+0000] {processor.py:840} INFO - DAG(s) 'newyork_fhv_silver' retrieved from /opt/airflow/dags/newyork_fhv_silver.py
[2026-05-09T03:12:51.183+0000] {logging_mixin.py:188} INFO - [2026-05-09T03:12:51.182+0000] {dag.py:3096} INFO - Sync 1 DAGs
[2026-05-09T03:12:51.197+0000] {logging_mixin.py:188} INFO - [2026-05-09T03:12:51.197+0000] {dag.py:3954} INFO - Setting next_dagrun for newyork_fhv_silver to None, run_after=None
[2026-05-09T03:12:51.222+0000] {processor.py:183} INFO - Processing /opt/airflow/dags/newyork_fhv_silver.py took 0.117 seconds
[2026-05-09T03:13:22.004+0000] {processor.py:161} INFO - Started process (PID=4197) to work on /opt/airflow/dags/newyork_fhv_silver.py
[2026-05-09T03:13:22.005+0000] {processor.py:830} INFO - Processing file /opt/airflow/dags/newyork_fhv_silver.py for tasks to queue
[2026-05-09T03:13:22.008+0000] {logging_mixin.py:188} INFO - [2026-05-09T03:13:22.007+0000] {dagbag.py:545} INFO - Filling up the DagBag from /opt/airflow/dags/newyork_fhv_silver.py
[2026-05-09T03:13:22.043+0000] {processor.py:840} INFO - DAG(s) 'newyork_fhv_silver' retrieved from /opt/airflow/dags/newyork_fhv_silver.py
[2026-05-09T03:13:22.065+0000] {logging_mixin.py:188} INFO - [2026-05-09T03:13:22.065+0000] {dag.py:3096} INFO - Sync 1 DAGs
[2026-05-09T03:13:22.080+0000] {logging_mixin.py:188} INFO - [2026-05-09T03:13:22.080+0000] {dag.py:3954} INFO - Setting next_dagrun for newyork_fhv_silver to None, run_after=None
[2026-05-09T03:13:22.109+0000] {processor.py:183} INFO - Processing /opt/airflow/dags/newyork_fhv_silver.py took 0.114 seconds
[2026-05-09T03:13:52.219+0000] {processor.py:161} INFO - Started process (PID=4208) to work on /opt/airflow/dags/newyork_fhv_silver.py
[2026-05-09T03:13:52.221+0000] {processor.py:830} INFO - Processing file /opt/airflow/dags/newyork_fhv_silver.py for tasks to queue
[2026-05-09T03:13:52.225+0000] {logging_mixin.py:188} INFO - [2026-05-09T03:13:52.224+0000] {dagbag.py:545} INFO - Filling up the DagBag from /opt/airflow/dags/newyork_fhv_silver.py
[2026-05-09T03:13:52.249+0000] {processor.py:840} INFO - DAG(s) 'newyork_fhv_silver' retrieved from /opt/airflow/dags/newyork_fhv_silver.py
[2026-05-09T03:13:52.271+0000] {logging_mixin.py:188} INFO - [2026-05-09T03:13:52.270+0000] {dag.py:3096} INFO - Sync 1 DAGs
[2026-05-09T03:13:52.285+0000] {logging_mixin.py:188} INFO - [2026-05-09T03:13:52.285+0000] {dag.py:3954} INFO - Setting next_dagrun for newyork_fhv_silver to None, run_after=None
[2026-05-09T03:13:52.312+0000] {processor.py:183} INFO - Processing /opt/airflow/dags/newyork_fhv_silver.py took 0.105 seconds
[2026-05-09T03:14:22.488+0000] {processor.py:161} INFO - Started process (PID=4219) to work on /opt/airflow/dags/newyork_fhv_silver.py
[2026-05-09T03:14:22.489+0000] {processor.py:830} INFO - Processing file /opt/airflow/dags/newyork_fhv_silver.py for tasks to queue
[2026-05-09T03:14:22.492+0000] {logging_mixin.py:188} INFO - [2026-05-09T03:14:22.492+0000] {dagbag.py:545} INFO - Filling up the DagBag from /opt/airflow/dags/newyork_fhv_silver.py
[2026-05-09T03:14:22.528+0000] {processor.py:840} INFO - DAG(s) 'newyork_fhv_silver' retrieved from /opt/airflow/dags/newyork_fhv_silver.py
[2026-05-09T03:14:22.553+0000] {logging_mixin.py:188} INFO - [2026-05-09T03:14:22.553+0000] {dag.py:3096} INFO - Sync 1 DAGs
[2026-05-09T03:14:22.568+0000] {logging_mixin.py:188} INFO - [2026-05-09T03:14:22.568+0000] {dag.py:3954} INFO - Setting next_dagrun for newyork_fhv_silver to None, run_after=None
[2026-05-09T03:14:22.594+0000] {processor.py:183} INFO - Processing /opt/airflow/dags/newyork_fhv_silver.py took 0.114 seconds
[2026-05-09T03:14:52.851+0000] {processor.py:161} INFO - Started process (PID=4230) to work on /opt/airflow/dags/newyork_fhv_silver.py
[2026-05-09T03:14:52.854+0000] {processor.py:830} INFO - Processing file /opt/airflow/dags/newyork_fhv_silver.py for tasks to queue
[2026-05-09T03:14:52.859+0000] {logging_mixin.py:188} INFO - [2026-05-09T03:14:52.858+0000] {dagbag.py:545} INFO - Filling up the DagBag from /opt/airflow/dags/newyork_fhv_silver.py
[2026-05-09T03:14:52.909+0000] {processor.py:840} INFO - DAG(s) 'newyork_fhv_silver' retrieved from /opt/airflow/dags/newyork_fhv_silver.py
[2026-05-09T03:14:52.955+0000] {logging_mixin.py:188} INFO - [2026-05-09T03:14:52.954+0000] {dag.py:3096} INFO - Sync 1 DAGs
[2026-05-09T03:14:52.987+0000] {logging_mixin.py:188} INFO - [2026-05-09T03:14:52.986+0000] {dag.py:3954} INFO - Setting next_dagrun for newyork_fhv_silver to None, run_after=None
[2026-05-09T03:14:53.033+0000] {processor.py:183} INFO - Processing /opt/airflow/dags/newyork_fhv_silver.py took 0.196 seconds
[2026-05-09T03:15:23.865+0000] {processor.py:161} INFO - Started process (PID=4241) to work on /opt/airflow/dags/newyork_fhv_silver.py
[2026-05-09T03:15:23.867+0000] {processor.py:830} INFO - Processing file /opt/airflow/dags/newyork_fhv_silver.py for tasks to queue
[2026-05-09T03:15:23.869+0000] {logging_mixin.py:188} INFO - [2026-05-09T03:15:23.869+0000] {dagbag.py:545} INFO - Filling up the DagBag from /opt/airflow/dags/newyork_fhv_silver.py
[2026-05-09T03:15:23.896+0000] {processor.py:840} INFO - DAG(s) 'newyork_fhv_silver' retrieved from /opt/airflow/dags/newyork_fhv_silver.py
[2026-05-09T03:15:23.918+0000] {logging_mixin.py:188} INFO - [2026-05-09T03:15:23.918+0000] {dag.py:3096} INFO - Sync 1 DAGs
[2026-05-09T03:15:23.932+0000] {logging_mixin.py:188} INFO - [2026-05-09T03:15:23.932+0000] {dag.py:3954} INFO - Setting next_dagrun for newyork_fhv_silver to None, run_after=None
[2026-05-09T03:15:23.954+0000] {processor.py:183} INFO - Processing /opt/airflow/dags/newyork_fhv_silver.py took 0.097 seconds
[2026-05-09T03:15:54.699+0000] {processor.py:161} INFO - Started process (PID=4252) to work on /opt/airflow/dags/newyork_fhv_silver.py
[2026-05-09T03:15:54.701+0000] {processor.py:830} INFO - Processing file /opt/airflow/dags/newyork_fhv_silver.py for tasks to queue
[2026-05-09T03:15:54.706+0000] {logging_mixin.py:188} INFO - [2026-05-09T03:15:54.705+0000] {dagbag.py:545} INFO - Filling up the DagBag from /opt/airflow/dags/newyork_fhv_silver.py
[2026-05-09T03:15:54.753+0000] {processor.py:840} INFO - DAG(s) 'newyork_fhv_silver' retrieved from /opt/airflow/dags/newyork_fhv_silver.py
[2026-05-09T03:15:54.774+0000] {logging_mixin.py:188} INFO - [2026-05-09T03:15:54.774+0000] {dag.py:3096} INFO - Sync 1 DAGs
[2026-05-09T03:15:54.788+0000] {logging_mixin.py:188} INFO - [2026-05-09T03:15:54.788+0000] {dag.py:3954} INFO - Setting next_dagrun for newyork_fhv_silver to None, run_after=None
[2026-05-09T03:15:54.819+0000] {processor.py:183} INFO - Processing /opt/airflow/dags/newyork_fhv_silver.py took 0.132 seconds
[2026-05-09T03:16:25.675+0000] {processor.py:161} INFO - Started process (PID=4263) to work on /opt/airflow/dags/newyork_fhv_silver.py
[2026-05-09T03:16:25.678+0000] {processor.py:830} INFO - Processing file /opt/airflow/dags/newyork_fhv_silver.py for tasks to queue
[2026-05-09T03:16:25.682+0000] {logging_mixin.py:188} INFO - [2026-05-09T03:16:25.681+0000] {dagbag.py:545} INFO - Filling up the DagBag from /opt/airflow/dags/newyork_fhv_silver.py
[2026-05-09T03:16:25.732+0000] {processor.py:840} INFO - DAG(s) 'newyork_fhv_silver' retrieved from /opt/airflow/dags/newyork_fhv_silver.py
[2026-05-09T03:16:25.765+0000] {logging_mixin.py:188} INFO - [2026-05-09T03:16:25.765+0000] {dag.py:3096} INFO - Sync 1 DAGs
[2026-05-09T03:16:25.778+0000] {logging_mixin.py:188} INFO - [2026-05-09T03:16:25.778+0000] {dag.py:3954} INFO - Setting next_dagrun for newyork_fhv_silver to None, run_after=None
[2026-05-09T03:16:25.807+0000] {processor.py:183} INFO - Processing /opt/airflow/dags/newyork_fhv_silver.py took 0.142 seconds
[2026-05-09T03:16:56.642+0000] {processor.py:161} INFO - Started process (PID=4274) to work on /opt/airflow/dags/newyork_fhv_silver.py
[2026-05-09T03:16:56.645+0000] {processor.py:830} INFO - Processing file /opt/airflow/dags/newyork_fhv_silver.py for tasks to queue
[2026-05-09T03:16:56.649+0000] {logging_mixin.py:188} INFO - [2026-05-09T03:16:56.648+0000] {dagbag.py:545} INFO - Filling up the DagBag from /opt/airflow/dags/newyork_fhv_silver.py
[2026-05-09T03:16:56.697+0000] {processor.py:840} INFO - DAG(s) 'newyork_fhv_silver' retrieved from /opt/airflow/dags/newyork_fhv_silver.py
[2026-05-09T03:16:56.732+0000] {logging_mixin.py:188} INFO - [2026-05-09T03:16:56.731+0000] {dag.py:3096} INFO - Sync 1 DAGs
[2026-05-09T03:16:56.747+0000] {logging_mixin.py:188} INFO - [2026-05-09T03:16:56.746+0000] {dag.py:3954} INFO - Setting next_dagrun for newyork_fhv_silver to None, run_after=None
[2026-05-09T03:16:56.773+0000] {processor.py:183} INFO - Processing /opt/airflow/dags/newyork_fhv_silver.py took 0.142 seconds
[2026-05-09T03:17:27.625+0000] {processor.py:161} INFO - Started process (PID=4285) to work on /opt/airflow/dags/newyork_fhv_silver.py
[2026-05-09T03:17:27.627+0000] {processor.py:830} INFO - Processing file /opt/airflow/dags/newyork_fhv_silver.py for tasks to queue
[2026-05-09T03:17:27.632+0000] {logging_mixin.py:188} INFO - [2026-05-09T03:17:27.631+0000] {dagbag.py:545} INFO - Filling up the DagBag from /opt/airflow/dags/newyork_fhv_silver.py
[2026-05-09T03:17:27.681+0000] {processor.py:840} INFO - DAG(s) 'newyork_fhv_silver' retrieved from /opt/airflow/dags/newyork_fhv_silver.py
[2026-05-09T03:17:27.709+0000] {logging_mixin.py:188} INFO - [2026-05-09T03:17:27.709+0000] {dag.py:3096} INFO - Sync 1 DAGs
[2026-05-09T03:17:27.724+0000] {logging_mixin.py:188} INFO - [2026-05-09T03:17:27.724+0000] {dag.py:3954} INFO - Setting next_dagrun for newyork_fhv_silver to None, run_after=None
[2026-05-09T03:17:27.757+0000] {processor.py:183} INFO - Processing /opt/airflow/dags/newyork_fhv_silver.py took 0.143 seconds
[2026-05-09T03:17:58.403+0000] {processor.py:161} INFO - Started process (PID=4297) to work on /opt/airflow/dags/newyork_fhv_silver.py
[2026-05-09T03:17:58.405+0000] {processor.py:830} INFO - Processing file /opt/airflow/dags/newyork_fhv_silver.py for tasks to queue
[2026-05-09T03:17:58.411+0000] {logging_mixin.py:188} INFO - [2026-05-09T03:17:58.410+0000] {dagbag.py:545} INFO - Filling up the DagBag from /opt/airflow/dags/newyork_fhv_silver.py
[2026-05-09T03:17:58.435+0000] {processor.py:840} INFO - DAG(s) 'newyork_fhv_silver' retrieved from /opt/airflow/dags/newyork_fhv_silver.py
[2026-05-09T03:17:58.459+0000] {logging_mixin.py:188} INFO - [2026-05-09T03:17:58.459+0000] {dag.py:3096} INFO - Sync 1 DAGs
[2026-05-09T03:17:58.474+0000] {logging_mixin.py:188} INFO - [2026-05-09T03:17:58.474+0000] {dag.py:3954} INFO - Setting next_dagrun for newyork_fhv_silver to None, run_after=None
[2026-05-09T03:17:58.503+0000] {processor.py:183} INFO - Processing /opt/airflow/dags/newyork_fhv_silver.py took 0.111 seconds
[2026-05-09T03:18:29.382+0000] {processor.py:161} INFO - Started process (PID=4308) to work on /opt/airflow/dags/newyork_fhv_silver.py
[2026-05-09T03:18:29.384+0000] {processor.py:830} INFO - Processing file /opt/airflow/dags/newyork_fhv_silver.py for tasks to queue
[2026-05-09T03:18:29.389+0000] {logging_mixin.py:188} INFO - [2026-05-09T03:18:29.388+0000] {dagbag.py:545} INFO - Filling up the DagBag from /opt/airflow/dags/newyork_fhv_silver.py
[2026-05-09T03:18:29.435+0000] {processor.py:840} INFO - DAG(s) 'newyork_fhv_silver' retrieved from /opt/airflow/dags/newyork_fhv_silver.py
[2026-05-09T03:18:29.465+0000] {logging_mixin.py:188} INFO - [2026-05-09T03:18:29.464+0000] {dag.py:3096} INFO - Sync 1 DAGs
[2026-05-09T03:18:29.479+0000] {logging_mixin.py:188} INFO - [2026-05-09T03:18:29.479+0000] {dag.py:3954} INFO - Setting next_dagrun for newyork_fhv_silver to None, run_after=None
[2026-05-09T03:18:29.505+0000] {processor.py:183} INFO - Processing /opt/airflow/dags/newyork_fhv_silver.py took 0.131 seconds
[2026-05-09T03:19:00.317+0000] {processor.py:161} INFO - Started process (PID=4319) to work on /opt/airflow/dags/newyork_fhv_silver.py
[2026-05-09T03:19:00.319+0000] {processor.py:830} INFO - Processing file /opt/airflow/dags/newyork_fhv_silver.py for tasks to queue
[2026-05-09T03:19:00.321+0000] {logging_mixin.py:188} INFO - [2026-05-09T03:19:00.321+0000] {dagbag.py:545} INFO - Filling up the DagBag from /opt/airflow/dags/newyork_fhv_silver.py
[2026-05-09T03:19:00.358+0000] {processor.py:840} INFO - DAG(s) 'newyork_fhv_silver' retrieved from /opt/airflow/dags/newyork_fhv_silver.py
[2026-05-09T03:19:00.381+0000] {logging_mixin.py:188} INFO - [2026-05-09T03:19:00.381+0000] {dag.py:3096} INFO - Sync 1 DAGs
[2026-05-09T03:19:00.395+0000] {logging_mixin.py:188} INFO - [2026-05-09T03:19:00.395+0000] {dag.py:3954} INFO - Setting next_dagrun for newyork_fhv_silver to None, run_after=None
[2026-05-09T03:19:00.422+0000] {processor.py:183} INFO - Processing /opt/airflow/dags/newyork_fhv_silver.py took 0.112 seconds
[2026-05-09T03:19:30.775+0000] {processor.py:161} INFO - Started process (PID=4330) to work on /opt/airflow/dags/newyork_fhv_silver.py
[2026-05-09T03:19:30.778+0000] {processor.py:830} INFO - Processing file /opt/airflow/dags/newyork_fhv_silver.py for tasks to queue
[2026-05-09T03:19:30.781+0000] {logging_mixin.py:188} INFO - [2026-05-09T03:19:30.780+0000] {dagbag.py:545} INFO - Filling up the DagBag from /opt/airflow/dags/newyork_fhv_silver.py
[2026-05-09T03:19:30.801+0000] {processor.py:840} INFO - DAG(s) 'newyork_fhv_silver' retrieved from /opt/airflow/dags/newyork_fhv_silver.py
[2026-05-09T03:19:30.823+0000] {logging_mixin.py:188} INFO - [2026-05-09T03:19:30.822+0000] {dag.py:3096} INFO - Sync 1 DAGs
[2026-05-09T03:19:30.837+0000] {logging_mixin.py:188} INFO - [2026-05-09T03:19:30.837+0000] {dag.py:3954} INFO - Setting next_dagrun for newyork_fhv_silver to None, run_after=None
[2026-05-09T03:19:30.860+0000] {processor.py:183} INFO - Processing /opt/airflow/dags/newyork_fhv_silver.py took 0.095 seconds
[2026-05-09T03:20:01.647+0000] {processor.py:161} INFO - Started process (PID=4341) to work on /opt/airflow/dags/newyork_fhv_silver.py
[2026-05-09T03:20:01.650+0000] {processor.py:830} INFO - Processing file /opt/airflow/dags/newyork_fhv_silver.py for tasks to queue
[2026-05-09T03:20:01.653+0000] {logging_mixin.py:188} INFO - [2026-05-09T03:20:01.653+0000] {dagbag.py:545} INFO - Filling up the DagBag from /opt/airflow/dags/newyork_fhv_silver.py
[2026-05-09T03:20:01.699+0000] {processor.py:840} INFO - DAG(s) 'newyork_fhv_silver' retrieved from /opt/airflow/dags/newyork_fhv_silver.py
[2026-05-09T03:20:01.722+0000] {logging_mixin.py:188} INFO - [2026-05-09T03:20:01.722+0000] {dag.py:3096} INFO - Sync 1 DAGs
[2026-05-09T03:20:01.736+0000] {logging_mixin.py:188} INFO - [2026-05-09T03:20:01.735+0000] {dag.py:3954} INFO - Setting next_dagrun for newyork_fhv_silver to None, run_after=None
[2026-05-09T03:20:01.761+0000] {processor.py:183} INFO - Processing /opt/airflow/dags/newyork_fhv_silver.py took 0.125 seconds
[2026-05-09T03:20:32.498+0000] {processor.py:161} INFO - Started process (PID=4352) to work on /opt/airflow/dags/newyork_fhv_silver.py
[2026-05-09T03:20:32.500+0000] {processor.py:830} INFO - Processing file /opt/airflow/dags/newyork_fhv_silver.py for tasks to queue
[2026-05-09T03:20:32.503+0000] {logging_mixin.py:188} INFO - [2026-05-09T03:20:32.503+0000] {dagbag.py:545} INFO - Filling up the DagBag from /opt/airflow/dags/newyork_fhv_silver.py
[2026-05-09T03:20:32.531+0000] {processor.py:840} INFO - DAG(s) 'newyork_fhv_silver' retrieved from /opt/airflow/dags/newyork_fhv_silver.py
[2026-05-09T03:20:32.554+0000] {logging_mixin.py:188} INFO - [2026-05-09T03:20:32.554+0000] {dag.py:3096} INFO - Sync 1 DAGs
[2026-05-09T03:20:32.568+0000] {logging_mixin.py:188} INFO - [2026-05-09T03:20:32.568+0000] {dag.py:3954} INFO - Setting next_dagrun for newyork_fhv_silver to None, run_after=None
[2026-05-09T03:20:32.595+0000] {processor.py:183} INFO - Processing /opt/airflow/dags/newyork_fhv_silver.py took 0.103 seconds
[2026-05-09T03:21:03.344+0000] {processor.py:161} INFO - Started process (PID=4363) to work on /opt/airflow/dags/newyork_fhv_silver.py
[2026-05-09T03:21:03.346+0000] {processor.py:830} INFO - Processing file /opt/airflow/dags/newyork_fhv_silver.py for tasks to queue
[2026-05-09T03:21:03.352+0000] {logging_mixin.py:188} INFO - [2026-05-09T03:21:03.351+0000] {dagbag.py:545} INFO - Filling up the DagBag from /opt/airflow/dags/newyork_fhv_silver.py
[2026-05-09T03:21:03.396+0000] {processor.py:840} INFO - DAG(s) 'newyork_fhv_silver' retrieved from /opt/airflow/dags/newyork_fhv_silver.py
[2026-05-09T03:21:03.425+0000] {logging_mixin.py:188} INFO - [2026-05-09T03:21:03.424+0000] {dag.py:3096} INFO - Sync 1 DAGs
[2026-05-09T03:21:03.440+0000] {logging_mixin.py:188} INFO - [2026-05-09T03:21:03.440+0000] {dag.py:3954} INFO - Setting next_dagrun for newyork_fhv_silver to None, run_after=None
[2026-05-09T03:21:03.466+0000] {processor.py:183} INFO - Processing /opt/airflow/dags/newyork_fhv_silver.py took 0.130 seconds
[2026-05-09T03:21:34.332+0000] {processor.py:161} INFO - Started process (PID=4374) to work on /opt/airflow/dags/newyork_fhv_silver.py
[2026-05-09T03:21:34.334+0000] {processor.py:830} INFO - Processing file /opt/airflow/dags/newyork_fhv_silver.py for tasks to queue
[2026-05-09T03:21:34.337+0000] {logging_mixin.py:188} INFO - [2026-05-09T03:21:34.336+0000] {dagbag.py:545} INFO - Filling up the DagBag from /opt/airflow/dags/newyork_fhv_silver.py
[2026-05-09T03:21:34.373+0000] {processor.py:840} INFO - DAG(s) 'newyork_fhv_silver' retrieved from /opt/airflow/dags/newyork_fhv_silver.py
[2026-05-09T03:21:34.395+0000] {logging_mixin.py:188} INFO - [2026-05-09T03:21:34.395+0000] {dag.py:3096} INFO - Sync 1 DAGs
[2026-05-09T03:21:34.409+0000] {logging_mixin.py:188} INFO - [2026-05-09T03:21:34.409+0000] {dag.py:3954} INFO - Setting next_dagrun for newyork_fhv_silver to None, run_after=None
[2026-05-09T03:21:34.432+0000] {processor.py:183} INFO - Processing /opt/airflow/dags/newyork_fhv_silver.py took 0.107 seconds
[2026-05-09T03:22:05.231+0000] {processor.py:161} INFO - Started process (PID=4385) to work on /opt/airflow/dags/newyork_fhv_silver.py
[2026-05-09T03:22:05.233+0000] {processor.py:830} INFO - Processing file /opt/airflow/dags/newyork_fhv_silver.py for tasks to queue
[2026-05-09T03:22:05.237+0000] {logging_mixin.py:188} INFO - [2026-05-09T03:22:05.236+0000] {dagbag.py:545} INFO - Filling up the DagBag from /opt/airflow/dags/newyork_fhv_silver.py
[2026-05-09T03:22:05.284+0000] {processor.py:840} INFO - DAG(s) 'newyork_fhv_silver' retrieved from /opt/airflow/dags/newyork_fhv_silver.py
[2026-05-09T03:22:05.319+0000] {logging_mixin.py:188} INFO - [2026-05-09T03:22:05.318+0000] {dag.py:3096} INFO - Sync 1 DAGs
[2026-05-09T03:22:05.335+0000] {logging_mixin.py:188} INFO - [2026-05-09T03:22:05.335+0000] {dag.py:3954} INFO - Setting next_dagrun for newyork_fhv_silver to None, run_after=None
[2026-05-09T03:22:05.366+0000] {processor.py:183} INFO - Processing /opt/airflow/dags/newyork_fhv_silver.py took 0.143 seconds
[2026-05-09T03:22:36.215+0000] {processor.py:161} INFO - Started process (PID=4396) to work on /opt/airflow/dags/newyork_fhv_silver.py
[2026-05-09T03:22:36.218+0000] {processor.py:830} INFO - Processing file /opt/airflow/dags/newyork_fhv_silver.py for tasks to queue
[2026-05-09T03:22:36.222+0000] {logging_mixin.py:188} INFO - [2026-05-09T03:22:36.222+0000] {dagbag.py:545} INFO - Filling up the DagBag from /opt/airflow/dags/newyork_fhv_silver.py
[2026-05-09T03:22:36.273+0000] {processor.py:840} INFO - DAG(s) 'newyork_fhv_silver' retrieved from /opt/airflow/dags/newyork_fhv_silver.py
[2026-05-09T03:22:36.309+0000] {logging_mixin.py:188} INFO - [2026-05-09T03:22:36.308+0000] {dag.py:3096} INFO - Sync 1 DAGs
[2026-05-09T03:22:36.326+0000] {logging_mixin.py:188} INFO - [2026-05-09T03:22:36.325+0000] {dag.py:3954} INFO - Setting next_dagrun for newyork_fhv_silver to None, run_after=None
[2026-05-09T03:22:36.360+0000] {processor.py:183} INFO - Processing /opt/airflow/dags/newyork_fhv_silver.py took 0.155 seconds
[2026-05-09T03:23:07.144+0000] {processor.py:161} INFO - Started process (PID=4407) to work on /opt/airflow/dags/newyork_fhv_silver.py
[2026-05-09T03:23:07.146+0000] {processor.py:830} INFO - Processing file /opt/airflow/dags/newyork_fhv_silver.py for tasks to queue
[2026-05-09T03:23:07.149+0000] {logging_mixin.py:188} INFO - [2026-05-09T03:23:07.148+0000] {dagbag.py:545} INFO - Filling up the DagBag from /opt/airflow/dags/newyork_fhv_silver.py
[2026-05-09T03:23:07.180+0000] {processor.py:840} INFO - DAG(s) 'newyork_fhv_silver' retrieved from /opt/airflow/dags/newyork_fhv_silver.py
[2026-05-09T03:23:07.204+0000] {logging_mixin.py:188} INFO - [2026-05-09T03:23:07.204+0000] {dag.py:3096} INFO - Sync 1 DAGs
[2026-05-09T03:23:07.222+0000] {logging_mixin.py:188} INFO - [2026-05-09T03:23:07.221+0000] {dag.py:3954} INFO - Setting next_dagrun for newyork_fhv_silver to None, run_after=None
[2026-05-09T03:23:07.250+0000] {processor.py:183} INFO - Processing /opt/airflow/dags/newyork_fhv_silver.py took 0.115 seconds
[2026-05-09T03:23:38.004+0000] {processor.py:161} INFO - Started process (PID=4419) to work on /opt/airflow/dags/newyork_fhv_silver.py
[2026-05-09T03:23:38.007+0000] {processor.py:830} INFO - Processing file /opt/airflow/dags/newyork_fhv_silver.py for tasks to queue
[2026-05-09T03:23:38.011+0000] {logging_mixin.py:188} INFO - [2026-05-09T03:23:38.010+0000] {dagbag.py:545} INFO - Filling up the DagBag from /opt/airflow/dags/newyork_fhv_silver.py
[2026-05-09T03:23:38.067+0000] {processor.py:840} INFO - DAG(s) 'newyork_fhv_silver' retrieved from /opt/airflow/dags/newyork_fhv_silver.py
[2026-05-09T03:23:38.097+0000] {logging_mixin.py:188} INFO - [2026-05-09T03:23:38.097+0000] {dag.py:3096} INFO - Sync 1 DAGs
[2026-05-09T03:23:38.115+0000] {logging_mixin.py:188} INFO - [2026-05-09T03:23:38.114+0000] {dag.py:3954} INFO - Setting next_dagrun for newyork_fhv_silver to None, run_after=None
[2026-05-09T03:23:38.150+0000] {processor.py:183} INFO - Processing /opt/airflow/dags/newyork_fhv_silver.py took 0.156 seconds
[2026-05-09T03:24:08.268+0000] {processor.py:161} INFO - Started process (PID=4430) to work on /opt/airflow/dags/newyork_fhv_silver.py
[2026-05-09T03:24:08.271+0000] {processor.py:830} INFO - Processing file /opt/airflow/dags/newyork_fhv_silver.py for tasks to queue
[2026-05-09T03:24:08.275+0000] {logging_mixin.py:188} INFO - [2026-05-09T03:24:08.274+0000] {dagbag.py:545} INFO - Filling up the DagBag from /opt/airflow/dags/newyork_fhv_silver.py
[2026-05-09T03:24:08.314+0000] {processor.py:840} INFO - DAG(s) 'newyork_fhv_silver' retrieved from /opt/airflow/dags/newyork_fhv_silver.py
[2026-05-09T03:24:08.344+0000] {logging_mixin.py:188} INFO - [2026-05-09T03:24:08.343+0000] {dag.py:3096} INFO - Sync 1 DAGs
[2026-05-09T03:24:08.358+0000] {logging_mixin.py:188} INFO - [2026-05-09T03:24:08.358+0000] {dag.py:3954} INFO - Setting next_dagrun for newyork_fhv_silver to None, run_after=None
[2026-05-09T03:24:08.386+0000] {processor.py:183} INFO - Processing /opt/airflow/dags/newyork_fhv_silver.py took 0.128 seconds
[2026-05-09T03:24:39.242+0000] {processor.py:161} INFO - Started process (PID=4441) to work on /opt/airflow/dags/newyork_fhv_silver.py
[2026-05-09T03:24:39.245+0000] {processor.py:830} INFO - Processing file /opt/airflow/dags/newyork_fhv_silver.py for tasks to queue
[2026-05-09T03:24:39.247+0000] {logging_mixin.py:188} INFO - [2026-05-09T03:24:39.247+0000] {dagbag.py:545} INFO - Filling up the DagBag from /opt/airflow/dags/newyork_fhv_silver.py
[2026-05-09T03:24:39.292+0000] {processor.py:840} INFO - DAG(s) 'newyork_fhv_silver' retrieved from /opt/airflow/dags/newyork_fhv_silver.py
[2026-05-09T03:24:39.321+0000] {logging_mixin.py:188} INFO - [2026-05-09T03:24:39.321+0000] {dag.py:3096} INFO - Sync 1 DAGs
[2026-05-09T03:24:39.334+0000] {logging_mixin.py:188} INFO - [2026-05-09T03:24:39.334+0000] {dag.py:3954} INFO - Setting next_dagrun for newyork_fhv_silver to None, run_after=None
[2026-05-09T03:24:39.362+0000] {processor.py:183} INFO - Processing /opt/airflow/dags/newyork_fhv_silver.py took 0.128 seconds
[2026-05-09T03:25:10.193+0000] {processor.py:161} INFO - Started process (PID=4452) to work on /opt/airflow/dags/newyork_fhv_silver.py
[2026-05-09T03:25:10.195+0000] {processor.py:830} INFO - Processing file /opt/airflow/dags/newyork_fhv_silver.py for tasks to queue
[2026-05-09T03:25:10.201+0000] {logging_mixin.py:188} INFO - [2026-05-09T03:25:10.200+0000] {dagbag.py:545} INFO - Filling up the DagBag from /opt/airflow/dags/newyork_fhv_silver.py
[2026-05-09T03:25:10.244+0000] {processor.py:840} INFO - DAG(s) 'newyork_fhv_silver' retrieved from /opt/airflow/dags/newyork_fhv_silver.py
[2026-05-09T03:25:10.276+0000] {logging_mixin.py:188} INFO - [2026-05-09T03:25:10.276+0000] {dag.py:3096} INFO - Sync 1 DAGs
[2026-05-09T03:25:10.290+0000] {logging_mixin.py:188} INFO - [2026-05-09T03:25:10.290+0000] {dag.py:3954} INFO - Setting next_dagrun for newyork_fhv_silver to None, run_after=None
[2026-05-09T03:25:10.316+0000] {processor.py:183} INFO - Processing /opt/airflow/dags/newyork_fhv_silver.py took 0.132 seconds
[2026-05-09T03:25:41.074+0000] {processor.py:161} INFO - Started process (PID=4463) to work on /opt/airflow/dags/newyork_fhv_silver.py
[2026-05-09T03:25:41.076+0000] {processor.py:830} INFO - Processing file /opt/airflow/dags/newyork_fhv_silver.py for tasks to queue
[2026-05-09T03:25:41.080+0000] {logging_mixin.py:188} INFO - [2026-05-09T03:25:41.080+0000] {dagbag.py:545} INFO - Filling up the DagBag from /opt/airflow/dags/newyork_fhv_silver.py
[2026-05-09T03:25:41.117+0000] {processor.py:840} INFO - DAG(s) 'newyork_fhv_silver' retrieved from /opt/airflow/dags/newyork_fhv_silver.py
[2026-05-09T03:25:41.146+0000] {logging_mixin.py:188} INFO - [2026-05-09T03:25:41.146+0000] {dag.py:3096} INFO - Sync 1 DAGs
[2026-05-09T03:25:41.160+0000] {logging_mixin.py:188} INFO - [2026-05-09T03:25:41.159+0000] {dag.py:3954} INFO - Setting next_dagrun for newyork_fhv_silver to None, run_after=None
[2026-05-09T03:25:41.190+0000] {processor.py:183} INFO - Processing /opt/airflow/dags/newyork_fhv_silver.py took 0.126 seconds
[2026-05-09T03:26:12.020+0000] {processor.py:161} INFO - Started process (PID=4474) to work on /opt/airflow/dags/newyork_fhv_silver.py
[2026-05-09T03:26:12.022+0000] {processor.py:830} INFO - Processing file /opt/airflow/dags/newyork_fhv_silver.py for tasks to queue
[2026-05-09T03:26:12.024+0000] {logging_mixin.py:188} INFO - [2026-05-09T03:26:12.023+0000] {dagbag.py:545} INFO - Filling up the DagBag from /opt/airflow/dags/newyork_fhv_silver.py
[2026-05-09T03:26:12.044+0000] {processor.py:840} INFO - DAG(s) 'newyork_fhv_silver' retrieved from /opt/airflow/dags/newyork_fhv_silver.py
[2026-05-09T03:26:12.066+0000] {logging_mixin.py:188} INFO - [2026-05-09T03:26:12.066+0000] {dag.py:3096} INFO - Sync 1 DAGs
[2026-05-09T03:26:12.079+0000] {logging_mixin.py:188} INFO - [2026-05-09T03:26:12.079+0000] {dag.py:3954} INFO - Setting next_dagrun for newyork_fhv_silver to None, run_after=None
[2026-05-09T03:26:12.109+0000] {processor.py:183} INFO - Processing /opt/airflow/dags/newyork_fhv_silver.py took 0.097 seconds
[2026-05-09T03:26:43.000+0000] {processor.py:161} INFO - Started process (PID=4485) to work on /opt/airflow/dags/newyork_fhv_silver.py
[2026-05-09T03:26:43.003+0000] {processor.py:830} INFO - Processing file /opt/airflow/dags/newyork_fhv_silver.py for tasks to queue
[2026-05-09T03:26:43.008+0000] {logging_mixin.py:188} INFO - [2026-05-09T03:26:43.007+0000] {dagbag.py:545} INFO - Filling up the DagBag from /opt/airflow/dags/newyork_fhv_silver.py
[2026-05-09T03:26:43.062+0000] {processor.py:840} INFO - DAG(s) 'newyork_fhv_silver' retrieved from /opt/airflow/dags/newyork_fhv_silver.py
[2026-05-09T03:26:43.105+0000] {logging_mixin.py:188} INFO - [2026-05-09T03:26:43.104+0000] {dag.py:3096} INFO - Sync 1 DAGs
[2026-05-09T03:26:43.124+0000] {logging_mixin.py:188} INFO - [2026-05-09T03:26:43.124+0000] {dag.py:3954} INFO - Setting next_dagrun for newyork_fhv_silver to None, run_after=None
[2026-05-09T03:26:43.152+0000] {processor.py:183} INFO - Processing /opt/airflow/dags/newyork_fhv_silver.py took 0.163 seconds
[2026-05-09T03:27:13.222+0000] {processor.py:161} INFO - Started process (PID=4496) to work on /opt/airflow/dags/newyork_fhv_silver.py
[2026-05-09T03:27:13.225+0000] {processor.py:830} INFO - Processing file /opt/airflow/dags/newyork_fhv_silver.py for tasks to queue
[2026-05-09T03:27:13.229+0000] {logging_mixin.py:188} INFO - [2026-05-09T03:27:13.229+0000] {dagbag.py:545} INFO - Filling up the DagBag from /opt/airflow/dags/newyork_fhv_silver.py
[2026-05-09T03:27:13.260+0000] {processor.py:840} INFO - DAG(s) 'newyork_fhv_silver' retrieved from /opt/airflow/dags/newyork_fhv_silver.py
[2026-05-09T03:27:13.290+0000] {logging_mixin.py:188} INFO - [2026-05-09T03:27:13.289+0000] {dag.py:3096} INFO - Sync 1 DAGs
[2026-05-09T03:27:13.309+0000] {logging_mixin.py:188} INFO - [2026-05-09T03:27:13.308+0000] {dag.py:3954} INFO - Setting next_dagrun for newyork_fhv_silver to None, run_after=None
[2026-05-09T03:27:13.345+0000] {processor.py:183} INFO - Processing /opt/airflow/dags/newyork_fhv_silver.py took 0.134 seconds
[2026-05-09T03:27:43.583+0000] {processor.py:161} INFO - Started process (PID=4507) to work on /opt/airflow/dags/newyork_fhv_silver.py
[2026-05-09T03:27:43.586+0000] {processor.py:830} INFO - Processing file /opt/airflow/dags/newyork_fhv_silver.py for tasks to queue
[2026-05-09T03:27:43.589+0000] {logging_mixin.py:188} INFO - [2026-05-09T03:27:43.589+0000] {dagbag.py:545} INFO - Filling up the DagBag from /opt/airflow/dags/newyork_fhv_silver.py
[2026-05-09T03:27:43.652+0000] {processor.py:840} INFO - DAG(s) 'newyork_fhv_silver' retrieved from /opt/airflow/dags/newyork_fhv_silver.py
[2026-05-09T03:27:43.691+0000] {logging_mixin.py:188} INFO - [2026-05-09T03:27:43.690+0000] {dag.py:3096} INFO - Sync 1 DAGs
[2026-05-09T03:27:43.717+0000] {logging_mixin.py:188} INFO - [2026-05-09T03:27:43.716+0000] {dag.py:3954} INFO - Setting next_dagrun for newyork_fhv_silver to None, run_after=None
[2026-05-09T03:27:43.754+0000] {processor.py:183} INFO - Processing /opt/airflow/dags/newyork_fhv_silver.py took 0.181 seconds
[2026-05-09T03:28:13.835+0000] {processor.py:161} INFO - Started process (PID=4518) to work on /opt/airflow/dags/newyork_fhv_silver.py
[2026-05-09T03:28:13.836+0000] {processor.py:830} INFO - Processing file /opt/airflow/dags/newyork_fhv_silver.py for tasks to queue
[2026-05-09T03:28:13.840+0000] {logging_mixin.py:188} INFO - [2026-05-09T03:28:13.839+0000] {dagbag.py:545} INFO - Filling up the DagBag from /opt/airflow/dags/newyork_fhv_silver.py
[2026-05-09T03:28:13.869+0000] {processor.py:840} INFO - DAG(s) 'newyork_fhv_silver' retrieved from /opt/airflow/dags/newyork_fhv_silver.py
[2026-05-09T03:28:13.907+0000] {logging_mixin.py:188} INFO - [2026-05-09T03:28:13.906+0000] {dag.py:3096} INFO - Sync 1 DAGs
[2026-05-09T03:28:13.926+0000] {logging_mixin.py:188} INFO - [2026-05-09T03:28:13.925+0000] {dag.py:3954} INFO - Setting next_dagrun for newyork_fhv_silver to None, run_after=None
[2026-05-09T03:28:13.967+0000] {processor.py:183} INFO - Processing /opt/airflow/dags/newyork_fhv_silver.py took 0.141 seconds
[2026-05-09T03:28:44.766+0000] {processor.py:161} INFO - Started process (PID=4529) to work on /opt/airflow/dags/newyork_fhv_silver.py
[2026-05-09T03:28:44.769+0000] {processor.py:830} INFO - Processing file /opt/airflow/dags/newyork_fhv_silver.py for tasks to queue
[2026-05-09T03:28:44.772+0000] {logging_mixin.py:188} INFO - [2026-05-09T03:28:44.771+0000] {dagbag.py:545} INFO - Filling up the DagBag from /opt/airflow/dags/newyork_fhv_silver.py
[2026-05-09T03:28:44.829+0000] {processor.py:840} INFO - DAG(s) 'newyork_fhv_silver' retrieved from /opt/airflow/dags/newyork_fhv_silver.py
[2026-05-09T03:28:44.866+0000] {logging_mixin.py:188} INFO - [2026-05-09T03:28:44.865+0000] {dag.py:3096} INFO - Sync 1 DAGs
[2026-05-09T03:28:44.892+0000] {logging_mixin.py:188} INFO - [2026-05-09T03:28:44.892+0000] {dag.py:3954} INFO - Setting next_dagrun for newyork_fhv_silver to None, run_after=None
[2026-05-09T03:28:44.925+0000] {processor.py:183} INFO - Processing /opt/airflow/dags/newyork_fhv_silver.py took 0.167 seconds
[2026-05-09T03:29:15.011+0000] {processor.py:161} INFO - Started process (PID=4540) to work on /opt/airflow/dags/newyork_fhv_silver.py
[2026-05-09T03:29:15.013+0000] {processor.py:830} INFO - Processing file /opt/airflow/dags/newyork_fhv_silver.py for tasks to queue
[2026-05-09T03:29:15.016+0000] {logging_mixin.py:188} INFO - [2026-05-09T03:29:15.016+0000] {dagbag.py:545} INFO - Filling up the DagBag from /opt/airflow/dags/newyork_fhv_silver.py
[2026-05-09T03:29:15.055+0000] {processor.py:840} INFO - DAG(s) 'newyork_fhv_silver' retrieved from /opt/airflow/dags/newyork_fhv_silver.py
[2026-05-09T03:29:15.091+0000] {logging_mixin.py:188} INFO - [2026-05-09T03:29:15.090+0000] {dag.py:3096} INFO - Sync 1 DAGs
[2026-05-09T03:29:15.113+0000] {logging_mixin.py:188} INFO - [2026-05-09T03:29:15.113+0000] {dag.py:3954} INFO - Setting next_dagrun for newyork_fhv_silver to None, run_after=None
[2026-05-09T03:29:15.145+0000] {processor.py:183} INFO - Processing /opt/airflow/dags/newyork_fhv_silver.py took 0.144 seconds
[2026-05-09T03:29:45.303+0000] {processor.py:161} INFO - Started process (PID=4551) to work on /opt/airflow/dags/newyork_fhv_silver.py
[2026-05-09T03:29:45.306+0000] {processor.py:830} INFO - Processing file /opt/airflow/dags/newyork_fhv_silver.py for tasks to queue
[2026-05-09T03:29:45.311+0000] {logging_mixin.py:188} INFO - [2026-05-09T03:29:45.310+0000] {dagbag.py:545} INFO - Filling up the DagBag from /opt/airflow/dags/newyork_fhv_silver.py
[2026-05-09T03:29:45.357+0000] {processor.py:840} INFO - DAG(s) 'newyork_fhv_silver' retrieved from /opt/airflow/dags/newyork_fhv_silver.py
[2026-05-09T03:29:45.382+0000] {logging_mixin.py:188} INFO - [2026-05-09T03:29:45.382+0000] {dag.py:3096} INFO - Sync 1 DAGs
[2026-05-09T03:29:45.395+0000] {logging_mixin.py:188} INFO - [2026-05-09T03:29:45.395+0000] {dag.py:3954} INFO - Setting next_dagrun for newyork_fhv_silver to None, run_after=None
[2026-05-09T03:29:45.422+0000] {processor.py:183} INFO - Processing /opt/airflow/dags/newyork_fhv_silver.py took 0.131 seconds
[2026-05-09T03:30:15.605+0000] {processor.py:161} INFO - Started process (PID=4562) to work on /opt/airflow/dags/newyork_fhv_silver.py
[2026-05-09T03:30:15.609+0000] {processor.py:830} INFO - Processing file /opt/airflow/dags/newyork_fhv_silver.py for tasks to queue
[2026-05-09T03:30:15.615+0000] {logging_mixin.py:188} INFO - [2026-05-09T03:30:15.614+0000] {dagbag.py:545} INFO - Filling up the DagBag from /opt/airflow/dags/newyork_fhv_silver.py
[2026-05-09T03:30:15.664+0000] {processor.py:840} INFO - DAG(s) 'newyork_fhv_silver' retrieved from /opt/airflow/dags/newyork_fhv_silver.py
[2026-05-09T03:30:15.698+0000] {logging_mixin.py:188} INFO - [2026-05-09T03:30:15.697+0000] {dag.py:3096} INFO - Sync 1 DAGs
[2026-05-09T03:30:15.719+0000] {logging_mixin.py:188} INFO - [2026-05-09T03:30:15.718+0000] {dag.py:3954} INFO - Setting next_dagrun for newyork_fhv_silver to None, run_after=None
[2026-05-09T03:30:15.749+0000] {processor.py:183} INFO - Processing /opt/airflow/dags/newyork_fhv_silver.py took 0.157 seconds
[2026-05-09T03:30:45.918+0000] {processor.py:161} INFO - Started process (PID=4573) to work on /opt/airflow/dags/newyork_fhv_silver.py
[2026-05-09T03:30:45.920+0000] {processor.py:830} INFO - Processing file /opt/airflow/dags/newyork_fhv_silver.py for tasks to queue
[2026-05-09T03:30:45.922+0000] {logging_mixin.py:188} INFO - [2026-05-09T03:30:45.922+0000] {dagbag.py:545} INFO - Filling up the DagBag from /opt/airflow/dags/newyork_fhv_silver.py
[2026-05-09T03:30:45.956+0000] {processor.py:840} INFO - DAG(s) 'newyork_fhv_silver' retrieved from /opt/airflow/dags/newyork_fhv_silver.py
[2026-05-09T03:30:45.979+0000] {logging_mixin.py:188} INFO - [2026-05-09T03:30:45.979+0000] {dag.py:3096} INFO - Sync 1 DAGs
[2026-05-09T03:30:45.992+0000] {logging_mixin.py:188} INFO - [2026-05-09T03:30:45.992+0000] {dag.py:3954} INFO - Setting next_dagrun for newyork_fhv_silver to None, run_after=None
[2026-05-09T03:30:46.018+0000] {processor.py:183} INFO - Processing /opt/airflow/dags/newyork_fhv_silver.py took 0.106 seconds
[2026-05-09T03:31:16.812+0000] {processor.py:161} INFO - Started process (PID=4584) to work on /opt/airflow/dags/newyork_fhv_silver.py
[2026-05-09T03:31:16.815+0000] {processor.py:830} INFO - Processing file /opt/airflow/dags/newyork_fhv_silver.py for tasks to queue
[2026-05-09T03:31:16.817+0000] {logging_mixin.py:188} INFO - [2026-05-09T03:31:16.817+0000] {dagbag.py:545} INFO - Filling up the DagBag from /opt/airflow/dags/newyork_fhv_silver.py
[2026-05-09T03:31:16.842+0000] {processor.py:840} INFO - DAG(s) 'newyork_fhv_silver' retrieved from /opt/airflow/dags/newyork_fhv_silver.py
[2026-05-09T03:31:16.863+0000] {logging_mixin.py:188} INFO - [2026-05-09T03:31:16.863+0000] {dag.py:3096} INFO - Sync 1 DAGs
[2026-05-09T03:31:16.877+0000] {logging_mixin.py:188} INFO - [2026-05-09T03:31:16.877+0000] {dag.py:3954} INFO - Setting next_dagrun for newyork_fhv_silver to None, run_after=None
[2026-05-09T03:31:16.917+0000] {processor.py:183} INFO - Processing /opt/airflow/dags/newyork_fhv_silver.py took 0.116 seconds
[2026-05-09T03:31:47.774+0000] {processor.py:161} INFO - Started process (PID=4595) to work on /opt/airflow/dags/newyork_fhv_silver.py
[2026-05-09T03:31:47.777+0000] {processor.py:830} INFO - Processing file /opt/airflow/dags/newyork_fhv_silver.py for tasks to queue
[2026-05-09T03:31:47.782+0000] {logging_mixin.py:188} INFO - [2026-05-09T03:31:47.781+0000] {dagbag.py:545} INFO - Filling up the DagBag from /opt/airflow/dags/newyork_fhv_silver.py
[2026-05-09T03:31:47.836+0000] {processor.py:840} INFO - DAG(s) 'newyork_fhv_silver' retrieved from /opt/airflow/dags/newyork_fhv_silver.py
[2026-05-09T03:31:47.867+0000] {logging_mixin.py:188} INFO - [2026-05-09T03:31:47.866+0000] {dag.py:3096} INFO - Sync 1 DAGs
[2026-05-09T03:31:47.882+0000] {logging_mixin.py:188} INFO - [2026-05-09T03:31:47.882+0000] {dag.py:3954} INFO - Setting next_dagrun for newyork_fhv_silver to None, run_after=None
[2026-05-09T03:31:47.910+0000] {processor.py:183} INFO - Processing /opt/airflow/dags/newyork_fhv_silver.py took 0.146 seconds
[2026-05-09T03:32:18.539+0000] {processor.py:161} INFO - Started process (PID=4606) to work on /opt/airflow/dags/newyork_fhv_silver.py
[2026-05-09T03:32:18.542+0000] {processor.py:830} INFO - Processing file /opt/airflow/dags/newyork_fhv_silver.py for tasks to queue
[2026-05-09T03:32:18.546+0000] {logging_mixin.py:188} INFO - [2026-05-09T03:32:18.545+0000] {dagbag.py:545} INFO - Filling up the DagBag from /opt/airflow/dags/newyork_fhv_silver.py
[2026-05-09T03:32:18.595+0000] {processor.py:840} INFO - DAG(s) 'newyork_fhv_silver' retrieved from /opt/airflow/dags/newyork_fhv_silver.py
[2026-05-09T03:32:18.635+0000] {logging_mixin.py:188} INFO - [2026-05-09T03:32:18.634+0000] {dag.py:3096} INFO - Sync 1 DAGs
[2026-05-09T03:32:18.662+0000] {logging_mixin.py:188} INFO - [2026-05-09T03:32:18.661+0000] {dag.py:3954} INFO - Setting next_dagrun for newyork_fhv_silver to None, run_after=None
[2026-05-09T03:32:18.706+0000] {processor.py:183} INFO - Processing /opt/airflow/dags/newyork_fhv_silver.py took 0.178 seconds
[2026-05-09T03:32:49.328+0000] {processor.py:161} INFO - Started process (PID=4617) to work on /opt/airflow/dags/newyork_fhv_silver.py
[2026-05-09T03:32:49.330+0000] {processor.py:830} INFO - Processing file /opt/airflow/dags/newyork_fhv_silver.py for tasks to queue
[2026-05-09T03:32:49.334+0000] {logging_mixin.py:188} INFO - [2026-05-09T03:32:49.333+0000] {dagbag.py:545} INFO - Filling up the DagBag from /opt/airflow/dags/newyork_fhv_silver.py
[2026-05-09T03:32:49.377+0000] {processor.py:840} INFO - DAG(s) 'newyork_fhv_silver' retrieved from /opt/airflow/dags/newyork_fhv_silver.py
[2026-05-09T03:32:49.415+0000] {logging_mixin.py:188} INFO - [2026-05-09T03:32:49.415+0000] {dag.py:3096} INFO - Sync 1 DAGs
[2026-05-09T03:32:49.434+0000] {logging_mixin.py:188} INFO - [2026-05-09T03:32:49.433+0000] {dag.py:3954} INFO - Setting next_dagrun for newyork_fhv_silver to None, run_after=None
[2026-05-09T03:32:49.461+0000] {processor.py:183} INFO - Processing /opt/airflow/dags/newyork_fhv_silver.py took 0.144 seconds
[2026-05-09T03:33:20.285+0000] {processor.py:161} INFO - Started process (PID=4628) to work on /opt/airflow/dags/newyork_fhv_silver.py
[2026-05-09T03:33:20.288+0000] {processor.py:830} INFO - Processing file /opt/airflow/dags/newyork_fhv_silver.py for tasks to queue
[2026-05-09T03:33:20.290+0000] {logging_mixin.py:188} INFO - [2026-05-09T03:33:20.290+0000] {dagbag.py:545} INFO - Filling up the DagBag from /opt/airflow/dags/newyork_fhv_silver.py
[2026-05-09T03:33:20.331+0000] {processor.py:840} INFO - DAG(s) 'newyork_fhv_silver' retrieved from /opt/airflow/dags/newyork_fhv_silver.py
[2026-05-09T03:33:20.362+0000] {logging_mixin.py:188} INFO - [2026-05-09T03:33:20.362+0000] {dag.py:3096} INFO - Sync 1 DAGs
[2026-05-09T03:33:20.380+0000] {logging_mixin.py:188} INFO - [2026-05-09T03:33:20.380+0000] {dag.py:3954} INFO - Setting next_dagrun for newyork_fhv_silver to None, run_after=None
[2026-05-09T03:33:20.406+0000] {processor.py:183} INFO - Processing /opt/airflow/dags/newyork_fhv_silver.py took 0.128 seconds
[2026-05-09T03:33:51.257+0000] {processor.py:161} INFO - Started process (PID=4639) to work on /opt/airflow/dags/newyork_fhv_silver.py
[2026-05-09T03:33:51.259+0000] {processor.py:830} INFO - Processing file /opt/airflow/dags/newyork_fhv_silver.py for tasks to queue
[2026-05-09T03:33:51.263+0000] {logging_mixin.py:188} INFO - [2026-05-09T03:33:51.263+0000] {dagbag.py:545} INFO - Filling up the DagBag from /opt/airflow/dags/newyork_fhv_silver.py
[2026-05-09T03:33:51.317+0000] {processor.py:840} INFO - DAG(s) 'newyork_fhv_silver' retrieved from /opt/airflow/dags/newyork_fhv_silver.py
[2026-05-09T03:33:51.348+0000] {logging_mixin.py:188} INFO - [2026-05-09T03:33:51.347+0000] {dag.py:3096} INFO - Sync 1 DAGs
[2026-05-09T03:33:51.368+0000] {logging_mixin.py:188} INFO - [2026-05-09T03:33:51.367+0000] {dag.py:3954} INFO - Setting next_dagrun for newyork_fhv_silver to None, run_after=None
[2026-05-09T03:33:51.405+0000] {processor.py:183} INFO - Processing /opt/airflow/dags/newyork_fhv_silver.py took 0.159 seconds
[2026-05-09T03:34:22.385+0000] {processor.py:161} INFO - Started process (PID=4650) to work on /opt/airflow/dags/newyork_fhv_silver.py
[2026-05-09T03:34:22.388+0000] {processor.py:830} INFO - Processing file /opt/airflow/dags/newyork_fhv_silver.py for tasks to queue
[2026-05-09T03:34:22.392+0000] {logging_mixin.py:188} INFO - [2026-05-09T03:34:22.391+0000] {dagbag.py:545} INFO - Filling up the DagBag from /opt/airflow/dags/newyork_fhv_silver.py
[2026-05-09T03:34:22.446+0000] {processor.py:840} INFO - DAG(s) 'newyork_fhv_silver' retrieved from /opt/airflow/dags/newyork_fhv_silver.py
[2026-05-09T03:34:22.483+0000] {logging_mixin.py:188} INFO - [2026-05-09T03:34:22.483+0000] {dag.py:3096} INFO - Sync 1 DAGs
[2026-05-09T03:34:22.499+0000] {logging_mixin.py:188} INFO - [2026-05-09T03:34:22.498+0000] {dag.py:3954} INFO - Setting next_dagrun for newyork_fhv_silver to None, run_after=None
[2026-05-09T03:34:22.530+0000] {processor.py:183} INFO - Processing /opt/airflow/dags/newyork_fhv_silver.py took 0.155 seconds
[2026-05-09T03:34:53.356+0000] {processor.py:161} INFO - Started process (PID=4661) to work on /opt/airflow/dags/newyork_fhv_silver.py
[2026-05-09T03:34:53.359+0000] {processor.py:830} INFO - Processing file /opt/airflow/dags/newyork_fhv_silver.py for tasks to queue
[2026-05-09T03:34:53.363+0000] {logging_mixin.py:188} INFO - [2026-05-09T03:34:53.362+0000] {dagbag.py:545} INFO - Filling up the DagBag from /opt/airflow/dags/newyork_fhv_silver.py
[2026-05-09T03:34:53.397+0000] {processor.py:840} INFO - DAG(s) 'newyork_fhv_silver' retrieved from /opt/airflow/dags/newyork_fhv_silver.py
[2026-05-09T03:34:53.426+0000] {logging_mixin.py:188} INFO - [2026-05-09T03:34:53.425+0000] {dag.py:3096} INFO - Sync 1 DAGs
[2026-05-09T03:34:53.441+0000] {logging_mixin.py:188} INFO - [2026-05-09T03:34:53.440+0000] {dag.py:3954} INFO - Setting next_dagrun for newyork_fhv_silver to None, run_after=None
[2026-05-09T03:34:53.469+0000] {processor.py:183} INFO - Processing /opt/airflow/dags/newyork_fhv_silver.py took 0.124 seconds
[2026-05-09T03:35:24.317+0000] {processor.py:161} INFO - Started process (PID=4672) to work on /opt/airflow/dags/newyork_fhv_silver.py
[2026-05-09T03:35:24.319+0000] {processor.py:830} INFO - Processing file /opt/airflow/dags/newyork_fhv_silver.py for tasks to queue
[2026-05-09T03:35:24.323+0000] {logging_mixin.py:188} INFO - [2026-05-09T03:35:24.323+0000] {dagbag.py:545} INFO - Filling up the DagBag from /opt/airflow/dags/newyork_fhv_silver.py
[2026-05-09T03:35:24.375+0000] {processor.py:840} INFO - DAG(s) 'newyork_fhv_silver' retrieved from /opt/airflow/dags/newyork_fhv_silver.py
[2026-05-09T03:35:24.399+0000] {logging_mixin.py:188} INFO - [2026-05-09T03:35:24.399+0000] {dag.py:3096} INFO - Sync 1 DAGs
[2026-05-09T03:35:24.413+0000] {logging_mixin.py:188} INFO - [2026-05-09T03:35:24.412+0000] {dag.py:3954} INFO - Setting next_dagrun for newyork_fhv_silver to None, run_after=None
[2026-05-09T03:35:24.435+0000] {processor.py:183} INFO - Processing /opt/airflow/dags/newyork_fhv_silver.py took 0.130 seconds
[2026-05-09T03:35:55.303+0000] {processor.py:161} INFO - Started process (PID=4683) to work on /opt/airflow/dags/newyork_fhv_silver.py
[2026-05-09T03:35:55.305+0000] {processor.py:830} INFO - Processing file /opt/airflow/dags/newyork_fhv_silver.py for tasks to queue
[2026-05-09T03:35:55.310+0000] {logging_mixin.py:188} INFO - [2026-05-09T03:35:55.309+0000] {dagbag.py:545} INFO - Filling up the DagBag from /opt/airflow/dags/newyork_fhv_silver.py
[2026-05-09T03:35:55.351+0000] {processor.py:840} INFO - DAG(s) 'newyork_fhv_silver' retrieved from /opt/airflow/dags/newyork_fhv_silver.py
[2026-05-09T03:35:55.380+0000] {logging_mixin.py:188} INFO - [2026-05-09T03:35:55.379+0000] {dag.py:3096} INFO - Sync 1 DAGs
[2026-05-09T03:35:55.398+0000] {logging_mixin.py:188} INFO - [2026-05-09T03:35:55.397+0000] {dag.py:3954} INFO - Setting next_dagrun for newyork_fhv_silver to None, run_after=None
[2026-05-09T03:35:55.429+0000] {processor.py:183} INFO - Processing /opt/airflow/dags/newyork_fhv_silver.py took 0.135 seconds
[2026-05-09T03:36:26.203+0000] {processor.py:161} INFO - Started process (PID=4700) to work on /opt/airflow/dags/newyork_fhv_silver.py
[2026-05-09T03:36:26.205+0000] {processor.py:830} INFO - Processing file /opt/airflow/dags/newyork_fhv_silver.py for tasks to queue
[2026-05-09T03:36:26.209+0000] {logging_mixin.py:188} INFO - [2026-05-09T03:36:26.208+0000] {dagbag.py:545} INFO - Filling up the DagBag from /opt/airflow/dags/newyork_fhv_silver.py
[2026-05-09T03:36:26.259+0000] {processor.py:840} INFO - DAG(s) 'newyork_fhv_silver' retrieved from /opt/airflow/dags/newyork_fhv_silver.py
[2026-05-09T03:36:26.288+0000] {logging_mixin.py:188} INFO - [2026-05-09T03:36:26.288+0000] {dag.py:3096} INFO - Sync 1 DAGs
[2026-05-09T03:36:26.309+0000] {logging_mixin.py:188} INFO - [2026-05-09T03:36:26.308+0000] {dag.py:3954} INFO - Setting next_dagrun for newyork_fhv_silver to None, run_after=None
[2026-05-09T03:36:26.342+0000] {processor.py:183} INFO - Processing /opt/airflow/dags/newyork_fhv_silver.py took 0.151 seconds
[2026-05-09T03:36:57.238+0000] {processor.py:161} INFO - Started process (PID=4711) to work on /opt/airflow/dags/newyork_fhv_silver.py
[2026-05-09T03:36:57.241+0000] {processor.py:830} INFO - Processing file /opt/airflow/dags/newyork_fhv_silver.py for tasks to queue
[2026-05-09T03:36:57.245+0000] {logging_mixin.py:188} INFO - [2026-05-09T03:36:57.244+0000] {dagbag.py:545} INFO - Filling up the DagBag from /opt/airflow/dags/newyork_fhv_silver.py
[2026-05-09T03:36:57.300+0000] {processor.py:840} INFO - DAG(s) 'newyork_fhv_silver' retrieved from /opt/airflow/dags/newyork_fhv_silver.py
[2026-05-09T03:36:57.336+0000] {logging_mixin.py:188} INFO - [2026-05-09T03:36:57.335+0000] {dag.py:3096} INFO - Sync 1 DAGs
[2026-05-09T03:36:57.359+0000] {logging_mixin.py:188} INFO - [2026-05-09T03:36:57.359+0000] {dag.py:3954} INFO - Setting next_dagrun for newyork_fhv_silver to None, run_after=None
[2026-05-09T03:36:57.401+0000] {processor.py:183} INFO - Processing /opt/airflow/dags/newyork_fhv_silver.py took 0.174 seconds
[2026-05-09T03:37:28.055+0000] {processor.py:161} INFO - Started process (PID=4722) to work on /opt/airflow/dags/newyork_fhv_silver.py
[2026-05-09T03:37:28.056+0000] {processor.py:830} INFO - Processing file /opt/airflow/dags/newyork_fhv_silver.py for tasks to queue
[2026-05-09T03:37:28.059+0000] {logging_mixin.py:188} INFO - [2026-05-09T03:37:28.058+0000] {dagbag.py:545} INFO - Filling up the DagBag from /opt/airflow/dags/newyork_fhv_silver.py
[2026-05-09T03:37:28.096+0000] {processor.py:840} INFO - DAG(s) 'newyork_fhv_silver' retrieved from /opt/airflow/dags/newyork_fhv_silver.py
[2026-05-09T03:37:28.120+0000] {logging_mixin.py:188} INFO - [2026-05-09T03:37:28.120+0000] {dag.py:3096} INFO - Sync 1 DAGs
[2026-05-09T03:37:28.134+0000] {logging_mixin.py:188} INFO - [2026-05-09T03:37:28.134+0000] {dag.py:3954} INFO - Setting next_dagrun for newyork_fhv_silver to None, run_after=None
[2026-05-09T03:37:28.162+0000] {processor.py:183} INFO - Processing /opt/airflow/dags/newyork_fhv_silver.py took 0.113 seconds
[2026-05-09T03:37:59.046+0000] {processor.py:161} INFO - Started process (PID=4733) to work on /opt/airflow/dags/newyork_fhv_silver.py
[2026-05-09T03:37:59.049+0000] {processor.py:830} INFO - Processing file /opt/airflow/dags/newyork_fhv_silver.py for tasks to queue
[2026-05-09T03:37:59.054+0000] {logging_mixin.py:188} INFO - [2026-05-09T03:37:59.053+0000] {dagbag.py:545} INFO - Filling up the DagBag from /opt/airflow/dags/newyork_fhv_silver.py
[2026-05-09T03:37:59.110+0000] {processor.py:840} INFO - DAG(s) 'newyork_fhv_silver' retrieved from /opt/airflow/dags/newyork_fhv_silver.py
[2026-05-09T03:37:59.142+0000] {logging_mixin.py:188} INFO - [2026-05-09T03:37:59.141+0000] {dag.py:3096} INFO - Sync 1 DAGs
[2026-05-09T03:37:59.160+0000] {logging_mixin.py:188} INFO - [2026-05-09T03:37:59.160+0000] {dag.py:3954} INFO - Setting next_dagrun for newyork_fhv_silver to None, run_after=None
[2026-05-09T03:37:59.200+0000] {processor.py:183} INFO - Processing /opt/airflow/dags/newyork_fhv_silver.py took 0.165 seconds
[2026-05-09T03:38:30.173+0000] {processor.py:161} INFO - Started process (PID=4744) to work on /opt/airflow/dags/newyork_fhv_silver.py
[2026-05-09T03:38:30.175+0000] {processor.py:830} INFO - Processing file /opt/airflow/dags/newyork_fhv_silver.py for tasks to queue
[2026-05-09T03:38:30.179+0000] {logging_mixin.py:188} INFO - [2026-05-09T03:38:30.179+0000] {dagbag.py:545} INFO - Filling up the DagBag from /opt/airflow/dags/newyork_fhv_silver.py
[2026-05-09T03:38:30.244+0000] {processor.py:840} INFO - DAG(s) 'newyork_fhv_silver' retrieved from /opt/airflow/dags/newyork_fhv_silver.py
[2026-05-09T03:38:30.275+0000] {logging_mixin.py:188} INFO - [2026-05-09T03:38:30.275+0000] {dag.py:3096} INFO - Sync 1 DAGs
[2026-05-09T03:38:30.296+0000] {logging_mixin.py:188} INFO - [2026-05-09T03:38:30.296+0000] {dag.py:3954} INFO - Setting next_dagrun for newyork_fhv_silver to None, run_after=None
[2026-05-09T03:38:30.336+0000] {processor.py:183} INFO - Processing /opt/airflow/dags/newyork_fhv_silver.py took 0.176 seconds
[2026-05-09T03:39:00.543+0000] {processor.py:161} INFO - Started process (PID=4755) to work on /opt/airflow/dags/newyork_fhv_silver.py
[2026-05-09T03:39:00.546+0000] {processor.py:830} INFO - Processing file /opt/airflow/dags/newyork_fhv_silver.py for tasks to queue
[2026-05-09T03:39:00.550+0000] {logging_mixin.py:188} INFO - [2026-05-09T03:39:00.550+0000] {dagbag.py:545} INFO - Filling up the DagBag from /opt/airflow/dags/newyork_fhv_silver.py
[2026-05-09T03:39:00.603+0000] {processor.py:840} INFO - DAG(s) 'newyork_fhv_silver' retrieved from /opt/airflow/dags/newyork_fhv_silver.py
[2026-05-09T03:39:00.633+0000] {logging_mixin.py:188} INFO - [2026-05-09T03:39:00.633+0000] {dag.py:3096} INFO - Sync 1 DAGs
[2026-05-09T03:39:00.650+0000] {logging_mixin.py:188} INFO - [2026-05-09T03:39:00.650+0000] {dag.py:3954} INFO - Setting next_dagrun for newyork_fhv_silver to None, run_after=None
[2026-05-09T03:39:00.681+0000] {processor.py:183} INFO - Processing /opt/airflow/dags/newyork_fhv_silver.py took 0.149 seconds
[2026-05-09T03:39:30.970+0000] {processor.py:161} INFO - Started process (PID=4766) to work on /opt/airflow/dags/newyork_fhv_silver.py
[2026-05-09T03:39:30.972+0000] {processor.py:830} INFO - Processing file /opt/airflow/dags/newyork_fhv_silver.py for tasks to queue
[2026-05-09T03:39:30.974+0000] {logging_mixin.py:188} INFO - [2026-05-09T03:39:30.974+0000] {dagbag.py:545} INFO - Filling up the DagBag from /opt/airflow/dags/newyork_fhv_silver.py
[2026-05-09T03:39:31.016+0000] {processor.py:840} INFO - DAG(s) 'newyork_fhv_silver' retrieved from /opt/airflow/dags/newyork_fhv_silver.py
[2026-05-09T03:39:31.046+0000] {logging_mixin.py:188} INFO - [2026-05-09T03:39:31.046+0000] {dag.py:3096} INFO - Sync 1 DAGs
[2026-05-09T03:39:31.064+0000] {logging_mixin.py:188} INFO - [2026-05-09T03:39:31.063+0000] {dag.py:3954} INFO - Setting next_dagrun for newyork_fhv_silver to None, run_after=None
[2026-05-09T03:39:31.092+0000] {processor.py:183} INFO - Processing /opt/airflow/dags/newyork_fhv_silver.py took 0.132 seconds
[2026-05-09T03:40:01.306+0000] {processor.py:161} INFO - Started process (PID=4777) to work on /opt/airflow/dags/newyork_fhv_silver.py
[2026-05-09T03:40:01.309+0000] {processor.py:830} INFO - Processing file /opt/airflow/dags/newyork_fhv_silver.py for tasks to queue
[2026-05-09T03:40:01.313+0000] {logging_mixin.py:188} INFO - [2026-05-09T03:40:01.312+0000] {dagbag.py:545} INFO - Filling up the DagBag from /opt/airflow/dags/newyork_fhv_silver.py
[2026-05-09T03:40:01.362+0000] {processor.py:840} INFO - DAG(s) 'newyork_fhv_silver' retrieved from /opt/airflow/dags/newyork_fhv_silver.py
[2026-05-09T03:40:01.397+0000] {logging_mixin.py:188} INFO - [2026-05-09T03:40:01.397+0000] {dag.py:3096} INFO - Sync 1 DAGs
[2026-05-09T03:40:01.411+0000] {logging_mixin.py:188} INFO - [2026-05-09T03:40:01.411+0000] {dag.py:3954} INFO - Setting next_dagrun for newyork_fhv_silver to None, run_after=None
[2026-05-09T03:40:01.447+0000] {processor.py:183} INFO - Processing /opt/airflow/dags/newyork_fhv_silver.py took 0.152 seconds
[2026-05-09T03:40:31.816+0000] {processor.py:161} INFO - Started process (PID=4788) to work on /opt/airflow/dags/newyork_fhv_silver.py
[2026-05-09T03:40:31.819+0000] {processor.py:830} INFO - Processing file /opt/airflow/dags/newyork_fhv_silver.py for tasks to queue
[2026-05-09T03:40:31.825+0000] {logging_mixin.py:188} INFO - [2026-05-09T03:40:31.824+0000] {dagbag.py:545} INFO - Filling up the DagBag from /opt/airflow/dags/newyork_fhv_silver.py
[2026-05-09T03:40:31.871+0000] {processor.py:840} INFO - DAG(s) 'newyork_fhv_silver' retrieved from /opt/airflow/dags/newyork_fhv_silver.py
[2026-05-09T03:40:31.900+0000] {logging_mixin.py:188} INFO - [2026-05-09T03:40:31.900+0000] {dag.py:3096} INFO - Sync 1 DAGs
[2026-05-09T03:40:31.918+0000] {logging_mixin.py:188} INFO - [2026-05-09T03:40:31.918+0000] {dag.py:3954} INFO - Setting next_dagrun for newyork_fhv_silver to None, run_after=None
[2026-05-09T03:40:31.949+0000] {processor.py:183} INFO - Processing /opt/airflow/dags/newyork_fhv_silver.py took 0.144 seconds
[2026-05-09T03:41:02.152+0000] {processor.py:161} INFO - Started process (PID=4799) to work on /opt/airflow/dags/newyork_fhv_silver.py
[2026-05-09T03:41:02.154+0000] {processor.py:830} INFO - Processing file /opt/airflow/dags/newyork_fhv_silver.py for tasks to queue
[2026-05-09T03:41:02.159+0000] {logging_mixin.py:188} INFO - [2026-05-09T03:41:02.158+0000] {dagbag.py:545} INFO - Filling up the DagBag from /opt/airflow/dags/newyork_fhv_silver.py
[2026-05-09T03:41:02.207+0000] {processor.py:840} INFO - DAG(s) 'newyork_fhv_silver' retrieved from /opt/airflow/dags/newyork_fhv_silver.py
[2026-05-09T03:41:02.237+0000] {logging_mixin.py:188} INFO - [2026-05-09T03:41:02.236+0000] {dag.py:3096} INFO - Sync 1 DAGs
[2026-05-09T03:41:02.252+0000] {logging_mixin.py:188} INFO - [2026-05-09T03:41:02.252+0000] {dag.py:3954} INFO - Setting next_dagrun for newyork_fhv_silver to None, run_after=None
[2026-05-09T03:41:02.279+0000] {processor.py:183} INFO - Processing /opt/airflow/dags/newyork_fhv_silver.py took 0.142 seconds
[2026-05-09T03:41:32.426+0000] {processor.py:161} INFO - Started process (PID=4810) to work on /opt/airflow/dags/newyork_fhv_silver.py
[2026-05-09T03:41:32.429+0000] {processor.py:830} INFO - Processing file /opt/airflow/dags/newyork_fhv_silver.py for tasks to queue
[2026-05-09T03:41:32.433+0000] {logging_mixin.py:188} INFO - [2026-05-09T03:41:32.432+0000] {dagbag.py:545} INFO - Filling up the DagBag from /opt/airflow/dags/newyork_fhv_silver.py
[2026-05-09T03:41:32.475+0000] {processor.py:840} INFO - DAG(s) 'newyork_fhv_silver' retrieved from /opt/airflow/dags/newyork_fhv_silver.py
[2026-05-09T03:41:32.506+0000] {logging_mixin.py:188} INFO - [2026-05-09T03:41:32.506+0000] {dag.py:3096} INFO - Sync 1 DAGs
[2026-05-09T03:41:32.521+0000] {logging_mixin.py:188} INFO - [2026-05-09T03:41:32.520+0000] {dag.py:3954} INFO - Setting next_dagrun for newyork_fhv_silver to None, run_after=None
[2026-05-09T03:41:32.548+0000] {processor.py:183} INFO - Processing /opt/airflow/dags/newyork_fhv_silver.py took 0.131 seconds
[2026-05-09T03:42:02.895+0000] {processor.py:161} INFO - Started process (PID=4821) to work on /opt/airflow/dags/newyork_fhv_silver.py
[2026-05-09T03:42:02.898+0000] {processor.py:830} INFO - Processing file /opt/airflow/dags/newyork_fhv_silver.py for tasks to queue
[2026-05-09T03:42:02.902+0000] {logging_mixin.py:188} INFO - [2026-05-09T03:42:02.902+0000] {dagbag.py:545} INFO - Filling up the DagBag from /opt/airflow/dags/newyork_fhv_silver.py
[2026-05-09T03:42:02.944+0000] {processor.py:840} INFO - DAG(s) 'newyork_fhv_silver' retrieved from /opt/airflow/dags/newyork_fhv_silver.py
[2026-05-09T03:42:02.970+0000] {logging_mixin.py:188} INFO - [2026-05-09T03:42:02.969+0000] {dag.py:3096} INFO - Sync 1 DAGs
[2026-05-09T03:42:02.984+0000] {logging_mixin.py:188} INFO - [2026-05-09T03:42:02.984+0000] {dag.py:3954} INFO - Setting next_dagrun for newyork_fhv_silver to None, run_after=None
[2026-05-09T03:42:03.014+0000] {processor.py:183} INFO - Processing /opt/airflow/dags/newyork_fhv_silver.py took 0.129 seconds
[2026-05-09T03:42:33.280+0000] {processor.py:161} INFO - Started process (PID=4832) to work on /opt/airflow/dags/newyork_fhv_silver.py
[2026-05-09T03:42:33.284+0000] {processor.py:830} INFO - Processing file /opt/airflow/dags/newyork_fhv_silver.py for tasks to queue
[2026-05-09T03:42:33.289+0000] {logging_mixin.py:188} INFO - [2026-05-09T03:42:33.288+0000] {dagbag.py:545} INFO - Filling up the DagBag from /opt/airflow/dags/newyork_fhv_silver.py
[2026-05-09T03:42:33.328+0000] {processor.py:840} INFO - DAG(s) 'newyork_fhv_silver' retrieved from /opt/airflow/dags/newyork_fhv_silver.py
[2026-05-09T03:42:33.361+0000] {logging_mixin.py:188} INFO - [2026-05-09T03:42:33.361+0000] {dag.py:3096} INFO - Sync 1 DAGs
[2026-05-09T03:42:33.383+0000] {logging_mixin.py:188} INFO - [2026-05-09T03:42:33.382+0000] {dag.py:3954} INFO - Setting next_dagrun for newyork_fhv_silver to None, run_after=None
[2026-05-09T03:42:33.417+0000] {processor.py:183} INFO - Processing /opt/airflow/dags/newyork_fhv_silver.py took 0.149 seconds
[2026-05-09T03:43:03.604+0000] {processor.py:161} INFO - Started process (PID=4843) to work on /opt/airflow/dags/newyork_fhv_silver.py
[2026-05-09T03:43:03.606+0000] {processor.py:830} INFO - Processing file /opt/airflow/dags/newyork_fhv_silver.py for tasks to queue
[2026-05-09T03:43:03.611+0000] {logging_mixin.py:188} INFO - [2026-05-09T03:43:03.610+0000] {dagbag.py:545} INFO - Filling up the DagBag from /opt/airflow/dags/newyork_fhv_silver.py
[2026-05-09T03:43:03.663+0000] {processor.py:840} INFO - DAG(s) 'newyork_fhv_silver' retrieved from /opt/airflow/dags/newyork_fhv_silver.py
[2026-05-09T03:43:03.695+0000] {logging_mixin.py:188} INFO - [2026-05-09T03:43:03.695+0000] {dag.py:3096} INFO - Sync 1 DAGs
[2026-05-09T03:43:03.714+0000] {logging_mixin.py:188} INFO - [2026-05-09T03:43:03.713+0000] {dag.py:3954} INFO - Setting next_dagrun for newyork_fhv_silver to None, run_after=None
[2026-05-09T03:43:03.750+0000] {processor.py:183} INFO - Processing /opt/airflow/dags/newyork_fhv_silver.py took 0.157 seconds
[2026-05-09T03:43:33.989+0000] {processor.py:161} INFO - Started process (PID=4854) to work on /opt/airflow/dags/newyork_fhv_silver.py
[2026-05-09T03:43:33.992+0000] {processor.py:830} INFO - Processing file /opt/airflow/dags/newyork_fhv_silver.py for tasks to queue
[2026-05-09T03:43:33.995+0000] {logging_mixin.py:188} INFO - [2026-05-09T03:43:33.995+0000] {dagbag.py:545} INFO - Filling up the DagBag from /opt/airflow/dags/newyork_fhv_silver.py
[2026-05-09T03:43:34.042+0000] {processor.py:840} INFO - DAG(s) 'newyork_fhv_silver' retrieved from /opt/airflow/dags/newyork_fhv_silver.py
[2026-05-09T03:43:34.070+0000] {logging_mixin.py:188} INFO - [2026-05-09T03:43:34.069+0000] {dag.py:3096} INFO - Sync 1 DAGs
[2026-05-09T03:43:34.085+0000] {logging_mixin.py:188} INFO - [2026-05-09T03:43:34.084+0000] {dag.py:3954} INFO - Setting next_dagrun for newyork_fhv_silver to None, run_after=None
[2026-05-09T03:43:34.120+0000] {processor.py:183} INFO - Processing /opt/airflow/dags/newyork_fhv_silver.py took 0.141 seconds
[2026-05-09T03:44:05.211+0000] {processor.py:161} INFO - Started process (PID=4865) to work on /opt/airflow/dags/newyork_fhv_silver.py
[2026-05-09T03:44:05.213+0000] {processor.py:830} INFO - Processing file /opt/airflow/dags/newyork_fhv_silver.py for tasks to queue
[2026-05-09T03:44:05.215+0000] {logging_mixin.py:188} INFO - [2026-05-09T03:44:05.215+0000] {dagbag.py:545} INFO - Filling up the DagBag from /opt/airflow/dags/newyork_fhv_silver.py
[2026-05-09T03:44:05.258+0000] {processor.py:840} INFO - DAG(s) 'newyork_fhv_silver' retrieved from /opt/airflow/dags/newyork_fhv_silver.py
[2026-05-09T03:44:05.285+0000] {logging_mixin.py:188} INFO - [2026-05-09T03:44:05.284+0000] {dag.py:3096} INFO - Sync 1 DAGs
[2026-05-09T03:44:05.299+0000] {logging_mixin.py:188} INFO - [2026-05-09T03:44:05.299+0000] {dag.py:3954} INFO - Setting next_dagrun for newyork_fhv_silver to None, run_after=None
[2026-05-09T03:44:05.327+0000] {processor.py:183} INFO - Processing /opt/airflow/dags/newyork_fhv_silver.py took 0.123 seconds
[2026-05-09T03:44:35.388+0000] {processor.py:161} INFO - Started process (PID=4876) to work on /opt/airflow/dags/newyork_fhv_silver.py
[2026-05-09T03:44:35.390+0000] {processor.py:830} INFO - Processing file /opt/airflow/dags/newyork_fhv_silver.py for tasks to queue
[2026-05-09T03:44:35.394+0000] {logging_mixin.py:188} INFO - [2026-05-09T03:44:35.393+0000] {dagbag.py:545} INFO - Filling up the DagBag from /opt/airflow/dags/newyork_fhv_silver.py
[2026-05-09T03:44:35.464+0000] {processor.py:840} INFO - DAG(s) 'newyork_fhv_silver' retrieved from /opt/airflow/dags/newyork_fhv_silver.py
[2026-05-09T03:44:35.490+0000] {logging_mixin.py:188} INFO - [2026-05-09T03:44:35.490+0000] {dag.py:3096} INFO - Sync 1 DAGs
[2026-05-09T03:44:35.505+0000] {logging_mixin.py:188} INFO - [2026-05-09T03:44:35.505+0000] {dag.py:3954} INFO - Setting next_dagrun for newyork_fhv_silver to None, run_after=None
[2026-05-09T03:44:35.540+0000] {processor.py:183} INFO - Processing /opt/airflow/dags/newyork_fhv_silver.py took 0.160 seconds
[2026-05-09T03:45:06.385+0000] {processor.py:161} INFO - Started process (PID=4887) to work on /opt/airflow/dags/newyork_fhv_silver.py
[2026-05-09T03:45:06.387+0000] {processor.py:830} INFO - Processing file /opt/airflow/dags/newyork_fhv_silver.py for tasks to queue
[2026-05-09T03:45:06.390+0000] {logging_mixin.py:188} INFO - [2026-05-09T03:45:06.390+0000] {dagbag.py:545} INFO - Filling up the DagBag from /opt/airflow/dags/newyork_fhv_silver.py
[2026-05-09T03:45:06.425+0000] {processor.py:840} INFO - DAG(s) 'newyork_fhv_silver' retrieved from /opt/airflow/dags/newyork_fhv_silver.py
[2026-05-09T03:45:06.450+0000] {logging_mixin.py:188} INFO - [2026-05-09T03:45:06.449+0000] {dag.py:3096} INFO - Sync 1 DAGs
[2026-05-09T03:45:06.465+0000] {logging_mixin.py:188} INFO - [2026-05-09T03:45:06.464+0000] {dag.py:3954} INFO - Setting next_dagrun for newyork_fhv_silver to None, run_after=None
[2026-05-09T03:45:06.494+0000] {processor.py:183} INFO - Processing /opt/airflow/dags/newyork_fhv_silver.py took 0.118 seconds
[2026-05-09T03:45:37.385+0000] {processor.py:161} INFO - Started process (PID=4898) to work on /opt/airflow/dags/newyork_fhv_silver.py
[2026-05-09T03:45:37.388+0000] {processor.py:830} INFO - Processing file /opt/airflow/dags/newyork_fhv_silver.py for tasks to queue
[2026-05-09T03:45:37.394+0000] {logging_mixin.py:188} INFO - [2026-05-09T03:45:37.393+0000] {dagbag.py:545} INFO - Filling up the DagBag from /opt/airflow/dags/newyork_fhv_silver.py
[2026-05-09T03:45:37.447+0000] {processor.py:840} INFO - DAG(s) 'newyork_fhv_silver' retrieved from /opt/airflow/dags/newyork_fhv_silver.py
[2026-05-09T03:45:37.484+0000] {logging_mixin.py:188} INFO - [2026-05-09T03:45:37.484+0000] {dag.py:3096} INFO - Sync 1 DAGs
[2026-05-09T03:45:37.502+0000] {logging_mixin.py:188} INFO - [2026-05-09T03:45:37.502+0000] {dag.py:3954} INFO - Setting next_dagrun for newyork_fhv_silver to None, run_after=None
[2026-05-09T03:45:37.533+0000] {processor.py:183} INFO - Processing /opt/airflow/dags/newyork_fhv_silver.py took 0.158 seconds
[2026-05-09T03:46:08.301+0000] {processor.py:161} INFO - Started process (PID=4909) to work on /opt/airflow/dags/newyork_fhv_silver.py
[2026-05-09T03:46:08.303+0000] {processor.py:830} INFO - Processing file /opt/airflow/dags/newyork_fhv_silver.py for tasks to queue
[2026-05-09T03:46:08.308+0000] {logging_mixin.py:188} INFO - [2026-05-09T03:46:08.308+0000] {dagbag.py:545} INFO - Filling up the DagBag from /opt/airflow/dags/newyork_fhv_silver.py
[2026-05-09T03:46:08.340+0000] {processor.py:840} INFO - DAG(s) 'newyork_fhv_silver' retrieved from /opt/airflow/dags/newyork_fhv_silver.py
[2026-05-09T03:46:08.363+0000] {logging_mixin.py:188} INFO - [2026-05-09T03:46:08.362+0000] {dag.py:3096} INFO - Sync 1 DAGs
[2026-05-09T03:46:08.377+0000] {logging_mixin.py:188} INFO - [2026-05-09T03:46:08.377+0000] {dag.py:3954} INFO - Setting next_dagrun for newyork_fhv_silver to None, run_after=None
[2026-05-09T03:46:08.404+0000] {processor.py:183} INFO - Processing /opt/airflow/dags/newyork_fhv_silver.py took 0.113 seconds
[2026-05-09T03:46:39.222+0000] {processor.py:161} INFO - Started process (PID=4920) to work on /opt/airflow/dags/newyork_fhv_silver.py
[2026-05-09T03:46:39.224+0000] {processor.py:830} INFO - Processing file /opt/airflow/dags/newyork_fhv_silver.py for tasks to queue
[2026-05-09T03:46:39.227+0000] {logging_mixin.py:188} INFO - [2026-05-09T03:46:39.227+0000] {dagbag.py:545} INFO - Filling up the DagBag from /opt/airflow/dags/newyork_fhv_silver.py
[2026-05-09T03:46:39.267+0000] {processor.py:840} INFO - DAG(s) 'newyork_fhv_silver' retrieved from /opt/airflow/dags/newyork_fhv_silver.py
[2026-05-09T03:46:39.293+0000] {logging_mixin.py:188} INFO - [2026-05-09T03:46:39.292+0000] {dag.py:3096} INFO - Sync 1 DAGs
[2026-05-09T03:46:39.310+0000] {logging_mixin.py:188} INFO - [2026-05-09T03:46:39.309+0000] {dag.py:3954} INFO - Setting next_dagrun for newyork_fhv_silver to None, run_after=None
[2026-05-09T03:46:39.338+0000] {processor.py:183} INFO - Processing /opt/airflow/dags/newyork_fhv_silver.py took 0.124 seconds
[2026-05-09T03:47:09.505+0000] {processor.py:161} INFO - Started process (PID=4931) to work on /opt/airflow/dags/newyork_fhv_silver.py
[2026-05-09T03:47:09.507+0000] {processor.py:830} INFO - Processing file /opt/airflow/dags/newyork_fhv_silver.py for tasks to queue
[2026-05-09T03:47:09.510+0000] {logging_mixin.py:188} INFO - [2026-05-09T03:47:09.509+0000] {dagbag.py:545} INFO - Filling up the DagBag from /opt/airflow/dags/newyork_fhv_silver.py
[2026-05-09T03:47:09.548+0000] {processor.py:840} INFO - DAG(s) 'newyork_fhv_silver' retrieved from /opt/airflow/dags/newyork_fhv_silver.py
[2026-05-09T03:47:09.581+0000] {logging_mixin.py:188} INFO - [2026-05-09T03:47:09.580+0000] {dag.py:3096} INFO - Sync 1 DAGs
[2026-05-09T03:47:09.603+0000] {logging_mixin.py:188} INFO - [2026-05-09T03:47:09.602+0000] {dag.py:3954} INFO - Setting next_dagrun for newyork_fhv_silver to None, run_after=None
[2026-05-09T03:47:09.628+0000] {processor.py:183} INFO - Processing /opt/airflow/dags/newyork_fhv_silver.py took 0.130 seconds
[2026-05-09T03:47:40.446+0000] {processor.py:161} INFO - Started process (PID=4942) to work on /opt/airflow/dags/newyork_fhv_silver.py
[2026-05-09T03:47:40.448+0000] {processor.py:830} INFO - Processing file /opt/airflow/dags/newyork_fhv_silver.py for tasks to queue
[2026-05-09T03:47:40.451+0000] {logging_mixin.py:188} INFO - [2026-05-09T03:47:40.450+0000] {dagbag.py:545} INFO - Filling up the DagBag from /opt/airflow/dags/newyork_fhv_silver.py
[2026-05-09T03:47:40.491+0000] {processor.py:840} INFO - DAG(s) 'newyork_fhv_silver' retrieved from /opt/airflow/dags/newyork_fhv_silver.py
[2026-05-09T03:47:40.515+0000] {logging_mixin.py:188} INFO - [2026-05-09T03:47:40.515+0000] {dag.py:3096} INFO - Sync 1 DAGs
[2026-05-09T03:47:40.529+0000] {logging_mixin.py:188} INFO - [2026-05-09T03:47:40.529+0000] {dag.py:3954} INFO - Setting next_dagrun for newyork_fhv_silver to None, run_after=None
[2026-05-09T03:47:40.558+0000] {processor.py:183} INFO - Processing /opt/airflow/dags/newyork_fhv_silver.py took 0.119 seconds
[2026-05-09T03:48:11.509+0000] {processor.py:161} INFO - Started process (PID=4953) to work on /opt/airflow/dags/newyork_fhv_silver.py
[2026-05-09T03:48:11.511+0000] {processor.py:830} INFO - Processing file /opt/airflow/dags/newyork_fhv_silver.py for tasks to queue
[2026-05-09T03:48:11.515+0000] {logging_mixin.py:188} INFO - [2026-05-09T03:48:11.514+0000] {dagbag.py:545} INFO - Filling up the DagBag from /opt/airflow/dags/newyork_fhv_silver.py
[2026-05-09T03:48:11.558+0000] {processor.py:840} INFO - DAG(s) 'newyork_fhv_silver' retrieved from /opt/airflow/dags/newyork_fhv_silver.py
[2026-05-09T03:48:11.593+0000] {logging_mixin.py:188} INFO - [2026-05-09T03:48:11.593+0000] {dag.py:3096} INFO - Sync 1 DAGs
[2026-05-09T03:48:11.610+0000] {logging_mixin.py:188} INFO - [2026-05-09T03:48:11.609+0000] {dag.py:3954} INFO - Setting next_dagrun for newyork_fhv_silver to None, run_after=None
[2026-05-09T03:48:11.644+0000] {processor.py:183} INFO - Processing /opt/airflow/dags/newyork_fhv_silver.py took 0.144 seconds
[2026-05-09T03:48:42.235+0000] {processor.py:161} INFO - Started process (PID=4964) to work on /opt/airflow/dags/newyork_fhv_silver.py
[2026-05-09T03:48:42.237+0000] {processor.py:830} INFO - Processing file /opt/airflow/dags/newyork_fhv_silver.py for tasks to queue
[2026-05-09T03:48:42.240+0000] {logging_mixin.py:188} INFO - [2026-05-09T03:48:42.240+0000] {dagbag.py:545} INFO - Filling up the DagBag from /opt/airflow/dags/newyork_fhv_silver.py
[2026-05-09T03:48:42.279+0000] {processor.py:840} INFO - DAG(s) 'newyork_fhv_silver' retrieved from /opt/airflow/dags/newyork_fhv_silver.py
[2026-05-09T03:48:42.307+0000] {logging_mixin.py:188} INFO - [2026-05-09T03:48:42.306+0000] {dag.py:3096} INFO - Sync 1 DAGs
[2026-05-09T03:48:42.326+0000] {logging_mixin.py:188} INFO - [2026-05-09T03:48:42.326+0000] {dag.py:3954} INFO - Setting next_dagrun for newyork_fhv_silver to None, run_after=None
[2026-05-09T03:48:42.352+0000] {processor.py:183} INFO - Processing /opt/airflow/dags/newyork_fhv_silver.py took 0.127 seconds
[2026-05-09T03:49:13.152+0000] {processor.py:161} INFO - Started process (PID=4975) to work on /opt/airflow/dags/newyork_fhv_silver.py
[2026-05-09T03:49:13.154+0000] {processor.py:830} INFO - Processing file /opt/airflow/dags/newyork_fhv_silver.py for tasks to queue
[2026-05-09T03:49:13.159+0000] {logging_mixin.py:188} INFO - [2026-05-09T03:49:13.159+0000] {dagbag.py:545} INFO - Filling up the DagBag from /opt/airflow/dags/newyork_fhv_silver.py
[2026-05-09T03:49:13.199+0000] {processor.py:840} INFO - DAG(s) 'newyork_fhv_silver' retrieved from /opt/airflow/dags/newyork_fhv_silver.py
[2026-05-09T03:49:13.226+0000] {logging_mixin.py:188} INFO - [2026-05-09T03:49:13.225+0000] {dag.py:3096} INFO - Sync 1 DAGs
[2026-05-09T03:49:13.241+0000] {logging_mixin.py:188} INFO - [2026-05-09T03:49:13.241+0000] {dag.py:3954} INFO - Setting next_dagrun for newyork_fhv_silver to None, run_after=None
[2026-05-09T03:49:13.275+0000] {processor.py:183} INFO - Processing /opt/airflow/dags/newyork_fhv_silver.py took 0.134 seconds
[2026-05-09T03:49:44.133+0000] {processor.py:161} INFO - Started process (PID=4986) to work on /opt/airflow/dags/newyork_fhv_silver.py
[2026-05-09T03:49:44.135+0000] {processor.py:830} INFO - Processing file /opt/airflow/dags/newyork_fhv_silver.py for tasks to queue
[2026-05-09T03:49:44.139+0000] {logging_mixin.py:188} INFO - [2026-05-09T03:49:44.138+0000] {dagbag.py:545} INFO - Filling up the DagBag from /opt/airflow/dags/newyork_fhv_silver.py
[2026-05-09T03:49:44.180+0000] {processor.py:840} INFO - DAG(s) 'newyork_fhv_silver' retrieved from /opt/airflow/dags/newyork_fhv_silver.py
[2026-05-09T03:49:44.205+0000] {logging_mixin.py:188} INFO - [2026-05-09T03:49:44.205+0000] {dag.py:3096} INFO - Sync 1 DAGs
[2026-05-09T03:49:44.218+0000] {logging_mixin.py:188} INFO - [2026-05-09T03:49:44.218+0000] {dag.py:3954} INFO - Setting next_dagrun for newyork_fhv_silver to None, run_after=None
[2026-05-09T03:49:44.244+0000] {processor.py:183} INFO - Processing /opt/airflow/dags/newyork_fhv_silver.py took 0.122 seconds
[2026-05-09T03:50:15.163+0000] {processor.py:161} INFO - Started process (PID=4997) to work on /opt/airflow/dags/newyork_fhv_silver.py
[2026-05-09T03:50:15.165+0000] {processor.py:830} INFO - Processing file /opt/airflow/dags/newyork_fhv_silver.py for tasks to queue
[2026-05-09T03:50:15.169+0000] {logging_mixin.py:188} INFO - [2026-05-09T03:50:15.168+0000] {dagbag.py:545} INFO - Filling up the DagBag from /opt/airflow/dags/newyork_fhv_silver.py
[2026-05-09T03:50:15.219+0000] {processor.py:840} INFO - DAG(s) 'newyork_fhv_silver' retrieved from /opt/airflow/dags/newyork_fhv_silver.py
[2026-05-09T03:50:15.247+0000] {logging_mixin.py:188} INFO - [2026-05-09T03:50:15.247+0000] {dag.py:3096} INFO - Sync 1 DAGs
[2026-05-09T03:50:15.264+0000] {logging_mixin.py:188} INFO - [2026-05-09T03:50:15.264+0000] {dag.py:3954} INFO - Setting next_dagrun for newyork_fhv_silver to None, run_after=None
[2026-05-09T03:50:15.294+0000] {processor.py:183} INFO - Processing /opt/airflow/dags/newyork_fhv_silver.py took 0.142 seconds
[2026-05-09T03:50:45.405+0000] {processor.py:161} INFO - Started process (PID=5008) to work on /opt/airflow/dags/newyork_fhv_silver.py
[2026-05-09T03:50:45.407+0000] {processor.py:830} INFO - Processing file /opt/airflow/dags/newyork_fhv_silver.py for tasks to queue
[2026-05-09T03:50:45.411+0000] {logging_mixin.py:188} INFO - [2026-05-09T03:50:45.410+0000] {dagbag.py:545} INFO - Filling up the DagBag from /opt/airflow/dags/newyork_fhv_silver.py
[2026-05-09T03:50:45.451+0000] {processor.py:840} INFO - DAG(s) 'newyork_fhv_silver' retrieved from /opt/airflow/dags/newyork_fhv_silver.py
[2026-05-09T03:50:45.488+0000] {logging_mixin.py:188} INFO - [2026-05-09T03:50:45.488+0000] {dag.py:3096} INFO - Sync 1 DAGs
[2026-05-09T03:50:45.512+0000] {logging_mixin.py:188} INFO - [2026-05-09T03:50:45.511+0000] {dag.py:3954} INFO - Setting next_dagrun for newyork_fhv_silver to None, run_after=None
[2026-05-09T03:50:45.555+0000] {processor.py:183} INFO - Processing /opt/airflow/dags/newyork_fhv_silver.py took 0.161 seconds
[2026-05-09T03:51:16.504+0000] {processor.py:161} INFO - Started process (PID=5020) to work on /opt/airflow/dags/newyork_fhv_silver.py
[2026-05-09T03:51:16.506+0000] {processor.py:830} INFO - Processing file /opt/airflow/dags/newyork_fhv_silver.py for tasks to queue
[2026-05-09T03:51:16.509+0000] {logging_mixin.py:188} INFO - [2026-05-09T03:51:16.509+0000] {dagbag.py:545} INFO - Filling up the DagBag from /opt/airflow/dags/newyork_fhv_silver.py
[2026-05-09T03:51:16.540+0000] {processor.py:840} INFO - DAG(s) 'newyork_fhv_silver' retrieved from /opt/airflow/dags/newyork_fhv_silver.py
[2026-05-09T03:51:16.579+0000] {logging_mixin.py:188} INFO - [2026-05-09T03:51:16.579+0000] {dag.py:3096} INFO - Sync 1 DAGs
[2026-05-09T03:51:16.601+0000] {logging_mixin.py:188} INFO - [2026-05-09T03:51:16.601+0000] {dag.py:3954} INFO - Setting next_dagrun for newyork_fhv_silver to None, run_after=None
[2026-05-09T03:51:16.632+0000] {processor.py:183} INFO - Processing /opt/airflow/dags/newyork_fhv_silver.py took 0.140 seconds
[2026-05-09T03:51:47.355+0000] {processor.py:161} INFO - Started process (PID=5031) to work on /opt/airflow/dags/newyork_fhv_silver.py
[2026-05-09T03:51:47.356+0000] {processor.py:830} INFO - Processing file /opt/airflow/dags/newyork_fhv_silver.py for tasks to queue
[2026-05-09T03:51:47.359+0000] {logging_mixin.py:188} INFO - [2026-05-09T03:51:47.359+0000] {dagbag.py:545} INFO - Filling up the DagBag from /opt/airflow/dags/newyork_fhv_silver.py
[2026-05-09T03:51:47.420+0000] {processor.py:840} INFO - DAG(s) 'newyork_fhv_silver' retrieved from /opt/airflow/dags/newyork_fhv_silver.py
[2026-05-09T03:51:47.446+0000] {logging_mixin.py:188} INFO - [2026-05-09T03:51:47.445+0000] {dag.py:3096} INFO - Sync 1 DAGs
[2026-05-09T03:51:47.461+0000] {logging_mixin.py:188} INFO - [2026-05-09T03:51:47.461+0000] {dag.py:3954} INFO - Setting next_dagrun for newyork_fhv_silver to None, run_after=None
[2026-05-09T03:51:47.492+0000] {processor.py:183} INFO - Processing /opt/airflow/dags/newyork_fhv_silver.py took 0.146 seconds
[2026-05-09T03:52:18.448+0000] {processor.py:161} INFO - Started process (PID=5042) to work on /opt/airflow/dags/newyork_fhv_silver.py
[2026-05-09T03:52:18.449+0000] {processor.py:830} INFO - Processing file /opt/airflow/dags/newyork_fhv_silver.py for tasks to queue
[2026-05-09T03:52:18.455+0000] {logging_mixin.py:188} INFO - [2026-05-09T03:52:18.454+0000] {dagbag.py:545} INFO - Filling up the DagBag from /opt/airflow/dags/newyork_fhv_silver.py
[2026-05-09T03:52:18.495+0000] {processor.py:840} INFO - DAG(s) 'newyork_fhv_silver' retrieved from /opt/airflow/dags/newyork_fhv_silver.py
[2026-05-09T03:52:18.522+0000] {logging_mixin.py:188} INFO - [2026-05-09T03:52:18.521+0000] {dag.py:3096} INFO - Sync 1 DAGs
[2026-05-09T03:52:18.540+0000] {logging_mixin.py:188} INFO - [2026-05-09T03:52:18.539+0000] {dag.py:3954} INFO - Setting next_dagrun for newyork_fhv_silver to None, run_after=None
[2026-05-09T03:52:18.575+0000] {processor.py:183} INFO - Processing /opt/airflow/dags/newyork_fhv_silver.py took 0.138 seconds
[2026-05-09T03:52:49.350+0000] {processor.py:161} INFO - Started process (PID=5053) to work on /opt/airflow/dags/newyork_fhv_silver.py
[2026-05-09T03:52:49.352+0000] {processor.py:830} INFO - Processing file /opt/airflow/dags/newyork_fhv_silver.py for tasks to queue
[2026-05-09T03:52:49.356+0000] {logging_mixin.py:188} INFO - [2026-05-09T03:52:49.355+0000] {dagbag.py:545} INFO - Filling up the DagBag from /opt/airflow/dags/newyork_fhv_silver.py
[2026-05-09T03:52:49.403+0000] {processor.py:840} INFO - DAG(s) 'newyork_fhv_silver' retrieved from /opt/airflow/dags/newyork_fhv_silver.py
[2026-05-09T03:52:49.436+0000] {logging_mixin.py:188} INFO - [2026-05-09T03:52:49.436+0000] {dag.py:3096} INFO - Sync 1 DAGs
[2026-05-09T03:52:49.453+0000] {logging_mixin.py:188} INFO - [2026-05-09T03:52:49.452+0000] {dag.py:3954} INFO - Setting next_dagrun for newyork_fhv_silver to None, run_after=None
[2026-05-09T03:52:49.486+0000] {processor.py:183} INFO - Processing /opt/airflow/dags/newyork_fhv_silver.py took 0.145 seconds
[2026-05-09T03:53:20.316+0000] {processor.py:161} INFO - Started process (PID=5064) to work on /opt/airflow/dags/newyork_fhv_silver.py
[2026-05-09T03:53:20.319+0000] {processor.py:830} INFO - Processing file /opt/airflow/dags/newyork_fhv_silver.py for tasks to queue
[2026-05-09T03:53:20.324+0000] {logging_mixin.py:188} INFO - [2026-05-09T03:53:20.324+0000] {dagbag.py:545} INFO - Filling up the DagBag from /opt/airflow/dags/newyork_fhv_silver.py
[2026-05-09T03:53:20.384+0000] {processor.py:840} INFO - DAG(s) 'newyork_fhv_silver' retrieved from /opt/airflow/dags/newyork_fhv_silver.py
[2026-05-09T03:53:20.429+0000] {logging_mixin.py:188} INFO - [2026-05-09T03:53:20.429+0000] {dag.py:3096} INFO - Sync 1 DAGs
[2026-05-09T03:53:20.445+0000] {logging_mixin.py:188} INFO - [2026-05-09T03:53:20.445+0000] {dag.py:3954} INFO - Setting next_dagrun for newyork_fhv_silver to None, run_after=None
[2026-05-09T03:53:20.475+0000] {processor.py:183} INFO - Processing /opt/airflow/dags/newyork_fhv_silver.py took 0.174 seconds
[2026-05-09T03:53:51.455+0000] {processor.py:161} INFO - Started process (PID=5075) to work on /opt/airflow/dags/newyork_fhv_silver.py
[2026-05-09T03:53:51.457+0000] {processor.py:830} INFO - Processing file /opt/airflow/dags/newyork_fhv_silver.py for tasks to queue
[2026-05-09T03:53:51.462+0000] {logging_mixin.py:188} INFO - [2026-05-09T03:53:51.461+0000] {dagbag.py:545} INFO - Filling up the DagBag from /opt/airflow/dags/newyork_fhv_silver.py
[2026-05-09T03:53:51.503+0000] {processor.py:840} INFO - DAG(s) 'newyork_fhv_silver' retrieved from /opt/airflow/dags/newyork_fhv_silver.py
[2026-05-09T03:53:51.527+0000] {logging_mixin.py:188} INFO - [2026-05-09T03:53:51.527+0000] {dag.py:3096} INFO - Sync 1 DAGs
[2026-05-09T03:53:51.542+0000] {logging_mixin.py:188} INFO - [2026-05-09T03:53:51.542+0000] {dag.py:3954} INFO - Setting next_dagrun for newyork_fhv_silver to None, run_after=None
[2026-05-09T03:53:51.574+0000] {processor.py:183} INFO - Processing /opt/airflow/dags/newyork_fhv_silver.py took 0.126 seconds
[2026-05-09T03:54:21.797+0000] {processor.py:161} INFO - Started process (PID=5086) to work on /opt/airflow/dags/newyork_fhv_silver.py
[2026-05-09T03:54:21.799+0000] {processor.py:830} INFO - Processing file /opt/airflow/dags/newyork_fhv_silver.py for tasks to queue
[2026-05-09T03:54:21.803+0000] {logging_mixin.py:188} INFO - [2026-05-09T03:54:21.802+0000] {dagbag.py:545} INFO - Filling up the DagBag from /opt/airflow/dags/newyork_fhv_silver.py
[2026-05-09T03:54:21.840+0000] {processor.py:840} INFO - DAG(s) 'newyork_fhv_silver' retrieved from /opt/airflow/dags/newyork_fhv_silver.py
[2026-05-09T03:54:21.869+0000] {logging_mixin.py:188} INFO - [2026-05-09T03:54:21.868+0000] {dag.py:3096} INFO - Sync 1 DAGs
[2026-05-09T03:54:21.883+0000] {logging_mixin.py:188} INFO - [2026-05-09T03:54:21.883+0000] {dag.py:3954} INFO - Setting next_dagrun for newyork_fhv_silver to None, run_after=None
[2026-05-09T03:54:21.910+0000] {processor.py:183} INFO - Processing /opt/airflow/dags/newyork_fhv_silver.py took 0.125 seconds
[2026-05-09T03:54:52.740+0000] {processor.py:161} INFO - Started process (PID=5097) to work on /opt/airflow/dags/newyork_fhv_silver.py
[2026-05-09T03:54:52.741+0000] {processor.py:830} INFO - Processing file /opt/airflow/dags/newyork_fhv_silver.py for tasks to queue
[2026-05-09T03:54:52.749+0000] {logging_mixin.py:188} INFO - [2026-05-09T03:54:52.748+0000] {dagbag.py:545} INFO - Filling up the DagBag from /opt/airflow/dags/newyork_fhv_silver.py
[2026-05-09T03:54:52.777+0000] {processor.py:840} INFO - DAG(s) 'newyork_fhv_silver' retrieved from /opt/airflow/dags/newyork_fhv_silver.py
[2026-05-09T03:54:52.799+0000] {logging_mixin.py:188} INFO - [2026-05-09T03:54:52.798+0000] {dag.py:3096} INFO - Sync 1 DAGs
[2026-05-09T03:54:52.813+0000] {logging_mixin.py:188} INFO - [2026-05-09T03:54:52.812+0000] {dag.py:3954} INFO - Setting next_dagrun for newyork_fhv_silver to None, run_after=None
[2026-05-09T03:54:52.836+0000] {processor.py:183} INFO - Processing /opt/airflow/dags/newyork_fhv_silver.py took 0.105 seconds
[2026-05-09T03:55:23.661+0000] {processor.py:161} INFO - Started process (PID=5108) to work on /opt/airflow/dags/newyork_fhv_silver.py
[2026-05-09T03:55:23.663+0000] {processor.py:830} INFO - Processing file /opt/airflow/dags/newyork_fhv_silver.py for tasks to queue
[2026-05-09T03:55:23.667+0000] {logging_mixin.py:188} INFO - [2026-05-09T03:55:23.666+0000] {dagbag.py:545} INFO - Filling up the DagBag from /opt/airflow/dags/newyork_fhv_silver.py
[2026-05-09T03:55:23.708+0000] {processor.py:840} INFO - DAG(s) 'newyork_fhv_silver' retrieved from /opt/airflow/dags/newyork_fhv_silver.py
[2026-05-09T03:55:23.734+0000] {logging_mixin.py:188} INFO - [2026-05-09T03:55:23.734+0000] {dag.py:3096} INFO - Sync 1 DAGs
[2026-05-09T03:55:23.750+0000] {logging_mixin.py:188} INFO - [2026-05-09T03:55:23.749+0000] {dag.py:3954} INFO - Setting next_dagrun for newyork_fhv_silver to None, run_after=None
[2026-05-09T03:55:23.779+0000] {processor.py:183} INFO - Processing /opt/airflow/dags/newyork_fhv_silver.py took 0.130 seconds
[2026-05-09T03:55:54.645+0000] {processor.py:161} INFO - Started process (PID=5119) to work on /opt/airflow/dags/newyork_fhv_silver.py
[2026-05-09T03:55:54.648+0000] {processor.py:830} INFO - Processing file /opt/airflow/dags/newyork_fhv_silver.py for tasks to queue
[2026-05-09T03:55:54.651+0000] {logging_mixin.py:188} INFO - [2026-05-09T03:55:54.650+0000] {dagbag.py:545} INFO - Filling up the DagBag from /opt/airflow/dags/newyork_fhv_silver.py
[2026-05-09T03:55:54.676+0000] {processor.py:840} INFO - DAG(s) 'newyork_fhv_silver' retrieved from /opt/airflow/dags/newyork_fhv_silver.py
[2026-05-09T03:55:54.702+0000] {logging_mixin.py:188} INFO - [2026-05-09T03:55:54.702+0000] {dag.py:3096} INFO - Sync 1 DAGs
[2026-05-09T03:55:54.718+0000] {logging_mixin.py:188} INFO - [2026-05-09T03:55:54.718+0000] {dag.py:3954} INFO - Setting next_dagrun for newyork_fhv_silver to None, run_after=None
[2026-05-09T03:55:54.745+0000] {processor.py:183} INFO - Processing /opt/airflow/dags/newyork_fhv_silver.py took 0.107 seconds
[2026-05-09T03:56:25.580+0000] {processor.py:161} INFO - Started process (PID=5130) to work on /opt/airflow/dags/newyork_fhv_silver.py
[2026-05-09T03:56:25.581+0000] {processor.py:830} INFO - Processing file /opt/airflow/dags/newyork_fhv_silver.py for tasks to queue
[2026-05-09T03:56:25.586+0000] {logging_mixin.py:188} INFO - [2026-05-09T03:56:25.585+0000] {dagbag.py:545} INFO - Filling up the DagBag from /opt/airflow/dags/newyork_fhv_silver.py
[2026-05-09T03:56:25.615+0000] {processor.py:840} INFO - DAG(s) 'newyork_fhv_silver' retrieved from /opt/airflow/dags/newyork_fhv_silver.py
[2026-05-09T03:56:25.637+0000] {logging_mixin.py:188} INFO - [2026-05-09T03:56:25.637+0000] {dag.py:3096} INFO - Sync 1 DAGs
[2026-05-09T03:56:25.784+0000] {logging_mixin.py:188} INFO - [2026-05-09T03:56:25.783+0000] {dag.py:3954} INFO - Setting next_dagrun for newyork_fhv_silver to None, run_after=None
[2026-05-09T03:56:25.805+0000] {processor.py:183} INFO - Processing /opt/airflow/dags/newyork_fhv_silver.py took 0.232 seconds
[2026-05-09T03:56:56.469+0000] {processor.py:161} INFO - Started process (PID=5141) to work on /opt/airflow/dags/newyork_fhv_silver.py
[2026-05-09T03:56:56.470+0000] {processor.py:830} INFO - Processing file /opt/airflow/dags/newyork_fhv_silver.py for tasks to queue
[2026-05-09T03:56:56.473+0000] {logging_mixin.py:188} INFO - [2026-05-09T03:56:56.472+0000] {dagbag.py:545} INFO - Filling up the DagBag from /opt/airflow/dags/newyork_fhv_silver.py
[2026-05-09T03:56:56.501+0000] {processor.py:840} INFO - DAG(s) 'newyork_fhv_silver' retrieved from /opt/airflow/dags/newyork_fhv_silver.py
[2026-05-09T03:56:56.527+0000] {logging_mixin.py:188} INFO - [2026-05-09T03:56:56.527+0000] {dag.py:3096} INFO - Sync 1 DAGs
[2026-05-09T03:56:56.543+0000] {logging_mixin.py:188} INFO - [2026-05-09T03:56:56.543+0000] {dag.py:3954} INFO - Setting next_dagrun for newyork_fhv_silver to None, run_after=None
[2026-05-09T03:56:56.567+0000] {processor.py:183} INFO - Processing /opt/airflow/dags/newyork_fhv_silver.py took 0.108 seconds
[2026-05-09T03:57:27.400+0000] {processor.py:161} INFO - Started process (PID=5152) to work on /opt/airflow/dags/newyork_fhv_silver.py
[2026-05-09T03:57:27.402+0000] {processor.py:830} INFO - Processing file /opt/airflow/dags/newyork_fhv_silver.py for tasks to queue
[2026-05-09T03:57:27.406+0000] {logging_mixin.py:188} INFO - [2026-05-09T03:57:27.405+0000] {dagbag.py:545} INFO - Filling up the DagBag from /opt/airflow/dags/newyork_fhv_silver.py
[2026-05-09T03:57:27.464+0000] {processor.py:840} INFO - DAG(s) 'newyork_fhv_silver' retrieved from /opt/airflow/dags/newyork_fhv_silver.py
[2026-05-09T03:57:27.496+0000] {logging_mixin.py:188} INFO - [2026-05-09T03:57:27.496+0000] {dag.py:3096} INFO - Sync 1 DAGs
[2026-05-09T03:57:27.510+0000] {logging_mixin.py:188} INFO - [2026-05-09T03:57:27.510+0000] {dag.py:3954} INFO - Setting next_dagrun for newyork_fhv_silver to None, run_after=None
[2026-05-09T03:57:27.540+0000] {processor.py:183} INFO - Processing /opt/airflow/dags/newyork_fhv_silver.py took 0.152 seconds
[2026-05-09T03:57:57.630+0000] {processor.py:161} INFO - Started process (PID=5163) to work on /opt/airflow/dags/newyork_fhv_silver.py
[2026-05-09T03:57:57.633+0000] {processor.py:830} INFO - Processing file /opt/airflow/dags/newyork_fhv_silver.py for tasks to queue
[2026-05-09T03:57:57.637+0000] {logging_mixin.py:188} INFO - [2026-05-09T03:57:57.637+0000] {dagbag.py:545} INFO - Filling up the DagBag from /opt/airflow/dags/newyork_fhv_silver.py
[2026-05-09T03:57:57.684+0000] {processor.py:840} INFO - DAG(s) 'newyork_fhv_silver' retrieved from /opt/airflow/dags/newyork_fhv_silver.py
[2026-05-09T03:57:57.712+0000] {logging_mixin.py:188} INFO - [2026-05-09T03:57:57.712+0000] {dag.py:3096} INFO - Sync 1 DAGs
[2026-05-09T03:57:57.877+0000] {logging_mixin.py:188} INFO - [2026-05-09T03:57:57.877+0000] {dag.py:3954} INFO - Setting next_dagrun for newyork_fhv_silver to None, run_after=None
[2026-05-09T03:57:57.914+0000] {processor.py:183} INFO - Processing /opt/airflow/dags/newyork_fhv_silver.py took 0.295 seconds
[2026-05-09T03:58:28.093+0000] {processor.py:161} INFO - Started process (PID=5174) to work on /opt/airflow/dags/newyork_fhv_silver.py
[2026-05-09T03:58:28.094+0000] {processor.py:830} INFO - Processing file /opt/airflow/dags/newyork_fhv_silver.py for tasks to queue
[2026-05-09T03:58:28.097+0000] {logging_mixin.py:188} INFO - [2026-05-09T03:58:28.097+0000] {dagbag.py:545} INFO - Filling up the DagBag from /opt/airflow/dags/newyork_fhv_silver.py
[2026-05-09T03:58:28.128+0000] {processor.py:840} INFO - DAG(s) 'newyork_fhv_silver' retrieved from /opt/airflow/dags/newyork_fhv_silver.py
[2026-05-09T03:58:28.160+0000] {logging_mixin.py:188} INFO - [2026-05-09T03:58:28.160+0000] {dag.py:3096} INFO - Sync 1 DAGs
[2026-05-09T03:58:28.179+0000] {logging_mixin.py:188} INFO - [2026-05-09T03:58:28.179+0000] {dag.py:3954} INFO - Setting next_dagrun for newyork_fhv_silver to None, run_after=None
[2026-05-09T03:58:28.216+0000] {processor.py:183} INFO - Processing /opt/airflow/dags/newyork_fhv_silver.py took 0.134 seconds
[2026-05-09T03:58:59.074+0000] {processor.py:161} INFO - Started process (PID=5185) to work on /opt/airflow/dags/newyork_fhv_silver.py
[2026-05-09T03:58:59.076+0000] {processor.py:830} INFO - Processing file /opt/airflow/dags/newyork_fhv_silver.py for tasks to queue
[2026-05-09T03:58:59.079+0000] {logging_mixin.py:188} INFO - [2026-05-09T03:58:59.079+0000] {dagbag.py:545} INFO - Filling up the DagBag from /opt/airflow/dags/newyork_fhv_silver.py
[2026-05-09T03:58:59.124+0000] {processor.py:840} INFO - DAG(s) 'newyork_fhv_silver' retrieved from /opt/airflow/dags/newyork_fhv_silver.py
[2026-05-09T03:58:59.163+0000] {logging_mixin.py:188} INFO - [2026-05-09T03:58:59.162+0000] {dag.py:3096} INFO - Sync 1 DAGs
[2026-05-09T03:58:59.181+0000] {logging_mixin.py:188} INFO - [2026-05-09T03:58:59.181+0000] {dag.py:3954} INFO - Setting next_dagrun for newyork_fhv_silver to None, run_after=None
[2026-05-09T03:58:59.207+0000] {processor.py:183} INFO - Processing /opt/airflow/dags/newyork_fhv_silver.py took 0.143 seconds
[2026-05-09T03:59:29.334+0000] {processor.py:161} INFO - Started process (PID=5196) to work on /opt/airflow/dags/newyork_fhv_silver.py
[2026-05-09T03:59:29.336+0000] {processor.py:830} INFO - Processing file /opt/airflow/dags/newyork_fhv_silver.py for tasks to queue
[2026-05-09T03:59:29.341+0000] {logging_mixin.py:188} INFO - [2026-05-09T03:59:29.340+0000] {dagbag.py:545} INFO - Filling up the DagBag from /opt/airflow/dags/newyork_fhv_silver.py
[2026-05-09T03:59:29.389+0000] {processor.py:840} INFO - DAG(s) 'newyork_fhv_silver' retrieved from /opt/airflow/dags/newyork_fhv_silver.py
[2026-05-09T03:59:29.422+0000] {logging_mixin.py:188} INFO - [2026-05-09T03:59:29.421+0000] {dag.py:3096} INFO - Sync 1 DAGs
[2026-05-09T03:59:29.584+0000] {logging_mixin.py:188} INFO - [2026-05-09T03:59:29.583+0000] {dag.py:3954} INFO - Setting next_dagrun for newyork_fhv_silver to None, run_after=None
[2026-05-09T03:59:29.618+0000] {processor.py:183} INFO - Processing /opt/airflow/dags/newyork_fhv_silver.py took 0.296 seconds
[2026-05-09T04:00:00.129+0000] {processor.py:161} INFO - Started process (PID=5208) to work on /opt/airflow/dags/newyork_fhv_silver.py
[2026-05-09T04:00:00.131+0000] {processor.py:830} INFO - Processing file /opt/airflow/dags/newyork_fhv_silver.py for tasks to queue
[2026-05-09T04:00:00.133+0000] {logging_mixin.py:188} INFO - [2026-05-09T04:00:00.133+0000] {dagbag.py:545} INFO - Filling up the DagBag from /opt/airflow/dags/newyork_fhv_silver.py
[2026-05-09T04:00:00.176+0000] {processor.py:840} INFO - DAG(s) 'newyork_fhv_silver' retrieved from /opt/airflow/dags/newyork_fhv_silver.py
[2026-05-09T04:00:00.203+0000] {logging_mixin.py:188} INFO - [2026-05-09T04:00:00.203+0000] {dag.py:3096} INFO - Sync 1 DAGs
[2026-05-09T04:00:00.225+0000] {logging_mixin.py:188} INFO - [2026-05-09T04:00:00.224+0000] {dag.py:3954} INFO - Setting next_dagrun for newyork_fhv_silver to None, run_after=None
[2026-05-09T04:00:00.270+0000] {processor.py:183} INFO - Processing /opt/airflow/dags/newyork_fhv_silver.py took 0.148 seconds
[2026-05-09T04:00:30.860+0000] {processor.py:161} INFO - Started process (PID=5219) to work on /opt/airflow/dags/newyork_fhv_silver.py
[2026-05-09T04:00:30.862+0000] {processor.py:830} INFO - Processing file /opt/airflow/dags/newyork_fhv_silver.py for tasks to queue
[2026-05-09T04:00:30.865+0000] {logging_mixin.py:188} INFO - [2026-05-09T04:00:30.865+0000] {dagbag.py:545} INFO - Filling up the DagBag from /opt/airflow/dags/newyork_fhv_silver.py
[2026-05-09T04:00:30.896+0000] {processor.py:840} INFO - DAG(s) 'newyork_fhv_silver' retrieved from /opt/airflow/dags/newyork_fhv_silver.py
[2026-05-09T04:00:30.922+0000] {logging_mixin.py:188} INFO - [2026-05-09T04:00:30.922+0000] {dag.py:3096} INFO - Sync 1 DAGs
[2026-05-09T04:00:30.943+0000] {logging_mixin.py:188} INFO - [2026-05-09T04:00:30.943+0000] {dag.py:3954} INFO - Setting next_dagrun for newyork_fhv_silver to None, run_after=None
[2026-05-09T04:00:30.967+0000] {processor.py:183} INFO - Processing /opt/airflow/dags/newyork_fhv_silver.py took 0.115 seconds
[2026-05-09T04:01:01.898+0000] {processor.py:161} INFO - Started process (PID=5236) to work on /opt/airflow/dags/newyork_fhv_silver.py
[2026-05-09T04:01:01.900+0000] {processor.py:830} INFO - Processing file /opt/airflow/dags/newyork_fhv_silver.py for tasks to queue
[2026-05-09T04:01:01.904+0000] {logging_mixin.py:188} INFO - [2026-05-09T04:01:01.904+0000] {dagbag.py:545} INFO - Filling up the DagBag from /opt/airflow/dags/newyork_fhv_silver.py
[2026-05-09T04:01:01.951+0000] {processor.py:840} INFO - DAG(s) 'newyork_fhv_silver' retrieved from /opt/airflow/dags/newyork_fhv_silver.py
[2026-05-09T04:01:01.991+0000] {logging_mixin.py:188} INFO - [2026-05-09T04:01:01.990+0000] {dag.py:3096} INFO - Sync 1 DAGs
[2026-05-09T04:01:02.166+0000] {logging_mixin.py:188} INFO - [2026-05-09T04:01:02.166+0000] {dag.py:3954} INFO - Setting next_dagrun for newyork_fhv_silver to None, run_after=None
[2026-05-09T04:01:02.193+0000] {processor.py:183} INFO - Processing /opt/airflow/dags/newyork_fhv_silver.py took 0.306 seconds
[2026-05-09T04:01:32.368+0000] {processor.py:161} INFO - Started process (PID=5247) to work on /opt/airflow/dags/newyork_fhv_silver.py
[2026-05-09T04:01:32.370+0000] {processor.py:830} INFO - Processing file /opt/airflow/dags/newyork_fhv_silver.py for tasks to queue
[2026-05-09T04:01:32.373+0000] {logging_mixin.py:188} INFO - [2026-05-09T04:01:32.373+0000] {dagbag.py:545} INFO - Filling up the DagBag from /opt/airflow/dags/newyork_fhv_silver.py
[2026-05-09T04:01:32.420+0000] {processor.py:840} INFO - DAG(s) 'newyork_fhv_silver' retrieved from /opt/airflow/dags/newyork_fhv_silver.py
[2026-05-09T04:01:32.457+0000] {logging_mixin.py:188} INFO - [2026-05-09T04:01:32.456+0000] {dag.py:3096} INFO - Sync 1 DAGs
[2026-05-09T04:01:32.476+0000] {logging_mixin.py:188} INFO - [2026-05-09T04:01:32.476+0000] {dag.py:3954} INFO - Setting next_dagrun for newyork_fhv_silver to None, run_after=None
[2026-05-09T04:01:32.513+0000] {processor.py:183} INFO - Processing /opt/airflow/dags/newyork_fhv_silver.py took 0.158 seconds
[2026-05-09T04:02:02.700+0000] {processor.py:161} INFO - Started process (PID=5258) to work on /opt/airflow/dags/newyork_fhv_silver.py
[2026-05-09T04:02:02.702+0000] {processor.py:830} INFO - Processing file /opt/airflow/dags/newyork_fhv_silver.py for tasks to queue
[2026-05-09T04:02:02.706+0000] {logging_mixin.py:188} INFO - [2026-05-09T04:02:02.705+0000] {dagbag.py:545} INFO - Filling up the DagBag from /opt/airflow/dags/newyork_fhv_silver.py
[2026-05-09T04:02:02.749+0000] {processor.py:840} INFO - DAG(s) 'newyork_fhv_silver' retrieved from /opt/airflow/dags/newyork_fhv_silver.py
[2026-05-09T04:02:02.776+0000] {logging_mixin.py:188} INFO - [2026-05-09T04:02:02.775+0000] {dag.py:3096} INFO - Sync 1 DAGs
[2026-05-09T04:02:02.792+0000] {logging_mixin.py:188} INFO - [2026-05-09T04:02:02.792+0000] {dag.py:3954} INFO - Setting next_dagrun for newyork_fhv_silver to None, run_after=None
[2026-05-09T04:02:02.821+0000] {processor.py:183} INFO - Processing /opt/airflow/dags/newyork_fhv_silver.py took 0.129 seconds
[2026-05-09T04:02:33.296+0000] {processor.py:161} INFO - Started process (PID=5269) to work on /opt/airflow/dags/newyork_fhv_silver.py
[2026-05-09T04:02:33.299+0000] {processor.py:830} INFO - Processing file /opt/airflow/dags/newyork_fhv_silver.py for tasks to queue
[2026-05-09T04:02:33.303+0000] {logging_mixin.py:188} INFO - [2026-05-09T04:02:33.303+0000] {dagbag.py:545} INFO - Filling up the DagBag from /opt/airflow/dags/newyork_fhv_silver.py
[2026-05-09T04:02:33.339+0000] {processor.py:840} INFO - DAG(s) 'newyork_fhv_silver' retrieved from /opt/airflow/dags/newyork_fhv_silver.py
[2026-05-09T04:02:33.377+0000] {logging_mixin.py:188} INFO - [2026-05-09T04:02:33.376+0000] {dag.py:3096} INFO - Sync 1 DAGs
[2026-05-09T04:02:33.546+0000] {logging_mixin.py:188} INFO - [2026-05-09T04:02:33.546+0000] {dag.py:3954} INFO - Setting next_dagrun for newyork_fhv_silver to None, run_after=None
[2026-05-09T04:02:33.587+0000] {processor.py:183} INFO - Processing /opt/airflow/dags/newyork_fhv_silver.py took 0.303 seconds
[2026-05-09T04:03:03.816+0000] {processor.py:161} INFO - Started process (PID=5280) to work on /opt/airflow/dags/newyork_fhv_silver.py
[2026-05-09T04:03:03.818+0000] {processor.py:830} INFO - Processing file /opt/airflow/dags/newyork_fhv_silver.py for tasks to queue
[2026-05-09T04:03:03.821+0000] {logging_mixin.py:188} INFO - [2026-05-09T04:03:03.821+0000] {dagbag.py:545} INFO - Filling up the DagBag from /opt/airflow/dags/newyork_fhv_silver.py
[2026-05-09T04:03:03.859+0000] {processor.py:840} INFO - DAG(s) 'newyork_fhv_silver' retrieved from /opt/airflow/dags/newyork_fhv_silver.py
[2026-05-09T04:03:03.897+0000] {logging_mixin.py:188} INFO - [2026-05-09T04:03:03.897+0000] {dag.py:3096} INFO - Sync 1 DAGs
[2026-05-09T04:03:03.926+0000] {logging_mixin.py:188} INFO - [2026-05-09T04:03:03.925+0000] {dag.py:3954} INFO - Setting next_dagrun for newyork_fhv_silver to None, run_after=None
[2026-05-09T04:03:03.964+0000] {processor.py:183} INFO - Processing /opt/airflow/dags/newyork_fhv_silver.py took 0.156 seconds
[2026-05-09T04:03:34.800+0000] {processor.py:161} INFO - Started process (PID=5291) to work on /opt/airflow/dags/newyork_fhv_silver.py
[2026-05-09T04:03:34.802+0000] {processor.py:830} INFO - Processing file /opt/airflow/dags/newyork_fhv_silver.py for tasks to queue
[2026-05-09T04:03:34.805+0000] {logging_mixin.py:188} INFO - [2026-05-09T04:03:34.804+0000] {dagbag.py:545} INFO - Filling up the DagBag from /opt/airflow/dags/newyork_fhv_silver.py
[2026-05-09T04:03:34.839+0000] {processor.py:840} INFO - DAG(s) 'newyork_fhv_silver' retrieved from /opt/airflow/dags/newyork_fhv_silver.py
[2026-05-09T04:03:34.861+0000] {logging_mixin.py:188} INFO - [2026-05-09T04:03:34.860+0000] {dag.py:3096} INFO - Sync 1 DAGs
[2026-05-09T04:03:34.882+0000] {logging_mixin.py:188} INFO - [2026-05-09T04:03:34.881+0000] {dag.py:3954} INFO - Setting next_dagrun for newyork_fhv_silver to None, run_after=None
[2026-05-09T04:03:34.912+0000] {processor.py:183} INFO - Processing /opt/airflow/dags/newyork_fhv_silver.py took 0.120 seconds
[2026-05-09T04:04:05.860+0000] {processor.py:161} INFO - Started process (PID=5302) to work on /opt/airflow/dags/newyork_fhv_silver.py
[2026-05-09T04:04:05.861+0000] {processor.py:830} INFO - Processing file /opt/airflow/dags/newyork_fhv_silver.py for tasks to queue
[2026-05-09T04:04:05.863+0000] {logging_mixin.py:188} INFO - [2026-05-09T04:04:05.863+0000] {dagbag.py:545} INFO - Filling up the DagBag from /opt/airflow/dags/newyork_fhv_silver.py
[2026-05-09T04:04:05.898+0000] {processor.py:840} INFO - DAG(s) 'newyork_fhv_silver' retrieved from /opt/airflow/dags/newyork_fhv_silver.py
[2026-05-09T04:04:05.918+0000] {logging_mixin.py:188} INFO - [2026-05-09T04:04:05.918+0000] {dag.py:3096} INFO - Sync 1 DAGs
[2026-05-09T04:04:05.934+0000] {logging_mixin.py:188} INFO - [2026-05-09T04:04:05.934+0000] {dag.py:3954} INFO - Setting next_dagrun for newyork_fhv_silver to None, run_after=None
[2026-05-09T04:04:05.959+0000] {processor.py:183} INFO - Processing /opt/airflow/dags/newyork_fhv_silver.py took 0.108 seconds
[2026-05-09T04:04:36.873+0000] {processor.py:161} INFO - Started process (PID=5313) to work on /opt/airflow/dags/newyork_fhv_silver.py
[2026-05-09T04:04:36.874+0000] {processor.py:830} INFO - Processing file /opt/airflow/dags/newyork_fhv_silver.py for tasks to queue
[2026-05-09T04:04:36.877+0000] {logging_mixin.py:188} INFO - [2026-05-09T04:04:36.877+0000] {dagbag.py:545} INFO - Filling up the DagBag from /opt/airflow/dags/newyork_fhv_silver.py
[2026-05-09T04:04:36.908+0000] {processor.py:840} INFO - DAG(s) 'newyork_fhv_silver' retrieved from /opt/airflow/dags/newyork_fhv_silver.py
[2026-05-09T04:04:36.932+0000] {logging_mixin.py:188} INFO - [2026-05-09T04:04:36.931+0000] {dag.py:3096} INFO - Sync 1 DAGs
[2026-05-09T04:04:36.946+0000] {logging_mixin.py:188} INFO - [2026-05-09T04:04:36.946+0000] {dag.py:3954} INFO - Setting next_dagrun for newyork_fhv_silver to None, run_after=None
[2026-05-09T04:04:36.973+0000] {processor.py:183} INFO - Processing /opt/airflow/dags/newyork_fhv_silver.py took 0.111 seconds
[2026-05-09T04:05:08.079+0000] {processor.py:161} INFO - Started process (PID=5324) to work on /opt/airflow/dags/newyork_fhv_silver.py
[2026-05-09T04:05:08.081+0000] {processor.py:830} INFO - Processing file /opt/airflow/dags/newyork_fhv_silver.py for tasks to queue
[2026-05-09T04:05:08.086+0000] {logging_mixin.py:188} INFO - [2026-05-09T04:05:08.085+0000] {dagbag.py:545} INFO - Filling up the DagBag from /opt/airflow/dags/newyork_fhv_silver.py
[2026-05-09T04:05:08.146+0000] {processor.py:840} INFO - DAG(s) 'newyork_fhv_silver' retrieved from /opt/airflow/dags/newyork_fhv_silver.py
[2026-05-09T04:05:08.171+0000] {logging_mixin.py:188} INFO - [2026-05-09T04:05:08.171+0000] {dag.py:3096} INFO - Sync 1 DAGs
[2026-05-09T04:05:08.185+0000] {logging_mixin.py:188} INFO - [2026-05-09T04:05:08.185+0000] {dag.py:3954} INFO - Setting next_dagrun for newyork_fhv_silver to None, run_after=None
[2026-05-09T04:05:08.209+0000] {processor.py:183} INFO - Processing /opt/airflow/dags/newyork_fhv_silver.py took 0.142 seconds
[2026-05-09T04:05:39.144+0000] {processor.py:161} INFO - Started process (PID=5335) to work on /opt/airflow/dags/newyork_fhv_silver.py
[2026-05-09T04:05:39.147+0000] {processor.py:830} INFO - Processing file /opt/airflow/dags/newyork_fhv_silver.py for tasks to queue
[2026-05-09T04:05:39.151+0000] {logging_mixin.py:188} INFO - [2026-05-09T04:05:39.150+0000] {dagbag.py:545} INFO - Filling up the DagBag from /opt/airflow/dags/newyork_fhv_silver.py
[2026-05-09T04:05:39.186+0000] {processor.py:840} INFO - DAG(s) 'newyork_fhv_silver' retrieved from /opt/airflow/dags/newyork_fhv_silver.py
[2026-05-09T04:05:39.221+0000] {logging_mixin.py:188} INFO - [2026-05-09T04:05:39.220+0000] {dag.py:3096} INFO - Sync 1 DAGs
[2026-05-09T04:05:39.262+0000] {logging_mixin.py:188} INFO - [2026-05-09T04:05:39.261+0000] {dag.py:3954} INFO - Setting next_dagrun for newyork_fhv_silver to None, run_after=None
[2026-05-09T04:05:39.300+0000] {processor.py:183} INFO - Processing /opt/airflow/dags/newyork_fhv_silver.py took 0.169 seconds
[2026-05-09T04:06:10.179+0000] {processor.py:161} INFO - Started process (PID=5346) to work on /opt/airflow/dags/newyork_fhv_silver.py
[2026-05-09T04:06:10.181+0000] {processor.py:830} INFO - Processing file /opt/airflow/dags/newyork_fhv_silver.py for tasks to queue
[2026-05-09T04:06:10.184+0000] {logging_mixin.py:188} INFO - [2026-05-09T04:06:10.183+0000] {dagbag.py:545} INFO - Filling up the DagBag from /opt/airflow/dags/newyork_fhv_silver.py
[2026-05-09T04:06:10.239+0000] {processor.py:840} INFO - DAG(s) 'newyork_fhv_silver' retrieved from /opt/airflow/dags/newyork_fhv_silver.py
[2026-05-09T04:06:10.271+0000] {logging_mixin.py:188} INFO - [2026-05-09T04:06:10.271+0000] {dag.py:3096} INFO - Sync 1 DAGs
[2026-05-09T04:06:10.287+0000] {logging_mixin.py:188} INFO - [2026-05-09T04:06:10.286+0000] {dag.py:3954} INFO - Setting next_dagrun for newyork_fhv_silver to None, run_after=None
[2026-05-09T04:06:10.310+0000] {processor.py:183} INFO - Processing /opt/airflow/dags/newyork_fhv_silver.py took 0.139 seconds
[2026-05-09T04:06:41.240+0000] {processor.py:161} INFO - Started process (PID=5357) to work on /opt/airflow/dags/newyork_fhv_silver.py
[2026-05-09T04:06:41.242+0000] {processor.py:830} INFO - Processing file /opt/airflow/dags/newyork_fhv_silver.py for tasks to queue
[2026-05-09T04:06:41.246+0000] {logging_mixin.py:188} INFO - [2026-05-09T04:06:41.246+0000] {dagbag.py:545} INFO - Filling up the DagBag from /opt/airflow/dags/newyork_fhv_silver.py
[2026-05-09T04:06:41.296+0000] {processor.py:840} INFO - DAG(s) 'newyork_fhv_silver' retrieved from /opt/airflow/dags/newyork_fhv_silver.py
[2026-05-09T04:06:41.323+0000] {logging_mixin.py:188} INFO - [2026-05-09T04:06:41.322+0000] {dag.py:3096} INFO - Sync 1 DAGs
[2026-05-09T04:06:41.344+0000] {logging_mixin.py:188} INFO - [2026-05-09T04:06:41.343+0000] {dag.py:3954} INFO - Setting next_dagrun for newyork_fhv_silver to None, run_after=None
[2026-05-09T04:06:41.379+0000] {processor.py:183} INFO - Processing /opt/airflow/dags/newyork_fhv_silver.py took 0.152 seconds
[2026-05-09T04:07:12.135+0000] {processor.py:161} INFO - Started process (PID=5368) to work on /opt/airflow/dags/newyork_fhv_silver.py
[2026-05-09T04:07:12.136+0000] {processor.py:830} INFO - Processing file /opt/airflow/dags/newyork_fhv_silver.py for tasks to queue
[2026-05-09T04:07:12.139+0000] {logging_mixin.py:188} INFO - [2026-05-09T04:07:12.138+0000] {dagbag.py:545} INFO - Filling up the DagBag from /opt/airflow/dags/newyork_fhv_silver.py
[2026-05-09T04:07:12.181+0000] {processor.py:840} INFO - DAG(s) 'newyork_fhv_silver' retrieved from /opt/airflow/dags/newyork_fhv_silver.py
[2026-05-09T04:07:12.210+0000] {logging_mixin.py:188} INFO - [2026-05-09T04:07:12.209+0000] {dag.py:3096} INFO - Sync 1 DAGs
[2026-05-09T04:07:12.228+0000] {logging_mixin.py:188} INFO - [2026-05-09T04:07:12.228+0000] {dag.py:3954} INFO - Setting next_dagrun for newyork_fhv_silver to None, run_after=None
[2026-05-09T04:07:12.250+0000] {processor.py:183} INFO - Processing /opt/airflow/dags/newyork_fhv_silver.py took 0.123 seconds
[2026-05-09T04:07:43.131+0000] {processor.py:161} INFO - Started process (PID=5379) to work on /opt/airflow/dags/newyork_fhv_silver.py
[2026-05-09T04:07:43.133+0000] {processor.py:830} INFO - Processing file /opt/airflow/dags/newyork_fhv_silver.py for tasks to queue
[2026-05-09T04:07:43.137+0000] {logging_mixin.py:188} INFO - [2026-05-09T04:07:43.136+0000] {dagbag.py:545} INFO - Filling up the DagBag from /opt/airflow/dags/newyork_fhv_silver.py
[2026-05-09T04:07:43.191+0000] {processor.py:840} INFO - DAG(s) 'newyork_fhv_silver' retrieved from /opt/airflow/dags/newyork_fhv_silver.py
[2026-05-09T04:07:43.218+0000] {logging_mixin.py:188} INFO - [2026-05-09T04:07:43.217+0000] {dag.py:3096} INFO - Sync 1 DAGs
[2026-05-09T04:07:43.232+0000] {logging_mixin.py:188} INFO - [2026-05-09T04:07:43.231+0000] {dag.py:3954} INFO - Setting next_dagrun for newyork_fhv_silver to None, run_after=None
[2026-05-09T04:07:43.259+0000] {processor.py:183} INFO - Processing /opt/airflow/dags/newyork_fhv_silver.py took 0.141 seconds
[2026-05-09T04:08:14.072+0000] {processor.py:161} INFO - Started process (PID=5390) to work on /opt/airflow/dags/newyork_fhv_silver.py
[2026-05-09T04:08:14.074+0000] {processor.py:830} INFO - Processing file /opt/airflow/dags/newyork_fhv_silver.py for tasks to queue
[2026-05-09T04:08:14.076+0000] {logging_mixin.py:188} INFO - [2026-05-09T04:08:14.076+0000] {dagbag.py:545} INFO - Filling up the DagBag from /opt/airflow/dags/newyork_fhv_silver.py
[2026-05-09T04:08:14.114+0000] {processor.py:840} INFO - DAG(s) 'newyork_fhv_silver' retrieved from /opt/airflow/dags/newyork_fhv_silver.py
[2026-05-09T04:08:14.135+0000] {logging_mixin.py:188} INFO - [2026-05-09T04:08:14.135+0000] {dag.py:3096} INFO - Sync 1 DAGs
[2026-05-09T04:08:14.149+0000] {logging_mixin.py:188} INFO - [2026-05-09T04:08:14.149+0000] {dag.py:3954} INFO - Setting next_dagrun for newyork_fhv_silver to None, run_after=None
[2026-05-09T04:08:14.170+0000] {processor.py:183} INFO - Processing /opt/airflow/dags/newyork_fhv_silver.py took 0.105 seconds
[2026-05-09T04:08:45.297+0000] {processor.py:161} INFO - Started process (PID=5401) to work on /opt/airflow/dags/newyork_fhv_silver.py
[2026-05-09T04:08:45.300+0000] {processor.py:830} INFO - Processing file /opt/airflow/dags/newyork_fhv_silver.py for tasks to queue
[2026-05-09T04:08:45.304+0000] {logging_mixin.py:188} INFO - [2026-05-09T04:08:45.303+0000] {dagbag.py:545} INFO - Filling up the DagBag from /opt/airflow/dags/newyork_fhv_silver.py
[2026-05-09T04:08:45.353+0000] {processor.py:840} INFO - DAG(s) 'newyork_fhv_silver' retrieved from /opt/airflow/dags/newyork_fhv_silver.py
[2026-05-09T04:08:45.389+0000] {logging_mixin.py:188} INFO - [2026-05-09T04:08:45.388+0000] {dag.py:3096} INFO - Sync 1 DAGs
[2026-05-09T04:08:45.411+0000] {logging_mixin.py:188} INFO - [2026-05-09T04:08:45.411+0000] {dag.py:3954} INFO - Setting next_dagrun for newyork_fhv_silver to None, run_after=None
[2026-05-09T04:08:45.477+0000] {processor.py:183} INFO - Processing /opt/airflow/dags/newyork_fhv_silver.py took 0.196 seconds
[2026-05-09T04:09:15.949+0000] {processor.py:161} INFO - Started process (PID=5412) to work on /opt/airflow/dags/newyork_fhv_silver.py
[2026-05-09T04:09:15.953+0000] {processor.py:830} INFO - Processing file /opt/airflow/dags/newyork_fhv_silver.py for tasks to queue
[2026-05-09T04:09:15.959+0000] {logging_mixin.py:188} INFO - [2026-05-09T04:09:15.958+0000] {dagbag.py:545} INFO - Filling up the DagBag from /opt/airflow/dags/newyork_fhv_silver.py
[2026-05-09T04:09:16.022+0000] {processor.py:840} INFO - DAG(s) 'newyork_fhv_silver' retrieved from /opt/airflow/dags/newyork_fhv_silver.py
[2026-05-09T04:09:16.064+0000] {logging_mixin.py:188} INFO - [2026-05-09T04:09:16.063+0000] {dag.py:3096} INFO - Sync 1 DAGs
[2026-05-09T04:09:16.089+0000] {logging_mixin.py:188} INFO - [2026-05-09T04:09:16.088+0000] {dag.py:3954} INFO - Setting next_dagrun for newyork_fhv_silver to None, run_after=None
[2026-05-09T04:09:16.161+0000] {processor.py:183} INFO - Processing /opt/airflow/dags/newyork_fhv_silver.py took 0.228 seconds
[2026-05-09T04:25:29.026+0000] {processor.py:161} INFO - Started process (PID=5423) to work on /opt/airflow/dags/newyork_fhv_silver.py
[2026-05-09T04:25:29.029+0000] {processor.py:830} INFO - Processing file /opt/airflow/dags/newyork_fhv_silver.py for tasks to queue
[2026-05-09T04:25:29.032+0000] {logging_mixin.py:188} INFO - [2026-05-09T04:25:29.032+0000] {dagbag.py:545} INFO - Filling up the DagBag from /opt/airflow/dags/newyork_fhv_silver.py
[2026-05-09T04:25:29.064+0000] {processor.py:840} INFO - DAG(s) 'newyork_fhv_silver' retrieved from /opt/airflow/dags/newyork_fhv_silver.py
[2026-05-09T04:25:29.097+0000] {logging_mixin.py:188} INFO - [2026-05-09T04:25:29.097+0000] {dag.py:3096} INFO - Sync 1 DAGs
[2026-05-09T04:25:29.115+0000] {logging_mixin.py:188} INFO - [2026-05-09T04:25:29.114+0000] {dag.py:3954} INFO - Setting next_dagrun for newyork_fhv_silver to None, run_after=None
[2026-05-09T04:25:29.150+0000] {processor.py:183} INFO - Processing /opt/airflow/dags/newyork_fhv_silver.py took 0.132 seconds
[2026-05-09T04:25:59.569+0000] {processor.py:161} INFO - Started process (PID=5434) to work on /opt/airflow/dags/newyork_fhv_silver.py
[2026-05-09T04:25:59.570+0000] {processor.py:830} INFO - Processing file /opt/airflow/dags/newyork_fhv_silver.py for tasks to queue
[2026-05-09T04:25:59.572+0000] {logging_mixin.py:188} INFO - [2026-05-09T04:25:59.571+0000] {dagbag.py:545} INFO - Filling up the DagBag from /opt/airflow/dags/newyork_fhv_silver.py
[2026-05-09T04:25:59.587+0000] {processor.py:840} INFO - DAG(s) 'newyork_fhv_silver' retrieved from /opt/airflow/dags/newyork_fhv_silver.py
[2026-05-09T04:25:59.603+0000] {logging_mixin.py:188} INFO - [2026-05-09T04:25:59.603+0000] {dag.py:3096} INFO - Sync 1 DAGs
[2026-05-09T04:25:59.613+0000] {logging_mixin.py:188} INFO - [2026-05-09T04:25:59.612+0000] {dag.py:3954} INFO - Setting next_dagrun for newyork_fhv_silver to None, run_after=None
[2026-05-09T04:25:59.628+0000] {processor.py:183} INFO - Processing /opt/airflow/dags/newyork_fhv_silver.py took 0.065 seconds
[2026-05-09T04:26:30.148+0000] {processor.py:161} INFO - Started process (PID=5445) to work on /opt/airflow/dags/newyork_fhv_silver.py
[2026-05-09T04:26:30.149+0000] {processor.py:830} INFO - Processing file /opt/airflow/dags/newyork_fhv_silver.py for tasks to queue
[2026-05-09T04:26:30.151+0000] {logging_mixin.py:188} INFO - [2026-05-09T04:26:30.151+0000] {dagbag.py:545} INFO - Filling up the DagBag from /opt/airflow/dags/newyork_fhv_silver.py
[2026-05-09T04:26:30.168+0000] {processor.py:840} INFO - DAG(s) 'newyork_fhv_silver' retrieved from /opt/airflow/dags/newyork_fhv_silver.py
[2026-05-09T04:26:30.187+0000] {logging_mixin.py:188} INFO - [2026-05-09T04:26:30.187+0000] {dag.py:3096} INFO - Sync 1 DAGs
[2026-05-09T04:26:30.197+0000] {logging_mixin.py:188} INFO - [2026-05-09T04:26:30.197+0000] {dag.py:3954} INFO - Setting next_dagrun for newyork_fhv_silver to None, run_after=None
[2026-05-09T04:26:30.217+0000] {processor.py:183} INFO - Processing /opt/airflow/dags/newyork_fhv_silver.py took 0.075 seconds
[2026-05-09T04:27:00.723+0000] {processor.py:161} INFO - Started process (PID=5456) to work on /opt/airflow/dags/newyork_fhv_silver.py
[2026-05-09T04:27:00.725+0000] {processor.py:830} INFO - Processing file /opt/airflow/dags/newyork_fhv_silver.py for tasks to queue
[2026-05-09T04:27:00.729+0000] {logging_mixin.py:188} INFO - [2026-05-09T04:27:00.729+0000] {dagbag.py:545} INFO - Filling up the DagBag from /opt/airflow/dags/newyork_fhv_silver.py
[2026-05-09T04:27:00.780+0000] {processor.py:840} INFO - DAG(s) 'newyork_fhv_silver' retrieved from /opt/airflow/dags/newyork_fhv_silver.py
[2026-05-09T04:27:00.803+0000] {logging_mixin.py:188} INFO - [2026-05-09T04:27:00.802+0000] {dag.py:3096} INFO - Sync 1 DAGs
[2026-05-09T04:27:00.820+0000] {logging_mixin.py:188} INFO - [2026-05-09T04:27:00.819+0000] {dag.py:3954} INFO - Setting next_dagrun for newyork_fhv_silver to None, run_after=None
[2026-05-09T04:27:00.844+0000] {processor.py:183} INFO - Processing /opt/airflow/dags/newyork_fhv_silver.py took 0.128 seconds
[2026-05-09T04:27:31.802+0000] {processor.py:161} INFO - Started process (PID=5467) to work on /opt/airflow/dags/newyork_fhv_silver.py
[2026-05-09T04:27:31.804+0000] {processor.py:830} INFO - Processing file /opt/airflow/dags/newyork_fhv_silver.py for tasks to queue
[2026-05-09T04:27:31.807+0000] {logging_mixin.py:188} INFO - [2026-05-09T04:27:31.807+0000] {dagbag.py:545} INFO - Filling up the DagBag from /opt/airflow/dags/newyork_fhv_silver.py
[2026-05-09T04:27:31.837+0000] {processor.py:840} INFO - DAG(s) 'newyork_fhv_silver' retrieved from /opt/airflow/dags/newyork_fhv_silver.py
[2026-05-09T04:27:31.863+0000] {logging_mixin.py:188} INFO - [2026-05-09T04:27:31.862+0000] {dag.py:3096} INFO - Sync 1 DAGs
[2026-05-09T04:27:31.881+0000] {logging_mixin.py:188} INFO - [2026-05-09T04:27:31.880+0000] {dag.py:3954} INFO - Setting next_dagrun for newyork_fhv_silver to None, run_after=None
[2026-05-09T04:27:31.910+0000] {processor.py:183} INFO - Processing /opt/airflow/dags/newyork_fhv_silver.py took 0.115 seconds
