[2026-04-30T08:41:05.302+0000] {manager.py:470} INFO - Processing files using up to 2 processes at a time 
[2026-04-30T08:41:05.305+0000] {manager.py:471} INFO - Process each file at most once every 30 seconds
[2026-04-30T08:41:05.306+0000] {manager.py:472} INFO - Checking for new files in /opt/airflow/dags every 300 seconds
[2026-04-30T08:41:05.308+0000] {manager.py:737} INFO - Searching for files in /opt/airflow/dags
[2026-04-30T08:41:05.502+0000] {manager.py:740} INFO - There are 5 files in /opt/airflow/dags
[2026-04-30T08:41:05.692+0000] {manager.py:878} INFO - 
================================================================================
DAG File Processing Stats

File Path                                     PID  Runtime      # DAGs    # Errors  Last Runtime    Last Run
------------------------------------------  -----  ---------  --------  ----------  --------------  ----------
/opt/airflow/dags/nyc_fhv_gold.py              87  0.08s             0           0
/opt/airflow/dags/nyc_fhv_ingestion.py                               0           0
/opt/airflow/dags/nyc_fhv_pipeline.py                                0           0
/opt/airflow/dags/nyc_fhv_quality_check.py                           0           0
/opt/airflow/dags/nyc_fhv_silver.py            88  0.06s             0           0
================================================================================
[2026-04-30T08:41:36.332+0000] {manager.py:878} INFO - 
================================================================================
DAG File Processing Stats

File Path                                   PID    Runtime      # DAGs    # Errors  Last Runtime    Last Run
------------------------------------------  -----  ---------  --------  ----------  --------------  -------------------
/opt/airflow/dags/nyc_fhv_pipeline.py                                1           0  1.52s           2026-04-30T08:41:08
/opt/airflow/dags/nyc_fhv_ingestion.py                               1           0  1.41s           2026-04-30T08:41:08
/opt/airflow/dags/nyc_fhv_gold.py                                    1           0  0.81s           2026-04-30T08:41:06
/opt/airflow/dags/nyc_fhv_quality_check.py                           1           0  0.81s           2026-04-30T08:41:07
/opt/airflow/dags/nyc_fhv_silver.py                                  1           0  0.76s           2026-04-30T08:41:06
================================================================================
[2026-04-30T08:42:06.628+0000] {manager.py:878} INFO - 
================================================================================
DAG File Processing Stats

File Path                                   PID    Runtime      # DAGs    # Errors  Last Runtime    Last Run
------------------------------------------  -----  ---------  --------  ----------  --------------  -------------------
/opt/airflow/dags/nyc_fhv_quality_check.py                           1           0  0.23s           2026-04-30T08:41:37
/opt/airflow/dags/nyc_fhv_ingestion.py                               1           0  0.21s           2026-04-30T08:41:39
/opt/airflow/dags/nyc_fhv_pipeline.py                                1           0  0.20s           2026-04-30T08:41:39
/opt/airflow/dags/nyc_fhv_gold.py                                    1           0  0.18s           2026-04-30T08:41:36
/opt/airflow/dags/nyc_fhv_silver.py                                  1           0  0.17s           2026-04-30T08:41:36
================================================================================
[2026-04-30T08:42:37.623+0000] {manager.py:878} INFO - 
================================================================================
DAG File Processing Stats

File Path                                   PID    Runtime      # DAGs    # Errors  Last Runtime    Last Run
------------------------------------------  -----  ---------  --------  ----------  --------------  -------------------
/opt/airflow/dags/nyc_fhv_quality_check.py                           1           0  0.26s           2026-04-30T08:42:09
/opt/airflow/dags/nyc_fhv_silver.py                                  1           0  0.23s           2026-04-30T08:42:07
/opt/airflow/dags/nyc_fhv_gold.py                                    1           0  0.21s           2026-04-30T08:42:07
/opt/airflow/dags/nyc_fhv_ingestion.py                               1           0  0.19s           2026-04-30T08:42:10
/opt/airflow/dags/nyc_fhv_pipeline.py                                1           0  0.19s           2026-04-30T08:42:10
================================================================================
[2026-04-30T08:43:08.469+0000] {manager.py:878} INFO - 
================================================================================
DAG File Processing Stats

File Path                                   PID    Runtime      # DAGs    # Errors  Last Runtime    Last Run
------------------------------------------  -----  ---------  --------  ----------  --------------  -------------------
/opt/airflow/dags/nyc_fhv_gold.py                                    1           0  0.30s           2026-04-30T08:42:38
/opt/airflow/dags/nyc_fhv_silver.py                                  1           0  0.27s           2026-04-30T08:42:38
/opt/airflow/dags/nyc_fhv_pipeline.py                                1           0  0.19s           2026-04-30T08:42:41
/opt/airflow/dags/nyc_fhv_quality_check.py                           1           0  0.17s           2026-04-30T08:42:39
/opt/airflow/dags/nyc_fhv_ingestion.py                               1           0  0.17s           2026-04-30T08:42:40
================================================================================
[2026-04-30T08:43:39.457+0000] {manager.py:878} INFO - 
================================================================================
DAG File Processing Stats

File Path                                   PID    Runtime      # DAGs    # Errors  Last Runtime    Last Run
------------------------------------------  -----  ---------  --------  ----------  --------------  -------------------
/opt/airflow/dags/nyc_fhv_gold.py                                    1           0  0.22s           2026-04-30T08:43:09
/opt/airflow/dags/nyc_fhv_quality_check.py                           1           0  0.21s           2026-04-30T08:43:10
/opt/airflow/dags/nyc_fhv_pipeline.py                                1           0  0.19s           2026-04-30T08:43:11
/opt/airflow/dags/nyc_fhv_ingestion.py                               1           0  0.19s           2026-04-30T08:43:11
/opt/airflow/dags/nyc_fhv_silver.py                                  1           0  0.16s           2026-04-30T08:43:09
================================================================================
[2026-04-30T08:44:09.459+0000] {manager.py:878} INFO - 
================================================================================
DAG File Processing Stats

File Path                                   PID    Runtime      # DAGs    # Errors  Last Runtime    Last Run
------------------------------------------  -----  ---------  --------  ----------  --------------  -------------------
/opt/airflow/dags/nyc_fhv_quality_check.py                           1           0  0.17s           2026-04-30T08:43:41
/opt/airflow/dags/nyc_fhv_gold.py                                    1           0  0.16s           2026-04-30T08:43:40
/opt/airflow/dags/nyc_fhv_ingestion.py                               1           0  0.15s           2026-04-30T08:43:42
/opt/airflow/dags/nyc_fhv_silver.py                                  1           0  0.15s           2026-04-30T08:43:40
/opt/airflow/dags/nyc_fhv_pipeline.py                                1           0  0.15s           2026-04-30T08:43:42
================================================================================
[2026-04-30T08:44:39.857+0000] {manager.py:878} INFO - 
================================================================================
DAG File Processing Stats

File Path                                   PID    Runtime      # DAGs    # Errors  Last Runtime    Last Run
------------------------------------------  -----  ---------  --------  ----------  --------------  -------------------
/opt/airflow/dags/nyc_fhv_pipeline.py                                1           0  0.42s           2026-04-30T08:44:14
/opt/airflow/dags/nyc_fhv_gold.py                                    1           0  0.37s           2026-04-30T08:44:11
/opt/airflow/dags/nyc_fhv_silver.py                                  1           0  0.35s           2026-04-30T08:44:11
/opt/airflow/dags/nyc_fhv_ingestion.py                               1           0  0.33s           2026-04-30T08:44:13
/opt/airflow/dags/nyc_fhv_quality_check.py                           1           0  0.20s           2026-04-30T08:44:12
================================================================================
[2026-04-30T08:45:09.964+0000] {manager.py:878} INFO - 
================================================================================
DAG File Processing Stats

File Path                                   PID    Runtime      # DAGs    # Errors  Last Runtime    Last Run
------------------------------------------  -----  ---------  --------  ----------  --------------  -------------------
/opt/airflow/dags/nyc_fhv_gold.py                                    1           0  0.25s           2026-04-30T08:44:42
/opt/airflow/dags/nyc_fhv_silver.py                                  1           0  0.24s           2026-04-30T08:44:42
/opt/airflow/dags/nyc_fhv_ingestion.py                               1           0  0.19s           2026-04-30T08:44:44
/opt/airflow/dags/nyc_fhv_quality_check.py                           1           0  0.18s           2026-04-30T08:44:43
/opt/airflow/dags/nyc_fhv_pipeline.py                                1           0  0.18s           2026-04-30T08:44:44
================================================================================
[2026-04-30T08:45:40.881+0000] {manager.py:878} INFO - 
================================================================================
DAG File Processing Stats

File Path                                   PID    Runtime      # DAGs    # Errors  Last Runtime    Last Run
------------------------------------------  -----  ---------  --------  ----------  --------------  -------------------
/opt/airflow/dags/nyc_fhv_quality_check.py                           1           0  0.22s           2026-04-30T08:45:14
/opt/airflow/dags/nyc_fhv_ingestion.py                               1           0  0.18s           2026-04-30T08:45:15
/opt/airflow/dags/nyc_fhv_pipeline.py                                1           0  0.17s           2026-04-30T08:45:15
/opt/airflow/dags/nyc_fhv_gold.py                                    1           0  0.16s           2026-04-30T08:45:13
/opt/airflow/dags/nyc_fhv_silver.py                                  1           0  0.15s           2026-04-30T08:45:13
================================================================================
[2026-04-30T08:46:05.742+0000] {manager.py:737} INFO - Searching for files in /opt/airflow/dags
[2026-04-30T08:46:05.860+0000] {manager.py:740} INFO - There are 5 files in /opt/airflow/dags
[2026-04-30T08:46:10.960+0000] {manager.py:878} INFO - 
================================================================================
DAG File Processing Stats

File Path                                   PID    Runtime      # DAGs    # Errors  Last Runtime    Last Run
------------------------------------------  -----  ---------  --------  ----------  --------------  -------------------
/opt/airflow/dags/nyc_fhv_gold.py                                    1           0  0.28s           2026-04-30T08:45:44
/opt/airflow/dags/nyc_fhv_silver.py                                  1           0  0.27s           2026-04-30T08:45:44
/opt/airflow/dags/nyc_fhv_pipeline.py                                1           0  0.26s           2026-04-30T08:45:46
/opt/airflow/dags/nyc_fhv_ingestion.py                               1           0  0.23s           2026-04-30T08:45:46
/opt/airflow/dags/nyc_fhv_quality_check.py                           1           0  0.19s           2026-04-30T08:45:45
================================================================================
[2026-04-30T08:46:41.869+0000] {manager.py:878} INFO - 
================================================================================
DAG File Processing Stats

File Path                                   PID    Runtime      # DAGs    # Errors  Last Runtime    Last Run
------------------------------------------  -----  ---------  --------  ----------  --------------  -------------------
/opt/airflow/dags/nyc_fhv_pipeline.py                                1           0  0.19s           2026-04-30T08:46:17
/opt/airflow/dags/nyc_fhv_quality_check.py                           1           0  0.19s           2026-04-30T08:46:16
/opt/airflow/dags/nyc_fhv_ingestion.py                               1           0  0.18s           2026-04-30T08:46:17
/opt/airflow/dags/nyc_fhv_gold.py                                    1           0  0.17s           2026-04-30T08:46:15
/opt/airflow/dags/nyc_fhv_silver.py                                  1           0  0.15s           2026-04-30T08:46:15
================================================================================
[2026-04-30T08:47:12.006+0000] {manager.py:878} INFO - 
================================================================================
DAG File Processing Stats

File Path                                   PID    Runtime      # DAGs    # Errors  Last Runtime    Last Run
------------------------------------------  -----  ---------  --------  ----------  --------------  -------------------
/opt/airflow/dags/nyc_fhv_ingestion.py                               1           0  0.27s           2026-04-30T08:46:48
/opt/airflow/dags/nyc_fhv_pipeline.py                                1           0  0.26s           2026-04-30T08:46:48
/opt/airflow/dags/nyc_fhv_gold.py                                    1           0  0.22s           2026-04-30T08:46:46
/opt/airflow/dags/nyc_fhv_silver.py                                  1           0  0.21s           2026-04-30T08:46:46
/opt/airflow/dags/nyc_fhv_quality_check.py                           1           0  0.17s           2026-04-30T08:46:47
================================================================================
[2026-04-30T08:47:42.360+0000] {manager.py:878} INFO - 
================================================================================
DAG File Processing Stats

File Path                                   PID    Runtime      # DAGs    # Errors  Last Runtime    Last Run
------------------------------------------  -----  ---------  --------  ----------  --------------  -------------------
/opt/airflow/dags/nyc_fhv_silver.py                                  1           0  0.30s           2026-04-30T08:47:17
/opt/airflow/dags/nyc_fhv_pipeline.py                                1           0  0.28s           2026-04-30T08:47:18
/opt/airflow/dags/nyc_fhv_gold.py                                    1           0  0.28s           2026-04-30T08:47:17
/opt/airflow/dags/nyc_fhv_ingestion.py                               1           0  0.23s           2026-04-30T08:47:18
/opt/airflow/dags/nyc_fhv_quality_check.py                           1           0  0.19s           2026-04-30T08:47:17
================================================================================
[2026-04-30T08:48:12.476+0000] {manager.py:878} INFO - 
================================================================================
DAG File Processing Stats

File Path                                   PID    Runtime      # DAGs    # Errors  Last Runtime    Last Run
------------------------------------------  -----  ---------  --------  ----------  --------------  -------------------
/opt/airflow/dags/nyc_fhv_pipeline.py                                1           0  0.57s           2026-04-30T08:47:50
/opt/airflow/dags/nyc_fhv_ingestion.py                               1           0  0.55s           2026-04-30T08:47:49
/opt/airflow/dags/nyc_fhv_quality_check.py                           1           0  0.40s           2026-04-30T08:47:48
/opt/airflow/dags/nyc_fhv_silver.py                                  1           0  0.28s           2026-04-30T08:47:47
/opt/airflow/dags/nyc_fhv_gold.py                                    1           0  0.23s           2026-04-30T08:47:47
================================================================================
[2026-04-30T08:48:43.157+0000] {manager.py:878} INFO - 
================================================================================
DAG File Processing Stats

File Path                                   PID    Runtime      # DAGs    # Errors  Last Runtime    Last Run
------------------------------------------  -----  ---------  --------  ----------  --------------  -------------------
/opt/airflow/dags/nyc_fhv_quality_check.py                           1           0  0.46s           2026-04-30T08:48:18
/opt/airflow/dags/nyc_fhv_pipeline.py                                1           0  0.28s           2026-04-30T08:48:20
/opt/airflow/dags/nyc_fhv_silver.py                                  1           0  0.26s           2026-04-30T08:48:18
/opt/airflow/dags/nyc_fhv_ingestion.py                               1           0  0.25s           2026-04-30T08:48:20
/opt/airflow/dags/nyc_fhv_gold.py                                    1           0  0.20s           2026-04-30T08:48:17
================================================================================
[2026-04-30T08:49:14.058+0000] {manager.py:878} INFO - 
================================================================================
DAG File Processing Stats

File Path                                   PID    Runtime      # DAGs    # Errors  Last Runtime    Last Run
------------------------------------------  -----  ---------  --------  ----------  --------------  -------------------
/opt/airflow/dags/nyc_fhv_gold.py                                    1           0  0.31s           2026-04-30T08:48:48
/opt/airflow/dags/nyc_fhv_silver.py                                  1           0  0.28s           2026-04-30T08:48:48
/opt/airflow/dags/nyc_fhv_pipeline.py                                1           0  0.27s           2026-04-30T08:48:51
/opt/airflow/dags/nyc_fhv_ingestion.py                               1           0  0.25s           2026-04-30T08:48:51
/opt/airflow/dags/nyc_fhv_quality_check.py                           1           0  0.22s           2026-04-30T08:48:49
================================================================================
[2026-04-30T08:49:45.011+0000] {manager.py:878} INFO - 
================================================================================
DAG File Processing Stats

File Path                                   PID    Runtime      # DAGs    # Errors  Last Runtime    Last Run
------------------------------------------  -----  ---------  --------  ----------  --------------  -------------------
/opt/airflow/dags/nyc_fhv_silver.py                                  1           0  0.37s           2026-04-30T08:49:19
/opt/airflow/dags/nyc_fhv_gold.py                                    1           0  0.36s           2026-04-30T08:49:19
/opt/airflow/dags/nyc_fhv_ingestion.py                               1           0  0.28s           2026-04-30T08:49:22
/opt/airflow/dags/nyc_fhv_pipeline.py                                1           0  0.27s           2026-04-30T08:49:22
/opt/airflow/dags/nyc_fhv_quality_check.py                           1           0  0.18s           2026-04-30T08:49:20
================================================================================
[2026-04-30T08:49:55.796+0000] {manager.py:452} INFO - Exiting gracefully upon receiving signal 15
[2026-04-30T08:50:26.674+0000] {manager.py:470} INFO - Processing files using up to 2 processes at a time 
[2026-04-30T08:50:26.677+0000] {manager.py:471} INFO - Process each file at most once every 30 seconds
[2026-04-30T08:50:26.679+0000] {manager.py:472} INFO - Checking for new files in /opt/airflow/dags every 300 seconds
[2026-04-30T08:50:26.681+0000] {manager.py:737} INFO - Searching for files in /opt/airflow/dags
[2026-04-30T08:50:26.816+0000] {manager.py:740} INFO - There are 5 files in /opt/airflow/dags
[2026-04-30T08:50:26.949+0000] {manager.py:878} INFO - 
================================================================================
DAG File Processing Stats

File Path                                     PID  Runtime      # DAGs    # Errors  Last Runtime    Last Run
------------------------------------------  -----  ---------  --------  ----------  --------------  ----------
/opt/airflow/dags/nyc_fhv_gold.py              81  0.06s             0           0
/opt/airflow/dags/nyc_fhv_ingestion.py                               0           0
/opt/airflow/dags/nyc_fhv_pipeline.py                                0           0
/opt/airflow/dags/nyc_fhv_quality_check.py                           0           0
/opt/airflow/dags/nyc_fhv_silver.py            82  0.04s             0           0
================================================================================
[2026-04-30T08:50:57.031+0000] {manager.py:878} INFO - 
================================================================================
DAG File Processing Stats

File Path                                   PID    Runtime      # DAGs    # Errors  Last Runtime    Last Run
------------------------------------------  -----  ---------  --------  ----------  --------------  -------------------
/opt/airflow/dags/nyc_fhv_pipeline.py                                1           0  0.23s           2026-04-30T08:50:27
/opt/airflow/dags/nyc_fhv_ingestion.py                               1           0  0.22s           2026-04-30T08:50:27
/opt/airflow/dags/nyc_fhv_silver.py                                  1           0  0.22s           2026-04-30T08:50:27
/opt/airflow/dags/nyc_fhv_gold.py                                    1           0  0.21s           2026-04-30T08:50:27
/opt/airflow/dags/nyc_fhv_quality_check.py                           1           0  0.20s           2026-04-30T08:50:27
================================================================================
[2026-04-30T08:51:27.486+0000] {manager.py:878} INFO - 
================================================================================
DAG File Processing Stats

File Path                                   PID    Runtime      # DAGs    # Errors  Last Runtime    Last Run
------------------------------------------  -----  ---------  --------  ----------  --------------  -------------------
/opt/airflow/dags/nyc_fhv_ingestion.py                               1           0  0.96s           2026-04-30T08:50:59
/opt/airflow/dags/nyc_fhv_pipeline.py                                1           0  0.92s           2026-04-30T08:51:00
/opt/airflow/dags/nyc_fhv_quality_check.py                           1           0  0.49s           2026-04-30T08:50:58
/opt/airflow/dags/nyc_fhv_gold.py                                    1           0  0.41s           2026-04-30T08:50:58
/opt/airflow/dags/nyc_fhv_silver.py                                  1           0  0.23s           2026-04-30T08:50:58
================================================================================
[2026-04-30T08:51:58.056+0000] {manager.py:878} INFO - 
================================================================================
DAG File Processing Stats

File Path                                   PID    Runtime      # DAGs    # Errors  Last Runtime    Last Run
------------------------------------------  -----  ---------  --------  ----------  --------------  -------------------
/opt/airflow/dags/nyc_fhv_gold.py                                    1           0  0.93s           2026-04-30T08:51:29
/opt/airflow/dags/nyc_fhv_silver.py                                  1           0  0.88s           2026-04-30T08:51:29
/opt/airflow/dags/nyc_fhv_quality_check.py                           1           0  0.55s           2026-04-30T08:51:30
/opt/airflow/dags/nyc_fhv_pipeline.py                                1           0  0.26s           2026-04-30T08:51:30
/opt/airflow/dags/nyc_fhv_ingestion.py                               1           0  0.23s           2026-04-30T08:51:30
================================================================================
[2026-04-30T08:52:28.102+0000] {manager.py:878} INFO - 
================================================================================
DAG File Processing Stats

File Path                                   PID    Runtime      # DAGs    # Errors  Last Runtime    Last Run
------------------------------------------  -----  ---------  --------  ----------  --------------  -------------------
/opt/airflow/dags/nyc_fhv_ingestion.py                               1           0  0.57s           2026-04-30T08:52:01
/opt/airflow/dags/nyc_fhv_pipeline.py                                1           0  0.52s           2026-04-30T08:52:01
/opt/airflow/dags/nyc_fhv_gold.py                                    1           0  0.49s           2026-04-30T08:52:00
/opt/airflow/dags/nyc_fhv_quality_check.py                           1           0  0.42s           2026-04-30T08:52:01
/opt/airflow/dags/nyc_fhv_silver.py                                  1           0  0.42s           2026-04-30T08:52:00
================================================================================
[2026-04-30T08:52:30.314+0000] {manager.py:452} INFO - Exiting gracefully upon receiving signal 15
[2026-04-30T08:53:05.471+0000] {manager.py:470} INFO - Processing files using up to 2 processes at a time 
[2026-04-30T08:53:05.477+0000] {manager.py:471} INFO - Process each file at most once every 30 seconds
[2026-04-30T08:53:05.479+0000] {manager.py:472} INFO - Checking for new files in /opt/airflow/dags every 300 seconds
[2026-04-30T08:53:05.481+0000] {manager.py:737} INFO - Searching for files in /opt/airflow/dags
[2026-04-30T08:53:05.693+0000] {manager.py:740} INFO - There are 5 files in /opt/airflow/dags
[2026-04-30T08:53:05.909+0000] {manager.py:878} INFO - 
================================================================================
DAG File Processing Stats

File Path                                     PID  Runtime      # DAGs    # Errors  Last Runtime    Last Run
------------------------------------------  -----  ---------  --------  ----------  --------------  ----------
/opt/airflow/dags/nyc_fhv_gold.py              87  0.11s             0           0
/opt/airflow/dags/nyc_fhv_ingestion.py                               0           0
/opt/airflow/dags/nyc_fhv_pipeline.py                                0           0
/opt/airflow/dags/nyc_fhv_quality_check.py                           0           0
/opt/airflow/dags/nyc_fhv_silver.py            88  0.08s             0           0
================================================================================
[2026-04-30T08:53:36.566+0000] {manager.py:878} INFO - 
================================================================================
DAG File Processing Stats

File Path                                     PID  Runtime      # DAGs    # Errors  Last Runtime    Last Run
------------------------------------------  -----  ---------  --------  ----------  --------------  -------------------
/opt/airflow/dags/nyc_fhv_silver.py            99  0.01s             1           0  0.36s           2026-04-30T08:53:06
/opt/airflow/dags/nyc_fhv_gold.py              98  0.08s             1           0  0.34s           2026-04-30T08:53:06
/opt/airflow/dags/nyc_fhv_quality_check.py                           1           0  0.32s           2026-04-30T08:53:06
/opt/airflow/dags/nyc_fhv_pipeline.py                                1           0  0.24s           2026-04-30T08:53:06
/opt/airflow/dags/nyc_fhv_ingestion.py                               1           0  0.23s           2026-04-30T08:53:06
================================================================================
[2026-04-30T08:54:06.708+0000] {manager.py:878} INFO - 
================================================================================
DAG File Processing Stats

File Path                                   PID    Runtime      # DAGs    # Errors  Last Runtime    Last Run
------------------------------------------  -----  ---------  --------  ----------  --------------  -------------------
/opt/airflow/dags/nyc_fhv_ingestion.py                               1           0  0.38s           2026-04-30T08:53:37
/opt/airflow/dags/nyc_fhv_gold.py                                    1           0  0.36s           2026-04-30T08:53:36
/opt/airflow/dags/nyc_fhv_pipeline.py                                1           0  0.36s           2026-04-30T08:53:37
/opt/airflow/dags/nyc_fhv_silver.py                                  1           0  0.33s           2026-04-30T08:53:36
/opt/airflow/dags/nyc_fhv_quality_check.py                           1           0  0.27s           2026-04-30T08:53:37
================================================================================
[2026-04-30T08:54:37.221+0000] {manager.py:878} INFO - 
================================================================================
DAG File Processing Stats

File Path                                   PID    Runtime      # DAGs    # Errors  Last Runtime    Last Run
------------------------------------------  -----  ---------  --------  ----------  --------------  -------------------
/opt/airflow/dags/nyc_fhv_pipeline.py                                1           0  0.36s           2026-04-30T08:54:08
/opt/airflow/dags/nyc_fhv_silver.py                                  1           0  0.36s           2026-04-30T08:54:07
/opt/airflow/dags/nyc_fhv_ingestion.py                               1           0  0.34s           2026-04-30T08:54:08
/opt/airflow/dags/nyc_fhv_gold.py                                    1           0  0.33s           2026-04-30T08:54:07
/opt/airflow/dags/nyc_fhv_quality_check.py                           1           0  0.31s           2026-04-30T08:54:08
================================================================================
[2026-04-30T08:55:07.793+0000] {manager.py:878} INFO - 
================================================================================
DAG File Processing Stats

File Path                                   PID    Runtime      # DAGs    # Errors  Last Runtime    Last Run
------------------------------------------  -----  ---------  --------  ----------  --------------  -------------------
/opt/airflow/dags/nyc_fhv_pipeline.py                                1           0  0.31s           2026-04-30T08:54:39
/opt/airflow/dags/nyc_fhv_ingestion.py                               1           0  0.30s           2026-04-30T08:54:39
/opt/airflow/dags/nyc_fhv_quality_check.py                           1           0  0.20s           2026-04-30T08:54:38
/opt/airflow/dags/nyc_fhv_silver.py                                  1           0  0.20s           2026-04-30T08:54:38
/opt/airflow/dags/nyc_fhv_gold.py                                    1           0  0.19s           2026-04-30T08:54:38
================================================================================
[2026-04-30T08:55:14.425+0000] {manager.py:452} INFO - Exiting gracefully upon receiving signal 15
[2026-04-30T08:57:35.426+0000] {manager.py:470} INFO - Processing files using up to 2 processes at a time 
[2026-04-30T08:57:35.428+0000] {manager.py:471} INFO - Process each file at most once every 30 seconds
[2026-04-30T08:57:35.432+0000] {manager.py:472} INFO - Checking for new files in /opt/airflow/dags every 300 seconds
[2026-04-30T08:57:35.435+0000] {manager.py:737} INFO - Searching for files in /opt/airflow/dags
[2026-04-30T08:57:35.619+0000] {manager.py:740} INFO - There are 5 files in /opt/airflow/dags
[2026-04-30T08:57:35.846+0000] {manager.py:878} INFO - 
================================================================================
DAG File Processing Stats

File Path                                     PID  Runtime      # DAGs    # Errors  Last Runtime    Last Run
------------------------------------------  -----  ---------  --------  ----------  --------------  ----------
/opt/airflow/dags/nyc_fhv_gold.py              88  0.09s             0           0
/opt/airflow/dags/nyc_fhv_ingestion.py                               0           0
/opt/airflow/dags/nyc_fhv_pipeline.py                                0           0
/opt/airflow/dags/nyc_fhv_quality_check.py                           0           0
/opt/airflow/dags/nyc_fhv_silver.py            89  0.07s             0           0
================================================================================
[2026-04-30T08:58:05.861+0000] {manager.py:878} INFO - 
================================================================================
DAG File Processing Stats

File Path                                   PID    Runtime      # DAGs    # Errors  Last Runtime    Last Run
------------------------------------------  -----  ---------  --------  ----------  --------------  -------------------
/opt/airflow/dags/nyc_fhv_gold.py                                    1           0  0.68s           2026-04-30T08:57:36
/opt/airflow/dags/nyc_fhv_silver.py                                  1           0  0.62s           2026-04-30T08:57:36
/opt/airflow/dags/nyc_fhv_quality_check.py                           1           0  0.47s           2026-04-30T08:57:36
/opt/airflow/dags/nyc_fhv_pipeline.py                                1           0  0.41s           2026-04-30T08:57:37
/opt/airflow/dags/nyc_fhv_ingestion.py                               1           0  0.41s           2026-04-30T08:57:37
================================================================================
[2026-04-30T08:58:35.874+0000] {manager.py:878} INFO - 
================================================================================
DAG File Processing Stats

File Path                                   PID    Runtime      # DAGs    # Errors  Last Runtime    Last Run
------------------------------------------  -----  ---------  --------  ----------  --------------  -------------------
/opt/airflow/dags/nyc_fhv_quality_check.py                           1           0  0.34s           2026-04-30T08:58:08
/opt/airflow/dags/nyc_fhv_ingestion.py                               1           0  0.32s           2026-04-30T08:58:08
/opt/airflow/dags/nyc_fhv_silver.py                                  1           0  0.23s           2026-04-30T08:58:06
/opt/airflow/dags/nyc_fhv_gold.py                                    1           0  0.22s           2026-04-30T08:58:06
/opt/airflow/dags/nyc_fhv_pipeline.py                                1           0  0.17s           2026-04-30T08:58:08
================================================================================
[2026-04-30T08:59:06.415+0000] {manager.py:878} INFO - 
================================================================================
DAG File Processing Stats

File Path                                   PID    Runtime      # DAGs    # Errors  Last Runtime    Last Run
------------------------------------------  -----  ---------  --------  ----------  --------------  -------------------
/opt/airflow/dags/nyc_fhv_ingestion.py                               1           0  0.50s           2026-04-30T08:58:38
/opt/airflow/dags/nyc_fhv_gold.py                                    1           0  0.40s           2026-04-30T08:58:37
/opt/airflow/dags/nyc_fhv_quality_check.py                           1           0  0.37s           2026-04-30T08:58:38
/opt/airflow/dags/nyc_fhv_silver.py                                  1           0  0.34s           2026-04-30T08:58:37
/opt/airflow/dags/nyc_fhv_pipeline.py                                1           0  0.23s           2026-04-30T08:58:38
================================================================================
[2026-04-30T08:59:36.784+0000] {manager.py:878} INFO - 
================================================================================
DAG File Processing Stats

File Path                                   PID    Runtime      # DAGs    # Errors  Last Runtime    Last Run
------------------------------------------  -----  ---------  --------  ----------  --------------  -------------------
/opt/airflow/dags/nyc_fhv_pipeline.py                                1           0  0.54s           2026-04-30T08:59:10
/opt/airflow/dags/nyc_fhv_ingestion.py                               1           0  0.38s           2026-04-30T08:59:09
/opt/airflow/dags/nyc_fhv_quality_check.py                           1           0  0.34s           2026-04-30T08:59:09
/opt/airflow/dags/nyc_fhv_gold.py                                    1           0  0.24s           2026-04-30T08:59:07
/opt/airflow/dags/nyc_fhv_silver.py                                  1           0  0.23s           2026-04-30T08:59:07
================================================================================
[2026-04-30T09:00:06.842+0000] {manager.py:878} INFO - 
================================================================================
DAG File Processing Stats

File Path                                   PID    Runtime      # DAGs    # Errors  Last Runtime    Last Run
------------------------------------------  -----  ---------  --------  ----------  --------------  -------------------
/opt/airflow/dags/nyc_fhv_pipeline.py                                1           0  0.24s           2026-04-30T08:59:41
/opt/airflow/dags/nyc_fhv_gold.py                                    1           0  0.19s           2026-04-30T08:59:38
/opt/airflow/dags/nyc_fhv_quality_check.py                           1           0  0.18s           2026-04-30T08:59:40
/opt/airflow/dags/nyc_fhv_ingestion.py                               1           0  0.18s           2026-04-30T08:59:40
/opt/airflow/dags/nyc_fhv_silver.py                                  1           0  0.17s           2026-04-30T08:59:38
================================================================================
[2026-04-30T09:00:37.604+0000] {manager.py:878} INFO - 
================================================================================
DAG File Processing Stats

File Path                                   PID    Runtime      # DAGs    # Errors  Last Runtime    Last Run
------------------------------------------  -----  ---------  --------  ----------  --------------  -------------------
/opt/airflow/dags/nyc_fhv_gold.py                                    1           0  0.19s           2026-04-30T09:00:08
/opt/airflow/dags/nyc_fhv_silver.py                                  1           0  0.19s           2026-04-30T09:00:08
/opt/airflow/dags/nyc_fhv_quality_check.py                           1           0  0.18s           2026-04-30T09:00:11
/opt/airflow/dags/nyc_fhv_pipeline.py                                1           0  0.17s           2026-04-30T09:00:12
/opt/airflow/dags/nyc_fhv_ingestion.py                               1           0  0.16s           2026-04-30T09:00:11
================================================================================
[2026-04-30T09:01:08.400+0000] {manager.py:878} INFO - 
================================================================================
DAG File Processing Stats

File Path                                   PID    Runtime      # DAGs    # Errors  Last Runtime    Last Run
------------------------------------------  -----  ---------  --------  ----------  --------------  -------------------
/opt/airflow/dags/nyc_fhv_gold.py                                    1           0  0.21s           2026-04-30T09:00:39
/opt/airflow/dags/nyc_fhv_silver.py                                  1           0  0.20s           2026-04-30T09:00:39
/opt/airflow/dags/nyc_fhv_pipeline.py                                1           0  0.19s           2026-04-30T09:00:43
/opt/airflow/dags/nyc_fhv_quality_check.py                           1           0  0.18s           2026-04-30T09:00:41
/opt/airflow/dags/nyc_fhv_ingestion.py                               1           0  0.16s           2026-04-30T09:00:41
================================================================================
[2026-04-30T09:01:38.580+0000] {manager.py:878} INFO - 
================================================================================
DAG File Processing Stats

File Path                                   PID    Runtime      # DAGs    # Errors  Last Runtime    Last Run
------------------------------------------  -----  ---------  --------  ----------  --------------  -------------------
/opt/airflow/dags/nyc_fhv_pipeline.py                                1           0  0.24s           2026-04-30T09:01:13
/opt/airflow/dags/nyc_fhv_gold.py                                    1           0  0.23s           2026-04-30T09:01:10
/opt/airflow/dags/nyc_fhv_quality_check.py                           1           0  0.21s           2026-04-30T09:01:12
/opt/airflow/dags/nyc_fhv_silver.py                                  1           0  0.19s           2026-04-30T09:01:10
/opt/airflow/dags/nyc_fhv_ingestion.py                               1           0  0.19s           2026-04-30T09:01:12
================================================================================
[2026-04-30T09:02:09.106+0000] {manager.py:878} INFO - 
================================================================================
DAG File Processing Stats

File Path                                   PID    Runtime      # DAGs    # Errors  Last Runtime    Last Run
------------------------------------------  -----  ---------  --------  ----------  --------------  -------------------
/opt/airflow/dags/nyc_fhv_pipeline.py                                1           0  0.21s           2026-04-30T09:01:44
/opt/airflow/dags/nyc_fhv_gold.py                                    1           0  0.20s           2026-04-30T09:01:41
/opt/airflow/dags/nyc_fhv_silver.py                                  1           0  0.19s           2026-04-30T09:01:41
/opt/airflow/dags/nyc_fhv_ingestion.py                               1           0  0.19s           2026-04-30T09:01:43
/opt/airflow/dags/nyc_fhv_quality_check.py                           1           0  0.18s           2026-04-30T09:01:43
================================================================================
[2026-04-30T09:02:36.284+0000] {manager.py:737} INFO - Searching for files in /opt/airflow/dags
[2026-04-30T09:02:36.412+0000] {manager.py:740} INFO - There are 5 files in /opt/airflow/dags
[2026-04-30T09:02:39.486+0000] {manager.py:878} INFO - 
================================================================================
DAG File Processing Stats

File Path                                   PID    Runtime      # DAGs    # Errors  Last Runtime    Last Run
------------------------------------------  -----  ---------  --------  ----------  --------------  -------------------
/opt/airflow/dags/nyc_fhv_pipeline.py                                1           0  0.48s           2026-04-30T09:02:16
/opt/airflow/dags/nyc_fhv_silver.py                                  1           0  0.22s           2026-04-30T09:02:12
/opt/airflow/dags/nyc_fhv_gold.py                                    1           0  0.22s           2026-04-30T09:02:12
/opt/airflow/dags/nyc_fhv_ingestion.py                               1           0  0.22s           2026-04-30T09:02:14
/opt/airflow/dags/nyc_fhv_quality_check.py                           1           0  0.21s           2026-04-30T09:02:14
================================================================================
[2026-04-30T09:03:09.784+0000] {manager.py:878} INFO - 
================================================================================
DAG File Processing Stats

File Path                                   PID    Runtime      # DAGs    # Errors  Last Runtime    Last Run
------------------------------------------  -----  ---------  --------  ----------  --------------  -------------------
/opt/airflow/dags/nyc_fhv_ingestion.py                               1           0  0.26s           2026-04-30T09:02:45
/opt/airflow/dags/nyc_fhv_quality_check.py                           1           0  0.24s           2026-04-30T09:02:45
/opt/airflow/dags/nyc_fhv_pipeline.py                                1           0  0.24s           2026-04-30T09:02:46
/opt/airflow/dags/nyc_fhv_gold.py                                    1           0  0.19s           2026-04-30T09:02:42
/opt/airflow/dags/nyc_fhv_silver.py                                  1           0  0.19s           2026-04-30T09:02:42
================================================================================
[2026-04-30T09:03:40.112+0000] {manager.py:878} INFO - 
================================================================================
DAG File Processing Stats

File Path                                   PID    Runtime      # DAGs    # Errors  Last Runtime    Last Run
------------------------------------------  -----  ---------  --------  ----------  --------------  -------------------
/opt/airflow/dags/nyc_fhv_pipeline.py                                1           0  0.25s           2026-04-30T09:03:16
/opt/airflow/dags/nyc_fhv_ingestion.py                               1           0  0.23s           2026-04-30T09:03:15
/opt/airflow/dags/nyc_fhv_quality_check.py                           1           0  0.20s           2026-04-30T09:03:15
/opt/airflow/dags/nyc_fhv_gold.py                                    1           0  0.19s           2026-04-30T09:03:13
/opt/airflow/dags/nyc_fhv_silver.py                                  1           0  0.17s           2026-04-30T09:03:13
================================================================================
[2026-04-30T09:04:10.640+0000] {manager.py:878} INFO - 
================================================================================
DAG File Processing Stats

File Path                                   PID    Runtime      # DAGs    # Errors  Last Runtime    Last Run
------------------------------------------  -----  ---------  --------  ----------  --------------  -------------------
/opt/airflow/dags/nyc_fhv_ingestion.py                               1           0  0.34s           2026-04-30T09:03:46
/opt/airflow/dags/nyc_fhv_quality_check.py                           1           0  0.27s           2026-04-30T09:03:45
/opt/airflow/dags/nyc_fhv_pipeline.py                                1           0  0.24s           2026-04-30T09:03:47
/opt/airflow/dags/nyc_fhv_gold.py                                    1           0  0.20s           2026-04-30T09:03:43
/opt/airflow/dags/nyc_fhv_silver.py                                  1           0  0.19s           2026-04-30T09:03:43
================================================================================
[2026-04-30T09:04:40.955+0000] {manager.py:878} INFO - 
================================================================================
DAG File Processing Stats

File Path                                   PID    Runtime      # DAGs    # Errors  Last Runtime    Last Run
------------------------------------------  -----  ---------  --------  ----------  --------------  -------------------
/opt/airflow/dags/nyc_fhv_quality_check.py                           1           0  0.32s           2026-04-30T09:04:16
/opt/airflow/dags/nyc_fhv_ingestion.py                               1           0  0.27s           2026-04-30T09:04:16
/opt/airflow/dags/nyc_fhv_pipeline.py                                1           0  0.25s           2026-04-30T09:04:17
/opt/airflow/dags/nyc_fhv_gold.py                                    1           0  0.17s           2026-04-30T09:04:13
/opt/airflow/dags/nyc_fhv_silver.py                                  1           0  0.17s           2026-04-30T09:04:13
================================================================================
[2026-04-30T09:05:11.254+0000] {manager.py:878} INFO - 
================================================================================
DAG File Processing Stats

File Path                                   PID    Runtime      # DAGs    # Errors  Last Runtime    Last Run
------------------------------------------  -----  ---------  --------  ----------  --------------  -------------------
/opt/airflow/dags/nyc_fhv_pipeline.py                                1           0  0.23s           2026-04-30T09:04:48
/opt/airflow/dags/nyc_fhv_quality_check.py                           1           0  0.23s           2026-04-30T09:04:46
/opt/airflow/dags/nyc_fhv_gold.py                                    1           0  0.20s           2026-04-30T09:04:44
/opt/airflow/dags/nyc_fhv_silver.py                                  1           0  0.20s           2026-04-30T09:04:44
/opt/airflow/dags/nyc_fhv_ingestion.py                               1           0  0.18s           2026-04-30T09:04:46
================================================================================
[2026-04-30T09:05:42.007+0000] {manager.py:878} INFO - 
================================================================================
DAG File Processing Stats

File Path                                   PID    Runtime      # DAGs    # Errors  Last Runtime    Last Run
------------------------------------------  -----  ---------  --------  ----------  --------------  -------------------
/opt/airflow/dags/nyc_fhv_gold.py                                    1           0  0.42s           2026-04-30T09:05:14
/opt/airflow/dags/nyc_fhv_silver.py                                  1           0  0.42s           2026-04-30T09:05:14
/opt/airflow/dags/nyc_fhv_pipeline.py                                1           0  0.30s           2026-04-30T09:05:19
/opt/airflow/dags/nyc_fhv_ingestion.py                               1           0  0.19s           2026-04-30T09:05:17
/opt/airflow/dags/nyc_fhv_quality_check.py                           1           0  0.18s           2026-04-30T09:05:16
================================================================================
[2026-04-30T09:06:12.793+0000] {manager.py:878} INFO - 
================================================================================
DAG File Processing Stats

File Path                                   PID    Runtime      # DAGs    # Errors  Last Runtime    Last Run
------------------------------------------  -----  ---------  --------  ----------  --------------  -------------------
/opt/airflow/dags/nyc_fhv_silver.py                                  1           0  0.36s           2026-04-30T09:05:45
/opt/airflow/dags/nyc_fhv_pipeline.py                                1           0  0.36s           2026-04-30T09:05:49
/opt/airflow/dags/nyc_fhv_gold.py                                    1           0  0.32s           2026-04-30T09:05:45
/opt/airflow/dags/nyc_fhv_quality_check.py                           1           0  0.25s           2026-04-30T09:05:47
/opt/airflow/dags/nyc_fhv_ingestion.py                               1           0  0.20s           2026-04-30T09:05:47
================================================================================
[2026-04-30T09:06:43.733+0000] {manager.py:878} INFO - 
================================================================================
DAG File Processing Stats

File Path                                   PID    Runtime      # DAGs    # Errors  Last Runtime    Last Run
------------------------------------------  -----  ---------  --------  ----------  --------------  -------------------
/opt/airflow/dags/nyc_fhv_gold.py                                    1           0  0.32s           2026-04-30T09:06:16
/opt/airflow/dags/nyc_fhv_silver.py                                  1           0  0.31s           2026-04-30T09:06:16
/opt/airflow/dags/nyc_fhv_pipeline.py                                1           0  0.27s           2026-04-30T09:06:20
/opt/airflow/dags/nyc_fhv_ingestion.py                               1           0  0.23s           2026-04-30T09:06:18
/opt/airflow/dags/nyc_fhv_quality_check.py                           1           0  0.19s           2026-04-30T09:06:18
================================================================================
[2026-04-30T09:07:14.069+0000] {manager.py:878} INFO - 
================================================================================
DAG File Processing Stats

File Path                                   PID    Runtime      # DAGs    # Errors  Last Runtime    Last Run
------------------------------------------  -----  ---------  --------  ----------  --------------  -------------------
/opt/airflow/dags/nyc_fhv_pipeline.py                                1           0  0.22s           2026-04-30T09:06:51
/opt/airflow/dags/nyc_fhv_silver.py                                  1           0  0.21s           2026-04-30T09:06:47
/opt/airflow/dags/nyc_fhv_gold.py                                    1           0  0.20s           2026-04-30T09:06:47
/opt/airflow/dags/nyc_fhv_quality_check.py                           1           0  0.19s           2026-04-30T09:06:49
/opt/airflow/dags/nyc_fhv_ingestion.py                               1           0  0.19s           2026-04-30T09:06:49
================================================================================
[2026-04-30T09:07:36.902+0000] {manager.py:737} INFO - Searching for files in /opt/airflow/dags
[2026-04-30T09:07:37.039+0000] {manager.py:740} INFO - There are 5 files in /opt/airflow/dags
[2026-04-30T09:07:44.171+0000] {manager.py:878} INFO - 
================================================================================
DAG File Processing Stats

File Path                                   PID    Runtime      # DAGs    # Errors  Last Runtime    Last Run
------------------------------------------  -----  ---------  --------  ----------  --------------  -------------------
/opt/airflow/dags/nyc_fhv_pipeline.py                                1           0  0.27s           2026-04-30T09:07:21
/opt/airflow/dags/nyc_fhv_quality_check.py                           1           0  0.24s           2026-04-30T09:07:19
/opt/airflow/dags/nyc_fhv_ingestion.py                               1           0  0.18s           2026-04-30T09:07:19
/opt/airflow/dags/nyc_fhv_gold.py                                    1           0  0.17s           2026-04-30T09:07:17
/opt/airflow/dags/nyc_fhv_silver.py                                  1           0  0.17s           2026-04-30T09:07:17
================================================================================
[2026-04-30T09:08:14.258+0000] {manager.py:878} INFO - 
================================================================================
DAG File Processing Stats

File Path                                   PID    Runtime      # DAGs    # Errors  Last Runtime    Last Run
------------------------------------------  -----  ---------  --------  ----------  --------------  -------------------
/opt/airflow/dags/nyc_fhv_pipeline.py                                1           0  0.23s           2026-04-30T09:07:52
/opt/airflow/dags/nyc_fhv_quality_check.py                           1           0  0.19s           2026-04-30T09:07:50
/opt/airflow/dags/nyc_fhv_ingestion.py                               1           0  0.18s           2026-04-30T09:07:50
/opt/airflow/dags/nyc_fhv_gold.py                                    1           0  0.16s           2026-04-30T09:07:48
/opt/airflow/dags/nyc_fhv_silver.py                                  1           0  0.16s           2026-04-30T09:07:48
================================================================================
[2026-04-30T09:08:44.459+0000] {manager.py:878} INFO - 
================================================================================
DAG File Processing Stats

File Path                                   PID    Runtime      # DAGs    # Errors  Last Runtime    Last Run
------------------------------------------  -----  ---------  --------  ----------  --------------  -------------------
/opt/airflow/dags/nyc_fhv_ingestion.py                               1           0  0.25s           2026-04-30T09:08:21
/opt/airflow/dags/nyc_fhv_quality_check.py                           1           0  0.23s           2026-04-30T09:08:21
/opt/airflow/dags/nyc_fhv_pipeline.py                                1           0  0.22s           2026-04-30T09:08:23
/opt/airflow/dags/nyc_fhv_gold.py                                    1           0  0.20s           2026-04-30T09:08:19
/opt/airflow/dags/nyc_fhv_silver.py                                  1           0  0.19s           2026-04-30T09:08:19
================================================================================
[2026-04-30T09:09:15.208+0000] {manager.py:878} INFO - 
================================================================================
DAG File Processing Stats

File Path                                   PID    Runtime      # DAGs    # Errors  Last Runtime    Last Run
------------------------------------------  -----  ---------  --------  ----------  --------------  -------------------
/opt/airflow/dags/nyc_fhv_pipeline.py                                1           0  0.20s           2026-04-30T09:08:53
/opt/airflow/dags/nyc_fhv_quality_check.py                           1           0  0.20s           2026-04-30T09:08:52
/opt/airflow/dags/nyc_fhv_ingestion.py                               1           0  0.17s           2026-04-30T09:08:52
/opt/airflow/dags/nyc_fhv_gold.py                                    1           0  0.16s           2026-04-30T09:08:50
/opt/airflow/dags/nyc_fhv_silver.py                                  1           0  0.15s           2026-04-30T09:08:50
================================================================================
[2026-04-30T09:09:45.250+0000] {manager.py:878} INFO - 
================================================================================
DAG File Processing Stats

File Path                                   PID    Runtime      # DAGs    # Errors  Last Runtime    Last Run
------------------------------------------  -----  ---------  --------  ----------  --------------  -------------------
/opt/airflow/dags/nyc_fhv_quality_check.py                           1           0  0.22s           2026-04-30T09:09:23
/opt/airflow/dags/nyc_fhv_pipeline.py                                1           0  0.22s           2026-04-30T09:09:24
/opt/airflow/dags/nyc_fhv_ingestion.py                               1           0  0.19s           2026-04-30T09:09:23
/opt/airflow/dags/nyc_fhv_gold.py                                    1           0  0.18s           2026-04-30T09:09:21
/opt/airflow/dags/nyc_fhv_silver.py                                  1           0  0.18s           2026-04-30T09:09:21
================================================================================
[2026-04-30T09:10:15.550+0000] {manager.py:878} INFO - 
================================================================================
DAG File Processing Stats

File Path                                   PID    Runtime      # DAGs    # Errors  Last Runtime    Last Run
------------------------------------------  -----  ---------  --------  ----------  --------------  -------------------
/opt/airflow/dags/nyc_fhv_pipeline.py                                1           0  0.43s           2026-04-30T09:09:56
/opt/airflow/dags/nyc_fhv_gold.py                                    1           0  0.24s           2026-04-30T09:09:52
/opt/airflow/dags/nyc_fhv_quality_check.py                           1           0  0.19s           2026-04-30T09:09:54
/opt/airflow/dags/nyc_fhv_silver.py                                  1           0  0.19s           2026-04-30T09:09:52
/opt/airflow/dags/nyc_fhv_ingestion.py                               1           0  0.18s           2026-04-30T09:09:54
================================================================================
[2026-04-30T09:10:46.433+0000] {manager.py:878} INFO - 
================================================================================
DAG File Processing Stats

File Path                                   PID    Runtime      # DAGs    # Errors  Last Runtime    Last Run
------------------------------------------  -----  ---------  --------  ----------  --------------  -------------------
/opt/airflow/dags/nyc_fhv_pipeline.py                                1           0  0.26s           2026-04-30T09:10:27
/opt/airflow/dags/nyc_fhv_silver.py                                  1           0  0.25s           2026-04-30T09:10:22
/opt/airflow/dags/nyc_fhv_gold.py                                    1           0  0.25s           2026-04-30T09:10:22
/opt/airflow/dags/nyc_fhv_quality_check.py                           1           0  0.20s           2026-04-30T09:10:24
/opt/airflow/dags/nyc_fhv_ingestion.py                               1           0  0.19s           2026-04-30T09:10:24
================================================================================
[2026-04-30T09:11:16.448+0000] {manager.py:878} INFO - 
================================================================================
DAG File Processing Stats

File Path                                   PID    Runtime      # DAGs    # Errors  Last Runtime    Last Run
------------------------------------------  -----  ---------  --------  ----------  --------------  -------------------
/opt/airflow/dags/nyc_fhv_ingestion.py                               1           0  0.37s           2026-04-30T09:10:56
/opt/airflow/dags/nyc_fhv_quality_check.py                           1           0  0.31s           2026-04-30T09:10:56
/opt/airflow/dags/nyc_fhv_pipeline.py                                1           0  0.22s           2026-04-30T09:10:57
/opt/airflow/dags/nyc_fhv_gold.py                                    1           0  0.17s           2026-04-30T09:10:53
/opt/airflow/dags/nyc_fhv_silver.py                                  1           0  0.16s           2026-04-30T09:10:53
================================================================================
[2026-04-30T09:11:46.495+0000] {manager.py:878} INFO - 
================================================================================
DAG File Processing Stats

File Path                                   PID    Runtime      # DAGs    # Errors  Last Runtime    Last Run
------------------------------------------  -----  ---------  --------  ----------  --------------  -------------------
/opt/airflow/dags/nyc_fhv_quality_check.py                           1           0  0.75s           2026-04-30T09:11:26
/opt/airflow/dags/nyc_fhv_pipeline.py                                1           0  0.20s           2026-04-30T09:11:28
/opt/airflow/dags/nyc_fhv_ingestion.py                               1           0  0.19s           2026-04-30T09:11:27
/opt/airflow/dags/nyc_fhv_silver.py                                  1           0  0.18s           2026-04-30T09:11:24
/opt/airflow/dags/nyc_fhv_gold.py                                    1           0  0.17s           2026-04-30T09:11:24
================================================================================
[2026-04-30T09:12:16.507+0000] {manager.py:878} INFO - 
================================================================================
DAG File Processing Stats

File Path                                   PID    Runtime      # DAGs    # Errors  Last Runtime    Last Run
------------------------------------------  -----  ---------  --------  ----------  --------------  -------------------
/opt/airflow/dags/nyc_fhv_pipeline.py                                1           0  0.22s           2026-04-30T09:11:59
/opt/airflow/dags/nyc_fhv_gold.py                                    1           0  0.18s           2026-04-30T09:11:54
/opt/airflow/dags/nyc_fhv_quality_check.py                           1           0  0.17s           2026-04-30T09:11:57
/opt/airflow/dags/nyc_fhv_silver.py                                  1           0  0.17s           2026-04-30T09:11:54
/opt/airflow/dags/nyc_fhv_ingestion.py                               1           0  0.16s           2026-04-30T09:11:57
================================================================================
[2026-04-30T09:12:37.018+0000] {manager.py:737} INFO - Searching for files in /opt/airflow/dags
[2026-04-30T09:12:37.145+0000] {manager.py:740} INFO - There are 5 files in /opt/airflow/dags
[2026-04-30T09:12:47.029+0000] {manager.py:878} INFO - 
================================================================================
DAG File Processing Stats

File Path                                   PID    Runtime      # DAGs    # Errors  Last Runtime    Last Run
------------------------------------------  -----  ---------  --------  ----------  --------------  -------------------
/opt/airflow/dags/nyc_fhv_gold.py                                    1           0  0.20s           2026-04-30T09:12:25
/opt/airflow/dags/nyc_fhv_silver.py                                  1           0  0.20s           2026-04-30T09:12:25
/opt/airflow/dags/nyc_fhv_pipeline.py                                1           0  0.18s           2026-04-30T09:12:29
/opt/airflow/dags/nyc_fhv_quality_check.py                           1           0  0.16s           2026-04-30T09:12:28
/opt/airflow/dags/nyc_fhv_ingestion.py                               1           0  0.15s           2026-04-30T09:12:28
================================================================================
[2026-04-30T09:13:17.325+0000] {manager.py:878} INFO - 
================================================================================
DAG File Processing Stats

File Path                                   PID    Runtime      # DAGs    # Errors  Last Runtime    Last Run
------------------------------------------  -----  ---------  --------  ----------  --------------  -------------------
/opt/airflow/dags/nyc_fhv_gold.py                                    1           0  0.40s           2026-04-30T09:12:56
/opt/airflow/dags/nyc_fhv_silver.py                                  1           0  0.36s           2026-04-30T09:12:56
/opt/airflow/dags/nyc_fhv_pipeline.py                                1           0  0.26s           2026-04-30T09:13:00
/opt/airflow/dags/nyc_fhv_quality_check.py                           1           0  0.20s           2026-04-30T09:12:58
/opt/airflow/dags/nyc_fhv_ingestion.py                               1           0  0.16s           2026-04-30T09:12:58
================================================================================
[2026-04-30T09:13:47.742+0000] {manager.py:878} INFO - 
================================================================================
DAG File Processing Stats

File Path                                   PID    Runtime      # DAGs    # Errors  Last Runtime    Last Run
------------------------------------------  -----  ---------  --------  ----------  --------------  -------------------
/opt/airflow/dags/nyc_fhv_silver.py                                  1           0  0.29s           2026-04-30T09:13:27
/opt/airflow/dags/nyc_fhv_gold.py                                    1           0  0.28s           2026-04-30T09:13:27
/opt/airflow/dags/nyc_fhv_pipeline.py                                1           0  0.22s           2026-04-30T09:13:30
/opt/airflow/dags/nyc_fhv_quality_check.py                           1           0  0.20s           2026-04-30T09:13:29
/opt/airflow/dags/nyc_fhv_ingestion.py                               1           0  0.19s           2026-04-30T09:13:29
================================================================================
[2026-04-30T09:14:18.001+0000] {manager.py:878} INFO - 
================================================================================
DAG File Processing Stats

File Path                                   PID    Runtime      # DAGs    # Errors  Last Runtime    Last Run
------------------------------------------  -----  ---------  --------  ----------  --------------  -------------------
/opt/airflow/dags/nyc_fhv_silver.py                                  1           0  0.24s           2026-04-30T09:13:57
/opt/airflow/dags/nyc_fhv_gold.py                                    1           0  0.22s           2026-04-30T09:13:57
/opt/airflow/dags/nyc_fhv_quality_check.py                           1           0  0.18s           2026-04-30T09:13:59
/opt/airflow/dags/nyc_fhv_pipeline.py                                1           0  0.17s           2026-04-30T09:14:00
/opt/airflow/dags/nyc_fhv_ingestion.py                               1           0  0.17s           2026-04-30T09:13:59
================================================================================
[2026-04-30T09:14:48.911+0000] {manager.py:878} INFO - 
================================================================================
DAG File Processing Stats

File Path                                   PID    Runtime      # DAGs    # Errors  Last Runtime    Last Run
------------------------------------------  -----  ---------  --------  ----------  --------------  -------------------
/opt/airflow/dags/nyc_fhv_pipeline.py                                1           0  0.22s           2026-04-30T09:14:31
/opt/airflow/dags/nyc_fhv_quality_check.py                           1           0  0.19s           2026-04-30T09:14:30
/opt/airflow/dags/nyc_fhv_ingestion.py                               1           0  0.17s           2026-04-30T09:14:30
/opt/airflow/dags/nyc_fhv_gold.py                                    1           0  0.16s           2026-04-30T09:14:28
/opt/airflow/dags/nyc_fhv_silver.py                                  1           0  0.15s           2026-04-30T09:14:28
================================================================================
[2026-04-30T09:15:18.967+0000] {manager.py:878} INFO - 
================================================================================
DAG File Processing Stats

File Path                                   PID    Runtime      # DAGs    # Errors  Last Runtime    Last Run
------------------------------------------  -----  ---------  --------  ----------  --------------  -------------------
/opt/airflow/dags/nyc_fhv_silver.py                                  1           0  0.26s           2026-04-30T09:14:59
/opt/airflow/dags/nyc_fhv_gold.py                                    1           0  0.25s           2026-04-30T09:14:59
/opt/airflow/dags/nyc_fhv_quality_check.py                           1           0  0.23s           2026-04-30T09:15:01
/opt/airflow/dags/nyc_fhv_ingestion.py                               1           0  0.21s           2026-04-30T09:15:01
/opt/airflow/dags/nyc_fhv_pipeline.py                                1           0  0.20s           2026-04-30T09:15:02
================================================================================
[2026-04-30T09:15:49.620+0000] {manager.py:878} INFO - 
================================================================================
DAG File Processing Stats

File Path                                   PID    Runtime      # DAGs    # Errors  Last Runtime    Last Run
------------------------------------------  -----  ---------  --------  ----------  --------------  -------------------
/opt/airflow/dags/nyc_fhv_gold.py                                    1           0  0.25s           2026-04-30T09:15:30
/opt/airflow/dags/nyc_fhv_silver.py                                  1           0  0.23s           2026-04-30T09:15:30
/opt/airflow/dags/nyc_fhv_pipeline.py                                1           0  0.19s           2026-04-30T09:15:33
/opt/airflow/dags/nyc_fhv_quality_check.py                           1           0  0.18s           2026-04-30T09:15:32
/opt/airflow/dags/nyc_fhv_ingestion.py                               1           0  0.17s           2026-04-30T09:15:32
================================================================================
[2026-04-30T09:16:20.439+0000] {manager.py:878} INFO - 
================================================================================
DAG File Processing Stats

File Path                                   PID    Runtime      # DAGs    # Errors  Last Runtime    Last Run
------------------------------------------  -----  ---------  --------  ----------  --------------  -------------------
/opt/airflow/dags/nyc_fhv_gold.py                                    1           0  0.24s           2026-04-30T09:16:01
/opt/airflow/dags/nyc_fhv_silver.py                                  1           0  0.22s           2026-04-30T09:16:01
/opt/airflow/dags/nyc_fhv_quality_check.py                           1           0  0.20s           2026-04-30T09:16:03
/opt/airflow/dags/nyc_fhv_ingestion.py                               1           0  0.19s           2026-04-30T09:16:03
/opt/airflow/dags/nyc_fhv_pipeline.py                                1           0  0.19s           2026-04-30T09:16:04
================================================================================
[2026-04-30T09:16:50.439+0000] {manager.py:878} INFO - 
================================================================================
DAG File Processing Stats

File Path                                   PID    Runtime      # DAGs    # Errors  Last Runtime    Last Run
------------------------------------------  -----  ---------  --------  ----------  --------------  -------------------
/opt/airflow/dags/nyc_fhv_gold.py                                    1           0  0.29s           2026-04-30T09:16:31
/opt/airflow/dags/nyc_fhv_silver.py                                  1           0  0.24s           2026-04-30T09:16:31
/opt/airflow/dags/nyc_fhv_pipeline.py                                1           0  0.21s           2026-04-30T09:16:35
/opt/airflow/dags/nyc_fhv_quality_check.py                           1           0  0.16s           2026-04-30T09:16:34
/opt/airflow/dags/nyc_fhv_ingestion.py                               1           0  0.15s           2026-04-30T09:16:34
================================================================================
[2026-04-30T09:17:20.485+0000] {manager.py:878} INFO - 
================================================================================
DAG File Processing Stats

File Path                                   PID    Runtime      # DAGs    # Errors  Last Runtime    Last Run
------------------------------------------  -----  ---------  --------  ----------  --------------  -------------------
/opt/airflow/dags/nyc_fhv_pipeline.py                                1           0  0.22s           2026-04-30T09:17:06
/opt/airflow/dags/nyc_fhv_quality_check.py                           1           0  0.21s           2026-04-30T09:17:05
/opt/airflow/dags/nyc_fhv_ingestion.py                               1           0  0.19s           2026-04-30T09:17:05
/opt/airflow/dags/nyc_fhv_gold.py                                    1           0  0.18s           2026-04-30T09:17:02
/opt/airflow/dags/nyc_fhv_silver.py                                  1           0  0.16s           2026-04-30T09:17:02
================================================================================
[2026-04-30T09:17:37.141+0000] {manager.py:737} INFO - Searching for files in /opt/airflow/dags
[2026-04-30T09:17:37.310+0000] {manager.py:740} INFO - There are 5 files in /opt/airflow/dags
[2026-04-30T09:17:50.552+0000] {manager.py:878} INFO - 
================================================================================
DAG File Processing Stats

File Path                                   PID    Runtime      # DAGs    # Errors  Last Runtime    Last Run
------------------------------------------  -----  ---------  --------  ----------  --------------  -------------------
/opt/airflow/dags/nyc_fhv_pipeline.py                                1           0  0.21s           2026-04-30T09:17:37
/opt/airflow/dags/nyc_fhv_silver.py                                  1           0  0.20s           2026-04-30T09:17:33
/opt/airflow/dags/nyc_fhv_quality_check.py                           1           0  0.19s           2026-04-30T09:17:35
/opt/airflow/dags/nyc_fhv_ingestion.py                               1           0  0.18s           2026-04-30T09:17:35
/opt/airflow/dags/nyc_fhv_gold.py                                    1           0  0.18s           2026-04-30T09:17:33
================================================================================
[2026-04-30T09:18:20.941+0000] {manager.py:878} INFO - 
================================================================================
DAG File Processing Stats

File Path                                   PID    Runtime      # DAGs    # Errors  Last Runtime    Last Run
------------------------------------------  -----  ---------  --------  ----------  --------------  -------------------
/opt/airflow/dags/nyc_fhv_gold.py                                    1           0  0.22s           2026-04-30T09:18:04
/opt/airflow/dags/nyc_fhv_silver.py                                  1           0  0.20s           2026-04-30T09:18:04
/opt/airflow/dags/nyc_fhv_pipeline.py                                1           0  0.19s           2026-04-30T09:18:07
/opt/airflow/dags/nyc_fhv_quality_check.py                           1           0  0.19s           2026-04-30T09:18:06
/opt/airflow/dags/nyc_fhv_ingestion.py                               1           0  0.17s           2026-04-30T09:18:06
================================================================================
[2026-04-30T09:18:50.985+0000] {manager.py:878} INFO - 
================================================================================
DAG File Processing Stats

File Path                                   PID    Runtime      # DAGs    # Errors  Last Runtime    Last Run
------------------------------------------  -----  ---------  --------  ----------  --------------  -------------------
/opt/airflow/dags/nyc_fhv_silver.py                                  1           0  0.22s           2026-04-30T09:18:35
/opt/airflow/dags/nyc_fhv_pipeline.py                                1           0  0.22s           2026-04-30T09:18:38
/opt/airflow/dags/nyc_fhv_gold.py                                    1           0  0.22s           2026-04-30T09:18:35
/opt/airflow/dags/nyc_fhv_quality_check.py                           1           0  0.19s           2026-04-30T09:18:37
/opt/airflow/dags/nyc_fhv_ingestion.py                               1           0  0.18s           2026-04-30T09:18:37
================================================================================
[2026-04-30T09:19:21.794+0000] {manager.py:878} INFO - 
================================================================================
DAG File Processing Stats

File Path                                   PID    Runtime      # DAGs    # Errors  Last Runtime    Last Run
------------------------------------------  -----  ---------  --------  ----------  --------------  -------------------
/opt/airflow/dags/nyc_fhv_gold.py                                    1           0  0.25s           2026-04-30T09:19:06
/opt/airflow/dags/nyc_fhv_silver.py                                  1           0  0.24s           2026-04-30T09:19:06
/opt/airflow/dags/nyc_fhv_pipeline.py                                1           0  0.22s           2026-04-30T09:19:09
/opt/airflow/dags/nyc_fhv_quality_check.py                           1           0  0.19s           2026-04-30T09:19:08
/opt/airflow/dags/nyc_fhv_ingestion.py                               1           0  0.19s           2026-04-30T09:19:08
================================================================================
[2026-04-30T09:19:52.078+0000] {manager.py:878} INFO - 
================================================================================
DAG File Processing Stats

File Path                                   PID    Runtime      # DAGs    # Errors  Last Runtime    Last Run
------------------------------------------  -----  ---------  --------  ----------  --------------  -------------------
/opt/airflow/dags/nyc_fhv_gold.py                                    1           0  0.48s           2026-04-30T09:19:37
/opt/airflow/dags/nyc_fhv_silver.py                                  1           0  0.32s           2026-04-30T09:19:37
/opt/airflow/dags/nyc_fhv_pipeline.py                                1           0  0.20s           2026-04-30T09:19:40
/opt/airflow/dags/nyc_fhv_quality_check.py                           1           0  0.18s           2026-04-30T09:19:38
/opt/airflow/dags/nyc_fhv_ingestion.py                               1           0  0.17s           2026-04-30T09:19:38
================================================================================
[2026-04-30T09:20:22.200+0000] {manager.py:878} INFO - 
================================================================================
DAG File Processing Stats

File Path                                   PID    Runtime      # DAGs    # Errors  Last Runtime    Last Run
------------------------------------------  -----  ---------  --------  ----------  --------------  -------------------
/opt/airflow/dags/nyc_fhv_pipeline.py                                1           0  0.30s           2026-04-30T09:20:11
/opt/airflow/dags/nyc_fhv_silver.py                                  1           0  0.29s           2026-04-30T09:20:08
/opt/airflow/dags/nyc_fhv_gold.py                                    1           0  0.27s           2026-04-30T09:20:08
/opt/airflow/dags/nyc_fhv_ingestion.py                               1           0  0.20s           2026-04-30T09:20:09
/opt/airflow/dags/nyc_fhv_quality_check.py                           1           0  0.20s           2026-04-30T09:20:09
================================================================================
[2026-04-30T09:20:52.364+0000] {manager.py:878} INFO - 
================================================================================
DAG File Processing Stats

File Path                                   PID    Runtime      # DAGs    # Errors  Last Runtime    Last Run
------------------------------------------  -----  ---------  --------  ----------  --------------  -------------------
/opt/airflow/dags/nyc_fhv_pipeline.py                                1           0  0.50s           2026-04-30T09:20:42
/opt/airflow/dags/nyc_fhv_gold.py                                    1           0  0.29s           2026-04-30T09:20:39
/opt/airflow/dags/nyc_fhv_silver.py                                  1           0  0.28s           2026-04-30T09:20:39
/opt/airflow/dags/nyc_fhv_ingestion.py                               1           0  0.23s           2026-04-30T09:20:40
/opt/airflow/dags/nyc_fhv_quality_check.py                           1           0  0.22s           2026-04-30T09:20:40
================================================================================
[2026-04-30T09:21:22.594+0000] {manager.py:878} INFO - 
================================================================================
DAG File Processing Stats

File Path                                   PID    Runtime      # DAGs    # Errors  Last Runtime    Last Run
------------------------------------------  -----  ---------  --------  ----------  --------------  -------------------
/opt/airflow/dags/nyc_fhv_pipeline.py                                1           0  0.24s           2026-04-30T09:21:13
/opt/airflow/dags/nyc_fhv_silver.py                                  1           0  0.22s           2026-04-30T09:21:09
/opt/airflow/dags/nyc_fhv_gold.py                                    1           0  0.20s           2026-04-30T09:21:09
/opt/airflow/dags/nyc_fhv_ingestion.py                               1           0  0.20s           2026-04-30T09:21:11
/opt/airflow/dags/nyc_fhv_quality_check.py                           1           0  0.19s           2026-04-30T09:21:11
================================================================================
[2026-04-30T09:21:52.707+0000] {manager.py:878} INFO - 
================================================================================
DAG File Processing Stats

File Path                                   PID    Runtime      # DAGs    # Errors  Last Runtime    Last Run
------------------------------------------  -----  ---------  --------  ----------  --------------  -------------------
/opt/airflow/dags/nyc_fhv_quality_check.py                           1           0  0.40s           2026-04-30T09:21:42
/opt/airflow/dags/nyc_fhv_ingestion.py                               1           0  0.26s           2026-04-30T09:21:42
/opt/airflow/dags/nyc_fhv_gold.py                                    1           0  0.21s           2026-04-30T09:21:40
/opt/airflow/dags/nyc_fhv_pipeline.py                                1           0  0.21s           2026-04-30T09:21:43
/opt/airflow/dags/nyc_fhv_silver.py                                  1           0  0.20s           2026-04-30T09:21:40
================================================================================
[2026-04-30T09:22:22.898+0000] {manager.py:878} INFO - 
================================================================================
DAG File Processing Stats

File Path                                   PID    Runtime      # DAGs    # Errors  Last Runtime    Last Run
------------------------------------------  -----  ---------  --------  ----------  --------------  -------------------
/opt/airflow/dags/nyc_fhv_ingestion.py                               1           0  0.31s           2026-04-30T09:22:13
/opt/airflow/dags/nyc_fhv_quality_check.py                           1           0  0.27s           2026-04-30T09:22:13
/opt/airflow/dags/nyc_fhv_gold.py                                    1           0  0.26s           2026-04-30T09:22:11
/opt/airflow/dags/nyc_fhv_silver.py                                  1           0  0.25s           2026-04-30T09:22:11
/opt/airflow/dags/nyc_fhv_pipeline.py                                1           0  0.22s           2026-04-30T09:22:13
================================================================================
[2026-04-30T09:22:37.506+0000] {manager.py:737} INFO - Searching for files in /opt/airflow/dags
[2026-04-30T09:22:37.680+0000] {manager.py:740} INFO - There are 5 files in /opt/airflow/dags
[2026-04-30T09:22:53.535+0000] {manager.py:878} INFO - 
================================================================================
DAG File Processing Stats

File Path                                   PID    Runtime      # DAGs    # Errors  Last Runtime    Last Run
------------------------------------------  -----  ---------  --------  ----------  --------------  -------------------
/opt/airflow/dags/nyc_fhv_gold.py                                    1           0  0.33s           2026-04-30T09:22:42
/opt/airflow/dags/nyc_fhv_silver.py                                  1           0  0.32s           2026-04-30T09:22:42
/opt/airflow/dags/nyc_fhv_pipeline.py                                1           0  0.26s           2026-04-30T09:22:44
/opt/airflow/dags/nyc_fhv_ingestion.py                               1           0  0.19s           2026-04-30T09:22:44
/opt/airflow/dags/nyc_fhv_quality_check.py                           1           0  0.19s           2026-04-30T09:22:44
================================================================================
[2026-04-30T09:23:23.879+0000] {manager.py:878} INFO - 
================================================================================
DAG File Processing Stats

File Path                                   PID    Runtime      # DAGs    # Errors  Last Runtime    Last Run
------------------------------------------  -----  ---------  --------  ----------  --------------  -------------------
/opt/airflow/dags/nyc_fhv_ingestion.py                               1           0  0.25s           2026-04-30T09:23:14
/opt/airflow/dags/nyc_fhv_pipeline.py                                1           0  0.25s           2026-04-30T09:23:14
/opt/airflow/dags/nyc_fhv_quality_check.py                           1           0  0.23s           2026-04-30T09:23:14
/opt/airflow/dags/nyc_fhv_silver.py                                  1           0  0.22s           2026-04-30T09:23:12
/opt/airflow/dags/nyc_fhv_gold.py                                    1           0  0.18s           2026-04-30T09:23:12
================================================================================
[2026-04-30T09:23:54.053+0000] {manager.py:878} INFO - 
================================================================================
DAG File Processing Stats

File Path                                   PID    Runtime      # DAGs    # Errors  Last Runtime    Last Run
------------------------------------------  -----  ---------  --------  ----------  --------------  -------------------
/opt/airflow/dags/nyc_fhv_gold.py                                    1           0  0.21s           2026-04-30T09:23:43
/opt/airflow/dags/nyc_fhv_ingestion.py                               1           0  0.21s           2026-04-30T09:23:45
/opt/airflow/dags/nyc_fhv_quality_check.py                           1           0  0.21s           2026-04-30T09:23:45
/opt/airflow/dags/nyc_fhv_pipeline.py                                1           0  0.21s           2026-04-30T09:23:45
/opt/airflow/dags/nyc_fhv_silver.py                                  1           0  0.20s           2026-04-30T09:23:43
================================================================================
[2026-04-30T09:24:24.086+0000] {manager.py:878} INFO - 
================================================================================
DAG File Processing Stats

File Path                                   PID    Runtime      # DAGs    # Errors  Last Runtime    Last Run
------------------------------------------  -----  ---------  --------  ----------  --------------  -------------------
/opt/airflow/dags/nyc_fhv_ingestion.py                               1           0  0.22s           2026-04-30T09:24:16
/opt/airflow/dags/nyc_fhv_pipeline.py                                1           0  0.22s           2026-04-30T09:24:16
/opt/airflow/dags/nyc_fhv_quality_check.py                           1           0  0.21s           2026-04-30T09:24:16
/opt/airflow/dags/nyc_fhv_gold.py                                    1           0  0.18s           2026-04-30T09:24:14
/opt/airflow/dags/nyc_fhv_silver.py                                  1           0  0.18s           2026-04-30T09:24:14
================================================================================
[2026-04-30T09:24:54.900+0000] {manager.py:878} INFO - 
================================================================================
DAG File Processing Stats

File Path                                   PID    Runtime      # DAGs    # Errors  Last Runtime    Last Run
------------------------------------------  -----  ---------  --------  ----------  --------------  -------------------
/opt/airflow/dags/nyc_fhv_gold.py                                    1           0  0.25s           2026-04-30T09:24:45
/opt/airflow/dags/nyc_fhv_silver.py                                  1           0  0.23s           2026-04-30T09:24:45
/opt/airflow/dags/nyc_fhv_pipeline.py                                1           0  0.20s           2026-04-30T09:24:47
/opt/airflow/dags/nyc_fhv_ingestion.py                               1           0  0.20s           2026-04-30T09:24:47
/opt/airflow/dags/nyc_fhv_quality_check.py                           1           0  0.19s           2026-04-30T09:24:47
================================================================================
[2026-04-30T09:25:24.956+0000] {manager.py:878} INFO - 
================================================================================
DAG File Processing Stats

File Path                                   PID    Runtime      # DAGs    # Errors  Last Runtime    Last Run
------------------------------------------  -----  ---------  --------  ----------  --------------  -------------------
/opt/airflow/dags/nyc_fhv_ingestion.py                               1           0  0.26s           2026-04-30T09:25:18
/opt/airflow/dags/nyc_fhv_pipeline.py                                1           0  0.24s           2026-04-30T09:25:18
/opt/airflow/dags/nyc_fhv_quality_check.py                           1           0  0.24s           2026-04-30T09:25:18
/opt/airflow/dags/nyc_fhv_silver.py                                  1           0  0.20s           2026-04-30T09:25:16
/opt/airflow/dags/nyc_fhv_gold.py                                    1           0  0.19s           2026-04-30T09:25:16
================================================================================
[2026-04-30T09:25:55.687+0000] {manager.py:878} INFO - 
================================================================================
DAG File Processing Stats

File Path                                   PID    Runtime      # DAGs    # Errors  Last Runtime    Last Run
------------------------------------------  -----  ---------  --------  ----------  --------------  -------------------
/opt/airflow/dags/nyc_fhv_pipeline.py                                1           0  0.27s           2026-04-30T09:25:49
/opt/airflow/dags/nyc_fhv_ingestion.py                               1           0  0.22s           2026-04-30T09:25:49
/opt/airflow/dags/nyc_fhv_quality_check.py                           1           0  0.20s           2026-04-30T09:25:49
/opt/airflow/dags/nyc_fhv_gold.py                                    1           0  0.20s           2026-04-30T09:25:47
/opt/airflow/dags/nyc_fhv_silver.py                                  1           0  0.18s           2026-04-30T09:25:47
================================================================================
[2026-04-30T09:26:25.967+0000] {manager.py:878} INFO - 
================================================================================
DAG File Processing Stats

File Path                                   PID    Runtime      # DAGs    # Errors  Last Runtime    Last Run
------------------------------------------  -----  ---------  --------  ----------  --------------  -------------------
/opt/airflow/dags/nyc_fhv_quality_check.py                           1           0  0.37s           2026-04-30T09:26:20
/opt/airflow/dags/nyc_fhv_pipeline.py                                1           0  0.28s           2026-04-30T09:26:20
/opt/airflow/dags/nyc_fhv_ingestion.py                               1           0  0.25s           2026-04-30T09:26:20
/opt/airflow/dags/nyc_fhv_gold.py                                    1           0  0.17s           2026-04-30T09:26:18
/opt/airflow/dags/nyc_fhv_silver.py                                  1           0  0.16s           2026-04-30T09:26:18
================================================================================
[2026-04-30T09:26:55.978+0000] {manager.py:878} INFO - 
================================================================================
DAG File Processing Stats

File Path                                   PID    Runtime      # DAGs    # Errors  Last Runtime    Last Run
------------------------------------------  -----  ---------  --------  ----------  --------------  -------------------
/opt/airflow/dags/nyc_fhv_ingestion.py                               1           0  0.24s           2026-04-30T09:26:50
/opt/airflow/dags/nyc_fhv_quality_check.py                           1           0  0.23s           2026-04-30T09:26:50
/opt/airflow/dags/nyc_fhv_pipeline.py                                1           0  0.22s           2026-04-30T09:26:51
/opt/airflow/dags/nyc_fhv_gold.py                                    1           0  0.17s           2026-04-30T09:26:48
/opt/airflow/dags/nyc_fhv_silver.py                                  1           0  0.16s           2026-04-30T09:26:48
================================================================================
[2026-04-30T09:27:26.348+0000] {manager.py:878} INFO - 
================================================================================
DAG File Processing Stats

File Path                                   PID    Runtime      # DAGs    # Errors  Last Runtime    Last Run
------------------------------------------  -----  ---------  --------  ----------  --------------  -------------------
/opt/airflow/dags/nyc_fhv_pipeline.py                                1           0  0.37s           2026-04-30T09:27:22
/opt/airflow/dags/nyc_fhv_quality_check.py                           1           0  0.31s           2026-04-30T09:27:21
/opt/airflow/dags/nyc_fhv_ingestion.py                               1           0  0.21s           2026-04-30T09:27:21
/opt/airflow/dags/nyc_fhv_gold.py                                    1           0  0.15s           2026-04-30T09:27:19
/opt/airflow/dags/nyc_fhv_silver.py                                  1           0  0.15s           2026-04-30T09:27:19
================================================================================
[2026-04-30T09:27:37.592+0000] {manager.py:737} INFO - Searching for files in /opt/airflow/dags
[2026-04-30T09:27:37.757+0000] {manager.py:740} INFO - There are 5 files in /opt/airflow/dags
[2026-04-30T09:27:56.613+0000] {manager.py:878} INFO - 
================================================================================
DAG File Processing Stats

File Path                                   PID    Runtime      # DAGs    # Errors  Last Runtime    Last Run
------------------------------------------  -----  ---------  --------  ----------  --------------  -------------------
/opt/airflow/dags/nyc_fhv_pipeline.py                                1           0  0.21s           2026-04-30T09:27:52
/opt/airflow/dags/nyc_fhv_ingestion.py                               1           0  0.20s           2026-04-30T09:27:52
/opt/airflow/dags/nyc_fhv_quality_check.py                           1           0  0.20s           2026-04-30T09:27:52
/opt/airflow/dags/nyc_fhv_silver.py                                  1           0  0.17s           2026-04-30T09:27:50
/opt/airflow/dags/nyc_fhv_gold.py                                    1           0  0.17s           2026-04-30T09:27:50
================================================================================
[2026-04-30T09:28:26.763+0000] {manager.py:878} INFO - 
================================================================================
DAG File Processing Stats

File Path                                   PID    Runtime      # DAGs    # Errors  Last Runtime    Last Run
------------------------------------------  -----  ---------  --------  ----------  --------------  -------------------
/opt/airflow/dags/nyc_fhv_ingestion.py                               1           0  0.23s           2026-04-30T09:28:23
/opt/airflow/dags/nyc_fhv_gold.py                                    1           0  0.21s           2026-04-30T09:28:21
/opt/airflow/dags/nyc_fhv_silver.py                                  1           0  0.20s           2026-04-30T09:28:21
/opt/airflow/dags/nyc_fhv_quality_check.py                           1           0  0.20s           2026-04-30T09:28:23
/opt/airflow/dags/nyc_fhv_pipeline.py                                1           0  0.19s           2026-04-30T09:28:23
================================================================================
[2026-04-30T09:28:57.022+0000] {manager.py:878} INFO - 
================================================================================
DAG File Processing Stats

File Path                                   PID    Runtime      # DAGs    # Errors  Last Runtime    Last Run
------------------------------------------  -----  ---------  --------  ----------  --------------  -------------------
/opt/airflow/dags/nyc_fhv_gold.py                                    1           0  0.46s           2026-04-30T09:28:52
/opt/airflow/dags/nyc_fhv_silver.py                                  1           0  0.44s           2026-04-30T09:28:52
/opt/airflow/dags/nyc_fhv_pipeline.py                                1           0  0.24s           2026-04-30T09:28:53
/opt/airflow/dags/nyc_fhv_ingestion.py                               1           0  0.22s           2026-04-30T09:28:53
/opt/airflow/dags/nyc_fhv_quality_check.py                           1           0  0.18s           2026-04-30T09:28:53
================================================================================
[2026-04-30T09:29:27.144+0000] {manager.py:878} INFO - 
================================================================================
DAG File Processing Stats

File Path                                   PID    Runtime      # DAGs    # Errors  Last Runtime    Last Run
------------------------------------------  -----  ---------  --------  ----------  --------------  -------------------
/opt/airflow/dags/nyc_fhv_quality_check.py                           1           0  0.19s           2026-04-30T09:29:24
/opt/airflow/dags/nyc_fhv_pipeline.py                                1           0  0.19s           2026-04-30T09:29:25
/opt/airflow/dags/nyc_fhv_gold.py                                    1           0  0.18s           2026-04-30T09:29:22
/opt/airflow/dags/nyc_fhv_ingestion.py                               1           0  0.18s           2026-04-30T09:29:24
/opt/airflow/dags/nyc_fhv_silver.py                                  1           0  0.17s           2026-04-30T09:29:22
================================================================================
[2026-04-30T09:29:57.313+0000] {manager.py:878} INFO - 
================================================================================
DAG File Processing Stats

File Path                                   PID    Runtime      # DAGs    # Errors  Last Runtime    Last Run
------------------------------------------  -----  ---------  --------  ----------  --------------  -------------------
/opt/airflow/dags/nyc_fhv_quality_check.py                           1           0  0.34s           2026-04-30T09:29:56
/opt/airflow/dags/nyc_fhv_ingestion.py                               1           0  0.29s           2026-04-30T09:29:56
/opt/airflow/dags/nyc_fhv_gold.py                                    1           0  0.21s           2026-04-30T09:29:53
/opt/airflow/dags/nyc_fhv_silver.py                                  1           0  0.21s           2026-04-30T09:29:53
/opt/airflow/dags/nyc_fhv_pipeline.py                                1           0  0.18s           2026-04-30T09:29:56
================================================================================
[2026-04-30T09:30:28.072+0000] {manager.py:878} INFO - 
================================================================================
DAG File Processing Stats

File Path                                   PID    Runtime      # DAGs    # Errors  Last Runtime    Last Run
------------------------------------------  -----  ---------  --------  ----------  --------------  -------------------
/opt/airflow/dags/nyc_fhv_pipeline.py                                1           0  0.19s           2026-04-30T09:30:27
/opt/airflow/dags/nyc_fhv_ingestion.py                               1           0  0.19s           2026-04-30T09:30:27
/opt/airflow/dags/nyc_fhv_quality_check.py                           1           0  0.18s           2026-04-30T09:30:27
/opt/airflow/dags/nyc_fhv_gold.py                                    1           0  0.17s           2026-04-30T09:30:23
/opt/airflow/dags/nyc_fhv_silver.py                                  1           0  0.17s           2026-04-30T09:30:23
================================================================================
[2026-04-30T09:30:58.148+0000] {manager.py:878} INFO - 
================================================================================
DAG File Processing Stats

File Path                                     PID  Runtime      # DAGs    # Errors  Last Runtime    Last Run
------------------------------------------  -----  ---------  --------  ----------  --------------  -------------------
/opt/airflow/dags/nyc_fhv_quality_check.py                           1           0  0.26s           2026-04-30T09:30:58
/opt/airflow/dags/nyc_fhv_ingestion.py                               1           0  0.22s           2026-04-30T09:30:58
/opt/airflow/dags/nyc_fhv_pipeline.py         854  0.01s             1           0  0.19s           2026-04-30T09:30:27
/opt/airflow/dags/nyc_fhv_gold.py                                    1           0  0.19s           2026-04-30T09:30:54
/opt/airflow/dags/nyc_fhv_silver.py                                  1           0  0.17s           2026-04-30T09:30:54
================================================================================
[2026-04-30T09:31:28.269+0000] {manager.py:878} INFO - 
================================================================================
DAG File Processing Stats

File Path                                     PID  Runtime      # DAGs    # Errors  Last Runtime    Last Run
------------------------------------------  -----  ---------  --------  ----------  --------------  -------------------
/opt/airflow/dags/nyc_fhv_quality_check.py    864  0.03s             1           0  0.26s           2026-04-30T09:30:58
/opt/airflow/dags/nyc_fhv_pipeline.py                                1           0  0.24s           2026-04-30T09:30:58
/opt/airflow/dags/nyc_fhv_ingestion.py        865  0.01s             1           0  0.22s           2026-04-30T09:30:58
/opt/airflow/dags/nyc_fhv_gold.py                                    1           0  0.19s           2026-04-30T09:31:25
/opt/airflow/dags/nyc_fhv_silver.py                                  1           0  0.17s           2026-04-30T09:31:25
================================================================================
[2026-04-30T09:31:58.277+0000] {manager.py:878} INFO - 
================================================================================
DAG File Processing Stats

File Path                                   PID    Runtime      # DAGs    # Errors  Last Runtime    Last Run
------------------------------------------  -----  ---------  --------  ----------  --------------  -------------------
/opt/airflow/dags/nyc_fhv_gold.py                                    1           0  0.21s           2026-04-30T09:31:56
/opt/airflow/dags/nyc_fhv_pipeline.py                                1           0  0.20s           2026-04-30T09:31:28
/opt/airflow/dags/nyc_fhv_silver.py                                  1           0  0.18s           2026-04-30T09:31:56
/opt/airflow/dags/nyc_fhv_ingestion.py                               1           0  0.18s           2026-04-30T09:31:28
/opt/airflow/dags/nyc_fhv_quality_check.py                           1           0  0.16s           2026-04-30T09:31:28
================================================================================
[2026-04-30T09:32:29.203+0000] {manager.py:878} INFO - 
================================================================================
DAG File Processing Stats

File Path                                   PID    Runtime      # DAGs    # Errors  Last Runtime    Last Run
------------------------------------------  -----  ---------  --------  ----------  --------------  -------------------
/opt/airflow/dags/nyc_fhv_gold.py                                    1           0  0.20s           2026-04-30T09:32:27
/opt/airflow/dags/nyc_fhv_pipeline.py                                1           0  0.19s           2026-04-30T09:31:59
/opt/airflow/dags/nyc_fhv_silver.py                                  1           0  0.19s           2026-04-30T09:32:27
/opt/airflow/dags/nyc_fhv_ingestion.py                               1           0  0.19s           2026-04-30T09:31:59
/opt/airflow/dags/nyc_fhv_quality_check.py                           1           0  0.18s           2026-04-30T09:31:59
================================================================================
[2026-04-30T09:32:37.705+0000] {manager.py:737} INFO - Searching for files in /opt/airflow/dags
[2026-04-30T09:32:37.831+0000] {manager.py:740} INFO - There are 5 files in /opt/airflow/dags
[2026-04-30T09:32:59.205+0000] {manager.py:878} INFO - 
================================================================================
DAG File Processing Stats

File Path                                   PID    Runtime      # DAGs    # Errors  Last Runtime    Last Run
------------------------------------------  -----  ---------  --------  ----------  --------------  -------------------
/opt/airflow/dags/nyc_fhv_gold.py                                    1           0  0.19s           2026-04-30T09:32:58
/opt/airflow/dags/nyc_fhv_pipeline.py                                1           0  0.19s           2026-04-30T09:32:30
/opt/airflow/dags/nyc_fhv_ingestion.py                               1           0  0.18s           2026-04-30T09:32:30
/opt/airflow/dags/nyc_fhv_silver.py                                  1           0  0.18s           2026-04-30T09:32:58
/opt/airflow/dags/nyc_fhv_quality_check.py                           1           0  0.18s           2026-04-30T09:32:30
================================================================================
[2026-04-30T09:33:29.262+0000] {manager.py:878} INFO - 
================================================================================
DAG File Processing Stats

File Path                                   PID    Runtime      # DAGs    # Errors  Last Runtime    Last Run
------------------------------------------  -----  ---------  --------  ----------  --------------  -------------------
/opt/airflow/dags/nyc_fhv_ingestion.py                               1           0  0.24s           2026-04-30T09:33:01
/opt/airflow/dags/nyc_fhv_quality_check.py                           1           0  0.23s           2026-04-30T09:33:01
/opt/airflow/dags/nyc_fhv_pipeline.py                                1           0  0.22s           2026-04-30T09:33:01
/opt/airflow/dags/nyc_fhv_gold.py                                    1           0  0.18s           2026-04-30T09:33:29
/opt/airflow/dags/nyc_fhv_silver.py                                  1           0  0.16s           2026-04-30T09:33:29
================================================================================
[2026-04-30T09:33:59.356+0000] {manager.py:878} INFO - 
================================================================================
DAG File Processing Stats

File Path                                     PID  Runtime      # DAGs    # Errors  Last Runtime    Last Run
------------------------------------------  -----  ---------  --------  ----------  --------------  -------------------
/opt/airflow/dags/nyc_fhv_quality_check.py                           1           0  0.35s           2026-04-30T09:33:32
/opt/airflow/dags/nyc_fhv_ingestion.py                               1           0  0.34s           2026-04-30T09:33:32
/opt/airflow/dags/nyc_fhv_pipeline.py                                1           0  0.24s           2026-04-30T09:33:32
/opt/airflow/dags/nyc_fhv_gold.py             917  0.02s             1           0  0.18s           2026-04-30T09:33:29
/opt/airflow/dags/nyc_fhv_silver.py           918  0.01s             1           0  0.16s           2026-04-30T09:33:29
================================================================================
[2026-04-30T09:34:30.201+0000] {manager.py:878} INFO - 
================================================================================
DAG File Processing Stats

File Path                                     PID  Runtime      # DAGs    # Errors  Last Runtime    Last Run
------------------------------------------  -----  ---------  --------  ----------  --------------  -------------------
/opt/airflow/dags/nyc_fhv_quality_check.py                           1           0  0.23s           2026-04-30T09:34:03
/opt/airflow/dags/nyc_fhv_pipeline.py                                1           0  0.19s           2026-04-30T09:34:03
/opt/airflow/dags/nyc_fhv_ingestion.py                               1           0  0.18s           2026-04-30T09:34:03
/opt/airflow/dags/nyc_fhv_gold.py             928  0.03s             1           0  0.17s           2026-04-30T09:33:59
/opt/airflow/dags/nyc_fhv_silver.py           929  0.01s             1           0  0.17s           2026-04-30T09:33:59
================================================================================
[2026-04-30T09:35:00.275+0000] {manager.py:878} INFO - 
================================================================================
DAG File Processing Stats

File Path                                   PID    Runtime      # DAGs    # Errors  Last Runtime    Last Run
------------------------------------------  -----  ---------  --------  ----------  --------------  -------------------
/opt/airflow/dags/nyc_fhv_quality_check.py                           1           0  0.37s           2026-04-30T09:34:34
/opt/airflow/dags/nyc_fhv_ingestion.py                               1           0  0.28s           2026-04-30T09:34:34
/opt/airflow/dags/nyc_fhv_pipeline.py                                1           0  0.23s           2026-04-30T09:34:35
/opt/airflow/dags/nyc_fhv_gold.py                                    1           0  0.21s           2026-04-30T09:34:30
/opt/airflow/dags/nyc_fhv_silver.py                                  1           0  0.20s           2026-04-30T09:34:30
================================================================================
[2026-04-30T09:35:30.636+0000] {manager.py:878} INFO - 
================================================================================
DAG File Processing Stats

File Path                                   PID    Runtime      # DAGs    # Errors  Last Runtime    Last Run
------------------------------------------  -----  ---------  --------  ----------  --------------  -------------------
/opt/airflow/dags/nyc_fhv_gold.py                                    1           0  0.20s           2026-04-30T09:35:00
/opt/airflow/dags/nyc_fhv_silver.py                                  1           0  0.19s           2026-04-30T09:35:00
/opt/airflow/dags/nyc_fhv_pipeline.py                                1           0  0.19s           2026-04-30T09:35:05
/opt/airflow/dags/nyc_fhv_quality_check.py                           1           0  0.17s           2026-04-30T09:35:05
/opt/airflow/dags/nyc_fhv_ingestion.py                               1           0  0.16s           2026-04-30T09:35:05
================================================================================
[2026-04-30T09:36:01.185+0000] {manager.py:878} INFO - 
================================================================================
DAG File Processing Stats

File Path                                     PID  Runtime      # DAGs    # Errors  Last Runtime    Last Run
------------------------------------------  -----  ---------  --------  ----------  --------------  -------------------
/opt/airflow/dags/nyc_fhv_pipeline.py                                1           0  0.28s           2026-04-30T09:35:35
/opt/airflow/dags/nyc_fhv_quality_check.py                           1           0  0.23s           2026-04-30T09:35:35
/opt/airflow/dags/nyc_fhv_ingestion.py                               1           0  0.22s           2026-04-30T09:35:35
/opt/airflow/dags/nyc_fhv_gold.py             962  0.03s             1           0  0.17s           2026-04-30T09:35:31
/opt/airflow/dags/nyc_fhv_silver.py           963  0.01s             1           0  0.17s           2026-04-30T09:35:31
================================================================================
[2026-04-30T09:36:31.237+0000] {manager.py:878} INFO - 
================================================================================
DAG File Processing Stats

File Path                                   PID    Runtime      # DAGs    # Errors  Last Runtime    Last Run
------------------------------------------  -----  ---------  --------  ----------  --------------  -------------------
/opt/airflow/dags/nyc_fhv_pipeline.py                                1           0  0.22s           2026-04-30T09:36:06
/opt/airflow/dags/nyc_fhv_ingestion.py                               1           0  0.19s           2026-04-30T09:36:05
/opt/airflow/dags/nyc_fhv_gold.py                                    1           0  0.19s           2026-04-30T09:36:01
/opt/airflow/dags/nyc_fhv_silver.py                                  1           0  0.18s           2026-04-30T09:36:01
/opt/airflow/dags/nyc_fhv_quality_check.py                           1           0  0.18s           2026-04-30T09:36:05
================================================================================
[2026-04-30T09:37:01.529+0000] {manager.py:878} INFO - 
================================================================================
DAG File Processing Stats

File Path                                   PID    Runtime      # DAGs    # Errors  Last Runtime    Last Run
------------------------------------------  -----  ---------  --------  ----------  --------------  -------------------
/opt/airflow/dags/nyc_fhv_pipeline.py                                1           0  0.28s           2026-04-30T09:36:37
/opt/airflow/dags/nyc_fhv_gold.py                                    1           0  0.22s           2026-04-30T09:36:32
/opt/airflow/dags/nyc_fhv_silver.py                                  1           0  0.20s           2026-04-30T09:36:32
/opt/airflow/dags/nyc_fhv_quality_check.py                           1           0  0.17s           2026-04-30T09:36:36
/opt/airflow/dags/nyc_fhv_ingestion.py                               1           0  0.17s           2026-04-30T09:36:36
================================================================================
[2026-04-30T09:37:31.682+0000] {manager.py:878} INFO - 
================================================================================
DAG File Processing Stats

File Path                                   PID    Runtime      # DAGs    # Errors  Last Runtime    Last Run
------------------------------------------  -----  ---------  --------  ----------  --------------  -------------------
/opt/airflow/dags/nyc_fhv_silver.py                                  1           0  0.20s           2026-04-30T09:37:02
/opt/airflow/dags/nyc_fhv_pipeline.py                                1           0  0.19s           2026-04-30T09:37:08
/opt/airflow/dags/nyc_fhv_gold.py                                    1           0  0.18s           2026-04-30T09:37:02
/opt/airflow/dags/nyc_fhv_quality_check.py                           1           0  0.18s           2026-04-30T09:37:07
/opt/airflow/dags/nyc_fhv_ingestion.py                               1           0  0.17s           2026-04-30T09:37:07
================================================================================
[2026-04-30T09:37:37.770+0000] {manager.py:737} INFO - Searching for files in /opt/airflow/dags
[2026-04-30T09:37:37.929+0000] {manager.py:740} INFO - There are 5 files in /opt/airflow/dags
[2026-04-30T09:38:02.577+0000] {manager.py:878} INFO - 
================================================================================
DAG File Processing Stats

File Path                                   PID    Runtime      # DAGs    # Errors  Last Runtime    Last Run
------------------------------------------  -----  ---------  --------  ----------  --------------  -------------------
/opt/airflow/dags/nyc_fhv_gold.py                                    1           0  0.25s           2026-04-30T09:37:33
/opt/airflow/dags/nyc_fhv_silver.py                                  1           0  0.25s           2026-04-30T09:37:33
/opt/airflow/dags/nyc_fhv_pipeline.py                                1           0  0.21s           2026-04-30T09:37:39
/opt/airflow/dags/nyc_fhv_quality_check.py                           1           0  0.20s           2026-04-30T09:37:38
/opt/airflow/dags/nyc_fhv_ingestion.py                               1           0  0.16s           2026-04-30T09:37:38
================================================================================
[2026-04-30T09:38:32.793+0000] {manager.py:878} INFO - 
================================================================================
DAG File Processing Stats

File Path                                   PID    Runtime      # DAGs    # Errors  Last Runtime    Last Run
------------------------------------------  -----  ---------  --------  ----------  --------------  -------------------
/opt/airflow/dags/nyc_fhv_gold.py                                    1           0  0.22s           2026-04-30T09:38:04
/opt/airflow/dags/nyc_fhv_silver.py                                  1           0  0.21s           2026-04-30T09:38:04
/opt/airflow/dags/nyc_fhv_quality_check.py                           1           0  0.18s           2026-04-30T09:38:08
/opt/airflow/dags/nyc_fhv_pipeline.py                                1           0  0.18s           2026-04-30T09:38:10
/opt/airflow/dags/nyc_fhv_ingestion.py                               1           0  0.17s           2026-04-30T09:38:08
================================================================================
[2026-04-30T09:39:02.824+0000] {manager.py:878} INFO - 
================================================================================
DAG File Processing Stats

File Path                                   PID    Runtime      # DAGs    # Errors  Last Runtime    Last Run
------------------------------------------  -----  ---------  --------  ----------  --------------  -------------------
/opt/airflow/dags/nyc_fhv_pipeline.py                                1           0  0.22s           2026-04-30T09:38:40
/opt/airflow/dags/nyc_fhv_gold.py                                    1           0  0.21s           2026-04-30T09:38:35
/opt/airflow/dags/nyc_fhv_silver.py                                  1           0  0.20s           2026-04-30T09:38:35
/opt/airflow/dags/nyc_fhv_quality_check.py                           1           0  0.20s           2026-04-30T09:38:39
/opt/airflow/dags/nyc_fhv_ingestion.py                               1           0  0.16s           2026-04-30T09:38:39
================================================================================
[2026-04-30T09:39:33.803+0000] {manager.py:878} INFO - 
================================================================================
DAG File Processing Stats

File Path                                   PID    Runtime      # DAGs    # Errors  Last Runtime    Last Run
------------------------------------------  -----  ---------  --------  ----------  --------------  -------------------
/opt/airflow/dags/nyc_fhv_gold.py                                    1           0  0.21s           2026-04-30T09:39:06
/opt/airflow/dags/nyc_fhv_quality_check.py                           1           0  0.20s           2026-04-30T09:39:10
/opt/airflow/dags/nyc_fhv_silver.py                                  1           0  0.20s           2026-04-30T09:39:06
/opt/airflow/dags/nyc_fhv_pipeline.py                                1           0  0.18s           2026-04-30T09:39:11
/opt/airflow/dags/nyc_fhv_ingestion.py                               1           0  0.15s           2026-04-30T09:39:10
================================================================================
[2026-04-30T09:40:03.958+0000] {manager.py:878} INFO - 
================================================================================
DAG File Processing Stats

File Path                                   PID    Runtime      # DAGs    # Errors  Last Runtime    Last Run
------------------------------------------  -----  ---------  --------  ----------  --------------  -------------------
/opt/airflow/dags/nyc_fhv_pipeline.py                                1           0  0.27s           2026-04-30T09:39:42
/opt/airflow/dags/nyc_fhv_gold.py                                    1           0  0.18s           2026-04-30T09:39:37
/opt/airflow/dags/nyc_fhv_silver.py                                  1           0  0.18s           2026-04-30T09:39:37
/opt/airflow/dags/nyc_fhv_quality_check.py                           1           0  0.17s           2026-04-30T09:39:41
/opt/airflow/dags/nyc_fhv_ingestion.py                               1           0  0.16s           2026-04-30T09:39:41
================================================================================
[2026-04-30T09:40:34.717+0000] {manager.py:878} INFO - 
================================================================================
DAG File Processing Stats

File Path                                   PID    Runtime      # DAGs    # Errors  Last Runtime    Last Run
------------------------------------------  -----  ---------  --------  ----------  --------------  -------------------
/opt/airflow/dags/nyc_fhv_ingestion.py                               1           0  0.20s           2026-04-30T09:40:12
/opt/airflow/dags/nyc_fhv_pipeline.py                                1           0  0.19s           2026-04-30T09:40:13
/opt/airflow/dags/nyc_fhv_quality_check.py                           1           0  0.19s           2026-04-30T09:40:12
/opt/airflow/dags/nyc_fhv_gold.py                                    1           0  0.18s           2026-04-30T09:40:08
/opt/airflow/dags/nyc_fhv_silver.py                                  1           0  0.18s           2026-04-30T09:40:08
================================================================================
[2026-04-30T09:41:05.653+0000] {manager.py:878} INFO - 
================================================================================
DAG File Processing Stats

File Path                                   PID    Runtime      # DAGs    # Errors  Last Runtime    Last Run
------------------------------------------  -----  ---------  --------  ----------  --------------  -------------------
/opt/airflow/dags/nyc_fhv_gold.py                                    1           0  0.18s           2026-04-30T09:40:39
/opt/airflow/dags/nyc_fhv_silver.py                                  1           0  0.18s           2026-04-30T09:40:39
/opt/airflow/dags/nyc_fhv_pipeline.py                                1           0  0.17s           2026-04-30T09:40:44
/opt/airflow/dags/nyc_fhv_quality_check.py                           1           0  0.17s           2026-04-30T09:40:43
/opt/airflow/dags/nyc_fhv_ingestion.py                               1           0  0.16s           2026-04-30T09:40:43
================================================================================
[2026-04-30T09:41:36.426+0000] {manager.py:878} INFO - 
================================================================================
DAG File Processing Stats

File Path                                   PID    Runtime      # DAGs    # Errors  Last Runtime    Last Run
------------------------------------------  -----  ---------  --------  ----------  --------------  -------------------
/opt/airflow/dags/nyc_fhv_quality_check.py                           1           0  0.21s           2026-04-30T09:41:14
/opt/airflow/dags/nyc_fhv_ingestion.py                               1           0  0.20s           2026-04-30T09:41:14
/opt/airflow/dags/nyc_fhv_pipeline.py                                1           0  0.19s           2026-04-30T09:41:15
/opt/airflow/dags/nyc_fhv_gold.py                                    1           0  0.18s           2026-04-30T09:41:09
/opt/airflow/dags/nyc_fhv_silver.py                                  1           0  0.18s           2026-04-30T09:41:09
================================================================================
[2026-04-30T09:42:07.299+0000] {manager.py:878} INFO - 
================================================================================
DAG File Processing Stats

File Path                                   PID    Runtime      # DAGs    # Errors  Last Runtime    Last Run
------------------------------------------  -----  ---------  --------  ----------  --------------  -------------------
/opt/airflow/dags/nyc_fhv_pipeline.py                                1           0  0.21s           2026-04-30T09:41:46
/opt/airflow/dags/nyc_fhv_quality_check.py                           1           0  0.20s           2026-04-30T09:41:44
/opt/airflow/dags/nyc_fhv_ingestion.py                               1           0  0.19s           2026-04-30T09:41:44
/opt/airflow/dags/nyc_fhv_gold.py                                    1           0  0.17s           2026-04-30T09:41:40
/opt/airflow/dags/nyc_fhv_silver.py                                  1           0  0.16s           2026-04-30T09:41:40
================================================================================
[2026-04-30T09:42:37.305+0000] {manager.py:878} INFO - 
================================================================================
DAG File Processing Stats

File Path                                   PID    Runtime      # DAGs    # Errors  Last Runtime    Last Run
------------------------------------------  -----  ---------  --------  ----------  --------------  -------------------
/opt/airflow/dags/nyc_fhv_gold.py                                    1           0  0.27s           2026-04-30T09:42:11
/opt/airflow/dags/nyc_fhv_silver.py                                  1           0  0.21s           2026-04-30T09:42:11
/opt/airflow/dags/nyc_fhv_quality_check.py                           1           0  0.18s           2026-04-30T09:42:15
/opt/airflow/dags/nyc_fhv_pipeline.py                                1           0  0.18s           2026-04-30T09:42:16
/opt/airflow/dags/nyc_fhv_ingestion.py                               1           0  0.17s           2026-04-30T09:42:15
================================================================================
[2026-04-30T09:42:38.273+0000] {manager.py:737} INFO - Searching for files in /opt/airflow/dags
[2026-04-30T09:42:38.430+0000] {manager.py:740} INFO - There are 5 files in /opt/airflow/dags
[2026-04-30T09:43:07.706+0000] {manager.py:878} INFO - 
================================================================================
DAG File Processing Stats

File Path                                   PID    Runtime      # DAGs    # Errors  Last Runtime    Last Run
------------------------------------------  -----  ---------  --------  ----------  --------------  -------------------
/opt/airflow/dags/nyc_fhv_silver.py                                  1           0  0.36s           2026-04-30T09:42:42
/opt/airflow/dags/nyc_fhv_gold.py                                    1           0  0.36s           2026-04-30T09:42:42
/opt/airflow/dags/nyc_fhv_quality_check.py                           1           0  0.21s           2026-04-30T09:42:46
/opt/airflow/dags/nyc_fhv_pipeline.py                                1           0  0.20s           2026-04-30T09:42:47
/opt/airflow/dags/nyc_fhv_ingestion.py                               1           0  0.17s           2026-04-30T09:42:46
================================================================================
[2026-04-30T09:43:37.749+0000] {manager.py:878} INFO - 
================================================================================
DAG File Processing Stats

File Path                                   PID    Runtime      # DAGs    # Errors  Last Runtime    Last Run
------------------------------------------  -----  ---------  --------  ----------  --------------  -------------------
/opt/airflow/dags/nyc_fhv_pipeline.py                                1           0  0.23s           2026-04-30T09:43:18
/opt/airflow/dags/nyc_fhv_gold.py                                    1           0  0.17s           2026-04-30T09:43:14
/opt/airflow/dags/nyc_fhv_silver.py                                  1           0  0.17s           2026-04-30T09:43:14
/opt/airflow/dags/nyc_fhv_quality_check.py                           1           0  0.16s           2026-04-30T09:43:17
/opt/airflow/dags/nyc_fhv_ingestion.py                               1           0  0.15s           2026-04-30T09:43:17
================================================================================
[2026-04-30T09:44:07.915+0000] {manager.py:878} INFO - 
================================================================================
DAG File Processing Stats

File Path                                   PID    Runtime      # DAGs    # Errors  Last Runtime    Last Run
------------------------------------------  -----  ---------  --------  ----------  --------------  -------------------
/opt/airflow/dags/nyc_fhv_silver.py                                  1           0  0.21s           2026-04-30T09:43:44
/opt/airflow/dags/nyc_fhv_gold.py                                    1           0  0.21s           2026-04-30T09:43:44
/opt/airflow/dags/nyc_fhv_pipeline.py                                1           0  0.20s           2026-04-30T09:43:48
/opt/airflow/dags/nyc_fhv_quality_check.py                           1           0  0.19s           2026-04-30T09:43:47
/opt/airflow/dags/nyc_fhv_ingestion.py                               1           0  0.19s           2026-04-30T09:43:47
================================================================================
[2026-04-30T09:44:37.914+0000] {manager.py:878} INFO - 
================================================================================
DAG File Processing Stats

File Path                                   PID    Runtime      # DAGs    # Errors  Last Runtime    Last Run
------------------------------------------  -----  ---------  --------  ----------  --------------  -------------------
/opt/airflow/dags/nyc_fhv_pipeline.py                                1           0  0.20s           2026-04-30T09:44:19
/opt/airflow/dags/nyc_fhv_quality_check.py                           1           0  0.20s           2026-04-30T09:44:18
/opt/airflow/dags/nyc_fhv_gold.py                                    1           0  0.19s           2026-04-30T09:44:15
/opt/airflow/dags/nyc_fhv_silver.py                                  1           0  0.17s           2026-04-30T09:44:15
/opt/airflow/dags/nyc_fhv_ingestion.py                               1           0  0.16s           2026-04-30T09:44:18
================================================================================
[2026-04-30T09:45:08.788+0000] {manager.py:878} INFO - 
================================================================================
DAG File Processing Stats

File Path                                   PID    Runtime      # DAGs    # Errors  Last Runtime    Last Run
------------------------------------------  -----  ---------  --------  ----------  --------------  -------------------
/opt/airflow/dags/nyc_fhv_gold.py                                    1           0  0.28s           2026-04-30T09:44:46
/opt/airflow/dags/nyc_fhv_silver.py                                  1           0  0.27s           2026-04-30T09:44:46
/opt/airflow/dags/nyc_fhv_quality_check.py                           1           0  0.21s           2026-04-30T09:44:49
/opt/airflow/dags/nyc_fhv_pipeline.py                                1           0  0.21s           2026-04-30T09:44:50
/opt/airflow/dags/nyc_fhv_ingestion.py                               1           0  0.20s           2026-04-30T09:44:49
================================================================================
[2026-04-30T09:45:39.729+0000] {manager.py:878} INFO - 
================================================================================
DAG File Processing Stats

File Path                                   PID    Runtime      # DAGs    # Errors  Last Runtime    Last Run
------------------------------------------  -----  ---------  --------  ----------  --------------  -------------------
/opt/airflow/dags/nyc_fhv_gold.py                                    1           0  0.21s           2026-04-30T09:45:17
/opt/airflow/dags/nyc_fhv_silver.py                                  1           0  0.20s           2026-04-30T09:45:17
/opt/airflow/dags/nyc_fhv_pipeline.py                                1           0  0.20s           2026-04-30T09:45:21
/opt/airflow/dags/nyc_fhv_quality_check.py                           1           0  0.19s           2026-04-30T09:45:20
/opt/airflow/dags/nyc_fhv_ingestion.py                               1           0  0.18s           2026-04-30T09:45:20
================================================================================
[2026-04-30T09:46:09.768+0000] {manager.py:878} INFO - 
================================================================================
DAG File Processing Stats

File Path                                   PID    Runtime      # DAGs    # Errors  Last Runtime    Last Run
------------------------------------------  -----  ---------  --------  ----------  --------------  -------------------
/opt/airflow/dags/nyc_fhv_pipeline.py                                1           0  0.27s           2026-04-30T09:45:52
/opt/airflow/dags/nyc_fhv_ingestion.py                               1           0  0.23s           2026-04-30T09:45:51
/opt/airflow/dags/nyc_fhv_quality_check.py                           1           0  0.23s           2026-04-30T09:45:51
/opt/airflow/dags/nyc_fhv_gold.py                                    1           0  0.21s           2026-04-30T09:45:48
/opt/airflow/dags/nyc_fhv_silver.py                                  1           0  0.18s           2026-04-30T09:45:48
================================================================================
[2026-04-30T09:46:39.889+0000] {manager.py:878} INFO - 
================================================================================
DAG File Processing Stats

File Path                                   PID    Runtime      # DAGs    # Errors  Last Runtime    Last Run
------------------------------------------  -----  ---------  --------  ----------  --------------  -------------------
/opt/airflow/dags/nyc_fhv_pipeline.py                                1           0  1.56s           2026-04-30T09:46:24
/opt/airflow/dags/nyc_fhv_quality_check.py                           1           0  0.19s           2026-04-30T09:46:22
/opt/airflow/dags/nyc_fhv_gold.py                                    1           0  0.19s           2026-04-30T09:46:18
/opt/airflow/dags/nyc_fhv_ingestion.py                               1           0  0.17s           2026-04-30T09:46:22
/opt/airflow/dags/nyc_fhv_silver.py                                  1           0  0.17s           2026-04-30T09:46:18
================================================================================
[2026-04-30T09:47:10.786+0000] {manager.py:878} INFO - 
================================================================================
DAG File Processing Stats

File Path                                   PID    Runtime      # DAGs    # Errors  Last Runtime    Last Run
------------------------------------------  -----  ---------  --------  ----------  --------------  -------------------
/opt/airflow/dags/nyc_fhv_pipeline.py                                1           0  0.21s           2026-04-30T09:46:55
/opt/airflow/dags/nyc_fhv_quality_check.py                           1           0  0.20s           2026-04-30T09:46:52
/opt/airflow/dags/nyc_fhv_ingestion.py                               1           0  0.19s           2026-04-30T09:46:52
/opt/airflow/dags/nyc_fhv_silver.py                                  1           0  0.19s           2026-04-30T09:46:49
/opt/airflow/dags/nyc_fhv_gold.py                                    1           0  0.18s           2026-04-30T09:46:49
================================================================================
[2026-04-30T09:47:38.662+0000] {manager.py:737} INFO - Searching for files in /opt/airflow/dags
[2026-04-30T09:47:38.802+0000] {manager.py:740} INFO - There are 5 files in /opt/airflow/dags
[2026-04-30T09:47:40.864+0000] {manager.py:878} INFO - 
================================================================================
DAG File Processing Stats

File Path                                   PID    Runtime      # DAGs    # Errors  Last Runtime    Last Run
------------------------------------------  -----  ---------  --------  ----------  --------------  -------------------
/opt/airflow/dags/nyc_fhv_quality_check.py                           1           0  0.31s           2026-04-30T09:47:23
/opt/airflow/dags/nyc_fhv_ingestion.py                               1           0  0.24s           2026-04-30T09:47:23
/opt/airflow/dags/nyc_fhv_pipeline.py                                1           0  0.20s           2026-04-30T09:47:26
/opt/airflow/dags/nyc_fhv_gold.py                                    1           0  0.17s           2026-04-30T09:47:20
/opt/airflow/dags/nyc_fhv_silver.py                                  1           0  0.16s           2026-04-30T09:47:20
================================================================================
[2026-04-30T09:48:11.234+0000] {manager.py:878} INFO - 
================================================================================
DAG File Processing Stats

File Path                                   PID    Runtime      # DAGs    # Errors  Last Runtime    Last Run
------------------------------------------  -----  ---------  --------  ----------  --------------  -------------------
/opt/airflow/dags/nyc_fhv_pipeline.py                                1           0  0.42s           2026-04-30T09:47:56
/opt/airflow/dags/nyc_fhv_quality_check.py                           1           0  0.23s           2026-04-30T09:47:54
/opt/airflow/dags/nyc_fhv_ingestion.py                               1           0  0.19s           2026-04-30T09:47:54
/opt/airflow/dags/nyc_fhv_gold.py                                    1           0  0.18s           2026-04-30T09:47:51
/opt/airflow/dags/nyc_fhv_silver.py                                  1           0  0.17s           2026-04-30T09:47:51
================================================================================
[2026-04-30T09:48:41.297+0000] {manager.py:878} INFO - 
================================================================================
DAG File Processing Stats

File Path                                   PID    Runtime      # DAGs    # Errors  Last Runtime    Last Run
------------------------------------------  -----  ---------  --------  ----------  --------------  -------------------
/opt/airflow/dags/nyc_fhv_quality_check.py                           1           0  0.21s           2026-04-30T09:48:24
/opt/airflow/dags/nyc_fhv_pipeline.py                                1           0  0.20s           2026-04-30T09:48:28
/opt/airflow/dags/nyc_fhv_ingestion.py                               1           0  0.20s           2026-04-30T09:48:24
/opt/airflow/dags/nyc_fhv_gold.py                                    1           0  0.17s           2026-04-30T09:48:21
/opt/airflow/dags/nyc_fhv_silver.py                                  1           0  0.17s           2026-04-30T09:48:21
================================================================================
[2026-04-30T09:49:11.884+0000] {manager.py:878} INFO - 
================================================================================
DAG File Processing Stats

File Path                                   PID    Runtime      # DAGs    # Errors  Last Runtime    Last Run
------------------------------------------  -----  ---------  --------  ----------  --------------  -------------------
/opt/airflow/dags/nyc_fhv_ingestion.py                               1           0  0.36s           2026-04-30T09:48:55
/opt/airflow/dags/nyc_fhv_quality_check.py                           1           0  0.27s           2026-04-30T09:48:55
/opt/airflow/dags/nyc_fhv_pipeline.py                                1           0  0.21s           2026-04-30T09:48:58
/opt/airflow/dags/nyc_fhv_gold.py                                    1           0  0.20s           2026-04-30T09:48:52
/opt/airflow/dags/nyc_fhv_silver.py                                  1           0  0.19s           2026-04-30T09:48:52
================================================================================
[2026-04-30T09:49:42.175+0000] {manager.py:878} INFO - 
================================================================================
DAG File Processing Stats

File Path                                   PID    Runtime      # DAGs    # Errors  Last Runtime    Last Run
------------------------------------------  -----  ---------  --------  ----------  --------------  -------------------
/opt/airflow/dags/nyc_fhv_gold.py                                    1           0  0.49s           2026-04-30T09:49:23
/opt/airflow/dags/nyc_fhv_silver.py                                  1           0  0.43s           2026-04-30T09:49:23
/opt/airflow/dags/nyc_fhv_pipeline.py                                1           0  0.40s           2026-04-30T09:49:29
/opt/airflow/dags/nyc_fhv_quality_check.py                           1           0  0.20s           2026-04-30T09:49:26
/opt/airflow/dags/nyc_fhv_ingestion.py                               1           0  0.18s           2026-04-30T09:49:26
================================================================================
[2026-04-30T09:50:12.549+0000] {manager.py:878} INFO - 
================================================================================
DAG File Processing Stats

File Path                                   PID    Runtime      # DAGs    # Errors  Last Runtime    Last Run
------------------------------------------  -----  ---------  --------  ----------  --------------  -------------------
/opt/airflow/dags/nyc_fhv_gold.py                                    1           0  0.41s           2026-04-30T09:49:54
/opt/airflow/dags/nyc_fhv_pipeline.py                                1           0  0.23s           2026-04-30T09:50:00
/opt/airflow/dags/nyc_fhv_quality_check.py                           1           0  0.22s           2026-04-30T09:49:57
/opt/airflow/dags/nyc_fhv_ingestion.py                               1           0  0.22s           2026-04-30T09:49:57
/opt/airflow/dags/nyc_fhv_silver.py                                  1           0  0.19s           2026-04-30T09:49:53
================================================================================
[2026-04-30T09:50:43.300+0000] {manager.py:878} INFO - 
================================================================================
DAG File Processing Stats

File Path                                   PID    Runtime      # DAGs    # Errors  Last Runtime    Last Run
------------------------------------------  -----  ---------  --------  ----------  --------------  -------------------
/opt/airflow/dags/nyc_fhv_silver.py                                  1           0  0.24s           2026-04-30T09:50:25
/opt/airflow/dags/nyc_fhv_ingestion.py                               1           0  0.23s           2026-04-30T09:50:28
/opt/airflow/dags/nyc_fhv_pipeline.py                                1           0  0.22s           2026-04-30T09:50:31
/opt/airflow/dags/nyc_fhv_quality_check.py                           1           0  0.21s           2026-04-30T09:50:28
/opt/airflow/dags/nyc_fhv_gold.py                                    1           0  0.20s           2026-04-30T09:50:24
================================================================================
[2026-04-30T09:51:13.443+0000] {manager.py:878} INFO - 
================================================================================
DAG File Processing Stats

File Path                                   PID    Runtime      # DAGs    # Errors  Last Runtime    Last Run
------------------------------------------  -----  ---------  --------  ----------  --------------  -------------------
/opt/airflow/dags/nyc_fhv_pipeline.py                                1           0  0.42s           2026-04-30T09:51:02
/opt/airflow/dags/nyc_fhv_silver.py                                  1           0  0.22s           2026-04-30T09:50:55
/opt/airflow/dags/nyc_fhv_quality_check.py                           1           0  0.20s           2026-04-30T09:50:58
/opt/airflow/dags/nyc_fhv_ingestion.py                               1           0  0.20s           2026-04-30T09:50:58
/opt/airflow/dags/nyc_fhv_gold.py                                    1           0  0.19s           2026-04-30T09:50:55
================================================================================
[2026-04-30T09:51:43.571+0000] {manager.py:878} INFO - 
================================================================================
DAG File Processing Stats

File Path                                   PID    Runtime      # DAGs    # Errors  Last Runtime    Last Run
------------------------------------------  -----  ---------  --------  ----------  --------------  -------------------
/opt/airflow/dags/nyc_fhv_gold.py                                    1           0  0.49s           2026-04-30T09:51:26
/opt/airflow/dags/nyc_fhv_silver.py                                  1           0  0.48s           2026-04-30T09:51:26
/opt/airflow/dags/nyc_fhv_pipeline.py                                1           0  0.22s           2026-04-30T09:51:32
/opt/airflow/dags/nyc_fhv_quality_check.py                           1           0  0.21s           2026-04-30T09:51:29
/opt/airflow/dags/nyc_fhv_ingestion.py                               1           0  0.18s           2026-04-30T09:51:29
================================================================================
[2026-04-30T09:52:13.828+0000] {manager.py:878} INFO - 
================================================================================
DAG File Processing Stats

File Path                                   PID    Runtime      # DAGs    # Errors  Last Runtime    Last Run
------------------------------------------  -----  ---------  --------  ----------  --------------  -------------------
/opt/airflow/dags/nyc_fhv_pipeline.py                                1           0  0.33s           2026-04-30T09:52:02
/opt/airflow/dags/nyc_fhv_quality_check.py                           1           0  0.28s           2026-04-30T09:51:59
/opt/airflow/dags/nyc_fhv_silver.py                                  1           0  0.24s           2026-04-30T09:51:57
/opt/airflow/dags/nyc_fhv_gold.py                                    1           0  0.22s           2026-04-30T09:51:57
/opt/airflow/dags/nyc_fhv_ingestion.py                               1           0  0.17s           2026-04-30T09:51:59
================================================================================
[2026-04-30T09:52:38.937+0000] {manager.py:737} INFO - Searching for files in /opt/airflow/dags
[2026-04-30T09:52:39.062+0000] {manager.py:740} INFO - There are 5 files in /opt/airflow/dags
[2026-04-30T09:52:44.158+0000] {manager.py:878} INFO - 
================================================================================
DAG File Processing Stats

File Path                                   PID    Runtime      # DAGs    # Errors  Last Runtime    Last Run
------------------------------------------  -----  ---------  --------  ----------  --------------  -------------------
/opt/airflow/dags/nyc_fhv_pipeline.py                                1           0  0.97s           2026-04-30T09:52:34
/opt/airflow/dags/nyc_fhv_quality_check.py                           1           0  0.24s           2026-04-30T09:52:29
/opt/airflow/dags/nyc_fhv_gold.py                                    1           0  0.22s           2026-04-30T09:52:27
/opt/airflow/dags/nyc_fhv_silver.py                                  1           0  0.21s           2026-04-30T09:52:27
/opt/airflow/dags/nyc_fhv_ingestion.py                               1           0  0.21s           2026-04-30T09:52:29
================================================================================
[2026-04-30T09:53:14.604+0000] {manager.py:878} INFO - 
================================================================================
DAG File Processing Stats

File Path                                   PID    Runtime      # DAGs    # Errors  Last Runtime    Last Run
------------------------------------------  -----  ---------  --------  ----------  --------------  -------------------
/opt/airflow/dags/nyc_fhv_gold.py                                    1           0  0.36s           2026-04-30T09:52:58
/opt/airflow/dags/nyc_fhv_silver.py                                  1           0  0.35s           2026-04-30T09:52:58
/opt/airflow/dags/nyc_fhv_quality_check.py                           1           0  0.26s           2026-04-30T09:53:00
/opt/airflow/dags/nyc_fhv_pipeline.py                                1           0  0.24s           2026-04-30T09:53:04
/opt/airflow/dags/nyc_fhv_ingestion.py                               1           0  0.16s           2026-04-30T09:53:00
================================================================================
[2026-04-30T09:53:44.685+0000] {manager.py:878} INFO - 
================================================================================
DAG File Processing Stats

File Path                                   PID    Runtime      # DAGs    # Errors  Last Runtime    Last Run
------------------------------------------  -----  ---------  --------  ----------  --------------  -------------------
/opt/airflow/dags/nyc_fhv_pipeline.py                                1           0  0.23s           2026-04-30T09:53:35
/opt/airflow/dags/nyc_fhv_ingestion.py                               1           0  0.19s           2026-04-30T09:53:31
/opt/airflow/dags/nyc_fhv_silver.py                                  1           0  0.19s           2026-04-30T09:53:29
/opt/airflow/dags/nyc_fhv_quality_check.py                           1           0  0.19s           2026-04-30T09:53:30
/opt/airflow/dags/nyc_fhv_gold.py                                    1           0  0.18s           2026-04-30T09:53:29
================================================================================
[2026-04-30T09:54:15.482+0000] {manager.py:878} INFO - 
================================================================================
DAG File Processing Stats

File Path                                   PID    Runtime      # DAGs    # Errors  Last Runtime    Last Run
------------------------------------------  -----  ---------  --------  ----------  --------------  -------------------
/opt/airflow/dags/nyc_fhv_quality_check.py                           1           0  0.47s           2026-04-30T09:54:01
/opt/airflow/dags/nyc_fhv_pipeline.py                                1           0  0.43s           2026-04-30T09:54:06
/opt/airflow/dags/nyc_fhv_ingestion.py                               1           0  0.38s           2026-04-30T09:54:02
/opt/airflow/dags/nyc_fhv_gold.py                                    1           0  0.24s           2026-04-30T09:54:00
/opt/airflow/dags/nyc_fhv_silver.py                                  1           0  0.19s           2026-04-30T09:54:00
================================================================================
[2026-04-30T09:54:45.649+0000] {manager.py:878} INFO - 
================================================================================
DAG File Processing Stats

File Path                                   PID    Runtime      # DAGs    # Errors  Last Runtime    Last Run
------------------------------------------  -----  ---------  --------  ----------  --------------  -------------------
/opt/airflow/dags/nyc_fhv_gold.py                                    1           0  0.55s           2026-04-30T09:54:31
/opt/airflow/dags/nyc_fhv_silver.py                                  1           0  0.50s           2026-04-30T09:54:31
/opt/airflow/dags/nyc_fhv_quality_check.py                           1           0  0.44s           2026-04-30T09:54:32
/opt/airflow/dags/nyc_fhv_ingestion.py                               1           0  0.37s           2026-04-30T09:54:32
/opt/airflow/dags/nyc_fhv_pipeline.py                                1           0  0.22s           2026-04-30T09:54:36
================================================================================
[2026-04-30T09:55:15.739+0000] {manager.py:878} INFO - 
================================================================================
DAG File Processing Stats

File Path                                   PID    Runtime      # DAGs    # Errors  Last Runtime    Last Run
------------------------------------------  -----  ---------  --------  ----------  --------------  -------------------
/opt/airflow/dags/nyc_fhv_quality_check.py                           1           0  0.38s           2026-04-30T09:55:03
/opt/airflow/dags/nyc_fhv_ingestion.py                               1           0  0.37s           2026-04-30T09:55:03
/opt/airflow/dags/nyc_fhv_pipeline.py                                1           0  0.22s           2026-04-30T09:55:07
/opt/airflow/dags/nyc_fhv_gold.py                                    1           0  0.17s           2026-04-30T09:55:02
/opt/airflow/dags/nyc_fhv_silver.py                                  1           0  0.16s           2026-04-30T09:55:02
================================================================================
[2026-04-30T09:55:45.870+0000] {manager.py:878} INFO - 
================================================================================
DAG File Processing Stats

File Path                                   PID    Runtime      # DAGs    # Errors  Last Runtime    Last Run
------------------------------------------  -----  ---------  --------  ----------  --------------  -------------------
/opt/airflow/dags/nyc_fhv_quality_check.py                           1           0  0.43s           2026-04-30T09:55:34
/opt/airflow/dags/nyc_fhv_ingestion.py                               1           0  0.40s           2026-04-30T09:55:34
/opt/airflow/dags/nyc_fhv_pipeline.py                                1           0  0.39s           2026-04-30T09:55:38
/opt/airflow/dags/nyc_fhv_silver.py                                  1           0  0.31s           2026-04-30T09:55:33
/opt/airflow/dags/nyc_fhv_gold.py                                    1           0  0.30s           2026-04-30T09:55:33
================================================================================
[2026-04-30T09:56:15.923+0000] {manager.py:878} INFO - 
================================================================================
DAG File Processing Stats

File Path                                   PID    Runtime      # DAGs    # Errors  Last Runtime    Last Run
------------------------------------------  -----  ---------  --------  ----------  --------------  -------------------
/opt/airflow/dags/nyc_fhv_quality_check.py                           1           0  0.59s           2026-04-30T09:56:05
/opt/airflow/dags/nyc_fhv_gold.py                                    1           0  0.59s           2026-04-30T09:56:04
/opt/airflow/dags/nyc_fhv_ingestion.py                               1           0  0.57s           2026-04-30T09:56:05
/opt/airflow/dags/nyc_fhv_silver.py                                  1           0  0.55s           2026-04-30T09:56:04
/opt/airflow/dags/nyc_fhv_pipeline.py                                1           0  0.41s           2026-04-30T09:56:08
================================================================================
[2026-04-30T09:56:46.855+0000] {manager.py:878} INFO - 
================================================================================
DAG File Processing Stats

File Path                                   PID    Runtime      # DAGs    # Errors  Last Runtime    Last Run
------------------------------------------  -----  ---------  --------  ----------  --------------  -------------------
/opt/airflow/dags/nyc_fhv_pipeline.py                                1           0  0.30s           2026-04-30T09:56:39
/opt/airflow/dags/nyc_fhv_silver.py                                  1           0  0.27s           2026-04-30T09:56:34
/opt/airflow/dags/nyc_fhv_gold.py                                    1           0  0.24s           2026-04-30T09:56:34
/opt/airflow/dags/nyc_fhv_ingestion.py                               1           0  0.19s           2026-04-30T09:56:36
/opt/airflow/dags/nyc_fhv_quality_check.py                           1           0  0.19s           2026-04-30T09:56:36
================================================================================
[2026-04-30T09:57:16.860+0000] {manager.py:878} INFO - 
================================================================================
DAG File Processing Stats

File Path                                   PID    Runtime      # DAGs    # Errors  Last Runtime    Last Run
------------------------------------------  -----  ---------  --------  ----------  --------------  -------------------
/opt/airflow/dags/nyc_fhv_pipeline.py                                1           0  0.45s           2026-04-30T09:57:10
/opt/airflow/dags/nyc_fhv_quality_check.py                           1           0  0.34s           2026-04-30T09:57:07
/opt/airflow/dags/nyc_fhv_ingestion.py                               1           0  0.34s           2026-04-30T09:57:07
/opt/airflow/dags/nyc_fhv_gold.py                                    1           0  0.21s           2026-04-30T09:57:05
/opt/airflow/dags/nyc_fhv_silver.py                                  1           0  0.19s           2026-04-30T09:57:05
================================================================================
[2026-04-30T09:57:39.160+0000] {manager.py:737} INFO - Searching for files in /opt/airflow/dags
[2026-04-30T09:57:39.287+0000] {manager.py:740} INFO - There are 5 files in /opt/airflow/dags
[2026-04-30T09:57:47.678+0000] {manager.py:878} INFO - 
================================================================================
DAG File Processing Stats

File Path                                   PID    Runtime      # DAGs    # Errors  Last Runtime    Last Run
------------------------------------------  -----  ---------  --------  ----------  --------------  -------------------
/opt/airflow/dags/nyc_fhv_gold.py                                    1           0  0.51s           2026-04-30T09:57:36
/opt/airflow/dags/nyc_fhv_silver.py                                  1           0  0.50s           2026-04-30T09:57:36
/opt/airflow/dags/nyc_fhv_quality_check.py                           1           0  0.40s           2026-04-30T09:57:38
/opt/airflow/dags/nyc_fhv_ingestion.py                               1           0  0.38s           2026-04-30T09:57:38
/opt/airflow/dags/nyc_fhv_pipeline.py                                1           0  0.37s           2026-04-30T09:57:41
================================================================================
[2026-04-30T09:58:17.932+0000] {manager.py:878} INFO - 
================================================================================
DAG File Processing Stats

File Path                                   PID    Runtime      # DAGs    # Errors  Last Runtime    Last Run
------------------------------------------  -----  ---------  --------  ----------  --------------  -------------------
/opt/airflow/dags/nyc_fhv_pipeline.py                                1           0  0.24s           2026-04-30T09:58:12
/opt/airflow/dags/nyc_fhv_gold.py                                    1           0  0.23s           2026-04-30T09:58:06
/opt/airflow/dags/nyc_fhv_silver.py                                  1           0  0.22s           2026-04-30T09:58:06
/opt/airflow/dags/nyc_fhv_ingestion.py                               1           0  0.22s           2026-04-30T09:58:09
/opt/airflow/dags/nyc_fhv_quality_check.py                           1           0  0.22s           2026-04-30T09:58:09
================================================================================
[2026-04-30T09:58:48.813+0000] {manager.py:878} INFO - 
================================================================================
DAG File Processing Stats

File Path                                   PID    Runtime      # DAGs    # Errors  Last Runtime    Last Run
------------------------------------------  -----  ---------  --------  ----------  --------------  -------------------
/opt/airflow/dags/nyc_fhv_quality_check.py                           1           0  0.42s           2026-04-30T09:58:40
/opt/airflow/dags/nyc_fhv_pipeline.py                                1           0  0.38s           2026-04-30T09:58:42
/opt/airflow/dags/nyc_fhv_ingestion.py                               1           0  0.37s           2026-04-30T09:58:40
/opt/airflow/dags/nyc_fhv_gold.py                                    1           0  0.19s           2026-04-30T09:58:36
/opt/airflow/dags/nyc_fhv_silver.py                                  1           0  0.19s           2026-04-30T09:58:36
================================================================================
[2026-04-30T09:59:19.493+0000] {manager.py:878} INFO - 
================================================================================
DAG File Processing Stats

File Path                                   PID    Runtime      # DAGs    # Errors  Last Runtime    Last Run
------------------------------------------  -----  ---------  --------  ----------  --------------  -------------------
/opt/airflow/dags/nyc_fhv_pipeline.py                                1           0  0.56s           2026-04-30T09:59:13
/opt/airflow/dags/nyc_fhv_gold.py                                    1           0  0.39s           2026-04-30T09:59:07
/opt/airflow/dags/nyc_fhv_quality_check.py                           1           0  0.38s           2026-04-30T09:59:10
/opt/airflow/dags/nyc_fhv_ingestion.py                               1           0  0.38s           2026-04-30T09:59:11
/opt/airflow/dags/nyc_fhv_silver.py                                  1           0  0.37s           2026-04-30T09:59:07
================================================================================
[2026-04-30T09:59:49.924+0000] {manager.py:878} INFO - 
================================================================================
DAG File Processing Stats

File Path                                   PID    Runtime      # DAGs    # Errors  Last Runtime    Last Run
------------------------------------------  -----  ---------  --------  ----------  --------------  -------------------
/opt/airflow/dags/nyc_fhv_pipeline.py                                1           0  0.21s           2026-04-30T09:59:44
/opt/airflow/dags/nyc_fhv_gold.py                                    1           0  0.19s           2026-04-30T09:59:38
/opt/airflow/dags/nyc_fhv_ingestion.py                               1           0  0.19s           2026-04-30T09:59:41
/opt/airflow/dags/nyc_fhv_quality_check.py                           1           0  0.18s           2026-04-30T09:59:41
/opt/airflow/dags/nyc_fhv_silver.py                                  1           0  0.18s           2026-04-30T09:59:38
================================================================================
[2026-04-30T10:00:20.196+0000] {manager.py:878} INFO - 
================================================================================
DAG File Processing Stats

File Path                                   PID    Runtime      # DAGs    # Errors  Last Runtime    Last Run
------------------------------------------  -----  ---------  --------  ----------  --------------  -------------------
/opt/airflow/dags/nyc_fhv_ingestion.py                               1           0  0.33s           2026-04-30T10:00:12
/opt/airflow/dags/nyc_fhv_quality_check.py                           1           0  0.31s           2026-04-30T10:00:12
/opt/airflow/dags/nyc_fhv_silver.py                                  1           0  0.27s           2026-04-30T10:00:08
/opt/airflow/dags/nyc_fhv_gold.py                                    1           0  0.25s           2026-04-30T10:00:08
/opt/airflow/dags/nyc_fhv_pipeline.py                                1           0  0.22s           2026-04-30T10:00:14
================================================================================
[2026-04-30T10:00:50.629+0000] {manager.py:878} INFO - 
================================================================================
DAG File Processing Stats

File Path                                   PID    Runtime      # DAGs    # Errors  Last Runtime    Last Run
------------------------------------------  -----  ---------  --------  ----------  --------------  -------------------
/opt/airflow/dags/nyc_fhv_gold.py                                    1           0  0.31s           2026-04-30T10:00:39
/opt/airflow/dags/nyc_fhv_pipeline.py                                1           0  0.26s           2026-04-30T10:00:45
/opt/airflow/dags/nyc_fhv_silver.py                                  1           0  0.22s           2026-04-30T10:00:39
/opt/airflow/dags/nyc_fhv_quality_check.py                           1           0  0.21s           2026-04-30T10:00:42
/opt/airflow/dags/nyc_fhv_ingestion.py                               1           0  0.18s           2026-04-30T10:00:42
================================================================================
[2026-04-30T10:00:56.607+0000] {manager.py:452} INFO - Exiting gracefully upon receiving signal 15
[2026-05-02T14:43:12.693+0000] {manager.py:470} INFO - Processing files using up to 2 processes at a time 
[2026-05-02T14:43:12.695+0000] {manager.py:471} INFO - Process each file at most once every 30 seconds
[2026-05-02T14:43:12.697+0000] {manager.py:472} INFO - Checking for new files in /opt/airflow/dags every 300 seconds
[2026-05-02T14:43:12.699+0000] {manager.py:737} INFO - Searching for files in /opt/airflow/dags
[2026-05-02T14:43:12.990+0000] {manager.py:740} INFO - There are 5 files in /opt/airflow/dags
[2026-05-02T14:43:13.371+0000] {manager.py:878} INFO - 
================================================================================
DAG File Processing Stats

File Path                                     PID  Runtime      # DAGs    # Errors  Last Runtime    Last Run
------------------------------------------  -----  ---------  --------  ----------  --------------  ----------
/opt/airflow/dags/nyc_fhv_gold.py              89  0.23s             0           0
/opt/airflow/dags/nyc_fhv_ingestion.py                               0           0
/opt/airflow/dags/nyc_fhv_pipeline.py                                0           0
/opt/airflow/dags/nyc_fhv_quality_check.py                           0           0
/opt/airflow/dags/nyc_fhv_silver.py            90  0.16s             0           0
================================================================================
[2026-05-02T14:43:35.848+0000] {manager.py:452} INFO - Exiting gracefully upon receiving signal 15
[2026-05-08T18:53:57.071+0000] {manager.py:470} INFO - Processing files using up to 2 processes at a time 
[2026-05-08T18:53:57.075+0000] {manager.py:471} INFO - Process each file at most once every 30 seconds
[2026-05-08T18:53:57.078+0000] {manager.py:472} INFO - Checking for new files in /opt/airflow/dags every 300 seconds
[2026-05-08T18:53:57.079+0000] {manager.py:737} INFO - Searching for files in /opt/airflow/dags
[2026-05-08T18:53:57.376+0000] {manager.py:740} INFO - There are 5 files in /opt/airflow/dags
[2026-05-08T18:53:57.527+0000] {manager.py:878} INFO - 
================================================================================
DAG File Processing Stats

File Path                                         PID  Runtime      # DAGs    # Errors  Last Runtime    Last Run
----------------------------------------------  -----  ---------  --------  ----------  --------------  ----------
/opt/airflow/dags/newyork_fhv_gold.py                                    0           0
/opt/airflow/dags/newyork_fhv_ingestion.py                               0           0
/opt/airflow/dags/newyork_fhv_pipeline.py          75  0.07s             0           0
/opt/airflow/dags/newyork_fhv_quality_check.py                           0           0
/opt/airflow/dags/newyork_fhv_silver.py            76  0.04s             0           0
================================================================================
[2026-05-08T18:54:27.790+0000] {manager.py:878} INFO - 
================================================================================
DAG File Processing Stats

File Path                                       PID    Runtime      # DAGs    # Errors  Last Runtime    Last Run
----------------------------------------------  -----  ---------  --------  ----------  --------------  -------------------
/opt/airflow/dags/newyork_fhv_pipeline.py                                1           0  0.49s           2026-05-08T18:53:57
/opt/airflow/dags/newyork_fhv_silver.py                                  1           0  0.41s           2026-05-08T18:53:57
/opt/airflow/dags/newyork_fhv_quality_check.py                           1           0  0.31s           2026-05-08T18:53:58
/opt/airflow/dags/newyork_fhv_gold.py                                    1           0  0.30s           2026-05-08T18:53:58
/opt/airflow/dags/newyork_fhv_ingestion.py                               1           0  0.28s           2026-05-08T18:53:58
================================================================================
[2026-05-08T18:55:10.344+0000] {manager.py:878} INFO - 
================================================================================
DAG File Processing Stats

File Path                                       PID    Runtime      # DAGs    # Errors  Last Runtime    Last Run
----------------------------------------------  -----  ---------  --------  ----------  --------------  -------------------
/opt/airflow/dags/newyork_fhv_pipeline.py                                1           0  0.98s           2026-05-08T18:54:41
/opt/airflow/dags/newyork_fhv_silver.py                                  1           0  0.87s           2026-05-08T18:54:40
/opt/airflow/dags/newyork_fhv_ingestion.py                               1           0  0.64s           2026-05-08T18:54:41
/opt/airflow/dags/newyork_fhv_gold.py                                    1           0  0.59s           2026-05-08T18:54:42
/opt/airflow/dags/newyork_fhv_quality_check.py                           1           0  0.39s           2026-05-08T18:54:41
================================================================================
[2026-05-08T18:55:42.622+0000] {manager.py:878} INFO - 
================================================================================
DAG File Processing Stats

File Path                                       PID    Runtime      # DAGs    # Errors  Last Runtime    Last Run
----------------------------------------------  -----  ---------  --------  ----------  --------------  -------------------
/opt/airflow/dags/newyork_fhv_pipeline.py                                1           0  0.91s           2026-05-08T18:55:13
/opt/airflow/dags/newyork_fhv_quality_check.py                           1           0  0.63s           2026-05-08T18:55:13
/opt/airflow/dags/newyork_fhv_gold.py                                    1           0  0.52s           2026-05-08T18:55:14
/opt/airflow/dags/newyork_fhv_silver.py                                  1           0  0.40s           2026-05-08T18:55:12
/opt/airflow/dags/newyork_fhv_ingestion.py                               1           0  0.34s           2026-05-08T18:55:13
================================================================================
[2026-05-08T18:56:13.082+0000] {manager.py:878} INFO - 
================================================================================
DAG File Processing Stats

File Path                                       PID    Runtime      # DAGs    # Errors  Last Runtime    Last Run
----------------------------------------------  -----  ---------  --------  ----------  --------------  -------------------
/opt/airflow/dags/newyork_fhv_gold.py                                    1           0  1.00s           2026-05-08T18:55:45
/opt/airflow/dags/newyork_fhv_ingestion.py                               1           0  0.57s           2026-05-08T18:55:45
/opt/airflow/dags/newyork_fhv_quality_check.py                           1           0  0.46s           2026-05-08T18:55:44
/opt/airflow/dags/newyork_fhv_silver.py                                  1           0  0.43s           2026-05-08T18:55:43
/opt/airflow/dags/newyork_fhv_pipeline.py                                1           0  0.36s           2026-05-08T18:55:44
================================================================================
[2026-05-08T18:58:22.698+0000] {manager.py:470} INFO - Processing files using up to 2 processes at a time 
[2026-05-08T18:58:22.701+0000] {manager.py:471} INFO - Process each file at most once every 30 seconds
[2026-05-08T18:58:22.703+0000] {manager.py:472} INFO - Checking for new files in /opt/airflow/dags every 300 seconds
[2026-05-08T18:58:22.712+0000] {manager.py:737} INFO - Searching for files in /opt/airflow/dags
[2026-05-08T18:58:22.900+0000] {manager.py:740} INFO - There are 5 files in /opt/airflow/dags
[2026-05-08T18:58:24.078+0000] {manager.py:878} INFO - 
================================================================================
DAG File Processing Stats

File Path                                         PID  Runtime      # DAGs    # Errors  Last Runtime    Last Run
----------------------------------------------  -----  ---------  --------  ----------  --------------  ----------
/opt/airflow/dags/newyork_fhv_gold.py                                    0           0
/opt/airflow/dags/newyork_fhv_ingestion.py                               0           0
/opt/airflow/dags/newyork_fhv_pipeline.py          86  0.27s             0           0
/opt/airflow/dags/newyork_fhv_quality_check.py                           0           0
/opt/airflow/dags/newyork_fhv_silver.py            87  0.03s             0           0
================================================================================
[2026-05-08T18:58:54.189+0000] {manager.py:878} INFO - 
================================================================================
DAG File Processing Stats

File Path                                       PID    Runtime      # DAGs    # Errors  Last Runtime    Last Run
----------------------------------------------  -----  ---------  --------  ----------  --------------  -------------------
/opt/airflow/dags/newyork_fhv_pipeline.py                                1           0  1.27s           2026-05-08T18:58:25
/opt/airflow/dags/newyork_fhv_silver.py                                  1           0  0.91s           2026-05-08T18:58:24
/opt/airflow/dags/newyork_fhv_quality_check.py                           1           0  0.46s           2026-05-08T18:58:25
/opt/airflow/dags/newyork_fhv_gold.py                                    1           0  0.39s           2026-05-08T18:58:25
/opt/airflow/dags/newyork_fhv_ingestion.py                               1           0  0.36s           2026-05-08T18:58:25
================================================================================
[2026-05-08T18:59:25.022+0000] {manager.py:878} INFO - 
================================================================================
DAG File Processing Stats

File Path                                       PID    Runtime      # DAGs    # Errors  Last Runtime    Last Run
----------------------------------------------  -----  ---------  --------  ----------  --------------  -------------------
/opt/airflow/dags/newyork_fhv_gold.py                                    1           0  0.19s           2026-05-08T18:58:56
/opt/airflow/dags/newyork_fhv_quality_check.py                           1           0  0.16s           2026-05-08T18:58:56
/opt/airflow/dags/newyork_fhv_pipeline.py                                1           0  0.16s           2026-05-08T18:58:55
/opt/airflow/dags/newyork_fhv_ingestion.py                               1           0  0.14s           2026-05-08T18:58:56
/opt/airflow/dags/newyork_fhv_silver.py                                  1           0  0.13s           2026-05-08T18:58:55
================================================================================
[2026-05-08T18:59:55.884+0000] {manager.py:878} INFO - 
================================================================================
DAG File Processing Stats

File Path                                       PID    Runtime      # DAGs    # Errors  Last Runtime    Last Run
----------------------------------------------  -----  ---------  --------  ----------  --------------  -------------------
/opt/airflow/dags/newyork_fhv_gold.py                                    1           0  0.19s           2026-05-08T18:59:27
/opt/airflow/dags/newyork_fhv_pipeline.py                                1           0  0.18s           2026-05-08T18:59:26
/opt/airflow/dags/newyork_fhv_quality_check.py                           1           0  0.15s           2026-05-08T18:59:27
/opt/airflow/dags/newyork_fhv_silver.py                                  1           0  0.14s           2026-05-08T18:59:26
/opt/airflow/dags/newyork_fhv_ingestion.py                               1           0  0.14s           2026-05-08T18:59:27
================================================================================
[2026-05-08T19:00:26.127+0000] {manager.py:878} INFO - 
================================================================================
DAG File Processing Stats

File Path                                       PID    Runtime      # DAGs    # Errors  Last Runtime    Last Run
----------------------------------------------  -----  ---------  --------  ----------  --------------  -------------------
/opt/airflow/dags/newyork_fhv_pipeline.py                                1           0  1.32s           2026-05-08T18:59:58
/opt/airflow/dags/newyork_fhv_quality_check.py                           1           0  0.96s           2026-05-08T18:59:58
/opt/airflow/dags/newyork_fhv_gold.py                                    1           0  0.86s           2026-05-08T18:59:59
/opt/airflow/dags/newyork_fhv_silver.py                                  1           0  0.75s           2026-05-08T18:59:57
/opt/airflow/dags/newyork_fhv_ingestion.py                               1           0  0.69s           2026-05-08T18:59:58
================================================================================
[2026-05-08T19:00:56.472+0000] {manager.py:878} INFO - 
================================================================================
DAG File Processing Stats

File Path                                       PID    Runtime      # DAGs    # Errors  Last Runtime    Last Run
----------------------------------------------  -----  ---------  --------  ----------  --------------  -------------------
/opt/airflow/dags/newyork_fhv_ingestion.py                               1           0  0.73s           2026-05-08T19:00:29
/opt/airflow/dags/newyork_fhv_gold.py                                    1           0  0.62s           2026-05-08T19:00:30
/opt/airflow/dags/newyork_fhv_silver.py                                  1           0  0.29s           2026-05-08T19:00:28
/opt/airflow/dags/newyork_fhv_quality_check.py                           1           0  0.29s           2026-05-08T19:00:29
/opt/airflow/dags/newyork_fhv_pipeline.py                                1           0  0.28s           2026-05-08T19:00:28
================================================================================
[2026-05-08T19:01:27.018+0000] {manager.py:878} INFO - 
================================================================================
DAG File Processing Stats

File Path                                       PID    Runtime      # DAGs    # Errors  Last Runtime    Last Run
----------------------------------------------  -----  ---------  --------  ----------  --------------  -------------------
/opt/airflow/dags/newyork_fhv_silver.py                                  1           0  0.23s           2026-05-08T19:00:58
/opt/airflow/dags/newyork_fhv_pipeline.py                                1           0  0.19s           2026-05-08T19:00:59
/opt/airflow/dags/newyork_fhv_gold.py                                    1           0  0.15s           2026-05-08T19:01:00
/opt/airflow/dags/newyork_fhv_quality_check.py                           1           0  0.13s           2026-05-08T19:00:59
/opt/airflow/dags/newyork_fhv_ingestion.py                               1           0  0.13s           2026-05-08T19:01:00
================================================================================
[2026-05-08T19:01:57.657+0000] {manager.py:878} INFO - 
================================================================================
DAG File Processing Stats

File Path                                       PID    Runtime      # DAGs    # Errors  Last Runtime    Last Run
----------------------------------------------  -----  ---------  --------  ----------  --------------  -------------------
/opt/airflow/dags/newyork_fhv_pipeline.py                                1           0  1.40s           2026-05-08T19:01:31
/opt/airflow/dags/newyork_fhv_quality_check.py                           1           0  1.35s           2026-05-08T19:01:31
/opt/airflow/dags/newyork_fhv_ingestion.py                               1           0  1.17s           2026-05-08T19:01:32
/opt/airflow/dags/newyork_fhv_silver.py                                  1           0  0.76s           2026-05-08T19:01:29
/opt/airflow/dags/newyork_fhv_gold.py                                    1           0  0.71s           2026-05-08T19:01:32
================================================================================
[2026-05-08T19:02:28.180+0000] {manager.py:878} INFO - 
================================================================================
DAG File Processing Stats

File Path                                       PID    Runtime      # DAGs    # Errors  Last Runtime    Last Run
----------------------------------------------  -----  ---------  --------  ----------  --------------  -------------------
/opt/airflow/dags/newyork_fhv_quality_check.py                           1           0  1.43s           2026-05-08T19:02:03
/opt/airflow/dags/newyork_fhv_pipeline.py                                1           0  1.42s           2026-05-08T19:02:03
/opt/airflow/dags/newyork_fhv_gold.py                                    1           0  1.09s           2026-05-08T19:02:04
/opt/airflow/dags/newyork_fhv_ingestion.py                               1           0  0.89s           2026-05-08T19:02:04
/opt/airflow/dags/newyork_fhv_silver.py                                  1           0  0.73s           2026-05-08T19:02:00
================================================================================
[2026-05-08T19:02:58.978+0000] {manager.py:878} INFO - 
================================================================================
DAG File Processing Stats

File Path                                       PID    Runtime      # DAGs    # Errors  Last Runtime    Last Run
----------------------------------------------  -----  ---------  --------  ----------  --------------  -------------------
/opt/airflow/dags/newyork_fhv_pipeline.py                                1           0  0.26s           2026-05-08T19:02:33
/opt/airflow/dags/newyork_fhv_quality_check.py                           1           0  0.20s           2026-05-08T19:02:33
/opt/airflow/dags/newyork_fhv_ingestion.py                               1           0  0.18s           2026-05-08T19:02:34
/opt/airflow/dags/newyork_fhv_silver.py                                  1           0  0.18s           2026-05-08T19:02:31
/opt/airflow/dags/newyork_fhv_gold.py                                    1           0  0.17s           2026-05-08T19:02:35
================================================================================
[2026-05-08T19:03:23.624+0000] {manager.py:737} INFO - Searching for files in /opt/airflow/dags
[2026-05-08T19:03:23.760+0000] {manager.py:740} INFO - There are 5 files in /opt/airflow/dags
[2026-05-08T19:03:29.858+0000] {manager.py:878} INFO - 
================================================================================
DAG File Processing Stats

File Path                                       PID    Runtime      # DAGs    # Errors  Last Runtime    Last Run
----------------------------------------------  -----  ---------  --------  ----------  --------------  -------------------
/opt/airflow/dags/newyork_fhv_pipeline.py                                1           0  0.16s           2026-05-08T19:03:04
/opt/airflow/dags/newyork_fhv_silver.py                                  1           0  0.15s           2026-05-08T19:03:02
/opt/airflow/dags/newyork_fhv_ingestion.py                               1           0  0.15s           2026-05-08T19:03:05
/opt/airflow/dags/newyork_fhv_quality_check.py                           1           0  0.13s           2026-05-08T19:03:04
/opt/airflow/dags/newyork_fhv_gold.py                                    1           0  0.13s           2026-05-08T19:03:06
================================================================================
[2026-05-08T19:04:00.636+0000] {manager.py:878} INFO - 
================================================================================
DAG File Processing Stats

File Path                                       PID    Runtime      # DAGs    # Errors  Last Runtime    Last Run
----------------------------------------------  -----  ---------  --------  ----------  --------------  -------------------
/opt/airflow/dags/newyork_fhv_pipeline.py                                1           0  0.21s           2026-05-08T19:03:35
/opt/airflow/dags/newyork_fhv_silver.py                                  1           0  0.18s           2026-05-08T19:03:33
/opt/airflow/dags/newyork_fhv_quality_check.py                           1           0  0.17s           2026-05-08T19:03:35
/opt/airflow/dags/newyork_fhv_gold.py                                    1           0  0.14s           2026-05-08T19:03:37
/opt/airflow/dags/newyork_fhv_ingestion.py                               1           0  0.13s           2026-05-08T19:03:36
================================================================================
[2026-05-08T19:04:31.370+0000] {manager.py:878} INFO - 
================================================================================
DAG File Processing Stats

File Path                                       PID    Runtime      # DAGs    # Errors  Last Runtime    Last Run
----------------------------------------------  -----  ---------  --------  ----------  --------------  -------------------
/opt/airflow/dags/newyork_fhv_silver.py                                  1           0  0.22s           2026-05-08T19:04:03
/opt/airflow/dags/newyork_fhv_pipeline.py                                1           0  0.16s           2026-05-08T19:04:05
/opt/airflow/dags/newyork_fhv_ingestion.py                               1           0  0.15s           2026-05-08T19:04:06
/opt/airflow/dags/newyork_fhv_quality_check.py                           1           0  0.15s           2026-05-08T19:04:05
/opt/airflow/dags/newyork_fhv_gold.py                                    1           0  0.12s           2026-05-08T19:04:08
================================================================================
[2026-05-08T19:04:44.422+0000] {manager.py:452} INFO - Exiting gracefully upon receiving signal 15
[2026-05-08T19:05:55.096+0000] {manager.py:470} INFO - Processing files using up to 2 processes at a time 
[2026-05-08T19:05:55.098+0000] {manager.py:471} INFO - Process each file at most once every 30 seconds
[2026-05-08T19:05:55.099+0000] {manager.py:472} INFO - Checking for new files in /opt/airflow/dags every 300 seconds
[2026-05-08T19:05:55.101+0000] {manager.py:737} INFO - Searching for files in /opt/airflow/dags
[2026-05-08T19:05:55.247+0000] {manager.py:740} INFO - There are 5 files in /opt/airflow/dags
[2026-05-08T19:05:55.436+0000] {manager.py:878} INFO - 
================================================================================
DAG File Processing Stats

File Path                                         PID  Runtime      # DAGs    # Errors  Last Runtime    Last Run
----------------------------------------------  -----  ---------  --------  ----------  --------------  ----------
/opt/airflow/dags/newyork_fhv_gold.py                                    0           0
/opt/airflow/dags/newyork_fhv_ingestion.py                               0           0
/opt/airflow/dags/newyork_fhv_pipeline.py          76  0.09s             0           0
/opt/airflow/dags/newyork_fhv_quality_check.py                           0           0
/opt/airflow/dags/newyork_fhv_silver.py            77  0.05s             0           0
================================================================================
[2026-05-08T19:06:25.523+0000] {manager.py:878} INFO - 
================================================================================
DAG File Processing Stats

File Path                                       PID    Runtime      # DAGs    # Errors  Last Runtime    Last Run
----------------------------------------------  -----  ---------  --------  ----------  --------------  -------------------
/opt/airflow/dags/newyork_fhv_pipeline.py                                1           0  0.43s           2026-05-08T19:05:55
/opt/airflow/dags/newyork_fhv_silver.py                                  1           0  0.36s           2026-05-08T19:05:55
/opt/airflow/dags/newyork_fhv_ingestion.py                               1           0  0.28s           2026-05-08T19:05:56
/opt/airflow/dags/newyork_fhv_gold.py                                    1           0  0.27s           2026-05-08T19:05:56
/opt/airflow/dags/newyork_fhv_quality_check.py                           1           0  0.25s           2026-05-08T19:05:56
================================================================================
[2026-05-08T19:06:56.343+0000] {manager.py:878} INFO - 
================================================================================
DAG File Processing Stats

File Path                                       PID    Runtime      # DAGs    # Errors  Last Runtime    Last Run
----------------------------------------------  -----  ---------  --------  ----------  --------------  -------------------
/opt/airflow/dags/newyork_fhv_silver.py                                  1           0  0.18s           2026-05-08T19:06:26
/opt/airflow/dags/newyork_fhv_pipeline.py                                1           0  0.18s           2026-05-08T19:06:26
/opt/airflow/dags/newyork_fhv_quality_check.py                           1           0  0.14s           2026-05-08T19:06:26
/opt/airflow/dags/newyork_fhv_ingestion.py                               1           0  0.13s           2026-05-08T19:06:27
/opt/airflow/dags/newyork_fhv_gold.py                                    1           0  0.13s           2026-05-08T19:06:27
================================================================================
[2026-05-08T19:07:26.402+0000] {manager.py:878} INFO - 
================================================================================
DAG File Processing Stats

File Path                                       PID    Runtime      # DAGs    # Errors  Last Runtime    Last Run
----------------------------------------------  -----  ---------  --------  ----------  --------------  -------------------
/opt/airflow/dags/newyork_fhv_ingestion.py                               1           0  0.20s           2026-05-08T19:06:57
/opt/airflow/dags/newyork_fhv_gold.py                                    1           0  0.19s           2026-05-08T19:06:57
/opt/airflow/dags/newyork_fhv_pipeline.py                                1           0  0.19s           2026-05-08T19:06:57
/opt/airflow/dags/newyork_fhv_quality_check.py                           1           0  0.19s           2026-05-08T19:06:57
/opt/airflow/dags/newyork_fhv_silver.py                                  1           0  0.13s           2026-05-08T19:06:57
================================================================================
[2026-05-08T19:07:57.314+0000] {manager.py:878} INFO - 
================================================================================
DAG File Processing Stats

File Path                                       PID    Runtime      # DAGs    # Errors  Last Runtime    Last Run
----------------------------------------------  -----  ---------  --------  ----------  --------------  -------------------
/opt/airflow/dags/newyork_fhv_pipeline.py                                1           0  0.21s           2026-05-08T19:07:28
/opt/airflow/dags/newyork_fhv_gold.py                                    1           0  0.15s           2026-05-08T19:07:29
/opt/airflow/dags/newyork_fhv_quality_check.py                           1           0  0.15s           2026-05-08T19:07:28
/opt/airflow/dags/newyork_fhv_ingestion.py                               1           0  0.14s           2026-05-08T19:07:28
/opt/airflow/dags/newyork_fhv_silver.py                                  1           0  0.13s           2026-05-08T19:07:28
================================================================================
[2026-05-08T19:08:27.356+0000] {manager.py:878} INFO - 
================================================================================
DAG File Processing Stats

File Path                                       PID    Runtime      # DAGs    # Errors  Last Runtime    Last Run
----------------------------------------------  -----  ---------  --------  ----------  --------------  -------------------
/opt/airflow/dags/newyork_fhv_pipeline.py                                1           0  0.19s           2026-05-08T19:07:59
/opt/airflow/dags/newyork_fhv_gold.py                                    1           0  0.15s           2026-05-08T19:07:59
/opt/airflow/dags/newyork_fhv_ingestion.py                               1           0  0.15s           2026-05-08T19:07:59
/opt/airflow/dags/newyork_fhv_quality_check.py                           1           0  0.14s           2026-05-08T19:07:59
/opt/airflow/dags/newyork_fhv_silver.py                                  1           0  0.14s           2026-05-08T19:07:59
================================================================================
[2026-05-08T19:08:57.968+0000] {manager.py:878} INFO - 
================================================================================
DAG File Processing Stats

File Path                                       PID    Runtime      # DAGs    # Errors  Last Runtime    Last Run
----------------------------------------------  -----  ---------  --------  ----------  --------------  -------------------
/opt/airflow/dags/newyork_fhv_pipeline.py                                1           0  0.19s           2026-05-08T19:08:30
/opt/airflow/dags/newyork_fhv_gold.py                                    1           0  0.19s           2026-05-08T19:08:30
/opt/airflow/dags/newyork_fhv_ingestion.py                               1           0  0.19s           2026-05-08T19:08:30
/opt/airflow/dags/newyork_fhv_quality_check.py                           1           0  0.15s           2026-05-08T19:08:30
/opt/airflow/dags/newyork_fhv_silver.py                                  1           0  0.15s           2026-05-08T19:08:30
================================================================================
[2026-05-08T19:09:27.978+0000] {manager.py:878} INFO - 
================================================================================
DAG File Processing Stats

File Path                                       PID    Runtime      # DAGs    # Errors  Last Runtime    Last Run
----------------------------------------------  -----  ---------  --------  ----------  --------------  -------------------
/opt/airflow/dags/newyork_fhv_quality_check.py                           1           0  0.18s           2026-05-08T19:09:01
/opt/airflow/dags/newyork_fhv_pipeline.py                                1           0  0.18s           2026-05-08T19:09:01
/opt/airflow/dags/newyork_fhv_ingestion.py                               1           0  0.14s           2026-05-08T19:09:01
/opt/airflow/dags/newyork_fhv_silver.py                                  1           0  0.14s           2026-05-08T19:09:01
/opt/airflow/dags/newyork_fhv_gold.py                                    1           0  0.13s           2026-05-08T19:09:01
================================================================================
[2026-05-08T19:09:58.749+0000] {manager.py:878} INFO - 
================================================================================
DAG File Processing Stats

File Path                                       PID    Runtime      # DAGs    # Errors  Last Runtime    Last Run
----------------------------------------------  -----  ---------  --------  ----------  --------------  -------------------
/opt/airflow/dags/newyork_fhv_ingestion.py                               1           0  0.20s           2026-05-08T19:09:32
/opt/airflow/dags/newyork_fhv_quality_check.py                           1           0  0.19s           2026-05-08T19:09:32
/opt/airflow/dags/newyork_fhv_gold.py                                    1           0  0.18s           2026-05-08T19:09:32
/opt/airflow/dags/newyork_fhv_pipeline.py                                1           0  0.16s           2026-05-08T19:09:32
/opt/airflow/dags/newyork_fhv_silver.py                                  1           0  0.11s           2026-05-08T19:09:32
================================================================================
[2026-05-08T19:10:28.825+0000] {manager.py:878} INFO - 
================================================================================
DAG File Processing Stats

File Path                                       PID    Runtime      # DAGs    # Errors  Last Runtime    Last Run
----------------------------------------------  -----  ---------  --------  ----------  --------------  -------------------
/opt/airflow/dags/newyork_fhv_pipeline.py                                1           0  0.22s           2026-05-08T19:10:03
/opt/airflow/dags/newyork_fhv_quality_check.py                           1           0  0.18s           2026-05-08T19:10:03
/opt/airflow/dags/newyork_fhv_ingestion.py                               1           0  0.17s           2026-05-08T19:10:03
/opt/airflow/dags/newyork_fhv_silver.py                                  1           0  0.17s           2026-05-08T19:10:03
/opt/airflow/dags/newyork_fhv_gold.py                                    1           0  0.16s           2026-05-08T19:10:03
================================================================================
[2026-05-08T19:10:55.665+0000] {manager.py:737} INFO - Searching for files in /opt/airflow/dags
[2026-05-08T19:10:55.861+0000] {manager.py:740} INFO - There are 5 files in /opt/airflow/dags
[2026-05-08T19:10:58.952+0000] {manager.py:878} INFO - 
================================================================================
DAG File Processing Stats

File Path                                       PID    Runtime      # DAGs    # Errors  Last Runtime    Last Run
----------------------------------------------  -----  ---------  --------  ----------  --------------  -------------------
/opt/airflow/dags/newyork_fhv_pipeline.py                                1           0  0.21s           2026-05-08T19:10:34
/opt/airflow/dags/newyork_fhv_ingestion.py                               1           0  0.18s           2026-05-08T19:10:34
/opt/airflow/dags/newyork_fhv_gold.py                                    1           0  0.17s           2026-05-08T19:10:34
/opt/airflow/dags/newyork_fhv_silver.py                                  1           0  0.16s           2026-05-08T19:10:34
/opt/airflow/dags/newyork_fhv_quality_check.py                           1           0  0.13s           2026-05-08T19:10:34
================================================================================
[2026-05-08T19:11:29.092+0000] {manager.py:878} INFO - 
================================================================================
DAG File Processing Stats

File Path                                       PID    Runtime      # DAGs    # Errors  Last Runtime    Last Run
----------------------------------------------  -----  ---------  --------  ----------  --------------  -------------------
/opt/airflow/dags/newyork_fhv_quality_check.py                           1           0  0.22s           2026-05-08T19:11:05
/opt/airflow/dags/newyork_fhv_pipeline.py                                1           0  0.21s           2026-05-08T19:11:05
/opt/airflow/dags/newyork_fhv_ingestion.py                               1           0  0.17s           2026-05-08T19:11:05
/opt/airflow/dags/newyork_fhv_silver.py                                  1           0  0.16s           2026-05-08T19:11:05
/opt/airflow/dags/newyork_fhv_gold.py                                    1           0  0.16s           2026-05-08T19:11:05
================================================================================
[2026-05-08T19:11:59.489+0000] {manager.py:878} INFO - 
================================================================================
DAG File Processing Stats

File Path                                       PID    Runtime      # DAGs    # Errors  Last Runtime    Last Run
----------------------------------------------  -----  ---------  --------  ----------  --------------  -------------------
/opt/airflow/dags/newyork_fhv_pipeline.py                                1           0  0.20s           2026-05-08T19:11:36
/opt/airflow/dags/newyork_fhv_quality_check.py                           1           0  0.19s           2026-05-08T19:11:36
/opt/airflow/dags/newyork_fhv_silver.py                                  1           0  0.14s           2026-05-08T19:11:36
/opt/airflow/dags/newyork_fhv_ingestion.py                               1           0  0.13s           2026-05-08T19:11:36
/opt/airflow/dags/newyork_fhv_gold.py                                    1           0  0.12s           2026-05-08T19:11:36
================================================================================
[2026-05-08T19:12:29.558+0000] {manager.py:878} INFO - 
================================================================================
DAG File Processing Stats

File Path                                       PID    Runtime      # DAGs    # Errors  Last Runtime    Last Run
----------------------------------------------  -----  ---------  --------  ----------  --------------  -------------------
/opt/airflow/dags/newyork_fhv_pipeline.py                                1           0  0.20s           2026-05-08T19:12:06
/opt/airflow/dags/newyork_fhv_silver.py                                  1           0  0.15s           2026-05-08T19:12:06
/opt/airflow/dags/newyork_fhv_quality_check.py                           1           0  0.14s           2026-05-08T19:12:06
/opt/airflow/dags/newyork_fhv_ingestion.py                               1           0  0.13s           2026-05-08T19:12:07
/opt/airflow/dags/newyork_fhv_gold.py                                    1           0  0.12s           2026-05-08T19:12:07
================================================================================
[2026-05-08T19:13:00.499+0000] {manager.py:878} INFO - 
================================================================================
DAG File Processing Stats

File Path                                       PID    Runtime      # DAGs    # Errors  Last Runtime    Last Run
----------------------------------------------  -----  ---------  --------  ----------  --------------  -------------------
/opt/airflow/dags/newyork_fhv_pipeline.py                                1           0  0.15s           2026-05-08T19:12:37
/opt/airflow/dags/newyork_fhv_gold.py                                    1           0  0.13s           2026-05-08T19:12:38
/opt/airflow/dags/newyork_fhv_ingestion.py                               1           0  0.12s           2026-05-08T19:12:38
/opt/airflow/dags/newyork_fhv_quality_check.py                           1           0  0.12s           2026-05-08T19:12:37
/opt/airflow/dags/newyork_fhv_silver.py                                  1           0  0.12s           2026-05-08T19:12:37
================================================================================
[2026-05-08T19:13:31.337+0000] {manager.py:878} INFO - 
================================================================================
DAG File Processing Stats

File Path                                       PID    Runtime      # DAGs    # Errors  Last Runtime    Last Run
----------------------------------------------  -----  ---------  --------  ----------  --------------  -------------------
/opt/airflow/dags/newyork_fhv_pipeline.py                                1           0  0.19s           2026-05-08T19:13:08
/opt/airflow/dags/newyork_fhv_silver.py                                  1           0  0.15s           2026-05-08T19:13:08
/opt/airflow/dags/newyork_fhv_quality_check.py                           1           0  0.12s           2026-05-08T19:13:08
/opt/airflow/dags/newyork_fhv_ingestion.py                               1           0  0.11s           2026-05-08T19:13:09
/opt/airflow/dags/newyork_fhv_gold.py                                    1           0  0.10s           2026-05-08T19:13:09
================================================================================
[2026-05-08T19:14:02.223+0000] {manager.py:878} INFO - 
================================================================================
DAG File Processing Stats

File Path                                       PID    Runtime      # DAGs    # Errors  Last Runtime    Last Run
----------------------------------------------  -----  ---------  --------  ----------  --------------  -------------------
/opt/airflow/dags/newyork_fhv_pipeline.py                                1           0  0.18s           2026-05-08T19:13:39
/opt/airflow/dags/newyork_fhv_ingestion.py                               1           0  0.15s           2026-05-08T19:13:39
/opt/airflow/dags/newyork_fhv_gold.py                                    1           0  0.15s           2026-05-08T19:13:40
/opt/airflow/dags/newyork_fhv_quality_check.py                           1           0  0.15s           2026-05-08T19:13:39
/opt/airflow/dags/newyork_fhv_silver.py                                  1           0  0.14s           2026-05-08T19:13:39
================================================================================
[2026-05-08T19:14:33.127+0000] {manager.py:878} INFO - 
================================================================================
DAG File Processing Stats

File Path                                       PID    Runtime      # DAGs    # Errors  Last Runtime    Last Run
----------------------------------------------  -----  ---------  --------  ----------  --------------  -------------------
/opt/airflow/dags/newyork_fhv_pipeline.py                                1           0  0.17s           2026-05-08T19:14:10
/opt/airflow/dags/newyork_fhv_ingestion.py                               1           0  0.14s           2026-05-08T19:14:10
/opt/airflow/dags/newyork_fhv_quality_check.py                           1           0  0.13s           2026-05-08T19:14:10
/opt/airflow/dags/newyork_fhv_silver.py                                  1           0  0.13s           2026-05-08T19:14:10
/opt/airflow/dags/newyork_fhv_gold.py                                    1           0  0.10s           2026-05-08T19:14:10
================================================================================
[2026-05-08T19:15:03.948+0000] {manager.py:878} INFO - 
================================================================================
DAG File Processing Stats

File Path                                       PID    Runtime      # DAGs    # Errors  Last Runtime    Last Run
----------------------------------------------  -----  ---------  --------  ----------  --------------  -------------------
/opt/airflow/dags/newyork_fhv_pipeline.py                                1           0  0.16s           2026-05-08T19:14:41
/opt/airflow/dags/newyork_fhv_ingestion.py                               1           0  0.14s           2026-05-08T19:14:41
/opt/airflow/dags/newyork_fhv_gold.py                                    1           0  0.13s           2026-05-08T19:14:41
/opt/airflow/dags/newyork_fhv_silver.py                                  1           0  0.12s           2026-05-08T19:14:41
/opt/airflow/dags/newyork_fhv_quality_check.py                           1           0  0.12s           2026-05-08T19:14:41
================================================================================
[2026-05-08T19:15:34.069+0000] {manager.py:878} INFO - 
================================================================================
DAG File Processing Stats

File Path                                       PID    Runtime      # DAGs    # Errors  Last Runtime    Last Run
----------------------------------------------  -----  ---------  --------  ----------  --------------  -------------------
/opt/airflow/dags/newyork_fhv_pipeline.py                                1           0  0.19s           2026-05-08T19:15:12
/opt/airflow/dags/newyork_fhv_quality_check.py                           1           0  0.17s           2026-05-08T19:15:12
/opt/airflow/dags/newyork_fhv_silver.py                                  1           0  0.14s           2026-05-08T19:15:12
/opt/airflow/dags/newyork_fhv_ingestion.py                               1           0  0.14s           2026-05-08T19:15:12
/opt/airflow/dags/newyork_fhv_gold.py                                    1           0  0.13s           2026-05-08T19:15:12
================================================================================
[2026-05-08T19:15:55.701+0000] {manager.py:737} INFO - Searching for files in /opt/airflow/dags
[2026-05-08T19:15:55.911+0000] {manager.py:740} INFO - There are 5 files in /opt/airflow/dags
[2026-05-08T19:16:04.077+0000] {manager.py:878} INFO - 
================================================================================
DAG File Processing Stats

File Path                                       PID    Runtime      # DAGs    # Errors  Last Runtime    Last Run
----------------------------------------------  -----  ---------  --------  ----------  --------------  -------------------
/opt/airflow/dags/newyork_fhv_ingestion.py                               1           0  0.16s           2026-05-08T19:15:43
/opt/airflow/dags/newyork_fhv_pipeline.py                                1           0  0.16s           2026-05-08T19:15:43
/opt/airflow/dags/newyork_fhv_gold.py                                    1           0  0.15s           2026-05-08T19:15:43
/opt/airflow/dags/newyork_fhv_quality_check.py                           1           0  0.14s           2026-05-08T19:15:43
/opt/airflow/dags/newyork_fhv_silver.py                                  1           0  0.12s           2026-05-08T19:15:43
================================================================================
[2026-05-08T19:16:35.039+0000] {manager.py:878} INFO - 
================================================================================
DAG File Processing Stats

File Path                                       PID    Runtime      # DAGs    # Errors  Last Runtime    Last Run
----------------------------------------------  -----  ---------  --------  ----------  --------------  -------------------
/opt/airflow/dags/newyork_fhv_pipeline.py                                1           0  0.20s           2026-05-08T19:16:14
/opt/airflow/dags/newyork_fhv_gold.py                                    1           0  0.19s           2026-05-08T19:16:14
/opt/airflow/dags/newyork_fhv_ingestion.py                               1           0  0.18s           2026-05-08T19:16:14
/opt/airflow/dags/newyork_fhv_silver.py                                  1           0  0.14s           2026-05-08T19:16:14
/opt/airflow/dags/newyork_fhv_quality_check.py                           1           0  0.14s           2026-05-08T19:16:14
================================================================================
[2026-05-08T19:17:05.972+0000] {manager.py:878} INFO - 
================================================================================
DAG File Processing Stats

File Path                                       PID    Runtime      # DAGs    # Errors  Last Runtime    Last Run
----------------------------------------------  -----  ---------  --------  ----------  --------------  -------------------
/opt/airflow/dags/newyork_fhv_pipeline.py                                1           0  0.17s           2026-05-08T19:16:45
/opt/airflow/dags/newyork_fhv_quality_check.py                           1           0  0.15s           2026-05-08T19:16:45
/opt/airflow/dags/newyork_fhv_silver.py                                  1           0  0.13s           2026-05-08T19:16:45
/opt/airflow/dags/newyork_fhv_ingestion.py                               1           0  0.13s           2026-05-08T19:16:45
/opt/airflow/dags/newyork_fhv_gold.py                                    1           0  0.12s           2026-05-08T19:16:45
================================================================================
[2026-05-08T19:17:36.797+0000] {manager.py:878} INFO - 
================================================================================
DAG File Processing Stats

File Path                                       PID    Runtime      # DAGs    # Errors  Last Runtime    Last Run
----------------------------------------------  -----  ---------  --------  ----------  --------------  -------------------
/opt/airflow/dags/newyork_fhv_pipeline.py                                1           0  0.16s           2026-05-08T19:17:16
/opt/airflow/dags/newyork_fhv_quality_check.py                           1           0  0.15s           2026-05-08T19:17:16
/opt/airflow/dags/newyork_fhv_ingestion.py                               1           0  0.14s           2026-05-08T19:17:16
/opt/airflow/dags/newyork_fhv_silver.py                                  1           0  0.13s           2026-05-08T19:17:16
/opt/airflow/dags/newyork_fhv_gold.py                                    1           0  0.13s           2026-05-08T19:17:16
================================================================================
[2026-05-08T19:18:07.638+0000] {manager.py:878} INFO - 
================================================================================
DAG File Processing Stats

File Path                                       PID    Runtime      # DAGs    # Errors  Last Runtime    Last Run
----------------------------------------------  -----  ---------  --------  ----------  --------------  -------------------
/opt/airflow/dags/newyork_fhv_pipeline.py                                1           0  0.17s           2026-05-08T19:17:47
/opt/airflow/dags/newyork_fhv_silver.py                                  1           0  0.13s           2026-05-08T19:17:47
/opt/airflow/dags/newyork_fhv_quality_check.py                           1           0  0.13s           2026-05-08T19:17:47
/opt/airflow/dags/newyork_fhv_ingestion.py                               1           0  0.12s           2026-05-08T19:17:47
/opt/airflow/dags/newyork_fhv_gold.py                                    1           0  0.11s           2026-05-08T19:17:47
================================================================================
[2026-05-08T19:18:38.494+0000] {manager.py:878} INFO - 
================================================================================
DAG File Processing Stats

File Path                                       PID    Runtime      # DAGs    # Errors  Last Runtime    Last Run
----------------------------------------------  -----  ---------  --------  ----------  --------------  -------------------
/opt/airflow/dags/newyork_fhv_pipeline.py                                1           0  0.15s           2026-05-08T19:18:17
/opt/airflow/dags/newyork_fhv_quality_check.py                           1           0  0.13s           2026-05-08T19:18:18
/opt/airflow/dags/newyork_fhv_silver.py                                  1           0  0.12s           2026-05-08T19:18:17
/opt/airflow/dags/newyork_fhv_ingestion.py                               1           0  0.11s           2026-05-08T19:18:18
/opt/airflow/dags/newyork_fhv_gold.py                                    1           0  0.11s           2026-05-08T19:18:18
================================================================================
[2026-05-08T19:19:09.321+0000] {manager.py:878} INFO - 
================================================================================
DAG File Processing Stats

File Path                                       PID    Runtime      # DAGs    # Errors  Last Runtime    Last Run
----------------------------------------------  -----  ---------  --------  ----------  --------------  -------------------
/opt/airflow/dags/newyork_fhv_pipeline.py                                1           0  0.14s           2026-05-08T19:18:48
/opt/airflow/dags/newyork_fhv_quality_check.py                           1           0  0.12s           2026-05-08T19:18:48
/opt/airflow/dags/newyork_fhv_silver.py                                  1           0  0.12s           2026-05-08T19:18:48
/opt/airflow/dags/newyork_fhv_gold.py                                    1           0  0.11s           2026-05-08T19:18:49
/opt/airflow/dags/newyork_fhv_ingestion.py                               1           0  0.11s           2026-05-08T19:18:49
================================================================================
[2026-05-08T19:19:40.183+0000] {manager.py:878} INFO - 
================================================================================
DAG File Processing Stats

File Path                                       PID    Runtime      # DAGs    # Errors  Last Runtime    Last Run
----------------------------------------------  -----  ---------  --------  ----------  --------------  -------------------
/opt/airflow/dags/newyork_fhv_ingestion.py                               1           0  0.17s           2026-05-08T19:19:19
/opt/airflow/dags/newyork_fhv_pipeline.py                                1           0  0.15s           2026-05-08T19:19:19
/opt/airflow/dags/newyork_fhv_gold.py                                    1           0  0.15s           2026-05-08T19:19:19
/opt/airflow/dags/newyork_fhv_silver.py                                  1           0  0.12s           2026-05-08T19:19:19
/opt/airflow/dags/newyork_fhv_quality_check.py                           1           0  0.11s           2026-05-08T19:19:19
================================================================================
[2026-05-08T19:20:11.020+0000] {manager.py:878} INFO - 
================================================================================
DAG File Processing Stats

File Path                                       PID    Runtime      # DAGs    # Errors  Last Runtime    Last Run
----------------------------------------------  -----  ---------  --------  ----------  --------------  -------------------
/opt/airflow/dags/newyork_fhv_pipeline.py                                1           0  0.21s           2026-05-08T19:19:50
/opt/airflow/dags/newyork_fhv_silver.py                                  1           0  0.17s           2026-05-08T19:19:50
/opt/airflow/dags/newyork_fhv_quality_check.py                           1           0  0.13s           2026-05-08T19:19:50
/opt/airflow/dags/newyork_fhv_ingestion.py                               1           0  0.12s           2026-05-08T19:19:50
/opt/airflow/dags/newyork_fhv_gold.py                                    1           0  0.12s           2026-05-08T19:19:50
================================================================================
[2026-05-08T19:20:41.904+0000] {manager.py:878} INFO - 
================================================================================
DAG File Processing Stats

File Path                                       PID    Runtime      # DAGs    # Errors  Last Runtime    Last Run
----------------------------------------------  -----  ---------  --------  ----------  --------------  -------------------
/opt/airflow/dags/newyork_fhv_pipeline.py                                1           0  0.22s           2026-05-08T19:20:21
/opt/airflow/dags/newyork_fhv_silver.py                                  1           0  0.18s           2026-05-08T19:20:21
/opt/airflow/dags/newyork_fhv_quality_check.py                           1           0  0.13s           2026-05-08T19:20:21
/opt/airflow/dags/newyork_fhv_ingestion.py                               1           0  0.12s           2026-05-08T19:20:21
/opt/airflow/dags/newyork_fhv_gold.py                                    1           0  0.12s           2026-05-08T19:20:21
================================================================================
[2026-05-08T19:20:56.598+0000] {manager.py:737} INFO - Searching for files in /opt/airflow/dags
[2026-05-08T19:20:56.812+0000] {manager.py:740} INFO - There are 5 files in /opt/airflow/dags
[2026-05-08T19:21:12.132+0000] {manager.py:878} INFO - 
================================================================================
DAG File Processing Stats

File Path                                       PID    Runtime      # DAGs    # Errors  Last Runtime    Last Run
----------------------------------------------  -----  ---------  --------  ----------  --------------  -------------------
/opt/airflow/dags/newyork_fhv_pipeline.py                                1           0  0.19s           2026-05-08T19:20:52
/opt/airflow/dags/newyork_fhv_silver.py                                  1           0  0.15s           2026-05-08T19:20:52
/opt/airflow/dags/newyork_fhv_quality_check.py                           1           0  0.15s           2026-05-08T19:20:52
/opt/airflow/dags/newyork_fhv_ingestion.py                               1           0  0.12s           2026-05-08T19:20:52
/opt/airflow/dags/newyork_fhv_gold.py                                    1           0  0.12s           2026-05-08T19:20:52
================================================================================
[2026-05-08T19:21:42.892+0000] {manager.py:878} INFO - 
================================================================================
DAG File Processing Stats

File Path                                       PID    Runtime      # DAGs    # Errors  Last Runtime    Last Run
----------------------------------------------  -----  ---------  --------  ----------  --------------  -------------------
/opt/airflow/dags/newyork_fhv_pipeline.py                                1           0  0.16s           2026-05-08T19:21:22
/opt/airflow/dags/newyork_fhv_ingestion.py                               1           0  0.13s           2026-05-08T19:21:22
/opt/airflow/dags/newyork_fhv_gold.py                                    1           0  0.13s           2026-05-08T19:21:22
/opt/airflow/dags/newyork_fhv_quality_check.py                           1           0  0.12s           2026-05-08T19:21:22
/opt/airflow/dags/newyork_fhv_silver.py                                  1           0  0.11s           2026-05-08T19:21:22
================================================================================
[2026-05-08T19:22:12.946+0000] {manager.py:878} INFO - 
================================================================================
DAG File Processing Stats

File Path                                       PID    Runtime      # DAGs    # Errors  Last Runtime    Last Run
----------------------------------------------  -----  ---------  --------  ----------  --------------  -------------------
/opt/airflow/dags/newyork_fhv_pipeline.py                                1           0  0.21s           2026-05-08T19:21:53
/opt/airflow/dags/newyork_fhv_silver.py                                  1           0  0.17s           2026-05-08T19:21:53
/opt/airflow/dags/newyork_fhv_gold.py                                    1           0  0.15s           2026-05-08T19:21:51
/opt/airflow/dags/newyork_fhv_ingestion.py                               1           0  0.13s           2026-05-08T19:21:53
/opt/airflow/dags/newyork_fhv_quality_check.py                           1           0  0.12s           2026-05-08T19:21:53
================================================================================
[2026-05-08T19:22:43.448+0000] {manager.py:878} INFO - 
================================================================================
DAG File Processing Stats

File Path                                       PID    Runtime      # DAGs    # Errors  Last Runtime    Last Run
----------------------------------------------  -----  ---------  --------  ----------  --------------  -------------------
/opt/airflow/dags/newyork_fhv_pipeline.py                                1           0  0.33s           2026-05-08T19:22:29
/opt/airflow/dags/newyork_fhv_silver.py                                  1           0  0.27s           2026-05-08T19:22:29
/opt/airflow/dags/newyork_fhv_ingestion.py                               1           0  0.22s           2026-05-08T19:22:29
/opt/airflow/dags/newyork_fhv_quality_check.py                           1           0  0.18s           2026-05-08T19:22:29
/opt/airflow/dags/newyork_fhv_gold.py                                    1           0  0.13s           2026-05-08T19:22:22
================================================================================
[2026-05-08T19:23:13.464+0000] {manager.py:878} INFO - 
================================================================================
DAG File Processing Stats

File Path                                       PID    Runtime      # DAGs    # Errors  Last Runtime    Last Run
----------------------------------------------  -----  ---------  --------  ----------  --------------  -------------------
/opt/airflow/dags/newyork_fhv_pipeline.py                                1           0  0.21s           2026-05-08T19:22:59
/opt/airflow/dags/newyork_fhv_gold.py                                    1           0  0.17s           2026-05-08T19:22:52
/opt/airflow/dags/newyork_fhv_silver.py                                  1           0  0.15s           2026-05-08T19:22:59
/opt/airflow/dags/newyork_fhv_quality_check.py                           1           0  0.13s           2026-05-08T19:23:00
/opt/airflow/dags/newyork_fhv_ingestion.py                               1           0  0.13s           2026-05-08T19:23:00
================================================================================
[2026-05-08T19:23:44.260+0000] {manager.py:878} INFO - 
================================================================================
DAG File Processing Stats

File Path                                       PID    Runtime      # DAGs    # Errors  Last Runtime    Last Run
----------------------------------------------  -----  ---------  --------  ----------  --------------  -------------------
/opt/airflow/dags/newyork_fhv_gold.py                                    1           0  0.20s           2026-05-08T19:23:23
/opt/airflow/dags/newyork_fhv_pipeline.py                                1           0  0.19s           2026-05-08T19:23:30
/opt/airflow/dags/newyork_fhv_silver.py                                  1           0  0.15s           2026-05-08T19:23:30
/opt/airflow/dags/newyork_fhv_quality_check.py                           1           0  0.11s           2026-05-08T19:23:31
/opt/airflow/dags/newyork_fhv_ingestion.py                               1           0  0.11s           2026-05-08T19:23:31
================================================================================
[2026-05-08T19:24:14.353+0000] {manager.py:878} INFO - 
================================================================================
DAG File Processing Stats

File Path                                       PID    Runtime      # DAGs    # Errors  Last Runtime    Last Run
----------------------------------------------  -----  ---------  --------  ----------  --------------  -------------------
/opt/airflow/dags/newyork_fhv_pipeline.py                                1           0  0.18s           2026-05-08T19:24:01
/opt/airflow/dags/newyork_fhv_quality_check.py                           1           0  0.15s           2026-05-08T19:24:02
/opt/airflow/dags/newyork_fhv_ingestion.py                               1           0  0.14s           2026-05-08T19:24:02
/opt/airflow/dags/newyork_fhv_gold.py                                    1           0  0.13s           2026-05-08T19:23:54
/opt/airflow/dags/newyork_fhv_silver.py                                  1           0  0.13s           2026-05-08T19:24:01
================================================================================
[2026-05-08T19:24:45.122+0000] {manager.py:878} INFO - 
================================================================================
DAG File Processing Stats

File Path                                       PID    Runtime      # DAGs    # Errors  Last Runtime    Last Run
----------------------------------------------  -----  ---------  --------  ----------  --------------  -------------------
/opt/airflow/dags/newyork_fhv_gold.py                                    1           0  0.18s           2026-05-08T19:24:25
/opt/airflow/dags/newyork_fhv_pipeline.py                                1           0  0.16s           2026-05-08T19:24:32
/opt/airflow/dags/newyork_fhv_ingestion.py                               1           0  0.14s           2026-05-08T19:24:33
/opt/airflow/dags/newyork_fhv_silver.py                                  1           0  0.13s           2026-05-08T19:24:32
/opt/airflow/dags/newyork_fhv_quality_check.py                           1           0  0.12s           2026-05-08T19:24:32
================================================================================
[2026-05-08T19:25:16.012+0000] {manager.py:878} INFO - 
================================================================================
DAG File Processing Stats

File Path                                       PID    Runtime      # DAGs    # Errors  Last Runtime    Last Run
----------------------------------------------  -----  ---------  --------  ----------  --------------  -------------------
/opt/airflow/dags/newyork_fhv_gold.py                                    1           0  0.20s           2026-05-08T19:24:56
/opt/airflow/dags/newyork_fhv_pipeline.py                                1           0  0.15s           2026-05-08T19:25:03
/opt/airflow/dags/newyork_fhv_ingestion.py                               1           0  0.12s           2026-05-08T19:25:03
/opt/airflow/dags/newyork_fhv_silver.py                                  1           0  0.12s           2026-05-08T19:25:03
/opt/airflow/dags/newyork_fhv_quality_check.py                           1           0  0.12s           2026-05-08T19:25:03
================================================================================
[2026-05-08T19:25:46.949+0000] {manager.py:878} INFO - 
================================================================================
DAG File Processing Stats

File Path                                       PID    Runtime      # DAGs    # Errors  Last Runtime    Last Run
----------------------------------------------  -----  ---------  --------  ----------  --------------  -------------------
/opt/airflow/dags/newyork_fhv_pipeline.py                                1           0  0.16s           2026-05-08T19:25:34
/opt/airflow/dags/newyork_fhv_gold.py                                    1           0  0.15s           2026-05-08T19:25:27
/opt/airflow/dags/newyork_fhv_ingestion.py                               1           0  0.14s           2026-05-08T19:25:34
/opt/airflow/dags/newyork_fhv_quality_check.py                           1           0  0.13s           2026-05-08T19:25:34
/opt/airflow/dags/newyork_fhv_silver.py                                  1           0  0.12s           2026-05-08T19:25:34
================================================================================
[2026-05-08T19:25:57.112+0000] {manager.py:737} INFO - Searching for files in /opt/airflow/dags
[2026-05-08T19:25:57.321+0000] {manager.py:740} INFO - There are 5 files in /opt/airflow/dags
[2026-05-08T19:26:17.202+0000] {manager.py:878} INFO - 
================================================================================
DAG File Processing Stats

File Path                                       PID    Runtime      # DAGs    # Errors  Last Runtime    Last Run
----------------------------------------------  -----  ---------  --------  ----------  --------------  -------------------
/opt/airflow/dags/newyork_fhv_pipeline.py                                1           0  0.19s           2026-05-08T19:26:04
/opt/airflow/dags/newyork_fhv_quality_check.py                           1           0  0.19s           2026-05-08T19:26:05
/opt/airflow/dags/newyork_fhv_gold.py                                    1           0  0.19s           2026-05-08T19:25:58
/opt/airflow/dags/newyork_fhv_silver.py                                  1           0  0.15s           2026-05-08T19:26:04
/opt/airflow/dags/newyork_fhv_ingestion.py                               1           0  0.12s           2026-05-08T19:26:05
================================================================================
[2026-05-08T19:26:47.346+0000] {manager.py:878} INFO - 
================================================================================
DAG File Processing Stats

File Path                                       PID    Runtime      # DAGs    # Errors  Last Runtime    Last Run
----------------------------------------------  -----  ---------  --------  ----------  --------------  -------------------
/opt/airflow/dags/newyork_fhv_gold.py                                    1           0  0.22s           2026-05-08T19:26:29
/opt/airflow/dags/newyork_fhv_pipeline.py                                1           0  0.18s           2026-05-08T19:26:35
/opt/airflow/dags/newyork_fhv_silver.py                                  1           0  0.12s           2026-05-08T19:26:35
/opt/airflow/dags/newyork_fhv_ingestion.py                               1           0  0.12s           2026-05-08T19:26:36
/opt/airflow/dags/newyork_fhv_quality_check.py                           1           0  0.11s           2026-05-08T19:26:36
================================================================================
[2026-05-08T19:27:17.931+0000] {manager.py:878} INFO - 
================================================================================
DAG File Processing Stats

File Path                                       PID    Runtime      # DAGs    # Errors  Last Runtime    Last Run
----------------------------------------------  -----  ---------  --------  ----------  --------------  -------------------
/opt/airflow/dags/newyork_fhv_pipeline.py                                1           0  0.24s           2026-05-08T19:27:10
/opt/airflow/dags/newyork_fhv_gold.py                                    1           0  0.23s           2026-05-08T19:27:00
/opt/airflow/dags/newyork_fhv_silver.py                                  1           0  0.18s           2026-05-08T19:27:10
/opt/airflow/dags/newyork_fhv_quality_check.py                           1           0  0.14s           2026-05-08T19:27:10
/opt/airflow/dags/newyork_fhv_ingestion.py                               1           0  0.12s           2026-05-08T19:27:10
================================================================================
[2026-05-08T19:27:48.065+0000] {manager.py:878} INFO - 
================================================================================
DAG File Processing Stats

File Path                                       PID    Runtime      # DAGs    # Errors  Last Runtime    Last Run
----------------------------------------------  -----  ---------  --------  ----------  --------------  -------------------
/opt/airflow/dags/newyork_fhv_gold.py                                    1           0  0.20s           2026-05-08T19:27:31
/opt/airflow/dags/newyork_fhv_pipeline.py                                1           0  0.19s           2026-05-08T19:27:41
/opt/airflow/dags/newyork_fhv_ingestion.py                               1           0  0.16s           2026-05-08T19:27:41
/opt/airflow/dags/newyork_fhv_silver.py                                  1           0  0.15s           2026-05-08T19:27:41
/opt/airflow/dags/newyork_fhv_quality_check.py                           1           0  0.13s           2026-05-08T19:27:41
================================================================================
[2026-05-08T19:28:18.907+0000] {manager.py:878} INFO - 
================================================================================
DAG File Processing Stats

File Path                                       PID    Runtime      # DAGs    # Errors  Last Runtime    Last Run
----------------------------------------------  -----  ---------  --------  ----------  --------------  -------------------
/opt/airflow/dags/newyork_fhv_gold.py                                    1           0  0.19s           2026-05-08T19:28:02
/opt/airflow/dags/newyork_fhv_pipeline.py                                1           0  0.19s           2026-05-08T19:28:12
/opt/airflow/dags/newyork_fhv_silver.py                                  1           0  0.15s           2026-05-08T19:28:12
/opt/airflow/dags/newyork_fhv_quality_check.py                           1           0  0.13s           2026-05-08T19:28:12
/opt/airflow/dags/newyork_fhv_ingestion.py                               1           0  0.12s           2026-05-08T19:28:12
================================================================================
[2026-05-08T19:28:48.918+0000] {manager.py:878} INFO - 
================================================================================
DAG File Processing Stats

File Path                                       PID    Runtime      # DAGs    # Errors  Last Runtime    Last Run
----------------------------------------------  -----  ---------  --------  ----------  --------------  -------------------
/opt/airflow/dags/newyork_fhv_gold.py                                    1           0  0.19s           2026-05-08T19:28:33
/opt/airflow/dags/newyork_fhv_pipeline.py                                1           0  0.17s           2026-05-08T19:28:43
/opt/airflow/dags/newyork_fhv_ingestion.py                               1           0  0.15s           2026-05-08T19:28:43
/opt/airflow/dags/newyork_fhv_quality_check.py                           1           0  0.15s           2026-05-08T19:28:43
/opt/airflow/dags/newyork_fhv_silver.py                                  1           0  0.13s           2026-05-08T19:28:43
================================================================================
[2026-05-08T19:29:18.966+0000] {manager.py:878} INFO - 
================================================================================
DAG File Processing Stats

File Path                                       PID    Runtime      # DAGs    # Errors  Last Runtime    Last Run
----------------------------------------------  -----  ---------  --------  ----------  --------------  -------------------
/opt/airflow/dags/newyork_fhv_pipeline.py                                1           0  0.25s           2026-05-08T19:29:14
/opt/airflow/dags/newyork_fhv_gold.py                                    1           0  0.23s           2026-05-08T19:29:04
/opt/airflow/dags/newyork_fhv_silver.py                                  1           0  0.20s           2026-05-08T19:29:14
/opt/airflow/dags/newyork_fhv_ingestion.py                               1           0  0.12s           2026-05-08T19:29:14
/opt/airflow/dags/newyork_fhv_quality_check.py                           1           0  0.12s           2026-05-08T19:29:14
================================================================================
[2026-05-08T19:29:48.972+0000] {manager.py:878} INFO - 
================================================================================
DAG File Processing Stats

File Path                                       PID    Runtime      # DAGs    # Errors  Last Runtime    Last Run
----------------------------------------------  -----  ---------  --------  ----------  --------------  -------------------
/opt/airflow/dags/newyork_fhv_pipeline.py                                1           0  0.17s           2026-05-08T19:29:45
/opt/airflow/dags/newyork_fhv_gold.py                                    1           0  0.14s           2026-05-08T19:29:35
/opt/airflow/dags/newyork_fhv_quality_check.py                           1           0  0.14s           2026-05-08T19:29:45
/opt/airflow/dags/newyork_fhv_ingestion.py                               1           0  0.13s           2026-05-08T19:29:45
/opt/airflow/dags/newyork_fhv_silver.py                                  1           0  0.13s           2026-05-08T19:29:45
================================================================================
[2026-05-08T19:30:19.799+0000] {manager.py:878} INFO - 
================================================================================
DAG File Processing Stats

File Path                                       PID    Runtime      # DAGs    # Errors  Last Runtime    Last Run
----------------------------------------------  -----  ---------  --------  ----------  --------------  -------------------
/opt/airflow/dags/newyork_fhv_pipeline.py                                1           0  0.20s           2026-05-08T19:30:16
/opt/airflow/dags/newyork_fhv_gold.py                                    1           0  0.19s           2026-05-08T19:30:06
/opt/airflow/dags/newyork_fhv_quality_check.py                           1           0  0.17s           2026-05-08T19:30:16
/opt/airflow/dags/newyork_fhv_silver.py                                  1           0  0.15s           2026-05-08T19:30:16
/opt/airflow/dags/newyork_fhv_ingestion.py                               1           0  0.12s           2026-05-08T19:30:16
================================================================================
[2026-05-08T19:30:49.910+0000] {manager.py:878} INFO - 
================================================================================
DAG File Processing Stats

File Path                                       PID    Runtime      # DAGs    # Errors  Last Runtime    Last Run
----------------------------------------------  -----  ---------  --------  ----------  --------------  -------------------
/opt/airflow/dags/newyork_fhv_pipeline.py                                1           0  0.21s           2026-05-08T19:30:47
/opt/airflow/dags/newyork_fhv_ingestion.py                               1           0  0.19s           2026-05-08T19:30:47
/opt/airflow/dags/newyork_fhv_silver.py                                  1           0  0.17s           2026-05-08T19:30:47
/opt/airflow/dags/newyork_fhv_quality_check.py                           1           0  0.14s           2026-05-08T19:30:47
/opt/airflow/dags/newyork_fhv_gold.py                                    1           0  0.13s           2026-05-08T19:30:37
================================================================================
[2026-05-08T19:30:57.790+0000] {manager.py:737} INFO - Searching for files in /opt/airflow/dags
[2026-05-08T19:30:57.990+0000] {manager.py:740} INFO - There are 5 files in /opt/airflow/dags
[2026-05-08T19:31:20.724+0000] {manager.py:878} INFO - 
================================================================================
DAG File Processing Stats

File Path                                       PID    Runtime      # DAGs    # Errors  Last Runtime    Last Run
----------------------------------------------  -----  ---------  --------  ----------  --------------  -------------------
/opt/airflow/dags/newyork_fhv_ingestion.py                               1           0  0.19s           2026-05-08T19:31:18
/opt/airflow/dags/newyork_fhv_pipeline.py                                1           0  0.19s           2026-05-08T19:31:18
/opt/airflow/dags/newyork_fhv_gold.py                                    1           0  0.18s           2026-05-08T19:31:08
/opt/airflow/dags/newyork_fhv_silver.py                                  1           0  0.13s           2026-05-08T19:31:18
/opt/airflow/dags/newyork_fhv_quality_check.py                           1           0  0.12s           2026-05-08T19:31:18
================================================================================
[2026-05-08T19:31:51.447+0000] {manager.py:878} INFO - 
================================================================================
DAG File Processing Stats

File Path                                       PID    Runtime      # DAGs    # Errors  Last Runtime    Last Run
----------------------------------------------  -----  ---------  --------  ----------  --------------  -------------------
/opt/airflow/dags/newyork_fhv_quality_check.py                           1           0  0.16s           2026-05-08T19:31:49
/opt/airflow/dags/newyork_fhv_pipeline.py                                1           0  0.14s           2026-05-08T19:31:49
/opt/airflow/dags/newyork_fhv_gold.py                                    1           0  0.14s           2026-05-08T19:31:39
/opt/airflow/dags/newyork_fhv_ingestion.py                               1           0  0.13s           2026-05-08T19:31:49
/opt/airflow/dags/newyork_fhv_silver.py                                  1           0  0.12s           2026-05-08T19:31:49
================================================================================
[2026-05-08T19:32:22.297+0000] {manager.py:878} INFO - 
================================================================================
DAG File Processing Stats

File Path                                       PID    Runtime      # DAGs    # Errors  Last Runtime    Last Run
----------------------------------------------  -----  ---------  --------  ----------  --------------  -------------------
/opt/airflow/dags/newyork_fhv_pipeline.py                                1           0  0.18s           2026-05-08T19:32:20
/opt/airflow/dags/newyork_fhv_quality_check.py                           1           0  0.17s           2026-05-08T19:32:20
/opt/airflow/dags/newyork_fhv_gold.py                                    1           0  0.15s           2026-05-08T19:32:09
/opt/airflow/dags/newyork_fhv_ingestion.py                               1           0  0.14s           2026-05-08T19:32:20
/opt/airflow/dags/newyork_fhv_silver.py                                  1           0  0.13s           2026-05-08T19:32:20
================================================================================
[2026-05-08T19:32:53.191+0000] {manager.py:878} INFO - 
================================================================================
DAG File Processing Stats

File Path                                       PID    Runtime      # DAGs    # Errors  Last Runtime    Last Run
----------------------------------------------  -----  ---------  --------  ----------  --------------  -------------------
/opt/airflow/dags/newyork_fhv_gold.py                                    1           0  0.18s           2026-05-08T19:32:40
/opt/airflow/dags/newyork_fhv_quality_check.py                           1           0  0.15s           2026-05-08T19:32:51
/opt/airflow/dags/newyork_fhv_pipeline.py                                1           0  0.14s           2026-05-08T19:32:51
/opt/airflow/dags/newyork_fhv_ingestion.py                               1           0  0.11s           2026-05-08T19:32:51
/opt/airflow/dags/newyork_fhv_silver.py                                  1           0  0.10s           2026-05-08T19:32:50
================================================================================
[2026-05-08T19:33:23.252+0000] {manager.py:878} INFO - 
================================================================================
DAG File Processing Stats

File Path                                       PID    Runtime      # DAGs    # Errors  Last Runtime    Last Run
----------------------------------------------  -----  ---------  --------  ----------  --------------  -------------------
/opt/airflow/dags/newyork_fhv_pipeline.py                                1           0  0.17s           2026-05-08T19:33:21
/opt/airflow/dags/newyork_fhv_gold.py                                    1           0  0.16s           2026-05-08T19:33:11
/opt/airflow/dags/newyork_fhv_ingestion.py                               1           0  0.14s           2026-05-08T19:33:22
/opt/airflow/dags/newyork_fhv_silver.py                                  1           0  0.13s           2026-05-08T19:33:21
/opt/airflow/dags/newyork_fhv_quality_check.py                           1           0  0.12s           2026-05-08T19:33:22
================================================================================
[2026-05-08T19:33:54.012+0000] {manager.py:878} INFO - 
================================================================================
DAG File Processing Stats

File Path                                       PID    Runtime      # DAGs    # Errors  Last Runtime    Last Run
----------------------------------------------  -----  ---------  --------  ----------  --------------  -------------------
/opt/airflow/dags/newyork_fhv_pipeline.py                                1           0  0.17s           2026-05-08T19:33:52
/opt/airflow/dags/newyork_fhv_quality_check.py                           1           0  0.14s           2026-05-08T19:33:52
/opt/airflow/dags/newyork_fhv_gold.py                                    1           0  0.13s           2026-05-08T19:33:42
/opt/airflow/dags/newyork_fhv_ingestion.py                               1           0  0.13s           2026-05-08T19:33:53
/opt/airflow/dags/newyork_fhv_silver.py                                  1           0  0.12s           2026-05-08T19:33:52
================================================================================
[2026-05-08T19:34:24.865+0000] {manager.py:878} INFO - 
================================================================================
DAG File Processing Stats

File Path                                       PID    Runtime      # DAGs    # Errors  Last Runtime    Last Run
----------------------------------------------  -----  ---------  --------  ----------  --------------  -------------------
/opt/airflow/dags/newyork_fhv_ingestion.py                               1           0  0.15s           2026-05-08T19:34:23
/opt/airflow/dags/newyork_fhv_gold.py                                    1           0  0.14s           2026-05-08T19:34:13
/opt/airflow/dags/newyork_fhv_pipeline.py                                1           0  0.14s           2026-05-08T19:34:23
/opt/airflow/dags/newyork_fhv_quality_check.py                           1           0  0.13s           2026-05-08T19:34:23
/opt/airflow/dags/newyork_fhv_silver.py                                  1           0  0.11s           2026-05-08T19:34:23
================================================================================
[2026-05-08T19:34:55.604+0000] {manager.py:878} INFO - 
================================================================================
DAG File Processing Stats

File Path                                       PID    Runtime      # DAGs    # Errors  Last Runtime    Last Run
----------------------------------------------  -----  ---------  --------  ----------  --------------  -------------------
/opt/airflow/dags/newyork_fhv_pipeline.py                                1           0  0.16s           2026-05-08T19:34:54
/opt/airflow/dags/newyork_fhv_ingestion.py                               1           0  0.14s           2026-05-08T19:34:54
/opt/airflow/dags/newyork_fhv_gold.py                                    1           0  0.13s           2026-05-08T19:34:44
/opt/airflow/dags/newyork_fhv_quality_check.py                           1           0  0.13s           2026-05-08T19:34:54
/opt/airflow/dags/newyork_fhv_silver.py                                  1           0  0.12s           2026-05-08T19:34:54
================================================================================
[2026-05-08T19:35:25.708+0000] {manager.py:878} INFO - 
================================================================================
DAG File Processing Stats

File Path                                       PID    Runtime      # DAGs    # Errors  Last Runtime    Last Run
----------------------------------------------  -----  ---------  --------  ----------  --------------  -------------------
/opt/airflow/dags/newyork_fhv_ingestion.py                               1           0  0.22s           2026-05-08T19:35:25
/opt/airflow/dags/newyork_fhv_pipeline.py                                1           0  0.17s           2026-05-08T19:35:25
/opt/airflow/dags/newyork_fhv_gold.py                                    1           0  0.15s           2026-05-08T19:35:15
/opt/airflow/dags/newyork_fhv_quality_check.py                           1           0  0.13s           2026-05-08T19:35:25
/opt/airflow/dags/newyork_fhv_silver.py                                  1           0  0.13s           2026-05-08T19:35:25
================================================================================
[2026-05-08T19:35:56.224+0000] {manager.py:878} INFO - 
================================================================================
DAG File Processing Stats

File Path                                         PID  Runtime      # DAGs    # Errors  Last Runtime    Last Run
----------------------------------------------  -----  ---------  --------  ----------  --------------  -------------------
/opt/airflow/dags/newyork_fhv_gold.py                                    1           0  0.27s           2026-05-08T19:35:46
/opt/airflow/dags/newyork_fhv_ingestion.py                               1           0  0.22s           2026-05-08T19:35:25
/opt/airflow/dags/newyork_fhv_pipeline.py         755  0.03s             1           0  0.17s           2026-05-08T19:35:25
/opt/airflow/dags/newyork_fhv_quality_check.py                           1           0  0.13s           2026-05-08T19:35:25
/opt/airflow/dags/newyork_fhv_silver.py           756  0.00s             1           0  0.13s           2026-05-08T19:35:25
================================================================================
[2026-05-08T19:35:58.560+0000] {manager.py:737} INFO - Searching for files in /opt/airflow/dags
[2026-05-08T19:35:58.784+0000] {manager.py:740} INFO - There are 5 files in /opt/airflow/dags
[2026-05-08T19:36:26.278+0000] {manager.py:878} INFO - 
================================================================================
DAG File Processing Stats

File Path                                       PID    Runtime      # DAGs    # Errors  Last Runtime    Last Run
----------------------------------------------  -----  ---------  --------  ----------  --------------  -------------------
/opt/airflow/dags/newyork_fhv_gold.py                                    1           0  0.22s           2026-05-08T19:36:17
/opt/airflow/dags/newyork_fhv_pipeline.py                                1           0  0.21s           2026-05-08T19:35:56
/opt/airflow/dags/newyork_fhv_silver.py                                  1           0  0.15s           2026-05-08T19:35:56
/opt/airflow/dags/newyork_fhv_ingestion.py                               1           0  0.12s           2026-05-08T19:35:56
/opt/airflow/dags/newyork_fhv_quality_check.py                           1           0  0.12s           2026-05-08T19:35:56
================================================================================
[2026-05-08T19:36:56.398+0000] {manager.py:878} INFO - 
================================================================================
DAG File Processing Stats

File Path                                       PID    Runtime      # DAGs    # Errors  Last Runtime    Last Run
----------------------------------------------  -----  ---------  --------  ----------  --------------  -------------------
/opt/airflow/dags/newyork_fhv_pipeline.py                                1           0  0.18s           2026-05-08T19:36:26
/opt/airflow/dags/newyork_fhv_gold.py                                    1           0  0.18s           2026-05-08T19:36:48
/opt/airflow/dags/newyork_fhv_silver.py                                  1           0  0.13s           2026-05-08T19:36:26
/opt/airflow/dags/newyork_fhv_quality_check.py                           1           0  0.13s           2026-05-08T19:36:26
/opt/airflow/dags/newyork_fhv_ingestion.py                               1           0  0.11s           2026-05-08T19:36:26
================================================================================
[2026-05-08T19:37:28.428+0000] {manager.py:878} INFO - 
================================================================================
DAG File Processing Stats

File Path                                       PID    Runtime      # DAGs    # Errors  Last Runtime    Last Run
----------------------------------------------  -----  ---------  --------  ----------  --------------  -------------------
/opt/airflow/dags/newyork_fhv_pipeline.py                                1           0  0.20s           2026-05-08T19:36:57
/opt/airflow/dags/newyork_fhv_ingestion.py                               1           0  0.16s           2026-05-08T19:36:57
/opt/airflow/dags/newyork_fhv_silver.py                                  1           0  0.15s           2026-05-08T19:36:57
/opt/airflow/dags/newyork_fhv_gold.py                                    1           0  0.15s           2026-05-08T19:37:19
/opt/airflow/dags/newyork_fhv_quality_check.py                           1           0  0.14s           2026-05-08T19:36:57
================================================================================
[2026-05-08T19:37:58.433+0000] {manager.py:878} INFO - 
================================================================================
DAG File Processing Stats

File Path                                       PID    Runtime      # DAGs    # Errors  Last Runtime    Last Run
----------------------------------------------  -----  ---------  --------  ----------  --------------  -------------------
/opt/airflow/dags/newyork_fhv_pipeline.py                                1           0  0.16s           2026-05-08T19:37:28
/opt/airflow/dags/newyork_fhv_quality_check.py                           1           0  0.16s           2026-05-08T19:37:28
/opt/airflow/dags/newyork_fhv_ingestion.py                               1           0  0.16s           2026-05-08T19:37:28
/opt/airflow/dags/newyork_fhv_gold.py                                    1           0  0.16s           2026-05-08T19:37:50
/opt/airflow/dags/newyork_fhv_silver.py                                  1           0  0.13s           2026-05-08T19:37:28
================================================================================
[2026-05-08T19:38:29.283+0000] {manager.py:878} INFO - 
================================================================================
DAG File Processing Stats

File Path                                       PID    Runtime      # DAGs    # Errors  Last Runtime    Last Run
----------------------------------------------  -----  ---------  --------  ----------  --------------  -------------------
/opt/airflow/dags/newyork_fhv_pipeline.py                                1           0  0.16s           2026-05-08T19:37:59
/opt/airflow/dags/newyork_fhv_silver.py                                  1           0  0.13s           2026-05-08T19:37:59
/opt/airflow/dags/newyork_fhv_ingestion.py                               1           0  0.12s           2026-05-08T19:37:59
/opt/airflow/dags/newyork_fhv_quality_check.py                           1           0  0.12s           2026-05-08T19:37:59
/opt/airflow/dags/newyork_fhv_gold.py                                    1           0  0.11s           2026-05-08T19:38:21
================================================================================
[2026-05-08T19:39:00.022+0000] {manager.py:878} INFO - 
================================================================================
DAG File Processing Stats

File Path                                       PID    Runtime      # DAGs    # Errors  Last Runtime    Last Run
----------------------------------------------  -----  ---------  --------  ----------  --------------  -------------------
/opt/airflow/dags/newyork_fhv_gold.py                                    1           0  0.18s           2026-05-08T19:38:52
/opt/airflow/dags/newyork_fhv_pipeline.py                                1           0  0.14s           2026-05-08T19:38:30
/opt/airflow/dags/newyork_fhv_silver.py                                  1           0  0.11s           2026-05-08T19:38:30
/opt/airflow/dags/newyork_fhv_quality_check.py                           1           0  0.09s           2026-05-08T19:38:30
/opt/airflow/dags/newyork_fhv_ingestion.py                               1           0  0.09s           2026-05-08T19:38:30
================================================================================
[2026-05-08T19:39:30.054+0000] {manager.py:878} INFO - 
================================================================================
DAG File Processing Stats

File Path                                       PID    Runtime      # DAGs    # Errors  Last Runtime    Last Run
----------------------------------------------  -----  ---------  --------  ----------  --------------  -------------------
/opt/airflow/dags/newyork_fhv_pipeline.py                                1           0  0.22s           2026-05-08T19:39:01
/opt/airflow/dags/newyork_fhv_silver.py                                  1           0  0.19s           2026-05-08T19:39:01
/opt/airflow/dags/newyork_fhv_gold.py                                    1           0  0.18s           2026-05-08T19:39:22
/opt/airflow/dags/newyork_fhv_ingestion.py                               1           0  0.18s           2026-05-08T19:39:01
/opt/airflow/dags/newyork_fhv_quality_check.py                           1           0  0.12s           2026-05-08T19:39:01
================================================================================
[2026-05-08T19:40:00.058+0000] {manager.py:878} INFO - 
================================================================================
DAG File Processing Stats

File Path                                       PID    Runtime      # DAGs    # Errors  Last Runtime    Last Run
----------------------------------------------  -----  ---------  --------  ----------  --------------  -------------------
/opt/airflow/dags/newyork_fhv_pipeline.py                                1           0  0.22s           2026-05-08T19:39:32
/opt/airflow/dags/newyork_fhv_gold.py                                    1           0  0.22s           2026-05-08T19:39:53
/opt/airflow/dags/newyork_fhv_ingestion.py                               1           0  0.19s           2026-05-08T19:39:32
/opt/airflow/dags/newyork_fhv_quality_check.py                           1           0  0.16s           2026-05-08T19:39:32
/opt/airflow/dags/newyork_fhv_silver.py                                  1           0  0.16s           2026-05-08T19:39:32
================================================================================
[2026-05-08T19:40:30.871+0000] {manager.py:878} INFO - 
================================================================================
DAG File Processing Stats

File Path                                       PID    Runtime      # DAGs    # Errors  Last Runtime    Last Run
----------------------------------------------  -----  ---------  --------  ----------  --------------  -------------------
/opt/airflow/dags/newyork_fhv_pipeline.py                                1           0  0.19s           2026-05-08T19:40:03
/opt/airflow/dags/newyork_fhv_quality_check.py                           1           0  0.16s           2026-05-08T19:40:03
/opt/airflow/dags/newyork_fhv_ingestion.py                               1           0  0.15s           2026-05-08T19:40:03
/opt/airflow/dags/newyork_fhv_silver.py                                  1           0  0.14s           2026-05-08T19:40:03
/opt/airflow/dags/newyork_fhv_gold.py                                    1           0  0.11s           2026-05-08T19:40:24
================================================================================
[2026-05-08T19:40:58.949+0000] {manager.py:737} INFO - Searching for files in /opt/airflow/dags
[2026-05-08T19:40:59.113+0000] {manager.py:740} INFO - There are 5 files in /opt/airflow/dags
[2026-05-08T19:41:01.167+0000] {manager.py:878} INFO - 
================================================================================
DAG File Processing Stats

File Path                                       PID    Runtime      # DAGs    # Errors  Last Runtime    Last Run
----------------------------------------------  -----  ---------  --------  ----------  --------------  -------------------
/opt/airflow/dags/newyork_fhv_pipeline.py                                1           0  0.22s           2026-05-08T19:40:34
/opt/airflow/dags/newyork_fhv_gold.py                                    1           0  0.19s           2026-05-08T19:40:55
/opt/airflow/dags/newyork_fhv_quality_check.py                           1           0  0.19s           2026-05-08T19:40:34
/opt/airflow/dags/newyork_fhv_silver.py                                  1           0  0.16s           2026-05-08T19:40:34
/opt/airflow/dags/newyork_fhv_ingestion.py                               1           0  0.16s           2026-05-08T19:40:34
================================================================================
[2026-05-08T19:41:31.270+0000] {manager.py:878} INFO - 
================================================================================
DAG File Processing Stats

File Path                                       PID    Runtime      # DAGs    # Errors  Last Runtime    Last Run
----------------------------------------------  -----  ---------  --------  ----------  --------------  -------------------
/opt/airflow/dags/newyork_fhv_gold.py                                    1           0  0.20s           2026-05-08T19:41:26
/opt/airflow/dags/newyork_fhv_pipeline.py                                1           0  0.18s           2026-05-08T19:41:04
/opt/airflow/dags/newyork_fhv_quality_check.py                           1           0  0.15s           2026-05-08T19:41:04
/opt/airflow/dags/newyork_fhv_silver.py                                  1           0  0.13s           2026-05-08T19:41:04
/opt/airflow/dags/newyork_fhv_ingestion.py                               1           0  0.11s           2026-05-08T19:41:04
================================================================================
[2026-05-08T19:42:02.142+0000] {manager.py:878} INFO - 
================================================================================
DAG File Processing Stats

File Path                                       PID    Runtime      # DAGs    # Errors  Last Runtime    Last Run
----------------------------------------------  -----  ---------  --------  ----------  --------------  -------------------
/opt/airflow/dags/newyork_fhv_pipeline.py                                1           0  0.22s           2026-05-08T19:41:35
/opt/airflow/dags/newyork_fhv_gold.py                                    1           0  0.21s           2026-05-08T19:41:57
/opt/airflow/dags/newyork_fhv_silver.py                                  1           0  0.18s           2026-05-08T19:41:35
/opt/airflow/dags/newyork_fhv_ingestion.py                               1           0  0.17s           2026-05-08T19:41:35
/opt/airflow/dags/newyork_fhv_quality_check.py                           1           0  0.14s           2026-05-08T19:41:35
================================================================================
[2026-05-08T19:42:32.188+0000] {manager.py:878} INFO - 
================================================================================
DAG File Processing Stats

File Path                                       PID    Runtime      # DAGs    # Errors  Last Runtime    Last Run
----------------------------------------------  -----  ---------  --------  ----------  --------------  -------------------
/opt/airflow/dags/newyork_fhv_quality_check.py                           1           0  0.23s           2026-05-08T19:42:06
/opt/airflow/dags/newyork_fhv_gold.py                                    1           0  0.18s           2026-05-08T19:42:28
/opt/airflow/dags/newyork_fhv_ingestion.py                               1           0  0.16s           2026-05-08T19:42:06
/opt/airflow/dags/newyork_fhv_pipeline.py                                1           0  0.15s           2026-05-08T19:42:06
/opt/airflow/dags/newyork_fhv_silver.py                                  1           0  0.11s           2026-05-08T19:42:06
================================================================================
[2026-05-08T19:43:02.759+0000] {manager.py:878} INFO - 
================================================================================
DAG File Processing Stats

File Path                                       PID    Runtime      # DAGs    # Errors  Last Runtime    Last Run
----------------------------------------------  -----  ---------  --------  ----------  --------------  -------------------
/opt/airflow/dags/newyork_fhv_pipeline.py                                1           0  0.16s           2026-05-08T19:42:37
/opt/airflow/dags/newyork_fhv_gold.py                                    1           0  0.16s           2026-05-08T19:42:58
/opt/airflow/dags/newyork_fhv_silver.py                                  1           0  0.15s           2026-05-08T19:42:37
/opt/airflow/dags/newyork_fhv_quality_check.py                           1           0  0.14s           2026-05-08T19:42:37
/opt/airflow/dags/newyork_fhv_ingestion.py                               1           0  0.13s           2026-05-08T19:42:37
================================================================================
[2026-05-08T19:43:32.791+0000] {manager.py:878} INFO - 
================================================================================
DAG File Processing Stats

File Path                                       PID    Runtime      # DAGs    # Errors  Last Runtime    Last Run
----------------------------------------------  -----  ---------  --------  ----------  --------------  -------------------
/opt/airflow/dags/newyork_fhv_pipeline.py                                1           0  0.19s           2026-05-08T19:43:08
/opt/airflow/dags/newyork_fhv_gold.py                                    1           0  0.18s           2026-05-08T19:43:29
/opt/airflow/dags/newyork_fhv_quality_check.py                           1           0  0.15s           2026-05-08T19:43:08
/opt/airflow/dags/newyork_fhv_ingestion.py                               1           0  0.15s           2026-05-08T19:43:08
/opt/airflow/dags/newyork_fhv_silver.py                                  1           0  0.14s           2026-05-08T19:43:08
================================================================================
[2026-05-08T19:44:03.737+0000] {manager.py:878} INFO - 
================================================================================
DAG File Processing Stats

File Path                                       PID    Runtime      # DAGs    # Errors  Last Runtime    Last Run
----------------------------------------------  -----  ---------  --------  ----------  --------------  -------------------
/opt/airflow/dags/newyork_fhv_pipeline.py                                1           0  0.22s           2026-05-08T19:43:39
/opt/airflow/dags/newyork_fhv_ingestion.py                               1           0  0.18s           2026-05-08T19:43:39
/opt/airflow/dags/newyork_fhv_gold.py                                    1           0  0.17s           2026-05-08T19:44:00
/opt/airflow/dags/newyork_fhv_silver.py                                  1           0  0.16s           2026-05-08T19:43:39
/opt/airflow/dags/newyork_fhv_quality_check.py                           1           0  0.12s           2026-05-08T19:43:39
================================================================================
[2026-05-08T19:44:33.778+0000] {manager.py:878} INFO - 
================================================================================
DAG File Processing Stats

File Path                                       PID    Runtime      # DAGs    # Errors  Last Runtime    Last Run
----------------------------------------------  -----  ---------  --------  ----------  --------------  -------------------
/opt/airflow/dags/newyork_fhv_pipeline.py                                1           0  0.22s           2026-05-08T19:44:10
/opt/airflow/dags/newyork_fhv_ingestion.py                               1           0  0.19s           2026-05-08T19:44:10
/opt/airflow/dags/newyork_fhv_quality_check.py                           1           0  0.19s           2026-05-08T19:44:10
/opt/airflow/dags/newyork_fhv_gold.py                                    1           0  0.16s           2026-05-08T19:44:31
/opt/airflow/dags/newyork_fhv_silver.py                                  1           0  0.15s           2026-05-08T19:44:10
================================================================================
[2026-05-08T19:45:03.788+0000] {manager.py:878} INFO - 
================================================================================
DAG File Processing Stats

File Path                                       PID    Runtime      # DAGs    # Errors  Last Runtime    Last Run
----------------------------------------------  -----  ---------  --------  ----------  --------------  -------------------
/opt/airflow/dags/newyork_fhv_pipeline.py                                1           0  0.20s           2026-05-08T19:44:41
/opt/airflow/dags/newyork_fhv_quality_check.py                           1           0  0.17s           2026-05-08T19:44:41
/opt/airflow/dags/newyork_fhv_gold.py                                    1           0  0.16s           2026-05-08T19:45:02
/opt/airflow/dags/newyork_fhv_silver.py                                  1           0  0.15s           2026-05-08T19:44:41
/opt/airflow/dags/newyork_fhv_ingestion.py                               1           0  0.13s           2026-05-08T19:44:41
================================================================================
[2026-05-08T19:45:34.709+0000] {manager.py:878} INFO - 
================================================================================
DAG File Processing Stats

File Path                                       PID    Runtime      # DAGs    # Errors  Last Runtime    Last Run
----------------------------------------------  -----  ---------  --------  ----------  --------------  -------------------
/opt/airflow/dags/newyork_fhv_pipeline.py                                1           0  0.21s           2026-05-08T19:45:12
/opt/airflow/dags/newyork_fhv_gold.py                                    1           0  0.16s           2026-05-08T19:45:33
/opt/airflow/dags/newyork_fhv_silver.py                                  1           0  0.16s           2026-05-08T19:45:12
/opt/airflow/dags/newyork_fhv_ingestion.py                               1           0  0.16s           2026-05-08T19:45:12
/opt/airflow/dags/newyork_fhv_quality_check.py                           1           0  0.14s           2026-05-08T19:45:12
================================================================================
[2026-05-08T19:45:59.475+0000] {manager.py:737} INFO - Searching for files in /opt/airflow/dags
[2026-05-08T19:45:59.640+0000] {manager.py:740} INFO - There are 5 files in /opt/airflow/dags
[2026-05-08T19:46:04.770+0000] {manager.py:878} INFO - 
================================================================================
DAG File Processing Stats

File Path                                       PID    Runtime      # DAGs    # Errors  Last Runtime    Last Run
----------------------------------------------  -----  ---------  --------  ----------  --------------  -------------------
/opt/airflow/dags/newyork_fhv_pipeline.py                                1           0  0.19s           2026-05-08T19:45:43
/opt/airflow/dags/newyork_fhv_silver.py                                  1           0  0.18s           2026-05-08T19:45:43
/opt/airflow/dags/newyork_fhv_gold.py                                    1           0  0.17s           2026-05-08T19:46:03
/opt/airflow/dags/newyork_fhv_ingestion.py                               1           0  0.15s           2026-05-08T19:45:43
/opt/airflow/dags/newyork_fhv_quality_check.py                           1           0  0.15s           2026-05-08T19:45:43
================================================================================
[2026-05-08T19:46:34.971+0000] {manager.py:878} INFO - 
================================================================================
DAG File Processing Stats

File Path                                       PID    Runtime      # DAGs    # Errors  Last Runtime    Last Run
----------------------------------------------  -----  ---------  --------  ----------  --------------  -------------------
/opt/airflow/dags/newyork_fhv_quality_check.py                           1           0  0.19s           2026-05-08T19:46:13
/opt/airflow/dags/newyork_fhv_pipeline.py                                1           0  0.19s           2026-05-08T19:46:13
/opt/airflow/dags/newyork_fhv_silver.py                                  1           0  0.17s           2026-05-08T19:46:13
/opt/airflow/dags/newyork_fhv_ingestion.py                               1           0  0.15s           2026-05-08T19:46:13
/opt/airflow/dags/newyork_fhv_gold.py                                    1           0  0.15s           2026-05-08T19:46:34
================================================================================
[2026-05-08T19:47:05.751+0000] {manager.py:878} INFO - 
================================================================================
DAG File Processing Stats

File Path                                       PID    Runtime      # DAGs    # Errors  Last Runtime    Last Run
----------------------------------------------  -----  ---------  --------  ----------  --------------  -------------------
/opt/airflow/dags/newyork_fhv_pipeline.py                                1           0  0.19s           2026-05-08T19:46:44
/opt/airflow/dags/newyork_fhv_ingestion.py                               1           0  0.17s           2026-05-08T19:46:44
/opt/airflow/dags/newyork_fhv_quality_check.py                           1           0  0.15s           2026-05-08T19:46:44
/opt/airflow/dags/newyork_fhv_silver.py                                  1           0  0.14s           2026-05-08T19:46:44
/opt/airflow/dags/newyork_fhv_gold.py                                    1           0  0.13s           2026-05-08T19:47:04
================================================================================
[2026-05-08T19:47:35.786+0000] {manager.py:878} INFO - 
================================================================================
DAG File Processing Stats

File Path                                       PID    Runtime      # DAGs    # Errors  Last Runtime    Last Run
----------------------------------------------  -----  ---------  --------  ----------  --------------  -------------------
/opt/airflow/dags/newyork_fhv_pipeline.py                                1           0  0.22s           2026-05-08T19:47:15
/opt/airflow/dags/newyork_fhv_gold.py                                    1           0  0.18s           2026-05-08T19:47:35
/opt/airflow/dags/newyork_fhv_silver.py                                  1           0  0.17s           2026-05-08T19:47:15
/opt/airflow/dags/newyork_fhv_ingestion.py                               1           0  0.16s           2026-05-08T19:47:15
/opt/airflow/dags/newyork_fhv_quality_check.py                           1           0  0.15s           2026-05-08T19:47:15
================================================================================
[2026-05-08T19:48:06.626+0000] {manager.py:878} INFO - 
================================================================================
DAG File Processing Stats

File Path                                         PID  Runtime      # DAGs    # Errors  Last Runtime    Last Run
----------------------------------------------  -----  ---------  --------  ----------  --------------  -------------------
/opt/airflow/dags/newyork_fhv_pipeline.py                                1           0  0.21s           2026-05-08T19:47:46
/opt/airflow/dags/newyork_fhv_gold.py            1035  0.01s             1           0  0.18s           2026-05-08T19:47:35
/opt/airflow/dags/newyork_fhv_quality_check.py                           1           0  0.16s           2026-05-08T19:47:46
/opt/airflow/dags/newyork_fhv_ingestion.py                               1           0  0.16s           2026-05-08T19:47:46
/opt/airflow/dags/newyork_fhv_silver.py                                  1           0  0.15s           2026-05-08T19:47:46
================================================================================
[2026-05-08T19:48:36.933+0000] {manager.py:878} INFO - 
================================================================================
DAG File Processing Stats

File Path                                         PID  Runtime      # DAGs    # Errors  Last Runtime    Last Run
----------------------------------------------  -----  ---------  --------  ----------  --------------  -------------------
/opt/airflow/dags/newyork_fhv_pipeline.py                                1           0  0.50s           2026-05-08T19:48:17
/opt/airflow/dags/newyork_fhv_silver.py                                  1           0  0.39s           2026-05-08T19:48:17
/opt/airflow/dags/newyork_fhv_ingestion.py                               1           0  0.22s           2026-05-08T19:48:17
/opt/airflow/dags/newyork_fhv_gold.py            1046  0.01s             1           0  0.19s           2026-05-08T19:48:06
/opt/airflow/dags/newyork_fhv_quality_check.py                           1           0  0.17s           2026-05-08T19:48:17
================================================================================
[2026-05-08T19:49:07.124+0000] {manager.py:878} INFO - 
================================================================================
DAG File Processing Stats

File Path                                       PID    Runtime      # DAGs    # Errors  Last Runtime    Last Run
----------------------------------------------  -----  ---------  --------  ----------  --------------  -------------------
/opt/airflow/dags/newyork_fhv_pipeline.py                                1           0  0.23s           2026-05-08T19:48:48
/opt/airflow/dags/newyork_fhv_quality_check.py                           1           0  0.20s           2026-05-08T19:48:48
/opt/airflow/dags/newyork_fhv_ingestion.py                               1           0  0.20s           2026-05-08T19:48:48
/opt/airflow/dags/newyork_fhv_gold.py                                    1           0  0.19s           2026-05-08T19:48:37
/opt/airflow/dags/newyork_fhv_silver.py                                  1           0  0.17s           2026-05-08T19:48:48
================================================================================
[2026-05-08T19:49:37.307+0000] {manager.py:878} INFO - 
================================================================================
DAG File Processing Stats

File Path                                       PID    Runtime      # DAGs    # Errors  Last Runtime    Last Run
----------------------------------------------  -----  ---------  --------  ----------  --------------  -------------------
/opt/airflow/dags/newyork_fhv_ingestion.py                               1           0  0.23s           2026-05-08T19:49:20
/opt/airflow/dags/newyork_fhv_gold.py                                    1           0  0.19s           2026-05-08T19:49:07
/opt/airflow/dags/newyork_fhv_pipeline.py                                1           0  0.18s           2026-05-08T19:49:18
/opt/airflow/dags/newyork_fhv_quality_check.py                           1           0  0.16s           2026-05-08T19:49:18
/opt/airflow/dags/newyork_fhv_silver.py                                  1           0  0.15s           2026-05-08T19:49:18
================================================================================
[2026-05-08T19:50:07.365+0000] {manager.py:878} INFO - 
================================================================================
DAG File Processing Stats

File Path                                       PID    Runtime      # DAGs    # Errors  Last Runtime    Last Run
----------------------------------------------  -----  ---------  --------  ----------  --------------  -------------------
/opt/airflow/dags/newyork_fhv_ingestion.py                               1           0  0.22s           2026-05-08T19:49:51
/opt/airflow/dags/newyork_fhv_pipeline.py                                1           0  0.22s           2026-05-08T19:49:49
/opt/airflow/dags/newyork_fhv_silver.py                                  1           0  0.17s           2026-05-08T19:49:49
/opt/airflow/dags/newyork_fhv_gold.py                                    1           0  0.17s           2026-05-08T19:49:38
/opt/airflow/dags/newyork_fhv_quality_check.py                           1           0  0.16s           2026-05-08T19:49:49
================================================================================
[2026-05-08T19:50:37.560+0000] {manager.py:878} INFO - 
================================================================================
DAG File Processing Stats

File Path                                       PID    Runtime      # DAGs    # Errors  Last Runtime    Last Run
----------------------------------------------  -----  ---------  --------  ----------  --------------  -------------------
/opt/airflow/dags/newyork_fhv_gold.py                                    1           0  0.70s           2026-05-08T19:50:09
/opt/airflow/dags/newyork_fhv_ingestion.py                               1           0  0.19s           2026-05-08T19:50:21
/opt/airflow/dags/newyork_fhv_pipeline.py                                1           0  0.14s           2026-05-08T19:50:20
/opt/airflow/dags/newyork_fhv_quality_check.py                           1           0  0.12s           2026-05-08T19:50:20
/opt/airflow/dags/newyork_fhv_silver.py                                  1           0  0.11s           2026-05-08T19:50:20
================================================================================
[2026-05-08T19:51:00.172+0000] {manager.py:737} INFO - Searching for files in /opt/airflow/dags
[2026-05-08T19:51:00.381+0000] {manager.py:740} INFO - There are 5 files in /opt/airflow/dags
[2026-05-08T19:51:08.537+0000] {manager.py:878} INFO - 
================================================================================
DAG File Processing Stats

File Path                                       PID    Runtime      # DAGs    # Errors  Last Runtime    Last Run
----------------------------------------------  -----  ---------  --------  ----------  --------------  -------------------
/opt/airflow/dags/newyork_fhv_gold.py                                    1           0  0.19s           2026-05-08T19:50:39
/opt/airflow/dags/newyork_fhv_quality_check.py                           1           0  0.18s           2026-05-08T19:50:51
/opt/airflow/dags/newyork_fhv_silver.py                                  1           0  0.15s           2026-05-08T19:50:51
/opt/airflow/dags/newyork_fhv_pipeline.py                                1           0  0.15s           2026-05-08T19:50:51
/opt/airflow/dags/newyork_fhv_ingestion.py                               1           0  0.13s           2026-05-08T19:50:52
================================================================================
[2026-05-08T19:51:39.444+0000] {manager.py:878} INFO - 
================================================================================
DAG File Processing Stats

File Path                                       PID    Runtime      # DAGs    # Errors  Last Runtime    Last Run
----------------------------------------------  -----  ---------  --------  ----------  --------------  -------------------
/opt/airflow/dags/newyork_fhv_quality_check.py                           1           0  0.19s           2026-05-08T19:51:22
/opt/airflow/dags/newyork_fhv_pipeline.py                                1           0  0.17s           2026-05-08T19:51:21
/opt/airflow/dags/newyork_fhv_ingestion.py                               1           0  0.16s           2026-05-08T19:51:23
/opt/airflow/dags/newyork_fhv_silver.py                                  1           0  0.13s           2026-05-08T19:51:21
/opt/airflow/dags/newyork_fhv_gold.py                                    1           0  0.12s           2026-05-08T19:51:10
================================================================================
[2026-05-08T19:52:10.231+0000] {manager.py:878} INFO - 
================================================================================
DAG File Processing Stats

File Path                                       PID    Runtime      # DAGs    # Errors  Last Runtime    Last Run
----------------------------------------------  -----  ---------  --------  ----------  --------------  -------------------
/opt/airflow/dags/newyork_fhv_gold.py                                    1           0  0.16s           2026-05-08T19:51:41
/opt/airflow/dags/newyork_fhv_pipeline.py                                1           0  0.16s           2026-05-08T19:51:52
/opt/airflow/dags/newyork_fhv_ingestion.py                               1           0  0.15s           2026-05-08T19:51:54
/opt/airflow/dags/newyork_fhv_quality_check.py                           1           0  0.13s           2026-05-08T19:51:52
/opt/airflow/dags/newyork_fhv_silver.py                                  1           0  0.13s           2026-05-08T19:51:52
================================================================================
[2026-05-08T19:52:41.058+0000] {manager.py:878} INFO - 
================================================================================
DAG File Processing Stats

File Path                                       PID    Runtime      # DAGs    # Errors  Last Runtime    Last Run
----------------------------------------------  -----  ---------  --------  ----------  --------------  -------------------
/opt/airflow/dags/newyork_fhv_pipeline.py                                1           0  0.20s           2026-05-08T19:52:23
/opt/airflow/dags/newyork_fhv_ingestion.py                               1           0  0.18s           2026-05-08T19:52:24
/opt/airflow/dags/newyork_fhv_gold.py                                    1           0  0.16s           2026-05-08T19:52:12
/opt/airflow/dags/newyork_fhv_silver.py                                  1           0  0.15s           2026-05-08T19:52:23
/opt/airflow/dags/newyork_fhv_quality_check.py                           1           0  0.14s           2026-05-08T19:52:23
================================================================================
[2026-05-08T19:53:11.828+0000] {manager.py:878} INFO - 
================================================================================
DAG File Processing Stats

File Path                                       PID    Runtime      # DAGs    # Errors  Last Runtime    Last Run
----------------------------------------------  -----  ---------  --------  ----------  --------------  -------------------
/opt/airflow/dags/newyork_fhv_gold.py                                    1           0  0.18s           2026-05-08T19:52:43
/opt/airflow/dags/newyork_fhv_pipeline.py                                1           0  0.15s           2026-05-08T19:52:54
/opt/airflow/dags/newyork_fhv_ingestion.py                               1           0  0.14s           2026-05-08T19:52:55
/opt/airflow/dags/newyork_fhv_quality_check.py                           1           0  0.12s           2026-05-08T19:52:54
/opt/airflow/dags/newyork_fhv_silver.py                                  1           0  0.11s           2026-05-08T19:52:54
================================================================================
[2026-05-08T19:53:42.629+0000] {manager.py:878} INFO - 
================================================================================
DAG File Processing Stats

File Path                                       PID    Runtime      # DAGs    # Errors  Last Runtime    Last Run
----------------------------------------------  -----  ---------  --------  ----------  --------------  -------------------
/opt/airflow/dags/newyork_fhv_pipeline.py                                1           0  0.18s           2026-05-08T19:53:25
/opt/airflow/dags/newyork_fhv_gold.py                                    1           0  0.17s           2026-05-08T19:53:14
/opt/airflow/dags/newyork_fhv_silver.py                                  1           0  0.14s           2026-05-08T19:53:25
/opt/airflow/dags/newyork_fhv_ingestion.py                               1           0  0.12s           2026-05-08T19:53:26
/opt/airflow/dags/newyork_fhv_quality_check.py                           1           0  0.11s           2026-05-08T19:53:25
================================================================================
[2026-05-08T19:54:13.496+0000] {manager.py:878} INFO - 
================================================================================
DAG File Processing Stats

File Path                                       PID    Runtime      # DAGs    # Errors  Last Runtime    Last Run
----------------------------------------------  -----  ---------  --------  ----------  --------------  -------------------
/opt/airflow/dags/newyork_fhv_ingestion.py                               1           0  0.20s           2026-05-08T19:53:57
/opt/airflow/dags/newyork_fhv_pipeline.py                                1           0  0.18s           2026-05-08T19:53:56
/opt/airflow/dags/newyork_fhv_quality_check.py                           1           0  0.17s           2026-05-08T19:53:56
/opt/airflow/dags/newyork_fhv_gold.py                                    1           0  0.15s           2026-05-08T19:53:44
/opt/airflow/dags/newyork_fhv_silver.py                                  1           0  0.13s           2026-05-08T19:53:56
================================================================================
[2026-05-08T19:54:44.360+0000] {manager.py:878} INFO - 
================================================================================
DAG File Processing Stats

File Path                                       PID    Runtime      # DAGs    # Errors  Last Runtime    Last Run
----------------------------------------------  -----  ---------  --------  ----------  --------------  -------------------
/opt/airflow/dags/newyork_fhv_pipeline.py                                1           0  0.17s           2026-05-08T19:54:26
/opt/airflow/dags/newyork_fhv_quality_check.py                           1           0  0.16s           2026-05-08T19:54:27
/opt/airflow/dags/newyork_fhv_ingestion.py                               1           0  0.15s           2026-05-08T19:54:28
/opt/airflow/dags/newyork_fhv_gold.py                                    1           0  0.13s           2026-05-08T19:54:15
/opt/airflow/dags/newyork_fhv_silver.py                                  1           0  0.12s           2026-05-08T19:54:26
================================================================================
[2026-05-08T19:55:14.724+0000] {manager.py:878} INFO - 
================================================================================
DAG File Processing Stats

File Path                                       PID    Runtime      # DAGs    # Errors  Last Runtime    Last Run
----------------------------------------------  -----  ---------  --------  ----------  --------------  -------------------
/opt/airflow/dags/newyork_fhv_quality_check.py                           1           0  0.48s           2026-05-08T19:54:58
/opt/airflow/dags/newyork_fhv_ingestion.py                               1           0  0.26s           2026-05-08T19:54:58
/opt/airflow/dags/newyork_fhv_gold.py                                    1           0  0.23s           2026-05-08T19:54:46
/opt/airflow/dags/newyork_fhv_pipeline.py                                1           0  0.22s           2026-05-08T19:54:57
/opt/airflow/dags/newyork_fhv_silver.py                                  1           0  0.16s           2026-05-08T19:54:57
================================================================================
[2026-05-08T19:55:44.930+0000] {manager.py:878} INFO - 
================================================================================
DAG File Processing Stats

File Path                                       PID    Runtime      # DAGs    # Errors  Last Runtime    Last Run
----------------------------------------------  -----  ---------  --------  ----------  --------------  -------------------
/opt/airflow/dags/newyork_fhv_pipeline.py                                1           0  0.23s           2026-05-08T19:55:28
/opt/airflow/dags/newyork_fhv_gold.py                                    1           0  0.20s           2026-05-08T19:55:17
/opt/airflow/dags/newyork_fhv_silver.py                                  1           0  0.17s           2026-05-08T19:55:28
/opt/airflow/dags/newyork_fhv_quality_check.py                           1           0  0.17s           2026-05-08T19:55:28
/opt/airflow/dags/newyork_fhv_ingestion.py                               1           0  0.17s           2026-05-08T19:55:29
================================================================================
[2026-05-08T19:56:00.443+0000] {manager.py:737} INFO - Searching for files in /opt/airflow/dags
[2026-05-08T19:56:00.594+0000] {manager.py:740} INFO - There are 5 files in /opt/airflow/dags
[2026-05-08T19:56:15.034+0000] {manager.py:878} INFO - 
================================================================================
DAG File Processing Stats

File Path                                       PID    Runtime      # DAGs    # Errors  Last Runtime    Last Run
----------------------------------------------  -----  ---------  --------  ----------  --------------  -------------------
/opt/airflow/dags/newyork_fhv_pipeline.py                                1           0  0.22s           2026-05-08T19:55:59
/opt/airflow/dags/newyork_fhv_quality_check.py                           1           0  0.21s           2026-05-08T19:55:59
/opt/airflow/dags/newyork_fhv_ingestion.py                               1           0  0.17s           2026-05-08T19:56:00
/opt/airflow/dags/newyork_fhv_gold.py                                    1           0  0.17s           2026-05-08T19:55:48
/opt/airflow/dags/newyork_fhv_silver.py                                  1           0  0.16s           2026-05-08T19:55:59
================================================================================
[2026-05-08T19:56:46.001+0000] {manager.py:878} INFO - 
================================================================================
DAG File Processing Stats

File Path                                       PID    Runtime      # DAGs    # Errors  Last Runtime    Last Run
----------------------------------------------  -----  ---------  --------  ----------  --------------  -------------------
/opt/airflow/dags/newyork_fhv_pipeline.py                                1           0  0.23s           2026-05-08T19:56:30
/opt/airflow/dags/newyork_fhv_gold.py                                    1           0  0.21s           2026-05-08T19:56:19
/opt/airflow/dags/newyork_fhv_ingestion.py                               1           0  0.21s           2026-05-08T19:56:31
/opt/airflow/dags/newyork_fhv_quality_check.py                           1           0  0.17s           2026-05-08T19:56:30
/opt/airflow/dags/newyork_fhv_silver.py                                  1           0  0.17s           2026-05-08T19:56:30
================================================================================
[2026-05-08T19:57:16.744+0000] {manager.py:878} INFO - 
================================================================================
DAG File Processing Stats

File Path                                       PID    Runtime      # DAGs    # Errors  Last Runtime    Last Run
----------------------------------------------  -----  ---------  --------  ----------  --------------  -------------------
/opt/airflow/dags/newyork_fhv_pipeline.py                                1           0  0.21s           2026-05-08T19:57:01
/opt/airflow/dags/newyork_fhv_quality_check.py                           1           0  0.18s           2026-05-08T19:57:01
/opt/airflow/dags/newyork_fhv_gold.py                                    1           0  0.16s           2026-05-08T19:56:50
/opt/airflow/dags/newyork_fhv_silver.py                                  1           0  0.16s           2026-05-08T19:57:01
/opt/airflow/dags/newyork_fhv_ingestion.py                               1           0  0.15s           2026-05-08T19:57:02
================================================================================
[2026-05-08T19:57:46.783+0000] {manager.py:878} INFO - 
================================================================================
DAG File Processing Stats

File Path                                       PID    Runtime      # DAGs    # Errors  Last Runtime    Last Run
----------------------------------------------  -----  ---------  --------  ----------  --------------  -------------------
/opt/airflow/dags/newyork_fhv_quality_check.py                           1           0  0.23s           2026-05-08T19:57:32
/opt/airflow/dags/newyork_fhv_pipeline.py                                1           0  0.21s           2026-05-08T19:57:32
/opt/airflow/dags/newyork_fhv_ingestion.py                               1           0  0.19s           2026-05-08T19:57:33
/opt/airflow/dags/newyork_fhv_gold.py                                    1           0  0.18s           2026-05-08T19:57:21
/opt/airflow/dags/newyork_fhv_silver.py                                  1           0  0.16s           2026-05-08T19:57:32
================================================================================
[2026-05-08T19:58:17.725+0000] {manager.py:878} INFO - 
================================================================================
DAG File Processing Stats

File Path                                       PID    Runtime      # DAGs    # Errors  Last Runtime    Last Run
----------------------------------------------  -----  ---------  --------  ----------  --------------  -------------------
/opt/airflow/dags/newyork_fhv_pipeline.py                                1           0  0.24s           2026-05-08T19:58:03
/opt/airflow/dags/newyork_fhv_silver.py                                  1           0  0.18s           2026-05-08T19:58:03
/opt/airflow/dags/newyork_fhv_gold.py                                    1           0  0.18s           2026-05-08T19:57:52
/opt/airflow/dags/newyork_fhv_ingestion.py                               1           0  0.17s           2026-05-08T19:58:04
/opt/airflow/dags/newyork_fhv_quality_check.py                           1           0  0.16s           2026-05-08T19:58:03
================================================================================
[2026-05-08T19:58:48.657+0000] {manager.py:878} INFO - 
================================================================================
DAG File Processing Stats

File Path                                       PID    Runtime      # DAGs    # Errors  Last Runtime    Last Run
----------------------------------------------  -----  ---------  --------  ----------  --------------  -------------------
/opt/airflow/dags/newyork_fhv_pipeline.py                                1           0  0.21s           2026-05-08T19:58:34
/opt/airflow/dags/newyork_fhv_gold.py                                    1           0  0.19s           2026-05-08T19:58:23
/opt/airflow/dags/newyork_fhv_silver.py                                  1           0  0.15s           2026-05-08T19:58:34
/opt/airflow/dags/newyork_fhv_ingestion.py                               1           0  0.12s           2026-05-08T19:58:35
/opt/airflow/dags/newyork_fhv_quality_check.py                           1           0  0.12s           2026-05-08T19:58:34
================================================================================
[2026-05-08T19:59:19.512+0000] {manager.py:878} INFO - 
================================================================================
DAG File Processing Stats

File Path                                       PID    Runtime      # DAGs    # Errors  Last Runtime    Last Run
----------------------------------------------  -----  ---------  --------  ----------  --------------  -------------------
/opt/airflow/dags/newyork_fhv_pipeline.py                                1           0  0.24s           2026-05-08T19:59:05
/opt/airflow/dags/newyork_fhv_gold.py                                    1           0  0.21s           2026-05-08T19:58:53
/opt/airflow/dags/newyork_fhv_quality_check.py                           1           0  0.18s           2026-05-08T19:59:05
/opt/airflow/dags/newyork_fhv_silver.py                                  1           0  0.17s           2026-05-08T19:59:05
/opt/airflow/dags/newyork_fhv_ingestion.py                               1           0  0.16s           2026-05-08T19:59:06
================================================================================
[2026-05-08T19:59:50.384+0000] {manager.py:878} INFO - 
================================================================================
DAG File Processing Stats

File Path                                       PID    Runtime      # DAGs    # Errors  Last Runtime    Last Run
----------------------------------------------  -----  ---------  --------  ----------  --------------  -------------------
/opt/airflow/dags/newyork_fhv_pipeline.py                                1           0  0.22s           2026-05-08T19:59:36
/opt/airflow/dags/newyork_fhv_quality_check.py                           1           0  0.20s           2026-05-08T19:59:36
/opt/airflow/dags/newyork_fhv_gold.py                                    1           0  0.20s           2026-05-08T19:59:24
/opt/airflow/dags/newyork_fhv_silver.py                                  1           0  0.16s           2026-05-08T19:59:36
/opt/airflow/dags/newyork_fhv_ingestion.py                               1           0  0.15s           2026-05-08T19:59:37
================================================================================
[2026-05-08T20:00:20.415+0000] {manager.py:878} INFO - 
================================================================================
DAG File Processing Stats

File Path                                       PID    Runtime      # DAGs    # Errors  Last Runtime    Last Run
----------------------------------------------  -----  ---------  --------  ----------  --------------  -------------------
/opt/airflow/dags/newyork_fhv_pipeline.py                                1           0  0.20s           2026-05-08T20:00:07
/opt/airflow/dags/newyork_fhv_ingestion.py                               1           0  0.19s           2026-05-08T20:00:08
/opt/airflow/dags/newyork_fhv_gold.py                                    1           0  0.17s           2026-05-08T19:59:55
/opt/airflow/dags/newyork_fhv_quality_check.py                           1           0  0.16s           2026-05-08T20:00:07
/opt/airflow/dags/newyork_fhv_silver.py                                  1           0  0.15s           2026-05-08T20:00:06
================================================================================
[2026-05-08T20:00:51.365+0000] {manager.py:878} INFO - 
================================================================================
DAG File Processing Stats

File Path                                       PID    Runtime      # DAGs    # Errors  Last Runtime    Last Run
----------------------------------------------  -----  ---------  --------  ----------  --------------  -------------------
/opt/airflow/dags/newyork_fhv_gold.py                                    1           0  0.21s           2026-05-08T20:00:26
/opt/airflow/dags/newyork_fhv_pipeline.py                                1           0  0.20s           2026-05-08T20:00:37
/opt/airflow/dags/newyork_fhv_ingestion.py                               1           0  0.18s           2026-05-08T20:00:39
/opt/airflow/dags/newyork_fhv_quality_check.py                           1           0  0.17s           2026-05-08T20:00:38
/opt/airflow/dags/newyork_fhv_silver.py                                  1           0  0.15s           2026-05-08T20:00:37
================================================================================
[2026-05-08T20:01:00.575+0000] {manager.py:737} INFO - Searching for files in /opt/airflow/dags
[2026-05-08T20:01:00.752+0000] {manager.py:740} INFO - There are 5 files in /opt/airflow/dags
[2026-05-08T20:01:21.597+0000] {manager.py:878} INFO - 
================================================================================
DAG File Processing Stats

File Path                                       PID    Runtime      # DAGs    # Errors  Last Runtime    Last Run
----------------------------------------------  -----  ---------  --------  ----------  --------------  -------------------
/opt/airflow/dags/newyork_fhv_pipeline.py                                1           0  0.22s           2026-05-08T20:01:09
/opt/airflow/dags/newyork_fhv_ingestion.py                               1           0  0.21s           2026-05-08T20:01:09
/opt/airflow/dags/newyork_fhv_gold.py                                    1           0  0.17s           2026-05-08T20:00:57
/opt/airflow/dags/newyork_fhv_silver.py                                  1           0  0.16s           2026-05-08T20:01:09
/opt/airflow/dags/newyork_fhv_quality_check.py                           1           0  0.16s           2026-05-08T20:01:09
================================================================================
[2026-05-08T20:01:51.600+0000] {manager.py:878} INFO - 
================================================================================
DAG File Processing Stats

File Path                                       PID    Runtime      # DAGs    # Errors  Last Runtime    Last Run
----------------------------------------------  -----  ---------  --------  ----------  --------------  -------------------
/opt/airflow/dags/newyork_fhv_gold.py                                    1           0  0.16s           2026-05-08T20:01:27
/opt/airflow/dags/newyork_fhv_pipeline.py                                1           0  0.15s           2026-05-08T20:01:40
/opt/airflow/dags/newyork_fhv_quality_check.py                           1           0  0.13s           2026-05-08T20:01:40
/opt/airflow/dags/newyork_fhv_silver.py                                  1           0  0.12s           2026-05-08T20:01:40
/opt/airflow/dags/newyork_fhv_ingestion.py                               1           0  0.11s           2026-05-08T20:01:40
================================================================================
[2026-05-08T20:02:21.748+0000] {manager.py:878} INFO - 
================================================================================
DAG File Processing Stats

File Path                                       PID    Runtime      # DAGs    # Errors  Last Runtime    Last Run
----------------------------------------------  -----  ---------  --------  ----------  --------------  -------------------
/opt/airflow/dags/newyork_fhv_pipeline.py                                1           0  0.19s           2026-05-08T20:02:11
/opt/airflow/dags/newyork_fhv_gold.py                                    1           0  0.17s           2026-05-08T20:01:58
/opt/airflow/dags/newyork_fhv_quality_check.py                           1           0  0.15s           2026-05-08T20:02:11
/opt/airflow/dags/newyork_fhv_ingestion.py                               1           0  0.14s           2026-05-08T20:02:11
/opt/airflow/dags/newyork_fhv_silver.py                                  1           0  0.14s           2026-05-08T20:02:11
================================================================================
[2026-05-08T20:02:51.918+0000] {manager.py:878} INFO - 
================================================================================
DAG File Processing Stats

File Path                                       PID    Runtime      # DAGs    # Errors  Last Runtime    Last Run
----------------------------------------------  -----  ---------  --------  ----------  --------------  -------------------
/opt/airflow/dags/newyork_fhv_gold.py                                    1           0  0.41s           2026-05-08T20:02:30
/opt/airflow/dags/newyork_fhv_pipeline.py                                1           0  0.20s           2026-05-08T20:02:41
/opt/airflow/dags/newyork_fhv_ingestion.py                               1           0  0.19s           2026-05-08T20:02:41
/opt/airflow/dags/newyork_fhv_silver.py                                  1           0  0.14s           2026-05-08T20:02:41
/opt/airflow/dags/newyork_fhv_quality_check.py                           1           0  0.13s           2026-05-08T20:02:41
================================================================================
[2026-05-08T20:03:22.228+0000] {manager.py:878} INFO - 
================================================================================
DAG File Processing Stats

File Path                                       PID    Runtime      # DAGs    # Errors  Last Runtime    Last Run
----------------------------------------------  -----  ---------  --------  ----------  --------------  -------------------
/opt/airflow/dags/newyork_fhv_ingestion.py                               1           0  0.22s           2026-05-08T20:03:12
/opt/airflow/dags/newyork_fhv_silver.py                                  1           0  0.22s           2026-05-08T20:03:11
/opt/airflow/dags/newyork_fhv_pipeline.py                                1           0  0.19s           2026-05-08T20:03:11
/opt/airflow/dags/newyork_fhv_quality_check.py                           1           0  0.16s           2026-05-08T20:03:12
/opt/airflow/dags/newyork_fhv_gold.py                                    1           0  0.15s           2026-05-08T20:03:00
================================================================================
[2026-05-08T23:03:49.812+0000] {manager.py:737} INFO - Searching for files in /opt/airflow/dags
[2026-05-08T23:03:54.693+0000] {manager.py:740} INFO - There are 5 files in /opt/airflow/dags
[2026-05-08T23:03:55.111+0000] {manager.py:878} INFO - 
================================================================================
DAG File Processing Stats

File Path                                         PID  Runtime      # DAGs    # Errors  Last Runtime    Last Run
----------------------------------------------  -----  ---------  --------  ----------  --------------  -------------------
/opt/airflow/dags/newyork_fhv_pipeline.py        1378  0.00s             1           0  0.23s           2026-05-08T20:03:42
/opt/airflow/dags/newyork_fhv_gold.py            1377  0.36s             1           0  0.20s           2026-05-08T20:03:30
/opt/airflow/dags/newyork_fhv_ingestion.py                               1           0  0.17s           2026-05-08T20:03:42
/opt/airflow/dags/newyork_fhv_silver.py                                  1           0  0.17s           2026-05-08T20:03:42
/opt/airflow/dags/newyork_fhv_quality_check.py                           1           0  0.16s           2026-05-08T20:03:42
================================================================================
[2026-05-09T01:03:53.673+0000] {manager.py:737} INFO - Searching for files in /opt/airflow/dags
[2026-05-09T01:04:04.739+0000] {manager.py:740} INFO - There are 5 files in /opt/airflow/dags
[2026-05-09T01:04:13.194+0000] {manager.py:878} INFO - 
================================================================================
DAG File Processing Stats

File Path                                       PID    Runtime      # DAGs    # Errors  Last Runtime    Last Run
----------------------------------------------  -----  ---------  --------  ----------  --------------  -------------------
/opt/airflow/dags/newyork_fhv_pipeline.py                                1           0  1.21s           2026-05-09T01:04:06
/opt/airflow/dags/newyork_fhv_silver.py                                  1           0  1.14s           2026-05-09T01:04:08
/opt/airflow/dags/newyork_fhv_gold.py                                    1           0  1.13s           2026-05-09T01:04:06
/opt/airflow/dags/newyork_fhv_quality_check.py                           1           0  1.06s           2026-05-09T01:04:08
/opt/airflow/dags/newyork_fhv_ingestion.py                               1           0  0.94s           2026-05-09T01:04:09
================================================================================
[2026-05-09T01:04:43.922+0000] {manager.py:878} INFO - 
================================================================================
DAG File Processing Stats

File Path                                       PID    Runtime      # DAGs    # Errors  Last Runtime    Last Run
----------------------------------------------  -----  ---------  --------  ----------  --------------  -------------------
/opt/airflow/dags/newyork_fhv_pipeline.py                                1           0  0.59s           2026-05-09T01:04:37
/opt/airflow/dags/newyork_fhv_gold.py                                    1           0  0.42s           2026-05-09T01:04:37
/opt/airflow/dags/newyork_fhv_silver.py                                  1           0  0.30s           2026-05-09T01:04:38
/opt/airflow/dags/newyork_fhv_quality_check.py                           1           0  0.29s           2026-05-09T01:04:38
/opt/airflow/dags/newyork_fhv_ingestion.py                               1           0  0.17s           2026-05-09T01:04:40
================================================================================
[2026-05-09T01:05:14.829+0000] {manager.py:878} INFO - 
================================================================================
DAG File Processing Stats

File Path                                       PID    Runtime      # DAGs    # Errors  Last Runtime    Last Run
----------------------------------------------  -----  ---------  --------  ----------  --------------  -------------------
/opt/airflow/dags/newyork_fhv_ingestion.py                               1           0  1.58s           2026-05-09T01:05:11
/opt/airflow/dags/newyork_fhv_quality_check.py                           1           0  1.01s           2026-05-09T01:05:10
/opt/airflow/dags/newyork_fhv_pipeline.py                                1           0  0.96s           2026-05-09T01:05:09
/opt/airflow/dags/newyork_fhv_silver.py                                  1           0  0.89s           2026-05-09T01:05:10
/opt/airflow/dags/newyork_fhv_gold.py                                    1           0  0.62s           2026-05-09T01:05:08
================================================================================
[2026-05-09T01:05:44.905+0000] {manager.py:878} INFO - 
================================================================================
DAG File Processing Stats

File Path                                       PID    Runtime      # DAGs    # Errors  Last Runtime    Last Run
----------------------------------------------  -----  ---------  --------  ----------  --------------  -------------------
/opt/airflow/dags/newyork_fhv_quality_check.py                           1           0  0.96s           2026-05-09T01:05:41
/opt/airflow/dags/newyork_fhv_silver.py                                  1           0  0.72s           2026-05-09T01:05:41
/opt/airflow/dags/newyork_fhv_ingestion.py                               1           0  0.30s           2026-05-09T01:05:42
/opt/airflow/dags/newyork_fhv_gold.py                                    1           0  0.18s           2026-05-09T01:05:39
/opt/airflow/dags/newyork_fhv_pipeline.py                                1           0  0.18s           2026-05-09T01:05:39
================================================================================
[2026-05-09T01:06:15.143+0000] {manager.py:878} INFO - 
================================================================================
DAG File Processing Stats

File Path                                       PID    Runtime      # DAGs    # Errors  Last Runtime    Last Run
----------------------------------------------  -----  ---------  --------  ----------  --------------  -------------------
/opt/airflow/dags/newyork_fhv_silver.py                                  1           0  0.31s           2026-05-09T01:06:12
/opt/airflow/dags/newyork_fhv_pipeline.py                                1           0  0.29s           2026-05-09T01:06:09
/opt/airflow/dags/newyork_fhv_gold.py                                    1           0  0.26s           2026-05-09T01:06:09
/opt/airflow/dags/newyork_fhv_quality_check.py                           1           0  0.24s           2026-05-09T01:06:12
/opt/airflow/dags/newyork_fhv_ingestion.py                               1           0  0.21s           2026-05-09T01:06:13
================================================================================
[2026-05-09T01:06:45.383+0000] {manager.py:878} INFO - 
================================================================================
DAG File Processing Stats

File Path                                       PID    Runtime      # DAGs    # Errors  Last Runtime    Last Run
----------------------------------------------  -----  ---------  --------  ----------  --------------  -------------------
/opt/airflow/dags/newyork_fhv_pipeline.py                                1           0  0.22s           2026-05-09T01:06:41
/opt/airflow/dags/newyork_fhv_ingestion.py                               1           0  0.20s           2026-05-09T01:06:44
/opt/airflow/dags/newyork_fhv_gold.py                                    1           0  0.19s           2026-05-09T01:06:41
/opt/airflow/dags/newyork_fhv_silver.py                                  1           0  0.19s           2026-05-09T01:06:43
/opt/airflow/dags/newyork_fhv_quality_check.py                           1           0  0.17s           2026-05-09T01:06:43
================================================================================
[2026-05-09T01:07:15.597+0000] {manager.py:878} INFO - 
================================================================================
DAG File Processing Stats

File Path                                       PID    Runtime      # DAGs    # Errors  Last Runtime    Last Run
----------------------------------------------  -----  ---------  --------  ----------  --------------  -------------------
/opt/airflow/dags/newyork_fhv_ingestion.py                               1           0  0.24s           2026-05-09T01:07:15
/opt/airflow/dags/newyork_fhv_pipeline.py                                1           0  0.18s           2026-05-09T01:07:12
/opt/airflow/dags/newyork_fhv_gold.py                                    1           0  0.18s           2026-05-09T01:07:12
/opt/airflow/dags/newyork_fhv_silver.py                                  1           0  0.15s           2026-05-09T01:07:14
/opt/airflow/dags/newyork_fhv_quality_check.py                           1           0  0.15s           2026-05-09T01:07:14
================================================================================
[2026-05-09T01:07:46.493+0000] {manager.py:878} INFO - 
================================================================================
DAG File Processing Stats

File Path                                         PID  Runtime      # DAGs    # Errors  Last Runtime    Last Run
----------------------------------------------  -----  ---------  --------  ----------  --------------  -------------------
/opt/airflow/dags/newyork_fhv_ingestion.py       1470  0.01s             1           0  0.24s           2026-05-09T01:07:15
/opt/airflow/dags/newyork_fhv_pipeline.py                                1           0  0.23s           2026-05-09T01:07:42
/opt/airflow/dags/newyork_fhv_gold.py                                    1           0  0.21s           2026-05-09T01:07:42
/opt/airflow/dags/newyork_fhv_silver.py                                  1           0  0.17s           2026-05-09T01:07:44
/opt/airflow/dags/newyork_fhv_quality_check.py                           1           0  0.16s           2026-05-09T01:07:44
================================================================================
[2026-05-09T01:08:16.575+0000] {manager.py:878} INFO - 
================================================================================
DAG File Processing Stats

File Path                                       PID    Runtime      # DAGs    # Errors  Last Runtime    Last Run
----------------------------------------------  -----  ---------  --------  ----------  --------------  -------------------
/opt/airflow/dags/newyork_fhv_ingestion.py                               1           0  0.22s           2026-05-09T01:07:46
/opt/airflow/dags/newyork_fhv_gold.py                                    1           0  0.17s           2026-05-09T01:08:13
/opt/airflow/dags/newyork_fhv_pipeline.py                                1           0  0.16s           2026-05-09T01:08:13
/opt/airflow/dags/newyork_fhv_silver.py                                  1           0  0.15s           2026-05-09T01:08:15
/opt/airflow/dags/newyork_fhv_quality_check.py                           1           0  0.14s           2026-05-09T01:08:15
================================================================================
[2026-05-09T01:08:46.883+0000] {manager.py:878} INFO - 
================================================================================
DAG File Processing Stats

File Path                                       PID    Runtime      # DAGs    # Errors  Last Runtime    Last Run
----------------------------------------------  -----  ---------  --------  ----------  --------------  -------------------
/opt/airflow/dags/newyork_fhv_ingestion.py                               1           0  0.23s           2026-05-09T01:08:17
/opt/airflow/dags/newyork_fhv_gold.py                                    1           0  0.20s           2026-05-09T01:08:43
/opt/airflow/dags/newyork_fhv_pipeline.py                                1           0  0.19s           2026-05-09T01:08:43
/opt/airflow/dags/newyork_fhv_silver.py                                  1           0  0.18s           2026-05-09T01:08:45
/opt/airflow/dags/newyork_fhv_quality_check.py                           1           0  0.15s           2026-05-09T01:08:45
================================================================================
[2026-05-09T01:08:54.049+0000] {manager.py:737} INFO - Searching for files in /opt/airflow/dags
[2026-05-09T01:08:54.237+0000] {manager.py:740} INFO - There are 5 files in /opt/airflow/dags
[2026-05-09T01:09:17.132+0000] {manager.py:878} INFO - 
================================================================================
DAG File Processing Stats

File Path                                       PID    Runtime      # DAGs    # Errors  Last Runtime    Last Run
----------------------------------------------  -----  ---------  --------  ----------  --------------  -------------------
/opt/airflow/dags/newyork_fhv_pipeline.py                                1           0  0.22s           2026-05-09T01:09:14
/opt/airflow/dags/newyork_fhv_gold.py                                    1           0  0.21s           2026-05-09T01:09:13
/opt/airflow/dags/newyork_fhv_silver.py                                  1           0  0.16s           2026-05-09T01:09:16
/opt/airflow/dags/newyork_fhv_quality_check.py                           1           0  0.16s           2026-05-09T01:09:16
/opt/airflow/dags/newyork_fhv_ingestion.py                               1           0  0.15s           2026-05-09T01:08:48
================================================================================
[2026-05-09T01:09:47.137+0000] {manager.py:878} INFO - 
================================================================================
DAG File Processing Stats

File Path                                         PID  Runtime      # DAGs    # Errors  Last Runtime    Last Run
----------------------------------------------  -----  ---------  --------  ----------  --------------  -------------------
/opt/airflow/dags/newyork_fhv_pipeline.py                                1           0  0.19s           2026-05-09T01:09:44
/opt/airflow/dags/newyork_fhv_gold.py                                    1           0  0.19s           2026-05-09T01:09:44
/opt/airflow/dags/newyork_fhv_silver.py                                  1           0  0.17s           2026-05-09T01:09:47
/opt/airflow/dags/newyork_fhv_quality_check.py   1512  0.17s             1           0  0.16s           2026-05-09T01:09:16
/opt/airflow/dags/newyork_fhv_ingestion.py                               1           0  0.14s           2026-05-09T01:09:18
================================================================================
[2026-05-09T01:10:17.921+0000] {manager.py:878} INFO - 
================================================================================
DAG File Processing Stats

File Path                                         PID  Runtime      # DAGs    # Errors  Last Runtime    Last Run
----------------------------------------------  -----  ---------  --------  ----------  --------------  -------------------
/opt/airflow/dags/newyork_fhv_quality_check.py   1523  0.01s             1           0  0.17s           2026-05-09T01:09:47
/opt/airflow/dags/newyork_fhv_silver.py          1522  0.03s             1           0  0.17s           2026-05-09T01:09:47
/opt/airflow/dags/newyork_fhv_ingestion.py                               1           0  0.16s           2026-05-09T01:09:49
/opt/airflow/dags/newyork_fhv_pipeline.py                                1           0  0.16s           2026-05-09T01:10:15
/opt/airflow/dags/newyork_fhv_gold.py                                    1           0  0.15s           2026-05-09T01:10:15
================================================================================
[2026-05-09T01:10:48.925+0000] {manager.py:878} INFO - 
================================================================================
DAG File Processing Stats

File Path                                         PID  Runtime      # DAGs    # Errors  Last Runtime    Last Run
----------------------------------------------  -----  ---------  --------  ----------  --------------  -------------------
/opt/airflow/dags/newyork_fhv_silver.py          1533  0.03s             1           0  0.21s           2026-05-09T01:10:18
/opt/airflow/dags/newyork_fhv_pipeline.py                                1           0  0.20s           2026-05-09T01:10:46
/opt/airflow/dags/newyork_fhv_quality_check.py   1534  0.00s             1           0  0.20s           2026-05-09T01:10:18
/opt/airflow/dags/newyork_fhv_gold.py                                    1           0  0.20s           2026-05-09T01:10:46
/opt/airflow/dags/newyork_fhv_ingestion.py                               1           0  0.19s           2026-05-09T01:10:20
================================================================================
[2026-05-09T01:11:19.841+0000] {manager.py:878} INFO - 
================================================================================
DAG File Processing Stats

File Path                                         PID  Runtime      # DAGs    # Errors  Last Runtime    Last Run
----------------------------------------------  -----  ---------  --------  ----------  --------------  -------------------
/opt/airflow/dags/newyork_fhv_ingestion.py                               1           0  0.19s           2026-05-09T01:10:51
/opt/airflow/dags/newyork_fhv_pipeline.py                                1           0  0.19s           2026-05-09T01:11:17
/opt/airflow/dags/newyork_fhv_gold.py                                    1           0  0.18s           2026-05-09T01:11:17
/opt/airflow/dags/newyork_fhv_silver.py          1544  0.03s             1           0  0.15s           2026-05-09T01:10:49
/opt/airflow/dags/newyork_fhv_quality_check.py   1545  0.01s             1           0  0.14s           2026-05-09T01:10:49
================================================================================
[2026-05-09T01:11:49.987+0000] {manager.py:878} INFO - 
================================================================================
DAG File Processing Stats

File Path                                       PID    Runtime      # DAGs    # Errors  Last Runtime    Last Run
----------------------------------------------  -----  ---------  --------  ----------  --------------  -------------------
/opt/airflow/dags/newyork_fhv_quality_check.py                           1           0  0.42s           2026-05-09T01:11:20
/opt/airflow/dags/newyork_fhv_silver.py                                  1           0  0.35s           2026-05-09T01:11:20
/opt/airflow/dags/newyork_fhv_gold.py                                    1           0  0.18s           2026-05-09T01:11:48
/opt/airflow/dags/newyork_fhv_pipeline.py                                1           0  0.17s           2026-05-09T01:11:48
/opt/airflow/dags/newyork_fhv_ingestion.py                               1           0  0.14s           2026-05-09T01:11:21
================================================================================
[2026-05-09T01:12:20.846+0000] {manager.py:878} INFO - 
================================================================================
DAG File Processing Stats

File Path                                       PID    Runtime      # DAGs    # Errors  Last Runtime    Last Run
----------------------------------------------  -----  ---------  --------  ----------  --------------  -------------------
/opt/airflow/dags/newyork_fhv_silver.py                                  1           0  0.25s           2026-05-09T01:11:51
/opt/airflow/dags/newyork_fhv_ingestion.py                               1           0  0.25s           2026-05-09T01:11:52
/opt/airflow/dags/newyork_fhv_quality_check.py                           1           0  0.24s           2026-05-09T01:11:51
/opt/airflow/dags/newyork_fhv_pipeline.py                                1           0  0.13s           2026-05-09T01:12:19
/opt/airflow/dags/newyork_fhv_gold.py                                    1           0  0.13s           2026-05-09T01:12:19
================================================================================
[2026-05-09T01:12:51.633+0000] {manager.py:878} INFO - 
================================================================================
DAG File Processing Stats

File Path                                       PID    Runtime      # DAGs    # Errors  Last Runtime    Last Run
----------------------------------------------  -----  ---------  --------  ----------  --------------  -------------------
/opt/airflow/dags/newyork_fhv_pipeline.py                                1           0  0.16s           2026-05-09T01:12:50
/opt/airflow/dags/newyork_fhv_ingestion.py                               1           0  0.13s           2026-05-09T01:12:23
/opt/airflow/dags/newyork_fhv_silver.py                                  1           0  0.13s           2026-05-09T01:12:22
/opt/airflow/dags/newyork_fhv_quality_check.py                           1           0  0.13s           2026-05-09T01:12:22
/opt/airflow/dags/newyork_fhv_gold.py                                    1           0  0.11s           2026-05-09T01:12:50
================================================================================
[2026-05-09T01:13:21.694+0000] {manager.py:878} INFO - 
================================================================================
DAG File Processing Stats

File Path                                       PID    Runtime      # DAGs    # Errors  Last Runtime    Last Run
----------------------------------------------  -----  ---------  --------  ----------  --------------  -------------------
/opt/airflow/dags/newyork_fhv_gold.py                                    1           0  0.19s           2026-05-09T01:13:21
/opt/airflow/dags/newyork_fhv_pipeline.py                                1           0  0.18s           2026-05-09T01:13:21
/opt/airflow/dags/newyork_fhv_ingestion.py                               1           0  0.18s           2026-05-09T01:12:53
/opt/airflow/dags/newyork_fhv_quality_check.py                           1           0  0.15s           2026-05-09T01:12:52
/opt/airflow/dags/newyork_fhv_silver.py                                  1           0  0.14s           2026-05-09T01:12:52
================================================================================
[2026-05-09T01:13:52.304+0000] {manager.py:878} INFO - 
================================================================================
DAG File Processing Stats

File Path                                         PID  Runtime      # DAGs    # Errors  Last Runtime    Last Run
----------------------------------------------  -----  ---------  --------  ----------  --------------  -------------------
/opt/airflow/dags/newyork_fhv_silver.py                                  1           0  0.20s           2026-05-09T01:13:23
/opt/airflow/dags/newyork_fhv_gold.py            1597  0.03s             1           0  0.19s           2026-05-09T01:13:21
/opt/airflow/dags/newyork_fhv_pipeline.py        1598  0.01s             1           0  0.18s           2026-05-09T01:13:21
/opt/airflow/dags/newyork_fhv_quality_check.py                           1           0  0.17s           2026-05-09T01:13:23
/opt/airflow/dags/newyork_fhv_ingestion.py                               1           0  0.17s           2026-05-09T01:13:24
================================================================================
[2026-05-09T01:13:54.498+0000] {manager.py:737} INFO - Searching for files in /opt/airflow/dags
[2026-05-09T01:13:54.647+0000] {manager.py:740} INFO - There are 5 files in /opt/airflow/dags
[2026-05-09T01:14:22.521+0000] {manager.py:878} INFO - 
================================================================================
DAG File Processing Stats

File Path                                         PID  Runtime      # DAGs    # Errors  Last Runtime    Last Run
----------------------------------------------  -----  ---------  --------  ----------  --------------  -------------------
/opt/airflow/dags/newyork_fhv_pipeline.py                                1           0  0.21s           2026-05-09T01:13:52
/opt/airflow/dags/newyork_fhv_ingestion.py                               1           0  0.21s           2026-05-09T01:13:56
/opt/airflow/dags/newyork_fhv_gold.py            1608  0.01s             1           0  0.19s           2026-05-09T01:13:52
/opt/airflow/dags/newyork_fhv_silver.py                                  1           0  0.17s           2026-05-09T01:13:54
/opt/airflow/dags/newyork_fhv_quality_check.py                           1           0  0.16s           2026-05-09T01:13:54
================================================================================
[2026-05-09T01:14:52.803+0000] {manager.py:878} INFO - 
================================================================================
DAG File Processing Stats

File Path                                         PID  Runtime      # DAGs    # Errors  Last Runtime    Last Run
----------------------------------------------  -----  ---------  --------  ----------  --------------  -------------------
/opt/airflow/dags/newyork_fhv_ingestion.py                               1           0  0.22s           2026-05-09T01:14:26
/opt/airflow/dags/newyork_fhv_pipeline.py                                1           0  0.21s           2026-05-09T01:14:22
/opt/airflow/dags/newyork_fhv_gold.py            1619  0.00s             1           0  0.21s           2026-05-09T01:14:22
/opt/airflow/dags/newyork_fhv_silver.py                                  1           0  0.19s           2026-05-09T01:14:25
/opt/airflow/dags/newyork_fhv_quality_check.py                           1           0  0.18s           2026-05-09T01:14:26
================================================================================
[2026-05-09T01:15:22.830+0000] {manager.py:878} INFO - 
================================================================================
DAG File Processing Stats

File Path                                       PID    Runtime      # DAGs    # Errors  Last Runtime    Last Run
----------------------------------------------  -----  ---------  --------  ----------  --------------  -------------------
/opt/airflow/dags/newyork_fhv_pipeline.py                                1           0  0.25s           2026-05-09T01:14:53
/opt/airflow/dags/newyork_fhv_ingestion.py                               1           0  0.20s           2026-05-09T01:14:57
/opt/airflow/dags/newyork_fhv_silver.py                                  1           0  0.18s           2026-05-09T01:14:56
/opt/airflow/dags/newyork_fhv_quality_check.py                           1           0  0.17s           2026-05-09T01:14:56
/opt/airflow/dags/newyork_fhv_gold.py                                    1           0  0.15s           2026-05-09T01:14:52
================================================================================
[2026-05-09T01:15:53.707+0000] {manager.py:878} INFO - 
================================================================================
DAG File Processing Stats

File Path                                       PID    Runtime      # DAGs    # Errors  Last Runtime    Last Run
----------------------------------------------  -----  ---------  --------  ----------  --------------  -------------------
/opt/airflow/dags/newyork_fhv_ingestion.py                               1           0  0.18s           2026-05-09T01:15:28
/opt/airflow/dags/newyork_fhv_gold.py                                    1           0  0.16s           2026-05-09T01:15:24
/opt/airflow/dags/newyork_fhv_pipeline.py                                1           0  0.16s           2026-05-09T01:15:24
/opt/airflow/dags/newyork_fhv_silver.py                                  1           0  0.16s           2026-05-09T01:15:27
/opt/airflow/dags/newyork_fhv_quality_check.py                           1           0  0.15s           2026-05-09T01:15:27
================================================================================
[2026-05-09T01:16:24.614+0000] {manager.py:878} INFO - 
================================================================================
DAG File Processing Stats

File Path                                       PID    Runtime      # DAGs    # Errors  Last Runtime    Last Run
----------------------------------------------  -----  ---------  --------  ----------  --------------  -------------------
/opt/airflow/dags/newyork_fhv_silver.py                                  1           0  0.17s           2026-05-09T01:15:58
/opt/airflow/dags/newyork_fhv_quality_check.py                           1           0  0.17s           2026-05-09T01:15:58
/opt/airflow/dags/newyork_fhv_ingestion.py                               1           0  0.16s           2026-05-09T01:15:59
/opt/airflow/dags/newyork_fhv_gold.py                                    1           0  0.15s           2026-05-09T01:15:54
/opt/airflow/dags/newyork_fhv_pipeline.py                                1           0  0.15s           2026-05-09T01:15:54
================================================================================
[2026-05-09T01:16:54.709+0000] {manager.py:878} INFO - 
================================================================================
DAG File Processing Stats

File Path                                       PID    Runtime      # DAGs    # Errors  Last Runtime    Last Run
----------------------------------------------  -----  ---------  --------  ----------  --------------  -------------------
/opt/airflow/dags/newyork_fhv_pipeline.py                                1           0  0.20s           2026-05-09T01:16:25
/opt/airflow/dags/newyork_fhv_gold.py                                    1           0  0.20s           2026-05-09T01:16:25
/opt/airflow/dags/newyork_fhv_ingestion.py                               1           0  0.15s           2026-05-09T01:16:30
/opt/airflow/dags/newyork_fhv_silver.py                                  1           0  0.14s           2026-05-09T01:16:29
/opt/airflow/dags/newyork_fhv_quality_check.py                           1           0  0.14s           2026-05-09T01:16:29
================================================================================
[2026-05-09T01:17:25.419+0000] {manager.py:878} INFO - 
================================================================================
DAG File Processing Stats

File Path                                       PID    Runtime      # DAGs    # Errors  Last Runtime    Last Run
----------------------------------------------  -----  ---------  --------  ----------  --------------  -------------------
/opt/airflow/dags/newyork_fhv_pipeline.py                                1           0  0.23s           2026-05-09T01:16:56
/opt/airflow/dags/newyork_fhv_gold.py                                    1           0  0.20s           2026-05-09T01:16:56
/opt/airflow/dags/newyork_fhv_ingestion.py                               1           0  0.15s           2026-05-09T01:17:01
/opt/airflow/dags/newyork_fhv_silver.py                                  1           0  0.13s           2026-05-09T01:16:59
/opt/airflow/dags/newyork_fhv_quality_check.py                           1           0  0.13s           2026-05-09T01:16:59
================================================================================
[2026-05-09T01:17:56.147+0000] {manager.py:878} INFO - 
================================================================================
DAG File Processing Stats

File Path                                       PID    Runtime      # DAGs    # Errors  Last Runtime    Last Run
----------------------------------------------  -----  ---------  --------  ----------  --------------  -------------------
/opt/airflow/dags/newyork_fhv_ingestion.py                               1           0  0.19s           2026-05-09T01:17:31
/opt/airflow/dags/newyork_fhv_silver.py                                  1           0  0.15s           2026-05-09T01:17:30
/opt/airflow/dags/newyork_fhv_pipeline.py                                1           0  0.15s           2026-05-09T01:17:27
/opt/airflow/dags/newyork_fhv_gold.py                                    1           0  0.14s           2026-05-09T01:17:27
/opt/airflow/dags/newyork_fhv_quality_check.py                           1           0  0.14s           2026-05-09T01:17:30
================================================================================
[2026-05-09T01:18:26.385+0000] {manager.py:878} INFO - 
================================================================================
DAG File Processing Stats

File Path                                       PID    Runtime      # DAGs    # Errors  Last Runtime    Last Run
----------------------------------------------  -----  ---------  --------  ----------  --------------  -------------------
/opt/airflow/dags/newyork_fhv_quality_check.py                           1           0  0.49s           2026-05-09T01:18:01
/opt/airflow/dags/newyork_fhv_silver.py                                  1           0  0.49s           2026-05-09T01:18:01
/opt/airflow/dags/newyork_fhv_ingestion.py                               1           0  0.21s           2026-05-09T01:18:02
/opt/airflow/dags/newyork_fhv_pipeline.py                                1           0  0.15s           2026-05-09T01:17:58
/opt/airflow/dags/newyork_fhv_gold.py                                    1           0  0.15s           2026-05-09T01:17:58
================================================================================
[2026-05-09T01:18:54.723+0000] {manager.py:737} INFO - Searching for files in /opt/airflow/dags
[2026-05-09T01:18:55.953+0000] {manager.py:740} INFO - There are 5 files in /opt/airflow/dags
[2026-05-09T01:18:57.023+0000] {manager.py:878} INFO - 
================================================================================
DAG File Processing Stats

File Path                                       PID    Runtime      # DAGs    # Errors  Last Runtime    Last Run
----------------------------------------------  -----  ---------  --------  ----------  --------------  -------------------
/opt/airflow/dags/newyork_fhv_quality_check.py                           1           0  0.21s           2026-05-09T01:18:32
/opt/airflow/dags/newyork_fhv_silver.py                                  1           0  0.20s           2026-05-09T01:18:32
/opt/airflow/dags/newyork_fhv_pipeline.py                                1           0  0.16s           2026-05-09T01:18:28
/opt/airflow/dags/newyork_fhv_ingestion.py                               1           0  0.16s           2026-05-09T01:18:33
/opt/airflow/dags/newyork_fhv_gold.py                                    1           0  0.15s           2026-05-09T01:18:28
================================================================================
[2026-05-09T01:19:27.848+0000] {manager.py:878} INFO - 
================================================================================
DAG File Processing Stats

File Path                                       PID    Runtime      # DAGs    # Errors  Last Runtime    Last Run
----------------------------------------------  -----  ---------  --------  ----------  --------------  -------------------
/opt/airflow/dags/newyork_fhv_pipeline.py                                1           0  0.17s           2026-05-09T01:18:59
/opt/airflow/dags/newyork_fhv_gold.py                                    1           0  0.16s           2026-05-09T01:18:59
/opt/airflow/dags/newyork_fhv_ingestion.py                               1           0  0.15s           2026-05-09T01:19:03
/opt/airflow/dags/newyork_fhv_silver.py                                  1           0  0.14s           2026-05-09T01:19:03
/opt/airflow/dags/newyork_fhv_quality_check.py                           1           0  0.13s           2026-05-09T01:19:03
================================================================================
[2026-05-09T01:19:57.903+0000] {manager.py:878} INFO - 
================================================================================
DAG File Processing Stats

File Path                                       PID    Runtime      # DAGs    # Errors  Last Runtime    Last Run
----------------------------------------------  -----  ---------  --------  ----------  --------------  -------------------
/opt/airflow/dags/newyork_fhv_pipeline.py                                1           0  0.28s           2026-05-09T01:19:30
/opt/airflow/dags/newyork_fhv_gold.py                                    1           0  0.27s           2026-05-09T01:19:30
/opt/airflow/dags/newyork_fhv_silver.py                                  1           0  0.16s           2026-05-09T01:19:34
/opt/airflow/dags/newyork_fhv_quality_check.py                           1           0  0.16s           2026-05-09T01:19:34
/opt/airflow/dags/newyork_fhv_ingestion.py                               1           0  0.13s           2026-05-09T01:19:34
================================================================================
[2026-05-09T01:20:28.008+0000] {manager.py:878} INFO - 
================================================================================
DAG File Processing Stats

File Path                                       PID    Runtime      # DAGs    # Errors  Last Runtime    Last Run
----------------------------------------------  -----  ---------  --------  ----------  --------------  -------------------
/opt/airflow/dags/newyork_fhv_silver.py                                  1           0  0.15s           2026-05-09T01:20:05
/opt/airflow/dags/newyork_fhv_quality_check.py                           1           0  0.15s           2026-05-09T01:20:05
/opt/airflow/dags/newyork_fhv_pipeline.py                                1           0  0.14s           2026-05-09T01:20:00
/opt/airflow/dags/newyork_fhv_ingestion.py                               1           0  0.14s           2026-05-09T01:20:05
/opt/airflow/dags/newyork_fhv_gold.py                                    1           0  0.13s           2026-05-09T01:20:00
================================================================================
[2026-05-09T01:20:58.346+0000] {manager.py:878} INFO - 
================================================================================
DAG File Processing Stats

File Path                                       PID    Runtime      # DAGs    # Errors  Last Runtime    Last Run
----------------------------------------------  -----  ---------  --------  ----------  --------------  -------------------
/opt/airflow/dags/newyork_fhv_gold.py                                    1           0  0.29s           2026-05-09T01:20:31
/opt/airflow/dags/newyork_fhv_quality_check.py                           1           0  0.26s           2026-05-09T01:20:35
/opt/airflow/dags/newyork_fhv_ingestion.py                               1           0  0.25s           2026-05-09T01:20:35
/opt/airflow/dags/newyork_fhv_silver.py                                  1           0  0.22s           2026-05-09T01:20:35
/opt/airflow/dags/newyork_fhv_pipeline.py                                1           0  0.22s           2026-05-09T01:20:31
================================================================================
[2026-05-09T01:21:28.601+0000] {manager.py:878} INFO - 
================================================================================
DAG File Processing Stats

File Path                                       PID    Runtime      # DAGs    # Errors  Last Runtime    Last Run
----------------------------------------------  -----  ---------  --------  ----------  --------------  -------------------
/opt/airflow/dags/newyork_fhv_pipeline.py                                1           0  0.24s           2026-05-09T01:21:01
/opt/airflow/dags/newyork_fhv_gold.py                                    1           0  0.23s           2026-05-09T01:21:01
/opt/airflow/dags/newyork_fhv_quality_check.py                           1           0  0.22s           2026-05-09T01:21:06
/opt/airflow/dags/newyork_fhv_silver.py                                  1           0  0.21s           2026-05-09T01:21:06
/opt/airflow/dags/newyork_fhv_ingestion.py                               1           0  0.20s           2026-05-09T01:21:06
================================================================================
[2026-05-09T01:21:58.985+0000] {manager.py:878} INFO - 
================================================================================
DAG File Processing Stats

File Path                                       PID    Runtime      # DAGs    # Errors  Last Runtime    Last Run
----------------------------------------------  -----  ---------  --------  ----------  --------------  -------------------
/opt/airflow/dags/newyork_fhv_ingestion.py                               1           0  0.20s           2026-05-09T01:21:36
/opt/airflow/dags/newyork_fhv_pipeline.py                                1           0  0.18s           2026-05-09T01:21:32
/opt/airflow/dags/newyork_fhv_gold.py                                    1           0  0.17s           2026-05-09T01:21:32
/opt/airflow/dags/newyork_fhv_quality_check.py                           1           0  0.17s           2026-05-09T01:21:36
/opt/airflow/dags/newyork_fhv_silver.py                                  1           0  0.15s           2026-05-09T01:21:36
================================================================================
[2026-05-09T01:22:29.427+0000] {manager.py:878} INFO - 
================================================================================
DAG File Processing Stats

File Path                                       PID    Runtime      # DAGs    # Errors  Last Runtime    Last Run
----------------------------------------------  -----  ---------  --------  ----------  --------------  -------------------
/opt/airflow/dags/newyork_fhv_ingestion.py                               1           0  0.21s           2026-05-09T01:22:07
/opt/airflow/dags/newyork_fhv_silver.py                                  1           0  0.19s           2026-05-09T01:22:06
/opt/airflow/dags/newyork_fhv_quality_check.py                           1           0  0.16s           2026-05-09T01:22:06
/opt/airflow/dags/newyork_fhv_pipeline.py                                1           0  0.16s           2026-05-09T01:22:02
/opt/airflow/dags/newyork_fhv_gold.py                                    1           0  0.14s           2026-05-09T01:22:02
================================================================================
[2026-05-09T01:22:59.616+0000] {manager.py:878} INFO - 
================================================================================
DAG File Processing Stats

File Path                                       PID    Runtime      # DAGs    # Errors  Last Runtime    Last Run
----------------------------------------------  -----  ---------  --------  ----------  --------------  -------------------
/opt/airflow/dags/newyork_fhv_ingestion.py                               1           0  0.22s           2026-05-09T01:22:37
/opt/airflow/dags/newyork_fhv_gold.py                                    1           0  0.20s           2026-05-09T01:22:32
/opt/airflow/dags/newyork_fhv_quality_check.py                           1           0  0.19s           2026-05-09T01:22:37
/opt/airflow/dags/newyork_fhv_silver.py                                  1           0  0.18s           2026-05-09T01:22:37
/opt/airflow/dags/newyork_fhv_pipeline.py                                1           0  0.17s           2026-05-09T01:22:32
================================================================================
[2026-05-09T01:23:30.285+0000] {manager.py:878} INFO - 
================================================================================
DAG File Processing Stats

File Path                                       PID    Runtime      # DAGs    # Errors  Last Runtime    Last Run
----------------------------------------------  -----  ---------  --------  ----------  --------------  -------------------
/opt/airflow/dags/newyork_fhv_pipeline.py                                1           0  0.26s           2026-05-09T01:23:03
/opt/airflow/dags/newyork_fhv_gold.py                                    1           0  0.26s           2026-05-09T01:23:03
/opt/airflow/dags/newyork_fhv_silver.py                                  1           0  0.18s           2026-05-09T01:23:07
/opt/airflow/dags/newyork_fhv_ingestion.py                               1           0  0.17s           2026-05-09T01:23:07
/opt/airflow/dags/newyork_fhv_quality_check.py                           1           0  0.17s           2026-05-09T01:23:07
================================================================================
[2026-05-09T01:23:55.471+0000] {manager.py:737} INFO - Searching for files in /opt/airflow/dags
[2026-05-09T01:23:55.800+0000] {manager.py:740} INFO - There are 5 files in /opt/airflow/dags
[2026-05-09T01:24:00.975+0000] {manager.py:878} INFO - 
================================================================================
DAG File Processing Stats

File Path                                       PID    Runtime      # DAGs    # Errors  Last Runtime    Last Run
----------------------------------------------  -----  ---------  --------  ----------  --------------  -------------------
/opt/airflow/dags/newyork_fhv_silver.py                                  1           0  0.22s           2026-05-09T01:23:37
/opt/airflow/dags/newyork_fhv_quality_check.py                           1           0  0.18s           2026-05-09T01:23:37
/opt/airflow/dags/newyork_fhv_pipeline.py                                1           0  0.17s           2026-05-09T01:23:33
/opt/airflow/dags/newyork_fhv_gold.py                                    1           0  0.16s           2026-05-09T01:23:33
/opt/airflow/dags/newyork_fhv_ingestion.py                               1           0  0.14s           2026-05-09T01:23:38
================================================================================
[2026-05-09T01:24:31.276+0000] {manager.py:878} INFO - 
================================================================================
DAG File Processing Stats

File Path                                       PID    Runtime      # DAGs    # Errors  Last Runtime    Last Run
----------------------------------------------  -----  ---------  --------  ----------  --------------  -------------------
/opt/airflow/dags/newyork_fhv_pipeline.py                                1           0  0.23s           2026-05-09T01:24:04
/opt/airflow/dags/newyork_fhv_ingestion.py                               1           0  0.22s           2026-05-09T01:24:08
/opt/airflow/dags/newyork_fhv_gold.py                                    1           0  0.22s           2026-05-09T01:24:04
/opt/airflow/dags/newyork_fhv_silver.py                                  1           0  0.21s           2026-05-09T01:24:08
/opt/airflow/dags/newyork_fhv_quality_check.py                           1           0  0.18s           2026-05-09T01:24:08
================================================================================
[2026-05-09T01:25:01.544+0000] {manager.py:878} INFO - 
================================================================================
DAG File Processing Stats

File Path                                       PID    Runtime      # DAGs    # Errors  Last Runtime    Last Run
----------------------------------------------  -----  ---------  --------  ----------  --------------  -------------------
/opt/airflow/dags/newyork_fhv_gold.py                                    1           0  0.26s           2026-05-09T01:24:34
/opt/airflow/dags/newyork_fhv_quality_check.py                           1           0  0.21s           2026-05-09T01:24:39
/opt/airflow/dags/newyork_fhv_pipeline.py                                1           0  0.21s           2026-05-09T01:24:34
/opt/airflow/dags/newyork_fhv_ingestion.py                               1           0  0.20s           2026-05-09T01:24:39
/opt/airflow/dags/newyork_fhv_silver.py                                  1           0  0.19s           2026-05-09T01:24:38
================================================================================
[2026-05-09T01:25:32.039+0000] {manager.py:878} INFO - 
================================================================================
DAG File Processing Stats

File Path                                       PID    Runtime      # DAGs    # Errors  Last Runtime    Last Run
----------------------------------------------  -----  ---------  --------  ----------  --------------  -------------------
/opt/airflow/dags/newyork_fhv_quality_check.py                           1           0  0.20s           2026-05-09T01:25:09
/opt/airflow/dags/newyork_fhv_silver.py                                  1           0  0.20s           2026-05-09T01:25:09
/opt/airflow/dags/newyork_fhv_ingestion.py                               1           0  0.19s           2026-05-09T01:25:09
/opt/airflow/dags/newyork_fhv_gold.py                                    1           0  0.18s           2026-05-09T01:25:05
/opt/airflow/dags/newyork_fhv_pipeline.py                                1           0  0.17s           2026-05-09T01:25:05
================================================================================
[2026-05-09T01:26:02.255+0000] {manager.py:878} INFO - 
================================================================================
DAG File Processing Stats

File Path                                       PID    Runtime      # DAGs    # Errors  Last Runtime    Last Run
----------------------------------------------  -----  ---------  --------  ----------  --------------  -------------------
/opt/airflow/dags/newyork_fhv_pipeline.py                                1           0  0.17s           2026-05-09T01:25:35
/opt/airflow/dags/newyork_fhv_gold.py                                    1           0  0.17s           2026-05-09T01:25:35
/opt/airflow/dags/newyork_fhv_quality_check.py                           1           0  0.17s           2026-05-09T01:25:39
/opt/airflow/dags/newyork_fhv_ingestion.py                               1           0  0.16s           2026-05-09T01:25:40
/opt/airflow/dags/newyork_fhv_silver.py                                  1           0  0.15s           2026-05-09T01:25:39
================================================================================
[2026-05-09T01:26:32.393+0000] {manager.py:878} INFO - 
================================================================================
DAG File Processing Stats

File Path                                       PID    Runtime      # DAGs    # Errors  Last Runtime    Last Run
----------------------------------------------  -----  ---------  --------  ----------  --------------  -------------------
/opt/airflow/dags/newyork_fhv_pipeline.py                                1           0  0.23s           2026-05-09T01:26:05
/opt/airflow/dags/newyork_fhv_gold.py                                    1           0  0.22s           2026-05-09T01:26:05
/opt/airflow/dags/newyork_fhv_ingestion.py                               1           0  0.18s           2026-05-09T01:26:11
/opt/airflow/dags/newyork_fhv_silver.py                                  1           0  0.16s           2026-05-09T01:26:10
/opt/airflow/dags/newyork_fhv_quality_check.py                           1           0  0.15s           2026-05-09T01:26:10
================================================================================
[2026-05-09T01:27:02.514+0000] {manager.py:878} INFO - 
================================================================================
DAG File Processing Stats

File Path                                       PID    Runtime      # DAGs    # Errors  Last Runtime    Last Run
----------------------------------------------  -----  ---------  --------  ----------  --------------  -------------------
/opt/airflow/dags/newyork_fhv_pipeline.py                                1           0  0.21s           2026-05-09T01:26:36
/opt/airflow/dags/newyork_fhv_gold.py                                    1           0  0.21s           2026-05-09T01:26:36
/opt/airflow/dags/newyork_fhv_ingestion.py                               1           0  0.19s           2026-05-09T01:26:42
/opt/airflow/dags/newyork_fhv_silver.py                                  1           0  0.14s           2026-05-09T01:26:40
/opt/airflow/dags/newyork_fhv_quality_check.py                           1           0  0.14s           2026-05-09T01:26:40
================================================================================
[2026-05-09T01:27:33.314+0000] {manager.py:878} INFO - 
================================================================================
DAG File Processing Stats

File Path                                       PID    Runtime      # DAGs    # Errors  Last Runtime    Last Run
----------------------------------------------  -----  ---------  --------  ----------  --------------  -------------------
/opt/airflow/dags/newyork_fhv_ingestion.py                               1           0  0.23s           2026-05-09T01:27:13
/opt/airflow/dags/newyork_fhv_silver.py                                  1           0  0.19s           2026-05-09T01:27:11
/opt/airflow/dags/newyork_fhv_quality_check.py                           1           0  0.18s           2026-05-09T01:27:11
/opt/airflow/dags/newyork_fhv_pipeline.py                                1           0  0.13s           2026-05-09T01:27:07
/opt/airflow/dags/newyork_fhv_gold.py                                    1           0  0.13s           2026-05-09T01:27:07
================================================================================
[2026-05-09T01:28:03.487+0000] {manager.py:878} INFO - 
================================================================================
DAG File Processing Stats

File Path                                       PID    Runtime      # DAGs    # Errors  Last Runtime    Last Run
----------------------------------------------  -----  ---------  --------  ----------  --------------  -------------------
/opt/airflow/dags/newyork_fhv_gold.py                                    1           0  0.23s           2026-05-09T01:27:37
/opt/airflow/dags/newyork_fhv_pipeline.py                                1           0  0.23s           2026-05-09T01:27:38
/opt/airflow/dags/newyork_fhv_ingestion.py                               1           0  0.21s           2026-05-09T01:27:44
/opt/airflow/dags/newyork_fhv_silver.py                                  1           0  0.16s           2026-05-09T01:27:42
/opt/airflow/dags/newyork_fhv_quality_check.py                           1           0  0.15s           2026-05-09T01:27:42
================================================================================
[2026-05-09T01:28:33.672+0000] {manager.py:878} INFO - 
================================================================================
DAG File Processing Stats

File Path                                       PID    Runtime      # DAGs    # Errors  Last Runtime    Last Run
----------------------------------------------  -----  ---------  --------  ----------  --------------  -------------------
/opt/airflow/dags/newyork_fhv_silver.py                                  1           0  0.26s           2026-05-09T01:28:13
/opt/airflow/dags/newyork_fhv_ingestion.py                               1           0  0.25s           2026-05-09T01:28:14
/opt/airflow/dags/newyork_fhv_quality_check.py                           1           0  0.18s           2026-05-09T01:28:13
/opt/airflow/dags/newyork_fhv_gold.py                                    1           0  0.17s           2026-05-09T01:28:08
/opt/airflow/dags/newyork_fhv_pipeline.py                                1           0  0.16s           2026-05-09T01:28:08
================================================================================
[2026-05-09T01:28:55.811+0000] {manager.py:737} INFO - Searching for files in /opt/airflow/dags
[2026-05-09T01:28:56.084+0000] {manager.py:740} INFO - There are 5 files in /opt/airflow/dags
[2026-05-09T01:29:04.244+0000] {manager.py:878} INFO - 
================================================================================
DAG File Processing Stats

File Path                                       PID    Runtime      # DAGs    # Errors  Last Runtime    Last Run
----------------------------------------------  -----  ---------  --------  ----------  --------------  -------------------
/opt/airflow/dags/newyork_fhv_ingestion.py                               1           0  0.21s           2026-05-09T01:28:44
/opt/airflow/dags/newyork_fhv_pipeline.py                                1           0  0.20s           2026-05-09T01:28:39
/opt/airflow/dags/newyork_fhv_gold.py                                    1           0  0.20s           2026-05-09T01:28:39
/opt/airflow/dags/newyork_fhv_silver.py                                  1           0  0.15s           2026-05-09T01:28:43
/opt/airflow/dags/newyork_fhv_quality_check.py                           1           0  0.15s           2026-05-09T01:28:43
================================================================================
[2026-05-09T01:29:34.269+0000] {manager.py:878} INFO - 
================================================================================
DAG File Processing Stats

File Path                                       PID    Runtime      # DAGs    # Errors  Last Runtime    Last Run
----------------------------------------------  -----  ---------  --------  ----------  --------------  -------------------
/opt/airflow/dags/newyork_fhv_ingestion.py                               1           0  0.20s           2026-05-09T01:29:15
/opt/airflow/dags/newyork_fhv_gold.py                                    1           0  0.19s           2026-05-09T01:29:09
/opt/airflow/dags/newyork_fhv_pipeline.py                                1           0  0.18s           2026-05-09T01:29:09
/opt/airflow/dags/newyork_fhv_quality_check.py                           1           0  0.17s           2026-05-09T01:29:13
/opt/airflow/dags/newyork_fhv_silver.py                                  1           0  0.17s           2026-05-09T01:29:13
================================================================================
[2026-05-09T01:30:04.679+0000] {manager.py:878} INFO - 
================================================================================
DAG File Processing Stats

File Path                                       PID    Runtime      # DAGs    # Errors  Last Runtime    Last Run
----------------------------------------------  -----  ---------  --------  ----------  --------------  -------------------
/opt/airflow/dags/newyork_fhv_silver.py                                  1           0  0.21s           2026-05-09T01:29:44
/opt/airflow/dags/newyork_fhv_quality_check.py                           1           0  0.19s           2026-05-09T01:29:44
/opt/airflow/dags/newyork_fhv_pipeline.py                                1           0  0.18s           2026-05-09T01:29:39
/opt/airflow/dags/newyork_fhv_ingestion.py                               1           0  0.16s           2026-05-09T01:29:45
/opt/airflow/dags/newyork_fhv_gold.py                                    1           0  0.14s           2026-05-09T01:29:39
================================================================================
[2026-05-09T01:30:34.914+0000] {manager.py:878} INFO - 
================================================================================
DAG File Processing Stats

File Path                                       PID    Runtime      # DAGs    # Errors  Last Runtime    Last Run
----------------------------------------------  -----  ---------  --------  ----------  --------------  -------------------
/opt/airflow/dags/newyork_fhv_pipeline.py                                1           0  0.22s           2026-05-09T01:30:10
/opt/airflow/dags/newyork_fhv_ingestion.py                               1           0  0.21s           2026-05-09T01:30:15
/opt/airflow/dags/newyork_fhv_gold.py                                    1           0  0.20s           2026-05-09T01:30:10
/opt/airflow/dags/newyork_fhv_quality_check.py                           1           0  0.17s           2026-05-09T01:30:14
/opt/airflow/dags/newyork_fhv_silver.py                                  1           0  0.14s           2026-05-09T01:30:14
================================================================================
[2026-05-09T01:31:05.159+0000] {manager.py:878} INFO - 
================================================================================
DAG File Processing Stats

File Path                                       PID    Runtime      # DAGs    # Errors  Last Runtime    Last Run
----------------------------------------------  -----  ---------  --------  ----------  --------------  -------------------
/opt/airflow/dags/newyork_fhv_gold.py                                    1           0  0.22s           2026-05-09T01:30:40
/opt/airflow/dags/newyork_fhv_silver.py                                  1           0  0.20s           2026-05-09T01:30:44
/opt/airflow/dags/newyork_fhv_quality_check.py                           1           0  0.18s           2026-05-09T01:30:44
/opt/airflow/dags/newyork_fhv_pipeline.py                                1           0  0.17s           2026-05-09T01:30:40
/opt/airflow/dags/newyork_fhv_ingestion.py                               1           0  0.16s           2026-05-09T01:30:45
================================================================================
[2026-05-09T01:31:35.439+0000] {manager.py:878} INFO - 
================================================================================
DAG File Processing Stats

File Path                                       PID    Runtime      # DAGs    # Errors  Last Runtime    Last Run
----------------------------------------------  -----  ---------  --------  ----------  --------------  -------------------
/opt/airflow/dags/newyork_fhv_silver.py                                  1           0  0.65s           2026-05-09T01:31:16
/opt/airflow/dags/newyork_fhv_quality_check.py                           1           0  0.60s           2026-05-09T01:31:16
/opt/airflow/dags/newyork_fhv_ingestion.py                               1           0  0.55s           2026-05-09T01:31:17
/opt/airflow/dags/newyork_fhv_pipeline.py                                1           0  0.14s           2026-05-09T01:31:11
/opt/airflow/dags/newyork_fhv_gold.py                                    1           0  0.13s           2026-05-09T01:31:11
================================================================================
[2026-05-09T01:32:06.391+0000] {manager.py:878} INFO - 
================================================================================
DAG File Processing Stats

File Path                                       PID    Runtime      # DAGs    # Errors  Last Runtime    Last Run
----------------------------------------------  -----  ---------  --------  ----------  --------------  -------------------
/opt/airflow/dags/newyork_fhv_silver.py                                  1           0  0.21s           2026-05-09T01:31:47
/opt/airflow/dags/newyork_fhv_quality_check.py                           1           0  0.20s           2026-05-09T01:31:47
/opt/airflow/dags/newyork_fhv_ingestion.py                               1           0  0.20s           2026-05-09T01:31:48
/opt/airflow/dags/newyork_fhv_gold.py                                    1           0  0.16s           2026-05-09T01:31:41
/opt/airflow/dags/newyork_fhv_pipeline.py                                1           0  0.15s           2026-05-09T01:31:41
================================================================================
[2026-05-09T01:32:37.188+0000] {manager.py:878} INFO - 
================================================================================
DAG File Processing Stats

File Path                                       PID    Runtime      # DAGs    # Errors  Last Runtime    Last Run
----------------------------------------------  -----  ---------  --------  ----------  --------------  -------------------
/opt/airflow/dags/newyork_fhv_ingestion.py                               1           0  0.18s           2026-05-09T01:32:18
/opt/airflow/dags/newyork_fhv_pipeline.py                                1           0  0.15s           2026-05-09T01:32:12
/opt/airflow/dags/newyork_fhv_quality_check.py                           1           0  0.14s           2026-05-09T01:32:17
/opt/airflow/dags/newyork_fhv_gold.py                                    1           0  0.14s           2026-05-09T01:32:12
/opt/airflow/dags/newyork_fhv_silver.py                                  1           0  0.14s           2026-05-09T01:32:17
================================================================================
[2026-05-09T01:33:07.261+0000] {manager.py:878} INFO - 
================================================================================
DAG File Processing Stats

File Path                                       PID    Runtime      # DAGs    # Errors  Last Runtime    Last Run
----------------------------------------------  -----  ---------  --------  ----------  --------------  -------------------
/opt/airflow/dags/newyork_fhv_pipeline.py                                1           0  0.25s           2026-05-09T01:32:43
/opt/airflow/dags/newyork_fhv_gold.py                                    1           0  0.23s           2026-05-09T01:32:43
/opt/airflow/dags/newyork_fhv_ingestion.py                               1           0  0.15s           2026-05-09T01:32:49
/opt/airflow/dags/newyork_fhv_quality_check.py                           1           0  0.15s           2026-05-09T01:32:48
/opt/airflow/dags/newyork_fhv_silver.py                                  1           0  0.14s           2026-05-09T01:32:48
================================================================================
[2026-05-09T01:33:38.047+0000] {manager.py:878} INFO - 
================================================================================
DAG File Processing Stats

File Path                                       PID    Runtime      # DAGs    # Errors  Last Runtime    Last Run
----------------------------------------------  -----  ---------  --------  ----------  --------------  -------------------
/opt/airflow/dags/newyork_fhv_ingestion.py                               1           0  0.18s           2026-05-09T01:33:20
/opt/airflow/dags/newyork_fhv_silver.py                                  1           0  0.16s           2026-05-09T01:33:19
/opt/airflow/dags/newyork_fhv_pipeline.py                                1           0  0.16s           2026-05-09T01:33:14
/opt/airflow/dags/newyork_fhv_gold.py                                    1           0  0.16s           2026-05-09T01:33:14
/opt/airflow/dags/newyork_fhv_quality_check.py                           1           0  0.16s           2026-05-09T01:33:19
================================================================================
[2026-05-09T01:33:55.848+0000] {manager.py:737} INFO - Searching for files in /opt/airflow/dags
[2026-05-09T01:33:56.102+0000] {manager.py:740} INFO - There are 5 files in /opt/airflow/dags
[2026-05-09T01:34:08.379+0000] {manager.py:878} INFO - 
================================================================================
DAG File Processing Stats

File Path                                       PID    Runtime      # DAGs    # Errors  Last Runtime    Last Run
----------------------------------------------  -----  ---------  --------  ----------  --------------  -------------------
/opt/airflow/dags/newyork_fhv_pipeline.py                                1           0  0.21s           2026-05-09T01:33:45
/opt/airflow/dags/newyork_fhv_gold.py                                    1           0  0.20s           2026-05-09T01:33:45
/opt/airflow/dags/newyork_fhv_silver.py                                  1           0  0.20s           2026-05-09T01:33:50
/opt/airflow/dags/newyork_fhv_quality_check.py                           1           0  0.19s           2026-05-09T01:33:50
/opt/airflow/dags/newyork_fhv_ingestion.py                               1           0  0.17s           2026-05-09T01:33:51
================================================================================
[2026-05-09T01:34:39.350+0000] {manager.py:878} INFO - 
================================================================================
DAG File Processing Stats

File Path                                       PID    Runtime      # DAGs    # Errors  Last Runtime    Last Run
----------------------------------------------  -----  ---------  --------  ----------  --------------  -------------------
/opt/airflow/dags/newyork_fhv_pipeline.py                                1           0  0.17s           2026-05-09T01:34:15
/opt/airflow/dags/newyork_fhv_gold.py                                    1           0  0.17s           2026-05-09T01:34:15
/opt/airflow/dags/newyork_fhv_silver.py                                  1           0  0.16s           2026-05-09T01:34:20
/opt/airflow/dags/newyork_fhv_quality_check.py                           1           0  0.14s           2026-05-09T01:34:20
/opt/airflow/dags/newyork_fhv_ingestion.py                               1           0  0.12s           2026-05-09T01:34:22
================================================================================
[2026-05-09T01:35:09.470+0000] {manager.py:878} INFO - 
================================================================================
DAG File Processing Stats

File Path                                       PID    Runtime      # DAGs    # Errors  Last Runtime    Last Run
----------------------------------------------  -----  ---------  --------  ----------  --------------  -------------------
/opt/airflow/dags/newyork_fhv_ingestion.py                               1           0  0.22s           2026-05-09T01:34:53
/opt/airflow/dags/newyork_fhv_silver.py                                  1           0  0.22s           2026-05-09T01:34:52
/opt/airflow/dags/newyork_fhv_quality_check.py                           1           0  0.21s           2026-05-09T01:34:52
/opt/airflow/dags/newyork_fhv_pipeline.py                                1           0  0.17s           2026-05-09T01:34:46
/opt/airflow/dags/newyork_fhv_gold.py                                    1           0  0.17s           2026-05-09T01:34:46
================================================================================
[2026-05-09T01:35:40.270+0000] {manager.py:878} INFO - 
================================================================================
DAG File Processing Stats

File Path                                       PID    Runtime      # DAGs    # Errors  Last Runtime    Last Run
----------------------------------------------  -----  ---------  --------  ----------  --------------  -------------------
/opt/airflow/dags/newyork_fhv_ingestion.py                               1           0  0.19s           2026-05-09T01:35:24
/opt/airflow/dags/newyork_fhv_silver.py                                  1           0  0.17s           2026-05-09T01:35:22
/opt/airflow/dags/newyork_fhv_quality_check.py                           1           0  0.16s           2026-05-09T01:35:22
/opt/airflow/dags/newyork_fhv_gold.py                                    1           0  0.15s           2026-05-09T01:35:17
/opt/airflow/dags/newyork_fhv_pipeline.py                                1           0  0.14s           2026-05-09T01:35:17
================================================================================
[2026-05-09T01:36:10.483+0000] {manager.py:878} INFO - 
================================================================================
DAG File Processing Stats

File Path                                       PID    Runtime      # DAGs    # Errors  Last Runtime    Last Run
----------------------------------------------  -----  ---------  --------  ----------  --------------  -------------------
/opt/airflow/dags/newyork_fhv_quality_check.py                           1           0  0.46s           2026-05-09T01:35:54
/opt/airflow/dags/newyork_fhv_silver.py                                  1           0  0.39s           2026-05-09T01:35:54
/opt/airflow/dags/newyork_fhv_ingestion.py                               1           0  0.17s           2026-05-09T01:35:55
/opt/airflow/dags/newyork_fhv_pipeline.py                                1           0  0.16s           2026-05-09T01:35:48
/opt/airflow/dags/newyork_fhv_gold.py                                    1           0  0.15s           2026-05-09T01:35:48
================================================================================
[2026-05-09T01:36:41.445+0000] {manager.py:878} INFO - 
================================================================================
DAG File Processing Stats

File Path                                       PID    Runtime      # DAGs    # Errors  Last Runtime    Last Run
----------------------------------------------  -----  ---------  --------  ----------  --------------  -------------------
/opt/airflow/dags/newyork_fhv_silver.py                                  1           0  0.23s           2026-05-09T01:36:25
/opt/airflow/dags/newyork_fhv_ingestion.py                               1           0  0.20s           2026-05-09T01:36:26
/opt/airflow/dags/newyork_fhv_quality_check.py                           1           0  0.19s           2026-05-09T01:36:25
/opt/airflow/dags/newyork_fhv_pipeline.py                                1           0  0.19s           2026-05-09T01:36:18
/opt/airflow/dags/newyork_fhv_gold.py                                    1           0  0.18s           2026-05-09T01:36:18
================================================================================
[2026-05-09T01:37:11.568+0000] {manager.py:878} INFO - 
================================================================================
DAG File Processing Stats

File Path                                       PID    Runtime      # DAGs    # Errors  Last Runtime    Last Run
----------------------------------------------  -----  ---------  --------  ----------  --------------  -------------------
/opt/airflow/dags/newyork_fhv_ingestion.py                               1           0  0.21s           2026-05-09T01:36:57
/opt/airflow/dags/newyork_fhv_pipeline.py                                1           0  0.18s           2026-05-09T01:36:49
/opt/airflow/dags/newyork_fhv_silver.py                                  1           0  0.16s           2026-05-09T01:36:56
/opt/airflow/dags/newyork_fhv_gold.py                                    1           0  0.15s           2026-05-09T01:36:49
/opt/airflow/dags/newyork_fhv_quality_check.py                           1           0  0.14s           2026-05-09T01:36:56
================================================================================
[2026-05-09T01:37:42.363+0000] {manager.py:878} INFO - 
================================================================================
DAG File Processing Stats

File Path                                       PID    Runtime      # DAGs    # Errors  Last Runtime    Last Run
----------------------------------------------  -----  ---------  --------  ----------  --------------  -------------------
/opt/airflow/dags/newyork_fhv_silver.py                                  1           0  0.20s           2026-05-09T01:37:27
/opt/airflow/dags/newyork_fhv_quality_check.py                           1           0  0.19s           2026-05-09T01:37:27
/opt/airflow/dags/newyork_fhv_gold.py                                    1           0  0.18s           2026-05-09T01:37:20
/opt/airflow/dags/newyork_fhv_ingestion.py                               1           0  0.18s           2026-05-09T01:37:28
/opt/airflow/dags/newyork_fhv_pipeline.py                                1           0  0.17s           2026-05-09T01:37:20
================================================================================
[2026-05-09T01:38:12.487+0000] {manager.py:878} INFO - 
================================================================================
DAG File Processing Stats

File Path                                       PID    Runtime      # DAGs    # Errors  Last Runtime    Last Run
----------------------------------------------  -----  ---------  --------  ----------  --------------  -------------------
/opt/airflow/dags/newyork_fhv_ingestion.py                               1           0  0.20s           2026-05-09T01:37:59
/opt/airflow/dags/newyork_fhv_pipeline.py                                1           0  0.18s           2026-05-09T01:37:51
/opt/airflow/dags/newyork_fhv_gold.py                                    1           0  0.17s           2026-05-09T01:37:51
/opt/airflow/dags/newyork_fhv_silver.py                                  1           0  0.14s           2026-05-09T01:37:57
/opt/airflow/dags/newyork_fhv_quality_check.py                           1           0  0.14s           2026-05-09T01:37:57
================================================================================
[2026-05-09T01:38:42.943+0000] {manager.py:878} INFO - 
================================================================================
DAG File Processing Stats

File Path                                       PID    Runtime      # DAGs    # Errors  Last Runtime    Last Run
----------------------------------------------  -----  ---------  --------  ----------  --------------  -------------------
/opt/airflow/dags/newyork_fhv_pipeline.py                                1           0  0.72s           2026-05-09T01:38:23
/opt/airflow/dags/newyork_fhv_gold.py                                    1           0  0.71s           2026-05-09T01:38:23
/opt/airflow/dags/newyork_fhv_ingestion.py                               1           0  0.35s           2026-05-09T01:38:29
/opt/airflow/dags/newyork_fhv_silver.py                                  1           0  0.29s           2026-05-09T01:38:28
/opt/airflow/dags/newyork_fhv_quality_check.py                           1           0  0.15s           2026-05-09T01:38:28
================================================================================
[2026-05-09T01:38:56.614+0000] {manager.py:737} INFO - Searching for files in /opt/airflow/dags
[2026-05-09T01:38:56.858+0000] {manager.py:740} INFO - There are 5 files in /opt/airflow/dags
[2026-05-09T01:39:13.336+0000] {manager.py:878} INFO - 
================================================================================
DAG File Processing Stats

File Path                                       PID    Runtime      # DAGs    # Errors  Last Runtime    Last Run
----------------------------------------------  -----  ---------  --------  ----------  --------------  -------------------
/opt/airflow/dags/newyork_fhv_pipeline.py                                1           0  0.17s           2026-05-09T01:38:53
/opt/airflow/dags/newyork_fhv_ingestion.py                               1           0  0.16s           2026-05-09T01:39:00
/opt/airflow/dags/newyork_fhv_gold.py                                    1           0  0.16s           2026-05-09T01:38:53
/opt/airflow/dags/newyork_fhv_silver.py                                  1           0  0.14s           2026-05-09T01:38:59
/opt/airflow/dags/newyork_fhv_quality_check.py                           1           0  0.14s           2026-05-09T01:38:59
================================================================================
[2026-05-09T01:39:43.541+0000] {manager.py:878} INFO - 
================================================================================
DAG File Processing Stats

File Path                                       PID    Runtime      # DAGs    # Errors  Last Runtime    Last Run
----------------------------------------------  -----  ---------  --------  ----------  --------------  -------------------
/opt/airflow/dags/newyork_fhv_gold.py                                    1           0  0.24s           2026-05-09T01:39:23
/opt/airflow/dags/newyork_fhv_pipeline.py                                1           0  0.20s           2026-05-09T01:39:24
/opt/airflow/dags/newyork_fhv_ingestion.py                               1           0  0.19s           2026-05-09T01:39:30
/opt/airflow/dags/newyork_fhv_quality_check.py                           1           0  0.13s           2026-05-09T01:39:29
/opt/airflow/dags/newyork_fhv_silver.py                                  1           0  0.12s           2026-05-09T01:39:29
================================================================================
[2026-05-09T01:40:13.582+0000] {manager.py:878} INFO - 
================================================================================
DAG File Processing Stats

File Path                                       PID    Runtime      # DAGs    # Errors  Last Runtime    Last Run
----------------------------------------------  -----  ---------  --------  ----------  --------------  -------------------
/opt/airflow/dags/newyork_fhv_gold.py                                    1           0  0.47s           2026-05-09T01:39:54
/opt/airflow/dags/newyork_fhv_ingestion.py                               1           0  0.45s           2026-05-09T01:40:01
/opt/airflow/dags/newyork_fhv_pipeline.py                                1           0  0.34s           2026-05-09T01:39:54
/opt/airflow/dags/newyork_fhv_quality_check.py                           1           0  0.34s           2026-05-09T01:39:59
/opt/airflow/dags/newyork_fhv_silver.py                                  1           0  0.33s           2026-05-09T01:39:59
================================================================================
[2026-05-09T01:40:44.518+0000] {manager.py:878} INFO - 
================================================================================
DAG File Processing Stats

File Path                                       PID    Runtime      # DAGs    # Errors  Last Runtime    Last Run
----------------------------------------------  -----  ---------  --------  ----------  --------------  -------------------
/opt/airflow/dags/newyork_fhv_ingestion.py                               1           0  0.18s           2026-05-09T01:40:32
/opt/airflow/dags/newyork_fhv_pipeline.py                                1           0  0.18s           2026-05-09T01:40:25
/opt/airflow/dags/newyork_fhv_silver.py                                  1           0  0.16s           2026-05-09T01:40:30
/opt/airflow/dags/newyork_fhv_quality_check.py                           1           0  0.15s           2026-05-09T01:40:30
/opt/airflow/dags/newyork_fhv_gold.py                                    1           0  0.15s           2026-05-09T01:40:24
================================================================================
[2026-05-09T01:41:14.590+0000] {manager.py:878} INFO - 
================================================================================
DAG File Processing Stats

File Path                                       PID    Runtime      # DAGs    # Errors  Last Runtime    Last Run
----------------------------------------------  -----  ---------  --------  ----------  --------------  -------------------
/opt/airflow/dags/newyork_fhv_silver.py                                  1           0  0.21s           2026-05-09T01:41:01
/opt/airflow/dags/newyork_fhv_ingestion.py                               1           0  0.20s           2026-05-09T01:41:03
/opt/airflow/dags/newyork_fhv_quality_check.py                           1           0  0.19s           2026-05-09T01:41:01
/opt/airflow/dags/newyork_fhv_gold.py                                    1           0  0.15s           2026-05-09T01:40:55
/opt/airflow/dags/newyork_fhv_pipeline.py                                1           0  0.15s           2026-05-09T01:40:55
================================================================================
[2026-05-09T01:41:44.995+0000] {manager.py:878} INFO - 
================================================================================
DAG File Processing Stats

File Path                                       PID    Runtime      # DAGs    # Errors  Last Runtime    Last Run
----------------------------------------------  -----  ---------  --------  ----------  --------------  -------------------
/opt/airflow/dags/newyork_fhv_pipeline.py                                1           0  0.45s           2026-05-09T01:41:27
/opt/airflow/dags/newyork_fhv_gold.py                                    1           0  0.44s           2026-05-09T01:41:27
/opt/airflow/dags/newyork_fhv_ingestion.py                               1           0  0.38s           2026-05-09T01:41:34
/opt/airflow/dags/newyork_fhv_silver.py                                  1           0  0.32s           2026-05-09T01:41:31
/opt/airflow/dags/newyork_fhv_quality_check.py                           1           0  0.31s           2026-05-09T01:41:31
================================================================================
[2026-05-09T01:42:15.245+0000] {manager.py:878} INFO - 
================================================================================
DAG File Processing Stats

File Path                                       PID    Runtime      # DAGs    # Errors  Last Runtime    Last Run
----------------------------------------------  -----  ---------  --------  ----------  --------------  -------------------
/opt/airflow/dags/newyork_fhv_silver.py                                  1           0  0.18s           2026-05-09T01:42:02
/opt/airflow/dags/newyork_fhv_pipeline.py                                1           0  0.17s           2026-05-09T01:41:57
/opt/airflow/dags/newyork_fhv_gold.py                                    1           0  0.16s           2026-05-09T01:41:57
/opt/airflow/dags/newyork_fhv_ingestion.py                               1           0  0.16s           2026-05-09T01:42:05
/opt/airflow/dags/newyork_fhv_quality_check.py                           1           0  0.15s           2026-05-09T01:42:02
================================================================================
[2026-05-09T01:42:45.260+0000] {manager.py:878} INFO - 
================================================================================
DAG File Processing Stats

File Path                                       PID    Runtime      # DAGs    # Errors  Last Runtime    Last Run
----------------------------------------------  -----  ---------  --------  ----------  --------------  -------------------
/opt/airflow/dags/newyork_fhv_silver.py                                  1           0  0.20s           2026-05-09T01:42:32
/opt/airflow/dags/newyork_fhv_quality_check.py                           1           0  0.19s           2026-05-09T01:42:32
/opt/airflow/dags/newyork_fhv_ingestion.py                               1           0  0.16s           2026-05-09T01:42:36
/opt/airflow/dags/newyork_fhv_pipeline.py                                1           0  0.15s           2026-05-09T01:42:28
/opt/airflow/dags/newyork_fhv_gold.py                                    1           0  0.13s           2026-05-09T01:42:28
================================================================================
[2026-05-09T01:43:15.586+0000] {manager.py:878} INFO - 
================================================================================
DAG File Processing Stats

File Path                                       PID    Runtime      # DAGs    # Errors  Last Runtime    Last Run
----------------------------------------------  -----  ---------  --------  ----------  --------------  -------------------
/opt/airflow/dags/newyork_fhv_gold.py                                    1           0  0.42s           2026-05-09T01:42:59
/opt/airflow/dags/newyork_fhv_pipeline.py                                1           0  0.42s           2026-05-09T01:42:59
/opt/airflow/dags/newyork_fhv_silver.py                                  1           0  0.42s           2026-05-09T01:43:03
/opt/airflow/dags/newyork_fhv_quality_check.py                           1           0  0.41s           2026-05-09T01:43:03
/opt/airflow/dags/newyork_fhv_ingestion.py                               1           0  0.33s           2026-05-09T01:43:06
================================================================================
[2026-05-09T01:43:45.603+0000] {manager.py:878} INFO - 
================================================================================
DAG File Processing Stats

File Path                                       PID    Runtime      # DAGs    # Errors  Last Runtime    Last Run
----------------------------------------------  -----  ---------  --------  ----------  --------------  -------------------
/opt/airflow/dags/newyork_fhv_silver.py                                  1           0  0.42s           2026-05-09T01:43:34
/opt/airflow/dags/newyork_fhv_pipeline.py                                1           0  0.37s           2026-05-09T01:43:30
/opt/airflow/dags/newyork_fhv_gold.py                                    1           0  0.36s           2026-05-09T01:43:30
/opt/airflow/dags/newyork_fhv_ingestion.py                               1           0  0.24s           2026-05-09T01:43:37
/opt/airflow/dags/newyork_fhv_quality_check.py                           1           0  0.15s           2026-05-09T01:43:34
================================================================================
[2026-05-09T01:43:56.820+0000] {manager.py:737} INFO - Searching for files in /opt/airflow/dags
[2026-05-09T01:43:57.033+0000] {manager.py:740} INFO - There are 5 files in /opt/airflow/dags
[2026-05-09T01:44:15.909+0000] {manager.py:878} INFO - 
================================================================================
DAG File Processing Stats

File Path                                       PID    Runtime      # DAGs    # Errors  Last Runtime    Last Run
----------------------------------------------  -----  ---------  --------  ----------  --------------  -------------------
/opt/airflow/dags/newyork_fhv_gold.py                                    1           0  0.19s           2026-05-09T01:44:01
/opt/airflow/dags/newyork_fhv_ingestion.py                               1           0  0.19s           2026-05-09T01:44:07
/opt/airflow/dags/newyork_fhv_silver.py                                  1           0  0.19s           2026-05-09T01:44:04
/opt/airflow/dags/newyork_fhv_pipeline.py                                1           0  0.19s           2026-05-09T01:44:01
/opt/airflow/dags/newyork_fhv_quality_check.py                           1           0  0.17s           2026-05-09T01:44:04
================================================================================
[2026-05-09T01:44:46.857+0000] {manager.py:878} INFO - 
================================================================================
DAG File Processing Stats

File Path                                       PID    Runtime      # DAGs    # Errors  Last Runtime    Last Run
----------------------------------------------  -----  ---------  --------  ----------  --------------  -------------------
/opt/airflow/dags/newyork_fhv_ingestion.py                               1           0  0.20s           2026-05-09T01:44:38
/opt/airflow/dags/newyork_fhv_pipeline.py                                1           0  0.18s           2026-05-09T01:44:32
/opt/airflow/dags/newyork_fhv_quality_check.py                           1           0  0.17s           2026-05-09T01:44:35
/opt/airflow/dags/newyork_fhv_gold.py                                    1           0  0.17s           2026-05-09T01:44:32
/opt/airflow/dags/newyork_fhv_silver.py                                  1           0  0.16s           2026-05-09T01:44:35
================================================================================
[2026-05-09T01:45:16.920+0000] {manager.py:878} INFO - 
================================================================================
DAG File Processing Stats

File Path                                       PID    Runtime      # DAGs    # Errors  Last Runtime    Last Run
----------------------------------------------  -----  ---------  --------  ----------  --------------  -------------------
/opt/airflow/dags/newyork_fhv_silver.py                                  1           0  0.17s           2026-05-09T01:45:06
/opt/airflow/dags/newyork_fhv_pipeline.py                                1           0  0.17s           2026-05-09T01:45:03
/opt/airflow/dags/newyork_fhv_quality_check.py                           1           0  0.16s           2026-05-09T01:45:06
/opt/airflow/dags/newyork_fhv_gold.py                                    1           0  0.16s           2026-05-09T01:45:03
/opt/airflow/dags/newyork_fhv_ingestion.py                               1           0  0.16s           2026-05-09T01:45:09
================================================================================
[2026-05-09T01:45:47.682+0000] {manager.py:878} INFO - 
================================================================================
DAG File Processing Stats

File Path                                       PID    Runtime      # DAGs    # Errors  Last Runtime    Last Run
----------------------------------------------  -----  ---------  --------  ----------  --------------  -------------------
/opt/airflow/dags/newyork_fhv_ingestion.py                               1           0  0.29s           2026-05-09T01:45:40
/opt/airflow/dags/newyork_fhv_pipeline.py                                1           0  0.21s           2026-05-09T01:45:34
/opt/airflow/dags/newyork_fhv_gold.py                                    1           0  0.18s           2026-05-09T01:45:34
/opt/airflow/dags/newyork_fhv_silver.py                                  1           0  0.16s           2026-05-09T01:45:37
/opt/airflow/dags/newyork_fhv_quality_check.py                           1           0  0.16s           2026-05-09T01:45:37
================================================================================
[2026-05-09T01:46:17.713+0000] {manager.py:878} INFO - 
================================================================================
DAG File Processing Stats

File Path                                       PID    Runtime      # DAGs    # Errors  Last Runtime    Last Run
----------------------------------------------  -----  ---------  --------  ----------  --------------  -------------------
/opt/airflow/dags/newyork_fhv_pipeline.py                                1           0  0.20s           2026-05-09T01:46:05
/opt/airflow/dags/newyork_fhv_gold.py                                    1           0  0.19s           2026-05-09T01:46:05
/opt/airflow/dags/newyork_fhv_silver.py                                  1           0  0.16s           2026-05-09T01:46:08
/opt/airflow/dags/newyork_fhv_quality_check.py                           1           0  0.16s           2026-05-09T01:46:08
/opt/airflow/dags/newyork_fhv_ingestion.py                               1           0  0.14s           2026-05-09T01:46:11
================================================================================
[2026-05-09T01:46:47.968+0000] {manager.py:878} INFO - 
================================================================================
DAG File Processing Stats

File Path                                       PID    Runtime      # DAGs    # Errors  Last Runtime    Last Run
----------------------------------------------  -----  ---------  --------  ----------  --------------  -------------------
/opt/airflow/dags/newyork_fhv_pipeline.py                                1           0  0.23s           2026-05-09T01:46:36
/opt/airflow/dags/newyork_fhv_gold.py                                    1           0  0.23s           2026-05-09T01:46:36
/opt/airflow/dags/newyork_fhv_ingestion.py                               1           0  0.19s           2026-05-09T01:46:41
/opt/airflow/dags/newyork_fhv_silver.py                                  1           0  0.19s           2026-05-09T01:46:39
/opt/airflow/dags/newyork_fhv_quality_check.py                           1           0  0.18s           2026-05-09T01:46:39
================================================================================
[2026-05-09T01:47:18.367+0000] {manager.py:878} INFO - 
================================================================================
DAG File Processing Stats

File Path                                       PID    Runtime      # DAGs    # Errors  Last Runtime    Last Run
----------------------------------------------  -----  ---------  --------  ----------  --------------  -------------------
/opt/airflow/dags/newyork_fhv_silver.py                                  1           0  0.22s           2026-05-09T01:47:09
/opt/airflow/dags/newyork_fhv_quality_check.py                           1           0  0.20s           2026-05-09T01:47:10
/opt/airflow/dags/newyork_fhv_gold.py                                    1           0  0.19s           2026-05-09T01:47:06
/opt/airflow/dags/newyork_fhv_ingestion.py                               1           0  0.19s           2026-05-09T01:47:12
/opt/airflow/dags/newyork_fhv_pipeline.py                                1           0  0.17s           2026-05-09T01:47:06
================================================================================
[2026-05-09T01:47:48.672+0000] {manager.py:878} INFO - 
================================================================================
DAG File Processing Stats

File Path                                       PID    Runtime      # DAGs    # Errors  Last Runtime    Last Run
----------------------------------------------  -----  ---------  --------  ----------  --------------  -------------------
/opt/airflow/dags/newyork_fhv_silver.py                                  1           0  0.22s           2026-05-09T01:47:40
/opt/airflow/dags/newyork_fhv_pipeline.py                                1           0  0.20s           2026-05-09T01:47:36
/opt/airflow/dags/newyork_fhv_ingestion.py                               1           0  0.19s           2026-05-09T01:47:42
/opt/airflow/dags/newyork_fhv_gold.py                                    1           0  0.18s           2026-05-09T01:47:36
/opt/airflow/dags/newyork_fhv_quality_check.py                           1           0  0.13s           2026-05-09T01:47:40
================================================================================
[2026-05-09T01:48:19.330+0000] {manager.py:878} INFO - 
================================================================================
DAG File Processing Stats

File Path                                       PID    Runtime      # DAGs    # Errors  Last Runtime    Last Run
----------------------------------------------  -----  ---------  --------  ----------  --------------  -------------------
/opt/airflow/dags/newyork_fhv_ingestion.py                               1           0  0.27s           2026-05-09T01:48:13
/opt/airflow/dags/newyork_fhv_silver.py                                  1           0  0.26s           2026-05-09T01:48:10
/opt/airflow/dags/newyork_fhv_quality_check.py                           1           0  0.25s           2026-05-09T01:48:11
/opt/airflow/dags/newyork_fhv_pipeline.py                                1           0  0.20s           2026-05-09T01:48:07
/opt/airflow/dags/newyork_fhv_gold.py                                    1           0  0.20s           2026-05-09T01:48:07
================================================================================
[2026-05-09T01:48:49.474+0000] {manager.py:878} INFO - 
================================================================================
DAG File Processing Stats

File Path                                       PID    Runtime      # DAGs    # Errors  Last Runtime    Last Run
----------------------------------------------  -----  ---------  --------  ----------  --------------  -------------------
/opt/airflow/dags/newyork_fhv_ingestion.py                               1           0  0.22s           2026-05-09T01:48:43
/opt/airflow/dags/newyork_fhv_pipeline.py                                1           0  0.22s           2026-05-09T01:48:38
/opt/airflow/dags/newyork_fhv_gold.py                                    1           0  0.22s           2026-05-09T01:48:38
/opt/airflow/dags/newyork_fhv_silver.py                                  1           0  0.19s           2026-05-09T01:48:41
/opt/airflow/dags/newyork_fhv_quality_check.py                           1           0  0.18s           2026-05-09T01:48:41
================================================================================
[2026-05-09T01:48:57.604+0000] {manager.py:737} INFO - Searching for files in /opt/airflow/dags
[2026-05-09T01:48:57.844+0000] {manager.py:740} INFO - There are 5 files in /opt/airflow/dags
[2026-05-09T01:49:19.916+0000] {manager.py:878} INFO - 
================================================================================
DAG File Processing Stats

File Path                                       PID    Runtime      # DAGs    # Errors  Last Runtime    Last Run
----------------------------------------------  -----  ---------  --------  ----------  --------------  -------------------
/opt/airflow/dags/newyork_fhv_pipeline.py                                1           0  0.28s           2026-05-09T01:49:08
/opt/airflow/dags/newyork_fhv_gold.py                                    1           0  0.26s           2026-05-09T01:49:08
/opt/airflow/dags/newyork_fhv_silver.py                                  1           0  0.20s           2026-05-09T01:49:11
/opt/airflow/dags/newyork_fhv_ingestion.py                               1           0  0.20s           2026-05-09T01:49:13
/opt/airflow/dags/newyork_fhv_quality_check.py                           1           0  0.20s           2026-05-09T01:49:11
================================================================================
[2026-05-09T01:49:50.061+0000] {manager.py:878} INFO - 
================================================================================
DAG File Processing Stats

File Path                                       PID    Runtime      # DAGs    # Errors  Last Runtime    Last Run
----------------------------------------------  -----  ---------  --------  ----------  --------------  -------------------
/opt/airflow/dags/newyork_fhv_gold.py                                    1           0  0.22s           2026-05-09T01:49:39
/opt/airflow/dags/newyork_fhv_ingestion.py                               1           0  0.22s           2026-05-09T01:49:44
/opt/airflow/dags/newyork_fhv_pipeline.py                                1           0  0.22s           2026-05-09T01:49:39
/opt/airflow/dags/newyork_fhv_silver.py                                  1           0  0.19s           2026-05-09T01:49:42
/opt/airflow/dags/newyork_fhv_quality_check.py                           1           0  0.19s           2026-05-09T01:49:42
================================================================================
[2026-05-09T01:50:20.453+0000] {manager.py:878} INFO - 
================================================================================
DAG File Processing Stats

File Path                                       PID    Runtime      # DAGs    # Errors  Last Runtime    Last Run
----------------------------------------------  -----  ---------  --------  ----------  --------------  -------------------
/opt/airflow/dags/newyork_fhv_silver.py                                  1           0  0.25s           2026-05-09T01:50:13
/opt/airflow/dags/newyork_fhv_quality_check.py                           1           0  0.24s           2026-05-09T01:50:13
/opt/airflow/dags/newyork_fhv_pipeline.py                                1           0  0.22s           2026-05-09T01:50:09
/opt/airflow/dags/newyork_fhv_gold.py                                    1           0  0.21s           2026-05-09T01:50:09
/opt/airflow/dags/newyork_fhv_ingestion.py                               1           0  0.21s           2026-05-09T01:50:14
================================================================================
[2026-05-09T01:50:50.790+0000] {manager.py:878} INFO - 
================================================================================
DAG File Processing Stats

File Path                                       PID    Runtime      # DAGs    # Errors  Last Runtime    Last Run
----------------------------------------------  -----  ---------  --------  ----------  --------------  -------------------
/opt/airflow/dags/newyork_fhv_pipeline.py                                1           0  0.23s           2026-05-09T01:50:40
/opt/airflow/dags/newyork_fhv_gold.py                                    1           0  0.22s           2026-05-09T01:50:40
/opt/airflow/dags/newyork_fhv_silver.py                                  1           0  0.21s           2026-05-09T01:50:43
/opt/airflow/dags/newyork_fhv_quality_check.py                           1           0  0.20s           2026-05-09T01:50:43
/opt/airflow/dags/newyork_fhv_ingestion.py                               1           0  0.17s           2026-05-09T01:50:44
================================================================================
[2026-05-09T01:51:21.158+0000] {manager.py:878} INFO - 
================================================================================
DAG File Processing Stats

File Path                                       PID    Runtime      # DAGs    # Errors  Last Runtime    Last Run
----------------------------------------------  -----  ---------  --------  ----------  --------------  -------------------
/opt/airflow/dags/newyork_fhv_silver.py                                  1           0  0.26s           2026-05-09T01:51:13
/opt/airflow/dags/newyork_fhv_quality_check.py                           1           0  0.25s           2026-05-09T01:51:13
/opt/airflow/dags/newyork_fhv_ingestion.py                               1           0  0.23s           2026-05-09T01:51:15
/opt/airflow/dags/newyork_fhv_gold.py                                    1           0  0.21s           2026-05-09T01:51:10
/opt/airflow/dags/newyork_fhv_pipeline.py                                1           0  0.20s           2026-05-09T01:51:10
================================================================================
[2026-05-09T01:51:51.490+0000] {manager.py:878} INFO - 
================================================================================
DAG File Processing Stats

File Path                                       PID    Runtime      # DAGs    # Errors  Last Runtime    Last Run
----------------------------------------------  -----  ---------  --------  ----------  --------------  -------------------
/opt/airflow/dags/newyork_fhv_pipeline.py                                1           0  0.22s           2026-05-09T01:51:41
/opt/airflow/dags/newyork_fhv_gold.py                                    1           0  0.22s           2026-05-09T01:51:40
/opt/airflow/dags/newyork_fhv_silver.py                                  1           0  0.21s           2026-05-09T01:51:44
/opt/airflow/dags/newyork_fhv_quality_check.py                           1           0  0.20s           2026-05-09T01:51:44
/opt/airflow/dags/newyork_fhv_ingestion.py                               1           0  0.18s           2026-05-09T01:51:45
================================================================================
[2026-05-09T01:52:21.788+0000] {manager.py:878} INFO - 
================================================================================
DAG File Processing Stats

File Path                                       PID    Runtime      # DAGs    # Errors  Last Runtime    Last Run
----------------------------------------------  -----  ---------  --------  ----------  --------------  -------------------
/opt/airflow/dags/newyork_fhv_pipeline.py                                1           0  0.25s           2026-05-09T01:52:11
/opt/airflow/dags/newyork_fhv_gold.py                                    1           0  0.23s           2026-05-09T01:52:11
/opt/airflow/dags/newyork_fhv_quality_check.py                           1           0  0.20s           2026-05-09T01:52:14
/opt/airflow/dags/newyork_fhv_ingestion.py                               1           0  0.20s           2026-05-09T01:52:15
/opt/airflow/dags/newyork_fhv_silver.py                                  1           0  0.19s           2026-05-09T01:52:14
================================================================================
[2026-05-09T01:52:51.818+0000] {manager.py:878} INFO - 
================================================================================
DAG File Processing Stats

File Path                                       PID    Runtime      # DAGs    # Errors  Last Runtime    Last Run
----------------------------------------------  -----  ---------  --------  ----------  --------------  -------------------
/opt/airflow/dags/newyork_fhv_ingestion.py                               1           0  0.26s           2026-05-09T01:52:46
/opt/airflow/dags/newyork_fhv_pipeline.py                                1           0  0.21s           2026-05-09T01:52:42
/opt/airflow/dags/newyork_fhv_gold.py                                    1           0  0.20s           2026-05-09T01:52:42
/opt/airflow/dags/newyork_fhv_silver.py                                  1           0  0.20s           2026-05-09T01:52:45
/opt/airflow/dags/newyork_fhv_quality_check.py                           1           0  0.19s           2026-05-09T01:52:45
================================================================================
[2026-05-09T01:53:22.221+0000] {manager.py:878} INFO - 
================================================================================
DAG File Processing Stats

File Path                                       PID    Runtime      # DAGs    # Errors  Last Runtime    Last Run
----------------------------------------------  -----  ---------  --------  ----------  --------------  -------------------
/opt/airflow/dags/newyork_fhv_ingestion.py                               1           0  0.24s           2026-05-09T01:53:17
/opt/airflow/dags/newyork_fhv_gold.py                                    1           0  0.22s           2026-05-09T01:53:12
/opt/airflow/dags/newyork_fhv_pipeline.py                                1           0  0.22s           2026-05-09T01:53:12
/opt/airflow/dags/newyork_fhv_silver.py                                  1           0  0.21s           2026-05-09T01:53:16
/opt/airflow/dags/newyork_fhv_quality_check.py                           1           0  0.18s           2026-05-09T01:53:16
================================================================================
[2026-05-09T01:53:52.602+0000] {manager.py:878} INFO - 
================================================================================
DAG File Processing Stats

File Path                                       PID    Runtime      # DAGs    # Errors  Last Runtime    Last Run
----------------------------------------------  -----  ---------  --------  ----------  --------------  -------------------
/opt/airflow/dags/newyork_fhv_ingestion.py                               1           0  0.22s           2026-05-09T01:53:47
/opt/airflow/dags/newyork_fhv_gold.py                                    1           0  0.20s           2026-05-09T01:53:43
/opt/airflow/dags/newyork_fhv_pipeline.py                                1           0  0.19s           2026-05-09T01:53:43
/opt/airflow/dags/newyork_fhv_silver.py                                  1           0  0.17s           2026-05-09T01:53:46
/opt/airflow/dags/newyork_fhv_quality_check.py                           1           0  0.17s           2026-05-09T01:53:46
================================================================================
[2026-05-09T01:53:57.701+0000] {manager.py:737} INFO - Searching for files in /opt/airflow/dags
[2026-05-09T01:53:57.940+0000] {manager.py:740} INFO - There are 5 files in /opt/airflow/dags
[2026-05-09T01:54:23.232+0000] {manager.py:878} INFO - 
================================================================================
DAG File Processing Stats

File Path                                       PID    Runtime      # DAGs    # Errors  Last Runtime    Last Run
----------------------------------------------  -----  ---------  --------  ----------  --------------  -------------------
/opt/airflow/dags/newyork_fhv_ingestion.py                               1           0  0.23s           2026-05-09T01:54:18
/opt/airflow/dags/newyork_fhv_silver.py                                  1           0  0.21s           2026-05-09T01:54:16
/opt/airflow/dags/newyork_fhv_quality_check.py                           1           0  0.20s           2026-05-09T01:54:17
/opt/airflow/dags/newyork_fhv_gold.py                                    1           0  0.20s           2026-05-09T01:54:13
/opt/airflow/dags/newyork_fhv_pipeline.py                                1           0  0.20s           2026-05-09T01:54:13
================================================================================
[2026-05-09T01:54:53.498+0000] {manager.py:878} INFO - 
================================================================================
DAG File Processing Stats

File Path                                       PID    Runtime      # DAGs    # Errors  Last Runtime    Last Run
----------------------------------------------  -----  ---------  --------  ----------  --------------  -------------------
/opt/airflow/dags/newyork_fhv_ingestion.py                               1           0  0.25s           2026-05-09T01:54:48
/opt/airflow/dags/newyork_fhv_silver.py                                  1           0  0.22s           2026-05-09T01:54:47
/opt/airflow/dags/newyork_fhv_quality_check.py                           1           0  0.21s           2026-05-09T01:54:47
/opt/airflow/dags/newyork_fhv_pipeline.py                                1           0  0.17s           2026-05-09T01:54:43
/opt/airflow/dags/newyork_fhv_gold.py                                    1           0  0.17s           2026-05-09T01:54:43
================================================================================
[2026-05-09T01:55:24.029+0000] {manager.py:878} INFO - 
================================================================================
DAG File Processing Stats

File Path                                       PID    Runtime      # DAGs    # Errors  Last Runtime    Last Run
----------------------------------------------  -----  ---------  --------  ----------  --------------  -------------------
/opt/airflow/dags/newyork_fhv_pipeline.py                                1           0  0.22s           2026-05-09T01:55:14
/opt/airflow/dags/newyork_fhv_ingestion.py                               1           0  0.21s           2026-05-09T01:55:19
/opt/airflow/dags/newyork_fhv_gold.py                                    1           0  0.21s           2026-05-09T01:55:14
/opt/airflow/dags/newyork_fhv_silver.py                                  1           0  0.20s           2026-05-09T01:55:17
/opt/airflow/dags/newyork_fhv_quality_check.py                           1           0  0.19s           2026-05-09T01:55:17
================================================================================
[2026-05-09T01:55:54.368+0000] {manager.py:878} INFO - 
================================================================================
DAG File Processing Stats

File Path                                       PID    Runtime      # DAGs    # Errors  Last Runtime    Last Run
----------------------------------------------  -----  ---------  --------  ----------  --------------  -------------------
/opt/airflow/dags/newyork_fhv_gold.py                                    1           0  0.23s           2026-05-09T01:55:44
/opt/airflow/dags/newyork_fhv_pipeline.py                                1           0  0.22s           2026-05-09T01:55:44
/opt/airflow/dags/newyork_fhv_ingestion.py                               1           0  0.18s           2026-05-09T01:55:49
/opt/airflow/dags/newyork_fhv_silver.py                                  1           0  0.17s           2026-05-09T01:55:48
/opt/airflow/dags/newyork_fhv_quality_check.py                           1           0  0.16s           2026-05-09T01:55:48
================================================================================
[2026-05-09T01:56:24.819+0000] {manager.py:878} INFO - 
================================================================================
DAG File Processing Stats

File Path                                       PID    Runtime      # DAGs    # Errors  Last Runtime    Last Run
----------------------------------------------  -----  ---------  --------  ----------  --------------  -------------------
/opt/airflow/dags/newyork_fhv_ingestion.py                               1           0  0.22s           2026-05-09T01:56:19
/opt/airflow/dags/newyork_fhv_quality_check.py                           1           0  0.22s           2026-05-09T01:56:18
/opt/airflow/dags/newyork_fhv_silver.py                                  1           0  0.22s           2026-05-09T01:56:18
/opt/airflow/dags/newyork_fhv_pipeline.py                                1           0  0.18s           2026-05-09T01:56:15
/opt/airflow/dags/newyork_fhv_gold.py                                    1           0  0.17s           2026-05-09T01:56:15
================================================================================
[2026-05-09T01:56:55.242+0000] {manager.py:878} INFO - 
================================================================================
DAG File Processing Stats

File Path                                       PID    Runtime      # DAGs    # Errors  Last Runtime    Last Run
----------------------------------------------  -----  ---------  --------  ----------  --------------  -------------------
/opt/airflow/dags/newyork_fhv_pipeline.py                                1           0  0.30s           2026-05-09T01:56:45
/opt/airflow/dags/newyork_fhv_silver.py                                  1           0  0.25s           2026-05-09T01:56:48
/opt/airflow/dags/newyork_fhv_gold.py                                    1           0  0.25s           2026-05-09T01:56:45
/opt/airflow/dags/newyork_fhv_quality_check.py                           1           0  0.25s           2026-05-09T01:56:49
/opt/airflow/dags/newyork_fhv_ingestion.py                               1           0  0.24s           2026-05-09T01:56:50
================================================================================
[2026-05-09T01:57:25.356+0000] {manager.py:878} INFO - 
================================================================================
DAG File Processing Stats

File Path                                       PID    Runtime      # DAGs    # Errors  Last Runtime    Last Run
----------------------------------------------  -----  ---------  --------  ----------  --------------  -------------------
/opt/airflow/dags/newyork_fhv_silver.py                                  1           0  2.97s           2026-05-09T01:57:22
/opt/airflow/dags/newyork_fhv_quality_check.py                           1           0  2.95s           2026-05-09T01:57:22
/opt/airflow/dags/newyork_fhv_pipeline.py                                1           0  0.33s           2026-05-09T01:57:16
/opt/airflow/dags/newyork_fhv_gold.py                                    1           0  0.29s           2026-05-09T01:57:16
/opt/airflow/dags/newyork_fhv_ingestion.py                               1           0  0.22s           2026-05-09T01:57:22
================================================================================
[2026-05-09T01:57:55.499+0000] {manager.py:878} INFO - 
================================================================================
DAG File Processing Stats

File Path                                       PID    Runtime      # DAGs    # Errors  Last Runtime    Last Run
----------------------------------------------  -----  ---------  --------  ----------  --------------  -------------------
/opt/airflow/dags/newyork_fhv_ingestion.py                               1           0  0.24s           2026-05-09T01:57:53
/opt/airflow/dags/newyork_fhv_gold.py                                    1           0  0.23s           2026-05-09T01:57:47
/opt/airflow/dags/newyork_fhv_pipeline.py                                1           0  0.21s           2026-05-09T01:57:47
/opt/airflow/dags/newyork_fhv_quality_check.py                           1           0  0.18s           2026-05-09T01:57:53
/opt/airflow/dags/newyork_fhv_silver.py                                  1           0  0.18s           2026-05-09T01:57:53
================================================================================
[2026-05-09T01:58:25.530+0000] {manager.py:878} INFO - 
================================================================================
DAG File Processing Stats

File Path                                       PID    Runtime      # DAGs    # Errors  Last Runtime    Last Run
----------------------------------------------  -----  ---------  --------  ----------  --------------  -------------------
/opt/airflow/dags/newyork_fhv_gold.py                                    1           0  0.23s           2026-05-09T01:58:17
/opt/airflow/dags/newyork_fhv_pipeline.py                                1           0  0.23s           2026-05-09T01:58:18
/opt/airflow/dags/newyork_fhv_ingestion.py                               1           0  0.21s           2026-05-09T01:58:24
/opt/airflow/dags/newyork_fhv_quality_check.py                           1           0  0.16s           2026-05-09T01:58:24
/opt/airflow/dags/newyork_fhv_silver.py                                  1           0  0.16s           2026-05-09T01:58:24
================================================================================
[2026-05-09T01:58:55.655+0000] {manager.py:878} INFO - 
================================================================================
DAG File Processing Stats

File Path                                       PID    Runtime      # DAGs    # Errors  Last Runtime    Last Run
----------------------------------------------  -----  ---------  --------  ----------  --------------  -------------------
/opt/airflow/dags/newyork_fhv_gold.py                                    1           0  0.26s           2026-05-09T01:58:48
/opt/airflow/dags/newyork_fhv_pipeline.py                                1           0  0.22s           2026-05-09T01:58:48
/opt/airflow/dags/newyork_fhv_ingestion.py                               1           0  0.19s           2026-05-09T01:58:54
/opt/airflow/dags/newyork_fhv_quality_check.py                           1           0  0.17s           2026-05-09T01:58:54
/opt/airflow/dags/newyork_fhv_silver.py                                  1           0  0.15s           2026-05-09T01:58:54
================================================================================
[2026-05-09T01:58:57.920+0000] {manager.py:737} INFO - Searching for files in /opt/airflow/dags
[2026-05-09T01:58:58.168+0000] {manager.py:740} INFO - There are 5 files in /opt/airflow/dags
[2026-05-09T01:59:26.247+0000] {manager.py:878} INFO - 
================================================================================
DAG File Processing Stats

File Path                                       PID    Runtime      # DAGs    # Errors  Last Runtime    Last Run
----------------------------------------------  -----  ---------  --------  ----------  --------------  -------------------
/opt/airflow/dags/newyork_fhv_gold.py                                    1           0  0.20s           2026-05-09T01:59:18
/opt/airflow/dags/newyork_fhv_ingestion.py                               1           0  0.20s           2026-05-09T01:59:25
/opt/airflow/dags/newyork_fhv_pipeline.py                                1           0  0.20s           2026-05-09T01:59:18
/opt/airflow/dags/newyork_fhv_silver.py                                  1           0  0.18s           2026-05-09T01:59:25
/opt/airflow/dags/newyork_fhv_quality_check.py                           1           0  0.18s           2026-05-09T01:59:25
================================================================================
[2026-05-09T02:00:24.472+0000] {manager.py:878} INFO - 
================================================================================
DAG File Processing Stats

File Path                                       PID    Runtime      # DAGs    # Errors  Last Runtime    Last Run
----------------------------------------------  -----  ---------  --------  ----------  --------------  -------------------
/opt/airflow/dags/newyork_fhv_silver.py                                  1           0  0.54s           2026-05-09T02:00:19
/opt/airflow/dags/newyork_fhv_quality_check.py                           1           0  0.50s           2026-05-09T02:00:19
/opt/airflow/dags/newyork_fhv_ingestion.py                               1           0  0.49s           2026-05-09T02:00:20
/opt/airflow/dags/newyork_fhv_pipeline.py                                1           0  0.19s           2026-05-09T02:00:20
/opt/airflow/dags/newyork_fhv_gold.py                                    1           0  0.19s           2026-05-09T02:00:20
================================================================================
[2026-05-09T02:00:55.217+0000] {manager.py:878} INFO - 
================================================================================
DAG File Processing Stats

File Path                                       PID    Runtime      # DAGs    # Errors  Last Runtime    Last Run
----------------------------------------------  -----  ---------  --------  ----------  --------------  -------------------
/opt/airflow/dags/newyork_fhv_silver.py                                  1           0  0.14s           2026-05-09T02:00:50
/opt/airflow/dags/newyork_fhv_pipeline.py                                1           0  0.14s           2026-05-09T02:00:51
/opt/airflow/dags/newyork_fhv_gold.py                                    1           0  0.14s           2026-05-09T02:00:51
/opt/airflow/dags/newyork_fhv_quality_check.py                           1           0  0.11s           2026-05-09T02:00:50
/opt/airflow/dags/newyork_fhv_ingestion.py                               1           0  0.09s           2026-05-09T02:00:51
================================================================================
[2026-05-09T02:01:25.835+0000] {manager.py:878} INFO - 
================================================================================
DAG File Processing Stats

File Path                                       PID    Runtime      # DAGs    # Errors  Last Runtime    Last Run
----------------------------------------------  -----  ---------  --------  ----------  --------------  -------------------
/opt/airflow/dags/newyork_fhv_pipeline.py                                1           0  0.14s           2026-05-09T02:01:21
/opt/airflow/dags/newyork_fhv_silver.py                                  1           0  0.14s           2026-05-09T02:01:20
/opt/airflow/dags/newyork_fhv_gold.py                                    1           0  0.13s           2026-05-09T02:01:21
/opt/airflow/dags/newyork_fhv_quality_check.py                           1           0  0.12s           2026-05-09T02:01:20
/opt/airflow/dags/newyork_fhv_ingestion.py                               1           0  0.10s           2026-05-09T02:01:21
================================================================================
[2026-05-09T02:01:56.588+0000] {manager.py:878} INFO - 
================================================================================
DAG File Processing Stats

File Path                                       PID    Runtime      # DAGs    # Errors  Last Runtime    Last Run
----------------------------------------------  -----  ---------  --------  ----------  --------------  -------------------
/opt/airflow/dags/newyork_fhv_ingestion.py                               1           0  0.20s           2026-05-09T02:01:52
/opt/airflow/dags/newyork_fhv_pipeline.py                                1           0  0.18s           2026-05-09T02:01:52
/opt/airflow/dags/newyork_fhv_gold.py                                    1           0  0.18s           2026-05-09T02:01:52
/opt/airflow/dags/newyork_fhv_silver.py                                  1           0  0.15s           2026-05-09T02:01:51
/opt/airflow/dags/newyork_fhv_quality_check.py                           1           0  0.14s           2026-05-09T02:01:51
================================================================================
[2026-05-09T02:02:26.619+0000] {manager.py:878} INFO - 
================================================================================
DAG File Processing Stats

File Path                                       PID    Runtime      # DAGs    # Errors  Last Runtime    Last Run
----------------------------------------------  -----  ---------  --------  ----------  --------------  -------------------
/opt/airflow/dags/newyork_fhv_pipeline.py                                1           0  0.27s           2026-05-09T02:02:23
/opt/airflow/dags/newyork_fhv_gold.py                                    1           0  0.26s           2026-05-09T02:02:23
/opt/airflow/dags/newyork_fhv_ingestion.py                               1           0  0.17s           2026-05-09T02:02:23
/opt/airflow/dags/newyork_fhv_quality_check.py                           1           0  0.15s           2026-05-09T02:02:22
/opt/airflow/dags/newyork_fhv_silver.py                                  1           0  0.15s           2026-05-09T02:02:22
================================================================================
[2026-05-09T02:02:56.910+0000] {manager.py:878} INFO - 
================================================================================
DAG File Processing Stats

File Path                                       PID    Runtime      # DAGs    # Errors  Last Runtime    Last Run
----------------------------------------------  -----  ---------  --------  ----------  --------------  -------------------
/opt/airflow/dags/newyork_fhv_pipeline.py                                1           0  0.20s           2026-05-09T02:02:53
/opt/airflow/dags/newyork_fhv_ingestion.py                               1           0  0.19s           2026-05-09T02:02:54
/opt/airflow/dags/newyork_fhv_quality_check.py                           1           0  0.19s           2026-05-09T02:02:52
/opt/airflow/dags/newyork_fhv_gold.py                                    1           0  0.18s           2026-05-09T02:02:53
/opt/airflow/dags/newyork_fhv_silver.py                                  1           0  0.18s           2026-05-09T02:02:52
================================================================================
[2026-05-09T02:03:27.300+0000] {manager.py:878} INFO - 
================================================================================
DAG File Processing Stats

File Path                                       PID    Runtime      # DAGs    # Errors  Last Runtime    Last Run
----------------------------------------------  -----  ---------  --------  ----------  --------------  -------------------
/opt/airflow/dags/newyork_fhv_pipeline.py                                1           0  0.23s           2026-05-09T02:03:24
/opt/airflow/dags/newyork_fhv_ingestion.py                               1           0  0.22s           2026-05-09T02:03:24
/opt/airflow/dags/newyork_fhv_gold.py                                    1           0  0.21s           2026-05-09T02:03:24
/opt/airflow/dags/newyork_fhv_quality_check.py                           1           0  0.15s           2026-05-09T02:03:22
/opt/airflow/dags/newyork_fhv_silver.py                                  1           0  0.14s           2026-05-09T02:03:22
================================================================================
[2026-05-09T02:03:57.340+0000] {manager.py:878} INFO - 
================================================================================
DAG File Processing Stats

File Path                                       PID    Runtime      # DAGs    # Errors  Last Runtime    Last Run
----------------------------------------------  -----  ---------  --------  ----------  --------------  -------------------
/opt/airflow/dags/newyork_fhv_pipeline.py                                1           0  0.18s           2026-05-09T02:03:55
/opt/airflow/dags/newyork_fhv_silver.py                                  1           0  0.18s           2026-05-09T02:03:52
/opt/airflow/dags/newyork_fhv_gold.py                                    1           0  0.17s           2026-05-09T02:03:55
/opt/airflow/dags/newyork_fhv_quality_check.py                           1           0  0.16s           2026-05-09T02:03:53
/opt/airflow/dags/newyork_fhv_ingestion.py                               1           0  0.16s           2026-05-09T02:03:55
================================================================================
[2026-05-09T02:03:58.347+0000] {manager.py:737} INFO - Searching for files in /opt/airflow/dags
[2026-05-09T02:03:58.505+0000] {manager.py:740} INFO - There are 5 files in /opt/airflow/dags
[2026-05-09T02:04:27.626+0000] {manager.py:878} INFO - 
================================================================================
DAG File Processing Stats

File Path                                       PID    Runtime      # DAGs    # Errors  Last Runtime    Last Run
----------------------------------------------  -----  ---------  --------  ----------  --------------  -------------------
/opt/airflow/dags/newyork_fhv_silver.py                                  1           0  0.24s           2026-05-09T02:04:23
/opt/airflow/dags/newyork_fhv_quality_check.py                           1           0  0.22s           2026-05-09T02:04:23
/opt/airflow/dags/newyork_fhv_ingestion.py                               1           0  0.22s           2026-05-09T02:04:25
/opt/airflow/dags/newyork_fhv_pipeline.py                                1           0  0.16s           2026-05-09T02:04:25
/opt/airflow/dags/newyork_fhv_gold.py                                    1           0  0.12s           2026-05-09T02:04:25
================================================================================
[2026-05-09T02:04:58.053+0000] {manager.py:878} INFO - 
================================================================================
DAG File Processing Stats

File Path                                       PID    Runtime      # DAGs    # Errors  Last Runtime    Last Run
----------------------------------------------  -----  ---------  --------  ----------  --------------  -------------------
/opt/airflow/dags/newyork_fhv_ingestion.py                               1           0  0.23s           2026-05-09T02:04:56
/opt/airflow/dags/newyork_fhv_quality_check.py                           1           0  0.20s           2026-05-09T02:04:53
/opt/airflow/dags/newyork_fhv_silver.py                                  1           0  0.18s           2026-05-09T02:04:53
/opt/airflow/dags/newyork_fhv_pipeline.py                                1           0  0.17s           2026-05-09T02:04:56
/opt/airflow/dags/newyork_fhv_gold.py                                    1           0  0.17s           2026-05-09T02:04:56
================================================================================
[2026-05-09T02:05:28.331+0000] {manager.py:878} INFO - 
================================================================================
DAG File Processing Stats

File Path                                       PID    Runtime      # DAGs    # Errors  Last Runtime    Last Run
----------------------------------------------  -----  ---------  --------  ----------  --------------  -------------------
/opt/airflow/dags/newyork_fhv_ingestion.py                               1           0  0.23s           2026-05-09T02:05:26
/opt/airflow/dags/newyork_fhv_quality_check.py                           1           0  0.20s           2026-05-09T02:05:24
/opt/airflow/dags/newyork_fhv_silver.py                                  1           0  0.17s           2026-05-09T02:05:23
/opt/airflow/dags/newyork_fhv_gold.py                                    1           0  0.14s           2026-05-09T02:05:26
/opt/airflow/dags/newyork_fhv_pipeline.py                                1           0  0.14s           2026-05-09T02:05:26
================================================================================
[2026-05-09T02:05:58.564+0000] {manager.py:878} INFO - 
================================================================================
DAG File Processing Stats

File Path                                       PID    Runtime      # DAGs    # Errors  Last Runtime    Last Run
----------------------------------------------  -----  ---------  --------  ----------  --------------  -------------------
/opt/airflow/dags/newyork_fhv_pipeline.py                                1           0  0.19s           2026-05-09T02:05:56
/opt/airflow/dags/newyork_fhv_ingestion.py                               1           0  0.19s           2026-05-09T02:05:57
/opt/airflow/dags/newyork_fhv_gold.py                                    1           0  0.18s           2026-05-09T02:05:56
/opt/airflow/dags/newyork_fhv_quality_check.py                           1           0  0.17s           2026-05-09T02:05:54
/opt/airflow/dags/newyork_fhv_silver.py                                  1           0  0.16s           2026-05-09T02:05:54
================================================================================
[2026-05-09T02:06:28.703+0000] {manager.py:878} INFO - 
================================================================================
DAG File Processing Stats

File Path                                       PID    Runtime      # DAGs    # Errors  Last Runtime    Last Run
----------------------------------------------  -----  ---------  --------  ----------  --------------  -------------------
/opt/airflow/dags/newyork_fhv_ingestion.py                               1           0  0.16s           2026-05-09T02:06:28
/opt/airflow/dags/newyork_fhv_pipeline.py                                1           0  0.16s           2026-05-09T02:06:27
/opt/airflow/dags/newyork_fhv_gold.py                                    1           0  0.15s           2026-05-09T02:06:27
/opt/airflow/dags/newyork_fhv_silver.py                                  1           0  0.15s           2026-05-09T02:06:25
/opt/airflow/dags/newyork_fhv_quality_check.py                           1           0  0.15s           2026-05-09T02:06:25
================================================================================
[2026-05-09T02:06:59.537+0000] {manager.py:878} INFO - 
================================================================================
DAG File Processing Stats

File Path                                         PID  Runtime      # DAGs    # Errors  Last Runtime    Last Run
----------------------------------------------  -----  ---------  --------  ----------  --------------  -------------------
/opt/airflow/dags/newyork_fhv_silver.py                                  1           0  0.18s           2026-05-09T02:06:56
/opt/airflow/dags/newyork_fhv_quality_check.py                           1           0  0.17s           2026-05-09T02:06:56
/opt/airflow/dags/newyork_fhv_pipeline.py                                1           0  0.16s           2026-05-09T02:06:58
/opt/airflow/dags/newyork_fhv_ingestion.py       2752  0.00s             1           0  0.16s           2026-05-09T02:06:28
/opt/airflow/dags/newyork_fhv_gold.py                                    1           0  0.16s           2026-05-09T02:06:58
================================================================================
[2026-05-09T02:07:29.553+0000] {manager.py:878} INFO - 
================================================================================
DAG File Processing Stats

File Path                                         PID  Runtime      # DAGs    # Errors  Last Runtime    Last Run
----------------------------------------------  -----  ---------  --------  ----------  --------------  -------------------
/opt/airflow/dags/newyork_fhv_silver.py                                  1           0  0.20s           2026-05-09T02:07:27
/opt/airflow/dags/newyork_fhv_quality_check.py                           1           0  0.18s           2026-05-09T02:07:27
/opt/airflow/dags/newyork_fhv_gold.py                                    1           0  0.17s           2026-05-09T02:07:29
/opt/airflow/dags/newyork_fhv_pipeline.py        2762  0.16s             1           0  0.16s           2026-05-09T02:06:58
/opt/airflow/dags/newyork_fhv_ingestion.py                               1           0  0.15s           2026-05-09T02:06:59
================================================================================
[2026-05-09T02:07:59.661+0000] {manager.py:878} INFO - 
================================================================================
DAG File Processing Stats

File Path                                         PID  Runtime      # DAGs    # Errors  Last Runtime    Last Run
----------------------------------------------  -----  ---------  --------  ----------  --------------  -------------------
/opt/airflow/dags/newyork_fhv_quality_check.py                           1           0  0.28s           2026-05-09T02:07:57
/opt/airflow/dags/newyork_fhv_silver.py                                  1           0  0.28s           2026-05-09T02:07:57
/opt/airflow/dags/newyork_fhv_ingestion.py                               1           0  0.23s           2026-05-09T02:07:30
/opt/airflow/dags/newyork_fhv_pipeline.py        2773  0.01s             1           0  0.17s           2026-05-09T02:07:29
/opt/airflow/dags/newyork_fhv_gold.py            2772  0.04s             1           0  0.17s           2026-05-09T02:07:29
================================================================================
[2026-05-09T02:08:29.857+0000] {manager.py:878} INFO - 
================================================================================
DAG File Processing Stats

File Path                                       PID    Runtime      # DAGs    # Errors  Last Runtime    Last Run
----------------------------------------------  -----  ---------  --------  ----------  --------------  -------------------
/opt/airflow/dags/newyork_fhv_ingestion.py                               1           0  0.23s           2026-05-09T02:08:01
/opt/airflow/dags/newyork_fhv_pipeline.py                                1           0  0.22s           2026-05-09T02:07:59
/opt/airflow/dags/newyork_fhv_gold.py                                    1           0  0.22s           2026-05-09T02:07:59
/opt/airflow/dags/newyork_fhv_silver.py                                  1           0  0.17s           2026-05-09T02:08:28
/opt/airflow/dags/newyork_fhv_quality_check.py                           1           0  0.16s           2026-05-09T02:08:28
================================================================================
[2026-05-09T02:08:58.889+0000] {manager.py:737} INFO - Searching for files in /opt/airflow/dags
[2026-05-09T02:08:59.307+0000] {manager.py:740} INFO - There are 5 files in /opt/airflow/dags
[2026-05-09T02:09:00.475+0000] {manager.py:878} INFO - 
================================================================================
DAG File Processing Stats

File Path                                         PID  Runtime      # DAGs    # Errors  Last Runtime    Last Run
----------------------------------------------  -----  ---------  --------  ----------  --------------  -------------------
/opt/airflow/dags/newyork_fhv_gold.py            2795  0.01s             1           0  0.29s           2026-05-09T02:08:30
/opt/airflow/dags/newyork_fhv_pipeline.py                                1           0  0.27s           2026-05-09T02:08:30
/opt/airflow/dags/newyork_fhv_silver.py                                  1           0  0.19s           2026-05-09T02:08:59
/opt/airflow/dags/newyork_fhv_quality_check.py                           1           0  0.18s           2026-05-09T02:08:59
/opt/airflow/dags/newyork_fhv_ingestion.py                               1           0  0.15s           2026-05-09T02:08:31
================================================================================
[2026-05-09T02:09:30.530+0000] {manager.py:878} INFO - 
================================================================================
DAG File Processing Stats

File Path                                       PID    Runtime      # DAGs    # Errors  Last Runtime    Last Run
----------------------------------------------  -----  ---------  --------  ----------  --------------  -------------------
/opt/airflow/dags/newyork_fhv_gold.py                                    1           0  0.21s           2026-05-09T02:09:00
/opt/airflow/dags/newyork_fhv_pipeline.py                                1           0  0.20s           2026-05-09T02:09:00
/opt/airflow/dags/newyork_fhv_ingestion.py                               1           0  0.19s           2026-05-09T02:09:01
/opt/airflow/dags/newyork_fhv_silver.py                                  1           0  0.16s           2026-05-09T02:09:30
/opt/airflow/dags/newyork_fhv_quality_check.py                           1           0  0.14s           2026-05-09T02:09:30
================================================================================
[2026-05-09T02:10:01.196+0000] {manager.py:878} INFO - 
================================================================================
DAG File Processing Stats

File Path                                         PID  Runtime      # DAGs    # Errors  Last Runtime    Last Run
----------------------------------------------  -----  ---------  --------  ----------  --------------  -------------------
/opt/airflow/dags/newyork_fhv_ingestion.py                               1           0  0.19s           2026-05-09T02:09:32
/opt/airflow/dags/newyork_fhv_gold.py                                    1           0  0.17s           2026-05-09T02:09:31
/opt/airflow/dags/newyork_fhv_pipeline.py                                1           0  0.16s           2026-05-09T02:09:31
/opt/airflow/dags/newyork_fhv_silver.py          2816  0.03s             1           0  0.16s           2026-05-09T02:09:30
/opt/airflow/dags/newyork_fhv_quality_check.py   2817  0.01s             1           0  0.14s           2026-05-09T02:09:30
================================================================================
[2026-05-09T02:10:31.277+0000] {manager.py:878} INFO - 
================================================================================
DAG File Processing Stats

File Path                                       PID    Runtime      # DAGs    # Errors  Last Runtime    Last Run
----------------------------------------------  -----  ---------  --------  ----------  --------------  -------------------
/opt/airflow/dags/newyork_fhv_silver.py                                  1           0  0.20s           2026-05-09T02:10:01
/opt/airflow/dags/newyork_fhv_gold.py                                    1           0  0.19s           2026-05-09T02:10:02
/opt/airflow/dags/newyork_fhv_pipeline.py                                1           0  0.19s           2026-05-09T02:10:02
/opt/airflow/dags/newyork_fhv_quality_check.py                           1           0  0.18s           2026-05-09T02:10:01
/opt/airflow/dags/newyork_fhv_ingestion.py                               1           0  0.13s           2026-05-09T02:10:03
================================================================================
[2026-05-09T02:11:02.113+0000] {manager.py:878} INFO - 
================================================================================
DAG File Processing Stats

File Path                                       PID    Runtime      # DAGs    # Errors  Last Runtime    Last Run
----------------------------------------------  -----  ---------  --------  ----------  --------------  -------------------
/opt/airflow/dags/newyork_fhv_ingestion.py                               1           0  0.22s           2026-05-09T02:10:34
/opt/airflow/dags/newyork_fhv_pipeline.py                                1           0  0.19s           2026-05-09T02:10:33
/opt/airflow/dags/newyork_fhv_silver.py                                  1           0  0.19s           2026-05-09T02:10:32
/opt/airflow/dags/newyork_fhv_gold.py                                    1           0  0.18s           2026-05-09T02:10:33
/opt/airflow/dags/newyork_fhv_quality_check.py                           1           0  0.17s           2026-05-09T02:10:32
================================================================================
[2026-05-09T02:11:32.258+0000] {manager.py:878} INFO - 
================================================================================
DAG File Processing Stats

File Path                                       PID    Runtime      # DAGs    # Errors  Last Runtime    Last Run
----------------------------------------------  -----  ---------  --------  ----------  --------------  -------------------
/opt/airflow/dags/newyork_fhv_ingestion.py                               1           0  0.21s           2026-05-09T02:11:05
/opt/airflow/dags/newyork_fhv_gold.py                                    1           0  0.19s           2026-05-09T02:11:04
/opt/airflow/dags/newyork_fhv_silver.py                                  1           0  0.19s           2026-05-09T02:11:03
/opt/airflow/dags/newyork_fhv_pipeline.py                                1           0  0.19s           2026-05-09T02:11:04
/opt/airflow/dags/newyork_fhv_quality_check.py                           1           0  0.17s           2026-05-09T02:11:03
================================================================================
[2026-05-09T02:12:03.115+0000] {manager.py:878} INFO - 
================================================================================
DAG File Processing Stats

File Path                                       PID    Runtime      # DAGs    # Errors  Last Runtime    Last Run
----------------------------------------------  -----  ---------  --------  ----------  --------------  -------------------
/opt/airflow/dags/newyork_fhv_silver.py                                  1           0  0.21s           2026-05-09T02:11:34
/opt/airflow/dags/newyork_fhv_quality_check.py                           1           0  0.21s           2026-05-09T02:11:34
/opt/airflow/dags/newyork_fhv_pipeline.py                                1           0  0.18s           2026-05-09T02:11:35
/opt/airflow/dags/newyork_fhv_gold.py                                    1           0  0.18s           2026-05-09T02:11:35
/opt/airflow/dags/newyork_fhv_ingestion.py                               1           0  0.17s           2026-05-09T02:11:36
================================================================================
[2026-05-09T02:12:33.296+0000] {manager.py:878} INFO - 
================================================================================
DAG File Processing Stats

File Path                                       PID    Runtime      # DAGs    # Errors  Last Runtime    Last Run
----------------------------------------------  -----  ---------  --------  ----------  --------------  -------------------
/opt/airflow/dags/newyork_fhv_ingestion.py                               1           0  0.23s           2026-05-09T02:12:07
/opt/airflow/dags/newyork_fhv_pipeline.py                                1           0  0.16s           2026-05-09T02:12:06
/opt/airflow/dags/newyork_fhv_gold.py                                    1           0  0.16s           2026-05-09T02:12:06
/opt/airflow/dags/newyork_fhv_silver.py                                  1           0  0.15s           2026-05-09T02:12:05
/opt/airflow/dags/newyork_fhv_quality_check.py                           1           0  0.15s           2026-05-09T02:12:05
================================================================================
[2026-05-09T02:13:03.360+0000] {manager.py:878} INFO - 
================================================================================
DAG File Processing Stats

File Path                                       PID    Runtime      # DAGs    # Errors  Last Runtime    Last Run
----------------------------------------------  -----  ---------  --------  ----------  --------------  -------------------
/opt/airflow/dags/newyork_fhv_quality_check.py                           1           0  0.19s           2026-05-09T02:12:35
/opt/airflow/dags/newyork_fhv_silver.py                                  1           0  0.19s           2026-05-09T02:12:35
/opt/airflow/dags/newyork_fhv_pipeline.py                                1           0  0.17s           2026-05-09T02:12:36
/opt/airflow/dags/newyork_fhv_gold.py                                    1           0  0.14s           2026-05-09T02:12:36
/opt/airflow/dags/newyork_fhv_ingestion.py                               1           0  0.13s           2026-05-09T02:12:37
================================================================================
[2026-05-09T02:13:34.312+0000] {manager.py:878} INFO - 
================================================================================
DAG File Processing Stats

File Path                                       PID    Runtime      # DAGs    # Errors  Last Runtime    Last Run
----------------------------------------------  -----  ---------  --------  ----------  --------------  -------------------
/opt/airflow/dags/newyork_fhv_silver.py                                  1           0  0.16s           2026-05-09T02:13:06
/opt/airflow/dags/newyork_fhv_gold.py                                    1           0  0.16s           2026-05-09T02:13:07
/opt/airflow/dags/newyork_fhv_ingestion.py                               1           0  0.16s           2026-05-09T02:13:08
/opt/airflow/dags/newyork_fhv_quality_check.py                           1           0  0.16s           2026-05-09T02:13:06
/opt/airflow/dags/newyork_fhv_pipeline.py                                1           0  0.16s           2026-05-09T02:13:07
================================================================================
[2026-05-09T02:13:59.014+0000] {manager.py:737} INFO - Searching for files in /opt/airflow/dags
[2026-05-09T02:13:59.187+0000] {manager.py:740} INFO - There are 5 files in /opt/airflow/dags
[2026-05-09T02:14:04.349+0000] {manager.py:878} INFO - 
================================================================================
DAG File Processing Stats

File Path                                       PID    Runtime      # DAGs    # Errors  Last Runtime    Last Run
----------------------------------------------  -----  ---------  --------  ----------  --------------  -------------------
/opt/airflow/dags/newyork_fhv_pipeline.py                                1           0  0.18s           2026-05-09T02:13:38
/opt/airflow/dags/newyork_fhv_gold.py                                    1           0  0.18s           2026-05-09T02:13:38
/opt/airflow/dags/newyork_fhv_ingestion.py                               1           0  0.15s           2026-05-09T02:13:39
/opt/airflow/dags/newyork_fhv_quality_check.py                           1           0  0.14s           2026-05-09T02:13:37
/opt/airflow/dags/newyork_fhv_silver.py                                  1           0  0.14s           2026-05-09T02:13:37
================================================================================
[2026-05-09T02:14:34.394+0000] {manager.py:878} INFO - 
================================================================================
DAG File Processing Stats

File Path                                       PID    Runtime      # DAGs    # Errors  Last Runtime    Last Run
----------------------------------------------  -----  ---------  --------  ----------  --------------  -------------------
/opt/airflow/dags/newyork_fhv_gold.py                                    1           0  0.15s           2026-05-09T02:14:09
/opt/airflow/dags/newyork_fhv_pipeline.py                                1           0  0.15s           2026-05-09T02:14:09
/opt/airflow/dags/newyork_fhv_ingestion.py                               1           0  0.15s           2026-05-09T02:14:10
/opt/airflow/dags/newyork_fhv_quality_check.py                           1           0  0.14s           2026-05-09T02:14:08
/opt/airflow/dags/newyork_fhv_silver.py                                  1           0  0.14s           2026-05-09T02:14:08
================================================================================
[2026-05-09T02:15:05.158+0000] {manager.py:878} INFO - 
================================================================================
DAG File Processing Stats

File Path                                       PID    Runtime      # DAGs    # Errors  Last Runtime    Last Run
----------------------------------------------  -----  ---------  --------  ----------  --------------  -------------------
/opt/airflow/dags/newyork_fhv_silver.py                                  1           0  0.17s           2026-05-09T02:14:39
/opt/airflow/dags/newyork_fhv_quality_check.py                           1           0  0.16s           2026-05-09T02:14:39
/opt/airflow/dags/newyork_fhv_pipeline.py                                1           0  0.15s           2026-05-09T02:14:40
/opt/airflow/dags/newyork_fhv_ingestion.py                               1           0  0.15s           2026-05-09T02:14:41
/opt/airflow/dags/newyork_fhv_gold.py                                    1           0  0.14s           2026-05-09T02:14:40
================================================================================
[2026-05-09T02:15:35.253+0000] {manager.py:878} INFO - 
================================================================================
DAG File Processing Stats

File Path                                       PID    Runtime      # DAGs    # Errors  Last Runtime    Last Run
----------------------------------------------  -----  ---------  --------  ----------  --------------  -------------------
/opt/airflow/dags/newyork_fhv_pipeline.py                                1           0  0.21s           2026-05-09T02:15:11
/opt/airflow/dags/newyork_fhv_ingestion.py                               1           0  0.20s           2026-05-09T02:15:12
/opt/airflow/dags/newyork_fhv_gold.py                                    1           0  0.18s           2026-05-09T02:15:11
/opt/airflow/dags/newyork_fhv_silver.py                                  1           0  0.17s           2026-05-09T02:15:10
/opt/airflow/dags/newyork_fhv_quality_check.py                           1           0  0.16s           2026-05-09T02:15:10
================================================================================
[2026-05-09T02:16:05.353+0000] {manager.py:878} INFO - 
================================================================================
DAG File Processing Stats

File Path                                       PID    Runtime      # DAGs    # Errors  Last Runtime    Last Run
----------------------------------------------  -----  ---------  --------  ----------  --------------  -------------------
/opt/airflow/dags/newyork_fhv_quality_check.py                           1           0  0.24s           2026-05-09T02:15:41
/opt/airflow/dags/newyork_fhv_ingestion.py                               1           0  0.24s           2026-05-09T02:15:43
/opt/airflow/dags/newyork_fhv_silver.py                                  1           0  0.24s           2026-05-09T02:15:41
/opt/airflow/dags/newyork_fhv_pipeline.py                                1           0  0.20s           2026-05-09T02:15:42
/opt/airflow/dags/newyork_fhv_gold.py                                    1           0  0.20s           2026-05-09T02:15:42
================================================================================
[2026-05-09T02:16:35.959+0000] {manager.py:878} INFO - 
================================================================================
DAG File Processing Stats

File Path                                       PID    Runtime      # DAGs    # Errors  Last Runtime    Last Run
----------------------------------------------  -----  ---------  --------  ----------  --------------  -------------------
/opt/airflow/dags/newyork_fhv_ingestion.py                               1           0  0.22s           2026-05-09T02:16:14
/opt/airflow/dags/newyork_fhv_pipeline.py                                1           0  0.14s           2026-05-09T02:16:13
/opt/airflow/dags/newyork_fhv_gold.py                                    1           0  0.14s           2026-05-09T02:16:13
/opt/airflow/dags/newyork_fhv_silver.py                                  1           0  0.14s           2026-05-09T02:16:12
/opt/airflow/dags/newyork_fhv_quality_check.py                           1           0  0.13s           2026-05-09T02:16:12
================================================================================
[2026-05-09T02:17:06.146+0000] {manager.py:878} INFO - 
================================================================================
DAG File Processing Stats

File Path                                       PID    Runtime      # DAGs    # Errors  Last Runtime    Last Run
----------------------------------------------  -----  ---------  --------  ----------  --------------  -------------------
/opt/airflow/dags/newyork_fhv_ingestion.py                               1           0  0.23s           2026-05-09T02:16:45
/opt/airflow/dags/newyork_fhv_pipeline.py                                1           0  0.20s           2026-05-09T02:16:44
/opt/airflow/dags/newyork_fhv_gold.py                                    1           0  0.20s           2026-05-09T02:16:44
/opt/airflow/dags/newyork_fhv_silver.py                                  1           0  0.15s           2026-05-09T02:16:43
/opt/airflow/dags/newyork_fhv_quality_check.py                           1           0  0.15s           2026-05-09T02:16:43
================================================================================
[2026-05-09T02:17:36.686+0000] {manager.py:878} INFO - 
================================================================================
DAG File Processing Stats

File Path                                       PID    Runtime      # DAGs    # Errors  Last Runtime    Last Run
----------------------------------------------  -----  ---------  --------  ----------  --------------  -------------------
/opt/airflow/dags/newyork_fhv_ingestion.py                               1           0  0.19s           2026-05-09T02:17:16
/opt/airflow/dags/newyork_fhv_pipeline.py                                1           0  0.13s           2026-05-09T02:17:15
/opt/airflow/dags/newyork_fhv_silver.py                                  1           0  0.13s           2026-05-09T02:17:14
/opt/airflow/dags/newyork_fhv_gold.py                                    1           0  0.13s           2026-05-09T02:17:15
/opt/airflow/dags/newyork_fhv_quality_check.py                           1           0  0.13s           2026-05-09T02:17:14
================================================================================
[2026-05-09T02:18:06.819+0000] {manager.py:878} INFO - 
================================================================================
DAG File Processing Stats

File Path                                       PID    Runtime      # DAGs    # Errors  Last Runtime    Last Run
----------------------------------------------  -----  ---------  --------  ----------  --------------  -------------------
/opt/airflow/dags/newyork_fhv_silver.py                                  1           0  0.19s           2026-05-09T02:17:45
/opt/airflow/dags/newyork_fhv_ingestion.py                               1           0  0.17s           2026-05-09T02:17:47
/opt/airflow/dags/newyork_fhv_gold.py                                    1           0  0.17s           2026-05-09T02:17:46
/opt/airflow/dags/newyork_fhv_quality_check.py                           1           0  0.17s           2026-05-09T02:17:45
/opt/airflow/dags/newyork_fhv_pipeline.py                                1           0  0.17s           2026-05-09T02:17:46
================================================================================
[2026-05-09T02:18:37.589+0000] {manager.py:878} INFO - 
================================================================================
DAG File Processing Stats

File Path                                       PID    Runtime      # DAGs    # Errors  Last Runtime    Last Run
----------------------------------------------  -----  ---------  --------  ----------  --------------  -------------------
/opt/airflow/dags/newyork_fhv_ingestion.py                               1           0  0.19s           2026-05-09T02:18:18
/opt/airflow/dags/newyork_fhv_pipeline.py                                1           0  0.19s           2026-05-09T02:18:17
/opt/airflow/dags/newyork_fhv_gold.py                                    1           0  0.19s           2026-05-09T02:18:17
/opt/airflow/dags/newyork_fhv_silver.py                                  1           0  0.17s           2026-05-09T02:18:16
/opt/airflow/dags/newyork_fhv_quality_check.py                           1           0  0.15s           2026-05-09T02:18:16
================================================================================
[2026-05-09T02:18:59.257+0000] {manager.py:737} INFO - Searching for files in /opt/airflow/dags
[2026-05-09T02:18:59.509+0000] {manager.py:740} INFO - There are 5 files in /opt/airflow/dags
[2026-05-09T02:19:07.693+0000] {manager.py:878} INFO - 
================================================================================
DAG File Processing Stats

File Path                                       PID    Runtime      # DAGs    # Errors  Last Runtime    Last Run
----------------------------------------------  -----  ---------  --------  ----------  --------------  -------------------
/opt/airflow/dags/newyork_fhv_ingestion.py                               1           0  0.19s           2026-05-09T02:18:49
/opt/airflow/dags/newyork_fhv_pipeline.py                                1           0  0.18s           2026-05-09T02:18:48
/opt/airflow/dags/newyork_fhv_gold.py                                    1           0  0.18s           2026-05-09T02:18:48
/opt/airflow/dags/newyork_fhv_quality_check.py                           1           0  0.13s           2026-05-09T02:18:46
/opt/airflow/dags/newyork_fhv_silver.py                                  1           0  0.13s           2026-05-09T02:18:46
================================================================================
[2026-05-09T02:19:37.759+0000] {manager.py:878} INFO - 
================================================================================
DAG File Processing Stats

File Path                                       PID    Runtime      # DAGs    # Errors  Last Runtime    Last Run
----------------------------------------------  -----  ---------  --------  ----------  --------------  -------------------
/opt/airflow/dags/newyork_fhv_pipeline.py                                1           0  0.22s           2026-05-09T02:19:18
/opt/airflow/dags/newyork_fhv_gold.py                                    1           0  0.21s           2026-05-09T02:19:18
/opt/airflow/dags/newyork_fhv_ingestion.py                               1           0  0.21s           2026-05-09T02:19:19
/opt/airflow/dags/newyork_fhv_quality_check.py                           1           0  0.19s           2026-05-09T02:19:18
/opt/airflow/dags/newyork_fhv_silver.py                                  1           0  0.18s           2026-05-09T02:19:18
================================================================================
[2026-05-09T02:20:08.060+0000] {manager.py:878} INFO - 
================================================================================
DAG File Processing Stats

File Path                                       PID    Runtime      # DAGs    # Errors  Last Runtime    Last Run
----------------------------------------------  -----  ---------  --------  ----------  --------------  -------------------
/opt/airflow/dags/newyork_fhv_quality_check.py                           1           0  0.22s           2026-05-09T02:19:49
/opt/airflow/dags/newyork_fhv_silver.py                                  1           0  0.21s           2026-05-09T02:19:49
/opt/airflow/dags/newyork_fhv_pipeline.py                                1           0  0.19s           2026-05-09T02:19:49
/opt/airflow/dags/newyork_fhv_gold.py                                    1           0  0.18s           2026-05-09T02:19:49
/opt/airflow/dags/newyork_fhv_ingestion.py                               1           0  0.17s           2026-05-09T02:19:49
================================================================================
[2026-05-09T02:20:38.926+0000] {manager.py:878} INFO - 
================================================================================
DAG File Processing Stats

File Path                                       PID    Runtime      # DAGs    # Errors  Last Runtime    Last Run
----------------------------------------------  -----  ---------  --------  ----------  --------------  -------------------
/opt/airflow/dags/newyork_fhv_gold.py                                    1           0  0.19s           2026-05-09T02:20:19
/opt/airflow/dags/newyork_fhv_pipeline.py                                1           0  0.15s           2026-05-09T02:20:19
/opt/airflow/dags/newyork_fhv_silver.py                                  1           0  0.15s           2026-05-09T02:20:19
/opt/airflow/dags/newyork_fhv_ingestion.py                               1           0  0.13s           2026-05-09T02:20:20
/opt/airflow/dags/newyork_fhv_quality_check.py                           1           0  0.13s           2026-05-09T02:20:20
================================================================================
[2026-05-09T02:21:09.750+0000] {manager.py:878} INFO - 
================================================================================
DAG File Processing Stats

File Path                                       PID    Runtime      # DAGs    # Errors  Last Runtime    Last Run
----------------------------------------------  -----  ---------  --------  ----------  --------------  -------------------
/opt/airflow/dags/newyork_fhv_pipeline.py                                1           0  0.16s           2026-05-09T02:20:50
/opt/airflow/dags/newyork_fhv_gold.py                                    1           0  0.14s           2026-05-09T02:20:50
/opt/airflow/dags/newyork_fhv_ingestion.py                               1           0  0.13s           2026-05-09T02:20:51
/opt/airflow/dags/newyork_fhv_quality_check.py                           1           0  0.13s           2026-05-09T02:20:51
/opt/airflow/dags/newyork_fhv_silver.py                                  1           0  0.12s           2026-05-09T02:20:50
================================================================================
[2026-05-09T02:21:40.698+0000] {manager.py:878} INFO - 
================================================================================
DAG File Processing Stats

File Path                                       PID    Runtime      # DAGs    # Errors  Last Runtime    Last Run
----------------------------------------------  -----  ---------  --------  ----------  --------------  -------------------
/opt/airflow/dags/newyork_fhv_silver.py                                  1           0  0.19s           2026-05-09T02:21:21
/opt/airflow/dags/newyork_fhv_pipeline.py                                1           0  0.18s           2026-05-09T02:21:21
/opt/airflow/dags/newyork_fhv_gold.py                                    1           0  0.17s           2026-05-09T02:21:21
/opt/airflow/dags/newyork_fhv_quality_check.py                           1           0  0.15s           2026-05-09T02:21:22
/opt/airflow/dags/newyork_fhv_ingestion.py                               1           0  0.15s           2026-05-09T02:21:22
================================================================================
[2026-05-09T02:22:11.545+0000] {manager.py:878} INFO - 
================================================================================
DAG File Processing Stats

File Path                                       PID    Runtime      # DAGs    # Errors  Last Runtime    Last Run
----------------------------------------------  -----  ---------  --------  ----------  --------------  -------------------
/opt/airflow/dags/newyork_fhv_ingestion.py                               1           0  0.18s           2026-05-09T02:21:53
/opt/airflow/dags/newyork_fhv_quality_check.py                           1           0  0.17s           2026-05-09T02:21:53
/opt/airflow/dags/newyork_fhv_pipeline.py                                1           0  0.14s           2026-05-09T02:21:52
/opt/airflow/dags/newyork_fhv_silver.py                                  1           0  0.14s           2026-05-09T02:21:52
/opt/airflow/dags/newyork_fhv_gold.py                                    1           0  0.14s           2026-05-09T02:21:52
================================================================================
[2026-05-09T02:22:42.347+0000] {manager.py:878} INFO - 
================================================================================
DAG File Processing Stats

File Path                                       PID    Runtime      # DAGs    # Errors  Last Runtime    Last Run
----------------------------------------------  -----  ---------  --------  ----------  --------------  -------------------
/opt/airflow/dags/newyork_fhv_quality_check.py                           1           0  0.18s           2026-05-09T02:22:24
/opt/airflow/dags/newyork_fhv_pipeline.py                                1           0  0.16s           2026-05-09T02:22:22
/opt/airflow/dags/newyork_fhv_ingestion.py                               1           0  0.15s           2026-05-09T02:22:24
/opt/airflow/dags/newyork_fhv_silver.py                                  1           0  0.13s           2026-05-09T02:22:23
/opt/airflow/dags/newyork_fhv_gold.py                                    1           0  0.13s           2026-05-09T02:22:22
================================================================================
[2026-05-09T02:23:13.298+0000] {manager.py:878} INFO - 
================================================================================
DAG File Processing Stats

File Path                                       PID    Runtime      # DAGs    # Errors  Last Runtime    Last Run
----------------------------------------------  -----  ---------  --------  ----------  --------------  -------------------
/opt/airflow/dags/newyork_fhv_silver.py                                  1           0  0.20s           2026-05-09T02:22:53
/opt/airflow/dags/newyork_fhv_quality_check.py                           1           0  0.17s           2026-05-09T02:22:54
/opt/airflow/dags/newyork_fhv_pipeline.py                                1           0  0.16s           2026-05-09T02:22:53
/opt/airflow/dags/newyork_fhv_gold.py                                    1           0  0.16s           2026-05-09T02:22:53
/opt/airflow/dags/newyork_fhv_ingestion.py                               1           0  0.15s           2026-05-09T02:22:54
================================================================================
[2026-05-09T02:23:43.492+0000] {manager.py:878} INFO - 
================================================================================
DAG File Processing Stats

File Path                                       PID    Runtime      # DAGs    # Errors  Last Runtime    Last Run
----------------------------------------------  -----  ---------  --------  ----------  --------------  -------------------
/opt/airflow/dags/newyork_fhv_quality_check.py                           1           0  0.25s           2026-05-09T02:23:25
/opt/airflow/dags/newyork_fhv_ingestion.py                               1           0  0.24s           2026-05-09T02:23:25
/opt/airflow/dags/newyork_fhv_pipeline.py                                1           0  0.24s           2026-05-09T02:23:24
/opt/airflow/dags/newyork_fhv_silver.py                                  1           0  0.23s           2026-05-09T02:23:25
/opt/airflow/dags/newyork_fhv_gold.py                                    1           0  0.23s           2026-05-09T02:23:24
================================================================================
[2026-05-09T02:23:59.549+0000] {manager.py:737} INFO - Searching for files in /opt/airflow/dags
[2026-05-09T02:23:59.682+0000] {manager.py:740} INFO - There are 5 files in /opt/airflow/dags
[2026-05-09T02:24:13.913+0000] {manager.py:878} INFO - 
================================================================================
DAG File Processing Stats

File Path                                       PID    Runtime      # DAGs    # Errors  Last Runtime    Last Run
----------------------------------------------  -----  ---------  --------  ----------  --------------  -------------------
/opt/airflow/dags/newyork_fhv_silver.py                                  1           0  0.24s           2026-05-09T02:23:55
/opt/airflow/dags/newyork_fhv_pipeline.py                                1           0  0.23s           2026-05-09T02:23:55
/opt/airflow/dags/newyork_fhv_gold.py                                    1           0  0.17s           2026-05-09T02:23:55
/opt/airflow/dags/newyork_fhv_quality_check.py                           1           0  0.16s           2026-05-09T02:23:55
/opt/airflow/dags/newyork_fhv_ingestion.py                               1           0  0.16s           2026-05-09T02:23:55
================================================================================
[2026-05-09T02:24:44.074+0000] {manager.py:878} INFO - 
================================================================================
DAG File Processing Stats

File Path                                       PID    Runtime      # DAGs    # Errors  Last Runtime    Last Run
----------------------------------------------  -----  ---------  --------  ----------  --------------  -------------------
/opt/airflow/dags/newyork_fhv_ingestion.py                               1           0  0.23s           2026-05-09T02:24:26
/opt/airflow/dags/newyork_fhv_silver.py                                  1           0  0.18s           2026-05-09T02:24:26
/opt/airflow/dags/newyork_fhv_pipeline.py                                1           0  0.16s           2026-05-09T02:24:26
/opt/airflow/dags/newyork_fhv_quality_check.py                           1           0  0.16s           2026-05-09T02:24:26
/opt/airflow/dags/newyork_fhv_gold.py                                    1           0  0.13s           2026-05-09T02:24:26
================================================================================
[2026-05-09T02:25:14.871+0000] {manager.py:878} INFO - 
================================================================================
DAG File Processing Stats

File Path                                       PID    Runtime      # DAGs    # Errors  Last Runtime    Last Run
----------------------------------------------  -----  ---------  --------  ----------  --------------  -------------------
/opt/airflow/dags/newyork_fhv_silver.py                                  1           0  0.23s           2026-05-09T02:24:57
/opt/airflow/dags/newyork_fhv_pipeline.py                                1           0  0.17s           2026-05-09T02:24:57
/opt/airflow/dags/newyork_fhv_quality_check.py                           1           0  0.17s           2026-05-09T02:24:57
/opt/airflow/dags/newyork_fhv_ingestion.py                               1           0  0.16s           2026-05-09T02:24:57
/opt/airflow/dags/newyork_fhv_gold.py                                    1           0  0.14s           2026-05-09T02:24:57
================================================================================
[2026-05-09T02:25:45.030+0000] {manager.py:878} INFO - 
================================================================================
DAG File Processing Stats

File Path                                       PID    Runtime      # DAGs    # Errors  Last Runtime    Last Run
----------------------------------------------  -----  ---------  --------  ----------  --------------  -------------------
/opt/airflow/dags/newyork_fhv_ingestion.py                               1           0  0.19s           2026-05-09T02:25:28
/opt/airflow/dags/newyork_fhv_pipeline.py                                1           0  0.17s           2026-05-09T02:25:28
/opt/airflow/dags/newyork_fhv_gold.py                                    1           0  0.16s           2026-05-09T02:25:28
/opt/airflow/dags/newyork_fhv_quality_check.py                           1           0  0.15s           2026-05-09T02:25:28
/opt/airflow/dags/newyork_fhv_silver.py                                  1           0  0.15s           2026-05-09T02:25:28
================================================================================
[2026-05-09T02:26:15.783+0000] {manager.py:878} INFO - 
================================================================================
DAG File Processing Stats

File Path                                       PID    Runtime      # DAGs    # Errors  Last Runtime    Last Run
----------------------------------------------  -----  ---------  --------  ----------  --------------  -------------------
/opt/airflow/dags/newyork_fhv_silver.py                                  1           0  0.20s           2026-05-09T02:25:59
/opt/airflow/dags/newyork_fhv_pipeline.py                                1           0  0.18s           2026-05-09T02:25:59
/opt/airflow/dags/newyork_fhv_gold.py                                    1           0  0.15s           2026-05-09T02:25:59
/opt/airflow/dags/newyork_fhv_quality_check.py                           1           0  0.14s           2026-05-09T02:25:59
/opt/airflow/dags/newyork_fhv_ingestion.py                               1           0  0.13s           2026-05-09T02:25:59
================================================================================
[2026-05-09T02:26:45.805+0000] {manager.py:878} INFO - 
================================================================================
DAG File Processing Stats

File Path                                       PID    Runtime      # DAGs    # Errors  Last Runtime    Last Run
----------------------------------------------  -----  ---------  --------  ----------  --------------  -------------------
/opt/airflow/dags/newyork_fhv_silver.py                                  1           0  0.22s           2026-05-09T02:26:30
/opt/airflow/dags/newyork_fhv_quality_check.py                           1           0  0.18s           2026-05-09T02:26:30
/opt/airflow/dags/newyork_fhv_ingestion.py                               1           0  0.17s           2026-05-09T02:26:30
/opt/airflow/dags/newyork_fhv_pipeline.py                                1           0  0.15s           2026-05-09T02:26:30
/opt/airflow/dags/newyork_fhv_gold.py                                    1           0  0.13s           2026-05-09T02:26:30
================================================================================
[2026-05-09T02:27:16.212+0000] {manager.py:878} INFO - 
================================================================================
DAG File Processing Stats

File Path                                       PID    Runtime      # DAGs    # Errors  Last Runtime    Last Run
----------------------------------------------  -----  ---------  --------  ----------  --------------  -------------------
/opt/airflow/dags/newyork_fhv_pipeline.py                                1           0  0.24s           2026-05-09T02:27:00
/opt/airflow/dags/newyork_fhv_gold.py                                    1           0  0.20s           2026-05-09T02:27:00
/opt/airflow/dags/newyork_fhv_quality_check.py                           1           0  0.18s           2026-05-09T02:27:00
/opt/airflow/dags/newyork_fhv_ingestion.py                               1           0  0.17s           2026-05-09T02:27:01
/opt/airflow/dags/newyork_fhv_silver.py                                  1           0  0.17s           2026-05-09T02:27:00
================================================================================
[2026-05-09T02:27:46.329+0000] {manager.py:878} INFO - 
================================================================================
DAG File Processing Stats

File Path                                       PID    Runtime      # DAGs    # Errors  Last Runtime    Last Run
----------------------------------------------  -----  ---------  --------  ----------  --------------  -------------------
/opt/airflow/dags/newyork_fhv_gold.py                                    1           0  0.21s           2026-05-09T02:27:30
/opt/airflow/dags/newyork_fhv_quality_check.py                           1           0  0.18s           2026-05-09T02:27:31
/opt/airflow/dags/newyork_fhv_ingestion.py                               1           0  0.16s           2026-05-09T02:27:32
/opt/airflow/dags/newyork_fhv_silver.py                                  1           0  0.16s           2026-05-09T02:27:31
/opt/airflow/dags/newyork_fhv_pipeline.py                                1           0  0.16s           2026-05-09T02:27:30
================================================================================
[2026-05-09T02:28:17.096+0000] {manager.py:878} INFO - 
================================================================================
DAG File Processing Stats

File Path                                       PID    Runtime      # DAGs    # Errors  Last Runtime    Last Run
----------------------------------------------  -----  ---------  --------  ----------  --------------  -------------------
/opt/airflow/dags/newyork_fhv_gold.py                                    1           0  0.18s           2026-05-09T02:28:01
/opt/airflow/dags/newyork_fhv_pipeline.py                                1           0  0.18s           2026-05-09T02:28:01
/opt/airflow/dags/newyork_fhv_ingestion.py                               1           0  0.16s           2026-05-09T02:28:03
/opt/airflow/dags/newyork_fhv_quality_check.py                           1           0  0.15s           2026-05-09T02:28:02
/opt/airflow/dags/newyork_fhv_silver.py                                  1           0  0.15s           2026-05-09T02:28:02
================================================================================
[2026-05-09T02:28:47.892+0000] {manager.py:878} INFO - 
================================================================================
DAG File Processing Stats

File Path                                       PID    Runtime      # DAGs    # Errors  Last Runtime    Last Run
----------------------------------------------  -----  ---------  --------  ----------  --------------  -------------------
/opt/airflow/dags/newyork_fhv_ingestion.py                               1           0  0.18s           2026-05-09T02:28:33
/opt/airflow/dags/newyork_fhv_pipeline.py                                1           0  0.17s           2026-05-09T02:28:32
/opt/airflow/dags/newyork_fhv_gold.py                                    1           0  0.16s           2026-05-09T02:28:32
/opt/airflow/dags/newyork_fhv_quality_check.py                           1           0  0.13s           2026-05-09T02:28:33
/opt/airflow/dags/newyork_fhv_silver.py                                  1           0  0.13s           2026-05-09T02:28:33
================================================================================
[2026-05-09T02:29:00.152+0000] {manager.py:737} INFO - Searching for files in /opt/airflow/dags
[2026-05-09T02:29:00.310+0000] {manager.py:740} INFO - There are 5 files in /opt/airflow/dags
[2026-05-09T02:29:18.011+0000] {manager.py:878} INFO - 
================================================================================
DAG File Processing Stats

File Path                                       PID    Runtime      # DAGs    # Errors  Last Runtime    Last Run
----------------------------------------------  -----  ---------  --------  ----------  --------------  -------------------
/opt/airflow/dags/newyork_fhv_ingestion.py                               1           0  0.24s           2026-05-09T02:29:05
/opt/airflow/dags/newyork_fhv_quality_check.py                           1           0  0.18s           2026-05-09T02:29:04
/opt/airflow/dags/newyork_fhv_silver.py                                  1           0  0.17s           2026-05-09T02:29:04
/opt/airflow/dags/newyork_fhv_pipeline.py                                1           0  0.17s           2026-05-09T02:29:03
/opt/airflow/dags/newyork_fhv_gold.py                                    1           0  0.16s           2026-05-09T02:29:03
================================================================================
[2026-05-09T02:29:48.123+0000] {manager.py:878} INFO - 
================================================================================
DAG File Processing Stats

File Path                                       PID    Runtime      # DAGs    # Errors  Last Runtime    Last Run
----------------------------------------------  -----  ---------  --------  ----------  --------------  -------------------
/opt/airflow/dags/newyork_fhv_ingestion.py                               1           0  0.20s           2026-05-09T02:29:35
/opt/airflow/dags/newyork_fhv_silver.py                                  1           0  0.18s           2026-05-09T02:29:35
/opt/airflow/dags/newyork_fhv_quality_check.py                           1           0  0.17s           2026-05-09T02:29:35
/opt/airflow/dags/newyork_fhv_pipeline.py                                1           0  0.15s           2026-05-09T02:29:34
/opt/airflow/dags/newyork_fhv_gold.py                                    1           0  0.15s           2026-05-09T02:29:34
================================================================================
[2026-05-09T02:30:18.841+0000] {manager.py:878} INFO - 
================================================================================
DAG File Processing Stats

File Path                                       PID    Runtime      # DAGs    # Errors  Last Runtime    Last Run
----------------------------------------------  -----  ---------  --------  ----------  --------------  -------------------
/opt/airflow/dags/newyork_fhv_pipeline.py                                1           0  0.19s           2026-05-09T02:30:05
/opt/airflow/dags/newyork_fhv_gold.py                                    1           0  0.19s           2026-05-09T02:30:05
/opt/airflow/dags/newyork_fhv_silver.py                                  1           0  0.14s           2026-05-09T02:30:06
/opt/airflow/dags/newyork_fhv_ingestion.py                               1           0  0.13s           2026-05-09T02:30:06
/opt/airflow/dags/newyork_fhv_quality_check.py                           1           0  0.13s           2026-05-09T02:30:06
================================================================================
[2026-05-09T02:30:49.708+0000] {manager.py:878} INFO - 
================================================================================
DAG File Processing Stats

File Path                                       PID    Runtime      # DAGs    # Errors  Last Runtime    Last Run
----------------------------------------------  -----  ---------  --------  ----------  --------------  -------------------
/opt/airflow/dags/newyork_fhv_pipeline.py                                1           0  0.15s           2026-05-09T02:30:36
/opt/airflow/dags/newyork_fhv_quality_check.py                           1           0  0.14s           2026-05-09T02:30:37
/opt/airflow/dags/newyork_fhv_gold.py                                    1           0  0.14s           2026-05-09T02:30:36
/opt/airflow/dags/newyork_fhv_silver.py                                  1           0  0.13s           2026-05-09T02:30:37
/opt/airflow/dags/newyork_fhv_ingestion.py                               1           0  0.13s           2026-05-09T02:30:37
================================================================================
[2026-05-09T02:31:19.811+0000] {manager.py:878} INFO - 
================================================================================
DAG File Processing Stats

File Path                                       PID    Runtime      # DAGs    # Errors  Last Runtime    Last Run
----------------------------------------------  -----  ---------  --------  ----------  --------------  -------------------
/opt/airflow/dags/newyork_fhv_pipeline.py                                1           0  0.21s           2026-05-09T02:31:07
/opt/airflow/dags/newyork_fhv_gold.py                                    1           0  0.21s           2026-05-09T02:31:07
/opt/airflow/dags/newyork_fhv_quality_check.py                           1           0  0.19s           2026-05-09T02:31:08
/opt/airflow/dags/newyork_fhv_silver.py                                  1           0  0.18s           2026-05-09T02:31:08
/opt/airflow/dags/newyork_fhv_ingestion.py                               1           0  0.15s           2026-05-09T02:31:08
================================================================================
[2026-05-09T02:31:50.650+0000] {manager.py:878} INFO - 
================================================================================
DAG File Processing Stats

File Path                                       PID    Runtime      # DAGs    # Errors  Last Runtime    Last Run
----------------------------------------------  -----  ---------  --------  ----------  --------------  -------------------
/opt/airflow/dags/newyork_fhv_quality_check.py                           1           0  0.19s           2026-05-09T02:31:39
/opt/airflow/dags/newyork_fhv_ingestion.py                               1           0  0.19s           2026-05-09T02:31:39
/opt/airflow/dags/newyork_fhv_pipeline.py                                1           0  0.17s           2026-05-09T02:31:38
/opt/airflow/dags/newyork_fhv_silver.py                                  1           0  0.17s           2026-05-09T02:31:39
/opt/airflow/dags/newyork_fhv_gold.py                                    1           0  0.17s           2026-05-09T02:31:38
================================================================================
[2026-05-09T02:32:20.878+0000] {manager.py:878} INFO - 
================================================================================
DAG File Processing Stats

File Path                                       PID    Runtime      # DAGs    # Errors  Last Runtime    Last Run
----------------------------------------------  -----  ---------  --------  ----------  --------------  -------------------
/opt/airflow/dags/newyork_fhv_quality_check.py                           1           0  0.48s           2026-05-09T02:32:10
/opt/airflow/dags/newyork_fhv_silver.py                                  1           0  0.34s           2026-05-09T02:32:10
/opt/airflow/dags/newyork_fhv_ingestion.py                               1           0  0.22s           2026-05-09T02:32:10
/opt/airflow/dags/newyork_fhv_gold.py                                    1           0  0.21s           2026-05-09T02:32:09
/opt/airflow/dags/newyork_fhv_pipeline.py                                1           0  0.20s           2026-05-09T02:32:09
================================================================================
[2026-05-09T02:32:51.037+0000] {manager.py:878} INFO - 
================================================================================
DAG File Processing Stats

File Path                                       PID    Runtime      # DAGs    # Errors  Last Runtime    Last Run
----------------------------------------------  -----  ---------  --------  ----------  --------------  -------------------
/opt/airflow/dags/newyork_fhv_ingestion.py                               1           0  0.22s           2026-05-09T02:32:41
/opt/airflow/dags/newyork_fhv_quality_check.py                           1           0  0.17s           2026-05-09T02:32:41
/opt/airflow/dags/newyork_fhv_pipeline.py                                1           0  0.17s           2026-05-09T02:32:40
/opt/airflow/dags/newyork_fhv_silver.py                                  1           0  0.16s           2026-05-09T02:32:41
/opt/airflow/dags/newyork_fhv_gold.py                                    1           0  0.15s           2026-05-09T02:32:40
================================================================================
[2026-05-09T02:33:21.686+0000] {manager.py:878} INFO - 
================================================================================
DAG File Processing Stats

File Path                                       PID    Runtime      # DAGs    # Errors  Last Runtime    Last Run
----------------------------------------------  -----  ---------  --------  ----------  --------------  -------------------
/opt/airflow/dags/newyork_fhv_silver.py                                  1           0  0.17s           2026-05-09T02:33:12
/opt/airflow/dags/newyork_fhv_quality_check.py                           1           0  0.17s           2026-05-09T02:33:12
/opt/airflow/dags/newyork_fhv_pipeline.py                                1           0  0.15s           2026-05-09T02:33:11
/opt/airflow/dags/newyork_fhv_ingestion.py                               1           0  0.15s           2026-05-09T02:33:12
/opt/airflow/dags/newyork_fhv_gold.py                                    1           0  0.14s           2026-05-09T02:33:11
================================================================================
[2026-05-09T02:33:51.740+0000] {manager.py:878} INFO - 
================================================================================
DAG File Processing Stats

File Path                                       PID    Runtime      # DAGs    # Errors  Last Runtime    Last Run
----------------------------------------------  -----  ---------  --------  ----------  --------------  -------------------
/opt/airflow/dags/newyork_fhv_silver.py                                  1           0  0.22s           2026-05-09T02:33:43
/opt/airflow/dags/newyork_fhv_quality_check.py                           1           0  0.22s           2026-05-09T02:33:43
/opt/airflow/dags/newyork_fhv_pipeline.py                                1           0  0.21s           2026-05-09T02:33:42
/opt/airflow/dags/newyork_fhv_gold.py                                    1           0  0.20s           2026-05-09T02:33:42
/opt/airflow/dags/newyork_fhv_ingestion.py                               1           0  0.19s           2026-05-09T02:33:43
================================================================================
[2026-05-09T02:34:00.907+0000] {manager.py:737} INFO - Searching for files in /opt/airflow/dags
[2026-05-09T02:34:01.047+0000] {manager.py:740} INFO - There are 5 files in /opt/airflow/dags
[2026-05-09T02:34:21.760+0000] {manager.py:878} INFO - 
================================================================================
DAG File Processing Stats

File Path                                       PID    Runtime      # DAGs    # Errors  Last Runtime    Last Run
----------------------------------------------  -----  ---------  --------  ----------  --------------  -------------------
/opt/airflow/dags/newyork_fhv_pipeline.py                                1           0  0.16s           2026-05-09T02:34:13
/opt/airflow/dags/newyork_fhv_gold.py                                    1           0  0.16s           2026-05-09T02:34:13
/opt/airflow/dags/newyork_fhv_quality_check.py                           1           0  0.15s           2026-05-09T02:34:14
/opt/airflow/dags/newyork_fhv_silver.py                                  1           0  0.14s           2026-05-09T02:34:14
/opt/airflow/dags/newyork_fhv_ingestion.py                               1           0  0.14s           2026-05-09T02:34:14
================================================================================
[2026-05-09T02:34:51.765+0000] {manager.py:878} INFO - 
================================================================================
DAG File Processing Stats

File Path                                       PID    Runtime      # DAGs    # Errors  Last Runtime    Last Run
----------------------------------------------  -----  ---------  --------  ----------  --------------  -------------------
/opt/airflow/dags/newyork_fhv_ingestion.py                               1           0  0.22s           2026-05-09T02:34:45
/opt/airflow/dags/newyork_fhv_quality_check.py                           1           0  0.17s           2026-05-09T02:34:45
/opt/airflow/dags/newyork_fhv_silver.py                                  1           0  0.17s           2026-05-09T02:34:45
/opt/airflow/dags/newyork_fhv_pipeline.py                                1           0  0.15s           2026-05-09T02:34:44
/opt/airflow/dags/newyork_fhv_gold.py                                    1           0  0.15s           2026-05-09T02:34:44
================================================================================
[2026-05-09T02:35:21.889+0000] {manager.py:878} INFO - 
================================================================================
DAG File Processing Stats

File Path                                       PID    Runtime      # DAGs    # Errors  Last Runtime    Last Run
----------------------------------------------  -----  ---------  --------  ----------  --------------  -------------------
/opt/airflow/dags/newyork_fhv_gold.py                                    1           0  0.20s           2026-05-09T02:35:15
/opt/airflow/dags/newyork_fhv_ingestion.py                               1           0  0.20s           2026-05-09T02:35:16
/opt/airflow/dags/newyork_fhv_pipeline.py                                1           0  0.20s           2026-05-09T02:35:15
/opt/airflow/dags/newyork_fhv_quality_check.py                           1           0  0.16s           2026-05-09T02:35:16
/opt/airflow/dags/newyork_fhv_silver.py                                  1           0  0.16s           2026-05-09T02:35:16
================================================================================
[2026-05-09T02:35:51.969+0000] {manager.py:878} INFO - 
================================================================================
DAG File Processing Stats

File Path                                       PID    Runtime      # DAGs    # Errors  Last Runtime    Last Run
----------------------------------------------  -----  ---------  --------  ----------  --------------  -------------------
/opt/airflow/dags/newyork_fhv_ingestion.py                               1           0  0.22s           2026-05-09T02:35:47
/opt/airflow/dags/newyork_fhv_quality_check.py                           1           0  0.19s           2026-05-09T02:35:46
/opt/airflow/dags/newyork_fhv_pipeline.py                                1           0  0.19s           2026-05-09T02:35:45
/opt/airflow/dags/newyork_fhv_gold.py                                    1           0  0.18s           2026-05-09T02:35:45
/opt/airflow/dags/newyork_fhv_silver.py                                  1           0  0.17s           2026-05-09T02:35:46
================================================================================
[2026-05-09T02:36:21.993+0000] {manager.py:878} INFO - 
================================================================================
DAG File Processing Stats

File Path                                       PID    Runtime      # DAGs    # Errors  Last Runtime    Last Run
----------------------------------------------  -----  ---------  --------  ----------  --------------  -------------------
/opt/airflow/dags/newyork_fhv_quality_check.py                           1           0  0.19s           2026-05-09T02:36:17
/opt/airflow/dags/newyork_fhv_ingestion.py                               1           0  0.19s           2026-05-09T02:36:18
/opt/airflow/dags/newyork_fhv_silver.py                                  1           0  0.19s           2026-05-09T02:36:17
/opt/airflow/dags/newyork_fhv_gold.py                                    1           0  0.18s           2026-05-09T02:36:16
/opt/airflow/dags/newyork_fhv_pipeline.py                                1           0  0.18s           2026-05-09T02:36:16
================================================================================
[2026-05-09T02:36:52.223+0000] {manager.py:878} INFO - 
================================================================================
DAG File Processing Stats

File Path                                       PID    Runtime      # DAGs    # Errors  Last Runtime    Last Run
----------------------------------------------  -----  ---------  --------  ----------  --------------  -------------------
/opt/airflow/dags/newyork_fhv_ingestion.py                               1           0  0.23s           2026-05-09T02:36:49
/opt/airflow/dags/newyork_fhv_quality_check.py                           1           0  0.16s           2026-05-09T02:36:48
/opt/airflow/dags/newyork_fhv_pipeline.py                                1           0  0.16s           2026-05-09T02:36:47
/opt/airflow/dags/newyork_fhv_gold.py                                    1           0  0.16s           2026-05-09T02:36:47
/opt/airflow/dags/newyork_fhv_silver.py                                  1           0  0.16s           2026-05-09T02:36:48
================================================================================
[2026-05-09T02:37:22.746+0000] {manager.py:878} INFO - 
================================================================================
DAG File Processing Stats

File Path                                       PID    Runtime      # DAGs    # Errors  Last Runtime    Last Run
----------------------------------------------  -----  ---------  --------  ----------  --------------  -------------------
/opt/airflow/dags/newyork_fhv_ingestion.py                               1           0  0.18s           2026-05-09T02:37:19
/opt/airflow/dags/newyork_fhv_silver.py                                  1           0  0.17s           2026-05-09T02:37:19
/opt/airflow/dags/newyork_fhv_quality_check.py                           1           0  0.17s           2026-05-09T02:37:19
/opt/airflow/dags/newyork_fhv_pipeline.py                                1           0  0.15s           2026-05-09T02:37:18
/opt/airflow/dags/newyork_fhv_gold.py                                    1           0  0.14s           2026-05-09T02:37:18
================================================================================
[2026-05-09T02:37:52.999+0000] {manager.py:878} INFO - 
================================================================================
DAG File Processing Stats

File Path                                       PID    Runtime      # DAGs    # Errors  Last Runtime    Last Run
----------------------------------------------  -----  ---------  --------  ----------  --------------  -------------------
/opt/airflow/dags/newyork_fhv_ingestion.py                               1           0  0.22s           2026-05-09T02:37:50
/opt/airflow/dags/newyork_fhv_pipeline.py                                1           0  0.18s           2026-05-09T02:37:49
/opt/airflow/dags/newyork_fhv_gold.py                                    1           0  0.18s           2026-05-09T02:37:49
/opt/airflow/dags/newyork_fhv_quality_check.py                           1           0  0.18s           2026-05-09T02:37:50
/opt/airflow/dags/newyork_fhv_silver.py                                  1           0  0.18s           2026-05-09T02:37:50
================================================================================
[2026-05-09T02:38:23.669+0000] {manager.py:878} INFO - 
================================================================================
DAG File Processing Stats

File Path                                       PID    Runtime      # DAGs    # Errors  Last Runtime    Last Run
----------------------------------------------  -----  ---------  --------  ----------  --------------  -------------------
/opt/airflow/dags/newyork_fhv_ingestion.py                               1           0  0.24s           2026-05-09T02:38:21
/opt/airflow/dags/newyork_fhv_pipeline.py                                1           0  0.18s           2026-05-09T02:38:20
/opt/airflow/dags/newyork_fhv_gold.py                                    1           0  0.17s           2026-05-09T02:38:20
/opt/airflow/dags/newyork_fhv_quality_check.py                           1           0  0.13s           2026-05-09T02:38:21
/opt/airflow/dags/newyork_fhv_silver.py                                  1           0  0.12s           2026-05-09T02:38:21
================================================================================
[2026-05-09T02:38:53.741+0000] {manager.py:878} INFO - 
================================================================================
DAG File Processing Stats

File Path                                       PID    Runtime      # DAGs    # Errors  Last Runtime    Last Run
----------------------------------------------  -----  ---------  --------  ----------  --------------  -------------------
/opt/airflow/dags/newyork_fhv_silver.py                                  1           0  0.21s           2026-05-09T02:38:52
/opt/airflow/dags/newyork_fhv_pipeline.py                                1           0  0.20s           2026-05-09T02:38:51
/opt/airflow/dags/newyork_fhv_gold.py                                    1           0  0.20s           2026-05-09T02:38:51
/opt/airflow/dags/newyork_fhv_quality_check.py                           1           0  0.19s           2026-05-09T02:38:52
/opt/airflow/dags/newyork_fhv_ingestion.py                               1           0  0.16s           2026-05-09T02:38:52
================================================================================
[2026-05-09T02:39:00.986+0000] {manager.py:737} INFO - Searching for files in /opt/airflow/dags
[2026-05-09T02:39:01.106+0000] {manager.py:740} INFO - There are 5 files in /opt/airflow/dags
[2026-05-09T02:39:23.963+0000] {manager.py:878} INFO - 
================================================================================
DAG File Processing Stats

File Path                                       PID    Runtime      # DAGs    # Errors  Last Runtime    Last Run
----------------------------------------------  -----  ---------  --------  ----------  --------------  -------------------
/opt/airflow/dags/newyork_fhv_silver.py                                  1           0  0.18s           2026-05-09T02:39:22
/opt/airflow/dags/newyork_fhv_quality_check.py                           1           0  0.17s           2026-05-09T02:39:22
/opt/airflow/dags/newyork_fhv_gold.py                                    1           0  0.16s           2026-05-09T02:39:21
/opt/airflow/dags/newyork_fhv_pipeline.py                                1           0  0.16s           2026-05-09T02:39:21
/opt/airflow/dags/newyork_fhv_ingestion.py                               1           0  0.12s           2026-05-09T02:39:23
================================================================================
[2026-05-09T02:39:53.998+0000] {manager.py:878} INFO - 
================================================================================
DAG File Processing Stats

File Path                                         PID  Runtime      # DAGs    # Errors  Last Runtime    Last Run
----------------------------------------------  -----  ---------  --------  ----------  --------------  -------------------
/opt/airflow/dags/newyork_fhv_gold.py                                    1           0  0.23s           2026-05-09T02:39:52
/opt/airflow/dags/newyork_fhv_pipeline.py                                1           0  0.21s           2026-05-09T02:39:52
/opt/airflow/dags/newyork_fhv_quality_check.py                           1           0  0.18s           2026-05-09T02:39:53
/opt/airflow/dags/newyork_fhv_silver.py                                  1           0  0.17s           2026-05-09T02:39:53
/opt/airflow/dags/newyork_fhv_ingestion.py       3472  0.01s             1           0  0.12s           2026-05-09T02:39:23
================================================================================
[2026-05-09T02:40:24.692+0000] {manager.py:878} INFO - 
================================================================================
DAG File Processing Stats

File Path                                         PID  Runtime      # DAGs    # Errors  Last Runtime    Last Run
----------------------------------------------  -----  ---------  --------  ----------  --------------  -------------------
/opt/airflow/dags/newyork_fhv_pipeline.py                                1           0  0.19s           2026-05-09T02:40:23
/opt/airflow/dags/newyork_fhv_gold.py                                    1           0  0.18s           2026-05-09T02:40:23
/opt/airflow/dags/newyork_fhv_quality_check.py   3482  0.01s             1           0  0.18s           2026-05-09T02:39:53
/opt/airflow/dags/newyork_fhv_silver.py          3481  0.03s             1           0  0.17s           2026-05-09T02:39:53
/opt/airflow/dags/newyork_fhv_ingestion.py                               1           0  0.17s           2026-05-09T02:39:54
================================================================================
[2026-05-09T02:40:55.684+0000] {manager.py:878} INFO - 
================================================================================
DAG File Processing Stats

File Path                                         PID  Runtime      # DAGs    # Errors  Last Runtime    Last Run
----------------------------------------------  -----  ---------  --------  ----------  --------------  -------------------
/opt/airflow/dags/newyork_fhv_ingestion.py                               1           0  0.22s           2026-05-09T02:40:25
/opt/airflow/dags/newyork_fhv_gold.py                                    1           0  0.17s           2026-05-09T02:40:54
/opt/airflow/dags/newyork_fhv_pipeline.py                                1           0  0.16s           2026-05-09T02:40:54
/opt/airflow/dags/newyork_fhv_quality_check.py   3493  0.01s             1           0  0.16s           2026-05-09T02:40:24
/opt/airflow/dags/newyork_fhv_silver.py          3492  0.04s             1           0  0.14s           2026-05-09T02:40:24
================================================================================
[2026-05-09T02:41:25.720+0000] {manager.py:878} INFO - 
================================================================================
DAG File Processing Stats

File Path                                         PID  Runtime      # DAGs    # Errors  Last Runtime    Last Run
----------------------------------------------  -----  ---------  --------  ----------  --------------  -------------------
/opt/airflow/dags/newyork_fhv_quality_check.py                           1           0  0.21s           2026-05-09T02:40:55
/opt/airflow/dags/newyork_fhv_gold.py                                    1           0  0.21s           2026-05-09T02:41:25
/opt/airflow/dags/newyork_fhv_ingestion.py                               1           0  0.21s           2026-05-09T02:40:56
/opt/airflow/dags/newyork_fhv_silver.py                                  1           0  0.20s           2026-05-09T02:40:55
/opt/airflow/dags/newyork_fhv_pipeline.py        3502  0.19s             1           0  0.16s           2026-05-09T02:40:54
================================================================================
[2026-05-09T02:41:56.498+0000] {manager.py:878} INFO - 
================================================================================
DAG File Processing Stats

File Path                                         PID  Runtime      # DAGs    # Errors  Last Runtime    Last Run
----------------------------------------------  -----  ---------  --------  ----------  --------------  -------------------
/opt/airflow/dags/newyork_fhv_gold.py            3511  0.03s             1           0  0.21s           2026-05-09T02:41:25
/opt/airflow/dags/newyork_fhv_pipeline.py        3512  0.01s             1           0  0.20s           2026-05-09T02:41:25
/opt/airflow/dags/newyork_fhv_ingestion.py                               1           0  0.19s           2026-05-09T02:41:27
/opt/airflow/dags/newyork_fhv_quality_check.py                           1           0  0.15s           2026-05-09T02:41:26
/opt/airflow/dags/newyork_fhv_silver.py                                  1           0  0.15s           2026-05-09T02:41:26
================================================================================
[2026-05-09T02:42:26.610+0000] {manager.py:878} INFO - 
================================================================================
DAG File Processing Stats

File Path                                       PID    Runtime      # DAGs    # Errors  Last Runtime    Last Run
----------------------------------------------  -----  ---------  --------  ----------  --------------  -------------------
/opt/airflow/dags/newyork_fhv_ingestion.py                               1           0  0.21s           2026-05-09T02:41:58
/opt/airflow/dags/newyork_fhv_pipeline.py                                1           0  0.18s           2026-05-09T02:41:56
/opt/airflow/dags/newyork_fhv_gold.py                                    1           0  0.17s           2026-05-09T02:41:56
/opt/airflow/dags/newyork_fhv_silver.py                                  1           0  0.17s           2026-05-09T02:41:57
/opt/airflow/dags/newyork_fhv_quality_check.py                           1           0  0.17s           2026-05-09T02:41:57
================================================================================
[2026-05-09T02:42:57.338+0000] {manager.py:878} INFO - 
================================================================================
DAG File Processing Stats

File Path                                       PID    Runtime      # DAGs    # Errors  Last Runtime    Last Run
----------------------------------------------  -----  ---------  --------  ----------  --------------  -------------------
/opt/airflow/dags/newyork_fhv_ingestion.py                               1           0  0.21s           2026-05-09T02:42:29
/opt/airflow/dags/newyork_fhv_gold.py                                    1           0  0.16s           2026-05-09T02:42:27
/opt/airflow/dags/newyork_fhv_pipeline.py                                1           0  0.16s           2026-05-09T02:42:27
/opt/airflow/dags/newyork_fhv_quality_check.py                           1           0  0.14s           2026-05-09T02:42:28
/opt/airflow/dags/newyork_fhv_silver.py                                  1           0  0.14s           2026-05-09T02:42:28
================================================================================
[2026-05-09T02:43:27.503+0000] {manager.py:878} INFO - 
================================================================================
DAG File Processing Stats

File Path                                       PID    Runtime      # DAGs    # Errors  Last Runtime    Last Run
----------------------------------------------  -----  ---------  --------  ----------  --------------  -------------------
/opt/airflow/dags/newyork_fhv_silver.py                                  1           0  0.19s           2026-05-09T02:42:59
/opt/airflow/dags/newyork_fhv_quality_check.py                           1           0  0.18s           2026-05-09T02:42:59
/opt/airflow/dags/newyork_fhv_gold.py                                    1           0  0.18s           2026-05-09T02:42:58
/opt/airflow/dags/newyork_fhv_pipeline.py                                1           0  0.18s           2026-05-09T02:42:58
/opt/airflow/dags/newyork_fhv_ingestion.py                               1           0  0.16s           2026-05-09T02:42:59
================================================================================
[2026-05-09T02:43:58.016+0000] {manager.py:878} INFO - 
================================================================================
DAG File Processing Stats

File Path                                       PID    Runtime      # DAGs    # Errors  Last Runtime    Last Run
----------------------------------------------  -----  ---------  --------  ----------  --------------  -------------------
/opt/airflow/dags/newyork_fhv_pipeline.py                                1           0  0.21s           2026-05-09T02:43:29
/opt/airflow/dags/newyork_fhv_gold.py                                    1           0  0.18s           2026-05-09T02:43:29
/opt/airflow/dags/newyork_fhv_ingestion.py                               1           0  0.16s           2026-05-09T02:43:30
/opt/airflow/dags/newyork_fhv_quality_check.py                           1           0  0.14s           2026-05-09T02:43:30
/opt/airflow/dags/newyork_fhv_silver.py                                  1           0  0.13s           2026-05-09T02:43:30
================================================================================
[2026-05-09T02:44:01.180+0000] {manager.py:737} INFO - Searching for files in /opt/airflow/dags
[2026-05-09T02:44:01.301+0000] {manager.py:740} INFO - There are 5 files in /opt/airflow/dags
[2026-05-09T02:44:28.122+0000] {manager.py:878} INFO - 
================================================================================
DAG File Processing Stats

File Path                                       PID    Runtime      # DAGs    # Errors  Last Runtime    Last Run
----------------------------------------------  -----  ---------  --------  ----------  --------------  -------------------
/opt/airflow/dags/newyork_fhv_ingestion.py                               1           0  0.17s           2026-05-09T02:44:01
/opt/airflow/dags/newyork_fhv_pipeline.py                                1           0  0.16s           2026-05-09T02:44:00
/opt/airflow/dags/newyork_fhv_gold.py                                    1           0  0.15s           2026-05-09T02:44:00
/opt/airflow/dags/newyork_fhv_quality_check.py                           1           0  0.13s           2026-05-09T02:44:01
/opt/airflow/dags/newyork_fhv_silver.py                                  1           0  0.12s           2026-05-09T02:44:01
================================================================================
[2026-05-09T02:44:58.577+0000] {manager.py:878} INFO - 
================================================================================
DAG File Processing Stats

File Path                                       PID    Runtime      # DAGs    # Errors  Last Runtime    Last Run
----------------------------------------------  -----  ---------  --------  ----------  --------------  -------------------
/opt/airflow/dags/newyork_fhv_ingestion.py                               1           0  0.19s           2026-05-09T02:44:32
/opt/airflow/dags/newyork_fhv_pipeline.py                                1           0  0.17s           2026-05-09T02:44:31
/opt/airflow/dags/newyork_fhv_gold.py                                    1           0  0.14s           2026-05-09T02:44:31
/opt/airflow/dags/newyork_fhv_quality_check.py                           1           0  0.12s           2026-05-09T02:44:32
/opt/airflow/dags/newyork_fhv_silver.py                                  1           0  0.12s           2026-05-09T02:44:32
================================================================================
[2026-05-09T02:45:28.584+0000] {manager.py:878} INFO - 
================================================================================
DAG File Processing Stats

File Path                                       PID    Runtime      # DAGs    # Errors  Last Runtime    Last Run
----------------------------------------------  -----  ---------  --------  ----------  --------------  -------------------
/opt/airflow/dags/newyork_fhv_quality_check.py                           1           0  0.18s           2026-05-09T02:45:03
/opt/airflow/dags/newyork_fhv_silver.py                                  1           0  0.18s           2026-05-09T02:45:03
/opt/airflow/dags/newyork_fhv_ingestion.py                               1           0  0.15s           2026-05-09T02:45:03
/opt/airflow/dags/newyork_fhv_pipeline.py                                1           0  0.14s           2026-05-09T02:45:01
/opt/airflow/dags/newyork_fhv_gold.py                                    1           0  0.13s           2026-05-09T02:45:01
================================================================================
[2026-05-09T02:45:58.673+0000] {manager.py:878} INFO - 
================================================================================
DAG File Processing Stats

File Path                                       PID    Runtime      # DAGs    # Errors  Last Runtime    Last Run
----------------------------------------------  -----  ---------  --------  ----------  --------------  -------------------
/opt/airflow/dags/newyork_fhv_ingestion.py                               1           0  0.20s           2026-05-09T02:45:34
/opt/airflow/dags/newyork_fhv_pipeline.py                                1           0  0.17s           2026-05-09T02:45:32
/opt/airflow/dags/newyork_fhv_quality_check.py                           1           0  0.16s           2026-05-09T02:45:34
/opt/airflow/dags/newyork_fhv_gold.py                                    1           0  0.16s           2026-05-09T02:45:32
/opt/airflow/dags/newyork_fhv_silver.py                                  1           0  0.16s           2026-05-09T02:45:34
================================================================================
[2026-05-09T02:46:29.487+0000] {manager.py:878} INFO - 
================================================================================
DAG File Processing Stats

File Path                                       PID    Runtime      # DAGs    # Errors  Last Runtime    Last Run
----------------------------------------------  -----  ---------  --------  ----------  --------------  -------------------
/opt/airflow/dags/newyork_fhv_quality_check.py                           1           0  0.20s           2026-05-09T02:46:04
/opt/airflow/dags/newyork_fhv_ingestion.py                               1           0  0.19s           2026-05-09T02:46:05
/opt/airflow/dags/newyork_fhv_silver.py                                  1           0  0.18s           2026-05-09T02:46:04
/opt/airflow/dags/newyork_fhv_pipeline.py                                1           0  0.17s           2026-05-09T02:46:03
/opt/airflow/dags/newyork_fhv_gold.py                                    1           0  0.14s           2026-05-09T02:46:03
================================================================================
[2026-05-09T02:46:59.612+0000] {manager.py:878} INFO - 
================================================================================
DAG File Processing Stats

File Path                                       PID    Runtime      # DAGs    # Errors  Last Runtime    Last Run
----------------------------------------------  -----  ---------  --------  ----------  --------------  -------------------
/opt/airflow/dags/newyork_fhv_ingestion.py                               1           0  0.23s           2026-05-09T02:46:36
/opt/airflow/dags/newyork_fhv_quality_check.py                           1           0  0.17s           2026-05-09T02:46:35
/opt/airflow/dags/newyork_fhv_silver.py                                  1           0  0.17s           2026-05-09T02:46:35
/opt/airflow/dags/newyork_fhv_pipeline.py                                1           0  0.16s           2026-05-09T02:46:34
/opt/airflow/dags/newyork_fhv_gold.py                                    1           0  0.16s           2026-05-09T02:46:34
================================================================================
[2026-05-09T02:47:30.406+0000] {manager.py:878} INFO - 
================================================================================
DAG File Processing Stats

File Path                                       PID    Runtime      # DAGs    # Errors  Last Runtime    Last Run
----------------------------------------------  -----  ---------  --------  ----------  --------------  -------------------
/opt/airflow/dags/newyork_fhv_ingestion.py                               1           0  0.22s           2026-05-09T02:47:07
/opt/airflow/dags/newyork_fhv_pipeline.py                                1           0  0.20s           2026-05-09T02:47:05
/opt/airflow/dags/newyork_fhv_gold.py                                    1           0  0.19s           2026-05-09T02:47:05
/opt/airflow/dags/newyork_fhv_quality_check.py                           1           0  0.17s           2026-05-09T02:47:06
/opt/airflow/dags/newyork_fhv_silver.py                                  1           0  0.17s           2026-05-09T02:47:06
================================================================================
[2026-05-09T02:48:00.495+0000] {manager.py:878} INFO - 
================================================================================
DAG File Processing Stats

File Path                                       PID    Runtime      # DAGs    # Errors  Last Runtime    Last Run
----------------------------------------------  -----  ---------  --------  ----------  --------------  -------------------
/opt/airflow/dags/newyork_fhv_ingestion.py                               1           0  0.19s           2026-05-09T02:47:38
/opt/airflow/dags/newyork_fhv_pipeline.py                                1           0  0.18s           2026-05-09T02:47:36
/opt/airflow/dags/newyork_fhv_gold.py                                    1           0  0.18s           2026-05-09T02:47:36
/opt/airflow/dags/newyork_fhv_quality_check.py                           1           0  0.15s           2026-05-09T02:47:37
/opt/airflow/dags/newyork_fhv_silver.py                                  1           0  0.15s           2026-05-09T02:47:37
================================================================================
[2026-05-09T02:48:31.181+0000] {manager.py:878} INFO - 
================================================================================
DAG File Processing Stats

File Path                                       PID    Runtime      # DAGs    # Errors  Last Runtime    Last Run
----------------------------------------------  -----  ---------  --------  ----------  --------------  -------------------
/opt/airflow/dags/newyork_fhv_pipeline.py                                1           0  0.16s           2026-05-09T02:48:07
/opt/airflow/dags/newyork_fhv_ingestion.py                               1           0  0.14s           2026-05-09T02:48:08
/opt/airflow/dags/newyork_fhv_quality_check.py                           1           0  0.14s           2026-05-09T02:48:08
/opt/airflow/dags/newyork_fhv_gold.py                                    1           0  0.14s           2026-05-09T02:48:07
/opt/airflow/dags/newyork_fhv_silver.py                                  1           0  0.12s           2026-05-09T02:48:08
================================================================================
[2026-05-09T02:49:01.214+0000] {manager.py:737} INFO - Searching for files in /opt/airflow/dags
[2026-05-09T02:49:01.377+0000] {manager.py:740} INFO - There are 5 files in /opt/airflow/dags
[2026-05-09T02:49:01.408+0000] {manager.py:878} INFO - 
================================================================================
DAG File Processing Stats

File Path                                       PID    Runtime      # DAGs    # Errors  Last Runtime    Last Run
----------------------------------------------  -----  ---------  --------  ----------  --------------  -------------------
/opt/airflow/dags/newyork_fhv_pipeline.py                                1           0  0.19s           2026-05-09T02:48:38
/opt/airflow/dags/newyork_fhv_gold.py                                    1           0  0.18s           2026-05-09T02:48:38
/opt/airflow/dags/newyork_fhv_silver.py                                  1           0  0.16s           2026-05-09T02:48:39
/opt/airflow/dags/newyork_fhv_quality_check.py                           1           0  0.16s           2026-05-09T02:48:39
/opt/airflow/dags/newyork_fhv_ingestion.py                               1           0  0.15s           2026-05-09T02:48:39
================================================================================
[2026-05-09T02:49:31.452+0000] {manager.py:878} INFO - 
================================================================================
DAG File Processing Stats

File Path                                       PID    Runtime      # DAGs    # Errors  Last Runtime    Last Run
----------------------------------------------  -----  ---------  --------  ----------  --------------  -------------------
/opt/airflow/dags/newyork_fhv_gold.py                                    1           0  0.24s           2026-05-09T02:49:08
/opt/airflow/dags/newyork_fhv_ingestion.py                               1           0  0.21s           2026-05-09T02:49:10
/opt/airflow/dags/newyork_fhv_pipeline.py                                1           0  0.18s           2026-05-09T02:49:09
/opt/airflow/dags/newyork_fhv_quality_check.py                           1           0  0.18s           2026-05-09T02:49:10
/opt/airflow/dags/newyork_fhv_silver.py                                  1           0  0.17s           2026-05-09T02:49:10
================================================================================
[2026-05-09T02:50:02.287+0000] {manager.py:878} INFO - 
================================================================================
DAG File Processing Stats

File Path                                       PID    Runtime      # DAGs    # Errors  Last Runtime    Last Run
----------------------------------------------  -----  ---------  --------  ----------  --------------  -------------------
/opt/airflow/dags/newyork_fhv_ingestion.py                               1           0  0.18s           2026-05-09T02:49:41
/opt/airflow/dags/newyork_fhv_silver.py                                  1           0  0.17s           2026-05-09T02:49:40
/opt/airflow/dags/newyork_fhv_pipeline.py                                1           0  0.17s           2026-05-09T02:49:39
/opt/airflow/dags/newyork_fhv_quality_check.py                           1           0  0.16s           2026-05-09T02:49:40
/opt/airflow/dags/newyork_fhv_gold.py                                    1           0  0.15s           2026-05-09T02:49:39
================================================================================
[2026-05-09T02:50:32.394+0000] {manager.py:878} INFO - 
================================================================================
DAG File Processing Stats

File Path                                       PID    Runtime      # DAGs    # Errors  Last Runtime    Last Run
----------------------------------------------  -----  ---------  --------  ----------  --------------  -------------------
/opt/airflow/dags/newyork_fhv_gold.py                                    1           0  0.21s           2026-05-09T02:50:10
/opt/airflow/dags/newyork_fhv_ingestion.py                               1           0  0.20s           2026-05-09T02:50:12
/opt/airflow/dags/newyork_fhv_pipeline.py                                1           0  0.19s           2026-05-09T02:50:10
/opt/airflow/dags/newyork_fhv_quality_check.py                           1           0  0.18s           2026-05-09T02:50:11
/opt/airflow/dags/newyork_fhv_silver.py                                  1           0  0.17s           2026-05-09T02:50:11
================================================================================
[2026-05-09T02:51:03.142+0000] {manager.py:878} INFO - 
================================================================================
DAG File Processing Stats

File Path                                       PID    Runtime      # DAGs    # Errors  Last Runtime    Last Run
----------------------------------------------  -----  ---------  --------  ----------  --------------  -------------------
/opt/airflow/dags/newyork_fhv_pipeline.py                                1           0  0.19s           2026-05-09T02:50:41
/opt/airflow/dags/newyork_fhv_gold.py                                    1           0  0.19s           2026-05-09T02:50:41
/opt/airflow/dags/newyork_fhv_ingestion.py                               1           0  0.17s           2026-05-09T02:50:42
/opt/airflow/dags/newyork_fhv_silver.py                                  1           0  0.15s           2026-05-09T02:50:42
/opt/airflow/dags/newyork_fhv_quality_check.py                           1           0  0.15s           2026-05-09T02:50:42
================================================================================
[2026-05-09T02:51:33.227+0000] {manager.py:878} INFO - 
================================================================================
DAG File Processing Stats

File Path                                       PID    Runtime      # DAGs    # Errors  Last Runtime    Last Run
----------------------------------------------  -----  ---------  --------  ----------  --------------  -------------------
/opt/airflow/dags/newyork_fhv_ingestion.py                               1           0  0.20s           2026-05-09T02:51:13
/opt/airflow/dags/newyork_fhv_quality_check.py                           1           0  0.15s           2026-05-09T02:51:13
/opt/airflow/dags/newyork_fhv_silver.py                                  1           0  0.14s           2026-05-09T02:51:13
/opt/airflow/dags/newyork_fhv_pipeline.py                                1           0  0.14s           2026-05-09T02:51:12
/opt/airflow/dags/newyork_fhv_gold.py                                    1           0  0.13s           2026-05-09T02:51:12
================================================================================
[2026-05-09T02:52:04.016+0000] {manager.py:878} INFO - 
================================================================================
DAG File Processing Stats

File Path                                       PID    Runtime      # DAGs    # Errors  Last Runtime    Last Run
----------------------------------------------  -----  ---------  --------  ----------  --------------  -------------------
/opt/airflow/dags/newyork_fhv_pipeline.py                                1           0  0.21s           2026-05-09T02:51:43
/opt/airflow/dags/newyork_fhv_silver.py                                  1           0  0.20s           2026-05-09T02:51:44
/opt/airflow/dags/newyork_fhv_quality_check.py                           1           0  0.20s           2026-05-09T02:51:44
/opt/airflow/dags/newyork_fhv_ingestion.py                               1           0  0.20s           2026-05-09T02:51:44
/opt/airflow/dags/newyork_fhv_gold.py                                    1           0  0.20s           2026-05-09T02:51:43
================================================================================
[2026-05-09T02:52:34.216+0000] {manager.py:878} INFO - 
================================================================================
DAG File Processing Stats

File Path                                       PID    Runtime      # DAGs    # Errors  Last Runtime    Last Run
----------------------------------------------  -----  ---------  --------  ----------  --------------  -------------------
/opt/airflow/dags/newyork_fhv_pipeline.py                                1           0  0.23s           2026-05-09T02:52:13
/opt/airflow/dags/newyork_fhv_ingestion.py                               1           0  0.21s           2026-05-09T02:52:15
/opt/airflow/dags/newyork_fhv_quality_check.py                           1           0  0.19s           2026-05-09T02:52:14
/opt/airflow/dags/newyork_fhv_gold.py                                    1           0  0.17s           2026-05-09T02:52:13
/opt/airflow/dags/newyork_fhv_silver.py                                  1           0  0.15s           2026-05-09T02:52:14
================================================================================
[2026-05-09T02:53:04.443+0000] {manager.py:878} INFO - 
================================================================================
DAG File Processing Stats

File Path                                       PID    Runtime      # DAGs    # Errors  Last Runtime    Last Run
----------------------------------------------  -----  ---------  --------  ----------  --------------  -------------------
/opt/airflow/dags/newyork_fhv_ingestion.py                               1           0  0.23s           2026-05-09T02:52:46
/opt/airflow/dags/newyork_fhv_gold.py                                    1           0  0.21s           2026-05-09T02:52:44
/opt/airflow/dags/newyork_fhv_pipeline.py                                1           0  0.20s           2026-05-09T02:52:44
/opt/airflow/dags/newyork_fhv_silver.py                                  1           0  0.17s           2026-05-09T02:52:45
/opt/airflow/dags/newyork_fhv_quality_check.py                           1           0  0.17s           2026-05-09T02:52:45
================================================================================
[2026-05-09T02:53:35.167+0000] {manager.py:878} INFO - 
================================================================================
DAG File Processing Stats

File Path                                       PID    Runtime      # DAGs    # Errors  Last Runtime    Last Run
----------------------------------------------  -----  ---------  --------  ----------  --------------  -------------------
/opt/airflow/dags/newyork_fhv_silver.py                                  1           0  0.20s           2026-05-09T02:53:16
/opt/airflow/dags/newyork_fhv_quality_check.py                           1           0  0.20s           2026-05-09T02:53:16
/opt/airflow/dags/newyork_fhv_gold.py                                    1           0  0.19s           2026-05-09T02:53:15
/opt/airflow/dags/newyork_fhv_pipeline.py                                1           0  0.18s           2026-05-09T02:53:15
/opt/airflow/dags/newyork_fhv_ingestion.py                               1           0  0.16s           2026-05-09T02:53:17
================================================================================
[2026-05-09T02:54:01.251+0000] {manager.py:737} INFO - Searching for files in /opt/airflow/dags
[2026-05-09T02:54:01.441+0000] {manager.py:740} INFO - There are 5 files in /opt/airflow/dags
[2026-05-09T02:54:05.523+0000] {manager.py:878} INFO - 
================================================================================
DAG File Processing Stats

File Path                                       PID    Runtime      # DAGs    # Errors  Last Runtime    Last Run
----------------------------------------------  -----  ---------  --------  ----------  --------------  -------------------
/opt/airflow/dags/newyork_fhv_pipeline.py                                1           0  0.22s           2026-05-09T02:53:46
/opt/airflow/dags/newyork_fhv_ingestion.py                               1           0  0.22s           2026-05-09T02:53:48
/opt/airflow/dags/newyork_fhv_gold.py                                    1           0  0.19s           2026-05-09T02:53:46
/opt/airflow/dags/newyork_fhv_quality_check.py                           1           0  0.15s           2026-05-09T02:53:47
/opt/airflow/dags/newyork_fhv_silver.py                                  1           0  0.14s           2026-05-09T02:53:47
================================================================================
[2026-05-09T02:54:35.694+0000] {manager.py:878} INFO - 
================================================================================
DAG File Processing Stats

File Path                                       PID    Runtime      # DAGs    # Errors  Last Runtime    Last Run
----------------------------------------------  -----  ---------  --------  ----------  --------------  -------------------
/opt/airflow/dags/newyork_fhv_ingestion.py                               1           0  0.21s           2026-05-09T02:54:18
/opt/airflow/dags/newyork_fhv_pipeline.py                                1           0  0.19s           2026-05-09T02:54:16
/opt/airflow/dags/newyork_fhv_gold.py                                    1           0  0.18s           2026-05-09T02:54:16
/opt/airflow/dags/newyork_fhv_quality_check.py                           1           0  0.17s           2026-05-09T02:54:18
/opt/airflow/dags/newyork_fhv_silver.py                                  1           0  0.16s           2026-05-09T02:54:18
================================================================================
[2026-05-09T02:55:06.395+0000] {manager.py:878} INFO - 
================================================================================
DAG File Processing Stats

File Path                                       PID    Runtime      # DAGs    # Errors  Last Runtime    Last Run
----------------------------------------------  -----  ---------  --------  ----------  --------------  -------------------
/opt/airflow/dags/newyork_fhv_ingestion.py                               1           0  0.19s           2026-05-09T02:54:49
/opt/airflow/dags/newyork_fhv_pipeline.py                                1           0  0.18s           2026-05-09T02:54:47
/opt/airflow/dags/newyork_fhv_gold.py                                    1           0  0.18s           2026-05-09T02:54:47
/opt/airflow/dags/newyork_fhv_quality_check.py                           1           0  0.17s           2026-05-09T02:54:49
/opt/airflow/dags/newyork_fhv_silver.py                                  1           0  0.15s           2026-05-09T02:54:49
================================================================================
[2026-05-09T02:55:37.155+0000] {manager.py:878} INFO - 
================================================================================
DAG File Processing Stats

File Path                                       PID    Runtime      # DAGs    # Errors  Last Runtime    Last Run
----------------------------------------------  -----  ---------  --------  ----------  --------------  -------------------
/opt/airflow/dags/newyork_fhv_gold.py                                    1           0  0.18s           2026-05-09T02:55:18
/opt/airflow/dags/newyork_fhv_silver.py                                  1           0  0.17s           2026-05-09T02:55:19
/opt/airflow/dags/newyork_fhv_pipeline.py                                1           0  0.17s           2026-05-09T02:55:18
/opt/airflow/dags/newyork_fhv_quality_check.py                           1           0  0.15s           2026-05-09T02:55:19
/opt/airflow/dags/newyork_fhv_ingestion.py                               1           0  0.14s           2026-05-09T02:55:19
================================================================================
[2026-05-09T02:56:07.266+0000] {manager.py:878} INFO - 
================================================================================
DAG File Processing Stats

File Path                                       PID    Runtime      # DAGs    # Errors  Last Runtime    Last Run
----------------------------------------------  -----  ---------  --------  ----------  --------------  -------------------
/opt/airflow/dags/newyork_fhv_ingestion.py                               1           0  0.21s           2026-05-09T02:55:50
/opt/airflow/dags/newyork_fhv_quality_check.py                           1           0  0.18s           2026-05-09T02:55:50
/opt/airflow/dags/newyork_fhv_gold.py                                    1           0  0.17s           2026-05-09T02:55:49
/opt/airflow/dags/newyork_fhv_pipeline.py                                1           0  0.17s           2026-05-09T02:55:49
/opt/airflow/dags/newyork_fhv_silver.py                                  1           0  0.17s           2026-05-09T02:55:50
================================================================================
[2026-05-09T02:56:37.977+0000] {manager.py:878} INFO - 
================================================================================
DAG File Processing Stats

File Path                                       PID    Runtime      # DAGs    # Errors  Last Runtime    Last Run
----------------------------------------------  -----  ---------  --------  ----------  --------------  -------------------
/opt/airflow/dags/newyork_fhv_gold.py                                    1           0  0.18s           2026-05-09T02:56:20
/opt/airflow/dags/newyork_fhv_pipeline.py                                1           0  0.18s           2026-05-09T02:56:20
/opt/airflow/dags/newyork_fhv_ingestion.py                               1           0  0.17s           2026-05-09T02:56:21
/opt/airflow/dags/newyork_fhv_quality_check.py                           1           0  0.15s           2026-05-09T02:56:21
/opt/airflow/dags/newyork_fhv_silver.py                                  1           0  0.14s           2026-05-09T02:56:21
================================================================================
[2026-05-09T02:57:08.105+0000] {manager.py:878} INFO - 
================================================================================
DAG File Processing Stats

File Path                                       PID    Runtime      # DAGs    # Errors  Last Runtime    Last Run
----------------------------------------------  -----  ---------  --------  ----------  --------------  -------------------
/opt/airflow/dags/newyork_fhv_pipeline.py                                1           0  0.25s           2026-05-09T02:56:51
/opt/airflow/dags/newyork_fhv_gold.py                                    1           0  0.22s           2026-05-09T02:56:51
/opt/airflow/dags/newyork_fhv_silver.py                                  1           0  0.17s           2026-05-09T02:56:52
/opt/airflow/dags/newyork_fhv_quality_check.py                           1           0  0.16s           2026-05-09T02:56:52
/opt/airflow/dags/newyork_fhv_ingestion.py                               1           0  0.15s           2026-05-09T02:56:52
================================================================================
[2026-05-09T02:57:38.173+0000] {manager.py:878} INFO - 
================================================================================
DAG File Processing Stats

File Path                                       PID    Runtime      # DAGs    # Errors  Last Runtime    Last Run
----------------------------------------------  -----  ---------  --------  ----------  --------------  -------------------
/opt/airflow/dags/newyork_fhv_pipeline.py                                1           0  0.21s           2026-05-09T02:57:22
/opt/airflow/dags/newyork_fhv_silver.py                                  1           0  0.21s           2026-05-09T02:57:23
/opt/airflow/dags/newyork_fhv_gold.py                                    1           0  0.21s           2026-05-09T02:57:22
/opt/airflow/dags/newyork_fhv_quality_check.py                           1           0  0.20s           2026-05-09T02:57:23
/opt/airflow/dags/newyork_fhv_ingestion.py                               1           0  0.15s           2026-05-09T02:57:23
================================================================================
[2026-05-09T02:58:08.191+0000] {manager.py:878} INFO - 
================================================================================
DAG File Processing Stats

File Path                                       PID    Runtime      # DAGs    # Errors  Last Runtime    Last Run
----------------------------------------------  -----  ---------  --------  ----------  --------------  -------------------
/opt/airflow/dags/newyork_fhv_pipeline.py                                1           0  0.22s           2026-05-09T02:57:53
/opt/airflow/dags/newyork_fhv_gold.py                                    1           0  0.22s           2026-05-09T02:57:53
/opt/airflow/dags/newyork_fhv_ingestion.py                               1           0  0.20s           2026-05-09T02:57:54
/opt/airflow/dags/newyork_fhv_quality_check.py                           1           0  0.14s           2026-05-09T02:57:54
/opt/airflow/dags/newyork_fhv_silver.py                                  1           0  0.13s           2026-05-09T02:57:54
================================================================================
[2026-05-09T02:58:38.275+0000] {manager.py:878} INFO - 
================================================================================
DAG File Processing Stats

File Path                                       PID    Runtime      # DAGs    # Errors  Last Runtime    Last Run
----------------------------------------------  -----  ---------  --------  ----------  --------------  -------------------
/opt/airflow/dags/newyork_fhv_silver.py                                  1           0  0.19s           2026-05-09T02:58:25
/opt/airflow/dags/newyork_fhv_quality_check.py                           1           0  0.19s           2026-05-09T02:58:25
/opt/airflow/dags/newyork_fhv_gold.py                                    1           0  0.18s           2026-05-09T02:58:24
/opt/airflow/dags/newyork_fhv_ingestion.py                               1           0  0.17s           2026-05-09T02:58:26
/opt/airflow/dags/newyork_fhv_pipeline.py                                1           0  0.17s           2026-05-09T02:58:24
================================================================================
[2026-05-09T02:59:01.906+0000] {manager.py:737} INFO - Searching for files in /opt/airflow/dags
[2026-05-09T02:59:02.068+0000] {manager.py:740} INFO - There are 5 files in /opt/airflow/dags
[2026-05-09T02:59:09.197+0000] {manager.py:878} INFO - 
================================================================================
DAG File Processing Stats

File Path                                       PID    Runtime      # DAGs    # Errors  Last Runtime    Last Run
----------------------------------------------  -----  ---------  --------  ----------  --------------  -------------------
/opt/airflow/dags/newyork_fhv_ingestion.py                               1           0  0.21s           2026-05-09T02:58:57
/opt/airflow/dags/newyork_fhv_pipeline.py                                1           0  0.18s           2026-05-09T02:58:55
/opt/airflow/dags/newyork_fhv_gold.py                                    1           0  0.17s           2026-05-09T02:58:55
/opt/airflow/dags/newyork_fhv_silver.py                                  1           0  0.17s           2026-05-09T02:58:56
/opt/airflow/dags/newyork_fhv_quality_check.py                           1           0  0.17s           2026-05-09T02:58:56
================================================================================
[2026-05-09T02:59:39.223+0000] {manager.py:878} INFO - 
================================================================================
DAG File Processing Stats

File Path                                       PID    Runtime      # DAGs    # Errors  Last Runtime    Last Run
----------------------------------------------  -----  ---------  --------  ----------  --------------  -------------------
/opt/airflow/dags/newyork_fhv_gold.py                                    1           0  0.19s           2026-05-09T02:59:26
/opt/airflow/dags/newyork_fhv_ingestion.py                               1           0  0.18s           2026-05-09T02:59:28
/opt/airflow/dags/newyork_fhv_pipeline.py                                1           0  0.18s           2026-05-09T02:59:26
/opt/airflow/dags/newyork_fhv_quality_check.py                           1           0  0.16s           2026-05-09T02:59:27
/opt/airflow/dags/newyork_fhv_silver.py                                  1           0  0.15s           2026-05-09T02:59:27
================================================================================
[2026-05-09T03:00:09.229+0000] {manager.py:878} INFO - 
================================================================================
DAG File Processing Stats

File Path                                       PID    Runtime      # DAGs    # Errors  Last Runtime    Last Run
----------------------------------------------  -----  ---------  --------  ----------  --------------  -------------------
/opt/airflow/dags/newyork_fhv_ingestion.py                               1           0  0.22s           2026-05-09T02:59:59
/opt/airflow/dags/newyork_fhv_silver.py                                  1           0  0.19s           2026-05-09T02:59:58
/opt/airflow/dags/newyork_fhv_quality_check.py                           1           0  0.19s           2026-05-09T02:59:58
/opt/airflow/dags/newyork_fhv_gold.py                                    1           0  0.14s           2026-05-09T02:59:57
/opt/airflow/dags/newyork_fhv_pipeline.py                                1           0  0.14s           2026-05-09T02:59:57
================================================================================
[2026-05-09T03:00:39.748+0000] {manager.py:878} INFO - 
================================================================================
DAG File Processing Stats

File Path                                       PID    Runtime      # DAGs    # Errors  Last Runtime    Last Run
----------------------------------------------  -----  ---------  --------  ----------  --------------  -------------------
/opt/airflow/dags/newyork_fhv_ingestion.py                               1           0  0.21s           2026-05-09T03:00:29
/opt/airflow/dags/newyork_fhv_gold.py                                    1           0  0.19s           2026-05-09T03:00:28
/opt/airflow/dags/newyork_fhv_pipeline.py                                1           0  0.19s           2026-05-09T03:00:28
/opt/airflow/dags/newyork_fhv_quality_check.py                           1           0  0.16s           2026-05-09T03:00:29
/opt/airflow/dags/newyork_fhv_silver.py                                  1           0  0.14s           2026-05-09T03:00:29
================================================================================
[2026-05-09T03:01:09.934+0000] {manager.py:878} INFO - 
================================================================================
DAG File Processing Stats

File Path                                       PID    Runtime      # DAGs    # Errors  Last Runtime    Last Run
----------------------------------------------  -----  ---------  --------  ----------  --------------  -------------------
/opt/airflow/dags/newyork_fhv_ingestion.py                               1           0  0.22s           2026-05-09T03:01:00
/opt/airflow/dags/newyork_fhv_gold.py                                    1           0  0.20s           2026-05-09T03:00:59
/opt/airflow/dags/newyork_fhv_pipeline.py                                1           0  0.19s           2026-05-09T03:00:59
/opt/airflow/dags/newyork_fhv_silver.py                                  1           0  0.16s           2026-05-09T03:01:00
/opt/airflow/dags/newyork_fhv_quality_check.py                           1           0  0.16s           2026-05-09T03:01:00
================================================================================
[2026-05-09T03:01:40.609+0000] {manager.py:878} INFO - 
================================================================================
DAG File Processing Stats

File Path                                       PID    Runtime      # DAGs    # Errors  Last Runtime    Last Run
----------------------------------------------  -----  ---------  --------  ----------  --------------  -------------------
/opt/airflow/dags/newyork_fhv_ingestion.py                               1           0  0.21s           2026-05-09T03:01:31
/opt/airflow/dags/newyork_fhv_quality_check.py                           1           0  0.18s           2026-05-09T03:01:31
/opt/airflow/dags/newyork_fhv_silver.py                                  1           0  0.18s           2026-05-09T03:01:31
/opt/airflow/dags/newyork_fhv_pipeline.py                                1           0  0.15s           2026-05-09T03:01:30
/opt/airflow/dags/newyork_fhv_gold.py                                    1           0  0.14s           2026-05-09T03:01:30
================================================================================
[2026-05-09T03:02:11.386+0000] {manager.py:878} INFO - 
================================================================================
DAG File Processing Stats

File Path                                       PID    Runtime      # DAGs    # Errors  Last Runtime    Last Run
----------------------------------------------  -----  ---------  --------  ----------  --------------  -------------------
/opt/airflow/dags/newyork_fhv_ingestion.py                               1           0  0.18s           2026-05-09T03:02:02
/opt/airflow/dags/newyork_fhv_quality_check.py                           1           0  0.17s           2026-05-09T03:02:02
/opt/airflow/dags/newyork_fhv_pipeline.py                                1           0  0.16s           2026-05-09T03:02:01
/opt/airflow/dags/newyork_fhv_silver.py                                  1           0  0.16s           2026-05-09T03:02:02
/opt/airflow/dags/newyork_fhv_gold.py                                    1           0  0.15s           2026-05-09T03:02:01
================================================================================
[2026-05-09T03:02:42.144+0000] {manager.py:878} INFO - 
================================================================================
DAG File Processing Stats

File Path                                       PID    Runtime      # DAGs    # Errors  Last Runtime    Last Run
----------------------------------------------  -----  ---------  --------  ----------  --------------  -------------------
/opt/airflow/dags/newyork_fhv_quality_check.py                           1           0  0.19s           2026-05-09T03:02:32
/opt/airflow/dags/newyork_fhv_silver.py                                  1           0  0.18s           2026-05-09T03:02:32
/opt/airflow/dags/newyork_fhv_pipeline.py                                1           0  0.18s           2026-05-09T03:02:31
/opt/airflow/dags/newyork_fhv_ingestion.py                               1           0  0.17s           2026-05-09T03:02:33
/opt/airflow/dags/newyork_fhv_gold.py                                    1           0  0.16s           2026-05-09T03:02:31
================================================================================
[2026-05-09T03:03:12.256+0000] {manager.py:878} INFO - 
================================================================================
DAG File Processing Stats

File Path                                       PID    Runtime      # DAGs    # Errors  Last Runtime    Last Run
----------------------------------------------  -----  ---------  --------  ----------  --------------  -------------------
/opt/airflow/dags/newyork_fhv_pipeline.py                                1           0  0.20s           2026-05-09T03:03:02
/opt/airflow/dags/newyork_fhv_gold.py                                    1           0  0.19s           2026-05-09T03:03:02
/opt/airflow/dags/newyork_fhv_quality_check.py                           1           0  0.19s           2026-05-09T03:03:03
/opt/airflow/dags/newyork_fhv_silver.py                                  1           0  0.18s           2026-05-09T03:03:03
/opt/airflow/dags/newyork_fhv_ingestion.py                               1           0  0.15s           2026-05-09T03:03:04
================================================================================
[2026-05-09T03:03:42.984+0000] {manager.py:878} INFO - 
================================================================================
DAG File Processing Stats

File Path                                       PID    Runtime      # DAGs    # Errors  Last Runtime    Last Run
----------------------------------------------  -----  ---------  --------  ----------  --------------  -------------------
/opt/airflow/dags/newyork_fhv_ingestion.py                               1           0  0.19s           2026-05-09T03:03:35
/opt/airflow/dags/newyork_fhv_gold.py                                    1           0  0.18s           2026-05-09T03:03:33
/opt/airflow/dags/newyork_fhv_silver.py                                  1           0  0.18s           2026-05-09T03:03:34
/opt/airflow/dags/newyork_fhv_quality_check.py                           1           0  0.17s           2026-05-09T03:03:34
/opt/airflow/dags/newyork_fhv_pipeline.py                                1           0  0.16s           2026-05-09T03:03:33
================================================================================
[2026-05-09T03:04:02.349+0000] {manager.py:737} INFO - Searching for files in /opt/airflow/dags
[2026-05-09T03:04:02.463+0000] {manager.py:740} INFO - There are 5 files in /opt/airflow/dags
[2026-05-09T03:04:13.145+0000] {manager.py:878} INFO - 
================================================================================
DAG File Processing Stats

File Path                                       PID    Runtime      # DAGs    # Errors  Last Runtime    Last Run
----------------------------------------------  -----  ---------  --------  ----------  --------------  -------------------
/opt/airflow/dags/newyork_fhv_silver.py                                  1           0  0.23s           2026-05-09T03:04:05
/opt/airflow/dags/newyork_fhv_quality_check.py                           1           0  0.22s           2026-05-09T03:04:06
/opt/airflow/dags/newyork_fhv_ingestion.py                               1           0  0.21s           2026-05-09T03:04:06
/opt/airflow/dags/newyork_fhv_pipeline.py                                1           0  0.16s           2026-05-09T03:04:04
/opt/airflow/dags/newyork_fhv_gold.py                                    1           0  0.16s           2026-05-09T03:04:04
================================================================================
[2026-05-09T03:04:43.286+0000] {manager.py:878} INFO - 
================================================================================
DAG File Processing Stats

File Path                                       PID    Runtime      # DAGs    # Errors  Last Runtime    Last Run
----------------------------------------------  -----  ---------  --------  ----------  --------------  -------------------
/opt/airflow/dags/newyork_fhv_ingestion.py                               1           0  0.22s           2026-05-09T03:04:37
/opt/airflow/dags/newyork_fhv_silver.py                                  1           0  0.21s           2026-05-09T03:04:36
/opt/airflow/dags/newyork_fhv_quality_check.py                           1           0  0.20s           2026-05-09T03:04:36
/opt/airflow/dags/newyork_fhv_pipeline.py                                1           0  0.17s           2026-05-09T03:04:35
/opt/airflow/dags/newyork_fhv_gold.py                                    1           0  0.16s           2026-05-09T03:04:35
================================================================================
[2026-05-09T03:05:13.384+0000] {manager.py:878} INFO - 
================================================================================
DAG File Processing Stats

File Path                                       PID    Runtime      # DAGs    # Errors  Last Runtime    Last Run
----------------------------------------------  -----  ---------  --------  ----------  --------------  -------------------
/opt/airflow/dags/newyork_fhv_silver.py                                  1           0  0.23s           2026-05-09T03:05:07
/opt/airflow/dags/newyork_fhv_pipeline.py                                1           0  0.18s           2026-05-09T03:05:05
/opt/airflow/dags/newyork_fhv_gold.py                                    1           0  0.18s           2026-05-09T03:05:05
/opt/airflow/dags/newyork_fhv_quality_check.py                           1           0  0.16s           2026-05-09T03:05:07
/opt/airflow/dags/newyork_fhv_ingestion.py                               1           0  0.15s           2026-05-09T03:05:07
================================================================================
[2026-05-09T03:05:43.452+0000] {manager.py:878} INFO - 
================================================================================
DAG File Processing Stats

File Path                                       PID    Runtime      # DAGs    # Errors  Last Runtime    Last Run
----------------------------------------------  -----  ---------  --------  ----------  --------------  -------------------
/opt/airflow/dags/newyork_fhv_gold.py                                    1           0  0.19s           2026-05-09T03:05:36
/opt/airflow/dags/newyork_fhv_pipeline.py                                1           0  0.19s           2026-05-09T03:05:37
/opt/airflow/dags/newyork_fhv_quality_check.py                           1           0  0.17s           2026-05-09T03:05:38
/opt/airflow/dags/newyork_fhv_silver.py                                  1           0  0.17s           2026-05-09T03:05:38
/opt/airflow/dags/newyork_fhv_ingestion.py                               1           0  0.15s           2026-05-09T03:05:38
================================================================================
[2026-05-09T03:06:13.499+0000] {manager.py:878} INFO - 
================================================================================
DAG File Processing Stats

File Path                                       PID    Runtime      # DAGs    # Errors  Last Runtime    Last Run
----------------------------------------------  -----  ---------  --------  ----------  --------------  -------------------
/opt/airflow/dags/newyork_fhv_pipeline.py                                1           0  0.22s           2026-05-09T03:06:08
/opt/airflow/dags/newyork_fhv_gold.py                                    1           0  0.20s           2026-05-09T03:06:08
/opt/airflow/dags/newyork_fhv_silver.py                                  1           0  0.18s           2026-05-09T03:06:09
/opt/airflow/dags/newyork_fhv_quality_check.py                           1           0  0.17s           2026-05-09T03:06:09
/opt/airflow/dags/newyork_fhv_ingestion.py                               1           0  0.14s           2026-05-09T03:06:09
================================================================================
[2026-05-09T03:06:43.502+0000] {manager.py:878} INFO - 
================================================================================
DAG File Processing Stats

File Path                                       PID    Runtime      # DAGs    # Errors  Last Runtime    Last Run
----------------------------------------------  -----  ---------  --------  ----------  --------------  -------------------
/opt/airflow/dags/newyork_fhv_ingestion.py                               1           0  0.20s           2026-05-09T03:06:40
/opt/airflow/dags/newyork_fhv_gold.py                                    1           0  0.18s           2026-05-09T03:06:39
/opt/airflow/dags/newyork_fhv_pipeline.py                                1           0  0.18s           2026-05-09T03:06:39
/opt/airflow/dags/newyork_fhv_quality_check.py                           1           0  0.14s           2026-05-09T03:06:40
/opt/airflow/dags/newyork_fhv_silver.py                                  1           0  0.11s           2026-05-09T03:06:40
================================================================================
[2026-05-09T03:07:13.560+0000] {manager.py:878} INFO - 
================================================================================
DAG File Processing Stats

File Path                                       PID    Runtime      # DAGs    # Errors  Last Runtime    Last Run
----------------------------------------------  -----  ---------  --------  ----------  --------------  -------------------
/opt/airflow/dags/newyork_fhv_quality_check.py                           1           0  0.44s           2026-05-09T03:07:11
/opt/airflow/dags/newyork_fhv_silver.py                                  1           0  0.40s           2026-05-09T03:07:11
/opt/airflow/dags/newyork_fhv_ingestion.py                               1           0  0.17s           2026-05-09T03:07:11
/opt/airflow/dags/newyork_fhv_pipeline.py                                1           0  0.16s           2026-05-09T03:07:09
/opt/airflow/dags/newyork_fhv_gold.py                                    1           0  0.16s           2026-05-09T03:07:09
================================================================================
[2026-05-09T03:07:43.667+0000] {manager.py:878} INFO - 
================================================================================
DAG File Processing Stats

File Path                                       PID    Runtime      # DAGs    # Errors  Last Runtime    Last Run
----------------------------------------------  -----  ---------  --------  ----------  --------------  -------------------
/opt/airflow/dags/newyork_fhv_ingestion.py                               1           0  0.20s           2026-05-09T03:07:42
/opt/airflow/dags/newyork_fhv_quality_check.py                           1           0  0.18s           2026-05-09T03:07:42
/opt/airflow/dags/newyork_fhv_silver.py                                  1           0  0.18s           2026-05-09T03:07:42
/opt/airflow/dags/newyork_fhv_pipeline.py                                1           0  0.15s           2026-05-09T03:07:40
/opt/airflow/dags/newyork_fhv_gold.py                                    1           0  0.14s           2026-05-09T03:07:40
================================================================================
[2026-05-09T03:08:14.219+0000] {manager.py:878} INFO - 
================================================================================
DAG File Processing Stats

File Path                                       PID    Runtime      # DAGs    # Errors  Last Runtime    Last Run
----------------------------------------------  -----  ---------  --------  ----------  --------------  -------------------
/opt/airflow/dags/newyork_fhv_ingestion.py                               1           0  0.21s           2026-05-09T03:08:13
/opt/airflow/dags/newyork_fhv_silver.py                                  1           0  0.19s           2026-05-09T03:08:13
/opt/airflow/dags/newyork_fhv_quality_check.py                           1           0  0.19s           2026-05-09T03:08:13
/opt/airflow/dags/newyork_fhv_pipeline.py                                1           0  0.18s           2026-05-09T03:08:11
/opt/airflow/dags/newyork_fhv_gold.py                                    1           0  0.18s           2026-05-09T03:08:11
================================================================================
[2026-05-09T03:08:45.030+0000] {manager.py:878} INFO - 
================================================================================
DAG File Processing Stats

File Path                                       PID    Runtime      # DAGs    # Errors  Last Runtime    Last Run
----------------------------------------------  -----  ---------  --------  ----------  --------------  -------------------
/opt/airflow/dags/newyork_fhv_silver.py                                  1           0  0.20s           2026-05-09T03:08:43
/opt/airflow/dags/newyork_fhv_quality_check.py                           1           0  0.20s           2026-05-09T03:08:44
/opt/airflow/dags/newyork_fhv_ingestion.py                               1           0  0.17s           2026-05-09T03:08:44
/opt/airflow/dags/newyork_fhv_pipeline.py                                1           0  0.16s           2026-05-09T03:08:41
/opt/airflow/dags/newyork_fhv_gold.py                                    1           0  0.15s           2026-05-09T03:08:41
================================================================================
[2026-05-09T03:09:02.448+0000] {manager.py:737} INFO - Searching for files in /opt/airflow/dags
[2026-05-09T03:09:02.610+0000] {manager.py:740} INFO - There are 5 files in /opt/airflow/dags
[2026-05-09T03:09:15.133+0000] {manager.py:878} INFO - 
================================================================================
DAG File Processing Stats

File Path                                       PID    Runtime      # DAGs    # Errors  Last Runtime    Last Run
----------------------------------------------  -----  ---------  --------  ----------  --------------  -------------------
/opt/airflow/dags/newyork_fhv_silver.py                                  1           0  0.18s           2026-05-09T03:09:14
/opt/airflow/dags/newyork_fhv_gold.py                                    1           0  0.18s           2026-05-09T03:09:12
/opt/airflow/dags/newyork_fhv_pipeline.py                                1           0  0.17s           2026-05-09T03:09:12
/opt/airflow/dags/newyork_fhv_ingestion.py                               1           0  0.17s           2026-05-09T03:09:15
/opt/airflow/dags/newyork_fhv_quality_check.py                           1           0  0.17s           2026-05-09T03:09:14
================================================================================
[2026-05-09T03:09:45.718+0000] {manager.py:878} INFO - 
================================================================================
DAG File Processing Stats

File Path                                         PID  Runtime      # DAGs    # Errors  Last Runtime    Last Run
----------------------------------------------  -----  ---------  --------  ----------  --------------  -------------------
/opt/airflow/dags/newyork_fhv_silver.py          4114  0.04s             1           0  0.18s           2026-05-09T03:09:14
/opt/airflow/dags/newyork_fhv_ingestion.py                               1           0  0.17s           2026-05-09T03:09:15
/opt/airflow/dags/newyork_fhv_quality_check.py   4115  0.01s             1           0  0.17s           2026-05-09T03:09:14
/opt/airflow/dags/newyork_fhv_pipeline.py                                1           0  0.15s           2026-05-09T03:09:43
/opt/airflow/dags/newyork_fhv_gold.py                                    1           0  0.14s           2026-05-09T03:09:43
================================================================================
[2026-05-09T03:10:16.644+0000] {manager.py:878} INFO - 
================================================================================
DAG File Processing Stats

File Path                                         PID  Runtime      # DAGs    # Errors  Last Runtime    Last Run
----------------------------------------------  -----  ---------  --------  ----------  --------------  -------------------
/opt/airflow/dags/newyork_fhv_ingestion.py                               1           0  0.22s           2026-05-09T03:09:46
/opt/airflow/dags/newyork_fhv_pipeline.py                                1           0  0.18s           2026-05-09T03:10:14
/opt/airflow/dags/newyork_fhv_gold.py                                    1           0  0.17s           2026-05-09T03:10:14
/opt/airflow/dags/newyork_fhv_quality_check.py   4126  0.01s             1           0  0.17s           2026-05-09T03:09:45
/opt/airflow/dags/newyork_fhv_silver.py          4125  0.03s             1           0  0.15s           2026-05-09T03:09:45
================================================================================
[2026-05-09T03:10:47.547+0000] {manager.py:878} INFO - 
================================================================================
DAG File Processing Stats

File Path                                         PID  Runtime      # DAGs    # Errors  Last Runtime    Last Run
----------------------------------------------  -----  ---------  --------  ----------  --------------  -------------------
/opt/airflow/dags/newyork_fhv_ingestion.py                               1           0  0.22s           2026-05-09T03:10:16
/opt/airflow/dags/newyork_fhv_pipeline.py                                1           0  0.15s           2026-05-09T03:10:45
/opt/airflow/dags/newyork_fhv_gold.py                                    1           0  0.14s           2026-05-09T03:10:45
/opt/airflow/dags/newyork_fhv_quality_check.py   4137  0.01s             1           0  0.14s           2026-05-09T03:10:16
/opt/airflow/dags/newyork_fhv_silver.py          4136  0.03s             1           0  0.13s           2026-05-09T03:10:16
================================================================================
[2026-05-09T03:11:18.383+0000] {manager.py:878} INFO - 
================================================================================
DAG File Processing Stats

File Path                                         PID  Runtime      # DAGs    # Errors  Last Runtime    Last Run
----------------------------------------------  -----  ---------  --------  ----------  --------------  -------------------
/opt/airflow/dags/newyork_fhv_ingestion.py                               1           0  0.20s           2026-05-09T03:10:47
/opt/airflow/dags/newyork_fhv_quality_check.py   4148  0.01s             1           0  0.18s           2026-05-09T03:10:47
/opt/airflow/dags/newyork_fhv_silver.py          4147  0.03s             1           0  0.18s           2026-05-09T03:10:47
/opt/airflow/dags/newyork_fhv_pipeline.py                                1           0  0.15s           2026-05-09T03:11:16
/opt/airflow/dags/newyork_fhv_gold.py                                    1           0  0.15s           2026-05-09T03:11:16
================================================================================
[2026-05-09T03:11:49.363+0000] {manager.py:878} INFO - 
================================================================================
DAG File Processing Stats

File Path                                         PID  Runtime      # DAGs    # Errors  Last Runtime    Last Run
----------------------------------------------  -----  ---------  --------  ----------  --------------  -------------------
/opt/airflow/dags/newyork_fhv_pipeline.py                                1           0  0.21s           2026-05-09T03:11:47
/opt/airflow/dags/newyork_fhv_gold.py                                    1           0  0.20s           2026-05-09T03:11:47
/opt/airflow/dags/newyork_fhv_ingestion.py                               1           0  0.17s           2026-05-09T03:11:18
/opt/airflow/dags/newyork_fhv_quality_check.py   4159  0.01s             1           0  0.16s           2026-05-09T03:11:18
/opt/airflow/dags/newyork_fhv_silver.py          4158  0.04s             1           0  0.15s           2026-05-09T03:11:18
================================================================================
[2026-05-09T03:12:20.354+0000] {manager.py:878} INFO - 
================================================================================
DAG File Processing Stats

File Path                                         PID  Runtime      # DAGs    # Errors  Last Runtime    Last Run
----------------------------------------------  -----  ---------  --------  ----------  --------------  -------------------
/opt/airflow/dags/newyork_fhv_quality_check.py   4170  0.01s             1           0  0.21s           2026-05-09T03:11:49
/opt/airflow/dags/newyork_fhv_silver.py          4169  0.03s             1           0  0.21s           2026-05-09T03:11:49
/opt/airflow/dags/newyork_fhv_ingestion.py                               1           0  0.20s           2026-05-09T03:11:49
/opt/airflow/dags/newyork_fhv_gold.py                                    1           0  0.17s           2026-05-09T03:12:18
/opt/airflow/dags/newyork_fhv_pipeline.py                                1           0  0.16s           2026-05-09T03:12:18
================================================================================
[2026-05-09T03:12:51.113+0000] {manager.py:878} INFO - 
================================================================================
DAG File Processing Stats

File Path                                         PID  Runtime      # DAGs    # Errors  Last Runtime    Last Run
----------------------------------------------  -----  ---------  --------  ----------  --------------  -------------------
/opt/airflow/dags/newyork_fhv_ingestion.py                               1           0  0.20s           2026-05-09T03:12:20
/opt/airflow/dags/newyork_fhv_silver.py          4180  0.03s             1           0  0.17s           2026-05-09T03:12:20
/opt/airflow/dags/newyork_fhv_quality_check.py   4181  0.01s             1           0  0.17s           2026-05-09T03:12:20
/opt/airflow/dags/newyork_fhv_pipeline.py                                1           0  0.15s           2026-05-09T03:12:49
/opt/airflow/dags/newyork_fhv_gold.py                                    1           0  0.15s           2026-05-09T03:12:49
================================================================================
[2026-05-09T03:13:22.003+0000] {manager.py:878} INFO - 
================================================================================
DAG File Processing Stats

File Path                                         PID  Runtime      # DAGs    # Errors  Last Runtime    Last Run
----------------------------------------------  -----  ---------  --------  ----------  --------------  -------------------
/opt/airflow/dags/newyork_fhv_pipeline.py                                1           0  0.17s           2026-05-09T03:13:19
/opt/airflow/dags/newyork_fhv_gold.py                                    1           0  0.17s           2026-05-09T03:13:19
/opt/airflow/dags/newyork_fhv_quality_check.py   4198  0.01s             1           0  0.16s           2026-05-09T03:12:51
/opt/airflow/dags/newyork_fhv_ingestion.py                               1           0  0.15s           2026-05-09T03:12:51
/opt/airflow/dags/newyork_fhv_silver.py          4197  0.02s             1           0  0.15s           2026-05-09T03:12:51
================================================================================
[2026-05-09T03:13:52.099+0000] {manager.py:878} INFO - 
================================================================================
DAG File Processing Stats

File Path                                       PID    Runtime      # DAGs    # Errors  Last Runtime    Last Run
----------------------------------------------  -----  ---------  --------  ----------  --------------  -------------------
/opt/airflow/dags/newyork_fhv_pipeline.py                                1           0  0.47s           2026-05-09T03:13:51
/opt/airflow/dags/newyork_fhv_gold.py                                    1           0  0.41s           2026-05-09T03:13:51
/opt/airflow/dags/newyork_fhv_ingestion.py                               1           0  0.14s           2026-05-09T03:13:22
/opt/airflow/dags/newyork_fhv_quality_check.py                           1           0  0.14s           2026-05-09T03:13:22
/opt/airflow/dags/newyork_fhv_silver.py                                  1           0  0.14s           2026-05-09T03:13:22
================================================================================
[2026-05-09T03:14:02.527+0000] {manager.py:737} INFO - Searching for files in /opt/airflow/dags
[2026-05-09T03:14:02.709+0000] {manager.py:740} INFO - There are 5 files in /opt/airflow/dags
[2026-05-09T03:14:22.273+0000] {manager.py:878} INFO - 
================================================================================
DAG File Processing Stats

File Path                                       PID    Runtime      # DAGs    # Errors  Last Runtime    Last Run
----------------------------------------------  -----  ---------  --------  ----------  --------------  -------------------
/opt/airflow/dags/newyork_fhv_quality_check.py                           1           0  0.16s           2026-05-09T03:13:52
/opt/airflow/dags/newyork_fhv_ingestion.py                               1           0  0.16s           2026-05-09T03:13:52
/opt/airflow/dags/newyork_fhv_pipeline.py                                1           0  0.15s           2026-05-09T03:14:21
/opt/airflow/dags/newyork_fhv_silver.py                                  1           0  0.14s           2026-05-09T03:13:52
/opt/airflow/dags/newyork_fhv_gold.py                                    1           0  0.13s           2026-05-09T03:14:21
================================================================================
[2026-05-09T03:14:52.557+0000] {manager.py:878} INFO - 
================================================================================
DAG File Processing Stats

File Path                                       PID    Runtime      # DAGs    # Errors  Last Runtime    Last Run
----------------------------------------------  -----  ---------  --------  ----------  --------------  -------------------
/opt/airflow/dags/newyork_fhv_pipeline.py                                1           0  0.22s           2026-05-09T03:14:51
/opt/airflow/dags/newyork_fhv_gold.py                                    1           0  0.18s           2026-05-09T03:14:51
/opt/airflow/dags/newyork_fhv_quality_check.py                           1           0  0.15s           2026-05-09T03:14:22
/opt/airflow/dags/newyork_fhv_ingestion.py                               1           0  0.15s           2026-05-09T03:14:22
/opt/airflow/dags/newyork_fhv_silver.py                                  1           0  0.14s           2026-05-09T03:14:22
================================================================================
[2026-05-09T03:15:22.795+0000] {manager.py:878} INFO - 
================================================================================
DAG File Processing Stats

File Path                                       PID    Runtime      # DAGs    # Errors  Last Runtime    Last Run
----------------------------------------------  -----  ---------  --------  ----------  --------------  -------------------
/opt/airflow/dags/newyork_fhv_ingestion.py                               1           0  0.28s           2026-05-09T03:14:53
/opt/airflow/dags/newyork_fhv_quality_check.py                           1           0  0.26s           2026-05-09T03:14:53
/opt/airflow/dags/newyork_fhv_silver.py                                  1           0  0.25s           2026-05-09T03:14:53
/opt/airflow/dags/newyork_fhv_pipeline.py                                1           0  0.21s           2026-05-09T03:15:21
/opt/airflow/dags/newyork_fhv_gold.py                                    1           0  0.17s           2026-05-09T03:15:21
================================================================================
[2026-05-09T03:15:53.623+0000] {manager.py:878} INFO - 
================================================================================
DAG File Processing Stats

File Path                                       PID    Runtime      # DAGs    # Errors  Last Runtime    Last Run
----------------------------------------------  -----  ---------  --------  ----------  --------------  -------------------
/opt/airflow/dags/newyork_fhv_ingestion.py                               1           0  0.22s           2026-05-09T03:15:24
/opt/airflow/dags/newyork_fhv_pipeline.py                                1           0  0.15s           2026-05-09T03:15:52
/opt/airflow/dags/newyork_fhv_gold.py                                    1           0  0.14s           2026-05-09T03:15:52
/opt/airflow/dags/newyork_fhv_silver.py                                  1           0  0.13s           2026-05-09T03:15:23
/opt/airflow/dags/newyork_fhv_quality_check.py                           1           0  0.13s           2026-05-09T03:15:23
================================================================================
[2026-05-09T03:16:24.588+0000] {manager.py:878} INFO - 
================================================================================
DAG File Processing Stats

File Path                                       PID    Runtime      # DAGs    # Errors  Last Runtime    Last Run
----------------------------------------------  -----  ---------  --------  ----------  --------------  -------------------
/opt/airflow/dags/newyork_fhv_quality_check.py                           1           0  0.20s           2026-05-09T03:15:54
/opt/airflow/dags/newyork_fhv_ingestion.py                               1           0  0.19s           2026-05-09T03:15:55
/opt/airflow/dags/newyork_fhv_silver.py                                  1           0  0.18s           2026-05-09T03:15:54
/opt/airflow/dags/newyork_fhv_gold.py                                    1           0  0.16s           2026-05-09T03:16:23
/opt/airflow/dags/newyork_fhv_pipeline.py                                1           0  0.15s           2026-05-09T03:16:23
================================================================================
[2026-05-09T03:16:55.540+0000] {manager.py:878} INFO - 
================================================================================
DAG File Processing Stats

File Path                                       PID    Runtime      # DAGs    # Errors  Last Runtime    Last Run
----------------------------------------------  -----  ---------  --------  ----------  --------------  -------------------
/opt/airflow/dags/newyork_fhv_silver.py                                  1           0  0.19s           2026-05-09T03:16:25
/opt/airflow/dags/newyork_fhv_ingestion.py                               1           0  0.19s           2026-05-09T03:16:26
/opt/airflow/dags/newyork_fhv_quality_check.py                           1           0  0.19s           2026-05-09T03:16:25
/opt/airflow/dags/newyork_fhv_pipeline.py                                1           0  0.19s           2026-05-09T03:16:54
/opt/airflow/dags/newyork_fhv_gold.py                                    1           0  0.19s           2026-05-09T03:16:54
================================================================================
[2026-05-09T03:17:26.536+0000] {manager.py:878} INFO - 
================================================================================
DAG File Processing Stats

File Path                                       PID    Runtime      # DAGs    # Errors  Last Runtime    Last Run
----------------------------------------------  -----  ---------  --------  ----------  --------------  -------------------
/opt/airflow/dags/newyork_fhv_ingestion.py                               1           0  0.24s           2026-05-09T03:16:57
/opt/airflow/dags/newyork_fhv_quality_check.py                           1           0  0.20s           2026-05-09T03:16:56
/opt/airflow/dags/newyork_fhv_silver.py                                  1           0  0.19s           2026-05-09T03:16:56
/opt/airflow/dags/newyork_fhv_gold.py                                    1           0  0.18s           2026-05-09T03:17:25
/opt/airflow/dags/newyork_fhv_pipeline.py                                1           0  0.18s           2026-05-09T03:17:25
================================================================================
[2026-05-09T03:17:57.331+0000] {manager.py:878} INFO - 
================================================================================
DAG File Processing Stats

File Path                                       PID    Runtime      # DAGs    # Errors  Last Runtime    Last Run
----------------------------------------------  -----  ---------  --------  ----------  --------------  -------------------
/opt/airflow/dags/newyork_fhv_ingestion.py                               1           0  0.22s           2026-05-09T03:17:28
/opt/airflow/dags/newyork_fhv_silver.py                                  1           0  0.19s           2026-05-09T03:17:27
/opt/airflow/dags/newyork_fhv_quality_check.py                           1           0  0.18s           2026-05-09T03:17:27
/opt/airflow/dags/newyork_fhv_gold.py                                    1           0  0.16s           2026-05-09T03:17:56
/opt/airflow/dags/newyork_fhv_pipeline.py                                1           0  0.16s           2026-05-09T03:17:56
================================================================================
[2026-05-09T03:18:28.269+0000] {manager.py:878} INFO - 
================================================================================
DAG File Processing Stats

File Path                                       PID    Runtime      # DAGs    # Errors  Last Runtime    Last Run
----------------------------------------------  -----  ---------  --------  ----------  --------------  -------------------
/opt/airflow/dags/newyork_fhv_ingestion.py                               1           0  0.21s           2026-05-09T03:17:58
/opt/airflow/dags/newyork_fhv_pipeline.py                                1           0  0.17s           2026-05-09T03:18:27
/opt/airflow/dags/newyork_fhv_gold.py                                    1           0  0.17s           2026-05-09T03:18:27
/opt/airflow/dags/newyork_fhv_quality_check.py                           1           0  0.15s           2026-05-09T03:17:58
/opt/airflow/dags/newyork_fhv_silver.py                                  1           0  0.15s           2026-05-09T03:17:58
================================================================================
[2026-05-09T03:18:59.237+0000] {manager.py:878} INFO - 
================================================================================
DAG File Processing Stats

File Path                                       PID    Runtime      # DAGs    # Errors  Last Runtime    Last Run
----------------------------------------------  -----  ---------  --------  ----------  --------------  -------------------
/opt/airflow/dags/newyork_fhv_pipeline.py                                1           0  0.20s           2026-05-09T03:18:58
/opt/airflow/dags/newyork_fhv_gold.py                                    1           0  0.20s           2026-05-09T03:18:58
/opt/airflow/dags/newyork_fhv_silver.py                                  1           0  0.17s           2026-05-09T03:18:29
/opt/airflow/dags/newyork_fhv_quality_check.py                           1           0  0.16s           2026-05-09T03:18:29
/opt/airflow/dags/newyork_fhv_ingestion.py                               1           0  0.16s           2026-05-09T03:18:29
================================================================================
[2026-05-09T03:19:02.736+0000] {manager.py:737} INFO - Searching for files in /opt/airflow/dags
[2026-05-09T03:19:02.983+0000] {manager.py:740} INFO - There are 5 files in /opt/airflow/dags
[2026-05-09T03:19:29.702+0000] {manager.py:878} INFO - 
================================================================================
DAG File Processing Stats

File Path                                       PID    Runtime      # DAGs    # Errors  Last Runtime    Last Run
----------------------------------------------  -----  ---------  --------  ----------  --------------  -------------------
/opt/airflow/dags/newyork_fhv_ingestion.py                               1           0  0.24s           2026-05-09T03:19:00
/opt/airflow/dags/newyork_fhv_pipeline.py                                1           0  0.17s           2026-05-09T03:19:28
/opt/airflow/dags/newyork_fhv_silver.py                                  1           0  0.16s           2026-05-09T03:19:00
/opt/airflow/dags/newyork_fhv_quality_check.py                           1           0  0.16s           2026-05-09T03:19:00
/opt/airflow/dags/newyork_fhv_gold.py                                    1           0  0.16s           2026-05-09T03:19:28
================================================================================
[2026-05-09T03:20:00.568+0000] {manager.py:878} INFO - 
================================================================================
DAG File Processing Stats

File Path                                       PID    Runtime      # DAGs    # Errors  Last Runtime    Last Run
----------------------------------------------  -----  ---------  --------  ----------  --------------  -------------------
/opt/airflow/dags/newyork_fhv_ingestion.py                               1           0  0.16s           2026-05-09T03:19:31
/opt/airflow/dags/newyork_fhv_pipeline.py                                1           0  0.15s           2026-05-09T03:19:59
/opt/airflow/dags/newyork_fhv_gold.py                                    1           0  0.14s           2026-05-09T03:19:59
/opt/airflow/dags/newyork_fhv_quality_check.py                           1           0  0.13s           2026-05-09T03:19:30
/opt/airflow/dags/newyork_fhv_silver.py                                  1           0  0.13s           2026-05-09T03:19:30
================================================================================
[2026-05-09T03:20:31.436+0000] {manager.py:878} INFO - 
================================================================================
DAG File Processing Stats

File Path                                       PID    Runtime      # DAGs    # Errors  Last Runtime    Last Run
----------------------------------------------  -----  ---------  --------  ----------  --------------  -------------------
/opt/airflow/dags/newyork_fhv_ingestion.py                               1           0  0.18s           2026-05-09T03:20:01
/opt/airflow/dags/newyork_fhv_silver.py                                  1           0  0.16s           2026-05-09T03:20:01
/opt/airflow/dags/newyork_fhv_quality_check.py                           1           0  0.16s           2026-05-09T03:20:01
/opt/airflow/dags/newyork_fhv_pipeline.py                                1           0  0.16s           2026-05-09T03:20:30
/opt/airflow/dags/newyork_fhv_gold.py                                    1           0  0.12s           2026-05-09T03:20:30
================================================================================
[2026-05-09T03:21:02.301+0000] {manager.py:878} INFO - 
================================================================================
DAG File Processing Stats

File Path                                       PID    Runtime      # DAGs    # Errors  Last Runtime    Last Run
----------------------------------------------  -----  ---------  --------  ----------  --------------  -------------------
/opt/airflow/dags/newyork_fhv_ingestion.py                               1           0  0.20s           2026-05-09T03:20:32
/opt/airflow/dags/newyork_fhv_pipeline.py                                1           0  0.17s           2026-05-09T03:21:01
/opt/airflow/dags/newyork_fhv_gold.py                                    1           0  0.16s           2026-05-09T03:21:01
/opt/airflow/dags/newyork_fhv_quality_check.py                           1           0  0.14s           2026-05-09T03:20:32
/opt/airflow/dags/newyork_fhv_silver.py                                  1           0  0.14s           2026-05-09T03:20:32
================================================================================
[2026-05-09T03:21:33.260+0000] {manager.py:878} INFO - 
================================================================================
DAG File Processing Stats

File Path                                       PID    Runtime      # DAGs    # Errors  Last Runtime    Last Run
----------------------------------------------  -----  ---------  --------  ----------  --------------  -------------------
/opt/airflow/dags/newyork_fhv_quality_check.py                           1           0  0.17s           2026-05-09T03:21:03
/opt/airflow/dags/newyork_fhv_pipeline.py                                1           0  0.16s           2026-05-09T03:21:32
/opt/airflow/dags/newyork_fhv_silver.py                                  1           0  0.16s           2026-05-09T03:21:03
/opt/airflow/dags/newyork_fhv_gold.py                                    1           0  0.15s           2026-05-09T03:21:32
/opt/airflow/dags/newyork_fhv_ingestion.py                               1           0  0.15s           2026-05-09T03:21:03
================================================================================
[2026-05-09T03:22:04.163+0000] {manager.py:878} INFO - 
================================================================================
DAG File Processing Stats

File Path                                       PID    Runtime      # DAGs    # Errors  Last Runtime    Last Run
----------------------------------------------  -----  ---------  --------  ----------  --------------  -------------------
/opt/airflow/dags/newyork_fhv_ingestion.py                               1           0  0.18s           2026-05-09T03:21:34
/opt/airflow/dags/newyork_fhv_gold.py                                    1           0  0.18s           2026-05-09T03:22:03
/opt/airflow/dags/newyork_fhv_pipeline.py                                1           0  0.17s           2026-05-09T03:22:03
/opt/airflow/dags/newyork_fhv_quality_check.py                           1           0  0.15s           2026-05-09T03:21:34
/opt/airflow/dags/newyork_fhv_silver.py                                  1           0  0.15s           2026-05-09T03:21:34
================================================================================
[2026-05-09T03:22:35.108+0000] {manager.py:878} INFO - 
================================================================================
DAG File Processing Stats

File Path                                       PID    Runtime      # DAGs    # Errors  Last Runtime    Last Run
----------------------------------------------  -----  ---------  --------  ----------  --------------  -------------------
/opt/airflow/dags/newyork_fhv_ingestion.py                               1           0  0.20s           2026-05-09T03:22:05
/opt/airflow/dags/newyork_fhv_quality_check.py                           1           0  0.18s           2026-05-09T03:22:05
/opt/airflow/dags/newyork_fhv_silver.py                                  1           0  0.18s           2026-05-09T03:22:05
/opt/airflow/dags/newyork_fhv_pipeline.py                                1           0  0.17s           2026-05-09T03:22:34
/opt/airflow/dags/newyork_fhv_gold.py                                    1           0  0.16s           2026-05-09T03:22:34
================================================================================
[2026-05-09T03:23:06.082+0000] {manager.py:878} INFO - 
================================================================================
DAG File Processing Stats

File Path                                       PID    Runtime      # DAGs    # Errors  Last Runtime    Last Run
----------------------------------------------  -----  ---------  --------  ----------  --------------  -------------------
/opt/airflow/dags/newyork_fhv_quality_check.py                           1           0  0.21s           2026-05-09T03:22:36
/opt/airflow/dags/newyork_fhv_ingestion.py                               1           0  0.21s           2026-05-09T03:22:36
/opt/airflow/dags/newyork_fhv_silver.py                                  1           0  0.20s           2026-05-09T03:22:36
/opt/airflow/dags/newyork_fhv_pipeline.py                                1           0  0.16s           2026-05-09T03:23:05
/opt/airflow/dags/newyork_fhv_gold.py                                    1           0  0.16s           2026-05-09T03:23:05
================================================================================
[2026-05-09T03:23:36.912+0000] {manager.py:878} INFO - 
================================================================================
DAG File Processing Stats

File Path                                       PID    Runtime      # DAGs    # Errors  Last Runtime    Last Run
----------------------------------------------  -----  ---------  --------  ----------  --------------  -------------------
/opt/airflow/dags/newyork_fhv_ingestion.py                               1           0  0.16s           2026-05-09T03:23:07
/opt/airflow/dags/newyork_fhv_quality_check.py                           1           0  0.15s           2026-05-09T03:23:07
/opt/airflow/dags/newyork_fhv_silver.py                                  1           0  0.15s           2026-05-09T03:23:07
/opt/airflow/dags/newyork_fhv_pipeline.py                                1           0  0.15s           2026-05-09T03:23:35
/opt/airflow/dags/newyork_fhv_gold.py                                    1           0  0.14s           2026-05-09T03:23:35
================================================================================
[2026-05-09T03:24:02.792+0000] {manager.py:737} INFO - Searching for files in /opt/airflow/dags
[2026-05-09T03:24:02.904+0000] {manager.py:740} INFO - There are 5 files in /opt/airflow/dags
[2026-05-09T03:24:07.174+0000] {manager.py:878} INFO - 
================================================================================
DAG File Processing Stats

File Path                                       PID    Runtime      # DAGs    # Errors  Last Runtime    Last Run
----------------------------------------------  -----  ---------  --------  ----------  --------------  -------------------
/opt/airflow/dags/newyork_fhv_silver.py                                  1           0  0.21s           2026-05-09T03:23:38
/opt/airflow/dags/newyork_fhv_quality_check.py                           1           0  0.21s           2026-05-09T03:23:38
/opt/airflow/dags/newyork_fhv_ingestion.py                               1           0  0.18s           2026-05-09T03:23:38
/opt/airflow/dags/newyork_fhv_gold.py                                    1           0  0.15s           2026-05-09T03:24:06
/opt/airflow/dags/newyork_fhv_pipeline.py                                1           0  0.15s           2026-05-09T03:24:06
================================================================================
[2026-05-09T03:24:37.185+0000] {manager.py:878} INFO - 
================================================================================
DAG File Processing Stats

File Path                                       PID    Runtime      # DAGs    # Errors  Last Runtime    Last Run
----------------------------------------------  -----  ---------  --------  ----------  --------------  -------------------
/opt/airflow/dags/newyork_fhv_gold.py                                    1           0  0.22s           2026-05-09T03:24:37
/opt/airflow/dags/newyork_fhv_pipeline.py                                1           0  0.22s           2026-05-09T03:24:37
/opt/airflow/dags/newyork_fhv_ingestion.py                               1           0  0.20s           2026-05-09T03:24:08
/opt/airflow/dags/newyork_fhv_silver.py                                  1           0  0.17s           2026-05-09T03:24:08
/opt/airflow/dags/newyork_fhv_quality_check.py                           1           0  0.16s           2026-05-09T03:24:08
================================================================================
[2026-05-09T03:25:07.935+0000] {manager.py:878} INFO - 
================================================================================
DAG File Processing Stats

File Path                                         PID  Runtime      # DAGs    # Errors  Last Runtime    Last Run
----------------------------------------------  -----  ---------  --------  ----------  --------------  -------------------
/opt/airflow/dags/newyork_fhv_gold.py            4450  0.03s             1           0  0.22s           2026-05-09T03:24:37
/opt/airflow/dags/newyork_fhv_pipeline.py        4451  0.01s             1           0  0.22s           2026-05-09T03:24:37
/opt/airflow/dags/newyork_fhv_ingestion.py                               1           0  0.19s           2026-05-09T03:24:39
/opt/airflow/dags/newyork_fhv_quality_check.py                           1           0  0.17s           2026-05-09T03:24:39
/opt/airflow/dags/newyork_fhv_silver.py                                  1           0  0.16s           2026-05-09T03:24:39
================================================================================
[2026-05-09T03:25:37.964+0000] {manager.py:878} INFO - 
================================================================================
DAG File Processing Stats

File Path                                       PID    Runtime      # DAGs    # Errors  Last Runtime    Last Run
----------------------------------------------  -----  ---------  --------  ----------  --------------  -------------------
/opt/airflow/dags/newyork_fhv_gold.py                                    1           0  0.22s           2026-05-09T03:25:08
/opt/airflow/dags/newyork_fhv_pipeline.py                                1           0  0.21s           2026-05-09T03:25:08
/opt/airflow/dags/newyork_fhv_ingestion.py                               1           0  0.20s           2026-05-09T03:25:10
/opt/airflow/dags/newyork_fhv_quality_check.py                           1           0  0.16s           2026-05-09T03:25:10
/opt/airflow/dags/newyork_fhv_silver.py                                  1           0  0.16s           2026-05-09T03:25:10
================================================================================
[2026-05-09T03:26:08.709+0000] {manager.py:878} INFO - 
================================================================================
DAG File Processing Stats

File Path                                       PID    Runtime      # DAGs    # Errors  Last Runtime    Last Run
----------------------------------------------  -----  ---------  --------  ----------  --------------  -------------------
/opt/airflow/dags/newyork_fhv_pipeline.py                                1           0  0.21s           2026-05-09T03:25:39
/opt/airflow/dags/newyork_fhv_gold.py                                    1           0  0.21s           2026-05-09T03:25:38
/opt/airflow/dags/newyork_fhv_ingestion.py                               1           0  0.20s           2026-05-09T03:25:41
/opt/airflow/dags/newyork_fhv_silver.py                                  1           0  0.16s           2026-05-09T03:25:41
/opt/airflow/dags/newyork_fhv_quality_check.py                           1           0  0.15s           2026-05-09T03:25:41
================================================================================
[2026-05-09T03:26:38.780+0000] {manager.py:878} INFO - 
================================================================================
DAG File Processing Stats

File Path                                       PID    Runtime      # DAGs    # Errors  Last Runtime    Last Run
----------------------------------------------  -----  ---------  --------  ----------  --------------  -------------------
/opt/airflow/dags/newyork_fhv_pipeline.py                                1           0  0.18s           2026-05-09T03:26:09
/opt/airflow/dags/newyork_fhv_gold.py                                    1           0  0.17s           2026-05-09T03:26:09
/opt/airflow/dags/newyork_fhv_ingestion.py                               1           0  0.17s           2026-05-09T03:26:12
/opt/airflow/dags/newyork_fhv_quality_check.py                           1           0  0.15s           2026-05-09T03:26:12
/opt/airflow/dags/newyork_fhv_silver.py                                  1           0  0.13s           2026-05-09T03:26:12
================================================================================
[2026-05-09T03:27:08.866+0000] {manager.py:878} INFO - 
================================================================================
DAG File Processing Stats

File Path                                       PID    Runtime      # DAGs    # Errors  Last Runtime    Last Run
----------------------------------------------  -----  ---------  --------  ----------  --------------  -------------------
/opt/airflow/dags/newyork_fhv_silver.py                                  1           0  0.21s           2026-05-09T03:26:43
/opt/airflow/dags/newyork_fhv_quality_check.py                           1           0  0.20s           2026-05-09T03:26:43
/opt/airflow/dags/newyork_fhv_ingestion.py                               1           0  0.20s           2026-05-09T03:26:43
/opt/airflow/dags/newyork_fhv_pipeline.py                                1           0  0.19s           2026-05-09T03:26:40
/opt/airflow/dags/newyork_fhv_gold.py                                    1           0  0.18s           2026-05-09T03:26:40
================================================================================
[2026-05-09T03:27:39.041+0000] {manager.py:878} INFO - 
================================================================================
DAG File Processing Stats

File Path                                       PID    Runtime      # DAGs    # Errors  Last Runtime    Last Run
----------------------------------------------  -----  ---------  --------  ----------  --------------  -------------------
/opt/airflow/dags/newyork_fhv_ingestion.py                               1           0  0.19s           2026-05-09T03:27:13
/opt/airflow/dags/newyork_fhv_pipeline.py                                1           0  0.19s           2026-05-09T03:27:11
/opt/airflow/dags/newyork_fhv_gold.py                                    1           0  0.18s           2026-05-09T03:27:11
/opt/airflow/dags/newyork_fhv_quality_check.py                           1           0  0.18s           2026-05-09T03:27:13
/opt/airflow/dags/newyork_fhv_silver.py                                  1           0  0.17s           2026-05-09T03:27:13
================================================================================
[2026-05-09T03:28:09.519+0000] {manager.py:878} INFO - 
================================================================================
DAG File Processing Stats

File Path                                       PID    Runtime      # DAGs    # Errors  Last Runtime    Last Run
----------------------------------------------  -----  ---------  --------  ----------  --------------  -------------------
/opt/airflow/dags/newyork_fhv_silver.py                                  1           0  0.23s           2026-05-09T03:27:43
/opt/airflow/dags/newyork_fhv_ingestion.py                               1           0  0.20s           2026-05-09T03:27:44
/opt/airflow/dags/newyork_fhv_pipeline.py                                1           0  0.18s           2026-05-09T03:27:41
/opt/airflow/dags/newyork_fhv_quality_check.py                           1           0  0.18s           2026-05-09T03:27:43
/opt/airflow/dags/newyork_fhv_gold.py                                    1           0  0.18s           2026-05-09T03:27:41
================================================================================
[2026-05-09T03:28:39.580+0000] {manager.py:878} INFO - 
================================================================================
DAG File Processing Stats

File Path                                       PID    Runtime      # DAGs    # Errors  Last Runtime    Last Run
----------------------------------------------  -----  ---------  --------  ----------  --------------  -------------------
/opt/airflow/dags/newyork_fhv_quality_check.py                           1           0  0.19s           2026-05-09T03:28:15
/opt/airflow/dags/newyork_fhv_ingestion.py                               1           0  0.19s           2026-05-09T03:28:15
/opt/airflow/dags/newyork_fhv_gold.py                                    1           0  0.19s           2026-05-09T03:28:11
/opt/airflow/dags/newyork_fhv_silver.py                                  1           0  0.18s           2026-05-09T03:28:13
/opt/airflow/dags/newyork_fhv_pipeline.py                                1           0  0.18s           2026-05-09T03:28:11
================================================================================
[2026-05-09T03:29:03.250+0000] {manager.py:737} INFO - Searching for files in /opt/airflow/dags
[2026-05-09T03:29:03.497+0000] {manager.py:740} INFO - There are 5 files in /opt/airflow/dags
[2026-05-09T03:29:09.634+0000] {manager.py:878} INFO - 
================================================================================
DAG File Processing Stats

File Path                                       PID    Runtime      # DAGs    # Errors  Last Runtime    Last Run
----------------------------------------------  -----  ---------  --------  ----------  --------------  -------------------
/opt/airflow/dags/newyork_fhv_silver.py                                  1           0  0.22s           2026-05-09T03:28:44
/opt/airflow/dags/newyork_fhv_quality_check.py                           1           0  0.18s           2026-05-09T03:28:45
/opt/airflow/dags/newyork_fhv_gold.py                                    1           0  0.17s           2026-05-09T03:28:42
/opt/airflow/dags/newyork_fhv_pipeline.py                                1           0  0.16s           2026-05-09T03:28:42
/opt/airflow/dags/newyork_fhv_ingestion.py                               1           0  0.15s           2026-05-09T03:28:45
================================================================================
[2026-05-09T03:29:39.915+0000] {manager.py:878} INFO - 
================================================================================
DAG File Processing Stats

File Path                                       PID    Runtime      # DAGs    # Errors  Last Runtime    Last Run
----------------------------------------------  -----  ---------  --------  ----------  --------------  -------------------
/opt/airflow/dags/newyork_fhv_quality_check.py                           1           0  0.19s           2026-05-09T03:29:16
/opt/airflow/dags/newyork_fhv_ingestion.py                               1           0  0.18s           2026-05-09T03:29:16
/opt/airflow/dags/newyork_fhv_silver.py                                  1           0  0.18s           2026-05-09T03:29:15
/opt/airflow/dags/newyork_fhv_gold.py                                    1           0  0.18s           2026-05-09T03:29:12
/opt/airflow/dags/newyork_fhv_pipeline.py                                1           0  0.18s           2026-05-09T03:29:12
================================================================================
[2026-05-09T03:30:09.991+0000] {manager.py:878} INFO - 
================================================================================
DAG File Processing Stats

File Path                                       PID    Runtime      # DAGs    # Errors  Last Runtime    Last Run
----------------------------------------------  -----  ---------  --------  ----------  --------------  -------------------
/opt/airflow/dags/newyork_fhv_pipeline.py                                1           0  0.24s           2026-05-09T03:29:43
/opt/airflow/dags/newyork_fhv_gold.py                                    1           0  0.22s           2026-05-09T03:29:43
/opt/airflow/dags/newyork_fhv_quality_check.py                           1           0  0.19s           2026-05-09T03:29:46
/opt/airflow/dags/newyork_fhv_ingestion.py                               1           0  0.17s           2026-05-09T03:29:46
/opt/airflow/dags/newyork_fhv_silver.py                                  1           0  0.17s           2026-05-09T03:29:45
================================================================================
[2026-05-09T03:30:40.344+0000] {manager.py:878} INFO - 
================================================================================
DAG File Processing Stats

File Path                                       PID    Runtime      # DAGs    # Errors  Last Runtime    Last Run
----------------------------------------------  -----  ---------  --------  ----------  --------------  -------------------
/opt/airflow/dags/newyork_fhv_quality_check.py                           1           0  0.31s           2026-05-09T03:30:17
/opt/airflow/dags/newyork_fhv_ingestion.py                               1           0  0.26s           2026-05-09T03:30:17
/opt/airflow/dags/newyork_fhv_silver.py                                  1           0  0.22s           2026-05-09T03:30:15
/opt/airflow/dags/newyork_fhv_pipeline.py                                1           0  0.20s           2026-05-09T03:30:13
/opt/airflow/dags/newyork_fhv_gold.py                                    1           0  0.20s           2026-05-09T03:30:13
================================================================================
[2026-05-09T03:31:10.505+0000] {manager.py:878} INFO - 
================================================================================
DAG File Processing Stats

File Path                                       PID    Runtime      # DAGs    # Errors  Last Runtime    Last Run
----------------------------------------------  -----  ---------  --------  ----------  --------------  -------------------
/opt/airflow/dags/newyork_fhv_quality_check.py                           1           0  0.21s           2026-05-09T03:30:48
/opt/airflow/dags/newyork_fhv_ingestion.py                               1           0  0.21s           2026-05-09T03:30:48
/opt/airflow/dags/newyork_fhv_gold.py                                    1           0  0.19s           2026-05-09T03:30:43
/opt/airflow/dags/newyork_fhv_pipeline.py                                1           0  0.18s           2026-05-09T03:30:44
/opt/airflow/dags/newyork_fhv_silver.py                                  1           0  0.13s           2026-05-09T03:30:46
================================================================================
[2026-05-09T03:31:41.392+0000] {manager.py:878} INFO - 
================================================================================
DAG File Processing Stats

File Path                                       PID    Runtime      # DAGs    # Errors  Last Runtime    Last Run
----------------------------------------------  -----  ---------  --------  ----------  --------------  -------------------
/opt/airflow/dags/newyork_fhv_quality_check.py                           1           0  0.20s           2026-05-09T03:31:19
/opt/airflow/dags/newyork_fhv_ingestion.py                               1           0  0.18s           2026-05-09T03:31:19
/opt/airflow/dags/newyork_fhv_silver.py                                  1           0  0.15s           2026-05-09T03:31:16
/opt/airflow/dags/newyork_fhv_gold.py                                    1           0  0.13s           2026-05-09T03:31:14
/opt/airflow/dags/newyork_fhv_pipeline.py                                1           0  0.13s           2026-05-09T03:31:14
================================================================================
[2026-05-09T03:32:12.167+0000] {manager.py:878} INFO - 
================================================================================
DAG File Processing Stats

File Path                                       PID    Runtime      # DAGs    # Errors  Last Runtime    Last Run
----------------------------------------------  -----  ---------  --------  ----------  --------------  -------------------
/opt/airflow/dags/newyork_fhv_silver.py                                  1           0  0.23s           2026-05-09T03:31:47
/opt/airflow/dags/newyork_fhv_pipeline.py                                1           0  0.15s           2026-05-09T03:31:45
/opt/airflow/dags/newyork_fhv_gold.py                                    1           0  0.14s           2026-05-09T03:31:45
/opt/airflow/dags/newyork_fhv_ingestion.py                               1           0  0.13s           2026-05-09T03:31:49
/opt/airflow/dags/newyork_fhv_quality_check.py                           1           0  0.13s           2026-05-09T03:31:49
================================================================================
[2026-05-09T03:32:42.978+0000] {manager.py:878} INFO - 
================================================================================
DAG File Processing Stats

File Path                                       PID    Runtime      # DAGs    # Errors  Last Runtime    Last Run
----------------------------------------------  -----  ---------  --------  ----------  --------------  -------------------
/opt/airflow/dags/newyork_fhv_silver.py                                  1           0  0.22s           2026-05-09T03:32:18
/opt/airflow/dags/newyork_fhv_quality_check.py                           1           0  0.22s           2026-05-09T03:32:20
/opt/airflow/dags/newyork_fhv_gold.py                                    1           0  0.18s           2026-05-09T03:32:16
/opt/airflow/dags/newyork_fhv_pipeline.py                                1           0  0.16s           2026-05-09T03:32:16
/opt/airflow/dags/newyork_fhv_ingestion.py                               1           0  0.16s           2026-05-09T03:32:20
================================================================================
[2026-05-09T03:33:13.899+0000] {manager.py:878} INFO - 
================================================================================
DAG File Processing Stats

File Path                                       PID    Runtime      # DAGs    # Errors  Last Runtime    Last Run
----------------------------------------------  -----  ---------  --------  ----------  --------------  -------------------
/opt/airflow/dags/newyork_fhv_quality_check.py                           1           0  0.19s           2026-05-09T03:32:51
/opt/airflow/dags/newyork_fhv_ingestion.py                               1           0  0.19s           2026-05-09T03:32:51
/opt/airflow/dags/newyork_fhv_silver.py                                  1           0  0.19s           2026-05-09T03:32:49
/opt/airflow/dags/newyork_fhv_pipeline.py                                1           0  0.16s           2026-05-09T03:32:47
/opt/airflow/dags/newyork_fhv_gold.py                                    1           0  0.14s           2026-05-09T03:32:47
================================================================================
[2026-05-09T03:33:44.862+0000] {manager.py:878} INFO - 
================================================================================
DAG File Processing Stats

File Path                                       PID    Runtime      # DAGs    # Errors  Last Runtime    Last Run
----------------------------------------------  -----  ---------  --------  ----------  --------------  -------------------
/opt/airflow/dags/newyork_fhv_pipeline.py                                1           0  0.19s           2026-05-09T03:33:18
/opt/airflow/dags/newyork_fhv_gold.py                                    1           0  0.19s           2026-05-09T03:33:18
/opt/airflow/dags/newyork_fhv_quality_check.py                           1           0  0.18s           2026-05-09T03:33:22
/opt/airflow/dags/newyork_fhv_silver.py                                  1           0  0.18s           2026-05-09T03:33:20
/opt/airflow/dags/newyork_fhv_ingestion.py                               1           0  0.15s           2026-05-09T03:33:22
================================================================================
[2026-05-09T03:34:03.647+0000] {manager.py:737} INFO - Searching for files in /opt/airflow/dags
[2026-05-09T03:34:03.758+0000] {manager.py:740} INFO - There are 5 files in /opt/airflow/dags
[2026-05-09T03:34:14.957+0000] {manager.py:878} INFO - 
================================================================================
DAG File Processing Stats

File Path                                       PID    Runtime      # DAGs    # Errors  Last Runtime    Last Run
----------------------------------------------  -----  ---------  --------  ----------  --------------  -------------------
/opt/airflow/dags/newyork_fhv_quality_check.py                           1           0  0.21s           2026-05-09T03:33:53
/opt/airflow/dags/newyork_fhv_silver.py                                  1           0  0.21s           2026-05-09T03:33:51
/opt/airflow/dags/newyork_fhv_pipeline.py                                1           0  0.18s           2026-05-09T03:33:49
/opt/airflow/dags/newyork_fhv_ingestion.py                               1           0  0.17s           2026-05-09T03:33:53
/opt/airflow/dags/newyork_fhv_gold.py                                    1           0  0.17s           2026-05-09T03:33:49
================================================================================
[2026-05-09T03:34:45.054+0000] {manager.py:878} INFO - 
================================================================================
DAG File Processing Stats

File Path                                       PID    Runtime      # DAGs    # Errors  Last Runtime    Last Run
----------------------------------------------  -----  ---------  --------  ----------  --------------  -------------------
/opt/airflow/dags/newyork_fhv_silver.py                                  1           0  0.21s           2026-05-09T03:34:22
/opt/airflow/dags/newyork_fhv_pipeline.py                                1           0  0.20s           2026-05-09T03:34:20
/opt/airflow/dags/newyork_fhv_gold.py                                    1           0  0.20s           2026-05-09T03:34:20
/opt/airflow/dags/newyork_fhv_ingestion.py                               1           0  0.17s           2026-05-09T03:34:23
/opt/airflow/dags/newyork_fhv_quality_check.py                           1           0  0.16s           2026-05-09T03:34:23
================================================================================
[2026-05-09T03:35:15.954+0000] {manager.py:878} INFO - 
================================================================================
DAG File Processing Stats

File Path                                       PID    Runtime      # DAGs    # Errors  Last Runtime    Last Run
----------------------------------------------  -----  ---------  --------  ----------  --------------  -------------------
/opt/airflow/dags/newyork_fhv_gold.py                                    1           0  0.18s           2026-05-09T03:34:51
/opt/airflow/dags/newyork_fhv_pipeline.py                                1           0  0.18s           2026-05-09T03:34:51
/opt/airflow/dags/newyork_fhv_silver.py                                  1           0  0.16s           2026-05-09T03:34:53
/opt/airflow/dags/newyork_fhv_quality_check.py                           1           0  0.12s           2026-05-09T03:34:54
/opt/airflow/dags/newyork_fhv_ingestion.py                               1           0  0.12s           2026-05-09T03:34:54
================================================================================
[2026-05-09T03:35:45.963+0000] {manager.py:878} INFO - 
================================================================================
DAG File Processing Stats

File Path                                       PID    Runtime      # DAGs    # Errors  Last Runtime    Last Run
----------------------------------------------  -----  ---------  --------  ----------  --------------  -------------------
/opt/airflow/dags/newyork_fhv_quality_check.py                           1           0  0.19s           2026-05-09T03:35:25
/opt/airflow/dags/newyork_fhv_ingestion.py                               1           0  0.18s           2026-05-09T03:35:25
/opt/airflow/dags/newyork_fhv_pipeline.py                                1           0  0.16s           2026-05-09T03:35:22
/opt/airflow/dags/newyork_fhv_silver.py                                  1           0  0.16s           2026-05-09T03:35:24
/opt/airflow/dags/newyork_fhv_gold.py                                    1           0  0.14s           2026-05-09T03:35:22
================================================================================
[2026-05-09T03:36:16.893+0000] {manager.py:878} INFO - 
================================================================================
DAG File Processing Stats

File Path                                       PID    Runtime      # DAGs    # Errors  Last Runtime    Last Run
----------------------------------------------  -----  ---------  --------  ----------  --------------  -------------------
/opt/airflow/dags/newyork_fhv_quality_check.py                           1           0  0.20s           2026-05-09T03:35:56
/opt/airflow/dags/newyork_fhv_silver.py                                  1           0  0.19s           2026-05-09T03:35:55
/opt/airflow/dags/newyork_fhv_gold.py                                    1           0  0.19s           2026-05-09T03:35:53
/opt/airflow/dags/newyork_fhv_pipeline.py                                1           0  0.19s           2026-05-09T03:35:53
/opt/airflow/dags/newyork_fhv_ingestion.py                               1           0  0.19s           2026-05-09T03:35:56
================================================================================
[2026-05-09T03:36:47.796+0000] {manager.py:878} INFO - 
================================================================================
DAG File Processing Stats

File Path                                       PID    Runtime      # DAGs    # Errors  Last Runtime    Last Run
----------------------------------------------  -----  ---------  --------  ----------  --------------  -------------------
/opt/airflow/dags/newyork_fhv_silver.py                                  1           0  0.20s           2026-05-09T03:36:26
/opt/airflow/dags/newyork_fhv_pipeline.py                                1           0  0.18s           2026-05-09T03:36:24
/opt/airflow/dags/newyork_fhv_gold.py                                    1           0  0.16s           2026-05-09T03:36:24
/opt/airflow/dags/newyork_fhv_ingestion.py                               1           0  0.16s           2026-05-09T03:36:27
/opt/airflow/dags/newyork_fhv_quality_check.py                           1           0  0.16s           2026-05-09T03:36:27
================================================================================
[2026-05-09T03:37:18.652+0000] {manager.py:878} INFO - 
================================================================================
DAG File Processing Stats

File Path                                       PID    Runtime      # DAGs    # Errors  Last Runtime    Last Run
----------------------------------------------  -----  ---------  --------  ----------  --------------  -------------------
/opt/airflow/dags/newyork_fhv_silver.py                                  1           0  0.23s           2026-05-09T03:36:57
/opt/airflow/dags/newyork_fhv_quality_check.py                           1           0  0.22s           2026-05-09T03:36:58
/opt/airflow/dags/newyork_fhv_ingestion.py                               1           0  0.19s           2026-05-09T03:36:58
/opt/airflow/dags/newyork_fhv_gold.py                                    1           0  0.16s           2026-05-09T03:36:55
/opt/airflow/dags/newyork_fhv_pipeline.py                                1           0  0.16s           2026-05-09T03:36:55
================================================================================
[2026-05-09T03:37:49.535+0000] {manager.py:878} INFO - 
================================================================================
DAG File Processing Stats

File Path                                       PID    Runtime      # DAGs    # Errors  Last Runtime    Last Run
----------------------------------------------  -----  ---------  --------  ----------  --------------  -------------------
/opt/airflow/dags/newyork_fhv_quality_check.py                           1           0  0.18s           2026-05-09T03:37:29
/opt/airflow/dags/newyork_fhv_ingestion.py                               1           0  0.15s           2026-05-09T03:37:29
/opt/airflow/dags/newyork_fhv_silver.py                                  1           0  0.15s           2026-05-09T03:37:28
/opt/airflow/dags/newyork_fhv_pipeline.py                                1           0  0.14s           2026-05-09T03:37:25
/opt/airflow/dags/newyork_fhv_gold.py                                    1           0  0.14s           2026-05-09T03:37:25
================================================================================
[2026-05-09T03:38:19.560+0000] {manager.py:878} INFO - 
================================================================================
DAG File Processing Stats

File Path                                       PID    Runtime      # DAGs    # Errors  Last Runtime    Last Run
----------------------------------------------  -----  ---------  --------  ----------  --------------  -------------------
/opt/airflow/dags/newyork_fhv_silver.py                                  1           0  0.22s           2026-05-09T03:37:59
/opt/airflow/dags/newyork_fhv_gold.py                                    1           0  0.18s           2026-05-09T03:37:56
/opt/airflow/dags/newyork_fhv_pipeline.py                                1           0  0.18s           2026-05-09T03:37:56
/opt/airflow/dags/newyork_fhv_quality_check.py                           1           0  0.15s           2026-05-09T03:38:00
/opt/airflow/dags/newyork_fhv_ingestion.py                               1           0  0.15s           2026-05-09T03:38:00
================================================================================
[2026-05-09T03:38:49.971+0000] {manager.py:878} INFO - 
================================================================================
DAG File Processing Stats

File Path                                       PID    Runtime      # DAGs    # Errors  Last Runtime    Last Run
----------------------------------------------  -----  ---------  --------  ----------  --------------  -------------------
/opt/airflow/dags/newyork_fhv_silver.py                                  1           0  0.24s           2026-05-09T03:38:30
/opt/airflow/dags/newyork_fhv_ingestion.py                               1           0  0.23s           2026-05-09T03:38:30
/opt/airflow/dags/newyork_fhv_pipeline.py                                1           0  0.23s           2026-05-09T03:38:28
/opt/airflow/dags/newyork_fhv_quality_check.py                           1           0  0.22s           2026-05-09T03:38:30
/opt/airflow/dags/newyork_fhv_gold.py                                    1           0  0.21s           2026-05-09T03:38:28
================================================================================
[2026-05-09T03:39:03.833+0000] {manager.py:737} INFO - Searching for files in /opt/airflow/dags
[2026-05-09T03:39:04.053+0000] {manager.py:740} INFO - There are 5 files in /opt/airflow/dags
[2026-05-09T03:39:20.430+0000] {manager.py:878} INFO - 
================================================================================
DAG File Processing Stats

File Path                                       PID    Runtime      # DAGs    # Errors  Last Runtime    Last Run
----------------------------------------------  -----  ---------  --------  ----------  --------------  -------------------
/opt/airflow/dags/newyork_fhv_ingestion.py                               1           0  0.26s           2026-05-09T03:39:01
/opt/airflow/dags/newyork_fhv_quality_check.py                           1           0  0.24s           2026-05-09T03:39:00
/opt/airflow/dags/newyork_fhv_gold.py                                    1           0  0.21s           2026-05-09T03:38:58
/opt/airflow/dags/newyork_fhv_pipeline.py                                1           0  0.21s           2026-05-09T03:38:58
/opt/airflow/dags/newyork_fhv_silver.py                                  1           0  0.21s           2026-05-09T03:39:00
================================================================================
[2026-05-09T03:39:50.624+0000] {manager.py:878} INFO - 
================================================================================
DAG File Processing Stats

File Path                                       PID    Runtime      # DAGs    # Errors  Last Runtime    Last Run
----------------------------------------------  -----  ---------  --------  ----------  --------------  -------------------
/opt/airflow/dags/newyork_fhv_pipeline.py                                1           0  0.21s           2026-05-09T03:39:28
/opt/airflow/dags/newyork_fhv_gold.py                                    1           0  0.21s           2026-05-09T03:39:28
/opt/airflow/dags/newyork_fhv_silver.py                                  1           0  0.18s           2026-05-09T03:39:31
/opt/airflow/dags/newyork_fhv_quality_check.py                           1           0  0.17s           2026-05-09T03:39:31
/opt/airflow/dags/newyork_fhv_ingestion.py                               1           0  0.15s           2026-05-09T03:39:31
================================================================================
[2026-05-09T03:40:21.132+0000] {manager.py:878} INFO - 
================================================================================
DAG File Processing Stats

File Path                                       PID    Runtime      # DAGs    # Errors  Last Runtime    Last Run
----------------------------------------------  -----  ---------  --------  ----------  --------------  -------------------
/opt/airflow/dags/newyork_fhv_pipeline.py                                1           0  0.25s           2026-05-09T03:39:59
/opt/airflow/dags/newyork_fhv_gold.py                                    1           0  0.22s           2026-05-09T03:39:59
/opt/airflow/dags/newyork_fhv_silver.py                                  1           0  0.19s           2026-05-09T03:40:01
/opt/airflow/dags/newyork_fhv_quality_check.py                           1           0  0.17s           2026-05-09T03:40:01
/opt/airflow/dags/newyork_fhv_ingestion.py                               1           0  0.16s           2026-05-09T03:40:01
================================================================================
[2026-05-09T03:40:51.538+0000] {manager.py:878} INFO - 
================================================================================
DAG File Processing Stats

File Path                                       PID    Runtime      # DAGs    # Errors  Last Runtime    Last Run
----------------------------------------------  -----  ---------  --------  ----------  --------------  -------------------
/opt/airflow/dags/newyork_fhv_silver.py                                  1           0  0.21s           2026-05-09T03:40:31
/opt/airflow/dags/newyork_fhv_ingestion.py                               1           0  0.20s           2026-05-09T03:40:32
/opt/airflow/dags/newyork_fhv_pipeline.py                                1           0  0.20s           2026-05-09T03:40:29
/opt/airflow/dags/newyork_fhv_gold.py                                    1           0  0.19s           2026-05-09T03:40:29
/opt/airflow/dags/newyork_fhv_quality_check.py                           1           0  0.19s           2026-05-09T03:40:31
================================================================================
[2026-05-09T03:41:21.724+0000] {manager.py:878} INFO - 
================================================================================
DAG File Processing Stats

File Path                                       PID    Runtime      # DAGs    # Errors  Last Runtime    Last Run
----------------------------------------------  -----  ---------  --------  ----------  --------------  -------------------
/opt/airflow/dags/newyork_fhv_gold.py                                    1           0  0.22s           2026-05-09T03:40:59
/opt/airflow/dags/newyork_fhv_ingestion.py                               1           0  0.20s           2026-05-09T03:41:02
/opt/airflow/dags/newyork_fhv_pipeline.py                                1           0  0.20s           2026-05-09T03:41:00
/opt/airflow/dags/newyork_fhv_quality_check.py                           1           0  0.20s           2026-05-09T03:41:02
/opt/airflow/dags/newyork_fhv_silver.py                                  1           0  0.19s           2026-05-09T03:41:02
================================================================================
[2026-05-09T03:41:52.057+0000] {manager.py:878} INFO - 
================================================================================
DAG File Processing Stats

File Path                                       PID    Runtime      # DAGs    # Errors  Last Runtime    Last Run
----------------------------------------------  -----  ---------  --------  ----------  --------------  -------------------
/opt/airflow/dags/newyork_fhv_ingestion.py                               1           0  0.24s           2026-05-09T03:41:32
/opt/airflow/dags/newyork_fhv_quality_check.py                           1           0  0.20s           2026-05-09T03:41:32
/opt/airflow/dags/newyork_fhv_pipeline.py                                1           0  0.18s           2026-05-09T03:41:30
/opt/airflow/dags/newyork_fhv_gold.py                                    1           0  0.18s           2026-05-09T03:41:30
/opt/airflow/dags/newyork_fhv_silver.py                                  1           0  0.18s           2026-05-09T03:41:32
================================================================================
[2026-05-09T03:42:22.495+0000] {manager.py:878} INFO - 
================================================================================
DAG File Processing Stats

File Path                                       PID    Runtime      # DAGs    # Errors  Last Runtime    Last Run
----------------------------------------------  -----  ---------  --------  ----------  --------------  -------------------
/opt/airflow/dags/newyork_fhv_gold.py                                    1           0  0.20s           2026-05-09T03:42:00
/opt/airflow/dags/newyork_fhv_pipeline.py                                1           0  0.20s           2026-05-09T03:42:00
/opt/airflow/dags/newyork_fhv_silver.py                                  1           0  0.18s           2026-05-09T03:42:03
/opt/airflow/dags/newyork_fhv_quality_check.py                           1           0  0.18s           2026-05-09T03:42:03
/opt/airflow/dags/newyork_fhv_ingestion.py                               1           0  0.17s           2026-05-09T03:42:03
================================================================================
[2026-05-09T03:42:52.869+0000] {manager.py:878} INFO - 
================================================================================
DAG File Processing Stats

File Path                                       PID    Runtime      # DAGs    # Errors  Last Runtime    Last Run
----------------------------------------------  -----  ---------  --------  ----------  --------------  -------------------
/opt/airflow/dags/newyork_fhv_gold.py                                    1           0  0.22s           2026-05-09T03:42:31
/opt/airflow/dags/newyork_fhv_pipeline.py                                1           0  0.22s           2026-05-09T03:42:31
/opt/airflow/dags/newyork_fhv_silver.py                                  1           0  0.20s           2026-05-09T03:42:33
/opt/airflow/dags/newyork_fhv_ingestion.py                               1           0  0.20s           2026-05-09T03:42:33
/opt/airflow/dags/newyork_fhv_quality_check.py                           1           0  0.19s           2026-05-09T03:42:33
================================================================================
[2026-05-09T03:43:23.242+0000] {manager.py:878} INFO - 
================================================================================
DAG File Processing Stats

File Path                                       PID    Runtime      # DAGs    # Errors  Last Runtime    Last Run
----------------------------------------------  -----  ---------  --------  ----------  --------------  -------------------
/opt/airflow/dags/newyork_fhv_quality_check.py                           1           0  0.22s           2026-05-09T03:43:03
/opt/airflow/dags/newyork_fhv_ingestion.py                               1           0  0.22s           2026-05-09T03:43:04
/opt/airflow/dags/newyork_fhv_silver.py                                  1           0  0.20s           2026-05-09T03:43:03
/opt/airflow/dags/newyork_fhv_pipeline.py                                1           0  0.19s           2026-05-09T03:43:01
/opt/airflow/dags/newyork_fhv_gold.py                                    1           0  0.18s           2026-05-09T03:43:01
================================================================================
[2026-05-09T03:43:53.585+0000] {manager.py:878} INFO - 
================================================================================
DAG File Processing Stats

File Path                                       PID    Runtime      # DAGs    # Errors  Last Runtime    Last Run
----------------------------------------------  -----  ---------  --------  ----------  --------------  -------------------
/opt/airflow/dags/newyork_fhv_ingestion.py                               1           0  0.20s           2026-05-09T03:43:34
/opt/airflow/dags/newyork_fhv_quality_check.py                           1           0  0.20s           2026-05-09T03:43:34
/opt/airflow/dags/newyork_fhv_pipeline.py                                1           0  0.20s           2026-05-09T03:43:31
/opt/airflow/dags/newyork_fhv_silver.py                                  1           0  0.19s           2026-05-09T03:43:34
/opt/airflow/dags/newyork_fhv_gold.py                                    1           0  0.18s           2026-05-09T03:43:31
================================================================================
[2026-05-09T03:44:03.913+0000] {manager.py:737} INFO - Searching for files in /opt/airflow/dags
[2026-05-09T03:44:04.095+0000] {manager.py:740} INFO - There are 5 files in /opt/airflow/dags
[2026-05-09T03:44:23.700+0000] {manager.py:878} INFO - 
================================================================================
DAG File Processing Stats

File Path                                       PID    Runtime      # DAGs    # Errors  Last Runtime    Last Run
----------------------------------------------  -----  ---------  --------  ----------  --------------  -------------------
/opt/airflow/dags/newyork_fhv_silver.py                                  1           0  0.16s           2026-05-09T03:44:05
/opt/airflow/dags/newyork_fhv_quality_check.py                           1           0  0.16s           2026-05-09T03:44:05
/opt/airflow/dags/newyork_fhv_pipeline.py                                1           0  0.16s           2026-05-09T03:44:02
/opt/airflow/dags/newyork_fhv_ingestion.py                               1           0  0.16s           2026-05-09T03:44:05
/opt/airflow/dags/newyork_fhv_gold.py                                    1           0  0.16s           2026-05-09T03:44:02
================================================================================
[2026-05-09T03:44:53.892+0000] {manager.py:878} INFO - 
================================================================================
DAG File Processing Stats

File Path                                       PID    Runtime      # DAGs    # Errors  Last Runtime    Last Run
----------------------------------------------  -----  ---------  --------  ----------  --------------  -------------------
/opt/airflow/dags/newyork_fhv_quality_check.py                           1           0  0.22s           2026-05-09T03:44:35
/opt/airflow/dags/newyork_fhv_gold.py                                    1           0  0.21s           2026-05-09T03:44:33
/opt/airflow/dags/newyork_fhv_ingestion.py                               1           0  0.21s           2026-05-09T03:44:35
/opt/airflow/dags/newyork_fhv_pipeline.py                                1           0  0.20s           2026-05-09T03:44:33
/opt/airflow/dags/newyork_fhv_silver.py                                  1           0  0.20s           2026-05-09T03:44:35
================================================================================
[2026-05-09T03:45:24.032+0000] {manager.py:878} INFO - 
================================================================================
DAG File Processing Stats

File Path                                       PID    Runtime      # DAGs    # Errors  Last Runtime    Last Run
----------------------------------------------  -----  ---------  --------  ----------  --------------  -------------------
/opt/airflow/dags/newyork_fhv_pipeline.py                                1           0  0.19s           2026-05-09T03:45:04
/opt/airflow/dags/newyork_fhv_gold.py                                    1           0  0.19s           2026-05-09T03:45:04
/opt/airflow/dags/newyork_fhv_ingestion.py                               1           0  0.19s           2026-05-09T03:45:06
/opt/airflow/dags/newyork_fhv_quality_check.py                           1           0  0.16s           2026-05-09T03:45:06
/opt/airflow/dags/newyork_fhv_silver.py                                  1           0  0.15s           2026-05-09T03:45:06
================================================================================
[2026-05-09T03:45:54.067+0000] {manager.py:878} INFO - 
================================================================================
DAG File Processing Stats

File Path                                       PID    Runtime      # DAGs    # Errors  Last Runtime    Last Run
----------------------------------------------  -----  ---------  --------  ----------  --------------  -------------------
/opt/airflow/dags/newyork_fhv_quality_check.py                           1           0  0.22s           2026-05-09T03:45:37
/opt/airflow/dags/newyork_fhv_silver.py                                  1           0  0.21s           2026-05-09T03:45:37
/opt/airflow/dags/newyork_fhv_ingestion.py                               1           0  0.21s           2026-05-09T03:45:37
/opt/airflow/dags/newyork_fhv_gold.py                                    1           0  0.17s           2026-05-09T03:45:35
/opt/airflow/dags/newyork_fhv_pipeline.py                                1           0  0.16s           2026-05-09T03:45:35
================================================================================
[2026-05-09T03:46:24.715+0000] {manager.py:878} INFO - 
================================================================================
DAG File Processing Stats

File Path                                       PID    Runtime      # DAGs    # Errors  Last Runtime    Last Run
----------------------------------------------  -----  ---------  --------  ----------  --------------  -------------------
/opt/airflow/dags/newyork_fhv_ingestion.py                               1           0  0.20s           2026-05-09T03:46:08
/opt/airflow/dags/newyork_fhv_quality_check.py                           1           0  0.15s           2026-05-09T03:46:08
/opt/airflow/dags/newyork_fhv_pipeline.py                                1           0  0.15s           2026-05-09T03:46:06
/opt/airflow/dags/newyork_fhv_gold.py                                    1           0  0.15s           2026-05-09T03:46:06
/opt/airflow/dags/newyork_fhv_silver.py                                  1           0  0.14s           2026-05-09T03:46:08
================================================================================
[2026-05-09T03:46:55.000+0000] {manager.py:878} INFO - 
================================================================================
DAG File Processing Stats

File Path                                       PID    Runtime      # DAGs    # Errors  Last Runtime    Last Run
----------------------------------------------  -----  ---------  --------  ----------  --------------  -------------------
/opt/airflow/dags/newyork_fhv_ingestion.py                               1           0  0.24s           2026-05-09T03:46:39
/opt/airflow/dags/newyork_fhv_quality_check.py                           1           0  0.18s           2026-05-09T03:46:39
/opt/airflow/dags/newyork_fhv_gold.py                                    1           0  0.17s           2026-05-09T03:46:37
/opt/airflow/dags/newyork_fhv_silver.py                                  1           0  0.17s           2026-05-09T03:46:39
/opt/airflow/dags/newyork_fhv_pipeline.py                                1           0  0.16s           2026-05-09T03:46:37
================================================================================
[2026-05-09T03:47:25.025+0000] {manager.py:878} INFO - 
================================================================================
DAG File Processing Stats

File Path                                       PID    Runtime      # DAGs    # Errors  Last Runtime    Last Run
----------------------------------------------  -----  ---------  --------  ----------  --------------  -------------------
/opt/airflow/dags/newyork_fhv_gold.py                                    1           0  0.20s           2026-05-09T03:47:07
/opt/airflow/dags/newyork_fhv_pipeline.py                                1           0  0.19s           2026-05-09T03:47:07
/opt/airflow/dags/newyork_fhv_quality_check.py                           1           0  0.17s           2026-05-09T03:47:09
/opt/airflow/dags/newyork_fhv_silver.py                                  1           0  0.16s           2026-05-09T03:47:09
/opt/airflow/dags/newyork_fhv_ingestion.py                               1           0  0.14s           2026-05-09T03:47:09
================================================================================
[2026-05-09T03:47:55.077+0000] {manager.py:878} INFO - 
================================================================================
DAG File Processing Stats

File Path                                       PID    Runtime      # DAGs    # Errors  Last Runtime    Last Run
----------------------------------------------  -----  ---------  --------  ----------  --------------  -------------------
/opt/airflow/dags/newyork_fhv_ingestion.py                               1           0  0.19s           2026-05-09T03:47:40
/opt/airflow/dags/newyork_fhv_gold.py                                    1           0  0.19s           2026-05-09T03:47:38
/opt/airflow/dags/newyork_fhv_pipeline.py                                1           0  0.19s           2026-05-09T03:47:38
/opt/airflow/dags/newyork_fhv_quality_check.py                           1           0  0.16s           2026-05-09T03:47:40
/opt/airflow/dags/newyork_fhv_silver.py                                  1           0  0.16s           2026-05-09T03:47:40
================================================================================
[2026-05-09T03:48:25.107+0000] {manager.py:878} INFO - 
================================================================================
DAG File Processing Stats

File Path                                       PID    Runtime      # DAGs    # Errors  Last Runtime    Last Run
----------------------------------------------  -----  ---------  --------  ----------  --------------  -------------------
/opt/airflow/dags/newyork_fhv_ingestion.py                               1           0  0.24s           2026-05-09T03:48:11
/opt/airflow/dags/newyork_fhv_gold.py                                    1           0  0.22s           2026-05-09T03:48:09
/opt/airflow/dags/newyork_fhv_pipeline.py                                1           0  0.21s           2026-05-09T03:48:09
/opt/airflow/dags/newyork_fhv_silver.py                                  1           0  0.19s           2026-05-09T03:48:11
/opt/airflow/dags/newyork_fhv_quality_check.py                           1           0  0.19s           2026-05-09T03:48:11
================================================================================
[2026-05-09T03:48:55.613+0000] {manager.py:878} INFO - 
================================================================================
DAG File Processing Stats

File Path                                       PID    Runtime      # DAGs    # Errors  Last Runtime    Last Run
----------------------------------------------  -----  ---------  --------  ----------  --------------  -------------------
/opt/airflow/dags/newyork_fhv_ingestion.py                               1           0  0.19s           2026-05-09T03:48:42
/opt/airflow/dags/newyork_fhv_pipeline.py                                1           0  0.18s           2026-05-09T03:48:40
/opt/airflow/dags/newyork_fhv_silver.py                                  1           0  0.17s           2026-05-09T03:48:42
/opt/airflow/dags/newyork_fhv_gold.py                                    1           0  0.17s           2026-05-09T03:48:40
/opt/airflow/dags/newyork_fhv_quality_check.py                           1           0  0.16s           2026-05-09T03:48:42
================================================================================
[2026-05-09T03:49:03.999+0000] {manager.py:737} INFO - Searching for files in /opt/airflow/dags
[2026-05-09T03:49:04.141+0000] {manager.py:740} INFO - There are 5 files in /opt/airflow/dags
[2026-05-09T03:49:25.713+0000] {manager.py:878} INFO - 
================================================================================
DAG File Processing Stats

File Path                                       PID    Runtime      # DAGs    # Errors  Last Runtime    Last Run
----------------------------------------------  -----  ---------  --------  ----------  --------------  -------------------
/opt/airflow/dags/newyork_fhv_ingestion.py                               1           0  0.20s           2026-05-09T03:49:13
/opt/airflow/dags/newyork_fhv_silver.py                                  1           0  0.18s           2026-05-09T03:49:13
/opt/airflow/dags/newyork_fhv_gold.py                                    1           0  0.17s           2026-05-09T03:49:11
/opt/airflow/dags/newyork_fhv_pipeline.py                                1           0  0.17s           2026-05-09T03:49:11
/opt/airflow/dags/newyork_fhv_quality_check.py                           1           0  0.16s           2026-05-09T03:49:13
================================================================================
[2026-05-09T03:49:56.498+0000] {manager.py:878} INFO - 
================================================================================
DAG File Processing Stats

File Path                                       PID    Runtime      # DAGs    # Errors  Last Runtime    Last Run
----------------------------------------------  -----  ---------  --------  ----------  --------------  -------------------
/opt/airflow/dags/newyork_fhv_ingestion.py                               1           0  0.20s           2026-05-09T03:49:44
/opt/airflow/dags/newyork_fhv_gold.py                                    1           0  0.17s           2026-05-09T03:49:42
/opt/airflow/dags/newyork_fhv_pipeline.py                                1           0  0.17s           2026-05-09T03:49:42
/opt/airflow/dags/newyork_fhv_quality_check.py                           1           0  0.16s           2026-05-09T03:49:44
/opt/airflow/dags/newyork_fhv_silver.py                                  1           0  0.16s           2026-05-09T03:49:44
================================================================================
[2026-05-09T03:50:26.520+0000] {manager.py:878} INFO - 
================================================================================
DAG File Processing Stats

File Path                                       PID    Runtime      # DAGs    # Errors  Last Runtime    Last Run
----------------------------------------------  -----  ---------  --------  ----------  --------------  -------------------
/opt/airflow/dags/newyork_fhv_ingestion.py                               1           0  0.21s           2026-05-09T03:50:15
/opt/airflow/dags/newyork_fhv_quality_check.py                           1           0  0.19s           2026-05-09T03:50:15
/opt/airflow/dags/newyork_fhv_gold.py                                    1           0  0.19s           2026-05-09T03:50:13
/opt/airflow/dags/newyork_fhv_pipeline.py                                1           0  0.18s           2026-05-09T03:50:13
/opt/airflow/dags/newyork_fhv_silver.py                                  1           0  0.18s           2026-05-09T03:50:15
================================================================================
[2026-05-09T03:50:56.860+0000] {manager.py:878} INFO - 
================================================================================
DAG File Processing Stats

File Path                                       PID    Runtime      # DAGs    # Errors  Last Runtime    Last Run
----------------------------------------------  -----  ---------  --------  ----------  --------------  -------------------
/opt/airflow/dags/newyork_fhv_silver.py                                  1           0  0.20s           2026-05-09T03:50:45
/opt/airflow/dags/newyork_fhv_ingestion.py                               1           0  0.18s           2026-05-09T03:50:45
/opt/airflow/dags/newyork_fhv_quality_check.py                           1           0  0.18s           2026-05-09T03:50:45
/opt/airflow/dags/newyork_fhv_gold.py                                    1           0  0.17s           2026-05-09T03:50:43
/opt/airflow/dags/newyork_fhv_pipeline.py                                1           0  0.17s           2026-05-09T03:50:43
================================================================================
[2026-05-09T03:51:27.049+0000] {manager.py:878} INFO - 
================================================================================
DAG File Processing Stats

File Path                                       PID    Runtime      # DAGs    # Errors  Last Runtime    Last Run
----------------------------------------------  -----  ---------  --------  ----------  --------------  -------------------
/opt/airflow/dags/newyork_fhv_ingestion.py                               1           0  0.21s           2026-05-09T03:51:16
/opt/airflow/dags/newyork_fhv_pipeline.py                                1           0  0.18s           2026-05-09T03:51:14
/opt/airflow/dags/newyork_fhv_gold.py                                    1           0  0.18s           2026-05-09T03:51:14
/opt/airflow/dags/newyork_fhv_quality_check.py                           1           0  0.17s           2026-05-09T03:51:16
/opt/airflow/dags/newyork_fhv_silver.py                                  1           0  0.17s           2026-05-09T03:51:16
================================================================================
[2026-05-09T03:51:57.722+0000] {manager.py:878} INFO - 
================================================================================
DAG File Processing Stats

File Path                                       PID    Runtime      # DAGs    # Errors  Last Runtime    Last Run
----------------------------------------------  -----  ---------  --------  ----------  --------------  -------------------
/opt/airflow/dags/newyork_fhv_ingestion.py                               1           0  0.20s           2026-05-09T03:51:47
/opt/airflow/dags/newyork_fhv_silver.py                                  1           0  0.18s           2026-05-09T03:51:47
/opt/airflow/dags/newyork_fhv_quality_check.py                           1           0  0.16s           2026-05-09T03:51:47
/opt/airflow/dags/newyork_fhv_pipeline.py                                1           0  0.16s           2026-05-09T03:51:45
/opt/airflow/dags/newyork_fhv_gold.py                                    1           0  0.15s           2026-05-09T03:51:45
================================================================================
[2026-05-09T03:52:27.748+0000] {manager.py:878} INFO - 
================================================================================
DAG File Processing Stats

File Path                                       PID    Runtime      # DAGs    # Errors  Last Runtime    Last Run
----------------------------------------------  -----  ---------  --------  ----------  --------------  -------------------
/opt/airflow/dags/newyork_fhv_pipeline.py                                1           0  0.23s           2026-05-09T03:52:16
/opt/airflow/dags/newyork_fhv_gold.py                                    1           0  0.23s           2026-05-09T03:52:16
/opt/airflow/dags/newyork_fhv_quality_check.py                           1           0  0.18s           2026-05-09T03:52:18
/opt/airflow/dags/newyork_fhv_silver.py                                  1           0  0.18s           2026-05-09T03:52:18
/opt/airflow/dags/newyork_fhv_ingestion.py                               1           0  0.17s           2026-05-09T03:52:18
================================================================================
[2026-05-09T03:52:57.871+0000] {manager.py:878} INFO - 
================================================================================
DAG File Processing Stats

File Path                                       PID    Runtime      # DAGs    # Errors  Last Runtime    Last Run
----------------------------------------------  -----  ---------  --------  ----------  --------------  -------------------
/opt/airflow/dags/newyork_fhv_silver.py                                  1           0  0.19s           2026-05-09T03:52:49
/opt/airflow/dags/newyork_fhv_quality_check.py                           1           0  0.19s           2026-05-09T03:52:49
/opt/airflow/dags/newyork_fhv_ingestion.py                               1           0  0.18s           2026-05-09T03:52:49
/opt/airflow/dags/newyork_fhv_pipeline.py                                1           0  0.15s           2026-05-09T03:52:47
/opt/airflow/dags/newyork_fhv_gold.py                                    1           0  0.14s           2026-05-09T03:52:47
================================================================================
[2026-05-09T03:53:28.687+0000] {manager.py:878} INFO - 
================================================================================
DAG File Processing Stats

File Path                                       PID    Runtime      # DAGs    # Errors  Last Runtime    Last Run
----------------------------------------------  -----  ---------  --------  ----------  --------------  -------------------
/opt/airflow/dags/newyork_fhv_quality_check.py                           1           0  0.23s           2026-05-09T03:53:20
/opt/airflow/dags/newyork_fhv_silver.py                                  1           0  0.23s           2026-05-09T03:53:20
/opt/airflow/dags/newyork_fhv_ingestion.py                               1           0  0.21s           2026-05-09T03:53:20
/opt/airflow/dags/newyork_fhv_gold.py                                    1           0  0.18s           2026-05-09T03:53:18
/opt/airflow/dags/newyork_fhv_pipeline.py                                1           0  0.18s           2026-05-09T03:53:18
================================================================================
[2026-05-09T03:53:58.735+0000] {manager.py:878} INFO - 
================================================================================
DAG File Processing Stats

File Path                                       PID    Runtime      # DAGs    # Errors  Last Runtime    Last Run
----------------------------------------------  -----  ---------  --------  ----------  --------------  -------------------
/opt/airflow/dags/newyork_fhv_pipeline.py                                1           0  0.25s           2026-05-09T03:53:49
/opt/airflow/dags/newyork_fhv_gold.py                                    1           0  0.23s           2026-05-09T03:53:49
/opt/airflow/dags/newyork_fhv_ingestion.py                               1           0  0.21s           2026-05-09T03:53:51
/opt/airflow/dags/newyork_fhv_quality_check.py                           1           0  0.18s           2026-05-09T03:53:51
/opt/airflow/dags/newyork_fhv_silver.py                                  1           0  0.17s           2026-05-09T03:53:51
================================================================================
[2026-05-09T03:54:04.053+0000] {manager.py:737} INFO - Searching for files in /opt/airflow/dags
[2026-05-09T03:54:04.216+0000] {manager.py:740} INFO - There are 5 files in /opt/airflow/dags
[2026-05-09T03:54:29.123+0000] {manager.py:878} INFO - 
================================================================================
DAG File Processing Stats

File Path                                       PID    Runtime      # DAGs    # Errors  Last Runtime    Last Run
----------------------------------------------  -----  ---------  --------  ----------  --------------  -------------------
/opt/airflow/dags/newyork_fhv_quality_check.py                           1           0  0.21s           2026-05-09T03:54:21
/opt/airflow/dags/newyork_fhv_ingestion.py                               1           0  0.20s           2026-05-09T03:54:22
/opt/airflow/dags/newyork_fhv_pipeline.py                                1           0  0.19s           2026-05-09T03:54:19
/opt/airflow/dags/newyork_fhv_gold.py                                    1           0  0.18s           2026-05-09T03:54:19
/opt/airflow/dags/newyork_fhv_silver.py                                  1           0  0.16s           2026-05-09T03:54:21
================================================================================
[2026-05-09T03:54:59.212+0000] {manager.py:878} INFO - 
================================================================================
DAG File Processing Stats

File Path                                       PID    Runtime      # DAGs    # Errors  Last Runtime    Last Run
----------------------------------------------  -----  ---------  --------  ----------  --------------  -------------------
/opt/airflow/dags/newyork_fhv_gold.py                                    1           0  0.35s           2026-05-09T03:54:50
/opt/airflow/dags/newyork_fhv_pipeline.py                                1           0  0.34s           2026-05-09T03:54:50
/opt/airflow/dags/newyork_fhv_ingestion.py                               1           0  0.23s           2026-05-09T03:54:53
/opt/airflow/dags/newyork_fhv_quality_check.py                           1           0  0.15s           2026-05-09T03:54:52
/opt/airflow/dags/newyork_fhv_silver.py                                  1           0  0.14s           2026-05-09T03:54:52
================================================================================
[2026-05-09T03:55:29.934+0000] {manager.py:878} INFO - 
================================================================================
DAG File Processing Stats

File Path                                       PID    Runtime      # DAGs    # Errors  Last Runtime    Last Run
----------------------------------------------  -----  ---------  --------  ----------  --------------  -------------------
/opt/airflow/dags/newyork_fhv_ingestion.py                               1           0  0.20s           2026-05-09T03:55:24
/opt/airflow/dags/newyork_fhv_quality_check.py                           1           0  0.18s           2026-05-09T03:55:23
/opt/airflow/dags/newyork_fhv_silver.py                                  1           0  0.17s           2026-05-09T03:55:23
/opt/airflow/dags/newyork_fhv_pipeline.py                                1           0  0.16s           2026-05-09T03:55:21
/opt/airflow/dags/newyork_fhv_gold.py                                    1           0  0.16s           2026-05-09T03:55:21
================================================================================
[2026-05-09T03:56:00.006+0000] {manager.py:878} INFO - 
================================================================================
DAG File Processing Stats

File Path                                       PID    Runtime      # DAGs    # Errors  Last Runtime    Last Run
----------------------------------------------  -----  ---------  --------  ----------  --------------  -------------------
/opt/airflow/dags/newyork_fhv_pipeline.py                                1           0  0.19s           2026-05-09T03:55:52
/opt/airflow/dags/newyork_fhv_gold.py                                    1           0  0.18s           2026-05-09T03:55:52
/opt/airflow/dags/newyork_fhv_quality_check.py                           1           0  0.14s           2026-05-09T03:55:54
/opt/airflow/dags/newyork_fhv_ingestion.py                               1           0  0.14s           2026-05-09T03:55:54
/opt/airflow/dags/newyork_fhv_silver.py                                  1           0  0.14s           2026-05-09T03:55:54
================================================================================
[2026-05-09T03:56:30.905+0000] {manager.py:878} INFO - 
================================================================================
DAG File Processing Stats

File Path                                       PID    Runtime      # DAGs    # Errors  Last Runtime    Last Run
----------------------------------------------  -----  ---------  --------  ----------  --------------  -------------------
/opt/airflow/dags/newyork_fhv_pipeline.py                                1           0  0.30s           2026-05-09T03:56:23
/opt/airflow/dags/newyork_fhv_gold.py                                    1           0  0.29s           2026-05-09T03:56:23
/opt/airflow/dags/newyork_fhv_silver.py                                  1           0  0.26s           2026-05-09T03:56:25
/opt/airflow/dags/newyork_fhv_quality_check.py                           1           0  0.13s           2026-05-09T03:56:25
/opt/airflow/dags/newyork_fhv_ingestion.py                               1           0  0.13s           2026-05-09T03:56:25
================================================================================
[2026-05-09T03:57:01.664+0000] {manager.py:878} INFO - 
================================================================================
DAG File Processing Stats

File Path                                       PID    Runtime      # DAGs    # Errors  Last Runtime    Last Run
----------------------------------------------  -----  ---------  --------  ----------  --------------  -------------------
/opt/airflow/dags/newyork_fhv_ingestion.py                               1           0  0.17s           2026-05-09T03:56:56
/opt/airflow/dags/newyork_fhv_silver.py                                  1           0  0.15s           2026-05-09T03:56:56
/opt/airflow/dags/newyork_fhv_quality_check.py                           1           0  0.15s           2026-05-09T03:56:56
/opt/airflow/dags/newyork_fhv_pipeline.py                                1           0  0.14s           2026-05-09T03:56:54
/opt/airflow/dags/newyork_fhv_gold.py                                    1           0  0.13s           2026-05-09T03:56:54
================================================================================
[2026-05-09T03:57:31.872+0000] {manager.py:878} INFO - 
================================================================================
DAG File Processing Stats

File Path                                       PID    Runtime      # DAGs    # Errors  Last Runtime    Last Run
----------------------------------------------  -----  ---------  --------  ----------  --------------  -------------------
/opt/airflow/dags/newyork_fhv_silver.py                                  1           0  0.22s           2026-05-09T03:57:27
/opt/airflow/dags/newyork_fhv_quality_check.py                           1           0  0.21s           2026-05-09T03:57:27
/opt/airflow/dags/newyork_fhv_ingestion.py                               1           0  0.21s           2026-05-09T03:57:27
/opt/airflow/dags/newyork_fhv_gold.py                                    1           0  0.18s           2026-05-09T03:57:25
/opt/airflow/dags/newyork_fhv_pipeline.py                                1           0  0.18s           2026-05-09T03:57:25
================================================================================
[2026-05-09T03:58:02.089+0000] {manager.py:878} INFO - 
================================================================================
DAG File Processing Stats

File Path                                       PID    Runtime      # DAGs    # Errors  Last Runtime    Last Run
----------------------------------------------  -----  ---------  --------  ----------  --------------  -------------------
/opt/airflow/dags/newyork_fhv_pipeline.py                                1           0  0.41s           2026-05-09T03:57:56
/opt/airflow/dags/newyork_fhv_gold.py                                    1           0  0.37s           2026-05-09T03:57:56
/opt/airflow/dags/newyork_fhv_silver.py                                  1           0  0.35s           2026-05-09T03:57:57
/opt/airflow/dags/newyork_fhv_ingestion.py                               1           0  0.30s           2026-05-09T03:57:58
/opt/airflow/dags/newyork_fhv_quality_check.py                           1           0  0.29s           2026-05-09T03:57:58
================================================================================
[2026-05-09T03:58:32.324+0000] {manager.py:878} INFO - 
================================================================================
DAG File Processing Stats

File Path                                       PID    Runtime      # DAGs    # Errors  Last Runtime    Last Run
----------------------------------------------  -----  ---------  --------  ----------  --------------  -------------------
/opt/airflow/dags/newyork_fhv_gold.py                                    1           0  0.38s           2026-05-09T03:58:26
/opt/airflow/dags/newyork_fhv_pipeline.py                                1           0  0.21s           2026-05-09T03:58:26
/opt/airflow/dags/newyork_fhv_quality_check.py                           1           0  0.21s           2026-05-09T03:58:29
/opt/airflow/dags/newyork_fhv_ingestion.py                               1           0  0.18s           2026-05-09T03:58:29
/opt/airflow/dags/newyork_fhv_silver.py                                  1           0  0.17s           2026-05-09T03:58:28
================================================================================
[2026-05-09T03:59:02.333+0000] {manager.py:878} INFO - 
================================================================================
DAG File Processing Stats

File Path                                       PID    Runtime      # DAGs    # Errors  Last Runtime    Last Run
----------------------------------------------  -----  ---------  --------  ----------  --------------  -------------------
/opt/airflow/dags/newyork_fhv_silver.py                                  1           0  0.18s           2026-05-09T03:58:59
/opt/airflow/dags/newyork_fhv_quality_check.py                           1           0  0.17s           2026-05-09T03:59:00
/opt/airflow/dags/newyork_fhv_ingestion.py                               1           0  0.15s           2026-05-09T03:59:00
/opt/airflow/dags/newyork_fhv_pipeline.py                                1           0  0.15s           2026-05-09T03:58:57
/opt/airflow/dags/newyork_fhv_gold.py                                    1           0  0.14s           2026-05-09T03:58:57
================================================================================
[2026-05-09T03:59:04.333+0000] {manager.py:737} INFO - Searching for files in /opt/airflow/dags
[2026-05-09T03:59:04.486+0000] {manager.py:740} INFO - There are 5 files in /opt/airflow/dags
[2026-05-09T03:59:32.383+0000] {manager.py:878} INFO - 
================================================================================
DAG File Processing Stats

File Path                                       PID    Runtime      # DAGs    # Errors  Last Runtime    Last Run
----------------------------------------------  -----  ---------  --------  ----------  --------------  -------------------
/opt/airflow/dags/newyork_fhv_silver.py                                  1           0  0.35s           2026-05-09T03:59:29
/opt/airflow/dags/newyork_fhv_pipeline.py                                1           0  0.33s           2026-05-09T03:59:29
/opt/airflow/dags/newyork_fhv_gold.py                                    1           0  0.31s           2026-05-09T03:59:29
/opt/airflow/dags/newyork_fhv_quality_check.py                           1           0  0.31s           2026-05-09T03:59:30
/opt/airflow/dags/newyork_fhv_ingestion.py                               1           0  0.31s           2026-05-09T03:59:30
================================================================================
[2026-05-09T04:00:03.185+0000] {manager.py:878} INFO - 
================================================================================
DAG File Processing Stats

File Path                                       PID    Runtime      # DAGs    # Errors  Last Runtime    Last Run
----------------------------------------------  -----  ---------  --------  ----------  --------------  -------------------
/opt/airflow/dags/newyork_fhv_pipeline.py                                1           0  0.21s           2026-05-09T04:00:00
/opt/airflow/dags/newyork_fhv_gold.py                                    1           0  0.20s           2026-05-09T04:00:00
/opt/airflow/dags/newyork_fhv_silver.py                                  1           0  0.19s           2026-05-09T04:00:00
/opt/airflow/dags/newyork_fhv_quality_check.py                           1           0  0.18s           2026-05-09T04:00:01
/opt/airflow/dags/newyork_fhv_ingestion.py                               1           0  0.18s           2026-05-09T04:00:01
================================================================================
[2026-05-09T04:00:34.027+0000] {manager.py:878} INFO - 
================================================================================
DAG File Processing Stats

File Path                                       PID    Runtime      # DAGs    # Errors  Last Runtime    Last Run
----------------------------------------------  -----  ---------  --------  ----------  --------------  -------------------
/opt/airflow/dags/newyork_fhv_quality_check.py                           1           0  0.30s           2026-05-09T04:00:32
/opt/airflow/dags/newyork_fhv_pipeline.py                                1           0  0.29s           2026-05-09T04:00:30
/opt/airflow/dags/newyork_fhv_ingestion.py                               1           0  0.29s           2026-05-09T04:00:32
/opt/airflow/dags/newyork_fhv_silver.py                                  1           0  0.14s           2026-05-09T04:00:30
/opt/airflow/dags/newyork_fhv_gold.py                                    1           0  0.13s           2026-05-09T04:00:30
================================================================================
[2026-05-09T04:01:04.312+0000] {manager.py:878} INFO - 
================================================================================
DAG File Processing Stats

File Path                                       PID    Runtime      # DAGs    # Errors  Last Runtime    Last Run
----------------------------------------------  -----  ---------  --------  ----------  --------------  -------------------
/opt/airflow/dags/newyork_fhv_silver.py                                  1           0  0.36s           2026-05-09T04:01:02
/opt/airflow/dags/newyork_fhv_pipeline.py                                1           0  0.34s           2026-05-09T04:01:01
/opt/airflow/dags/newyork_fhv_gold.py                                    1           0  0.32s           2026-05-09T04:01:01
/opt/airflow/dags/newyork_fhv_quality_check.py                           1           0  0.29s           2026-05-09T04:01:02
/opt/airflow/dags/newyork_fhv_ingestion.py                               1           0  0.29s           2026-05-09T04:01:02
================================================================================
[2026-05-09T04:01:34.830+0000] {manager.py:878} INFO - 
================================================================================
DAG File Processing Stats

File Path                                       PID    Runtime      # DAGs    # Errors  Last Runtime    Last Run
----------------------------------------------  -----  ---------  --------  ----------  --------------  -------------------
/opt/airflow/dags/newyork_fhv_pipeline.py                                1           0  0.23s           2026-05-09T04:01:32
/opt/airflow/dags/newyork_fhv_ingestion.py                               1           0  0.22s           2026-05-09T04:01:33
/opt/airflow/dags/newyork_fhv_silver.py                                  1           0  0.20s           2026-05-09T04:01:32
/opt/airflow/dags/newyork_fhv_gold.py                                    1           0  0.19s           2026-05-09T04:01:32
/opt/airflow/dags/newyork_fhv_quality_check.py                           1           0  0.19s           2026-05-09T04:01:32
================================================================================
[2026-05-09T04:02:05.320+0000] {manager.py:878} INFO - 
================================================================================
DAG File Processing Stats

File Path                                       PID    Runtime      # DAGs    # Errors  Last Runtime    Last Run
----------------------------------------------  -----  ---------  --------  ----------  --------------  -------------------
/opt/airflow/dags/newyork_fhv_quality_check.py                           1           0  0.37s           2026-05-09T04:02:03
/opt/airflow/dags/newyork_fhv_ingestion.py                               1           0  0.33s           2026-05-09T04:02:03
/opt/airflow/dags/newyork_fhv_pipeline.py                                1           0  0.30s           2026-05-09T04:02:02
/opt/airflow/dags/newyork_fhv_silver.py                                  1           0  0.19s           2026-05-09T04:02:02
/opt/airflow/dags/newyork_fhv_gold.py                                    1           0  0.14s           2026-05-09T04:02:02
================================================================================
[2026-05-09T04:02:35.709+0000] {manager.py:878} INFO - 
================================================================================
DAG File Processing Stats

File Path                                       PID    Runtime      # DAGs    # Errors  Last Runtime    Last Run
----------------------------------------------  -----  ---------  --------  ----------  --------------  -------------------
/opt/airflow/dags/newyork_fhv_pipeline.py                                1           0  0.35s           2026-05-09T04:02:33
/opt/airflow/dags/newyork_fhv_silver.py                                  1           0  0.35s           2026-05-09T04:02:33
/opt/airflow/dags/newyork_fhv_gold.py                                    1           0  0.32s           2026-05-09T04:02:33
/opt/airflow/dags/newyork_fhv_ingestion.py                               1           0  0.29s           2026-05-09T04:02:33
/opt/airflow/dags/newyork_fhv_quality_check.py                           1           0  0.29s           2026-05-09T04:02:33
================================================================================
[2026-05-09T04:03:06.081+0000] {manager.py:878} INFO - 
================================================================================
DAG File Processing Stats

File Path                                       PID    Runtime      # DAGs    # Errors  Last Runtime    Last Run
----------------------------------------------  -----  ---------  --------  ----------  --------------  -------------------
/opt/airflow/dags/newyork_fhv_silver.py                                  1           0  0.20s           2026-05-09T04:03:03
/opt/airflow/dags/newyork_fhv_pipeline.py                                1           0  0.19s           2026-05-09T04:03:03
/opt/airflow/dags/newyork_fhv_gold.py                                    1           0  0.17s           2026-05-09T04:03:03
/opt/airflow/dags/newyork_fhv_quality_check.py                           1           0  0.17s           2026-05-09T04:03:04
/opt/airflow/dags/newyork_fhv_ingestion.py                               1           0  0.16s           2026-05-09T04:03:04
================================================================================
[2026-05-09T04:03:36.170+0000] {manager.py:878} INFO - 
================================================================================
DAG File Processing Stats

File Path                                       PID    Runtime      # DAGs    # Errors  Last Runtime    Last Run
----------------------------------------------  -----  ---------  --------  ----------  --------------  -------------------
/opt/airflow/dags/newyork_fhv_quality_check.py                           1           0  0.17s           2026-05-09T04:03:34
/opt/airflow/dags/newyork_fhv_silver.py                                  1           0  0.17s           2026-05-09T04:03:34
/opt/airflow/dags/newyork_fhv_ingestion.py                               1           0  0.16s           2026-05-09T04:03:35
/opt/airflow/dags/newyork_fhv_pipeline.py                                1           0  0.14s           2026-05-09T04:03:34
/opt/airflow/dags/newyork_fhv_gold.py                                    1           0  0.13s           2026-05-09T04:03:34
================================================================================
[2026-05-09T04:04:04.499+0000] {manager.py:737} INFO - Searching for files in /opt/airflow/dags
[2026-05-09T04:04:04.625+0000] {manager.py:740} INFO - There are 5 files in /opt/airflow/dags
[2026-05-09T04:04:07.028+0000] {manager.py:878} INFO - 
================================================================================
DAG File Processing Stats

File Path                                       PID    Runtime      # DAGs    # Errors  Last Runtime    Last Run
----------------------------------------------  -----  ---------  --------  ----------  --------------  -------------------
/opt/airflow/dags/newyork_fhv_pipeline.py                                1           0  0.16s           2026-05-09T04:04:05
/opt/airflow/dags/newyork_fhv_gold.py                                    1           0  0.15s           2026-05-09T04:04:05
/opt/airflow/dags/newyork_fhv_silver.py                                  1           0  0.14s           2026-05-09T04:04:05
/opt/airflow/dags/newyork_fhv_quality_check.py                           1           0  0.13s           2026-05-09T04:04:05
/opt/airflow/dags/newyork_fhv_ingestion.py                               1           0  0.12s           2026-05-09T04:04:06
================================================================================
[2026-05-09T04:04:37.037+0000] {manager.py:878} INFO - 
================================================================================
DAG File Processing Stats

File Path                                         PID  Runtime      # DAGs    # Errors  Last Runtime    Last Run
----------------------------------------------  -----  ---------  --------  ----------  --------------  -------------------
/opt/airflow/dags/newyork_fhv_pipeline.py                                1           0  0.22s           2026-05-09T04:04:36
/opt/airflow/dags/newyork_fhv_gold.py                                    1           0  0.19s           2026-05-09T04:04:36
/opt/airflow/dags/newyork_fhv_silver.py                                  1           0  0.14s           2026-05-09T04:04:36
/opt/airflow/dags/newyork_fhv_quality_check.py                           1           0  0.14s           2026-05-09T04:04:37
/opt/airflow/dags/newyork_fhv_ingestion.py       5315  0.04s             1           0  0.12s           2026-05-09T04:04:06
================================================================================
[2026-05-09T04:05:07.675+0000] {manager.py:878} INFO - 
================================================================================
DAG File Processing Stats

File Path                                         PID  Runtime      # DAGs    # Errors  Last Runtime    Last Run
----------------------------------------------  -----  ---------  --------  ----------  --------------  -------------------
/opt/airflow/dags/newyork_fhv_pipeline.py        5323  0.01s             1           0  0.22s           2026-05-09T04:04:36
/opt/airflow/dags/newyork_fhv_gold.py            5322  0.03s             1           0  0.19s           2026-05-09T04:04:36
/opt/airflow/dags/newyork_fhv_silver.py                                  1           0  0.14s           2026-05-09T04:04:36
/opt/airflow/dags/newyork_fhv_quality_check.py                           1           0  0.14s           2026-05-09T04:04:37
/opt/airflow/dags/newyork_fhv_ingestion.py                               1           0  0.13s           2026-05-09T04:04:37
================================================================================
[2026-05-09T04:05:37.822+0000] {manager.py:878} INFO - 
================================================================================
DAG File Processing Stats

File Path                                       PID    Runtime      # DAGs    # Errors  Last Runtime    Last Run
----------------------------------------------  -----  ---------  --------  ----------  --------------  -------------------
/opt/airflow/dags/newyork_fhv_pipeline.py                                1           0  0.42s           2026-05-09T04:05:08
/opt/airflow/dags/newyork_fhv_gold.py                                    1           0  0.36s           2026-05-09T04:05:08
/opt/airflow/dags/newyork_fhv_ingestion.py                               1           0  0.21s           2026-05-09T04:05:08
/opt/airflow/dags/newyork_fhv_silver.py                                  1           0  0.18s           2026-05-09T04:05:08
/opt/airflow/dags/newyork_fhv_quality_check.py                           1           0  0.15s           2026-05-09T04:05:08
================================================================================
[2026-05-09T04:06:07.882+0000] {manager.py:878} INFO - 
================================================================================
DAG File Processing Stats

File Path                                       PID    Runtime      # DAGs    # Errors  Last Runtime    Last Run
----------------------------------------------  -----  ---------  --------  ----------  --------------  -------------------
/opt/airflow/dags/newyork_fhv_silver.py                                  1           0  0.22s           2026-05-09T04:05:39
/opt/airflow/dags/newyork_fhv_quality_check.py                           1           0  0.21s           2026-05-09T04:05:39
/opt/airflow/dags/newyork_fhv_gold.py                                    1           0  0.21s           2026-05-09T04:05:39
/opt/airflow/dags/newyork_fhv_pipeline.py                                1           0  0.21s           2026-05-09T04:05:39
/opt/airflow/dags/newyork_fhv_ingestion.py                               1           0  0.17s           2026-05-09T04:05:39
================================================================================
[2026-05-09T04:06:37.955+0000] {manager.py:878} INFO - 
================================================================================
DAG File Processing Stats

File Path                                       PID    Runtime      # DAGs    # Errors  Last Runtime    Last Run
----------------------------------------------  -----  ---------  --------  ----------  --------------  -------------------
/opt/airflow/dags/newyork_fhv_silver.py                                  1           0  0.18s           2026-05-09T04:06:10
/opt/airflow/dags/newyork_fhv_pipeline.py                                1           0  0.17s           2026-05-09T04:06:10
/opt/airflow/dags/newyork_fhv_gold.py                                    1           0  0.17s           2026-05-09T04:06:10
/opt/airflow/dags/newyork_fhv_ingestion.py                               1           0  0.16s           2026-05-09T04:06:10
/opt/airflow/dags/newyork_fhv_quality_check.py                           1           0  0.16s           2026-05-09T04:06:10
================================================================================
[2026-05-09T04:07:08.026+0000] {manager.py:878} INFO - 
================================================================================
DAG File Processing Stats

File Path                                       PID    Runtime      # DAGs    # Errors  Last Runtime    Last Run
----------------------------------------------  -----  ---------  --------  ----------  --------------  -------------------
/opt/airflow/dags/newyork_fhv_pipeline.py                                1           0  0.23s           2026-05-09T04:06:41
/opt/airflow/dags/newyork_fhv_gold.py                                    1           0  0.22s           2026-05-09T04:06:41
/opt/airflow/dags/newyork_fhv_quality_check.py                           1           0  0.21s           2026-05-09T04:06:41
/opt/airflow/dags/newyork_fhv_silver.py                                  1           0  0.20s           2026-05-09T04:06:41
/opt/airflow/dags/newyork_fhv_ingestion.py                               1           0  0.19s           2026-05-09T04:06:41
================================================================================
[2026-05-09T04:07:38.743+0000] {manager.py:878} INFO - 
================================================================================
DAG File Processing Stats

File Path                                       PID    Runtime      # DAGs    # Errors  Last Runtime    Last Run
----------------------------------------------  -----  ---------  --------  ----------  --------------  -------------------
/opt/airflow/dags/newyork_fhv_ingestion.py                               1           0  0.17s           2026-05-09T04:07:12
/opt/airflow/dags/newyork_fhv_quality_check.py                           1           0  0.16s           2026-05-09T04:07:12
/opt/airflow/dags/newyork_fhv_silver.py                                  1           0  0.16s           2026-05-09T04:07:12
/opt/airflow/dags/newyork_fhv_pipeline.py                                1           0  0.15s           2026-05-09T04:07:12
/opt/airflow/dags/newyork_fhv_gold.py                                    1           0  0.13s           2026-05-09T04:07:12
================================================================================
[2026-05-09T04:08:08.763+0000] {manager.py:878} INFO - 
================================================================================
DAG File Processing Stats

File Path                                       PID    Runtime      # DAGs    # Errors  Last Runtime    Last Run
----------------------------------------------  -----  ---------  --------  ----------  --------------  -------------------
/opt/airflow/dags/newyork_fhv_pipeline.py                                1           0  0.22s           2026-05-09T04:07:43
/opt/airflow/dags/newyork_fhv_gold.py                                    1           0  0.22s           2026-05-09T04:07:43
/opt/airflow/dags/newyork_fhv_silver.py                                  1           0  0.19s           2026-05-09T04:07:43
/opt/airflow/dags/newyork_fhv_ingestion.py                               1           0  0.19s           2026-05-09T04:07:43
/opt/airflow/dags/newyork_fhv_quality_check.py                           1           0  0.18s           2026-05-09T04:07:43
================================================================================
[2026-05-09T04:08:38.829+0000] {manager.py:878} INFO - 
================================================================================
DAG File Processing Stats

File Path                                       PID    Runtime      # DAGs    # Errors  Last Runtime    Last Run
----------------------------------------------  -----  ---------  --------  ----------  --------------  -------------------
/opt/airflow/dags/newyork_fhv_pipeline.py                                1           0  0.14s           2026-05-09T04:08:14
/opt/airflow/dags/newyork_fhv_quality_check.py                           1           0  0.14s           2026-05-09T04:08:14
/opt/airflow/dags/newyork_fhv_silver.py                                  1           0  0.14s           2026-05-09T04:08:14
/opt/airflow/dags/newyork_fhv_gold.py                                    1           0  0.14s           2026-05-09T04:08:14
/opt/airflow/dags/newyork_fhv_ingestion.py                               1           0  0.13s           2026-05-09T04:08:14
================================================================================
[2026-05-09T04:09:04.971+0000] {manager.py:737} INFO - Searching for files in /opt/airflow/dags
[2026-05-09T04:09:05.281+0000] {manager.py:740} INFO - There are 5 files in /opt/airflow/dags
[2026-05-09T04:09:09.425+0000] {manager.py:878} INFO - 
================================================================================
DAG File Processing Stats

File Path                                       PID    Runtime      # DAGs    # Errors  Last Runtime    Last Run
----------------------------------------------  -----  ---------  --------  ----------  --------------  -------------------
/opt/airflow/dags/newyork_fhv_silver.py                                  1           0  0.25s           2026-05-09T04:08:45
/opt/airflow/dags/newyork_fhv_quality_check.py                           1           0  0.23s           2026-05-09T04:08:45
/opt/airflow/dags/newyork_fhv_ingestion.py                               1           0  0.22s           2026-05-09T04:08:45
/opt/airflow/dags/newyork_fhv_pipeline.py                                1           0  0.20s           2026-05-09T04:08:45
/opt/airflow/dags/newyork_fhv_gold.py                                    1           0  0.19s           2026-05-09T04:08:45
================================================================================
[2026-05-09T04:25:28.173+0000] {manager.py:737} INFO - Searching for files in /opt/airflow/dags
[2026-05-09T04:25:28.741+0000] {manager.py:740} INFO - There are 5 files in /opt/airflow/dags
[2026-05-09T04:25:33.248+0000] {manager.py:878} INFO - 
================================================================================
DAG File Processing Stats

File Path                                       PID    Runtime      # DAGs    # Errors  Last Runtime    Last Run
----------------------------------------------  -----  ---------  --------  ----------  --------------  -------------------
/opt/airflow/dags/newyork_fhv_ingestion.py                               1           0  0.28s           2026-05-09T04:25:29
/opt/airflow/dags/newyork_fhv_quality_check.py                           1           0  0.26s           2026-05-09T04:25:29
/opt/airflow/dags/newyork_fhv_pipeline.py                                1           0  0.21s           2026-05-09T04:25:29
/opt/airflow/dags/newyork_fhv_gold.py                                    1           0  0.17s           2026-05-09T04:25:28
/opt/airflow/dags/newyork_fhv_silver.py                                  1           0  0.16s           2026-05-09T04:25:29
================================================================================
[2026-05-09T04:26:03.740+0000] {manager.py:878} INFO - 
================================================================================
DAG File Processing Stats

File Path                                       PID    Runtime      # DAGs    # Errors  Last Runtime    Last Run
----------------------------------------------  -----  ---------  --------  ----------  --------------  -------------------
/opt/airflow/dags/newyork_fhv_pipeline.py                                1           0  0.11s           2026-05-09T04:25:59
/opt/airflow/dags/newyork_fhv_ingestion.py                               1           0  0.09s           2026-05-09T04:25:59
/opt/airflow/dags/newyork_fhv_quality_check.py                           1           0  0.09s           2026-05-09T04:25:59
/opt/airflow/dags/newyork_fhv_gold.py                                    1           0  0.09s           2026-05-09T04:25:59
/opt/airflow/dags/newyork_fhv_silver.py                                  1           0  0.08s           2026-05-09T04:25:59
================================================================================
[2026-05-09T04:26:34.307+0000] {manager.py:878} INFO - 
================================================================================
DAG File Processing Stats

File Path                                       PID    Runtime      # DAGs    # Errors  Last Runtime    Last Run
----------------------------------------------  -----  ---------  --------  ----------  --------------  -------------------
/opt/airflow/dags/newyork_fhv_pipeline.py                                1           0  0.11s           2026-05-09T04:26:30
/opt/airflow/dags/newyork_fhv_quality_check.py                           1           0  0.09s           2026-05-09T04:26:30
/opt/airflow/dags/newyork_fhv_silver.py                                  1           0  0.09s           2026-05-09T04:26:30
/opt/airflow/dags/newyork_fhv_gold.py                                    1           0  0.09s           2026-05-09T04:26:30
/opt/airflow/dags/newyork_fhv_ingestion.py                               1           0  0.09s           2026-05-09T04:26:30
================================================================================
[2026-05-09T04:27:05.012+0000] {manager.py:878} INFO - 
================================================================================
DAG File Processing Stats

File Path                                       PID    Runtime      # DAGs    # Errors  Last Runtime    Last Run
----------------------------------------------  -----  ---------  --------  ----------  --------------  -------------------
/opt/airflow/dags/newyork_fhv_ingestion.py                               1           0  0.16s           2026-05-09T04:27:01
/opt/airflow/dags/newyork_fhv_pipeline.py                                1           0  0.16s           2026-05-09T04:27:00
/opt/airflow/dags/newyork_fhv_silver.py                                  1           0  0.16s           2026-05-09T04:27:00
/opt/airflow/dags/newyork_fhv_quality_check.py                           1           0  0.15s           2026-05-09T04:27:00
/opt/airflow/dags/newyork_fhv_gold.py                                    1           0  0.15s           2026-05-09T04:27:00
================================================================================
[2026-05-09T04:27:35.034+0000] {manager.py:878} INFO - 
================================================================================
DAG File Processing Stats

File Path                                       PID    Runtime      # DAGs    # Errors  Last Runtime    Last Run
----------------------------------------------  -----  ---------  --------  ----------  --------------  -------------------
/opt/airflow/dags/newyork_fhv_pipeline.py                                1           0  0.17s           2026-05-09T04:27:31
/opt/airflow/dags/newyork_fhv_gold.py                                    1           0  0.16s           2026-05-09T04:27:31
/opt/airflow/dags/newyork_fhv_quality_check.py                           1           0  0.16s           2026-05-09T04:27:31
/opt/airflow/dags/newyork_fhv_ingestion.py                               1           0  0.15s           2026-05-09T04:27:32
/opt/airflow/dags/newyork_fhv_silver.py                                  1           0  0.14s           2026-05-09T04:27:31
================================================================================
[2026-05-09T04:27:36.609+0000] {manager.py:452} INFO - Exiting gracefully upon receiving signal 15
